policy,policy_id,period,runs,dispatched_mean,dispatched_ci_low,dispatched_ci_high,queue_end_mean,queue_end_ci_low,queue_end_ci_high,mean_wait_minutes_mean,mean_wait_minutes_ci_low,mean_wait_minutes_ci_high,p95_wait_minutes_mean,p95_wait_minutes_ci_low,p95_wait_minutes_ci_high,oldest_queue_age_mean,oldest_queue_age_ci_low,oldest_queue_age_ci_high,central_budget_mean,central_budget_ci_low,central_budget_ci_high,central_use_mean,central_use_ci_low,central_use_ci_high,population_weighted_exposure_mean,population_weighted_exposure_ci_low,population_weighted_exposure_ci_high
P0 shortest path,p0,1,100,28.1,27.101174750625578,29.098825249374425,1.17,0.9418770099576578,1.398122990042342,0.20158214277948036,0.13768506500482236,0.26547922055413836,1.338545114317279,0.8571849331019361,1.819905295532622,7.16,5.953150227185913,8.366849772814088,20,20,20,28.100027178006165,27.101201028638787,29.098853327373543,20.644125441719943,19.910322298798732,21.377928584641154
P0 shortest path,p0,2,100,29.5,28.305177566972965,30.694822433027035,0.96,0.7839853816906509,1.1360146183093491,0.5464215145513213,0.4262228713001389,0.6666201578025036,3.6330662924156747,2.659407225588794,4.606725359242555,6.19,5.019392464391143,7.360607535608858,20,20,20,29.500027672151738,28.305204140198878,30.694851204104598,21.67265586804025,20.794860155190623,22.550451580889874
P0 shortest path,p0,3,100,29.7,28.727153380303687,30.672846619696312,1.04,0.8354363737813658,1.2445636262186341,0.44422889653329845,0.3590629985992085,0.5293947944673885,3.6830662924156705,2.847117994057496,4.519014590773845,6.42,5.29142200065478,7.54857799934522,20,20,20,29.700028425135457,28.727180562391915,30.672876287879,21.819590780949582,21.104872187684617,22.534309374214548
P0 shortest path,p0,4,100,30.74,29.685567030450617,31.79443296954938,1.07,0.8449596633238539,1.2950403366761463,0.5923033683598623,0.47148092753204374,0.7131258091876809,4.651381205771092,3.6870728990599853,5.6156895124821995,6.04,4.857117245664199,7.222882754335801,20,20,20,30.740027860397664,29.6855939271821,31.794461793613227,22.583639230766902,21.808982936128892,23.358295525404912
P0 shortest path,p0,5,100,30.04,28.899880152321384,31.180119847678615,1.01,0.8283972634033454,1.1916027365966546,0.5152656358488613,0.40980732466545655,0.6207239470322661,4.049502758120525,3.15448019409893,4.94452532214212,6.03,4.921097336657686,7.138902663342314,20,20,20,30.04002882515806,28.89990792353359,31.18014972678253,22.06937756020933,21.231769974856523,22.906985145562135
P0 shortest path,p0,6,100,30.04,29.061815176002515,31.018184823997483,0.96,0.7732875207732759,1.146712479226724,0.5022461353807345,0.39043489492036565,0.6140573758411033,3.417587470514113,2.629416950589985,4.205757990438242,6.19,5.045540433482276,7.334459566517725,20,20,20,30.040027107413945,29.061841355639814,31.018212859188075,22.069372538656157,21.350733082867418,22.788011994444897
P0 shortest path,p0,7,100,29.61,28.48668975547512,30.73331024452488,1.01,0.8120399019902234,1.2079600980097767,0.4896190737348284,0.3883619985704621,0.5908761488991946,3.3644843381426246,2.4809311561351715,4.248037520150078,6.5,5.302582239596684,7.697417760403316,20,20,20,29.610028566319897,28.48671712571126,30.733340006928536,21.75347147342372,20.92821287542201,22.57873007142543
P0 shortest path,p0,8,100,30.49,29.4993687358991,31.480631264100897,1.16,0.9596530524466634,1.3603469475533363,0.5545270695383298,0.4318740209121276,0.6771801181645318,4.045672182907688,3.0707033908193733,5.020640974996002,8.34,7.065742652254722,9.614257347745276,20,20,20,30.490029366365107,29.49939703815254,31.480661694577673,22.399977743623758,21.672193943306546,23.12776154394097
P0 shortest path,p0,9,100,47.76,46.307327687718704,49.21267231228129,1.82,1.5246765142896332,2.1153234857103667,1.3320046774923968,1.1201153641902326,1.543893990794561,7.845138101072257,6.826335170762892,8.863941031381621,9.59,8.18182380636398,10.99817619363602,20,20,20,47.76004574376104,46.307371932646255,49.212719554875825,35.08766527396609,34.02043548222264,36.15489506570954
P0 shortest path,p0,10,100,48.14,46.71922496381927,49.56077503618073,1.68,1.4233412012225197,1.9366587987774802,1.760138422899382,1.3257689891670656,2.1945078566316982,9.459659279170392,8.07527724387779,10.844041314462993,10.36,8.879440725928069,11.84055927407193,20,20,20,48.14004468487769,46.71926828100684,49.56082108874853,35.36683433068115,34.32303868867752,36.41062997268478
P0 shortest path,p0,11,100,47.8,46.47446352389119,49.125536476108806,1.71,1.4366271750628066,1.9833728249371934,1.4640957495014288,1.2609002134863108,1.667291285516547,8.991804767738659,7.9617569277767615,10.021852607700556,9.42,8.082752873862264,10.757247126137736,20,20,20,47.800046567336985,46.474508754318705,49.125584380355264,35.11705422389618,34.14322697131287,36.090881476479495
P0 shortest path,p0,12,100,46.86,45.47658726536748,48.24341273463252,1.85,1.556,2.144,1.419287334620172,1.21811162748922,1.6204630417511239,8.602302009618215,7.593869610641278,9.610734408595153,9.8,8.364287415161856,11.235712584838145,20,20,20,46.860043602463605,45.47662948611961,48.2434577188076,34.42646181165923,33.410114850073775,35.442808773244685
P0 shortest path,p0,13,100,48.42,47.017322366674975,49.82267763332503,1.61,1.3488226222923156,1.8711773777076846,1.6639759688982716,1.3833454370994962,1.944606500697047,9.723453014427378,8.55039371908517,10.896512309769586,8.52,7.276174622668869,9.76382537733113,20,20,20,48.42004567316881,47.01736650762506,49.82272483871255,35.57254301614673,34.5420423955507,36.60304363674276
P0 shortest path,p0,14,100,47.61,46.25955251471779,48.96044748528221,1.62,1.3403333701737303,1.8996666298262699,1.3936591293114537,1.1639971595613445,1.623321099061563,8.341804767738667,7.3571246366332295,9.326484898844106,9.12,7.712048407627361,10.527951592372638,20,20,20,47.61004480253139,46.25959591794172,48.96049368712106,34.97746298866968,33.98533434303462,35.969591634304734
P0 shortest path,p0,15,100,48.83,47.39941698061471,50.26058301938529,1.98,1.6945653082887029,2.265434691711297,1.5684972566602797,1.3621933444117422,1.7748011689088172,9.678471434405337,8.629319850895945,10.727623017914729,9.88,8.58159142879532,11.178408571204681,20,20,20,48.83004661439849,47.39946242905304,50.26063079974394,35.87375782662786,34.82275720650745,36.92475844674827
P0 shortest path,p0,16,100,47.76,46.440296069934504,49.07970393006549,1.73,1.4733790013079657,1.9866209986920342,1.5103029762610491,1.2898078966033202,1.7307980559187781,9.292992612503713,8.335085888260831,10.250899336746595,9.5,8.21142524901002,10.78857475098998,20,20,20,47.76004562610734,46.44034042756031,49.079750824654376,35.08766493002409,34.11812283650992,36.05720702353826
P0 shortest path,p0,17,100,48.8,47.38251165362067,50.21748834637933,1.76,1.4598025592475121,2.060197440752488,1.6704804062659528,1.4021169299653102,1.9388438825665955,9.409889480132206,8.267182545300304,10.552596414964107,9.9,8.322255029505975,11.477744970494026,20,20,20,48.800047179136264,47.38255758695236,50.21753677132017,35.851719570797364,34.8103388963295,36.89310024526523
P0 shortest path,p0,18,100,48.14,46.890714593590936,49.389285406409066,1.72,1.481848818070232,1.958151181929768,1.5378155226541963,1.2919271918230237,1.7837038534853689,8.99586554391437,7.851372952566839,10.1403581352619,9.31,8.109929470759525,10.510070529240476,20,20,20,48.14004541433065,46.89075882695142,49.38933200170988,35.36683646312156,34.44902854859872,36.2846443776444
P0 shortest path,p0,19,100,48.09,46.90247629246419,49.27752370753581,1.51,1.2951211325495975,1.7248788674504025,1.2840703528252624,1.1124277724051888,1.455712933245336,8.272071808657438,7.355216592197961,9.188927025116914,8.7,7.340786858643441,10.059213141356558,20,20,20,48.09004699089036,46.90252186452426,49.277572117256454,35.33010789402418,34.457673353624905,36.20254243442346
P0 shortest path,p0,20,100,47.9,46.532816535258476,49.26718346474152,1.77,1.5289740078562297,2.0110259921437703,1.2619677880303408,1.032707496872689,1.4912280791879926,7.688664795412751,6.701580011733304,8.675749579092198,10.54,9.259000085003038,11.82099991499696,20,20,20,47.90004555551513,46.53286072593287,49.267230385097385,35.19051762183529,34.186093762734025,36.194941480936556
P0 shortest path,p0,21,100,47.54,46.198916413394514,48.881083586605484,1.79,1.498758258624915,2.081241741375085,1.4625423259660837,1.2062856487999327,1.7187990031322347,8.768701635368434,7.658466125020044,9.878937145716822,9.26,7.9768209150549545,10.543179084945045,20,20,20,47.54004480253142,46.198959742656754,48.881129862406084,34.9260365395815,33.9407869928536,35.9112860863094
P0 shortest path,p0,22,100,48.2,46.79405625355002,49.60594374644999,1.68,1.4263830104789164,1.9336169895210835,1.5499456415743111,1.2719266712600148,1.8279646118886075,8.759659279171629,7.599805631632952,9.919512926710306,9.48,8.25440264261698,10.70559735738302,20,20,20,48.2000465202755,46.79410138101784,49.60599165953316,35.41091950968048,34.378019802339836,36.44381921702113
P0 shortest path,p0,23,100,48.26,46.96358335416581,49.55641664583418,1.7,1.4595462202376095,1.9404537797623904,1.3208822043915287,1.1454577725681596,1.4963066362148978,8.651574566778036,7.740652608762015,9.562496524794057,9.59,8.316999428535283,10.863000571464717,20,20,20,48.260045579045844,46.96362788773694,49.55646327035475,35.45499657164868,34.50256344915749,36.407429694139864
P0 shortest path,p0,24,100,47.67,46.31634957528791,49.023650424712095,1.89,1.6171955478902347,2.162804452109765,1.3549709166793347,1.1576427839852408,1.5522990493734286,8.56988948013357,7.587264142483538,9.552514817783601,10.23,8.941619498452544,11.518380501547457,20,20,20,47.67004527314624,46.31639388996951,49.023696656322976,35.021544177941834,34.0270637381613,36.016024617722366
P0 shortest path,p0,25,100,48.2,46.85355105270316,49.546448947296845,1.83,1.5390782020452018,2.1209217979547983,1.5368032765833528,1.2442087604225902,1.8293977927441154,9.065138101073208,7.940198600173303,10.190077601973112,10.15,8.872957789232945,11.427042210767056,20,20,20,48.20004600259921,46.85359579462964,49.546496210568776,35.41091799633571,34.421727336122004,36.40010865654942
P0 shortest path,p0,26,100,47.11,45.727183445779495,48.492816554220504,1.72,1.4585479057728594,1.9814520942271405,1.3634364286333829,1.1391051590887988,1.587767698177967,8.90372005534624,7.696667247775955,10.110772862916523,9.31,8.05153099972766,10.56846900027234,20,20,20,47.11004501430807,45.72722708362365,48.49286294499249,34.61013182856388,33.59422287433754,35.62604078279022
P0 shortest path,p0,27,100,49.36,48.1031276888782,50.616872311121796,1.66,1.4167863507285843,1.9032136492714156,1.5083763310297928,1.3237845022757095,1.6929681597838762,8.797053388679615,7.8781879253262534,9.715918852032976,10.1,8.849634138390371,11.350365861609628,20,20,20,49.36004590847624,48.10317232264918,50.616919494303296,36.26312744892936,35.33974543797447,37.18650945988425
P0 shortest path,p0,28,100,47.22,45.691707724817064,48.74829227518293,1.71,1.4482290028488736,1.9717709971511264,1.2905880030308525,1.1020777934605142,1.479098212601191,8.46774399156524,7.478191348579674,9.457296634550804,9.56,8.145438347370144,10.974561652629857,20,20,20,47.220045061369525,45.69175119294907,48.74833892978998,34.69094495756499,33.56815965881463,35.813730256315345
P0 shortest path,p0,29,100,47.14,45.80657709149374,48.47342290850626,1.7,1.446965088047782,1.953034911952218,1.4601433634656067,1.2454321449784942,1.6748545819527192,8.441574566778035,7.430101332349622,9.453047801206448,9.08,7.86132435783426,10.29867564216574,20,20,20,47.14004503783881,45.80662107612836,48.47346899954926,34.63217180410437,33.65255150640311,35.61179210180563
P0 shortest path,p0,30,100,47.24,45.780133215431334,48.69986678456867,1.65,1.4179642138363004,1.8820357861636994,1.3898165365854183,1.1849814354459332,1.5946516377249034,8.299659279171665,7.325012255466675,9.274306302876656,9.29,8.095568976838381,10.484431023161617,20,20,20,47.24004473193916,45.780176363855944,48.69991310002237,34.70563726569548,33.63312170978987,35.77815282160109
P0 shortest path,p0,31,100,47.6,46.2372229185456,48.962777081454405,1.61,1.347341089177726,1.8726589108222742,1.2707837323938436,1.0878548467393097,1.4537126180483775,8.018968676286004,7.014895359817869,9.02304199275414,9.6,8.254704328244365,10.945295671755634,20,20,20,47.6000444495703,46.237266236719265,48.96282266242133,34.97011532125966,33.96892935382137,35.97130128869795
P0 shortest path,p0,32,100,48.64,47.353830585015956,49.926169414984045,1.88,1.6514946023226655,2.1085053976773342,1.4527126020698327,1.2530954506300236,1.6523297535096417,9.098701635368451,8.11075772156858,10.086645549168322,10.34,9.116386246985734,11.563613753014266,20,20,20,48.64004649674476,47.35387577807597,49.92621721541355,35.73417140658935,34.78926579634226,36.67907701683644
P0 shortest path,p0,33,100,49.9,48.48128030402141,51.31871969597859,1.51,1.2616161361151175,1.7583838638848825,1.5049223848460478,1.245921198529377,1.7639235711627186,8.82513810107328,7.831287534674401,9.81898866747216,8.24,6.980783489384745,9.499216510615256,20,20,20,49.900047014421055,48.48132609186867,51.318767936973444,36.65984900352164,35.61756375759357,37.70213424944971
P0 shortest path,p0,34,100,46.81,45.49749754693832,48.122502453061685,1.69,1.4460296789038518,1.933970321096148,1.4259331994387379,1.2008074865167038,1.651058912360772,8.680156521051103,7.575089945654581,9.785223096447625,9.78,8.281709032317693,11.278290967682306,20,20,20,46.81004393189398,45.49754021009044,48.12254765369752,34.38972959677667,33.425478165224426,35.35398102832891
P0 shortest path,p0,35,100,48.91,47.47588429020148,50.344115709798515,1.68,1.4129675962613064,1.9470324037386935,1.519499524736895,1.2637930129510133,1.7752060365227766,9.078241233443222,7.831693787939239,10.324788678947206,8.39,7.105226716380267,9.674773283619734,20,20,20,48.91004442603955,47.47592736841738,50.344161483661715,35.932524513978926,34.87892802330075,36.9861210046571
P0 shortest path,p0,36,100,47.02,45.706231300587675,48.33376869941233,1.54,1.3045691368721355,1.7754308631278646,1.3760262065498963,1.152228003347661,1.5998244097521315,8.228968676284131,7.2412221536802255,9.216715198888036,9.07,7.62023287080687,10.51976712919313,20,20,20,47.020044920185086,45.7062750199126,48.33381482045757,34.54401183315404,33.57883033499383,35.50919333131424
P0 shortest path,p0,37,100,47.55,46.289780827143005,48.81021917285699,1.64,1.3579294335730072,1.9220705664269926,1.485353110667009,1.2138356573193951,1.756870564014623,8.757053388677887,7.548730912031685,9.96537586532409,9.05,7.656984188709601,10.443015811290401,20,20,20,47.55004503783879,46.289824630860444,48.81026544481714,34.93338386304951,34.007543153386365,35.85922457271265
P0 shortest path,p0,38,100,47.8,46.37895733258066,49.22104266741933,1.8,1.570275175591546,2.029724824408454,1.3310205928126118,1.134186724560668,1.5278544610645555,8.184410658230044,7.229344618588724,9.139476697871366,9.7,8.440666393955464,10.959333606044535,20,20,20,47.80004541433063,46.37900138021122,49.221089448450044,35.117050853264594,34.073058595236745,36.16104311129244
P0 shortest path,p0,39,100,47.71,46.44519507856234,48.97480492143766,1.58,1.319887092114819,1.8401129078851812,1.4357213301604785,1.2062831908065204,1.6651594695144367,8.81632594583658,7.7762652325272175,9.856386659145942,9.38,8.122430141466921,10.63756985853308,20,20,20,47.71004480253139,46.44523860895442,48.974850996108366,35.05092934450996,34.12171954133495,35.98013914768497
P0 shortest path,p0,40,100,48.04,46.90090166155574,49.179098338444255,1.7,1.4424055336562738,1.9575944663437261,1.4165867794922677,1.1681493156000031,1.6650242433845324,8.444180457268194,7.307357056694246,9.581003857842141,9.97,8.47641057877611,11.463589421223892,20,20,20,48.0400467555829,46.90094745641801,49.17914605474779,35.29337402822005,34.45651718100359,36.13023087543651
P0 shortest path,p0,41,100,48.28,46.95707736103472,49.60292263896528,1.8,1.5357136539144092,2.064286346085591,1.4547229642057062,1.2157817858781423,1.6936641425332701,8.813222813465035,7.792858097615914,9.833587529314157,9.83,8.541559262934731,11.118440737065269,20,20,20,48.28004532020769,46.95712145770121,49.60296918271417,35.469689086144356,34.49778245587299,36.44159571641572
P0 shortest path,p0,42,100,48.83,47.60993210256829,50.05006789743171,1.65,1.4230366469309115,1.8769633530690883,1.3898226053565264,1.1938293278917707,1.585815882821282,8.671077324896796,7.679998872547143,9.662155777246449,9.79,8.476138264119811,11.103861735880187,20,20,20,48.83004626143735,47.609977161924164,50.05011536095054,35.87375679480185,34.97741385767897,36.77009973192473
P0 shortest path,p0,43,100,47.38,46.204402627846534,48.55559737215347,1.55,1.280803890342848,1.819196109657152,1.4305245493478347,1.2265678709841896,1.6344812277114797,8.717283589639665,7.562728224222837,9.871838955056493,8.65,7.227490352591696,10.072509647408305,20,20,20,47.38004482606213,46.204446409166664,48.5556432429576,34.80849043902542,33.94481883620115,35.67216204184969
P0 shortest path,p0,44,100,47.98,46.54321211451418,49.41678788548581,1.59,1.3485879284649829,1.8314120715350173,1.5201795005844385,1.2171301885916381,1.823228812577239,8.982034968699844,7.821829670701385,10.142240266698304,8.98,7.7143715923452785,10.245628407654722,20,20,20,47.98004435544729,46.5432552054937,49.41683350540088,35.249287198299136,34.19372780119979,36.30484659539848
P0 shortest path,p0,45,100,48.53,47.093894215651794,49.96610578434821,1.46,1.258301819642328,1.661698180357672,1.4160363771394606,1.1573603501559664,1.6747124041229549,8.313720055344602,7.234015503276545,9.393424607412658,8.86,7.643446827045253,10.076553172954746,20,20,20,48.530046308498825,47.09393914955786,49.96615346743979,35.653357864857824,34.59829926067386,36.70841646904179
P0 shortest path,p0,46,100,47.9,46.52828285744038,49.271717142559616,1.77,1.4958334326241316,2.0441665673758687,1.3289803075695454,1.0971277215285227,1.5608328936105682,8.56345301442685,7.39873186651649,9.72817416233721,10.37,8.888357378386468,11.85164262161353,20,20,20,47.900045061369546,46.52832670499055,49.271763417748545,35.190516177278894,34.18276203178748,36.198270322770306
P0 shortest path,p0,47,100,48.27,47.01395073698875,49.52604926301126,1.95,1.6246724416806653,2.2753275583193346,1.5723390225263894,1.3230482228703435,1.8216298221824352,9.32919887724609,8.101129433902512,10.55726832058967,10.81,9.424436138409545,12.195563861590456,20,20,20,48.27004515549252,47.01399499478888,49.526095316196155,35.462341969041525,34.53956572367929,36.38511821440376
P0 shortest path,p0,48,100,48.35,47.041738094982044,49.65826190501796,1.74,1.5230990581259303,1.9569009418740697,1.6247926628331626,1.3274312963251458,1.9221540293411794,9.832532210579448,8.438244642589218,11.226819778569677,10.41,9.15851895804058,11.661481041959421,20,20,20,48.35004513196175,47.04178204833222,49.658308215591276,35.52111498492534,34.55997919296966,36.482250776881024
P0 shortest path,p0,49,100,49.81,48.368704881509046,51.25129511849096,1.84,1.5562834135723795,2.1237165864276206,1.4177455883330787,1.2265947608319256,1.6088964158342318,9.102992612503222,8.125521823245624,10.08046340176082,9.58,8.22087821819464,10.93912178180536,20,20,20,49.81004755562812,48.36875084257541,51.251344268680825,36.59373086539858,35.53485920348364,37.65260252731351
P0 shortest path,p0,50,100,48.1,46.89934596947743,49.30065403052257,1.46,1.2312569824435986,1.6887430175564013,1.5868414847357908,1.3565850500556957,1.8170979194158858,9.56847143440471,8.526316534255669,10.610626334553752,8.45,7.288818104714254,9.611181895285744,20,20,20,48.10004572023032,46.89939083133954,49.3007006091211,35.33745081503463,34.45537154324929,36.219530086819965
P0 shortest path,p0,51,100,48.5,47.1147708500108,49.8852291499892,1.73,1.5005202335012446,1.9594797664987553,1.2702158427743797,1.0690374926081847,1.4713941929405747,7.618471434404856,6.571461144577159,8.665481724232553,10.92,9.704512643945947,12.135487356054053,20,20,20,48.50004541433067,47.11481521561669,49.885275613044655,35.63131534414657,34.61363490182249,36.64899578647065
P0 shortest path,p0,52,100,47.4,46.252051738046866,48.54794826195313,1.79,1.5252808723086742,2.054719127691326,1.2452351544864384,1.0900841978014069,1.40038611117147,8.252532210579556,7.375136455701548,9.129927965457563,10.43,9.12593291924414,11.73406708075586,20,20,20,47.400044378978066,46.25209498468052,48.547993773275614,34.823182403213906,33.97982333798804,35.666541468439775
P0 shortest path,p0,53,100,47.57,46.047131865475045,49.092868134524956,1.58,1.3550890241213047,1.8049109758786954,1.4060656608606814,1.1654522674469934,1.6466790542743694,8.810119681093601,7.7192839326665155,9.900955429520687,9.05,7.756653498973624,10.343346501026378,20,20,20,47.57004546139215,46.04717611584998,49.09291480693432,34.948078372408744,33.82927910949608,36.06687763532141
P0 shortest path,p0,54,100,46.67,45.42599525091036,47.91400474908964,1.49,1.2495542892917826,1.7304457107082174,1.3527730335732722,1.1444954136977294,1.5610506534488149,8.370386722011208,7.342136620105776,9.39863682391664,9.29,7.967894511154134,10.612105488845865,20,20,20,46.67004421426285,45.426038369272845,47.91405005925286,34.286877524061076,33.372949364725145,35.20080568339701
P0 shortest path,p0,55,100,48.67,47.36688546454072,49.97311453545928,1.78,1.5178068689309385,2.0421931310690615,1.2597462222693927,1.0902827219444382,1.4292097225943472,7.932762411541444,6.995678959430506,8.869845863652381,10.53,9.26085824529513,11.799141754704868,20,20,20,48.67004383777101,47.366928097960674,49.97315957758135,35.756203540252265,34.79884925788806,36.71355782261647
P0 shortest path,p0,56,100,49,47.63779252236628,50.36220747763372,1.69,1.4382026179322716,1.9417973820677283,1.4669353542235146,1.2779212768238428,1.6559494316231864,9.131077324896905,8.141263281699374,10.120891368094437,9.23,7.925754394450202,10.534245605549799,20,20,20,49.000045343738435,47.63783694913334,50.36225373834353,35.998646916982764,34.99788004355362,36.99941379041191
P0 shortest path,p0,57,100,46.75,45.40200289242885,48.09799710757115,1.66,1.4367514625021038,1.883248537497896,1.2367970774388288,1.0634923910063994,1.4101017638712583,8.127513790601661,7.168990625520939,9.086036955682383,9.36,8.197433765805625,10.522566234194374,20,20,20,46.7500443554473,45.402045778498504,48.0980429323961,34.34565102146369,33.35532237419909,35.335979668728285
P0 shortest path,p0,58,100,49.45,47.98370028006316,50.916299719936845,1.46,1.2329597232367628,1.687040276763237,1.458279149714681,1.2774580366667891,1.6391002627625728,9.146786347760317,8.225440795670824,10.06813189984981,9.09,7.773541807681987,10.406458192318013,20,20,20,49.45004724972848,47.98374620315721,50.916348296299745,36.32925109012435,35.252010241976606,37.4064919382721
P0 shortest path,p0,59,100,48.88,47.45806195364328,50.301938046356724,1.55,1.3049505100489853,1.7950494899510148,1.4706594084745237,1.224995368831736,1.7163234481173113,8.269659279169646,7.26133918451092,9.277979373828373,8.52,7.297255482469247,9.742744517530753,20,20,20,48.88004515549251,47.45810572449435,50.30198458649067,35.91048673966722,34.86583662691432,36.95513685242012
P0 shortest path,p0,60,100,47.71,46.3312865262034,49.0887134737966,1.72,1.4600363164446295,1.9799636835553704,1.3975897717385968,1.2067807022563888,1.5883988412208048,8.76988948013175,7.7534908942157355,9.786288066047765,9.81,8.283202684431139,11.336797315568862,20,20,20,47.71004499077731,46.33133039278066,49.08875958877397,35.05092989481716,34.03803606170986,36.06382372792446
P0 shortest path,p0,61,100,47.92,46.612537696779206,49.2274623032208,1.71,1.4227831664143804,1.9972168335856195,1.4498621976394985,1.2313352255428442,1.6683891697361528,8.90774399156344,7.853950005574916,9.961537977551963,8.77,7.409544122157739,10.130455877842259,20,20,20,47.92004503783882,46.61258133640367,49.227508739273965,35.20520937965854,34.24466038403085,36.16575837528623
P0 shortest path,p0,62,100,47.16,45.90244865542498,48.41755134457501,1.92,1.6682257352229173,2.1717742647770826,1.3720352643868834,1.127280846399365,1.6167896823744017,8.79372005534453,7.572978799895688,10.01446131079337,10.07,8.85784536040032,11.28215463959968,20,20,20,47.16004353187136,45.90249123902973,48.41759582471299,34.64686067281487,33.72298075501914,35.5707405906106
P0 shortest path,p0,63,100,48.31,46.92527657197503,49.69472342802497,1.72,1.4676099987573343,1.9723900012426656,1.5348235644271149,1.3064824023253734,1.7631647265288564,9.450580083017412,8.34375939972388,10.557400766310945,9.9,8.461722073471405,11.338277926528596,20,20,20,48.3100454849229,46.92532069077012,49.694770279075684,35.49172947441522,34.47441963971255,36.509039309117895
P0 shortest path,p0,64,100,47.91,46.66941869669859,49.1505813033014,1.86,1.5856000000000003,2.1344,1.331370746090529,1.1556140480046386,1.5071274441764195,8.668011032481154,7.722511115574793,9.613510949387514,9.61,8.229430198736182,10.990569801263817,20,20,20,47.910044167201406,46.66946159137874,49.15062674302407,35.19786019890373,34.28644660410979,36.109273793697675
P0 shortest path,p0,65,100,48.78,47.4749439016663,50.0850560983337,1.59,1.3567632442293363,1.823236755770664,1.5598424341372747,1.3259240422523106,1.7937608260222389,9.38751379060148,8.274601297200983,10.500426284001977,9.24,8.005368137148698,10.474631862851302,20,20,20,48.78004649674475,47.474989336531195,50.08510365695831,35.83702430476573,34.87824404340347,36.795804566127984
P0 shortest path,p0,66,100,46.86,45.6298076990268,48.0901923009732,1.74,1.4792315195349706,2.0007684804650294,1.3200264141080131,1.1192662961913746,1.5207865320246516,8.48038672201128,7.512202102635492,9.448571341387069,9.82,8.486472331738032,11.153527668261969,20,20,20,46.8600450378388,45.62985177941531,48.09023829626229,34.42646600775157,33.52268575543603,35.33024626006711
P0 shortest path,p0,67,100,49.23,47.79162629938313,50.66837370061686,1.65,1.3837024524364072,1.9162975475635926,1.3574488695113385,1.1713556251089698,1.543542113913707,8.679429078208086,7.636977364196388,9.721880792219785,9.6,8.193780280685163,11.006219719314837,20,20,20,49.230046755582926,47.7916716761736,50.66842183499225,36.16762366271938,35.11089889082255,37.22434843461621
P0 shortest path,p0,68,100,48.17,46.681459308075475,49.65854069192453,1.65,1.394105845745124,1.9058941542548757,1.51411128275438,1.225103644166735,1.803118921342025,9.139162037290298,8.037496880210073,10.240827194370523,9.17,7.805215539420827,10.534784460579173,20,20,20,48.170045861414735,46.681503843496394,49.658587879333076,35.38887767685322,34.295297198956675,36.482458154749764
P0 shortest path,p0,69,100,47.38,46.17990198649436,48.58009801350565,1.82,1.567149180405329,2.072850819594671,1.286963092683277,1.078649920107778,1.4952762652587759,8.274180457269722,7.212176812821644,9.3361841017178,9.23,8.006819201318699,10.453180798681302,20,20,20,47.38004494371583,46.17994576672603,48.58014412070563,34.80849078296747,33.926819104663444,35.69016246127149
P0 shortest path,p0,70,100,48.8,47.56855292481166,50.03144707518833,1.91,1.6326811804497074,2.1873188195502924,1.5309596646092445,1.295897057398345,1.766022271820144,9.18632594583898,8.158315040061854,10.214336851616107,10.4,9.088590426027372,11.71140957397263,20,20,20,48.80004494371585,47.56859697430716,50.03149291312453,35.85171303589941,34.94701113153731,36.75641494026151
P0 shortest path,p0,71,100,48.23,46.970865154484265,49.48913484551573,1.48,1.2562999988711432,1.7037000011288568,1.5515482918467762,1.323567823922249,1.7795287597713034,9.402762411543735,8.38072185254586,10.42480297054161,8.62,7.257855193328023,9.982144806671975,20,20,20,48.23004428485508,46.97090822240047,49.4891803473097,35.43295288153462,34.50790883788427,36.35799692518496
P0 shortest path,p0,72,100,48.22,47.035917204642075,49.40408279535792,1.67,1.3572239359180016,1.9827760640819982,1.5010575576892353,1.2848446729246141,1.7172704424538565,8.961574566778655,8.022696529494574,9.900452604062735,8.87,7.374281703722861,10.365718296277137,20,20,20,48.220044426039514,47.035960545970966,49.40412830610806,35.42560665868099,34.55570100781023,36.295512309551754
P0 shortest path,p0,73,100,47.51,46.16427317584417,48.85572682415582,1.46,1.219675357615217,1.7003246423847829,1.4166724602251182,1.160914189433412,1.6724307310168243,8.560156521051614,7.410560233212996,9.709752808890231,8.81,7.520162588587699,10.099837411412302,20,20,20,47.510043978955444,46.16431598992758,48.85577196798331,34.903994225235415,33.915334362635974,35.892654087834856
P0 shortest path,p0,74,100,46.8,45.44178643770279,48.158213562297206,1.64,1.380873560756237,1.8991264392437628,1.3911522922395883,1.1250099198083379,1.6572946646708386,7.954640859194042,6.812388376394294,9.09689334199379,9.2,7.91549706190301,10.484502938096988,20,20,20,46.80004522608474,45.441830586539396,48.158259865630086,34.38238674455461,33.38455358663506,35.38021990247416
P0 shortest path,p0,75,100,47.84,46.440496281902156,49.23950371809785,1.67,1.4418770099576577,1.8981229900423422,1.4458391596347056,1.1987418097055127,1.6929365095638984,8.72276241154359,7.574484186011695,9.871040637075485,10.05,8.566598462582663,11.533401537417339,20,20,20,47.840044402508774,46.44053955966105,49.2395492453565,35.14643443769953,34.118266768127704,36.17460210727136
P0 shortest path,p0,76,100,47.4,46.109469328477076,48.69053067152292,1.65,1.3956267754386529,1.904373224561347,1.4092740040247902,1.164099367061869,1.6544486409877115,8.898241233445152,7.7456622871338485,10.050820179756455,9.45,8.06228694783413,10.837713052165869,20,20,20,47.400044308385844,46.10951220991728,48.69057640685441,34.82318219684873,33.87507217001931,35.771292223678145
P0 shortest path,p0,77,100,48.34,47.06391682358425,49.616083176415756,1.72,1.4441050822204844,1.9958949177795156,1.4631684258063746,1.2578024162207362,1.668534435392013,9.201574566778364,8.199273996099882,10.203875137456846,8.56,7.303807089382023,9.816192910617978,20,20,20,48.340044896654334,47.06396080056892,49.616128992739746,35.51376766145732,34.57627316573517,36.45126215717948
P0 shortest path,p0,78,100,49.02,47.767624740137705,50.2723752598623,1.69,1.400897902763984,1.9791020972360158,1.2912790355167627,1.1133567519469292,1.4692013190865962,8.656325945838399,7.726385317565375,9.586266574111422,10.28,8.927489537522495,11.632510462477503,20,20,20,49.020046637929205,47.76767005232727,50.27242322353114,36.01334397151278,35.09326563104877,36.93342231197679
P0 shortest path,p0,79,100,47.71,46.383206792086405,49.0367932079136,2.02,1.7400560056011203,2.29994399439888,1.3716835279877344,1.1046491793419075,1.6387178766335613,8.545635342953247,7.262330280314281,9.828940405592213,9.92,8.57364327839232,11.26635672160768,20,20,20,47.71004327303321,46.38324877385799,49.03683777220842,35.050924873263995,34.07617447906593,36.02567526746206
P0 shortest path,p0,80,100,48.78,47.42562594665889,50.13437405334111,1.64,1.3963081793856356,1.8836918206143642,1.5692405244576062,1.324692428048724,1.8137886208664884,9.558471434406965,8.332647614953768,10.784295253860162,9.25,7.837619489276808,10.662380510723192,20,20,20,48.780046002599214,47.42567084353944,50.134421161658985,35.83702286020932,34.84201036637137,36.83203535404728
P0 shortest path,p0,81,100,48.64,47.468125215086886,49.811874784913115,1.73,1.4718713154688579,1.988128684531142,1.3261865268075181,1.1396421909667158,1.5127308626483205,8.855138101073754,7.9533408423544785,9.75693535979303,9.97,8.638780408190986,11.301219591809016,20,20,20,48.64004614378365,47.468170285985806,49.81192200158149,35.734170374763345,34.873233538859346,36.595107210667344
P0 shortest path,p0,82,100,47.57,46.16896243296533,48.97103756703467,1.72,1.4585479057728592,1.9814520942271407,1.499396889300434,1.2771682940784788,1.721625484522389,9.357283589641884,8.297003663571191,10.417563515712578,9.62,8.19057702904319,11.049422970956808,20,20,20,47.5700437201173,46.16900471542093,48.97108272481366,34.9480732820672,33.918777834830415,35.97736872930398
P0 shortest path,p0,83,100,46.95,45.70464844929294,48.195351550707066,1.53,1.2945114564540046,1.7654885435459955,1.2417410773017297,1.0674343117455627,1.4160478428578966,8.319926320089653,7.33999994861142,9.299852691567885,8.4,7.227635248264812,9.57236475173519,20,20,20,46.95004364952507,45.704691051262,48.19539624778814,34.49258166949227,33.57766420541442,35.40749913357011
P0 shortest path,p0,84,100,48.42,47.041881923810884,49.79811807618912,1.59,1.3017043632979957,1.8782956367020045,1.3089344323521892,1.1312531441926628,1.4866157205117156,8.442992612505332,7.4700041817854395,9.415981043225225,8.88,7.560543083252995,10.199456916747007,20,20,20,48.42004623790662,47.04192684805605,49.798165627757186,35.572544667068314,34.560087697026106,36.58500163711052
P0 shortest path,p0,85,100,47.86,46.56976403129137,49.15023596870863,1.86,1.592764231511581,2.1272357684884193,1.4361501789775348,1.2457725017247225,1.6265278562303471,8.89774399156544,7.899326771553759,9.89616121157712,10,8.697795497759063,11.302204502240937,20,20,20,47.86004560257656,46.56980840438203,49.150282800771095,35.16113121707596,34.21323827490976,36.10902415924216
P0 shortest path,p0,86,100,48.21,46.94335562443857,49.476644375561435,1.73,1.4393450905908582,2.0206549094091417,1.5202679252089044,1.2632333073751125,1.7773025430426963,9.010386722013282,7.862526674025253,10.158246770001309,8.41,7.1128427544834985,9.707157245516502,20,20,20,48.21004586141476,46.94340015172809,49.47669157110143,35.418264219189325,34.487702854894486,36.348825583484164
P0 shortest path,p0,87,100,47.7,46.50680251323419,48.893197486765814,1.71,1.476430737458799,1.9435692625412009,1.3102810770509377,1.0986999574463086,1.5218621966555668,8.366325945838543,7.310342793007093,9.422309098669993,9.66,8.352080721608601,10.967919278391399,20,20,20,47.70004473193916,46.50684627078638,48.893243193091934,35.043582502560746,34.16698094258018,35.92018406254131
P0 shortest path,p0,88,100,47.03,45.76085824529513,48.29914175470487,1.86,1.5664689261540934,2.153531073845907,1.4280457378687321,1.1440203452323865,1.7120711305050778,8.805368302035568,7.669333300281927,9.941403303789208,10.41,9.150483069032441,11.669516930967559,20,20,20,47.03004404954767,45.76090130858718,48.29918679050816,34.55135592356728,33.61896084277003,35.48375100436453
P0 shortest path,p0,89,100,47.76,46.35512754150191,49.16487245849809,1.93,1.6624232167218258,2.197576783278174,1.5871945945700987,1.321560456729415,1.8528287324107824,9.628241233445223,8.489309416280763,10.767173050609683,10.59,9.26854037297442,11.91145962702558,20,20,20,47.760044661346946,46.35517087662494,49.16491844606895,35.087662109699714,34.05554963322254,36.11977458617689
P0 shortest path,p0,90,100,47.54,46.12705775336597,48.95294224663403,1.77,1.5210543574808089,2.018945642519191,1.479110035490032,1.2412846597633098,1.716935411216754,8.77942907821016,7.740596111204299,9.818262045216022,10.77,9.39874828486429,12.14125171513571,20,20,20,47.54004543786139,46.127101797137136,48.95298907858564,34.926038396868265,33.88799714272951,35.96407965100702
P0 shortest path,p0,91,100,47.51,46.19342390860063,48.82657609139937,1.67,1.445304790950726,1.894695209049274,1.3466198465401928,1.1756593425665587,1.517580350513827,8.217016548723914,7.346827711074507,9.08720538637332,9.75,8.547448722192032,10.952551277807968,20,20,20,47.510044261324346,46.19346691207158,48.826621610577114,34.903995050696224,33.93675089733582,35.87123920405663
P0 shortest path,p0,92,100,47.06,45.902685963015216,48.21731403698479,1.93,1.6428372129564377,2.2171627870435624,1.3656503090388055,1.1614389843284927,1.5698616337491182,8.262992612505478,7.257222377135788,9.268762847875168,9.68,8.497458463112332,10.862541536887667,20,20,20,47.0600442377936,45.90272905979722,48.21735941578998,34.57339638062656,33.72315659645061,35.42363616480252
P0 shortest path,p0,93,100,47.94,46.58842516756312,49.29157483243687,1.75,1.5097480278936088,1.9902519721063912,1.5700749535589893,1.3667346992892309,1.7734152078287477,9.58774399156544,8.610559678798012,10.564928304332867,9.23,8.081762759177304,10.378237240822697,20,20,20,47.94004522608474,46.58846933548326,49.29162111668622,35.21990320113382,34.22694733190545,36.212859070362185
P0 shortest path,p0,94,100,47.99,46.60757636395534,49.372423636044665,1.66,1.4151960784627828,1.904803921537217,1.3925750992284334,1.160213700785784,1.6249364976710827,8.512302009619743,7.438497698653121,9.586106320586365,9.45,8.322042786827677,10.577957213172322,20,20,20,47.99004555551514,46.60762060153823,49.37247050949205,35.256637342091516,34.241017221637414,36.27225746254562
P0 shortest path,p0,95,100,47,45.67387816882795,48.32612183117205,1.71,1.4019240314074426,2.0180759685925573,1.28472155782152,1.0815180464719367,1.4879250691711035,8.164677699149907,7.1345351184443455,9.194820279855469,8.84,7.4432717340553,10.236728265944699,20,20,20,47.000044284855065,45.673921202605236,48.326167367104894,34.529316704699184,33.555059664000474,35.503573745397894
P0 shortest path,p0,96,100,47.74,46.47724461992871,49.00275538007129,1.89,1.6473054328393546,2.1326945671606454,1.5125147455726438,1.3114233178421324,1.7136061733031551,9.399429078210378,8.375381223982648,10.423476932438108,10.54,9.222267583453998,11.857732416546,20,20,20,47.74004473193917,46.477288486138555,49.00280097773979,35.072969044896865,34.145266153153074,36.00067193664066
P0 shortest path,p0,97,100,48.49,47.08751187966644,49.89248812033357,1.65,1.404950510048985,1.8950494899510149,1.4578180199939061,1.2639803368564733,1.651655703131339,8.77467769914998,7.812248572326623,9.737106825973335,9.02,7.871044851645943,10.168955148354057,20,20,20,48.49004583788401,47.08755661305868,49.89253506270934,35.62396994675371,34.593609804836596,36.654330088670825
P0 shortest path,p0,98,100,47.42,46.15002534917528,48.68997465082472,1.64,1.3963081793856356,1.8836918206143642,1.3560029505256455,1.1698582742890031,1.5421476267622878,8.77728358964203,7.862302121869003,9.692265057415058,9.13,7.7542844250971426,10.50571557490286,20,20,20,47.42004374364802,46.15006800700259,48.69001948029346,34.83787381709517,33.90486654680516,35.770881087385185
P0 shortest path,p0,99,100,48.73,47.31803715904333,50.141962840956666,1.71,1.449715589899406,1.9702844101005939,1.335044546089387,1.140113921015852,1.529975171162922,8.232034968701992,7.343883299619604,9.12018663778438,9.05,7.774782244778438,10.325217755221564,20,20,20,48.730045437861435,47.318081571030575,50.142009304692294,35.80028803136759,34.76296738731025,36.83760867542494
P0 shortest path,p0,100,100,47.71,46.58413637440659,48.83586362559341,1.88,1.5848079385699656,2.1751920614300344,1.315766174418224,1.121956535371988,1.5095758134644601,8.242495370625766,7.261494093988869,9.223496647262664,9.54,8.02015052100944,11.059849478990559,20,20,20,47.71004400248619,46.58417939451411,48.835908610458276,35.05092700570438,34.223793156412384,35.87806085499638
P0 shortest path,p0,101,100,46.62,45.23441233355152,48.00558766644848,1.55,1.306539178270565,1.793460821729435,1.4564064214387955,1.1513456667683009,1.7614671761092902,8.830156521051467,7.630147432994612,10.030165609108323,8.7,7.358314703686652,10.041685296313346,20,20,20,46.620043908363186,45.23445467873783,48.00563313798854,34.250143451891724,33.23219811667185,35.268088787111594
P0 shortest path,p0,102,100,48.19,47.0747328433478,49.30526715665219,1.75,1.4765136422437348,2.023486357756265,1.452820652950392,1.235048840560261,1.6705924653405229,8.972532210581848,7.996394721238034,9.948669699925661,9.24,8.044651558174882,10.435348441825118,20,20,20,48.19004550845363,47.074777066791846,49.30531395011541,35.403569916195295,34.584220021788575,36.222919810602015
P0 shortest path,p0,103,100,48.49,47.01285839828568,49.967141601714324,1.76,1.4840488287959466,2.0359511712040534,1.4723992096018348,1.2322461475471096,1.71255227165656,8.683489854385043,7.542844458119653,9.824135250650432,9.42,8.139981921844836,10.700018078155164,20,20,20,48.49004710854405,47.01290392683778,49.967190290250315,35.6239736613273,34.538766937084304,36.70918038557029
P0 shortest path,p0,104,100,47.59,46.238633332847485,48.94136666715252,1.53,1.2564001565361662,1.8035998434638338,1.5413016065388672,1.2147558882981384,1.867847324779596,9.203987096264681,7.932017857736909,10.475956334792453,8.5,7.073370433787411,9.926629566212588,20,20,20,47.59004402601692,46.23867614932676,48.94141190270708,34.96276744748445,33.96996406718771,35.955570827781195
P0 shortest path,p0,105,100,48.76,47.19494276143011,50.32505723856988,1.71,1.4227831664143804,1.9972168335856195,1.6195579799006836,1.3263191387621345,1.9127968210392328,9.214410658232373,8.100491740298729,10.328329576166016,8.99,7.720234667986309,10.259765332013691,20,20,20,48.76004581435326,47.19498717774174,50.32510445096479,35.822329038734075,34.67253443178283,36.97212364568532
P0 shortest path,p0,106,100,48.14,46.61515455779077,49.664845442209234,1.7,1.4677552666654932,1.9322447333345067,1.3666257420492445,1.1185227313319133,1.6147287527665757,8.289889480133716,7.2318712105405005,9.347907749726932,9.42,8.227557240388665,10.612442759611335,20,20,20,48.14004480253139,46.615197591781374,49.66489201328141,35.36683467462317,34.24658112597928,36.48708822326706
P0 shortest path,p0,107,100,48.05,46.60771445408352,49.492285545916474,1.7,1.429187082354559,1.970812917645441,1.3292217916531237,1.135685249202008,1.5227583341042394,8.073950256308454,7.148322939219737,8.99957757339717,9.11,7.819200245404173,10.400799754595827,20,20,20,48.05004590847624,46.607759074581224,49.49233274237126,35.3007181874217,34.24111979081652,36.36031658402688
P0 shortest path,p0,108,100,48.31,46.773575217091526,49.84642478290848,1.85,1.5986962480232823,2.101303751976718,1.4304035974025189,1.1963381840142067,1.664469010790831,8.486325945838471,7.392563188832023,9.58008870284492,10.15,8.940691407155613,11.359308592844387,20,20,20,48.31004670852144,46.773620132241305,49.846473284801576,35.491733051412005,34.36297251053736,36.62049359228665
P0 shortest path,p0,109,100,48.76,47.58528096701183,49.93471903298816,1.7,1.429187082354559,1.970812917645441,1.3671548641232933,1.1903864704951495,1.5439232577514372,8.83034988205749,7.898306205999087,9.762393558115892,9.53,8.22408933991593,10.83591066008407,20,20,20,48.76004583788398,47.58532562535396,49.934766050414,35.82232910752247,34.95930239441088,36.685355820634065
P0 shortest path,p0,110,100,47.83,46.51473318081213,49.14526681918787,1.76,1.4689915159694176,2.0510084840305822,1.4710425344261466,1.2483170493984292,1.693768019453864,8.812532210582066,7.779134828163387,9.845929593000747,9.9,8.576660911393326,11.223339088606675,20,20,20,47.83004576729178,46.514777870912624,49.14531366367093,35.13909179184266,34.17281004120261,36.10537354248271
P0 shortest path,p0,111,100,48.78,47.51020869224407,50.04979130775593,1.67,1.3969680567768634,1.9430319432231364,1.5417473048636554,1.2295965789363374,1.8538980307909734,9.491804767740469,8.147286608670793,10.836322926810144,9.43,7.995840998347742,10.864159001652258,20,20,20,48.780046543806236,47.5102539574013,50.049839130211176,35.837024442342496,34.904151303821806,36.76989758086319
P0 shortest path,p0,112,100,48.45,47.01121629650092,49.88878370349909,1.8,1.5571376080696284,2.0428623919303717,1.4162220559150416,1.1238587308210233,1.7085853810090599,8.666556146800723,7.472772067690903,9.860340225910543,10.61,9.311407643840937,11.908592356159062,20,20,20,48.45004677911365,47.011261646819534,49.88883191140776,35.594586155953586,34.537560023706426,36.651612288200745
P0 shortest path,p0,113,100,48.85,47.47323554533233,50.22676445466767,1.72,1.463039000718951,1.9769609992810488,1.452915078350739,1.261012281331139,1.6448178753703389,8.67421729722635,7.789134957668384,9.559299636784317,9.67,8.31262808234873,11.02737191765127,20,20,20,48.85004680264437,47.47328106509011,50.22681254019863,35.88845164810311,34.87698922443093,36.899914071775285
P0 shortest path,p0,114,100,47.86,46.59681447798421,49.12318552201579,1.8,1.5214177306286691,2.078582269371331,1.4092317765785316,1.197832968852738,1.6206305843043252,8.539198877248273,7.513524985657476,9.56487276883907,10.14,8.744578103550433,11.535421896449568,20,20,20,47.860045084900285,46.5968583374873,49.12323183231327,35.161129703731184,34.23310975094258,36.08914965651979
P0 shortest path,p0,115,100,48.35,47.08578426914493,49.61421573085507,1.68,1.435735609379401,1.924264390620599,1.4872366727572353,1.2754494602226285,1.699023885291842,9.469889480133862,8.471606384894692,10.468172575373032,9.47,8.189292436095414,10.750707563904587,20,20,20,48.35004642615254,47.08582941802228,49.6142634342828,35.52111876828733,34.59234180694832,36.44989572962634
P0 shortest path,p0,116,100,47.75,46.39826583511208,49.10173416488792,1.72,1.469152173780214,1.970847826219786,1.5059735049588678,1.2749075599426203,1.7370394499751154,8.94536830203564,7.886617422389653,10.004119181681626,9.48,8.072544586493022,10.887455413506979,20,20,20,47.7500446848777,46.39830922253449,49.10178014722091,35.08031554290407,34.087241918400046,36.07338916740809
P0 shortest path,p0,117,100,47.76,46.45567555377885,49.06432444622114,1.62,1.3650097058690076,1.8749902941309926,1.2635220945143761,1.0681658009805342,1.4588783880482181,8.062532210581775,7.145266693426501,8.979797727737049,9.06,7.7776679299893585,10.342332070010642,20,20,20,47.76004379070953,46.45571807275473,49.064369508664335,35.08765956452893,34.129416207834815,36.04590292122304
P0 shortest path,p0,118,100,47.75,46.52951235114398,48.97048764885602,1.63,1.3767275001269994,1.8832724998730004,1.2530526339908898,1.0864019364044624,1.4197033315773173,8.068241233445224,7.142648872710942,8.993833594179508,10.01,8.550831121300329,11.469168878699671,20,20,20,47.75004536726917,46.52955655057548,48.97053418396287,35.08031753776768,34.1836663246742,35.976968750861154
P0 shortest path,p0,119,100,47.26,45.83851503225136,48.68148496774864,1.89,1.6129611732714138,2.167038826728586,1.2936760655784374,1.0856365519037077,1.5017155792531671,7.822762411543663,6.756604556851918,8.88892026623541,9.56,8.303189437384047,10.816810562615954,20,20,20,47.26004588494548,45.838559427591434,48.68153234229952,34.720333907495075,33.676016348240985,35.764651466749164
P0 shortest path,p0,120,100,47.74,46.31933421554853,49.160665784451474,1.68,1.42334120122252,1.93665879877748,1.4547183864384754,1.2078873570767035,1.7015494158002473,8.85751379060377,7.773987298358804,9.941040282848736,9.32,8.139428951051162,10.500571048948839,20,20,20,47.740044473101015,46.31937708673786,49.16071185946417,35.07296828822446,34.02925222477671,36.116684351672205
P0 shortest path,p0,121,100,48.69,47.359001960857185,50.02099803914281,1.7,1.448503308453996,1.951496691546004,1.525887222301855,1.2606280927150213,1.7911463518886885,9.128204393489286,8.004444607843364,10.251964179135207,9.49,8.200222758877654,10.779777241122346,20,20,20,48.69004499077733,47.359045686809516,50.021044294745145,35.77090018205189,34.79306072886385,36.74873963523993
P0 shortest path,p0,122,100,48.87,47.59957474327322,50.14042525672677,1.58,1.327456299211244,1.8325437007887562,1.318131944696489,1.0929714083032667,1.5432924810897113,8.151344365816549,7.009687209472459,9.293001522160637,9.18,7.952852218197075,10.407147781802925,20,20,20,48.870046496744756,47.599619971551604,50.14047302193791,35.90314402502197,34.96980517706086,36.83648287298308
P0 shortest path,p0,123,100,47.99,46.520496353158386,49.45950364684162,1.79,1.5124014700356216,2.0675985299643784,1.395937344972986,1.1749605541226462,1.6169141358233257,8.726325945838544,7.74999276903209,9.702659122644999,9.86,8.366263796767152,11.353736203232847,20,20,20,47.9900452496155,46.52054013063318,49.45955036859782,35.25663644784233,34.177041365991215,36.33623152969345
P0 shortest path,p0,124,100,48.72,47.36978671883052,50.07021328116948,1.65,1.4408312749105268,1.859168725089473,1.5728368658137297,1.3630639803971127,1.7826097512303467,9.66180476774025,8.69088789580517,10.63272163967533,10,8.705566353710449,11.294433646289551,20,20,20,48.72004529667694,47.369830798924674,50.07025979442921,35.792940983053185,34.80098493281134,36.78489703329503
P0 shortest path,p0,125,100,49,47.686816252173536,50.313183747826464,1.74,1.4443613343859423,2.0356386656140577,1.357743535626534,1.1748919156813293,1.5405951555717385,8.535138101073535,7.585704157725956,9.484572044421114,9.07,7.757036415069506,10.382963584930494,20,20,20,49.000046214375885,47.6868615355098,50.31323089324197,35.99864946215352,35.03389849538172,36.963400428925326
P0 shortest path,p0,126,100,46.65,45.38118849852997,47.918811501470024,1.81,1.5644443069610514,2.055555693038949,1.3163857950481637,1.1565081794575245,1.4762634106388028,8.753720055346857,7.732841323201233,9.774598787492481,9.38,8.153041960823847,10.606958039176154,20,20,20,46.65004357893285,45.38123095395954,47.91885620390617,34.272182395606244,33.34002953860181,35.204335252610676
P0 shortest path,p0,127,100,48,46.6301228544357,49.3698771455643,1.84,1.5495253789837304,2.13047462101627,1.4778809947818283,1.235995564139289,1.7197664254243676,8.892762411543444,7.881538939537316,9.903985883549572,9.91,8.529936222232077,11.290063777767923,20,20,20,48.00004489665437,46.630166421327324,49.36992337198142,35.26398205160038,34.257579345905775,36.270384757294984
P0 shortest path,p0,128,100,48.38,47.0198507770517,49.740149222948304,1.59,1.3438130167797846,1.8361869832202156,1.549402632165008,1.307168066957681,1.791637197372335,9.279926320089798,8.146038981153794,10.413813659025802,9.76,8.333473796775941,11.186526203224059,20,20,20,48.380045579045856,47.01989521423077,49.74019594386094,35.54315619865701,34.543900792489964,36.54241160482405
P0 shortest path,p0,129,100,48.51,47.069566676308824,49.95043332369117,1.74,1.4647528229302824,2.0152471770697176,1.3893674336446937,1.1709671499211214,1.607767717368266,8.68655614680043,7.684040450784495,9.689071842816368,9.2,7.94792842364215,10.452071576357849,20,20,20,48.51004602612991,47.069611279691784,49.95048077256804,35.63866376822899,34.58042573782084,36.696901798637136
P0 shortest path,p0,130,100,48.95,47.55531382191063,50.344686178089376,2.12,1.8480717385155796,2.391928261484421,1.5302367479483368,1.2624412425277485,1.798032253368925,8.905138101073607,7.768006239854321,10.042269962292893,11.36,10.01801973309304,12.70198026690696,20,20,20,48.95004680264443,47.55535939213213,50.34473421315673,35.96191800394339,34.9372892906932,36.986546717193576
P0 shortest path,p0,131,100,47.49,46.11489381919619,48.865106180803814,1.78,1.5492975470044112,2.010702452995589,1.4051858009353557,1.1839756947070634,1.626395907163648,8.83157456677829,7.714490939692145,9.948658193864436,11.17,9.967229319152205,12.372770680847795,20,20,20,47.49004390836321,46.114936761646085,48.86515105508034,34.889300747702165,33.87905752402998,35.89954397137435
P0 shortest path,p0,132,100,48.8,47.43437846318309,50.16562153681691,1.61,1.3533185238432268,1.8666814761567734,1.571987920079986,1.344972594824978,1.799003245334994,9.057016548724205,8.049513536165612,10.064519561282797,8.89,7.488231432234352,10.291768567765649,20,20,20,48.80004487312362,47.434421990766005,50.16566775548123,35.85171282953422,34.84843651838051,36.854989140687934
P0 shortest path,p0,133,100,48.24,46.894958181567084,49.58504181843292,1.47,1.2124733305955566,1.7275266694044433,1.4501794714715914,1.2420595030933597,1.6582994398498232,9.179926320090017,8.103796579337338,10.256056060842695,7.87,6.630808258858568,9.109191741141432,20,20,20,48.240045249615484,46.89500221163284,49.585088287598126,35.44030233744304,34.45214556374324,36.42845911114285
P0 shortest path,p0,134,100,47.36,45.85011493968795,48.86988506031205,1.57,1.2966839591575017,1.8433160408424984,1.3336298673096088,1.1300666571165707,1.5371930775026468,8.38061692297546,7.44112568165753,9.320108164293389,8.4,7.067456233781085,9.732543766218916,20,20,20,47.36004426132435,45.85015778964513,48.869930733003564,34.7937955169358,33.68453385983174,35.903057174039866
P0 shortest path,p0,135,100,48.13,46.81013877007368,49.44986122992633,1.72,1.4676099987573346,1.9723900012426654,1.479918560872121,1.1310723035736348,1.8287648181706073,8.783222813467292,7.494192180101399,10.072253446833185,8.81,7.597384468734354,10.022615531265647,20,20,20,48.13004675558292,46.810184332504804,49.44990917866103,35.3594937484763,34.389836312701476,36.32915118425112
P0 shortest path,p0,136,100,49,47.68003734365649,50.31996265634351,1.47,1.237830465983901,1.702169534016099,1.5075347362879057,1.2843442924014785,1.7307251801743329,9.162034968702137,8.13016355430073,10.193906383103545,8.91,7.607767189273234,10.212232810726766,20,20,20,49.00004609672215,47.68008220698242,50.32000998646188,35.998649118211546,35.02891705049583,36.968381185927264
P0 shortest path,p0,137,100,47.92,46.68739386811373,49.15260613188627,1.66,1.4089356990085542,1.9110643009914456,1.1634104567255046,1.015829519147339,1.3109913943036702,8.00253221057872,7.125396381922507,8.879668039234932,8.67,7.38336755517327,9.956632444826731,20,20,20,47.92004466134696,46.68743755175067,49.152651770943244,35.20520827904416,34.29965461389223,36.110761944196085
P0 shortest path,p0,138,100,48.29,46.985921016830865,49.59407898316913,1.7,1.4071571593961543,1.9928428406038456,1.3702843508633344,1.1861716660283614,1.5543970356983074,8.76299261249791,7.876279260498919,9.649705964496903,9.37,8.080475504754414,10.659524495245584,20,20,20,48.29004642615255,46.985966111362536,49.59412674094256,35.477038954783154,34.51897575578036,36.43510215378595
P0 shortest path,p0,139,100,47.27,45.87518027898176,48.66481972101825,1.98,1.6648447655231127,2.295155234476887,1.340424543097979,1.1039255233019178,1.5769235628940403,8.638471434400271,7.422690609232176,9.854252259568366,9.57,8.26355459449093,10.87644540550907,20,20,20,47.27004437897806,45.87522353737997,48.664865220576154,34.727676140621554,33.70294964520145,35.75240263604166
P0 shortest path,p0,140,100,48.14,46.71404514840481,49.565954851595194,1.84,1.5495253789837304,2.13047462101627,1.4296441997708633,1.1962166472262294,1.6630717523154972,8.632992612498201,7.559356277060356,9.706628947936046,9.97,8.629485103598343,11.310514896401658,20,20,20,48.140045014308065,46.71408904841518,49.56600098020095,35.36683529371876,34.319234970845045,36.41443561659247
P0 shortest path,p0,141,100,49.18,47.72939668364706,50.63060331635294,1.88,1.598259791562324,2.1617402084376756,1.479692324538492,1.2188867239562493,1.7404979251207349,8.58942907820281,7.334476483007846,9.844381673397775,8.99,7.74773078341905,10.23226921658095,20,20,20,49.18004597906847,47.72944145587564,50.6306505022613,36.13088821478206,35.06517929254845,37.19659713701567
P0 shortest path,p0,142,100,48.96,47.53162527396352,50.38837472603648,1.44,1.2183213208996482,1.6616786791003517,1.5720433798224922,1.32259075487964,1.8214960047653443,9.197283589634463,8.071921721239892,10.322645458029033,8.86,7.603282065831554,10.116717934168445,20,20,20,48.960044873123636,47.53166896173888,50.38842078450839,35.969258998878665,34.91988067473183,37.0186373230255
P0 shortest path,p0,143,100,47.98,46.569102501557566,49.39089749844243,1.76,1.495537521708197,2.024462478291803,1.3683044872280732,1.1387743158772967,1.5978346585788497,8.51774399155751,7.476630875159258,9.558857107955761,9.37,8.08198097071589,10.658019029284109,20,20,20,47.98004539079991,46.56914655234293,49.39094422925689,35.24929022498872,34.21275133090997,36.28582911906747
P0 shortest path,p0,144,100,48.55,47.159214465116776,49.94078553488322,1.71,1.4588198071245877,1.9611801928754122,1.5722926093662495,1.3367948000542031,1.8077904186782958,8.859429078203247,7.86772646593581,9.851131690470684,9.74,8.435229375628719,11.044770624371282,20,20,20,48.55004536726919,47.15925856555134,49.94083216898704,35.66804838448992,34.646285231060666,36.68981153791918
P0 shortest path,p0,145,100,46.62,45.302161576403584,47.93783842359641,1.52,1.292857198834715,1.747142801165285,1.4126577717656925,1.2198628856678415,1.6054526578635435,9.047283589634754,7.994157855542692,10.100409323726815,9.88,8.602682826698036,11.157317173301966,20,20,20,46.62004454369323,45.302204943370825,47.93788414401564,34.25014530917852,33.28197400351944,35.218316614837605
P0 shortest path,p0,146,100,47.9,46.45070268506745,49.34929731493255,1.83,1.5431075983909475,2.1168924016090527,1.451554643314174,1.2635469325501023,1.6395623540782456,8.800386722006369,7.8042335368258025,9.796539907186936,9.83,8.472056450199624,11.187943549800377,20,20,20,47.900046167314365,46.45074743092736,49.34934490370137,35.19051941033365,34.1257693323564,36.2552694883109
P0 shortest path,p0,147,100,47.85,46.69317056424279,49.00682943575721,1.85,1.5971568538289866,2.1028431461710135,1.3512754318543017,1.17117988547621,1.5313709782323932,8.668011032476498,7.705783118041068,9.630238946911927,10.14,8.82681034226898,11.453189657731022,20,20,20,47.8500454849229,46.693214873144115,49.00687609670169,35.153784237549964,34.30390036988972,36.00366810521021
P0 shortest path,p0,148,100,48.32,46.94112188714846,49.69887811285154,2.02,1.7386732845816437,2.3013267154183565,1.5966950833813232,1.3893338147600967,1.8040563520025497,9.856325945831195,8.761071898688444,10.951579992973945,11.27,9.897051439014879,12.64294856098512,20,20,20,48.320044378978054,46.94116502617651,49.698923731779594,35.49907287694448,34.486057751147946,36.51208800274102
P0 shortest path,p0,149,100,48.13,46.800180307809605,49.4598196921904,1.88,1.5941577577145962,2.165842242285404,1.4784847970175523,1.2392836437906498,1.7176859502444548,9.255138101066695,8.167118236738707,10.343157965394683,9.95,8.742939642324913,11.157060357675086,20,20,20,48.130045508453634,46.800224229759735,49.45986678714753,35.35949010269112,34.3825153976932,36.33646480768904
P0 shortest path,p0,150,100,48.85,47.6127763404144,50.087223659585604,1.62,1.3680716600204565,1.8719283399795437,1.5281143003108517,1.2920729827261441,1.7641556178955593,9.494410658224952,8.332053190512358,10.656768125937546,9.78,8.405999034890726,11.154000965109272,20,20,20,48.85004574376104,47.61282085641498,50.087270631107096,35.888448552625135,34.979501827160774,36.797395278089496
P0 shortest path,p0,151,100,48.86,47.46152255721452,50.25847744278548,1.67,1.3831075983909469,1.956892401609053,1.4042569050278473,1.1595250267105743,1.6489887833451202,8.670156521044118,7.6316274839815526,9.708685558106684,8.88,7.611829373873651,10.148170626126351,20,20,20,48.860045673168806,47.46156692015043,50.25852442618718,35.89579498184398,34.868380737114684,36.92320922657327
P0 shortest path,p0,152,100,47.64,46.33139852336685,48.94860147663315,1.53,1.26358590445881,1.79641409554119,1.3954947776135802,1.1701857626401722,1.6208037925869883,8.617743991558381,7.480702960872026,9.754785022244736,8.88,7.508345093905126,10.251654906094876,20,20,20,47.640045249615476,46.3314424930971,48.94864800613385,34.99950420240136,34.03811864349865,35.960889761304074
P0 shortest path,p0,153,100,47.9,46.50055728263286,49.299442717367135,1.53,1.270970916183865,1.7890290838161351,1.3830360629761536,1.1557855171474247,1.6102866088048824,8.51847143439998,7.425343121635523,9.611599747164439,8.8,7.520036490419128,10.079963509580875,20,20,20,47.90004569669957,46.500601708851164,49.29948968454798,35.19051803456566,34.162394753985836,36.21864131514549
P0 shortest path,p0,154,100,47.61,46.378901169809275,48.841098830190724,1.46,1.2329597232367628,1.687040276763237,1.32589278841376,1.1057008364706986,1.5460847403568212,8.226095744869816,7.179888974072165,9.272302515667468,8.52,7.222129485532847,9.817870514467153,20,20,20,47.610045014308064,46.37894532519303,48.8411447034231,34.97746360776527,34.07301764949482,35.88190956603572
P0 shortest path,p0,155,100,47.51,46.166581956802766,48.85341804319723,1.87,1.6167275001269994,2.123272499873001,1.2746763036073838,1.0650881749487326,1.484264432266035,7.9822651696566025,7.014469476047127,8.950060863266078,10.46,9.218066620306887,11.701933379693115,20,20,20,47.51004459075472,46.1666253822196,48.853463799289834,34.90399601373381,33.91703232700735,35.89095970046027
P0 shortest path,p0,156,100,49.17,47.919151650464634,50.42084834953537,1.42,1.1985665213782128,1.641433478621787,1.4894563290682246,1.2497839936348727,1.7291286645015764,9.23107732489152,8.177046789968543,10.285107859814499,9.06,7.68904120316245,10.430958796837551,20,20,20,49.17004581435329,47.91919642167529,50.420895207031286,36.12354109767921,35.20458534871375,37.04249684664467
P0 shortest path,p0,157,100,48.02,46.80154726630763,49.23845273369238,1.77,1.500112867586422,2.039887132413578,1.3962166195525578,1.1641436598954376,1.628289579209678,8.398701635361357,7.3642596723894655,9.433143598333249,9.51,8.208840362436552,10.811159637563447,20,20,20,48.020045979068456,46.801592245008784,49.23849971312813,35.2786784870348,34.383522741531685,36.17383423253792
P0 shortest path,p0,158,100,48.01,46.81452982986744,49.20547017013256,1.52,1.2624356634261114,1.7775643365738887,1.5923266346763512,1.355377609340693,1.8292756600120093,9.483950256301323,8.458205013571538,10.509695499031109,8.37,7.11246871252048,9.627531287479519,20,20,20,48.010045273146225,46.814574004866294,49.20551654142616,35.2713297877988,34.39305820837555,36.14960136722205
P0 shortest path,p0,159,100,48.15,46.77549219093825,49.524507809061745,1.72,1.4483572875405577,1.9916427124594422,1.3533245939630896,1.1656977240745503,1.5409514638516288,8.571344365809928,7.609251751423826,9.533436980196031,9.14,7.912649858393698,10.367350141606304,20,20,20,48.15004595553771,46.775536801895406,49.52455510918002,35.37418468083877,34.364379952105836,36.38398940957171
P0 shortest path,p0,160,100,47.29,45.862610401799664,48.717389598200334,1.82,1.5207606248563474,2.1192393751436525,1.494813334277418,1.2604205845946082,1.7292060839602277,8.95130752585319,7.878027308061652,10.024587743644728,9.96,8.66949338332701,11.250506616672991,20,20,20,47.290046002599205,45.862655205585554,48.717436799612855,34.74237415818916,33.69371953219854,35.79102878417977
P0 shortest path,p0,161,100,48.89,47.42859899570531,50.351401004294694,1.74,1.4704509594665096,2.00954904053349,1.6550618094092155,1.3179362754212356,1.9921873433971955,9.647053388672648,8.52403956119773,10.770067216147565,9.74,8.469280026556168,11.010719973443832,20,20,20,48.8900456025766,47.42864326546366,50.351447939689535,35.91783468223084,34.84419272387179,36.99147664058989
P0 shortest path,p0,162,100,48.54,47.29712962782911,49.78287037217089,1.78,1.522285049802004,2.037714950197996,1.4428790369703755,1.268654695500714,1.6171033784400368,8.912034968694643,8.059809672007727,9.764260265381559,9.52,8.352118799455244,10.687881200544755,20,20,20,48.54004652027549,47.29717503111105,49.782918009439925,35.66070511953745,34.747610283922796,36.5737999551521
P0 shortest path,p0,163,100,49,47.47668728878092,50.52331271121908,1.86,1.6139312603225178,2.1060687396774824,1.55012198518643,1.314874214663755,1.785369755709105,9.261537726814568,8.21399845854395,10.309076995085187,10.18,8.917625725192021,11.442374274807978,20,20,20,49.000045861414755,47.47673145986053,50.52336026296898,35.99864843032755,34.87952115190825,37.11777570874685
P0 shortest path,p0,164,100,48.55,47.40802504936457,49.69197495063543,1.72,1.4615332981608735,1.9784667018391264,1.3938893662477707,1.186588170011466,1.6011905624840754,8.356556146793155,7.36669688377174,9.346415409814568,10.03,8.813308084280257,11.246691915719742,20,20,20,48.55004710854404,47.408070927450645,49.69202328963744,35.66805347483144,34.829082496931576,36.5070244527313
P0 shortest path,p0,165,100,47.92,46.583768884685234,49.25623111531477,1.55,1.3196426140699518,1.7803573859300483,1.413628358945401,1.1800995191402714,1.6471571987505307,8.338011032476206,7.266178085985355,9.409843978967057,8.63,7.4527945908408615,9.80720540915914,20,20,20,47.920045226084724,46.58381278048801,49.25627767168144,35.20520992996573,34.223525735063134,36.18689412486833
P0 shortest path,p0,166,100,49.54,48.213170234481204,50.866829765518794,1.42,1.1721087367738863,1.6678912632261136,1.3173750874237198,1.1304064515212466,1.504343723326193,8.325368302028364,7.43159280212514,9.219143801931589,8.87,7.293693240642558,10.44630675935744,20,20,20,49.54004572023032,48.21321484139871,50.866876599061925,36.395366339134654,35.42058960760123,37.37014307066808
P0 shortest path,p0,167,100,48.6,47.29036700337133,49.90963299662867,1.52,1.2285118752527184,1.8114881247472816,1.5627531277033933,1.323768183748073,1.8017380716587135,9.14487106014727,8.1565794340814,10.13316268621314,8.55,7.232280834934926,9.867719165065076,20,20,20,48.600046637929225,47.29041223516858,49.90968104068987,35.704785276983614,34.74264152886578,36.666929025101446
P0 shortest path,p0,168,100,47.7,46.464934484214375,48.93506551578563,1.86,1.5327162192663484,2.187283780733652,1.2564517536312032,1.0590654703107452,1.4538380369516613,8.078471434399836,7.068319373262161,9.08862349553751,8.72,7.3557771940616075,10.084222805938394,20,20,20,47.70004496724657,46.46497839477414,48.935111539718996,35.04358319044473,34.13622247469348,35.950943906195974
P0 shortest path,p0,169,100,49.39,47.975554937529395,50.804445062470606,1.85,1.558651688894824,2.141348311105176,1.5151038771031873,1.315915116270928,1.7142926379354466,9.00824123343802,7.989131632283346,10.027350834592696,9.71,8.373880693042631,11.04611930695737,20,20,20,49.390046849705875,47.975600510662794,50.80449318874896,36.28517010721741,35.24602513259177,37.324315081843054
P0 shortest path,p0,170,100,48.99,47.71049283540794,50.26950716459206,1.73,1.4703723847780084,1.9896276152219916,1.6746327851984941,1.3713277329277935,1.9779378374691947,8.911307525852463,7.655935592368186,10.16667945933674,10.47,9.06448273815889,11.875517261841111,20,20,20,48.99004572023032,47.7105374213809,50.26955401907974,35.99130138201313,35.05129077964182,36.931311984384436
P0 shortest path,p0,171,100,47.93,46.50615978027268,49.35384021972732,1.85,1.562675103829139,2.137324896170861,1.6255624716409651,1.3604431219259538,1.8906818213559764,9.160349882049632,8.033155019076027,10.287544745023236,9.87,8.48444734083719,11.255552659162808,20,20,20,47.930045367269166,46.50620380343275,49.353886931105585,35.212556978280155,34.16650952656175,36.25860442999856
P0 shortest path,p0,172,100,48.96,47.61617041484443,50.30382958515557,1.82,1.5507966830468356,2.0892033169531645,1.5432065823044296,1.2542054223310755,1.8322077422777838,8.985368302027927,7.786773006909664,10.18396359714619,8.84,7.666074017441792,10.013925982558208,20,20,20,48.96004729678996,47.616216576651645,50.30387801692827,35.9692660840838,34.98200014121448,36.95653202695312
P0 shortest path,p0,173,100,47.3,45.809780139602466,48.79021986039753,2.07,1.7582180223037873,2.381781977696212,1.435999957033024,1.216576786923502,1.655423127142546,8.951344365810364,7.923287821705685,9.979400909915043,9.59,8.2708916271231,10.909108372876899,20,20,20,47.3000449201851,45.80982358846153,48.79026625190867,34.749717629506826,33.65490310286725,35.8445321561464
P0 shortest path,p0,174,100,47.45,46.12493931528333,48.77506068471668,1.54,1.316404101878935,1.763595898121065,1.574345866856836,1.3352219981618845,1.8134697355517875,9.987283589634899,8.742972146975644,11.231595032294154,9.58,8.281023721805079,10.878976278194921,20,20,20,47.45004517902325,46.12498300655743,48.77510735148907,34.859917919939626,33.886439772998415,35.83339606688084
P0 shortest path,p0,175,100,48.12,46.83179269125539,49.40820730874461,2.09,1.8169112136089702,2.3630887863910295,1.2883512251277927,1.0961082726744857,1.4805941775810996,7.962992612498347,7.019387025818594,8.9065981991781,10.71,9.584825905995796,11.835174094004206,20,20,20,48.120047202667,46.83183874900293,49.40825565633108,35.35214841987185,34.4057461074707,36.29855073227301
P0 shortest path,p0,176,100,49.1,47.69640421370213,50.50359578629787,1.84,1.56602457088714,2.1139754291128603,1.6255065949133367,1.3303695035552934,1.92064368627138,9.416095744869672,8.294381991762148,10.537809497977197,10.18,8.769267529746953,11.590732470253046,20,20,20,49.100046332029564,47.696448921280655,50.50364374277847,36.072116161935824,35.04094073818322,37.10329158568843
P0 shortest path,p0,177,100,48.52,47.110065438297646,49.92993456170236,1.62,1.372735675722101,1.8672643242778992,1.562724511741041,1.3489842895190716,1.7764647339630106,9.429889480126294,8.329401536996103,10.530377423256484,9.19,7.782485311485582,10.597514688514417,20,20,20,48.520045579045885,47.11010981359102,49.929981344500746,35.64600909683341,34.61017803563127,36.68184015803555
P0 shortest path,p0,178,100,48.49,47.164025946595096,49.81597405340491,1.69,1.3982257992172298,1.9817742007827701,1.5489997240797901,1.2611796248318388,1.8368198233277415,9.312495370617835,8.279524665113362,10.345466076122309,9.57,8.319710174367236,10.820289825632765,20,20,20,48.49004541433068,47.16407030988927,49.81602051877209,35.62396870856255,34.64982081959167,36.59811659753343
P0 shortest path,p0,179,100,47.37,46.094697045459945,48.64530295454005,1.82,1.5093089462036429,2.1306910537963573,1.3993380622073346,1.1948560344725536,1.6038200899421156,8.72464085918662,7.694730123842881,9.754551594530358,9.09,7.798539050438449,10.38146094956155,20,20,20,47.37004489665436,46.094740646881895,48.64534914642683,34.80114400980662,33.86422161676667,35.73806640284657
P0 shortest path,p0,180,100,47.37,46.11648658224778,48.623513417752214,1.96,1.6929094762467454,2.2270905237532546,1.4167274943106336,1.2071015126642444,1.6263534759570228,9.201344365810073,8.153723194436253,10.248965537183892,10.28,9.017410570984127,11.542589429015871,20,20,20,47.37004426132437,46.116529626354875,48.62355889629386,34.801142152519844,33.88022796617913,35.72205633886056
P0 shortest path,p0,181,100,47.33,46.046689375407524,48.61331062459247,1.95,1.6586516888948242,2.2413483111051757,1.347432330417539,1.121064301658586,1.5738003591764922,8.915635342946917,7.827205176309439,10.004065509584395,9.77,8.463970488677823,11.076029511322176,20,20,20,47.330043767178765,46.046731717289276,48.61335581706825,34.77175416562733,33.8289484489893,35.714559882265355
P0 shortest path,p0,182,100,47.82,46.43788937512443,49.20211062487557,1.45,1.206539178270565,1.693460821729435,1.451901801713077,1.2341390868280349,1.669664516598119,8.907513790596422,7.910472854871358,9.904554726321486,8.34,7.0455004046256935,9.634499595374306,20,20,20,47.82004489665437,46.437933142440556,49.20215665086819,35.13174261108787,34.11635299985921,36.147132222316536
P0 shortest path,p0,183,100,47.33,46.17260717161721,48.48739282838279,1.69,1.3801656643372855,1.9998343356627144,1.2551947396176688,1.0651971473631925,1.4451923318721451,7.7060957448699625,6.740625331640066,8.671566158099859,8.34,6.942855064747752,9.737144935252248,20,20,20,47.33004362599432,46.172649430273864,48.48743782171478,34.77175375289691,33.92145542192272,35.622052083871104
P0 shortest path,p0,184,100,46.83,45.44125830604635,48.218741693953646,1.8,1.5461994738565203,2.0538005261434797,1.3709496665950616,1.0639270154603206,1.6779723177298025,8.762034968694934,7.480670330880312,10.043399606509556,9.37,8.027402528941407,10.712597471058592,20,20,20,46.83004284947988,45.44129962976692,48.218786069192845,34.40441970367834,33.3841573287717,35.424682078584986
P0 shortest path,p0,185,100,47.76,46.34851405814992,49.17148594185008,1.65,1.3765136422437347,1.923486357756265,1.3659427642256885,1.1842562583067928,1.5476292701445842,9.02253221057501,8.08557741329249,9.959487007857529,8.57,7.312283582251251,9.82771641774875,20,20,20,47.760044779000644,46.348557500838915,49.17153205716237,35.08766245364171,34.050691262462855,36.12463364482057
P0 shortest path,p0,186,100,47.99,46.662271234343585,49.31772876565642,1.73,1.4810543574808086,1.9789456425191914,1.2565131380574286,1.0646429464818254,1.4483833296330317,7.8625322105753,6.897579843301445,8.827484577849155,9.63,8.218641899989715,11.041358100010287,20,20,20,47.99004652027549,46.66231620262284,49.31777683792814,35.25664016241592,34.28120168582425,36.23207863900759
P0 shortest path,p0,187,100,49.31,48.10928294891441,50.51071705108559,1.79,1.5082391328402287,2.0717608671597714,1.570567391962828,1.337914032576559,1.803220751349097,9.4077439915578,8.369827592556279,10.44566039055932,10.03,8.662261770570689,11.39773822942931,20,20,20,49.310047155605524,48.10932894957484,50.51076536163621,36.2263979167944,35.34427147910254,37.108524354486256
P0 shortest path,p0,188,100,47.81,46.67302422118316,48.94697577881684,1.66,1.4333018061141396,1.8866981938858602,1.5492873338813757,1.3301704038737696,1.7684042638889819,9.463950256301178,8.44942436143523,10.478476151167126,9.11,7.778652157709445,10.441347842290554,20,20,20,47.81004546139215,46.673068648136805,48.947022274647495,35.12439762642543,34.28909993091442,35.95969532193644
P0 shortest path,p0,189,100,48.12,46.73819824486106,49.501801755138935,1.97,1.707991931653264,2.232008068346736,1.3942663506762563,1.170821966808701,1.6177107345438115,8.500847123929852,7.384988080262498,9.616706167597204,10.74,9.433446186691606,12.046553813308394,20,20,20,48.12004426132433,46.73824126899114,49.50184725365752,35.35213982132193,34.336976810135766,36.36730283250809
P0 shortest path,p0,190,100,47.44,46.06607246511648,48.81392753488352,1.75,1.4808038903428478,2.0191961096571522,1.559590154729715,1.3577908174333309,1.7613894920260993,9.506556146793592,8.492068765123008,10.521043528464176,9.4,8.221363225389329,10.578636774610672,20,20,20,47.44004404954765,46.06611535807749,48.813972741017814,34.852567982512426,33.843190109641625,35.861945855383226
P0 shortest path,p0,191,100,47.06,45.610349306302595,48.50965069369741,1.6,1.352390662861063,1.8476093371389373,1.327629825626911,1.0858141858638037,1.5694454653900183,8.834677699143212,7.635648062299963,10.033707335986461,8.77,7.504103346647248,10.03589665335275,20,20,20,47.060045249615484,45.61039330649928,48.509697192731686,34.57339933852774,33.50839014896756,35.63840852808793
P0 shortest path,p0,192,100,48.83,47.30184103053393,50.35815896946607,1.52,1.2779698791597638,1.7620301208402362,1.4744789874296433,1.233019847837579,1.7159381270217078,8.478701635361503,7.437486436732835,9.519916833990171,9.1,7.718698198558089,10.48130180144191,20,20,20,48.83004626143735,47.30188601376848,50.358206509106225,35.873756794801864,34.75107035185759,36.996443237746135
P0 shortest path,p0,193,100,48.61,47.44497474497396,49.77502525502604,1.85,1.5736904824387161,2.126309517561284,1.359457236916313,1.1609215984101213,1.5579928754225045,8.608701635361212,7.555081826149402,9.662321444573022,9.7,8.2853889709053,11.114611029094698,20,20,20,48.61004414367063,47.44501795783159,49.77507032950967,35.71212462099731,34.85622030041862,36.568028941575996
P0 shortest path,p0,194,100,48.06,46.85183266661669,49.26816733338332,1.67,1.4161153972467972,1.9238846027532026,1.4593915789381038,1.2600395985462707,1.658743559329937,8.940386722006224,7.886583497922661,9.994189946089787,8.79,7.519379275847247,10.060620724152752,20,20,20,48.06004539079992,46.851877021068184,49.26821376053166,35.30806330966094,34.42046376776017,36.19566285156171
P0 shortest path,p0,195,100,48.72,47.331810267676175,50.10818973232382,1.78,1.5268424341811744,2.0331575658188257,1.5485344706398305,1.3006923408786564,1.7963766004010047,8.79276241153595,7.678560841804597,9.906963981267303,9.3,7.997646512631611,10.60235348736839,20,20,20,48.72004569669958,47.33185469046256,50.108236702936594,35.792942152455964,34.77308601987746,36.81279828503447
P0 shortest path,p0,196,100,47.66,46.2353519554258,49.084648044574195,1.67,1.425457760976418,1.9145422390235818,1.4257571700264062,1.2015625894532942,1.6499517505995183,8.309429078202957,7.314238656534555,9.30461949987136,9.44,8.012331779481386,10.867668220518613,20,20,20,47.66004444957025,46.23539507619798,49.08469382294252,35.01419513476383,33.96755424832785,36.06083602119981
P0 shortest path,p0,197,100,47.42,46.16725298304692,48.67274701695308,1.66,1.4073948455783136,1.9126051544216862,1.423061049488255,1.2034326156410098,1.6426894833355001,8.63586554390873,7.485263467906936,9.786467619910525,9.56,8.195140195751767,10.924859804248234,20,20,20,47.42004393189395,46.16729541138601,48.67279245240189,34.83787436740237,33.91752239073403,35.758226344070714
P0 shortest path,p0,198,100,47.61,46.242704429107654,48.977295570892345,1.7,1.464437316669686,1.935562683330314,1.5696540169495394,1.2919625984453056,1.8473454354537733,9.378701635361649,8.240384353765277,10.51701891695802,9.97,8.556773536916467,11.383226463083535,20,20,20,47.61004433191657,46.24274725327839,48.97734141055475,34.9774616129017,33.97295497573865,35.981968250064746
P0 shortest path,p0,199,100,49.25,47.73809755271677,50.76190244728323,1.61,1.3219736852650477,1.8980263147349525,1.6975518364744469,1.4157088914999343,1.9793947814489594,9.68609574486938,8.516450146427227,10.855741343311534,9.2,7.798479209839352,10.601520790160647,20,20,20,49.250044967246595,47.73814119115868,50.76194874333451,36.182311705969056,35.071568189530865,37.29305522240725
P0 shortest path,p0,200,100,47.26,45.97742586864375,48.54257413135625,1.83,1.5050543517087291,2.154945648291271,1.2276986002229693,1.0315332174812624,1.4238639829646762,8.004907900104735,6.906508248917261,9.10330755129221,9.97,8.500506915685385,11.439493084314616,20,20,20,47.26004402601694,45.977468511730386,48.5426195403035,34.72032847321152,33.77806395516933,35.6625929912537
P0 shortest path,p0,201,100,48.44,47.13740221391128,49.742597786088716,1.89,1.6273410891777256,2.1526589108222742,1.749189677586494,1.2357088396438427,2.262670515529145,9.409889480125711,7.935318508642272,10.88446045160915,9.67,8.3671832777719,10.9728167222281,20,20,20,48.440045296676956,47.13744631262177,49.742644280732144,35.5872351867004,34.63026055993033,36.54420981347047
P0 shortest path,p0,202,100,48.36,46.928477420592486,49.79152257940751,1.65,1.375098438187651,1.9249015618123488,1.5900109503261084,1.29436097861789,1.8856609220343268,9.34157456677116,8.114039564575592,10.569109568966727,8.8,7.461354944035357,10.138645055964645,20,20,20,48.36004466134694,46.928520942290326,49.791568380403554,35.528460244741375,34.476769441029205,36.580151048453544
P0 shortest path,p0,203,100,47.49,45.97370995072336,49.00629004927664,1.84,1.579082755485866,2.100917244514134,1.3534848979000538,1.1346629521826783,1.5723068436174292,8.490616922967748,7.409125940903812,9.572107905031684,9.5,8.194670381037259,10.805329618962741,20,20,20,47.4900446848777,45.9737532117386,49.00633615801681,34.88930301771935,33.77533581210214,36.00327022333656
P0 shortest path,p0,204,100,48.67,47.324976933996744,50.01502306600326,1.6,1.3386666666666667,1.8613333333333335,1.478254964223211,1.2672567174238056,1.6892532110226164,8.806095744869816,7.787130348911742,9.825061140827891,9.41,8.130917488544577,10.689082511455423,20,20,20,48.67004729678998,47.32502299844376,50.015071595136206,35.75621365214699,34.76807061777467,36.74435668651931
P0 shortest path,p0,205,100,47.95,46.72095798166691,49.17904201833309,1.82,1.5353821601735502,2.10461783982645,1.446796285892728,1.2070352454540727,1.686557326331383,8.94870163536165,7.7742892800510575,10.123113990672241,10.3,8.779874805793746,11.820125194206256,20,20,20,47.950043931893994,46.72100051362602,49.17908735016197,35.227246053355856,34.32430957824027,36.130182528471444
P0 shortest path,p0,206,100,47.27,45.77137885812702,48.768621141872984,1.96,1.7017736205762413,2.2182263794237587,1.6590546714297565,1.3925337723416702,1.9255755705178428,9.8229926124982,8.560858462327252,11.08512676266915,10.51,9.314854466239074,11.705145533760925,20,20,20,47.27004466134694,45.77142218663705,48.76866713605683,34.72767696608236,33.62669072895033,35.8286632032144
P0 shortest path,p0,207,100,47.07,45.70033390429004,48.43966609570996,2.07,1.7761584265236956,2.363841573476304,1.451737742206642,1.2065893230686229,1.696886161344661,8.705405141984665,7.72896623887371,9.68184404509562,11.01,9.701405936653286,12.318594063346714,20,20,20,47.07004237886504,45.70037490056876,48.43970985716132,34.58073758192704,33.57448977244819,35.58698539140589
P0 shortest path,p0,208,100,48.74,47.39337238340446,50.08662761659554,1.69,1.3995587780043206,1.9804412219956793,1.6300812528494695,1.3885508002287028,1.8716117054702361,10.261344365810073,9.234588570153743,11.288100161466403,9.19,7.789671646586509,10.59032835341349,20,20,20,48.74004637909109,47.39341757490814,50.08667518327404,35.8076374184876,34.8183157101045,36.7969591268707
P0 shortest path,p0,209,100,48.1,46.86399228533675,49.33600771466325,1.83,1.5583930022769643,2.1016069977230356,1.3211751627891035,1.1192183915585,1.5231319340197071,8.120616922968184,7.014032711898592,9.227201134037776,9.42,8.107058581164821,10.732941418835178,20,20,20,48.100045061369556,46.864036213848124,49.33605390889099,35.33744888895944,34.42939575135109,36.2455020265678
P0 shortest path,p0,210,100,48.09,46.85820792847383,49.321792071526176,1.76,1.5044928228488337,2.0155071771511666,1.3645303991595623,1.179583693748795,1.5494771045703297,8.806095744870108,7.774646493332753,9.837544996407463,9.53,8.240535689645979,10.81946431035402,20,20,20,48.090046073191424,46.858252787630654,49.32183935875219,35.33010521127659,34.42514891575031,36.235061506802865
P0 shortest path,p0,211,100,47.96,46.598955253335056,49.321044746664946,1.62,1.3957802088408013,1.8442197911591989,1.428691911918173,1.2259355828221323,1.6314482410142135,8.873950256301178,7.9070847727148506,9.840815739887507,9.25,7.929927106389785,10.570072893610215,20,20,20,47.96004492018509,46.59899908646387,49.32109075390631,35.234595578052684,34.23468242347753,36.23450873262784
P0 shortest path,p0,212,100,46.93,45.740791383764275,48.119208616235724,1.6,1.321417730628669,1.8785822693713312,1.315099134571612,1.1552986001660068,1.4748996689772174,8.156786347754679,7.277414333029869,9.036158362479489,8.63,7.324921601642805,9.935078398357197,20,20,20,46.93004334362542,45.74083369088975,48.11925299636109,34.477887504075014,33.60421624033803,35.351558767811994
P0 shortest path,p0,213,100,48.26,46.80559243259628,49.71440756740372,1.73,1.4516197760419949,2.0083802239580053,1.5066267036452121,1.2523871156142188,1.7608662916762055,9.280616922968038,8.158479047184597,10.402754798751479,9.21,7.745045264118438,10.674954735881563,20,20,20,48.26004539079992,46.8056367263271,49.71445405527273,35.4549960213415,34.38649257539008,36.52349946729292
P0 shortest path,p0,214,100,47.43,46.10702603093323,48.75297396906677,1.74,1.4675869921081468,2.0124130078918534,1.3907936509910521,1.1746996896790889,1.6068876123030154,8.464907900104736,7.301578860548887,9.628236939660585,9.62,8.260421481829495,10.979578518170504,20,20,20,47.43004426132436,46.107068997365005,48.75301952528372,34.845221966023985,33.87327741681377,35.8171665152342
P0 shortest path,p0,215,100,48.59,47.19622670770924,49.98377329229076,1.48,1.2724982813750132,1.6875017186249868,1.544365583521122,1.2838716399793237,1.8048595270629204,8.942992612498347,7.839407911588024,10.04657731340867,9.57,8.273991987180278,10.866008012819723,20,20,20,48.590046167314405,47.196271573680455,49.983820760948355,35.69743726563159,34.67347901483055,36.721395516432636
P0 shortest path,p0,216,100,47.98,46.69883046107287,49.26116953892712,1.61,1.3578945899474237,1.8621054100525765,1.4532838975077191,1.2289479804686585,1.6776198145467798,8.826325945831922,7.756726662261331,9.895925229402513,9.11,7.736474988957392,10.483525011042607,20,20,20,47.98004459075471,46.698873972872086,49.26121520863733,35.249287886183126,34.3080561596335,36.19051961273275
P0 shortest path,p0,217,100,48.25,46.839819139044195,49.660180860955805,1.63,1.3721721473227504,1.8878278526772494,1.3688755611694672,1.1981523034030068,1.5395988189359275,8.55299261249791,7.5504797210977594,9.555505503898061,9.76,8.248933202313443,11.271066797686556,20,20,20,48.25004517902325,46.83986313832701,49.660227219719495,35.44764876666188,34.41163682856777,36.483660704755984
P0 shortest path,p0,218,100,48.52,47.305854220724164,49.73414577927584,1.74,1.4867811295269715,1.9932188704730285,1.4260400415803793,1.1861858774152951,1.6658942057454635,8.905368302027927,7.859942293911363,9.950794310144492,9.31,8.047221572895864,10.572778427104137,20,20,20,48.520046237906605,47.30589904388973,49.73419343192348,35.646011022908596,34.754018228507164,36.53800381731003
P0 shortest path,p0,219,100,48.08,46.72617042327024,49.43382957672976,1.54,1.2736368879241207,1.8063631120758794,1.4793719703199841,1.2133033493599794,1.7454405912799889,8.936823187711271,7.958132344537222,9.91551403088532,8.43,7.219126535483287,9.640873464516712,20,20,20,48.08004428485509,46.726213280695504,49.43387528901468,35.3227533477742,34.328139920590615,36.31736677495779
P0 shortest path,p0,220,100,48.73,47.26781324908702,50.192186750912974,1.72,1.4303816067005175,2.0096183932994824,1.5838067688533866,1.3300378926818226,1.8375756450249505,9.317513790596276,8.15027776245415,10.484749818738402,9.07,7.696373287588472,10.443626712411529,20,20,20,48.73004550845364,47.267857444797144,50.19223357211014,35.8002882377328,34.726069078652536,36.874507396813065
P0 shortest path,p0,221,100,48.29,46.91890676428986,49.66109323571014,1.81,1.5077735439987578,2.1122264560012423,1.4941156544041134,1.2437859802616966,1.7444453285465302,8.732495370618272,7.592562234186896,9.872428507049648,9.62,8.191120065126944,11.048879934873055,20,20,20,48.29004536726916,46.918950889629855,49.66113984490846,35.477035859305154,34.469739993263836,36.48433172534647
P0 shortest path,p0,222,100,48,46.59986424900579,49.40013575099421,1.65,1.3765136422437347,1.923486357756265,1.556416406762742,1.30018637855694,1.8126464349685438,9.09563534294648,8.004229375145856,10.187041310747103,9.05,7.669857495280531,10.43014250471947,20,20,20,48.000044967246566,46.599907821319036,49.4001821131741,35.26398225796558,34.23534946701926,36.2926150489119
P0 shortest path,p0,223,100,47.69,46.26222985807175,49.11777014192825,1.82,1.5581030320561504,2.0818969679438495,1.3876228425202835,1.1056597373838288,1.669585947656738,8.153222813460161,7.019120194243946,9.287325432676376,10.51,9.247283032584903,11.772716967415096,20,20,20,47.69004395542473,46.26227241033719,49.117815500512265,35.03623359695953,33.98729880198796,36.085168391931106
P0 shortest path,p0,224,100,48.04,46.82795260685387,49.25204739314613,1.75,1.4793662506954717,2.0206337493045283,1.4343333736364456,1.2360007755855789,1.6326659716873124,9.118471434399543,8.175926983632671,10.061015885166416,8.82,7.58465803139619,10.05534196860381,20,20,20,48.04004574376106,46.82799718877783,49.2520942987443,35.293371070318855,34.40292062306275,36.18382151757496
P0 shortest path,p0,225,100,47.06,45.73334572017356,48.386654279826445,1.8,1.501253798468846,2.098746201531154,1.290791975255769,1.1130148475116326,1.4685691029999055,8.718011032476642,7.762784571846451,9.673237493106834,9.62,8.26299262352853,10.977007376471468,20,20,20,47.06004435544732,45.73338893385952,48.38669977703511,34.573396724568546,33.59874883281457,35.54804461632252
P0 shortest path,p0,226,100,46.87,45.56879264705677,48.17120735294323,1.76,1.4868756926366178,2.0331243073633822,1.3917847168467472,1.195760338082913,1.5878090956105815,8.777974192520196,7.775826142019636,9.780122243020756,9.71,8.375333600339083,11.044666399660919,20,20,20,46.87004555551512,45.56883693618443,48.17125417484581,34.433814156680405,33.47786083045512,35.38976748290569
P0 shortest path,p0,227,100,47.41,46.035853598142694,48.7841464018573,1.65,1.377936207718287,1.9220637922817128,1.4657773612617147,1.2187118381916762,1.7128428843317531,8.849429078203247,7.758059726579751,9.940798429826742,8.72,7.435170841997846,10.004829158002156,20,20,20,47.41004477900066,46.03589733871881,48.7841922192825,34.83053020820074,33.820991887169185,35.8400685292323
P0 shortest path,p0,228,100,48.8,47.406253156908946,50.19374684309105,1.69,1.414647109066466,1.9653528909335338,1.4187627784738268,1.1528631458740382,1.6846624110736155,8.418241233438021,7.308912198170209,9.527570268705833,9.42,8.165395849945755,10.674604150054245,20,20,20,48.800045484922876,47.4062970730522,50.19379389679355,35.8517146180326,34.82777501668609,36.875654219379115
P0 shortest path,p0,229,100,49.56,48.05299608815935,51.06700391184066,1.72,1.4303816067005175,2.0096183932994824,1.7270312623568222,1.4267151116577772,2.0273474130558675,10.026556146792863,8.865822923514424,11.187289370071303,9.99,8.591668238379906,11.388331761620094,20,20,20,49.56004661439849,48.05304156308457,51.067051665712405,36.41006222426189,35.30291803678564,37.517206411738144
P0 shortest path,p0,230,100,48.07,46.680364453854494,49.459635546145506,1.72,1.4707038886963715,1.9692961113036285,1.365876488022163,1.1569113272634657,1.5748416487808603,8.503489854378422,7.504885347869374,9.50209436088747,9.16,7.929271583675963,10.390728416324038,20,20,20,48.0700453672692,46.68040870079214,49.45968203374626,35.31540987645658,34.294492006122255,36.3363277467909
P0 shortest path,p0,231,100,48.01,46.68871657189922,49.331283428100775,1.48,1.2316395711344847,1.7283604288655152,1.5041002887470316,1.286829675458818,1.7213709020352452,9.247053388672793,8.289432146345971,10.204674630999614,8.84,7.524242051058775,10.155757948941226,20,20,20,48.0100447084084,46.68876033286152,49.33132908395528,35.271328136877194,34.3006265822119,36.24202969154249
P0 shortest path,p0,232,100,47.32,45.983420451112224,48.65657954888778,1.7,1.4138592562172851,1.9861407437827148,1.2891233369451462,1.094335882886673,1.4839107910036196,8.083683215382916,7.067376166247365,9.099990264518466,8.92,7.5544693939865,10.285530606013499,20,20,20,47.320045273146214,45.98346445337511,48.656626092917314,34.76441193250088,33.782471929793104,35.74635193520865
P0 shortest path,p0,233,100,48.47,47.09603433739405,49.843965662605946,1.62,1.3502207232165189,1.8897792767834813,1.6172620216449112,1.332958143371975,1.9015658999178473,9.13130752585319,7.973108978347426,10.289506073358954,9.22,7.75523466712103,10.684765332878971,20,20,20,48.470046473214,47.096079493607824,49.84401345282017,35.60927853287245,34.59987218000932,36.61868488573558
P0 shortest path,p0,234,100,47.92,46.634385837292726,49.20561416270728,1.73,1.5056504495032788,1.9543495504967212,1.5387002421062634,1.2859806465877415,1.7914198376247854,9.086786347754387,7.981046634481857,10.192526061026916,10.19,9.009489760033118,11.370510239966881,20,20,20,47.920046590867706,46.63443129860221,49.2056618831332,35.20521391969293,34.26071674209283,36.14971109729303
P0 shortest path,p0,235,100,47.57,46.26385164825443,48.87614835174557,1.75,1.4793662506954717,2.0206337493045283,1.3029949139038515,1.0972863463984577,1.5087034814092453,8.393950256301324,7.45584207836554,9.332058434237107,9.38,8.068359647716886,10.691640352283116,20,20,20,47.57004513196176,46.26389540952239,48.876194854401135,34.94807740937115,33.98849380645862,35.90766101228368
P0 shortest path,p0,236,100,47.59,46.20712732372504,48.97287267627497,1.42,1.1628880336656358,1.677111966334364,1.5095787322697278,1.3120182658460662,1.7071391986933895,9.595598502989741,8.584392649158913,10.60680435682057,7.81,6.329656966317017,9.290343033682984,20,20,20,47.59004550845365,46.20717157503801,48.97291944186929,34.962771781153606,33.94682194492504,35.97872161738217
P0 shortest path,p0,237,100,47.62,46.400337681440824,48.83966231855917,1.58,1.3305482828443165,1.8294517171556837,1.3288832796176306,1.0838045026432304,1.573962056592031,8.565138101066259,7.438866824843277,9.69140937728924,8.75,7.534610018109081,9.965389981890919,20,20,20,47.62004553198438,46.40038211569353,48.83970894827523,34.98481175669409,34.08876708863763,35.880856424750554
P0 shortest path,p0,238,100,46.64,45.28163788229048,47.99836211770952,1.46,1.2055581382513854,1.7144418617486146,1.318087935362437,1.0844606210682688,1.5517152496566053,7.676519306836417,6.712944909857155,8.640093703815678,9.49,8.1117932312698,10.8682067687302,20,20,20,46.6400430377258,45.28167969564799,47.99840637980362,34.264834177889014,33.266891451640795,35.26277690413723
P0 shortest path,p0,239,100,47.5,46.08429216048343,48.91570783951657,1.82,1.5566255467471026,2.0833744532528975,1.515907811035785,1.2838571735312618,1.7479584485403084,9.495828703950828,8.418640420662113,10.573016987239543,10.38,9.094657515435571,11.66534248456443,20,20,20,47.500044073078406,46.08433497877356,48.91575316738325,34.896647864805,33.856575237584586,35.93672049202541
P0 shortest path,p0,240,100,49.11,47.69007871665043,50.529921283349566,1.73,1.4905893735006566,1.9694106264993434,1.535232352365597,1.326812010061761,1.743652694669433,9.237283589634025,8.37072609358734,10.10384108568071,10.2,8.703414148095334,11.696585851904665,20,20,20,49.110046849705874,47.69012449053046,50.52996920888129,36.07946431086464,35.0362967431732,37.12263187855607
P1 noise aware,p1,1,100,28.1,27.101174750625578,29.098825249374425,1.17,0.9418770099576578,1.398122990042342,0.2261794509507042,0.1567666008081443,0.29559230109326406,1.5403130421004767,1.0123171879424215,2.068308896258532,7.16,5.953150227185913,8.366849772814088,20,20,20,0.14106161546178378,0.13604745390322637,0.1460757770203412,3.8524461545474322,3.715509238635336,3.9893830704595286
P1 noise aware,p1,2,100,29.5,28.305177566972965,30.694822433027035,0.96,0.7839853816906509,1.1360146183093491,0.5694588794717877,0.4449661735819359,0.6939515853616396,3.8455616630402334,2.8463135703840354,4.844809755696431,6.19,5.019392464391143,7.360607535608858,20,20,20,0.14809053750781076,0.14209248300804636,0.15408859200757516,4.0443861441358795,3.8805784941949484,4.208193794076811
P1 noise aware,p1,3,100,29.69,28.715481552537643,30.66451844746236,1.05,0.8464728196743414,1.2535271803256587,0.4630188752712051,0.373750749225013,0.5522870013173972,3.8067863477610913,2.9571304738766004,4.656442221645582,6.62,5.467739818943445,7.772260181056555,20,20,20,0.14904371188331822,0.14415197113390787,0.15393545263272856,4.0704326137476565,3.936829455977863,4.20403577151745
P1 noise aware,p1,4,100,30.75,29.695289220552464,31.804710779447536,1.07,0.8449596633238539,1.2950403366761463,0.633144279562178,0.5062632183627288,0.7600253407616272,4.925985225008112,3.9350258476428155,5.916944602373409,6.04,4.857117245664199,7.222882754335801,20,20,20,0.1543666376298331,0.14907193998998022,0.15966133526968598,4.215762067480803,4.071163401039198,4.360360733922408
P1 noise aware,p1,5,100,30.04,28.899880152321384,31.180119847678615,1.01,0.8283972634033454,1.1916027365966546,0.5378967075638935,0.4303293801723779,0.6454640349554092,4.2665193068434295,3.362062523255616,5.170976090431243,6.03,4.921097336657686,7.138902663342314,20,20,20,0.15080063977314745,0.14507720015537282,0.15652407939092208,4.11841659174652,3.962108571186934,4.274724612306106
P1 noise aware,p1,6,100,30.04,29.061815176002515,31.018184823997483,0.96,0.7732875207732759,1.146712479226724,0.5326204542958658,0.4069802785207118,0.6582606300710199,3.664106777357497,2.8395292011589492,4.488684353556045,6.19,5.045540433482276,7.334459566517725,20,20,20,0.15080251989080332,0.1458920252269324,0.15571301455467423,4.1184229250292494,3.9843159405733335,4.252529909485165
P1 noise aware,p1,7,100,29.61,28.48668975547512,30.73331024452488,1.01,0.8120399019902234,1.2079600980097767,0.5125372237000696,0.40740437446228006,0.6176700729378591,3.5341436173133114,2.630215775925448,4.438071458701175,6.5,5.302582239596684,7.697417760403316,20,20,20,0.14864187375871188,0.14300299150161067,0.1542807560158131,4.05946398969006,3.905461111538425,4.213466867841694
P1 noise aware,p1,8,100,30.49,29.4993687358991,31.480631264100897,1.16,0.9596530524466634,1.3603469475533363,0.5833261986190945,0.45340094914694656,0.7132514480912424,4.2336463754338,3.2290281262663783,5.238264624601221,8.34,7.065742652254722,9.614257347745276,20,20,20,0.15305951762574346,0.14808667808296733,0.1580323571685196,4.180110178593865,4.044297273773562,4.315923083414168
P1 noise aware,p1,9,100,47.75,46.30556369388462,49.19443630611538,1.83,1.5298865911329218,2.130113408867078,1.471678315268752,1.234222973775607,1.709133656761897,8.417145391044114,7.364864396825171,9.469426385263057,9.65,8.231314493745508,11.068685506254493,20,20,20,0.2397048276096449,0.23245388346392584,0.24695577175536396,6.546418128619488,6.348389551732584,6.744446705506391
P1 noise aware,p1,10,100,48.14,46.724972082796725,49.555027917203276,1.69,1.43061163160896,1.9493883683910398,1.9246636119715215,1.4565433708232938,2.392783853119749,10.074079098628198,8.625960090125856,11.52219810713054,10.45,8.945816970625387,11.954183029374612,20,20,20,0.2416641941089238,0.23456077679341653,0.2487676114244311,6.5998915373277125,6.405894437217523,6.793888637437902
P1 noise aware,p1,11,100,47.8,46.474170814055206,49.12582918594479,1.72,1.4469325284102772,1.9930674715897228,1.6010135226413222,1.3770709628232405,1.824956082459404,9.546988869993703,8.48512268549401,10.608855054493395,9.58,8.231195674426099,10.928804325573902,20,20,20,0.23995500418490048,0.23329941129472528,0.24661059707507568,6.553270243567498,6.371502248712913,6.735038238422083
P1 noise aware,p1,12,100,46.84,45.457232554445675,48.22276744555433,1.88,1.5834963171571153,2.1765036828428843,1.5471569034437846,1.3290780831419289,1.7652357237456404,9.069364559523828,8.047784373333936,10.09094474571372,10.14,8.635134783578291,11.64486521642171,20,20,20,0.23513799467675509,0.22819657095610807,0.2420794183974021,6.421663759306671,6.2320896529453655,6.611237865667977
P1 noise aware,p1,13,100,48.45,47.04340090640545,49.85659909359455,1.61,1.3488226222923156,1.8711773777076846,1.8319798451856104,1.5294369023079204,2.1345227880633004,10.521169327262704,9.30345267023963,11.73888598428578,8.52,7.276174622668869,9.76382537733113,20,20,20,0.24321963632564966,0.2361587125380204,0.2502805601132789,6.64238929463723,6.449548376540442,6.835230212734017
P1 noise aware,p1,14,100,47.61,46.25955251471779,48.96044748528221,1.62,1.3403333701737303,1.8996666298262699,1.5362712347448981,1.2801701274155295,1.7923723420742668,8.876454788158325,7.872259180903662,9.880650395412989,9.12,7.712048407627361,10.527951592372638,20,20,20,0.23900291152092112,0.23222378539400956,0.24578203764783269,6.527227417762223,6.342084479280386,6.71237035624406
P1 noise aware,p1,15,100,48.82,47.38905762435231,50.25094237564769,1.99,1.6998261085612159,2.280173891438784,1.7127934114013506,1.4885945386837898,1.9369922841189113,10.266454788158326,9.196655658766602,11.33625391755005,9.9,8.595562507546962,11.204437492453039,20,20,20,0.2450763927482391,0.23789284577863398,0.2522599397178442,6.693113303096702,6.4969335608756165,6.889293045317787
P1 noise aware,p1,16,100,47.76,46.43735897874324,49.082641021256755,1.74,1.48222482899263,1.99777517100737,1.6448291598036962,1.4045139917984133,1.885144327808979,9.82603122619048,8.844750508100214,10.807311944280746,9.59,8.28806520419598,10.89193479580402,20,20,20,0.23975516683412532,0.23311551718743712,0.24639481648081352,6.547789575345202,6.3664584641236015,6.729120686566802
P1 noise aware,p1,17,100,48.77,47.35886187004313,50.18113812995688,1.8,1.489783913695598,2.110216086304402,1.835272531654641,1.5419868374692536,2.1285582258400284,10.056417948202471,8.851136503722781,11.26169939268216,10.21,8.530563606323826,11.889436393676176,20,20,20,0.2448247738909461,0.2377407416982719,0.25190880608362026,6.686256329740022,6.492792033959569,6.879720625520475
P1 noise aware,p1,18,100,48.13,46.88705625991757,49.372943740082434,1.77,1.5273693966191204,2.0126306033808796,1.6940218481881069,1.4214045265594857,1.966639169816728,9.752467691896253,8.52294139156381,10.981993992228697,9.84,8.527785836646682,11.152214163353317,20,20,20,0.2416131594984612,0.23537357092453765,0.24785274807238478,6.59851774815496,6.428112891959498,6.768922604350423
P1 noise aware,p1,19,100,48.08,46.90081025181601,49.259189748183985,1.57,1.341537060450771,1.798462939549229,1.4205220847114817,1.2344495040166938,1.6065946654062695,8.840552404289992,7.907619247904307,9.773485560675677,9.25,7.796191528877662,10.703808471122338,20,20,20,0.2413604589296402,0.23544124279268921,0.24727967506659118,6.591657130991779,6.429993907793798,6.75332035418976
P1 noise aware,p1,20,100,47.93,46.5597674010032,49.3002325989968,1.8,1.558740677680508,2.041259322319492,1.413944959103554,1.1507656184777242,1.6771242997293838,8.337449271918794,7.244783778751103,9.430114765086486,11.14,9.788654869017428,12.491345130982573,20,20,20,0.2406087444721999,0.23373026021357235,0.24748722873082746,6.571096795312052,6.383241237704559,6.758952352919544
P1 noise aware,p1,21,100,47.56,46.215477576282645,48.90452242371736,1.8,1.5078204509400277,2.0921795490599724,1.6159527750322022,1.3240130141265092,1.9078925359378953,9.35883047768979,8.17543294365117,10.542228011728408,9.3,8.007516367842928,10.592483632157073,20,20,20,0.23875185927442855,0.2320025599219487,0.24550115862690838,6.520372353066092,6.336042006795284,6.7047026993369
P1 noise aware,p1,22,100,48.2,46.79598958247268,49.60401041752733,1.69,1.4366662232858742,1.9433337767141257,1.686034695660175,1.3875778882212568,1.9844915030990933,9.337412431962894,8.131354225558617,10.543470638367172,9.54,8.30025569009598,10.779744309904018,20,20,20,0.24196344791187704,0.23491537419384026,0.24901152162991383,6.608110847893853,6.4156243428146045,6.800597352973101
P1 noise aware,p1,23,100,48.23,46.93921227026581,49.52078772973418,1.74,1.4977455248977416,1.9822544751022584,1.446442201535765,1.2572886610058647,1.6355957420656653,9.193158294782206,8.278884035254825,10.107432554309588,9.84,8.50724658429599,11.17275341570401,20,20,20,0.24211510946122794,0.2356351538241889,0.24859506509826698,6.612227357003441,6.43526255547912,6.7891921585277615
P1 noise aware,p1,24,100,47.67,46.322382927032486,49.01761707296752,1.93,1.6482942261324713,2.2117057738675285,1.501458446511822,1.2838666518256914,1.7190502411979525,9.3769151900834,8.332326102991706,10.421504277175094,10.5,9.17373187042923,11.82626812957077,20,20,20,0.2393037106260573,0.23253832298697436,0.24606909826514023,6.535451933766226,6.350695454747067,6.720208412785386
P1 noise aware,p1,25,100,48.22,46.88031759168394,49.55968240831606,1.85,1.558651688894824,2.141348311105176,1.7082801302824173,1.3925894954854647,2.02397076507937,9.89840691572188,8.690788959220733,11.106024872223028,10.23,8.935310070427143,11.524689929572858,20,20,20,0.24206438391120183,0.23533913096975118,0.24878963685265248,6.61085460891826,6.4271869743094525,6.794522243527067
P1 noise aware,p1,26,100,47.11,45.72774479165022,48.49225520834978,1.74,1.4792315195349706,2.0007684804650294,1.4828116837386407,1.2413745306509967,1.7242488368262847,9.414880221382555,8.183825773287413,10.645934669477697,9.58,8.290919434384932,10.869080565615068,20,20,20,0.2364921572606684,0.2295532965012217,0.24343101802011513,6.458675989985225,6.269172082016654,6.648179897953796
P1 noise aware,p1,27,100,49.36,48.10436323595065,50.61563676404935,1.68,1.435735609379401,1.924264390620599,1.6738129974730211,1.4692156630933115,1.8784103318527308,9.407412431962893,8.472673880156878,10.342150983768908,10.24,8.974941995021732,11.505058004978268,20,20,20,0.24778855541648628,0.24148533306943945,0.25409177776353314,6.767150691291157,6.595005936679262,6.939295445903052
P1 noise aware,p1,28,100,47.2,45.673633534874874,48.72636646512513,1.75,1.4837024524364075,2.0162975475635925,1.4145435509908264,1.2052354946962562,1.6238516072853966,8.961510048093368,7.913946119444708,10.009073976742028,10.07,8.55607644616094,11.58392355383906,20,20,20,0.2369440255493186,0.22928181057422747,0.2446062405244097,6.471015019680965,6.261754062916255,6.6802759764456745
P1 noise aware,p1,29,100,47.18,45.85113629401247,48.50886370598753,1.7,1.446965088047782,1.953034911952218,1.6320813254306625,1.3952988390529315,1.8688638118083936,9.184079098629535,8.107830286285074,10.260327910973997,9.08,7.86132435783426,10.29867564216574,20,20,20,0.23684355314064864,0.23017242010174802,0.24351468617954927,6.468272820287917,6.286087765605377,6.650457874970458
P1 noise aware,p1,30,100,47.21,45.74982092754472,48.670179072455284,1.68,1.4454608610982642,1.9145391389017357,1.517879771928973,1.2922899604656501,1.7434695833922957,8.96641794820398,7.939562611590661,9.993273284817297,9.58,8.352599273655787,10.807400726344213,20,20,20,0.23699462232416268,0.22966473193196152,0.24432451271636385,6.472387333979656,6.272200736495883,6.672573931463429
P1 noise aware,p1,31,100,47.63,46.267605950889944,48.99239404911006,1.61,1.347341089177726,1.8726589108222742,1.4159143440517081,1.212705594197249,1.6191230939061672,8.815533984312115,7.772624770658286,9.858443197965943,9.6,8.254704328244365,10.945295671755634,20,20,20,0.239103667234991,0.2322642566868804,0.2459430777831016,6.529970571485544,6.343188732492569,6.716752410478518
P1 noise aware,p1,32,100,48.62,47.33435565437624,49.905644345623756,1.9,1.6711213104165121,2.128878689583488,1.5838503137069353,1.3630342076325606,1.80466641978131,9.5869151900834,8.544310212815844,10.629520167350957,10.54,9.259000085003038,11.82099991499696,20,20,20,0.2440723640475236,0.23761851617266272,0.2505262119223845,6.665693651613256,6.489434966649963,6.841952336576549
P1 noise aware,p1,33,100,49.92,48.500410794374915,51.33958920562509,1.51,1.2616161361151175,1.7583838638848825,1.6614717246363753,1.3810056673306434,1.941937781942107,9.54523010343888,8.505040079174734,10.585420127703028,8.24,6.980783489384745,9.499216510615256,20,20,20,0.2505990528253836,0.2434725753198163,0.25772553033095086,6.843923078022951,6.64930008814477,7.038546067901132
P1 noise aware,p1,34,100,46.81,45.49749754693832,48.122502453061685,1.69,1.4460296789038518,1.933970321096148,1.562989973249139,1.3182160870144592,1.8077638594838188,9.258830477689717,8.10644485013656,10.411216105242874,9.78,8.281709032317693,11.278290967682306,20,20,20,0.2349870285133867,0.22839828319346037,0.24157577383331305,6.417549592644129,6.237608485786596,6.597490699501662
P1 noise aware,p1,35,100,48.89,47.45973166097541,50.320268339024594,1.7,1.4306237657929795,1.9693762342070205,1.6646984999586434,1.3834260078471883,1.9459709920700985,9.609327719568718,8.328388021645159,10.890267417492277,8.64,7.307013679096005,9.972986320903997,20,20,20,0.2454303126217849,0.2382503350382704,0.2526102902052994,6.702718635614563,6.5066319278443,6.898805343384826
P1 noise aware,p1,36,100,47.03,45.71668180842447,48.343318191575534,1.55,1.313000319652434,1.786999680347566,1.5274377556476293,1.279244103074356,1.7756314082209026,8.94308461486984,7.914415053309728,9.97175417642995,9.08,7.625843249109088,10.534156750890912,20,20,20,0.2360905251763529,0.22949760395885743,0.24268344639384837,6.4477080599860095,6.267654844676662,6.627761275295357
P1 noise aware,p1,37,100,47.55,46.289780827143005,48.81021917285699,1.65,1.3667556646014725,1.9332443353985274,1.6227997330360375,1.3260561652722869,1.9195433007997882,9.27959476048618,8.020121002338072,10.539068518634288,9.09,7.6870692615208345,10.492930738479165,20,20,20,0.2387013912747663,0.23237512241916056,0.24502766013037205,6.519000472553893,6.346227335419879,6.691773609687907
P1 noise aware,p1,38,100,47.78,46.37169016494411,49.18830983505589,1.83,1.596829802483034,2.063170197516966,1.4675234727413298,1.2475456020264966,1.687501343456163,8.759557920530387,7.765934451256978,9.753181389803796,10.05,8.712986487984086,11.387013512015915,20,20,20,0.2398558452830862,0.23278614792057517,0.24692554264559724,6.550532468796631,6.357456386597112,6.743608550996151
P1 noise aware,p1,39,100,47.72,46.45987166534595,48.98012833465405,1.6,1.3386666666666667,1.8613333333333335,1.5753792595952054,1.327790017653476,1.8229685015369348,9.442163811022402,8.363111700916894,10.52121592112791,9.58,8.278934307204398,10.881065692795602,20,20,20,0.23955522646320465,0.23322945801762615,0.24588099490878315,6.542308560093713,6.369548026424813,6.7150690937626125
P1 noise aware,p1,40,100,48.02,46.88737205837865,49.152627941621354,1.74,1.4748048966736325,2.0051951033263675,1.5497010922125074,1.2758033151085626,1.8235988693164522,8.965497144355613,7.762306335350656,10.16868795336057,10.05,8.522267686994212,11.57773231300579,20,20,20,0.24105942802917643,0.23537349343182506,0.2467453626265278,6.583431834172098,6.428150585905738,6.738713082438458
P1 noise aware,p1,41,100,48.3,46.981066669117375,49.61893333088262,1.82,1.5566255467471026,2.0833744532528975,1.6134838609108035,1.353265336476505,1.873702385345102,9.592007289972026,8.486918826705722,10.69709575323833,10.12,8.805847383061593,11.434152616938405,20,20,20,0.24246684015668132,0.23584574918956833,0.24908793112379432,6.621825315150999,6.44100233832775,6.802648291974248
P1 noise aware,p1,42,100,48.84,47.62258592056438,50.057414079435624,1.66,1.4315965150896512,1.8884034849103486,1.5459653381823752,1.3290114028860447,1.7629192734787058,9.259327719568537,8.24118625921948,10.277469179917594,9.92,8.588423377868903,11.251576622131097,20,20,20,0.24517719997238177,0.2390658204386574,0.2512885795061061,6.695856630334618,6.528952002473471,6.862761258195766
P1 noise aware,p1,43,100,47.36,46.1887876580658,48.5312123419342,1.58,1.3096459904032298,1.8503540095967703,1.5637791212250352,1.3418248196460276,1.7857334228040427,9.312394011984251,8.125596118831453,10.49919190513705,8.91,7.44987407821286,10.37012592178714,20,20,20,0.2377475987783856,0.23186803026600888,0.24362716729076234,6.492951920766967,6.332381038591438,6.653522802942496
P1 noise aware,p1,44,100,48.01,46.574153634171594,49.4458463658284,1.59,1.3485879284649829,1.8314120715350173,1.6926183704202773,1.348511015652533,2.0367257251880213,9.68952108057456,8.45575296114042,10.9232892000087,8.98,7.7143715923452785,10.245628407654722,20,20,20,0.24101181883855258,0.2338037498781704,0.24821988779893475,6.582069583719937,6.385217838773149,6.778921328666725
P1 noise aware,p1,45,100,48.52,47.08659202674962,49.953407973250386,1.47,1.2682344955452522,1.6717655044547477,1.5532623941807415,1.2674395283564195,1.8390852600050636,8.874999902476192,7.728586835132658,10.021412969819727,9,7.769814007656739,10.230185992343262,20,20,20,0.24357043983979323,0.23637473153756047,0.25076614814202597,6.651984129522074,6.455467086801764,6.848501172242384
P1 noise aware,p1,46,100,47.9,46.533952305726366,49.26604769427363,1.78,1.5048092202625147,2.0551907797374853,1.4521655973370233,1.2018283751576258,1.702502819516421,9.070285363371696,7.864640240507574,10.275930486235817,10.52,9.026404083691936,12.013595916308063,20,20,20,0.24045870549014126,0.23360105038212348,0.24731636059815904,6.566985751912219,6.379703332128302,6.754268171696135
P1 noise aware,p1,47,100,48.24,46.9925485380589,49.487451461941106,1.99,1.6482452908705996,2.3317547091294006,1.71335480852406,1.4434433892917986,1.9832662277563213,9.89001832245409,8.620417744361786,11.159618900546393,10.98,9.535669812506486,12.424330187493515,20,20,20,0.24216583501125402,0.2359032975022211,0.24842837252028693,6.6136001050886195,6.442576171506365,6.784624038670874
P1 noise aware,p1,48,100,48.36,47.044595999993795,49.6754040000062,1.77,1.5473867928446292,1.9926132071553708,1.797603674890354,1.4630065134157402,2.132200836364968,10.497872833885813,9.011685810779241,11.984059856992385,10.79,9.482355184294907,12.097644815705092,20,20,20,0.2427683346477998,0.23616491700717515,0.24937175228842443,6.630052173602038,6.449712912213826,6.810391434990249
P1 noise aware,p1,49,100,49.82,48.387431479030504,51.2525685209695,1.86,1.5758733985411335,2.1441266014588667,1.5697687903164013,1.362731825495501,1.7768057551373015,9.70005516240988,8.675552769257601,10.724557555562159,9.9,8.488959492739024,11.311040507260977,20,20,20,0.2500963817215981,0.2429051165303392,0.257287646912857,6.83021103997014,6.633809855837311,7.02661222410297
P1 noise aware,p1,50,100,48.11,46.9114825461126,49.3085174538874,1.47,1.241197616032763,1.698802383967237,1.7439939666875433,1.490592305318677,1.9973956280564096,10.259023838695066,9.191046130684969,11.327001546705164,8.49,7.313506803756146,9.666493196243854,20,20,20,0.24151240378439123,0.23549553516295701,0.24752927240582545,6.595774594431637,6.431459472345733,6.760089716517541
P1 noise aware,p1,51,100,48.48,47.09673874097946,49.86326125902053,1.76,1.5234182004490036,1.9965817995509965,1.3938812916607797,1.171228438464217,1.6165341448573423,8.103158294781387,7.012390872592651,9.193925716970123,11.15,9.855154227037994,12.444845772962006,20,20,20,0.2433706024890181,0.2364263301545843,0.2503148748234519,6.646503461299778,6.4568604092029185,6.8361465133966375
P1 noise aware,p1,52,100,47.41,46.259993293651526,48.56000670634847,1.81,1.5389078161930665,2.0810921838069336,1.3715889974407265,1.2009210625804054,1.5422569323010475,8.960092002365673,7.977112331696609,9.943071673034737,10.63,9.274458925131162,11.98554107486884,20,20,20,0.23799916612560587,0.2322261739511419,0.24377215830006985,6.499808720609056,6.342145501419343,6.657471939798769
P1 noise aware,p1,53,100,47.57,46.043314515929126,49.096685484070875,1.6,1.3685921873454232,1.831407812654577,1.557426300203218,1.281731089765921,1.833121510640515,9.30312145482556,8.179205174934507,10.427037734716611,9.12,7.81443852799965,10.425561472000348,20,20,20,0.23880134858270843,0.23113712790239638,0.2464655692630205,6.521740936800987,6.31243488157398,6.731046992027995
P1 noise aware,p1,54,100,46.66,45.409721037027126,47.91027896297287,1.52,1.2685341688371476,1.7714658311628524,1.4989213821278384,1.2654567439154705,1.7323860203402064,9.029097518606722,7.952907957690881,10.105287079522563,9.48,8.088069608149326,10.871930391850675,20,20,20,0.23423353695843613,0.22795705542984182,0.24051001848703044,6.396983270710859,6.225572535361451,6.568394006060267
P1 noise aware,p1,55,100,48.67,47.368971588754235,49.97102841124577,1.81,1.5476367265169775,2.0723632734830226,1.4003674514234,1.2068150097479038,1.593919893098896,8.562430851940043,7.565493719544592,9.559367984335495,10.8,9.507666490804368,12.092333509195633,20,20,20,0.2443262751030545,0.2377950715620803,0.2508574786440287,6.6725583463694305,6.4941901100285575,6.850926582710303
P1 noise aware,p1,56,100,48.99,47.631073805380055,50.34892619461995,1.73,1.473379001307966,1.986620998692034,1.6080195397463617,1.404824321143367,1.8112147583493563,9.732928093819536,8.715340195751445,10.750515991887628,9.68,8.27464149525159,11.08535850474841,20,20,20,0.2459313869133148,0.23910916717956393,0.25275360664706564,6.71642529471492,6.530118157049542,6.902732432380298
P1 noise aware,p1,57,100,46.75,45.39253660502875,48.10746339497125,1.7,1.4762653086327198,1.9237346913672801,1.379654592016061,1.1742778951775512,1.5850312888545708,8.723655536660845,7.698695501968436,9.748615571353254,9.93,8.699733575048219,11.16026642495178,20,20,20,0.23468527647190435,0.22787101607799443,0.24149953686581427,6.409321866620111,6.223217350802245,6.595426382437977
P1 noise aware,p1,58,100,49.48,48.00865303462261,50.95134696537738,1.47,1.2446150641836742,1.6953849358163258,1.6208598997570796,1.417135024435062,1.824584775079097,9.930248523415976,8.963114977116401,10.897382069715551,9.27,7.954497179667397,10.585502820332602,20,20,20,0.24838958701595826,0.24100334193791448,0.255775832094002,6.7835978146386084,6.581879140891868,6.985316488385349
P1 noise aware,p1,59,100,48.85,47.431588041206474,50.26841195879353,1.59,1.3345307933320427,1.8454692066679574,1.6323723020027856,1.359305262827029,1.9054393411785422,8.861933610060442,7.796960826204748,9.926906393916136,8.89,7.580101844347502,10.1998981556525,20,20,20,0.24522862090839037,0.2381082224592175,0.25234901935756326,6.697231720866837,6.502770698982793,6.89169274275088
P1 noise aware,p1,60,100,47.73,46.35563900115307,49.10436099884692,1.74,1.4792315195349706,2.0007684804650294,1.5610645275463484,1.3482907515064468,1.77383830358625,9.45269789285765,8.356979211088461,10.548416574626838,10.08,8.533007800193348,11.626992199806653,20,20,20,0.23960520511717576,0.2327057094775404,0.2465047007568111,6.543678792217261,6.355256274053307,6.732101310381214
P1 noise aware,p1,61,100,47.93,46.619995203339805,49.240004796660195,1.72,1.4317245537176415,2.0082754462823584,1.6075423797474253,1.359709802039434,1.8553749574554166,9.547412431962112,8.462782138426347,10.632042725497877,8.78,7.416488481081944,10.143511518918054,20,20,20,0.24060938834810955,0.23403332937209118,0.24718544732412792,6.571098964244494,6.391500779436532,6.750697149052456
P1 noise aware,p1,62,100,47.17,45.9120367842734,48.42796321572661,1.92,1.6682257352229173,2.1717742647770826,1.5018877970694993,1.2410488104282948,1.7627267837107037,9.40032220332756,8.151235942787832,10.649408463867289,10.07,8.85784536040032,11.28215463959968,20,20,20,0.23679504252375147,0.23047979042174893,0.243110294625754,6.466907533330334,6.294442645075973,6.639372421584694
P1 noise aware,p1,63,100,48.31,46.92527657197503,49.69472342802497,1.72,1.4676099987573343,1.9723900012426656,1.6745778490909182,1.4195665546666718,1.9295891435151646,9.837946513797288,8.71150832249456,10.964384705100017,9.9,8.461722073471405,11.338277926528596,20,20,20,0.24251689607576146,0.23556563258332575,0.24946815956819718,6.623195807546442,6.433353470631174,6.81303814446171
P1 noise aware,p1,64,100,47.9,46.66430627180559,49.135693728194404,1.87,1.596116647995811,2.143883352004189,1.4446476622096702,1.2574107992378754,1.631884525181465,9.176031226191007,8.21805793385103,10.134004518530984,9.85,8.427763164532145,11.272236835467854,20,20,20,0.24045970993656016,0.23425662764932417,0.24666279222379614,6.566989135446828,6.397578614216717,6.73639965667694
P1 noise aware,p1,65,100,48.78,47.477026917338115,50.08297308266189,1.6,1.3652624074125805,1.8347375925874196,1.7089184177030816,1.4543209570505071,1.963515878355656,9.96695203003841,8.800575746937064,11.133328313139756,9.33,8.080703722292046,10.579296277707954,20,20,20,0.2448757054812634,0.23833458283364875,0.251416828128878,6.687629771883582,6.508994397034171,6.866265146732993
P1 noise aware,p1,66,100,46.86,45.63138586475113,48.08861413524887,1.75,1.4881104404254697,2.0118895595745303,1.443390203527204,1.218858476761521,1.667921930292887,8.970589244245202,7.97030330190265,9.970875186587755,9.83,8.494240866689573,11.165759133310427,20,20,20,0.2352368702731691,0.22906899175340578,0.24140474879293244,6.4244005797472665,6.255959523864293,6.59284163563024
P1 noise aware,p1,67,100,49.21,47.77745450319927,50.64254549680073,1.68,1.4043865215651645,1.9556134784348354,1.49040869480808,1.2867805743425607,1.6940368152735992,9.223885737622732,8.145495239968604,10.30227623527686,9.84,8.407881194477458,11.272118805522542,20,20,20,0.24703447149569896,0.23984309378843147,0.2542258492029664,6.7465823739400435,6.550183578032149,6.942981169847938
P1 noise aware,p1,68,100,48.19,46.70233546792296,49.67766453207704,1.66,1.404340997309765,1.915659002690235,1.6934914447906448,1.3561048916727145,2.030877997908575,9.756684989120695,8.591820711533678,10.92154926670771,9.23,7.836850485664612,10.623149514335388,20,20,20,0.24191393284856091,0.23444575025187633,0.2493821154452455,6.606742177401661,6.402786322876249,6.810698031927073
P1 noise aware,p1,69,100,47.37,46.17285610528789,48.5671438947121,1.84,1.5851010293223504,2.0948989706776495,1.4051232098173114,1.1773190833124008,1.632927336322222,8.705570824268726,7.623624619054247,9.787517029483205,9.46,8.182336549269202,10.7376634507308,20,20,20,0.2377976804525022,0.23178803832300884,0.24380732258199558,6.49432249991971,6.330196805541299,6.65844819429812
P1 noise aware,p1,70,100,48.82,47.58843318910545,50.05156681089455,1.91,1.6326811804497074,2.1873188195502924,1.6940674405603071,1.4340651163717957,1.9540697647488185,9.910478724380518,8.811559139480245,11.00939830928079,10.4,9.088590426027372,11.71140957397263,20,20,20,0.24507822135582225,0.23889545464502304,0.25126098806662145,6.693119462864835,6.524273380151647,6.861965545578022
P1 noise aware,p1,71,100,48.18,46.929050832448425,49.430949167551574,1.53,1.297830465983901,1.762169534016099,1.6907361146023927,1.44224173338785,1.9392304958169355,9.91978812149442,8.869839301472027,10.969736941516814,9.07,7.561725903858682,10.578274096141318,20,20,20,0.2418655252518092,0.23558579015866613,0.2481452603449523,6.605377237473275,6.433874991860902,6.776879483085647
P1 noise aware,p1,72,100,48.25,47.07684941161405,49.42315058838595,1.69,1.373965635419248,2.006034364580752,1.6788855029228407,1.443497785620364,1.9142732202253174,9.887108551091515,8.853029786162907,10.921187316020124,9.09,7.564881017921897,10.615118982078103,20,20,20,0.24221679235660765,0.2363275233324154,0.24810606138079988,6.614973633989476,6.454137121754853,6.775810146224099
P1 noise aware,p1,73,100,47.5,46.15802551620699,48.84197448379301,1.49,1.2479458312565952,1.7320541687434048,1.5613080129671997,1.2799460692528717,1.8426699566815277,9.149557920532825,7.965112623824192,10.334003217241458,9.38,8.030447882152053,10.729552117847948,20,20,20,0.2384514464948382,0.2317146111629597,0.24518828182671673,6.512149138421558,6.328167008785397,6.6961312680577185
P1 noise aware,p1,74,100,46.83,45.47034299571806,48.18965700428193,1.64,1.380873560756237,1.8991264392437628,1.5327391286822143,1.245321471284922,1.8201567860795065,8.568793637735725,7.36604442709397,9.77154284837748,9.2,7.91549706190301,10.484502938096988,20,20,20,0.23508603288498264,0.22826031112866185,0.24191175464130343,6.420286846871209,6.233880078150202,6.606693615592215
P1 noise aware,p1,75,100,47.8,46.403471779480604,49.19652822051939,1.71,1.4814691312321286,1.9385308687678713,1.5687995166514614,1.3020823630564928,1.83551667024643,9.28315829478357,8.08441110896496,10.48190548060218,10.31,8.8034145696344,11.8165854303656,20,20,20,0.23995737364824765,0.23294657209022215,0.24696817520627315,6.553278225238885,6.361816541087031,6.744739909390739
P1 noise aware,p1,76,100,47.43,46.143005693466165,48.716994306533834,1.66,1.4058633343091067,1.9141366656908931,1.561477283489137,1.2943222432229011,1.828632323755373,9.57430929959286,8.37319782798992,10.775420771195801,9.55,8.135971997476998,10.964028002523003,20,20,20,0.2380996642893121,0.23163916728889072,0.24456016128973346,6.5025510067594,6.326107675300707,6.678994338218092
P1 noise aware,p1,77,100,48.35,47.074477987630004,49.62552201237,1.72,1.4441050822204844,1.9958949177795156,1.6059992268821772,1.3814878383395826,1.830510615424772,9.72434613954858,8.688128415595154,10.760563863502005,8.56,7.303807089382023,9.816192910617978,20,20,20,0.2427183559938288,0.23631490831460258,0.249121803673055,6.628681941478492,6.453809611557318,6.8035542713996655
P1 noise aware,p1,78,100,49.02,47.767624740137705,50.2723752598623,1.69,1.400897902763984,1.9791020972360158,1.3989605494973438,1.208112847648958,1.5898082513457297,9.066795508989744,8.119842490728788,10.0137485272507,10.28,8.927489537522495,11.632510462477503,20,20,20,0.24608057597917288,0.23979379437238288,0.25236735758596285,6.720533475123931,6.548836094398732,6.89223085584913
P1 noise aware,p1,79,100,47.71,46.383206792086405,49.0367932079136,2.02,1.7400560056011203,2.29994399439888,1.5123235370130192,1.22262152695535,1.8020255470706885,9.162854413910681,7.841513746328195,10.484195081493167,9.92,8.57364327839232,11.26635672160768,20,20,20,0.23950669009127104,0.23284621486707122,0.24616716531547086,6.540943186378833,6.359042881556681,6.722843491200985
P1 noise aware,p1,80,100,48.75,47.39597123406114,50.10402876593886,1.67,1.4223044847341229,1.917695515265877,1.713244878450171,1.4436636014474367,1.9828261554529054,9.997946513799326,8.73804650127802,11.25784652632063,9.63,8.087535734709888,11.172464265290113,20,20,20,0.24472558923409554,0.23792815780792792,0.25152302066026316,6.683518468211856,6.4978834417635065,6.869153494660206
P1 noise aware,p1,81,100,48.64,47.48144603958559,49.79855396041441,1.76,1.497008894416253,2.0229911055837473,1.474458279977818,1.2646418820266367,1.6842746779289994,9.553848897669232,8.60115319760878,10.506544597729684,10.27,8.901014017676594,11.638985982323405,20,20,20,0.24417317127166638,0.23835718257531288,0.24998915996801988,6.668436978851174,6.509601649426072,6.827272308276276
P1 noise aware,p1,82,100,47.6,46.19240122796647,49.00759877203353,1.72,1.4585479057728592,1.9814520942271407,1.660541200269884,1.408304445039989,1.912777955499779,9.971473208139068,8.848148789669144,11.094797626608992,9.62,8.19057702904319,11.049422970956808,20,20,20,0.23895383429322323,0.2318877957728837,0.24601987281356275,6.525860222144092,6.332881925816787,6.718838518471397
P1 noise aware,p1,83,100,46.94,45.692952990120865,48.18704700987913,1.54,1.3045691368721353,1.7754308631278648,1.345820660380523,1.1586915563948572,1.5329497643661887,8.739438239437368,7.74861139776346,9.730265081111275,8.43,7.248648573228375,9.611351426771625,20,20,20,0.23564009916974019,0.22937977569306353,0.24190042264641684,6.435373888698937,6.264406023439948,6.606341753957926
P1 noise aware,p1,84,100,48.4,47.01771531532215,49.78228468467785,1.62,1.3321286594902706,1.9078713405097296,1.4301998716766895,1.2404555505149342,1.6199441928384448,8.955764185275475,7.947086397483317,9.964441973067633,9.19,7.827594558039777,10.552405441960222,20,20,20,0.2429679659582839,0.23602889389274254,0.24990703802382527,6.635532147765957,6.4460239851884005,6.825040310343514
P1 noise aware,p1,85,100,47.89,46.59859914508283,49.18140085491717,1.86,1.592764231511581,2.1272357684884193,1.5783733926719135,1.3714511151724977,1.7852956701713292,9.471473208138923,8.42789471796262,10.515051698315226,10,8.697795497759063,11.302204502240937,20,20,20,0.2404079026750059,0.23392507295070064,0.24689073239931114,6.565612743555147,6.388564570267818,6.742660916842476
P1 noise aware,p1,86,100,48.2,46.93467209503991,49.4653279049601,1.74,1.4417477875652516,2.0382522124347484,1.6409937203933778,1.366406353798751,1.9155810869880046,9.505266943396128,8.329428854765071,10.681105032027185,8.42,7.117146047395112,9.722853952604888,20,20,20,0.24196419480793224,0.23561237909659358,0.2483160105192709,6.6081133638554865,6.4346401646474085,6.7815865630635646
P1 noise aware,p1,87,100,47.7,46.50712776810919,48.89287223189081,1.72,1.4851301981131166,1.9548698018868833,1.448541175877055,1.201978075065544,1.695104276688566,8.876298267110542,7.773799195740735,9.978797338480348,9.77,8.449786016119992,11.090213983880007,20,20,20,0.23945488282971675,0.2334664817594473,0.2454432838999862,6.539566794487156,6.376026052950326,6.703107536023985
P1 noise aware,p1,88,100,47.04,45.77285789847605,48.30714210152395,1.86,1.5664689261540934,2.153531073845907,1.557066674200128,1.2451907723737403,1.8689425760265157,9.337412431964113,8.165537696972635,10.509287166955591,10.41,9.150483069032441,11.669516930967559,20,20,20,0.23614171431703404,0.22978040864228308,0.242503019991785,6.449082369702544,6.275359158726168,6.62280558067892
P1 noise aware,p1,89,100,47.75,46.3447809401874,49.1552190598126,1.94,1.6687289506375178,2.211271049362482,1.7229464165136077,1.4383065278789304,2.0075863051482847,10.173388495745458,9.02179923311075,11.324977758380166,10.65,9.320845776632769,11.979154223367232,20,20,20,0.23970601234131841,0.23265179598301142,0.2467602286996254,6.5464221194551815,6.3537696589015455,6.739074580008817
P1 noise aware,p1,90,100,47.52,46.10484594349719,48.93515405650282,1.8,1.5446751326666597,2.0553248673333404,1.624174401617256,1.3618888873531376,1.8864599158813742,9.331703409100955,8.256003616645039,10.407403201556871,11.03,9.60801419774381,12.45198580225619,20,20,20,0.23855034784628856,0.2314463184381231,0.24565437725445402,6.514886045619449,6.320871723192486,6.708900368046413
P1 noise aware,p1,91,100,47.54,46.228170321476696,48.8518296785233,1.67,1.445304790950726,1.894695209049274,1.4869614698868474,1.2992255876518364,1.6746973521218584,8.813885737624368,7.87508531496915,9.752686160279586,9.75,8.547448722192032,10.952551277807968,20,20,20,0.238652004986632,0.23206662006131237,0.24523738991195163,6.517632235848189,6.33778330800911,6.697481163687268
P1 noise aware,p1,92,100,47.05,45.895184924507014,48.20481507549298,1.94,1.6467334401069307,2.233266559893069,1.4949212364401256,1.2739245209204684,1.715917951959783,8.890478724380372,7.841820329614703,9.939137119146043,9.68,8.497458463112332,10.862541536887667,20,20,20,0.23619174448107785,0.23039461294177957,0.24198887602037614,6.450452775340694,6.292130334978194,6.6087752157031945
P1 noise aware,p1,93,100,47.95,46.59396664323975,49.30603335676025,1.75,1.5097480278936088,1.9902519721063912,1.7141665055858024,1.491161184564796,1.9371718266068088,10.111243007177036,9.097733045037984,11.124752969316088,9.23,8.081762759177304,10.378237240822697,20,20,20,0.2407096032064154,0.23390205727768687,0.24751714913514394,6.573840296064565,6.387930271132308,6.759750320996823
P1 noise aware,p1,94,100,47.98,46.59800168340525,49.36199831659474,1.67,1.4223044847341229,1.917695515265877,1.520059942471444,1.2680155310499732,1.7721043538929149,8.994152778542265,7.873493978366218,10.114811578718312,9.49,8.354458551076966,10.625541448923034,20,20,20,0.2408598739838016,0.23392223836470766,0.24779750960289554,6.57795212028008,6.388483214560206,6.767421025999954
P1 noise aware,p1,95,100,46.99,45.656729880892456,48.32327011910755,1.73,1.4212194830032703,2.03878051699673,1.4089135881972428,1.1809061130441623,1.6369210633503233,8.704576340510465,7.641740103234088,9.767412577786843,9.06,7.642560929854212,10.477439070145788,20,20,20,0.23589048178528685,0.22919745077774037,0.24258351279283333,6.442226697705329,6.259438282162124,6.6250151132485335
P1 noise aware,p1,96,100,47.76,46.5013999606746,49.0186000393254,1.89,1.6473054328393546,2.1326945671606454,1.6555825803049609,1.4410637746549095,1.8701013859550122,9.978830477691298,8.943488212454623,11.014172742927974,10.54,9.222267583453998,11.857732416546,20,20,20,0.23975609401543513,0.23343754248497686,0.2460746455458934,6.547792698607919,6.375240157489752,6.720345239726087
P1 noise aware,p1,97,100,48.48,47.0777927379818,49.88220726201819,1.66,1.4120461300641556,1.9079538699358443,1.5882112592691997,1.3730547053513296,1.8033678131870698,9.301970450018416,8.306215157520443,10.29772574251639,9.03,7.878186118429814,10.181813881570186,20,20,20,0.2433700873882904,0.23633074955206068,0.25040942522452014,6.646501726153827,6.4542613654875725,6.838742086820081
P1 noise aware,p1,98,100,47.41,46.14648428980919,48.673515710190806,1.66,1.4104860676750848,1.909513932324915,1.482499158593491,1.275591560172851,1.6894067570141311,9.421933610062988,8.452598600757373,10.391268619368603,9.17,7.782656103021011,10.557343896978988,20,20,20,0.23799986151158817,0.23165688079487892,0.2443428422282974,6.499811063056091,6.3265854283113985,6.673036697800784
P1 noise aware,p1,99,100,48.75,47.33432642294642,50.16567357705358,1.71,1.449715589899406,1.9702844101005939,1.4739304398309525,1.2561148060154457,1.6917460736464593,8.80821355471664,7.880461886479604,9.735965222953675,9.05,7.774782244778438,10.325217755221564,20,20,20,0.24472620735496864,0.23761916741248545,0.2518332472974518,6.6835205503870005,6.489433646863562,6.877607453910439
P1 noise aware,p1,100,100,47.69,46.56537783565979,48.81462216434021,1.9,1.6058350631006302,2.1941649368993694,1.4434901990452818,1.2296389828378387,1.6573414152527248,8.745764185275474,7.738104692780149,9.7534236777708,9.76,8.230555432435512,11.289444567564487,20,20,20,0.2394055222966189,0.23375981187720868,0.24505123271602913,6.538198644538752,6.384015088937798,6.692382200139705
P1 noise aware,p1,101,100,46.63,45.2464091624846,48.0135908375154,1.56,1.315037619049765,1.804962380950235,1.5886812940946369,1.2604468625325418,1.916915725656732,9.415533984313733,8.186832283079564,10.644235685547901,8.81,7.453302918068587,10.166697081931414,20,20,20,0.23408324042601358,0.22713787587910875,0.24102860497291842,6.392871359738049,6.203185017109583,6.582557702366515
P1 noise aware,p1,102,100,48.19,47.0747328433478,49.30526715665219,1.76,1.4868756926366178,2.0331243073633822,1.603155316079069,1.364527138401151,1.841783493756987,9.586454788161427,8.577219073385791,10.595690502937064,9.32,8.109887874967152,10.530112125032849,20,20,20,0.2419143191741066,0.23631592770253199,0.24751271064568123,6.606743478761129,6.45384367582552,6.7596432816967384
P1 noise aware,p1,103,100,48.49,47.01285839828568,49.967141601714324,1.77,1.4916197760419951,2.048380223958005,1.615638949414417,1.357035041330068,1.874242857498766,9.253351655790029,8.087765705168342,10.418937606411715,9.45,8.161764075186614,10.738235924813385,20,20,20,0.2434189328206607,0.23600386391324876,0.25083400172807263,6.647868140956276,6.445355928815703,6.850380353096849
P1 noise aware,p1,104,100,47.6,46.24264380563397,48.957356194366035,1.53,1.2564001565361662,1.8035998434638338,1.6883689852977648,1.332829450997592,2.0439085195979376,9.819364559526512,8.488641938833425,11.1500871802196,8.5,7.073370433787411,9.926629566212588,20,20,20,0.2389535252327868,0.2321395184765645,0.24576753198900908,6.525859181056525,6.3397684039018865,6.7119499582111635
P1 noise aware,p1,105,100,48.75,47.18611967959001,50.31388032040999,1.72,1.4290448581903825,2.0109551418096174,1.7791561564784124,1.4520573755912483,2.1062549373655766,9.824502660599318,8.6594841737698,10.989521147428837,9.01,7.733529171441189,10.28647082855881,20,20,20,0.24472579527438662,0.23687501020904303,0.2525765803397302,6.68351916227024,6.46911429540657,6.897924029133911
P1 noise aware,p1,106,100,48.14,46.61134214595042,49.668657854049584,1.71,1.4764307374587993,1.9435692625412007,1.514423897321472,1.2410737867578971,1.787774007885047,8.9088304776913,7.79711880550775,10.020542149874851,9.51,8.29425248567564,10.72574751432436,20,20,20,0.24166406533374205,0.2339905428013582,0.2493375878661259,6.599891103541223,6.390316660033737,6.809465547048709
P1 noise aware,p1,107,100,48.06,46.6181328804973,49.501867119502705,1.7,1.429187082354559,1.970812917645441,1.4689597432681887,1.2522879262641324,1.685631560272245,8.61936455952622,7.659877884759186,9.578851234293253,9.11,7.819200245404173,10.400799754595827,20,20,20,0.24126117125264404,0.23402290123212072,0.24849944127316737,6.588918922434423,6.391241823528713,6.786596021340133
P1 noise aware,p1,108,100,48.3,46.76261452426201,49.83738547573798,1.86,1.6092450058907959,2.1107549941092043,1.5528381595244583,1.299093966009255,1.8065823530396614,8.977449271920122,7.859107509128264,10.09579103471198,10.16,8.94641684623133,11.37358315376867,20,20,20,0.24246537211960756,0.2347480547570237,0.2501826894821914,6.621820369985037,6.411049449001904,6.832591290968169
P1 noise aware,p1,109,100,48.77,47.59437787215673,49.94562212784328,1.7,1.429187082354559,1.970812917645441,1.4989792274240714,1.3056613679647133,1.6922970868834295,9.386721829078452,8.43414345778035,10.339300200376554,9.53,8.22408933991593,10.83591066008407,20,20,20,0.24482616466291074,0.23892460952684338,0.2507277197989781,6.6862610146340975,6.525086067431704,6.847435961836491
P1 noise aware,p1,110,100,47.81,46.49690638151384,49.123093618486166,1.78,1.4870511721177646,2.0729488278822354,1.6004183998657426,1.3596377602000158,1.8411990395314695,9.439060678653332,8.389947541404457,10.488173815902208,10,8.64121515962819,11.35878484037181,20,20,20,0.2400061160604724,0.23341418449049767,0.24659804763044713,6.554644293012145,6.374621402373291,6.734667183650999
P1 noise aware,p1,111,100,48.78,47.50990313516622,50.05009686483378,1.69,1.4174801788322673,1.9625198211677326,1.6872507216411865,1.356351945851101,2.018149497431272,10.165994386237507,8.789909459703159,11.542079312771856,9.76,8.29482675261644,11.225173247383559,20,20,20,0.2448756282161542,0.23849980982697483,0.25125144660533355,6.68762951161169,6.5135022879075075,6.861756735315873
P1 noise aware,p1,112,100,48.46,47.022283356895876,49.897716643104125,1.81,1.5676254205415165,2.052374579458484,1.5625869278300115,1.2342486011657592,1.8909252544942639,9.308563436773838,8.042268000154342,10.574858873393334,10.62,9.318457197683216,11.921542802316782,20,20,20,0.24326861053320176,0.23605133110559734,0.2504858899608062,6.643756143226173,6.446648588085832,6.840863698366514
P1 noise aware,p1,113,100,48.84,47.462856509900575,50.21714349009943,1.74,1.483734594648833,1.996265405351167,1.5871600254692328,1.37723238579731,1.7970876651411556,9.254079098631264,8.356088352975753,10.152069844286775,9.94,8.54936932322348,11.330630676776519,20,20,20,0.24517658185150862,0.23826328102888344,0.2520898826741338,6.695854548159473,6.507051105341862,6.884657990977084
P1 noise aware,p1,114,100,47.86,46.59558630730974,49.12441369269026,1.82,1.53538216017355,2.1046178398264503,1.5515955678186497,1.3214174649288912,1.7817736707084082,9.15381205771395,8.098752091759101,10.208872023668798,10.2,8.786623900018116,11.613376099981883,20,20,20,0.24025791520301992,0.23391057597208437,0.24660525443395548,6.561501873669909,6.388153630483281,6.734850116856537
P1 noise aware,p1,115,100,48.36,47.099736180256876,49.62026381974312,1.69,1.4428691051448255,1.9371308948551744,1.631740481060291,1.4025037725858491,1.8609771895347327,10.137909673843751,9.125008947722987,11.150810399964515,9.56,8.231153814678906,10.888846185321094,20,20,20,0.242766866610726,0.23644042636467605,0.24909330685677594,6.63004722843607,6.457268148144632,6.802826308727509
P1 noise aware,p1,116,100,47.76,46.40891332983297,49.111086670167026,1.72,1.469152173780214,1.970847826219786,1.6701588833923362,1.411259076609673,1.9290586901749993,9.494806541472208,8.409510150348515,10.580102932595901,9.48,8.072544586493022,10.887455413506979,20,20,20,0.23975619703558046,0.23297374926060432,0.2465386448105566,6.5477930456371105,6.362562095887654,6.733023995386567
P1 noise aware,p1,117,100,47.75,46.444113111461576,49.055886888538424,1.63,1.3721721473227502,1.8878278526772496,1.3838711032162672,1.1683746296758126,1.5993675767567217,8.606261427154678,7.6597820234191,9.552740830890254,9.12,7.82338581955568,10.416614180444318,20,20,20,0.2397069652776646,0.2331514382616181,0.2462624922937111,6.546425329475195,6.367391229466105,6.725459429484284
P1 noise aware,p1,118,100,47.74,46.512144104793265,48.96785589520674,1.65,1.3956267754386529,1.904373224561347,1.3686460583635809,1.185684577264778,1.5516075394623838,8.58055240429152,7.620387387156632,9.540717421426407,10.27,8.78385954631441,11.756140453685589,20,20,20,0.23965505499596493,0.23349120813252186,0.245818901859408,6.545048590554322,6.3767122466897765,6.713384934418868
P1 noise aware,p1,119,100,47.28,45.859754913169326,48.70024508683068,1.89,1.6129611732714138,2.167038826728586,1.41741024703724,1.19148549646711,1.6433349976073701,8.438867317646872,7.336918590730833,9.540816044562913,9.56,8.303189437384047,10.816810562615954,20,20,20,0.2373447562073603,0.23021526836108425,0.24447424405363638,6.48197991317476,6.287267953689713,6.676691872659807
P1 noise aware,p1,120,100,47.73,46.312551348230194,49.1474486517698,1.69,1.4336210538277292,1.9463789461722707,1.5890753947877099,1.3128148136097708,1.865335975965649,9.384346139548434,8.256778972003373,10.511913307093495,9.41,8.188330191247994,10.631669808752006,20,20,20,0.239605823238049,0.2324904905413479,0.24672115593475008,6.543680874392405,6.349352694204724,6.738009054580086
P1 noise aware,p1,121,100,48.69,47.36016863589036,50.019831364109635,1.71,1.4572796602942095,1.9627203397057904,1.6814058998074466,1.3931126650716092,1.969699134543284,9.658139874805492,8.484486910846694,10.83179283876429,9.59,8.289854728241199,10.8901452717588,20,20,20,0.2444254082498326,0.23774965007007967,0.2511011664295855,6.675296034382999,6.492979099289719,6.857612969476279
P1 noise aware,p1,122,100,48.88,47.614279615987385,50.14572038401262,1.58,1.327456299211244,1.8325437007887562,1.4448278937738197,1.2021503573940853,1.6875054301535541,8.734843381427927,7.57979503420094,9.889891728654915,9.18,7.952852218197075,10.407147781802925,20,20,20,0.24537778421921203,0.23902393325736518,0.2517316351810589,6.701339814518551,6.527812588233974,6.874867040803128
P1 noise aware,p1,123,100,47.97,46.504208475418366,49.43579152458163,1.81,1.5318428930233559,2.0881571069766443,1.5213526789837826,1.2791704903541612,1.763534867613404,9.236988869996349,8.225036478063888,10.24894126192881,9.94,8.429780876692378,11.45021912330762,20,20,20,0.24080999834997605,0.2334518094532663,0.2481681872466858,6.576582235185722,6.375625765320274,6.777538705051169
P1 noise aware,p1,124,100,48.72,47.36978671883052,50.07021328116948,1.67,1.4577374943304133,1.8822625056695865,1.726007564488167,1.4994276945069118,1.952587434469422,10.286261427154823,9.308224727896846,11.2642981264128,10.04,8.735437573108682,11.344562426891317,20,20,20,0.24457575629232778,0.237797594801492,0.2513539177831635,6.6794081188704055,6.4942965782729845,6.864519659467827
P1 noise aware,p1,125,100,48.99,47.67933185425035,50.300668145749654,1.77,1.471442197870963,2.0685578021290367,1.4972788620069042,1.295084025812592,1.6994736982012164,9.105073582389814,8.111903791241277,10.09824337353835,9.33,7.993659989434432,10.666340010565568,20,20,20,0.24593043397696857,0.2393505368772395,0.2525103310766976,6.716422084694911,6.53673124480015,6.896112924589672
P1 noise aware,p1,126,100,46.68,45.411645796532156,47.948354203467844,1.81,1.5644443069610514,2.055555693038949,1.4638143622684054,1.2892088999207514,1.6384198246160595,9.481970450018562,8.446931948296829,10.517008951740294,9.38,8.153041960823847,10.606958039176154,20,20,20,0.234334627487979,0.22796738694472377,0.24070186803123425,6.3997275522790495,6.225838669884959,6.5736164346731405
P1 noise aware,p1,127,100,47.99,46.61941628655687,49.360583713443134,1.85,1.5573228413560103,2.14267715864399,1.6200273087923096,1.3485340284721605,1.8915205891124587,9.451666569145381,8.390642477864716,10.512690660426045,9.91,8.529936222232077,11.290063777767923,20,20,20,0.2409108055741188,0.23403050134648168,0.24779110980175595,6.579325562423638,6.3914216745341035,6.767229450313173
P1 noise aware,p1,128,100,48.36,47.00278103476412,49.71721896523588,1.62,1.3680716600204565,1.8719283399795437,1.6956727510876035,1.430086185127133,1.961259317048074,9.857182231002517,8.684978732217512,11.02938572978752,10.15,8.64969157379645,11.650308426203551,20,20,20,0.24276787105714487,0.23595447036712583,0.2495812717471639,6.6300506119706775,6.4439783698369535,6.816122854104401
P1 noise aware,p1,129,100,48.52,47.08172746938446,49.958272530615545,1.76,1.478480245593294,2.041519754406706,1.546572767066996,1.3004313543737314,1.7927141797602606,9.282697892859506,8.16878211074341,10.396613674975603,9.37,8.066706809267346,10.673293190732652,20,20,20,0.24357069739015696,0.23635062500727788,0.25079076977303605,6.651984997095052,6.45480122303225,6.849168771157855
P1 noise aware,p1,130,100,48.96,47.56683238103039,50.353167618969614,2.13,1.8589650781008304,2.4010349218991696,1.6899846563031802,1.3954374551078212,1.984531857498539,9.555994386237362,8.341034442515673,10.770954329959052,11.47,10.124573093322375,12.815426906677626,20,20,20,0.24577913299812715,0.23878532392941526,0.25277294206683903,6.71230679018749,6.521306248783943,6.903307331591038
P1 noise aware,p1,131,100,47.49,46.11743587355194,48.86256412644806,1.79,1.5564307374587993,2.023569262541201,1.5325442733391725,1.287169539582581,1.777919007095764,9.337449271920123,8.202690387935888,10.472208155904358,11.4,10.137742538548535,12.662257461451466,20,20,20,0.23840136482072155,0.23151070966166698,0.24529201997977612,6.510778559268817,6.322601782380225,6.698955336157409
P1 noise aware,p1,132,100,48.81,47.445317899748275,50.17468210025173,1.61,1.3533185238432268,1.8666814761567734,1.7291621635652095,1.4796443952806397,1.9786799318497792,9.703581856751626,8.670142629470725,10.737021084032527,8.89,7.488231432234352,10.291768567765649,20,20,20,0.24502808817163288,0.2381774241540088,0.2518787521892569,6.691748710197502,6.504653967904595,6.878843452490409
P1 noise aware,p1,133,100,48.19,46.84825830723607,49.53174169276392,1.52,1.2624356634261114,1.7775643365738887,1.5911749987282944,1.3656166187624525,1.8167333786941362,9.793848897669378,8.702687507564267,10.885010287774488,8.54,7.255068160279592,9.824931839720406,20,20,20,0.24191465398957968,0.23517903189710002,0.24865027608205933,6.606744606605998,6.422794542498262,6.790694670713735
P1 noise aware,p1,134,100,47.39,45.88413591824253,48.89586408175747,1.59,1.3098966453379588,1.8701033546620414,1.4894300165390648,1.2696429277505146,1.709217105327615,9.072891253865965,8.112914140272165,10.032868367459765,8.55,7.199127315362026,9.900872684637974,20,20,20,0.23789884824715435,0.23033937324186843,0.24545832325244027,6.497067041759794,6.290616303089167,6.703517780430421
P1 noise aware,p1,135,100,48.14,46.8162152794874,49.4637847205126,1.73,1.4779561654286013,1.9820438345713987,1.63803247449783,1.2468047776137352,2.029260171381925,9.467605792971007,8.105609877341728,10.829601708600286,9.07,7.8159913805010035,10.324008619498997,20,20,20,0.24166192766572223,0.23501645684623224,0.24830739848521222,6.599883902685516,6.4183957240012415,6.78137208136979
P1 noise aware,p1,136,100,49,47.68003734365649,50.31996265634351,1.48,1.2428284650939387,1.7171715349060612,1.6574341684100238,1.4097324430399516,1.905135893780096,9.711896770107124,8.636901402638129,10.78689213757612,8.93,7.618219129533742,10.241780870466258,20,20,20,0.24598074744641263,0.23935451220064866,0.25260698269217663,6.717793444663326,6.536829426902574,6.898757462424078
P1 noise aware,p1,137,100,47.93,46.69626892506814,49.16373107493186,1.66,1.4089356990085542,1.9110643009914456,1.2865453394554007,1.1206476612566965,1.452443017654105,8.673581856747187,7.731246387474657,9.615917326019717,8.67,7.38336755517327,9.956632444826731,20,20,20,0.24060980042869168,0.23441624609543585,0.2468033547619475,6.571100352361258,6.401957813427095,6.740242891295421
P1 noise aware,p1,138,100,48.28,46.97658027659793,49.58341972340207,1.71,1.4174289270497291,2.002571072950271,1.4951410110377035,1.295596943917305,1.694685078158102,9.345994386225502,8.450275017024548,10.241713755426456,9.5,8.164111599652943,10.835888400347057,20,20,20,0.24236526028144711,0.23582218628278914,0.2489083342801051,6.619079385194153,6.4403837563480595,6.797775014040247
P1 noise aware,p1,139,100,47.23,45.84243236088062,48.61756763911937,2.03,1.6951735477425456,2.364826452257454,1.4502376602820513,1.19939952562554,1.7010757949385624,9.060092002356832,7.828895898412383,10.29128810630128,9.93,8.493407932190586,11.366592067809414,20,20,20,0.23709542954830545,0.23012960180668354,0.24406125728992736,6.475130661217573,6.284897424929419,6.665363897505728
P1 noise aware,p1,140,100,48.15,46.715808530315016,49.58419146968498,1.88,1.582190472369545,2.1778095276304548,1.6048804255247986,1.319247493793874,1.8905133572557231,9.317219070947031,8.13792920681861,10.496508935075452,10.26,8.836060309982168,11.683939690017832,20,20,20,0.2417140182326767,0.23451411647310197,0.2489139199922514,6.601261248907476,6.404635913599449,6.797886584215503
P1 noise aware,p1,141,100,49.21,47.766391357210914,50.65360864278909,1.89,1.607414022379958,2.1725859776200416,1.6430064548021324,1.358425164818521,1.9275877447857437,9.334769701503975,8.001314551873552,10.668224851134397,9.13,7.844997193887433,10.415002806112568,20,20,20,0.24703524414679034,0.2397881294322546,0.2542823588613261,6.746584976658971,6.548668774174543,6.944501179143399
P1 noise aware,p1,142,100,48.96,47.5348889908913,50.385111009108705,1.45,1.2230366469309115,1.6769633530690884,1.7366704608480197,1.4641182406662625,2.009222681029777,9.859484240607417,8.695897390424914,11.02307109078992,8.89,7.622559356718264,10.157440643281738,20,20,20,0.24578124491111042,0.23862699449508473,0.2529354953271361,6.712313904285895,6.516933707067887,6.907694101503903
P1 noise aware,p1,143,100,47.98,46.56580598190769,49.39419401809231,1.77,1.5059266370682174,2.0340733629317826,1.5130799716980892,1.2550906242145026,1.7710693191816758,9.285690505350649,8.159633758866137,10.41174725183516,9.51,8.170052587191979,10.84994741280802,20,20,20,0.24086005426905643,0.23376079188983834,0.24795931664827453,6.5779527275811605,6.384069848225659,6.771835606936662
P1 noise aware,p1,144,100,48.54,47.14780758092957,49.932192419070425,1.73,1.4733790013079657,1.9866209986920342,1.7302612723007733,1.4671688808238015,1.9933536637777451,9.429097518597263,8.407938729474536,10.450256307719991,9.85,8.501715058740073,11.198284941259926,20,20,20,0.2436718909398454,0.2366830237507789,0.2506607581289119,6.654729625692434,6.46386293822773,6.845596313157139
P1 noise aware,p1,145,100,46.63,45.312198383440794,47.94780161655921,1.53,1.302899911710695,1.757100088289305,1.5584648124801808,1.3416593808607882,1.7752702440995733,9.609521080563864,8.520129721722402,10.698912439405326,9.92,8.62566228565035,11.21433771434965,20,20,20,0.23408254504003126,0.2274670882441268,0.2406980018359357,6.392869017291014,6.212201037472054,6.573536997109974
P1 noise aware,p1,146,100,47.9,46.451506139244465,49.34849386075553,1.84,1.5535610657918464,2.1264389342081538,1.5899215989824873,1.3834277574491094,1.7964154405158652,9.384539500542305,8.351287304656353,10.417791696428257,9.95,8.561168894939403,11.338831105060596,20,20,20,0.2404575207584676,0.23318612791480123,0.24772891360213398,6.566981761076528,6.368396633830333,6.765566888322724
P1 noise aware,p1,147,100,47.84,46.68271949289673,48.99728050710328,1.87,1.6167275001269992,2.1232724998730013,1.4756894029852732,1.2830404370567348,1.6683383689138116,9.259327719558932,8.287052957869632,10.231602481248233,10.28,8.949181270606303,11.610818729393696,20,20,20,0.24015703071376798,0.2343475555659244,0.24596650586161156,6.558758286160096,6.400097951325593,6.717418620994598
P1 noise aware,p1,148,100,48.28,46.903882542011104,49.6561174579889,2.08,1.786918741918928,2.373081258081072,1.747254314975242,1.5212618825906226,1.9732467473598614,10.419594760476903,9.301564348158257,11.537625172795549,11.91,10.424058000234643,13.395941999765357,20,20,20,0.24236752672464879,0.23545931266680828,0.2492757407824893,6.619087019836346,6.430424028434551,6.8077500112381415
P1 noise aware,p1,149,100,48.18,46.85084431690679,49.50915568309321,1.89,1.601973685265047,2.178026314734953,1.6540759806831493,1.392024363687943,1.9161275976783556,10.082697892848664,8.905423659508727,11.2599721261886,10.1,8.83881895979934,11.361181040200659,20,20,20,0.2418640829697718,0.2351920568794365,0.2485361090601071,6.605372379064607,6.423149224116594,6.78759553401262
P1 noise aware,p1,150,100,48.85,47.61089594113857,50.08910405886143,1.63,1.3752,1.8847999999999998,1.6609372190521399,1.4063542085843983,1.9155202295198814,10.021243007165321,8.82466384552735,11.217822168803291,9.84,8.430549906502325,11.249450093497675,20,20,20,0.24522795127744426,0.23900769979344386,0.2514482027614447,6.697229465177095,6.527351229136338,6.8671077012178525
P1 noise aware,p1,151,100,48.85,47.44948322668979,50.25051677331021,1.69,1.4022432593001826,1.9777567406998173,1.5463421242333666,1.2778400906475413,1.8148441578191918,9.504079098618822,8.384949558301999,10.623208638935646,9.02,7.730377710296146,10.309622289703853,20,20,20,0.2452280542975899,0.2381974315814411,0.2522586770137387,6.697229812206285,6.505221984696889,6.889237639715682
P1 noise aware,p1,152,100,47.63,46.320765583567365,48.93923441643264,1.56,1.2880146646852764,1.8319853353147237,1.523923980703267,1.2825914301766534,1.7652565312298805,9.147679472870369,7.977104251668279,10.31825469407246,9.22,7.804818523398088,10.635181476601915,20,20,20,0.23910289458389955,0.23253057167587396,0.24567521749192514,6.529967968766617,6.350474959180383,6.709460978352851
P1 noise aware,p1,153,100,47.91,46.50403003379923,49.31596996620076,1.55,1.2925939025782431,1.807406097421757,1.5356469582800671,1.27917012740525,1.7921237891548842,9.105073582378681,7.957284354572998,10.252862810184364,9.21,7.895842953898516,10.524157046101486,20,20,20,0.24050822055345747,0.23345018862248315,0.2475662524844318,6.568354422404408,6.375598859059867,6.7611099857489485
P1 noise aware,p1,154,100,47.63,46.39834654552541,48.86165345447459,1.46,1.2329597232367628,1.687040276763237,1.4586063150119215,1.223751162151708,1.693461467872135,8.785073582378681,7.711074153158497,9.859073011598865,8.52,7.222129485532847,9.817870514467153,20,20,20,0.23910307486915425,0.2329198287298973,0.2452863210084112,6.529968576067701,6.361110464879699,6.698826687255703
P1 noise aware,p1,155,100,47.48,46.141505687782576,48.81849431221742,1.9,1.648503308453996,2.151496691546004,1.3974600047743033,1.1663560756364915,1.6285639339121152,8.501703409088659,7.505445126208864,9.497961691968454,10.74,9.444182127774202,12.035817872225799,20,20,20,0.23835043323040422,0.23163106739468342,0.24506979906612503,6.509405117125255,6.325900108007661,6.692910126242849
P1 noise aware,p1,156,100,49.19,47.93461821880128,50.44538178119871,1.43,1.2084351302323595,1.6515648697676404,1.637800771575457,1.3770430690560886,1.8985584740948254,9.835533984301874,8.7723201348443,10.898747833759447,9.12,7.737356035369446,10.502643964630552,20,20,20,0.24693502928848435,0.24063283499254567,0.253237223584423,6.743843644838901,6.571732999217166,6.915954290460637
P1 noise aware,p1,157,100,48.03,46.810122946416904,49.2498770535831,1.77,1.500112867586422,2.039887132413578,1.5281984157144033,1.2721215565954727,1.784275274833334,8.96978812148198,7.886230708404478,10.053345534559481,9.51,8.208840362436552,10.811159637563447,20,20,20,0.2411104626396392,0.23498649732624952,0.24723442795302888,6.584805623344851,6.417562580557605,6.752048666132096
P1 noise aware,p1,158,100,47.98,46.7895765316748,49.1704234683252,1.55,1.2910907885030356,1.8089092114969645,1.7324092231761774,1.4784110506651276,1.9864073956872272,10.060708925328655,9.008558049110793,11.112859801546517,8.76,7.445894628396654,10.074105371603347,20,20,20,0.2408601830442382,0.23488420980812938,0.24683615628034702,6.5779531613676525,6.414748594715913,6.741157728019392
P1 noise aware,p1,159,100,48.17,46.79163556973264,49.54836443026736,1.73,1.4586788894123697,2.00132111058763,1.4940194197145287,1.2899216419836188,1.6981171974454385,9.16863711667378,8.169599426721494,10.167674806626067,9.29,8.05186085604324,10.528139143956759,20,20,20,0.24181343468485472,0.23489408461470773,0.2487327847550017,6.603999891251321,6.415029329228165,6.792970453274476
P1 noise aware,p1,160,100,47.27,45.850362959461584,48.68963704053842,1.85,1.5494731225989862,2.1505268774010142,1.6339078284133657,1.3742034990413947,1.8936121577853366,9.528370075755083,8.392954086282767,10.663786065227399,10.23,8.925754394450202,11.534245605549799,20,20,20,0.2372944684929528,0.23016772152410545,0.24442121546180015,6.48060863996364,6.285978993115879,6.6752382868114
P1 noise aware,p1,161,100,48.91,47.451469498904366,50.36853050109563,1.75,1.473690482438716,2.026309517561284,1.8349656882543222,1.4577331260999293,2.212198250408715,10.33687835011544,9.149556359056294,11.524200341174584,9.84,8.50899467235393,11.17100532764607,20,20,20,0.24552936850345364,0.23820747549238785,0.2528512615145194,6.70545606335624,6.50549454345804,6.90541758325444
P1 noise aware,p1,162,100,48.54,47.29525775886383,49.784742241136165,1.79,1.5312107163475788,2.0487892836524213,1.5913199651113374,1.3917463581607992,1.7908935720618757,9.54381205770027,8.58230550946817,10.50531860593237,9.59,8.39921313240345,10.78078686759655,20,20,20,0.24367060318802647,0.2374219145739821,0.24991929180207084,6.654725287827549,6.484073619892177,6.825376955762922
P1 noise aware,p1,163,100,49,47.47592327667343,50.52407672332657,1.87,1.6229319203952157,2.1170680796047843,1.7028853113452076,1.4425311332014885,1.9632394894889267,9.808600276716897,8.714417579859706,10.902782973574087,10.22,8.939557578984767,11.500442421015235,20,20,20,0.24598103075181277,0.23833042268710244,0.25363163881652306,6.7177943989936,6.508847739410802,6.926741058576399
P1 noise aware,p1,164,100,48.55,47.40972530334204,49.69027469665795,1.73,1.4674001900190707,1.9925998099809292,1.5286021630008244,1.30543818335595,1.7517661426456987,8.923084614858963,7.918390193131678,9.927779036586248,10.12,8.87094446605898,11.369055533941019,20,20,20,0.24372016976141528,0.23799613989237087,0.2494441996304597,6.656094131834335,6.499765512240616,6.812422751428054
P1 noise aware,p1,165,100,47.92,46.58434980929916,49.25565019070084,1.56,1.3280562102229043,1.7919437897770958,1.5511298502766813,1.2939976840443346,1.808262016509028,8.981666569132067,7.862831588108143,10.10050155015599,8.74,7.538338037078932,9.941661962921067,20,20,20,0.24055897185852004,0.23385406942730969,0.2472638742897304,6.569727257246889,6.386612797149959,6.752841717343819
P1 noise aware,p1,166,100,49.54,48.21551195543258,50.864488044567416,1.43,1.1804316421247971,1.6795683578752028,1.4537231464108462,1.250673704044741,1.6567725887769513,8.865533984302019,7.929819964925364,9.801248003678673,8.92,7.330693646761442,10.509306353238557,20,20,20,0.24869252378911416,0.24204341895475684,0.2553416286234715,6.791829531498313,6.6102445805891294,6.973414482407496
P1 noise aware,p1,167,100,48.6,47.29422454635051,49.90577545364949,1.53,1.2385451581316844,1.8214548418683156,1.7207518661771792,1.458922546992513,1.9825811853618456,9.91304777490208,8.881045149340142,10.945050400464016,8.66,7.32013222784161,9.99986777215839,20,20,20,0.24397173710863565,0.23741691023665898,0.25052656398061235,6.662950931676424,6.483932583169992,6.841969280182857
P1 noise aware,p1,168,100,47.71,46.47405664606285,48.94594335393715,1.86,1.5327162192663484,2.187283780733652,1.3842745826266432,1.1692026735408532,1.5993464917124331,8.63813987479385,7.61612797641688,9.66015177317082,8.72,7.3557771940616075,10.084222805938394,20,20,20,0.23950480997361506,0.23330023937852096,0.24570938056870917,6.540936853096104,6.371491316401714,6.710382389790494
P1 noise aware,p1,169,100,49.38,47.967508223104296,50.79249177689571,1.86,1.5677938903700843,2.152206109629916,1.6574411679004837,1.442628417542918,1.8722539182580493,9.53790967383189,8.501242086293113,10.574577261370669,9.89,8.49656083974458,11.283439160255421,20,20,20,0.2478879203585917,0.2407971338662272,0.2549787068509562,6.769889160120407,6.576239420361702,6.9635388998791115
P1 noise aware,p1,170,100,48.97,47.68838379119696,50.251616208803036,1.76,1.497008894416253,2.022991105583747,1.8349737627084748,1.5045930581380582,2.1653544672788914,9.543775217743677,8.21410309068199,10.873447344805365,10.54,9.117205320007788,11.96279467999221,20,20,20,0.24583055393413558,0.23939674511715617,0.252264362751115,6.713681880719707,6.537974830495402,6.889388930944012
P1 noise aware,p1,171,100,47.94,46.517096231736886,49.36290376826311,1.87,1.57961222442737,2.16038777557263,1.797708795148297,1.5083993069180646,2.0870182833785296,9.963121454815264,8.758079131384608,11.168163778245919,10.07,8.678690028800341,11.46130997119966,20,20,20,0.24065926398193516,0.23351627265312944,0.24780225531074088,6.572468849338851,6.37739186203039,6.767545836647311
P1 noise aware,p1,172,100,48.98,47.63096554034623,50.32903445965376,1.82,1.5507966830468356,2.0892033169531645,1.6927788001002326,1.3801725013132153,2.00538509888725,9.565994386225212,8.303900642534392,10.828088129916031,8.84,7.666074017441792,10.013925982558208,20,20,20,0.2458789615308872,0.23910665229358366,0.25265127076819077,6.715046820648095,6.530096673583687,6.899996967712504
P1 noise aware,p1,173,100,47.3,45.809780139602466,48.79021986039753,2.07,1.7582180223037873,2.381781977696212,1.5622697995158998,1.3236909782050672,1.8008486208267325,9.458406915712258,8.405103354558062,10.511710476866455,9.59,8.2708916271231,10.909108372876899,20,20,20,0.23744625881748546,0.22996540811497757,0.24492710951999336,6.484725582859717,6.280419936414401,6.689031229305033
P1 noise aware,p1,174,100,47.45,46.12493931528333,48.77506068471668,1.54,1.316404101878935,1.763595898121065,1.6993329460568045,1.4419261001270258,1.9567397919865832,10.458443755668414,9.167626933907382,11.749260577429446,9.58,8.281023721805079,10.878976278194921,20,20,20,0.23819913225156292,0.23154757117101865,0.24485069333210718,6.505289822617836,6.3236277734152475,6.686951871820425
P1 noise aware,p1,175,100,48.11,46.819200245404176,49.40079975459582,2.1,1.8263363415069551,2.373663658493045,1.409500789076059,1.1994735875298348,1.619527990622283,8.50603122618195,7.540464319403325,9.471598132960574,10.77,9.629902275321022,11.910097724678977,20,20,20,0.24151080697213548,0.23503089697689278,0.24799071696737818,6.595769215479185,6.418803122243858,6.772735308714513
P1 noise aware,p1,176,100,49.09,47.68568697897866,50.49431302102135,1.86,1.5800005656571372,2.139999434342863,1.7765033693023204,1.4581276577478737,2.094879080856767,10.008103034837259,8.853284867167567,11.16292120250695,10.24,8.799128981722122,11.680871018277879,20,20,20,0.2464323839397354,0.2393830432950033,0.25348172458446755,6.730131693543387,6.537604551521335,6.922658835565439
P1 noise aware,p1,177,100,48.51,47.102264775239924,49.91773522476007,1.65,1.3956267754386529,1.904373224561347,1.721361530447185,1.4808420006243759,1.961881060269994,10.069327719558641,8.905020910777292,11.23363452833999,9.54,8.016070955812847,11.063929044187152,20,20,20,0.24352105355165887,0.23645406077526335,0.2505880463280544,6.65061589281637,6.457617982122264,6.843613803510476
P1 noise aware,p1,178,100,48.5,47.18077249417653,49.81922750582347,1.71,1.4147882211980112,2.0052117788019888,1.7264871312965533,1.3980489065994965,2.05492535599361,9.907145391033556,8.79488197745558,11.019408804611531,9.65,8.381494365225544,10.918505634774457,20,20,20,0.24347097187754232,0.23684821045799295,0.25009373329709167,6.649245313663638,6.468381353601093,6.830109273726182
P1 noise aware,p1,179,100,47.38,46.099193968430406,48.6608060315696,1.83,1.5159857533953165,2.1440142466046836,1.5446861030129986,1.318476086600575,1.7708961194254222,9.326988869985362,8.250992742780273,10.402984997190451,9.14,7.833030459344205,10.446969540655797,20,20,20,0.23784791665683716,0.23141835518780038,0.24427747812587394,6.495693599616234,6.320098230140665,6.671288969091803
P1 noise aware,p1,180,100,47.38,46.12521028780988,48.63478971219013,1.96,1.6929094762467454,2.2270905237532546,1.5474385737451521,1.3180623632921158,1.7768147841981885,9.739171198510157,8.637815503435727,10.840526893584586,10.28,9.017410570984127,11.542589429015871,20,20,20,0.23784866355289222,0.23154963970553888,0.24414768740024556,6.495696115577862,6.32366730883193,6.667724922323793
P1 noise aware,p1,181,100,47.32,46.03583545155819,48.60416454844181,1.96,1.6639678313958348,2.256032168604165,1.4451276954316663,1.2040077160276708,1.6862476748356618,9.398904157592042,8.282240040848478,10.515568274335607,9.81,8.481336335358955,11.138663664641046,20,20,20,0.2375479674679016,0.23110168449162702,0.2439942504441762,6.487471946603056,6.311416597607269,6.6635272955988425
P1 noise aware,p1,182,100,47.83,46.45050993992034,49.20949006007966,1.45,1.206539178270565,1.693460821729435,1.5956552607659562,1.3563963341218694,1.834914187410043,9.494152778531861,8.434488378292178,10.553817178771544,8.34,7.0455004046256935,9.634499595374306,20,20,20,0.24010741263030647,0.2331821620538702,0.24703266320674272,6.557389268638719,6.368263543904161,6.746514993373277
P1 noise aware,p1,183,100,47.33,46.17260717161721,48.48739282838279,1.69,1.3801656643372855,1.9998343356627144,1.3780713384859815,1.1706068357516788,1.5855358412202842,8.261970450007212,7.254838102373068,9.269102797641356,8.34,6.942855064747752,9.737144935252248,20,20,20,0.23759830669238205,0.23178848163267765,0.24340813175208645,6.488843393328768,6.330168380213516,6.64751840644402
P1 noise aware,p1,184,100,46.83,45.44125830604635,48.218741693953646,1.8,1.5461994738565203,2.0538005261434797,1.4949214412426644,1.1598193175027216,1.830023564982607,9.254346139536793,7.949106754093025,10.55958552498056,9.37,8.027402528941407,10.712597471058592,20,20,20,0.23508863414365724,0.2281173694572541,0.24205989883006038,6.42029560935827,6.229902951533385,6.610688267183155
P1 noise aware,p1,185,100,47.75,46.33899386853554,49.16100613146446,1.66,1.38390824537901,1.93609175462099,1.4960509225017384,1.293974724073015,1.6981271209304618,9.54078260524213,8.580693500079919,10.500871710404342,8.71,7.391715556819655,10.028284443180347,20,20,20,0.2397059093211729,0.23262264547124806,0.24678917317109772,6.546421772425992,6.352975929302982,6.739867615549002
P1 noise aware,p1,186,100,48,46.67153932780238,49.32846067219762,1.73,1.4810543574808086,1.9789456425191914,1.3916553522482564,1.1785958485528725,1.6047148559436404,8.439631600433787,7.442416423304903,9.43684677756267,9.63,8.218641899989715,11.041358100010287,20,20,20,0.24095921317087077,0.2342906479855247,0.24762777835621683,6.580690502352028,6.398562537208081,6.7628184674959755
P1 noise aware,p1,187,100,49.28,48.08271835435855,50.477281645641455,1.82,1.5340220365910067,2.1059779634089932,1.7158543245050666,1.4608475366503175,1.9708611123598156,9.98404225866223,8.909960136729204,11.058124380595256,10.18,8.79873190981269,11.56126809018731,20,20,20,0.24738553256020646,0.24137518655707924,0.2533958785633337,6.756178076397866,6.592033454961766,6.920322697833966
P1 noise aware,p1,188,100,47.8,46.66326144366677,48.936738556333225,1.7,1.464437316669686,1.935562683330314,1.6972526328004691,1.4605932955767682,1.93391197002417,10.119327719558788,9.081193501769755,11.15746193734782,9.25,7.873799359824229,10.626200640175771,20,20,20,0.23995616316153753,0.23424969537135065,0.24566263095172441,6.553274147645892,6.3974296872316705,6.7091186080601135
P1 noise aware,p1,189,100,48.13,46.74949765781884,49.51050234218116,2,1.732793274142595,2.267206725857405,1.5622480589306307,1.3117031407473574,1.812792977113904,9.236491628105286,8.042894140189604,10.430089116020968,11.04,9.613256199196465,12.466743800803533,20,20,20,0.24161444725028025,0.2346842310887095,0.248544663411851,6.598522086019844,6.409257970438686,6.787786201601001
P1 noise aware,p1,190,100,47.47,46.09631679008145,48.843683209918545,1.75,1.4808038903428478,2.0191961096571522,1.7233583818496172,1.501804821548338,1.9449119421508965,10.207255910903477,9.127742684450697,11.286769137356258,9.4,8.221363225389329,10.578636774610672,20,20,20,0.2383007636368699,0.23140470617597425,0.24519682109776553,6.508035926089285,6.319706451354597,6.696365400823972
P1 noise aware,p1,191,100,47.04,45.59273360622674,48.48726639377326,1.62,1.369616678517183,1.8703833214828172,1.4362065769309569,1.176026440471262,1.6963867133906518,9.332007289963803,8.10464838551124,10.559366194416366,8.79,7.511160210790793,10.068839789209205,20,20,20,0.2361404523202514,0.22887503190936834,0.24340587273113448,6.4490781185949615,6.250660636253617,6.647495600936306
P1 noise aware,p1,192,100,48.84,47.31294219963468,50.36705780036532,1.53,1.2880099643089877,1.7719900356910123,1.6406165078012307,1.368151074044581,1.9130819415578804,9.22622458718717,8.079304184928535,10.373144989445805,9.14,7.74875557252879,10.531244427471211,20,20,20,0.2451771742173455,0.23751114265701578,0.2528432057776752,6.695856543577324,6.486499640526869,6.905213446627778
P1 noise aware,p1,193,100,48.61,47.44530786727118,49.774692132728816,1.86,1.5827861446172622,2.137213855382738,1.488763493136548,1.2708644561618696,1.7066625301112266,9.307642632913922,8.21027198300935,10.405013282818494,9.76,8.335106837816827,11.184893162183172,20,20,20,0.24402467759179053,0.238177724946551,0.24987163023703005,6.6643311408892005,6.504653775248472,6.824008506529929
P1 noise aware,p1,194,100,48.06,46.85504875726288,49.264951242737126,1.68,1.4263830104789164,1.9336169895210835,1.5936409639329243,1.3762167511710983,1.8110651766947503,9.579060678640525,8.479134223006714,10.678987134274337,8.79,7.519379275847247,10.060620724152752,20,20,20,0.24126173786344432,0.2352127589203692,0.24731071680651945,6.58892083109497,6.423724282078592,6.754117380111348
P1 noise aware,p1,195,100,48.69,47.30639794417293,50.07360205582707,1.82,1.5717958611435852,2.068204138856415,1.703213386868863,1.4327508604440569,1.9736759132936692,9.469023838683789,8.306376123984698,10.63167155338288,9.87,8.551903955921974,11.188096044078025,20,20,20,0.2444247386188865,0.23747897484675942,0.2513705023910136,6.675293778693262,6.485604742949231,6.864982814437292
P1 noise aware,p1,196,100,47.69,46.268221606436484,49.11177839356351,1.68,1.437329417281015,1.922670582718985,1.5775471062645763,1.33532437436068,1.8197698381684726,8.972163811012143,7.955942889711039,9.988384732313246,9.67,8.230224141462191,11.109775858537809,20,20,20,0.23940490417574573,0.23226754270139138,0.24654226565010007,6.538196562363608,6.343273795666398,6.733119329060819
P1 noise aware,p1,197,100,47.42,46.17533257957206,48.664667420427946,1.67,1.417648438270989,1.9223515617290108,1.5454016768279042,1.3101531926654926,1.7806501609903158,9.13411593857556,7.962873150116873,10.305358727034246,9.64,8.267428805769143,11.012571194230858,20,20,20,0.2380498916756321,0.2318019913578277,0.24429779199343649,6.501181468694235,6.330541448868908,6.671821488519563
P1 noise aware,p1,198,100,47.61,46.24440829918554,48.97559170081446,1.71,1.474775253827066,1.945224746172934,1.7101521325500084,1.4098367388080113,2.0104675262920058,9.852697892848374,8.67642504669855,11.028970738998197,10.02,8.589708600150008,11.450291399849991,20,20,20,0.2390034266216488,0.23214837489906973,0.2458584783442279,6.527229152908177,6.340010307452754,6.7144479983636
P1 noise aware,p1,199,100,49.25,47.73809755271677,50.76190244728323,1.62,1.3281127767251348,1.9118872232748654,1.865864286880985,1.552932050542993,2.1787965232189768,10.29212697105555,9.066269900865459,11.517984041245642,9.24,7.828789001165197,10.651210998834802,20,20,20,0.24723721916558522,0.2396473423892431,0.2548270959419273,6.7520728457369765,6.54479396031301,6.959351731160943
P1 noise aware,p1,200,100,47.26,45.98227580851932,48.53772419148068,1.84,1.511887321645491,2.1681126783545093,1.3509478746049401,1.1364514619024377,1.5654442873074426,8.629327719558933,7.4844345242458745,9.774220914871993,10.01,8.525782531657395,11.494217468342605,20,20,20,0.23724639571167386,0.2308323902728176,0.24366040115053011,6.479244827880124,6.304072258631526,6.654417397128722
P1 noise aware,p1,201,100,48.44,47.13472389143294,49.745276108567055,1.9,1.6349805419760406,2.1650194580239592,1.9406029994602372,1.384223658238308,2.496982340682166,10.065957546268619,8.530878196739412,11.601036895797826,9.78,8.451954171412641,11.108045828587358,20,20,20,0.2431698379569333,0.23661729776788262,0.249722378145984,6.6410196698147645,6.462069039266632,6.819970300362897
P1 noise aware,p1,202,100,48.37,46.937356991607835,49.80264300839216,1.65,1.375098438187651,1.9249015618123488,1.7646839983024767,1.4333039903339397,2.0960640062710136,10.046878350115584,8.745288142133003,11.348468558098165,8.8,7.461354944035357,10.138645055964645,20,20,20,0.24281906019782595,0.23562694081343322,0.2500111795822187,6.63142492168722,6.435011907697323,6.827837935677117
P1 noise aware,p1,203,100,47.48,45.96550625400212,48.99449374599787,1.85,1.5910907885030359,2.1089092114969645,1.4735629823163263,1.2408165157421374,1.7063094488905153,9.04361869669534,7.939011266226096,10.148226127164584,9.68,8.377831256726074,10.982168743273926,20,20,20,0.23835030445522234,0.23074752272223906,0.24595308618820563,6.5094046833387695,6.301770884756939,6.7170384819206
P1 noise aware,p1,204,100,48.64,47.30120421726135,49.97879578273865,1.64,1.369158426419063,1.9108415735809368,1.6173682939225458,1.3895207970460945,1.845215790798997,9.35572734530724,8.311356496813666,10.400098193800815,10.05,8.560333574048855,11.539666425951147,20,20,20,0.24417196078495634,0.237451136385501,0.2508927851844117,6.668432901258184,6.484886745947609,6.851979056568759
P1 noise aware,p1,205,100,47.99,46.759342526709545,49.22065747329046,1.82,1.5353821601735502,2.10461783982645,1.6157929077125275,1.3399503615004171,1.8916354539246378,9.584613180455198,8.321131176225647,10.84809518468475,10.3,8.779874805793746,11.820125194206256,20,20,20,0.240911758510465,0.234734115245329,0.24708940177560101,6.579328772443651,6.410609239840057,6.748048305047244
P1 noise aware,p1,206,100,47.24,45.74260540129116,48.737394598708846,1.99,1.7249878630566653,2.2550121369433347,1.8021200292790072,1.5157209566367245,2.08851910192129,10.384769701503973,9.098820680954697,11.67071872205325,10.64,9.419784219115655,11.860215780884346,20,20,20,0.23714533093716736,0.22962830345298813,0.2446623584213466,6.476500633069232,6.271210808340242,6.681790457798223
P1 noise aware,p1,207,100,47.07,45.7088597465746,48.4311402534254,2.1,1.8006050545962187,2.3993949454037815,1.6003351870308793,1.3310808709453386,1.86958950311642,9.372928093810623,8.34286860823218,10.402987579389066,11.22,9.873095780928157,12.566904219071844,20,20,20,0.23629414851747632,0.22946131135343145,0.2431269856815212,6.453201481531064,6.266592476103457,6.6398104869586705
P1 noise aware,p1,208,100,48.72,47.36777647176843,50.07222352823157,1.74,1.4430516856182858,2.036948314381714,1.7877816394823085,1.5247753696475392,2.0507879093170778,11.032734732805256,9.930871296693969,12.134598168916543,9.57,8.11435632565292,11.02564367434708,20,20,20,0.2445745973156907,0.23778633707601357,0.2513628575553678,6.679404214792012,6.4940170491580576,6.864791380425966
P1 noise aware,p1,209,100,48.09,46.861362177289855,49.31863782271015,1.89,1.6101738519521214,2.1698261480478784,1.4729049615771757,1.2563615124198253,1.689448410734526,8.860552404280316,7.736372021006872,9.98473278755376,10.03,8.623378836869835,11.436621163130164,20,20,20,0.24141272978184924,0.23524492318919202,0.24758053637450647,6.593035084514818,6.424591424037659,6.761478744991977
P1 noise aware,p1,210,100,48.13,46.89992283661602,49.360077163383984,1.78,1.5178068689309387,2.0421931310690615,1.527349609751799,1.3193532796811411,1.7353459398224567,9.610055162400386,8.480641923174362,10.739468401626409,9.58,8.275657703722452,10.884342296277548,20,20,20,0.24161241260240598,0.23543746333896465,0.24778736186584732,6.5985152321933285,6.4298745202438115,6.7671559441428455
P1 noise aware,p1,211,100,47.96,46.601523619950825,49.31847638004918,1.64,1.4127888749344888,1.867211125065511,1.5810230088200334,1.348775700619137,1.81327031702093,9.565497144345427,8.542009327294657,10.588984961396196,9.29,7.953880693042629,10.626119306957369,20,20,20,0.24076017422622337,0.23394038921765478,0.24757995923479195,6.575212523605963,6.388967649649746,6.76145739756218
P1 noise aware,p1,212,100,46.93,45.74111772991552,48.11888227008448,1.62,1.3362013631769416,1.9037986368230586,1.4446667648194238,1.2712378854682969,1.6180956441705507,8.819327719558787,7.913985359622843,9.724670079494732,8.73,7.400413767711583,10.059586232288417,20,20,20,0.23559019778087825,0.22962190025901363,0.24155849530274287,6.434003916847282,6.271010438990262,6.596997394704302
P1 noise aware,p1,213,100,48.26,46.80559243259628,49.71440756740372,1.75,1.4695090163317333,2.0304909836682667,1.6479452464505011,1.368379200771036,1.9275112921299662,9.793655536651931,8.652117413926117,10.935193659377745,9.32,7.813109388592698,10.826890611407302,20,20,20,0.2422659468494146,0.23496448451539992,0.2495674091834293,6.616341089879501,6.416943917418772,6.815738262340231
P1 noise aware,p1,214,100,47.45,46.12552513932289,48.77447486067712,1.74,1.4675869921081468,2.0124130078918534,1.52901965589285,1.2963970431883316,1.7616422685973683,9.145994386225503,7.958132819544091,10.333855952906914,9.62,8.260421481829495,10.979578518170504,20,20,20,0.23820011094294533,0.23155127858174585,0.2448489433041448,6.505293119395154,6.323710670787575,6.686875568002733
P1 noise aware,p1,215,100,48.58,47.18787447680777,49.972125523192226,1.49,1.2787637198287045,1.7012362801712955,1.6946161410522849,1.4125474057139518,1.976684876390618,9.537375591995369,8.382698754835863,10.692052429154876,9.59,8.289556303223838,10.890443696776162,20,20,20,0.24387185706580256,0.23688335604782407,0.25086035808378104,6.660210727701221,6.469353313992,6.851068141410442
P1 noise aware,p1,216,100,47.99,46.7068587162984,49.273141283701605,1.61,1.3578945899474237,1.8621054100525765,1.6075979786375425,1.3546200238927746,1.8605759333823104,9.37622458718717,8.27557300519622,10.476876169178121,9.11,7.736474988957392,10.483525011042607,20,20,20,0.24091111463455547,0.2344695897748597,0.24735263949425124,6.579326603511208,6.403410266248343,6.755242940774073
P1 noise aware,p1,217,100,48.24,46.82851405814992,49.65148594185008,1.64,1.3808735607562368,1.899126439243763,1.5006130245346676,1.3147105197833413,1.686515529285994,9.10664814915377,8.080052200740463,10.133244097567077,9.9,8.335344475901833,11.464655524098168,20,20,20,0.24216575774614493,0.23507991480835883,0.24925160068393104,6.61359984481673,6.420087646638859,6.807112042994602
P1 noise aware,p1,218,100,48.52,47.30617386231584,49.73382613768417,1.75,1.4941058457451242,2.0058941542548756,1.5617664607737525,1.3050057145301575,1.8185272070173475,9.528600276717189,8.458750303283905,10.598450250150472,9.33,8.059452572607963,10.600547427392037,20,20,20,0.24357049134986583,0.237477366101643,0.24966361659808867,6.651984303036673,6.4855723919148325,6.818396214158513
P1 noise aware,p1,219,100,48.06,46.7069904169899,49.4130095830101,1.57,1.2995383639669822,1.840461636033018,1.615054302106871,1.3216230116150194,1.9084855925987227,9.599788121482415,8.590113439967098,10.609462802997733,8.78,7.468418817771557,10.091581182228442,20,20,20,0.24126294835015444,0.2344709907678634,0.24805490593244547,6.588924908687964,6.403430814254995,6.774419003120934
P1 noise aware,p1,220,100,48.75,47.28661420678005,50.21338579321995,1.73,1.432744755464196,2.027255244535804,1.7636337905027963,1.4829810032553619,2.044286577750231,10.025036742422236,8.814955933271483,11.235117551572989,9.13,7.719742093362948,10.540257906637054,20,20,20,0.2447261300898595,0.23737983858504444,0.2520724215946745,6.683520290115105,6.482893036496782,6.884147543733428
P1 noise aware,p1,221,100,48.29,46.918340850420094,49.661659149579904,1.82,1.5181782558321464,2.1218217441678537,1.6495438473920263,1.364112678176487,1.9349750166075657,9.300745765285392,8.070913561876948,10.530577968693835,9.79,8.36206679894798,11.217933201052018,20,20,20,0.24241662970738287,0.23553082184422877,0.24930243757053697,6.620454302211776,6.432402620937327,6.808505983486225
P1 noise aware,p1,222,100,48,46.59875610815089,49.40124389184911,1.66,1.386733654919719,1.933266345080281,1.7003202224659648,1.4227214180748737,1.977919026857056,9.664576340498751,8.555216724157132,10.77393595684037,9.13,7.7410906649424165,10.518909335057586,20,20,20,0.24096091300327185,0.23392672486222213,0.24799510114432158,6.580696228333673,6.388588999778187,6.77280345688916
P1 noise aware,p1,223,100,47.65,46.23679550329934,49.063204496700656,1.87,1.5905068628080938,2.1494931371919064,1.5186945868088433,1.2096390804995445,1.827750093118142,8.743351655777369,7.570988552365014,9.915714759189724,10.72,9.392100273957313,12.047899726042688,20,20,20,0.23920470625446136,0.23211046567588517,0.24629894683303755,6.532714679539144,6.338967644327839,6.7264617147504495
P1 noise aware,p1,224,100,48.08,46.86547076185749,49.29452923814251,1.76,1.4897321224108095,2.0302678775891905,1.6349046237313534,1.3578712864646807,1.911937960998026,9.944346139536938,8.888355290199282,11.000336988874594,8.98,7.719286720410492,10.24071327958951,20,20,20,0.24136174668145924,0.23526481555552498,0.2474586778073935,6.591661468856663,6.425152233470845,6.758170704242481
P1 noise aware,p1,225,100,47.07,45.74351099042425,48.39648900957575,1.8,1.501253798468846,2.098746201531154,1.4150584966624107,1.2205907345299225,1.6095262587948989,9.241740249045398,8.28459047972908,10.198890018361716,9.62,8.26299262352853,10.977007376471468,20,20,20,0.23629203660449305,0.229632923926947,0.2429511492820391,6.453194367432655,6.271335213231567,6.6350535216337425
P1 noise aware,p1,226,100,46.84,45.53907150857629,48.140928491423715,1.79,1.5166271750628066,2.0633728249371934,1.5123411460970808,1.2974572509834599,1.7272250412107018,9.27147320812699,8.238138393772754,10.304808022481225,10.05,8.689395811569083,11.410604188430918,20,20,20,0.23513590851880817,0.2286052857270559,0.24166653131056043,6.42165673196556,6.2433024611393675,6.600011002791752
P1 noise aware,p1,227,100,47.42,46.05120536045303,48.78879463954697,1.67,1.39555050951353,1.9444494904864698,1.6042136298179446,1.336572757994276,1.871854501641613,9.475764185263834,8.339007283976787,10.612521086550881,9.08,7.728752503959562,10.431247496040438,20,20,20,0.23804893873928595,0.2311772870314792,0.24492059044709272,6.501178258674219,6.313518541670004,6.688837975678434
P1 noise aware,p1,228,100,48.8,47.40458366518277,50.195416334817224,1.71,1.4324014700356216,1.9875985299643784,1.5680607818053605,1.2791812224611003,1.8569403411496206,9.018637116673636,7.853692907270505,10.183581326076768,9.6,8.313987479835362,10.886012520164638,20,20,20,0.24497720809138826,0.23797247043583192,0.2519819457469446,6.690375441568535,6.499067819050113,6.881683064086957
P1 noise aware,p1,229,100,49.56,48.05454182872637,51.06545817127363,1.74,1.44567681063501,2.03432318936499,1.8929823927053642,1.5599915157013653,2.225973269709363,10.643121454815264,9.445715578889702,11.840527330740825,10.2,8.766180603909243,11.633819396090756,20,20,20,0.24879196599632866,0.2412342318649294,0.2563497001277279,6.79456826059946,6.588172171510335,7.000964349688585
P1 noise aware,p1,230,100,48.05,46.657820123661885,49.44217987633811,1.76,1.4911717186595042,2.028828281340496,1.4967058813921943,1.268337286793805,1.7250744759905836,9.00871079658682,7.940594022656894,10.076827570516746,9.32,8.039163672210279,10.600836327789722,20,20,20,0.24121160467925504,0.23422265059696612,0.24820055876154395,6.587550078427631,6.396684605887807,6.778415550967455
P1 noise aware,p1,231,100,48.03,46.69674152270735,49.36325847729265,1.5,1.239410148495628,1.760589851504372,1.6647159119624346,1.4012727252152486,1.9281590987096207,9.921243007165613,8.861859771555691,10.980626242775534,9.04,7.621986147009583,10.458013852990415,20,20,20,0.24111180190153117,0.2344185085622233,0.24780509524083905,6.58481013472433,6.402022234932837,6.7675980345158235
P1 noise aware,p1,232,100,47.32,45.98023069918962,48.65976930081038,1.72,1.4357914665161327,2.004208533483867,1.4362622433567571,1.1999034179652455,1.6726210687482688,8.753158294771856,7.610941328269374,9.895375261274337,9.31,7.90552119649496,10.714478803505042,20,20,20,0.23754626763550044,0.23082063095205574,0.24427190431894513,6.48746622062141,6.3037868499018455,6.671145591340975
P1 noise aware,p1,233,100,48.48,47.10744011423909,49.852559885760904,1.63,1.360400578485769,1.899599421514231,1.7750977868166464,1.464157036289481,2.086038537343812,9.710478724366986,8.512046064816536,10.908911383917436,9.29,7.795413264646394,10.784586735353605,20,20,20,0.24336941775734452,0.23647916817305314,0.2502596673416359,6.646499470464087,6.458324569578452,6.834674371349721
P1 noise aware,p1,234,100,47.88,46.60177177169476,49.15822822830525,1.78,1.5543999570169824,2.0056000429830174,1.6819468326235014,1.4031237919338713,1.9607698733131316,9.607909673831745,8.451302498300985,10.764516849362506,10.83,9.59633183185635,12.06366816814365,20,20,20,0.24035663626921575,0.23393982346824868,0.2467734490701828,6.564238173566716,6.388995568651112,6.73948077848232
P1 noise aware,p1,235,100,47.62,46.318457197683216,48.92154280231678,1.75,1.4793662506954717,2.0206337493045283,1.444297884784636,1.2173102177353095,1.6712855518339624,9.02764263291392,8.064592717107526,9.990692548720315,9.38,8.068359647716886,10.691640352283116,20,20,20,0.23905273564467386,0.23251913102390978,0.24558634026543794,6.528597129341986,6.350158981656176,6.707035277027797
P1 noise aware,p1,236,100,47.57,46.19129778429279,48.94870221570721,1.44,1.1826768285881455,1.6973231714118544,1.6438929990406046,1.4280118012898033,1.8597741967914059,10.1146131804552,9.097190661353814,11.132035699556585,8.1,6.591405631159598,9.6085943688404,20,20,20,0.23880129707263564,0.2318801481280233,0.245722446017248,6.521740763286391,6.33272354402222,6.710757982550562
P1 noise aware,p1,237,100,47.64,46.420102270224625,48.859897729775376,1.58,1.3305482828443165,1.8294517171556837,1.458822017677427,1.1958797520069222,1.7217642833479316,9.121740249045251,7.952248298846196,10.291232199244305,8.75,7.534610018109081,9.965389981890919,20,20,20,0.23915274446268886,0.23302877949636475,0.24527670942901297,6.531337767103675,6.364092240590574,6.698583293616776
P1 noise aware,p1,238,100,46.61,45.254390223902725,47.965609776097274,1.49,1.226456166986985,1.753543833013015,1.4491157831824437,1.1864376108849022,1.7117939554799853,8.192854413897148,7.1742255673558315,9.211483260438465,9.98,8.439467757723017,11.520532242276984,20,20,20,0.23398384972887182,0.22717860308814114,0.2407890963696025,6.390132804151505,6.204281433604705,6.575984174698305
P1 noise aware,p1,239,100,47.49,46.08198915350826,48.898010846491744,1.86,1.592764231511581,2.127235768488419,1.6947919567106267,1.4385220496461306,1.9510618637751227,10.3543092995802,9.198804011571182,11.509814587589217,10.74,9.420443096101476,12.059556903898525,20,20,20,0.23840115878043047,0.23133283192660256,0.24546948563425838,6.510777865210436,6.317742334329798,6.703813396091074
P1 noise aware,p1,240,100,49.13,47.71507217959018,50.544927820409825,1.75,1.5097480278936088,1.9902519721063912,1.7076991090108882,1.4690477211075994,1.946350496914177,10.042163811011996,9.1089957278627,10.975331894161291,10.42,8.915351399257231,11.924648600742769,20,20,20,0.246632659126129,0.23952941750437984,0.25373590074787816,6.735613836639743,6.54162935874598,6.929598314533506
P2 fixed,p2,1,100,28.1,27.101174750625578,29.098825249374425,1.17,0.9418770099576578,1.398122990042342,0.21969469900232627,0.15030853927160803,0.2890808587330445,1.4684677298057514,0.9631232851365595,1.973812174474943,7.16,5.953150227185913,8.366849772814088,16.299999999999972,16.299999999999965,16.29999999999998,9.623229711414542,9.272736266772565,9.973723156056518,9.547273823009807,9.204754339923126,9.889793306096488
P2 fixed,p2,2,100,29.5,28.305177566972965,30.694822433027035,0.96,0.7839853816906509,1.1360146183093491,0.5607133888179687,0.4374163232589764,0.6840104543769611,3.7544400889869514,2.7671653312694184,4.741714846704484,6.19,5.019392464391143,7.360607535608858,16.299999999999972,16.299999999999965,16.29999999999998,10.127748479360665,9.718763399142338,10.536733559578993,10.037996092814238,9.633435619876403,10.442556565752072
P2 fixed,p2,3,100,29.7,28.727153380303687,30.672846619696312,1.04,0.8354363737813658,1.2445636262186341,0.45624271448795484,0.3686175618372128,0.543867867138697,3.758504569761552,2.9159705203636825,4.6010386191594215,6.42,5.29142200065478,7.54857799934522,16.299999999999972,16.299999999999965,16.29999999999998,10.208351327917597,9.87338900933306,10.543313646502135,10.113222240671865,9.7832435023033,10.44320097904043
P2 fixed,p2,4,100,30.74,29.685567030450617,31.79443296954938,1.07,0.8449596633238539,1.2950403366761463,0.6151826226661189,0.49020482200952253,0.7401604233227153,4.841292707459809,3.873410463675481,5.809174951244137,6.04,4.857117245664199,7.222882754335801,16.299999999999972,16.299999999999965,16.29999999999998,10.492166589631752,10.114165685882453,10.870167493381052,10.423122801353752,10.056304568113605,10.7899410345939
P2 fixed,p2,5,100,30.03,28.886978951739,31.173021048261003,1.02,0.837363877802574,1.202636122197426,0.5297205041112825,0.4235536715556793,0.6358873366668857,4.184209888025105,3.283626286738177,5.084793489312033,6.06,4.94017550870097,7.179824491299029,16.299999999999972,16.299999999999965,16.29999999999998,10.279655306924997,9.888544623475259,10.670765990374736,10.200290183352823,9.813454344102341,10.587126022603305
P2 fixed,p2,6,100,30.05,29.06886227657722,31.03113772342278,0.96,0.7732875207732759,1.146712479226724,0.5264404650247525,0.40604414076484313,0.6468367892846618,3.7263185366375775,2.8893938866248545,4.5632431866503005,6.19,5.045540433482276,7.334459566517725,16.299999999999972,16.299999999999965,16.29999999999998,10.32950566599415,9.987636691137432,10.671374640850868,10.232913818681821,9.897648383114728,10.568179254248914
P2 fixed,p2,7,100,29.61,28.48668975547512,30.73331024452488,1.01,0.8120399019902234,1.2079600980097767,0.503649017522939,0.40042944340820197,0.606868591637676,3.45301833866014,2.5634742533772723,4.342562423943008,6.5,5.302582239596684,7.697417760403316,16.299999999999972,16.299999999999965,16.29999999999998,10.118350634771,9.738887969943404,10.497813299598596,10.047100246531762,9.67013469842348,10.424065794640045
P2 fixed,p2,8,100,30.48,29.49645071010317,31.463549289896832,1.17,0.9709452194581462,1.3690547805418536,0.5710027287024729,0.444748643339601,0.6972568140653448,4.177301906596849,3.185799998561568,5.16880381463213,8.65,7.3112462451363145,9.988753754863687,16.299999999999972,16.299999999999965,16.29999999999998,10.441111275399722,10.103404119226264,10.77881843157318,10.357595199239924,10.024576477729566,10.690613920750282
P2 fixed,p2,9,100,45.07,44.297339633460986,45.842660366539015,4.52,3.4819380170702523,5.558061982929747,1.4612401533209463,1.2097956314759424,1.7126846751659501,8.214496997925975,7.14663868644533,9.28235530940662,35.58,27.827641559401734,43.33235844059826,16.299999999999972,16.299999999999965,16.29999999999998,15.260413701885021,15.013552848760261,15.507274555009781,15.208258722605924,14.957639552835147,15.458877892376702
P2 fixed,p2,10,100,45.92,45.19693007337611,46.643069926623895,6.6,5.252110845908621,7.947889154091378,9.014999416256616,5.154471979715986,12.875526852797247,29.22841236685007,22.158704286676354,36.298120447023784,54.88,42.92728561787717,66.83271438212284,16.299999999999972,16.299999999999965,16.29999999999998,15.513425134226436,15.268973197773319,15.757877070679553,15.474181646366421,15.231326756276,15.717036536456844
P2 fixed,p2,11,100,46.56,45.985471768062766,47.13452823193724,7.87,6.404420275492019,9.33557972450798,16.78754598845721,10.869850523636254,22.70524145327817,48.78673098480539,37.880464312575555,59.69299765703522,70.51,56.901505784008776,84.11849421599123,16.299999999999972,16.299999999999965,16.29999999999998,15.765384095325786,15.589691370617368,15.941076820034203,15.711318991207087,15.529673049869567,15.892964932544606
P2 fixed,p2,12,100,46.4,45.79862353174932,47.001376468250676,8.47,6.823662459097207,10.116337540902794,22.185346364023438,14.619660164781806,29.75103256326507,60.021793653939014,47.56193934676388,72.48164796111415,76.93,60.89456512476261,92.9654348752374,16.299999999999972,16.299999999999965,16.29999999999998,15.665082787441515,15.463225492542852,15.866940082340177,15.629626677893606,15.428857426347871,15.83039592943934
P2 fixed,p2,13,100,46.77,46.07028973268801,47.469710267311996,9.88,8.059111613868804,11.700888386131197,28.350710345716536,18.59507191450264,38.10634877693043,69.49581388555792,53.91694599414404,85.07468177697181,88.22,71.47506006219169,104.96493993780831,16.299999999999972,16.299999999999965,16.29999999999998,15.786337937389126,15.556555812240441,16.01612006253781,15.752061438359487,15.520718608075892,15.983404268643081
P2 fixed,p2,14,100,46.64,46.067366030495656,47.212633969504346,10.86,8.874034696102967,12.845965303897032,33.35300684791589,22.581305281717857,44.124708414113925,78.40632594583718,62.22597512307646,94.5866767685979,100.7,82.79839571096457,118.60160428903544,16.299999999999972,16.299999999999965,16.29999999999998,15.775735472408671,15.60028903424444,15.951181910572902,15.728262583265826,15.546732366285182,15.90979280024647
P2 fixed,p2,15,100,47.12,46.64454567224834,47.59545432775165,12.93,11.022320569462215,14.837679430537785,41.16913715892494,28.878679264879572,53.45959505297031,90.29700913952281,73.0251345456141,107.56888373343153,120.61,100.5162431775741,140.7037568224259,16.299999999999972,16.299999999999965,16.29999999999998,15.907494636541955,15.760115808638151,16.05487346444576,15.871760026175068,15.720017282047243,16.023502770302894
P2 fixed,p2,16,100,46.85,46.3482618091861,47.351738190813904,13.59,11.367776809252735,15.812223190747265,52.11400553791321,39.57508869067176,64.65292238515465,106.75467769914827,87.62513008879498,125.88422530950157,126.74,105.43784249466214,148.04215750533785,16.299999999999972,16.299999999999965,16.29999999999998,15.816587114104426,15.654364566920334,15.978809661288517,15.78095000281822,15.61712526398809,15.944774741648349
P2 fixed,p2,17,100,46.94,46.4333018127827,47.446698187217294,15.48,12.98214369209326,17.97785630790674,59.06358665526116,45.27297009752357,72.85420321299875,116.79773658236417,96.17064828929367,137.42482487543467,140.91,118.29172566776853,163.52827433223146,16.299999999999972,16.299999999999965,16.29999999999998,15.817040985162636,15.645448606207612,15.98863336411766,15.793295325186618,15.623193011802826,15.96339763857041
P2 fixed,p2,18,100,47.5,47.19419330063954,47.80580669936046,16.08,13.413357898294962,18.746642101705035,71.66130131172581,55.281369947042805,88.04123267640881,129.60371264614557,107.96900337164303,151.2384219206481,156.89,130.77759812341958,183.0024018765804,16.299999999999972,16.299999999999965,16.29999999999998,16.048698621835094,15.951649590972897,16.145747652697292,16.00751368671553,15.90953385211797,16.10549352131309
P2 fixed,p2,19,100,47.4,47.07155634832861,47.728443651671384,16.56,13.922380484320197,19.1976195156798,79.23020337376289,60.78140412876873,97.67900261875705,145.02803675863836,119.36482176701954,170.6912517502572,158.95,132.59332906553874,185.30667093446124,16.299999999999972,16.299999999999965,16.29999999999998,16.008396651770877,15.913314063004766,16.103479240536988,15.969898485102087,15.869521520222534,16.07027544998164
P2 fixed,p2,20,100,47.36,46.942572565551444,47.777427434448555,17.36,14.563122808082795,20.156877191917204,82.50061054562562,63.13087904928276,101.87034204196848,145.95111046025397,120.14904085549745,171.7531800650105,168.17,140.84847721797175,195.49152278202823,16.299999999999972,16.299999999999965,16.29999999999998,15.968394937691818,15.834278682224094,16.10251119315954,15.940506769230874,15.804420981278842,16.076592557182906
P2 fixed,p2,21,100,47.22,46.73943145455753,47.700568545442465,17.7,14.793050416882348,20.60694958311765,87.82453397818243,67.35371403653033,108.29535391983453,154.7754014373905,127.92125195349195,181.62955092128908,167.15,139.65845523041347,194.64154476958655,16.299999999999972,16.299999999999965,16.29999999999998,15.927893490207097,15.77922886835904,16.076558112055157,15.897412504373836,15.744295101151176,16.0505299075965
P2 fixed,p2,22,100,47.1,46.59816514447259,47.601834855527414,18.69,15.791847850575799,21.588152149424204,90.47272265206647,68.95649334392436,111.98895196020857,156.37945850896526,129.24070973865142,183.5182072792791,178.64,149.44680425467868,207.8331957453213,16.299999999999972,16.299999999999965,16.29999999999998,15.887491958922519,15.728561707284472,16.046422210560568,15.857058051469703,15.694817437139315,16.019298665800093
P2 fixed,p2,23,100,47.18,46.72874831587656,47.63125168412344,19.79,16.896457413236476,22.683542586763522,100.43306617347505,77.45131663942043,123.41481570752968,170.5603830174127,141.43153465835252,199.6892313764729,188.71,159.0504943948518,218.36950560514822,16.299999999999972,16.299999999999965,16.29999999999998,15.927693651576295,15.79295469559738,16.06243260755521,15.891931327793934,15.751097183661631,16.032765471926236
P2 fixed,p2,24,100,47.14,46.61509600069646,47.66490399930354,20.51,17.542674448653003,23.477325551347,105.07347729268642,82.52569298612204,127.6212615992508,177.80774399156482,148.80104763587403,206.8144403472556,197.41,167.8778866927146,226.94211330728538,16.299999999999972,16.299999999999965,16.29999999999998,15.897645226217335,15.729605759702315,16.065684692732358,15.868526147010103,15.697628700019521,16.039423594000684
P2 fixed,p2,25,100,47.45,47.05762896347586,47.84237103652415,21.2,18.042788904905166,24.357211095094833,112.05644244762631,88.55908822013453,135.5537966751181,185.797740286965,156.6727651159668,214.9227154579632,200.61,170.98499385012383,230.2350061498762,16.299999999999972,16.299999999999965,16.29999999999998,15.988746466752195,15.86901479740711,16.10847813609728,15.964797170554693,15.840534480742548,16.089059860366838
P2 fixed,p2,26,100,47.24,46.74783098246824,47.73216901753177,20.96,17.670378638594688,24.249621361405314,114.4284691327467,90.15811055677922,138.69882770871416,186.54965557457143,157.38239513939405,215.71691600974881,205.57,174.23240131027936,236.90759868972063,16.299999999999972,16.299999999999965,16.29999999999998,15.927996624574526,15.771592187263794,16.08440106188526,15.900163251408577,15.740765975716707,16.059560527100448
P2 fixed,p2,27,100,47.62,47.33078383604136,47.90921616395863,22.64,19.418846808167526,25.861153191832475,114.64665543062293,89.23241900752936,140.0608918537165,191.5854051419904,160.65796356578306,222.51284671819775,220.62,189.9197184665691,251.32028153343092,16.299999999999972,16.299999999999965,16.29999999999998,16.049299302437074,15.948364155214765,16.150234449659383,16.023960066089284,15.925409326860445,16.122510805318125
P2 fixed,p2,28,100,47.59,47.32557420624296,47.854425793757045,22.32,18.92519413363547,25.714805866364532,126.29395687419282,99.62646133273027,152.96145241565534,208.88709022863492,178.1915837734717,239.58259668379813,216.65,182.66938740571578,250.63061259428423,16.299999999999972,16.299999999999965,16.29999999999998,16.029249689351822,15.937492225920087,16.121007152783555,16.007897392847784,15.91811439158929,16.097680394106277
P2 fixed,p2,29,100,47.05,46.51025808636596,47.589741913634036,22.4,18.79324709675718,26.006752903242816,127.62633288558192,100.23648917514593,155.01617659601789,202.37302945246032,169.1810706908907,235.56498821402994,220.6,184.93323270702385,256.26676729297617,16.299999999999972,16.299999999999965,16.29999999999998,15.877291891064205,15.712789036933437,16.041794745194974,15.844229855947116,15.673385929569056,16.015073782325175
P2 fixed,p2,30,100,46.94,46.37603773462431,47.503962265375684,22.65,18.980597191681326,26.31940280831867,134.3995290460662,104.83347965490788,163.9655784372245,207.62157086217783,172.477104604126,242.76603712022967,222.54,186.19487315376256,258.8851268462374,16.299999999999972,16.299999999999965,16.29999999999998,15.85683937247966,15.688880368581898,16.024798376377422,15.817195681618982,15.641057692482253,15.99333367075571
P2 fixed,p2,31,100,47.18,46.636671721904904,47.723328278095096,23.03,19.410203679818995,26.649796320181007,135.68200172635946,105.66132995966016,165.70267349305874,208.39566847830815,172.70940990086186,244.08192705575445,224.18,188.49726088613318,259.86273911386684,16.299999999999972,16.299999999999965,16.29999999999998,15.917744451729106,15.746165912826765,16.089322990631448,15.88595758262572,15.710466473996272,16.06144869125517
P2 fixed,p2,32,100,47.6,47.309151571981545,47.89084842801846,24.34,20.53623275648624,28.14376724351376,139.26310282691992,109.44298079659313,169.0832248572467,214.11704597947946,178.78362689485743,249.45046506410148,230.26,194.5917681244262,265.9282318755738,16.299999999999972,16.299999999999965,16.29999999999998,16.04920114375039,15.956318442693549,16.14208384480723,16.021225199160618,15.927521909188483,16.114928489132755
P2 fixed,p2,33,100,47.48,47.12599219092103,47.83400780907896,26.39,22.211182849879478,30.568817150120523,146.19771370424596,115.5078555108849,176.88757189760702,216.9151269872731,181.27055728358312,252.5596966909631,247.08,209.4667335517551,284.6932664482449,16.299999999999972,16.299999999999965,16.29999999999998,15.978946986111023,15.855165316782285,16.10272865543976,15.962933628178787,15.84143913962929,16.084428116728283
P2 fixed,p2,34,100,46.99,46.41467871215953,47.565321287840476,26.39,22.173098522958984,30.606901477041017,160.83807985841676,127.30829469045491,194.3678650263786,232.49321540426666,194.85456962021544,270.1318611883179,252.75,211.4444652056596,294.0555347943404,16.299999999999972,16.299999999999965,16.29999999999998,15.867041353733304,15.686060421561336,16.048022285905272,15.83003014021535,15.644641974867481,16.015418305563216
P2 fixed,p2,35,100,47.41,47.02489590755199,47.795104092448,27.88,23.454549006649664,32.305450993350334,168.49092234407232,132.45344434674803,204.5284003413966,240.8032596534222,199.96154147670205,281.64497783014235,267.05,224.5013905028447,309.59860949715534,16.299999999999972,16.299999999999965,16.29999999999998,15.95869848437227,15.823852458595297,16.093544510149243,15.941393640300783,15.809093653725501,16.073693626876064
P2 fixed,p2,36,100,47.29,46.853687334795126,47.72631266520487,27.47,23.052344386807896,31.887655613192102,177.41801616949243,140.72058805603257,214.1154442829523,256.7244400889865,214.86150926388248,298.58737091409057,271.09,228.57417359975986,313.60582640024006,16.299999999999972,16.299999999999965,16.29999999999998,15.948146971329226,15.801189688971865,16.095104253686586,15.918968717964612,15.77295091719239,16.064986518736834
P2 fixed,p2,37,100,47.37,46.97933368290428,47.76066631709571,27.75,23.54992764372091,31.95007235627909,180.09365808202915,141.97058486772312,218.21673129633518,259.20084341933523,216.55709361218163,301.8445932264888,274.03,232.0156793959031,316.0443206040968,16.299999999999972,16.299999999999965,16.29999999999998,15.95849769968753,15.829546653721877,16.087448745653184,15.935909487111143,15.806584112607604,16.065234861614684
P2 fixed,p2,38,100,47.69,47.471184311680936,47.90881568831906,28.02,23.89698429561736,32.143015704382634,179.74961847454014,142.66165348756078,216.8375834615195,260.40919887724647,219.13331857114048,301.68507918335246,279.32,237.67192389565233,320.9680761043477,16.299999999999972,16.299999999999965,16.29999999999998,16.079500686891393,16.018484608810006,16.14051676497278,16.05148581509235,15.986182144530146,16.11678948565455
P2 fixed,p2,39,100,47.55,47.190666666666665,47.90933333333333,27.96,23.8741448659844,32.045855134015596,180.55223465039668,144.02548406295656,217.0789852378368,264.0427955468976,222.86612848028147,305.2194626135137,275.6,235.38461582675086,315.8153841732492,16.299999999999972,16.299999999999965,16.29999999999998,16.019100163080036,15.899645175745672,16.1385551504144,15.99644142140861,15.876726001237206,16.116156841580015
P2 fixed,p2,40,100,47.63,47.32782490593243,47.932175094067574,28.49,24.27074346172722,32.709256538272776,177.77608674861978,141.4346202785788,214.11755321866076,262.6065929867545,222.48671402233862,302.72647195117037,275.47,234.20830316329636,316.7316968367037,16.299999999999972,16.299999999999965,16.29999999999998,16.049350854166917,15.952253472347746,16.14644823598609,16.02533511924421,15.926779982742568,16.123890255745856
P2 fixed,p2,41,100,47.74,47.41797528421601,48.06202471578399,29.13,24.966648333300913,33.29335166669909,178.29503378719096,141.49194679182906,215.09812078255285,263.33992632008795,222.59588316158153,304.0839694785944,279.96,239.3854424111649,320.53455758883507,16.299999999999972,16.299999999999965,16.29999999999998,16.079753034763645,15.971946482014717,16.18755958751257,16.058344820917053,15.950606613990193,16.166083027843914
P2 fixed,p2,42,100,47.78,47.583841680103426,47.97615831989658,30.03,25.663854559722438,34.396145440277564,183.94757591348568,146.48616783207035,221.408983994901,267.5730294524594,227.08211499495405,308.0639439099648,291.12,247.7515824776424,334.4884175223576,16.299999999999972,16.299999999999965,16.29999999999998,16.109802595904686,16.05793220506073,16.16167298674864,16.08175354662653,16.02481764784684,16.138689445406218
P2 fixed,p2,43,100,47.23,46.714920292919174,47.74507970708082,30.08,25.655478552659076,34.50452144734092,194.53791283559462,156.65323575033116,232.4225899208581,277.0675506305578,234.0589516644571,320.0761495966584,293.54,251.0124623520432,336.06753764795684,16.299999999999972,16.299999999999965,16.29999999999998,15.917992964676086,15.753515065365608,16.082470863986565,15.892804728922565,15.72522893902556,16.060380518819567
P2 fixed,p2,44,100,47.74,47.521317354611895,47.95868264538811,30.36,25.930408760176714,34.78959123982328,195.40445547445262,156.85065306625597,233.95825788264926,279.394933626266,237.3372046639914,321.45266258854053,292.31,248.24984982415998,336.37015017584,16.299999999999972,16.299999999999965,16.29999999999998,16.079751985219374,16.007031491445513,16.152472478993236,16.05834158765793,15.985621323752822,16.13106185156304
P2 fixed,p2,45,100,47.5,47.059963454226626,47.940036545773374,31.26,26.902202108515095,35.61779789148491,199.7772921604968,159.98186236987598,239.57272195111764,278.58873477072285,234.4798842205043,322.6975853209414,305.07,262.0701047339589,348.0698952660411,16.299999999999972,16.299999999999965,16.29999999999998,16.008896612657267,15.875586815376382,16.142206409938154,15.983601978950327,15.844741878777866,16.12246207912279
P2 fixed,p2,46,100,47.8,47.60301258820919,47.996987411790805,31.67,27.25027188349347,36.089728116506535,205.690459436161,167.12789926831675,244.25301960400526,291.8220718086562,249.32687981829076,334.3172637990216,307.82,265.183473947567,350.456526052433,16.299999999999972,16.299999999999965,16.29999999999998,16.119851044956658,16.071536023937742,16.168166065975573,16.09046584429217,16.03557025200595,16.145361436578387
P2 fixed,p2,47,100,47.66,47.31969605029941,48.00030394970058,32.46,27.8648768787557,37.0551231212443,207.56953509319035,168.9331950667418,246.2058751196389,293.130883963891,250.2797870849147,335.9819808428673,312.49,269.1745017159638,355.8054982840362,16.299999999999972,16.299999999999965,16.29999999999998,16.059451292465212,15.955901951755987,16.163000633174438,16.03542399435672,15.927651577352384,16.143196411361053
P2 fixed,p2,48,100,47.66,47.36885820317483,47.95114179682516,32.94,28.327396000197943,37.55260399980205,212.71049015447662,173.0170485202563,252.40393178869692,297.0273167249959,253.86712245047838,340.1875109995134,317.7,272.91312382882995,362.48687617117,16.299999999999972,16.299999999999965,16.29999999999998,16.0594520163441,15.972619660961582,16.14628437172662,16.03542652102136,15.945190834989681,16.12566220705304
P2 fixed,p2,49,100,47.81,47.61361431885808,48.00638568114192,35.04,30.05307234777916,40.026927652220834,220.29016317813014,179.18747945427043,261.39284690198986,303.66088396389097,259.26661906337034,348.0551488644116,323.87,278.74909136005186,368.99090863994815,16.299999999999972,16.299999999999965,16.29999999999998,16.109953208593364,16.0447535325635,16.175152884623227,16.085866601971677,16.021146931706788,16.150586272236566
P2 fixed,p2,50,100,47.73,47.4779561654286,47.98204383457139,35.03,29.91443337601352,40.14556662398648,230.55139924471777,188.13877870884318,272.96401978059237,312.2313775011706,267.2379915627306,357.22476343961057,337.11,288.92787855987336,385.29212144012666,16.299999999999972,16.299999999999965,16.29999999999998,16.089650121753667,16.01909257321799,16.160207670289346,16.06294117993221,15.987231121049907,16.138651238814514
P2 fixed,p2,51,100,47.82,47.63233394800682,48.00766605199318,35.98,31.17536597494174,40.78463402505825,237.69919306578365,193.05945149737033,282.33893463419696,322.51302945245936,274.19575246708655,370.8303064378322,347.75,298.9282416998819,396.5717583001181,16.299999999999972,16.299999999999965,16.29999999999998,16.119952673726893,16.064179466149024,16.17572588130476,16.093211690064464,16.035284129661207,16.151139250467722
P2 fixed,p2,52,100,47.86,47.723466264205136,47.99653373579486,35.58,30.56287486464226,40.597125135357736,251.49854296933958,205.83306914058267,297.1640167980965,333.16946221356426,284.5652071849115,381.773717242217,354.81,304.6225347608216,404.9974652391784,16.299999999999972,16.299999999999965,16.29999999999998,16.130103851742465,16.096054077439177,16.164153626045753,16.10467309092568,16.06690615797353,16.14244002387783
P2 fixed,p2,53,100,47.62,47.254876512379546,47.98512348762045,35.32,30.033180807580674,40.60681919241932,247.3259492141315,201.43239397304242,293.2195044552206,338.48517123642773,288.40750196274485,388.5628405101106,343.26,292.00830733045655,394.51169266954344,16.299999999999972,16.299999999999965,16.29999999999998,16.049299810608147,15.94049673057211,16.158102890644184,16.023961707582842,15.909752839130963,16.13817057603472
P2 fixed,p2,54,100,47.49,47.114693743374,47.865306256626006,34.41,29.069853651761395,39.750146348238594,243.50501619501247,197.32791324402257,289.6821191460024,329.7221012394122,278.86043408664,380.5837683921844,343.08,290.15730402377903,396.00269597622093,16.299999999999972,16.299999999999965,16.29999999999998,16.008847139934964,15.891455895319002,16.126238384550927,15.982233319757157,15.861905593676571,16.102561045837742
P2 fixed,p2,55,100,47.53,47.14960001699434,47.91039998300566,35.84,30.36433669435678,41.31566330564323,245.8859450273584,196.79776690648805,294.9741231482287,329.34563534295125,276.7207924437575,381.970478242145,341.31,287.0727100504355,395.5472899495645,16.299999999999972,16.299999999999965,16.29999999999998,16.019000385373744,15.896247582293519,16.14175318845397,15.993701784967909,15.869632947719992,16.117770622215826
P2 fixed,p2,56,100,47.85,47.69646350744708,48.003536492552925,36.9,31.379465126192088,42.42053487380791,250.49790334610185,201.5964729094398,299.3993337827639,329.58635908119277,275.56696825209366,383.6057499102919,353.86,300.7561174536041,406.96388254639595,16.299999999999972,16.299999999999965,16.29999999999998,16.120102735374843,16.07198407570714,16.168221395042547,16.097322962531358,16.048106675054786,16.14653925000793
P2 fixed,p2,57,100,47.54,47.23556680519199,47.844433194808005,36.08,30.44783535364631,41.712164646353685,257.90586153760466,208.62742825122132,307.184294823988,341.216128880231,288.84357902242,393.588678738042,358.4,303.3109426312468,413.48905736875315,16.299999999999972,16.299999999999965,16.29999999999998,16.01905131041397,15.92144763302879,16.11665498779915,15.995075012965938,15.896010442926878,16.094139583004996
P2 fixed,p2,58,100,47.62,47.329445236998204,47.91055476300179,37.71,32.07310995421386,43.34689004578614,258.2453039931641,207.4334822638559,309.0571257224723,343.36804787243733,288.7532233743877,397.982872370487,360.88,305.98511620010805,415.77488379989194,16.299999999999972,16.299999999999965,16.29999999999998,16.059251039825813,15.977017666236197,16.14148441341543,16.029941930937166,15.942154463543156,16.11772939833118
P2 fixed,p2,59,100,47.65,47.32947902257466,47.97052097742534,39.03,33.224954101435166,44.835045898564836,265.15430519356994,214.25321812857106,316.0553922585688,349.72701654872236,295.29050886144734,404.1635242359974,373.39,318.0090227053777,428.7709772946223,16.299999999999972,16.299999999999965,16.29999999999998,16.049451319341895,15.940877336686656,16.15802530199713,16.028077324997042,15.920079382341482,16.1360752676526
P2 fixed,p2,60,100,47.61,47.332961173271414,47.887038826728585,39.3,33.41904317549285,45.18095682450714,276.0948968573311,224.19144452353487,327.9983491911273,358.74494474006553,303.73605368391856,413.7538357962125,382.28,325.30827024622675,439.2517297537732,16.299999999999972,16.299999999999965,16.29999999999998,16.059201017546915,15.968084749668687,16.150317285425142,16.02857148878609,15.93816291102014,16.118980066552037
P2 fixed,p2,61,100,47.64,47.380873560756235,47.899126439243766,39.57,33.56261025426419,45.57738974573581,283.49302246904,230.25944552196415,336.72659941611585,368.6556684783074,312.1829335998861,425.1284033567287,387.45,328.4412091620103,446.4587908379897,16.299999999999972,16.299999999999965,16.29999999999998,16.04940066789229,15.965464601483612,16.133336734300965,16.026704999974466,15.94207084970624,16.111339150242692
P2 fixed,p2,62,100,47.73,47.49550222675563,47.96449777324436,39.21,33.06915352671272,45.350846473287284,285.417528818514,231.2161172572411,339.6189403797868,376.0275100860019,317.27279169546057,434.7822284765432,383.42,324.69097781259694,442.1490221874031,16.299999999999972,16.299999999999965,16.29999999999998,16.069752384120346,15.989743648433567,16.149761119807124,16.050996242009646,15.972015675884776,16.129976808134515
P2 fixed,p2,63,100,47.58,47.09975454760565,48.06024545239435,39.74,33.480533507873005,45.999466492127,285.43217807436986,229.7074155666469,341.15694058209283,370.5975506305575,311.79418119663586,429.4009200644792,387.52,328.22761705832164,446.8123829416783,16.299999999999972,16.299999999999965,16.29999999999998,16.029199791439005,15.87332493948937,16.18507464338864,16.00652782804571,15.84858774528259,16.164467910808828
P2 fixed,p2,64,100,47.7,47.4409035123762,47.9590964876238,40.09,33.632651985199935,46.54734801480007,286.19467105820405,230.26628887403902,342.1230532423691,372.8961325848307,313.95884471897966,431.83342045068173,385.71,323.60594332534396,447.814056674656,16.299999999999972,16.299999999999965,16.29999999999998,16.069601391945152,15.989452314578292,16.149750469312014,16.046881948844106,15.964235957986793,16.12952793970142
P2 fixed,p2,65,100,47.67,47.44187700995766,47.898122990042346,40.93,34.339762365253875,47.520237634746124,288.2989472247838,230.75934950059178,345.83854494897577,369.6227992514975,308.0620808995642,431.1835176034308,392.43,329.59029157522525,455.26970842477476,16.299999999999972,16.299999999999965,16.29999999999998,16.059502148078224,15.977616869711685,16.141387426444762,16.036797065327807,15.958211274131127,16.115382856524487
P2 fixed,p2,66,100,47.37,46.89098833906351,47.84901166093648,40.57,34.00063934036472,47.13936065963528,299.1550981862476,239.3187240932022,358.99147227929296,378.2403830174117,315.4677683684517,441.01299766637175,405.57,341.1110697475164,470.0289302524836,16.299999999999972,16.299999999999965,16.29999999999998,15.958494471508754,15.799304760227715,16.11768418278979,15.935899270539162,15.776283179810756,16.095515361267566
P2 fixed,p2,67,100,47.78,47.56677989368408,47.993220106315924,41.93,35.174092488447876,48.685907511552124,303.55515361367026,242.67975956644005,364.43054766090046,389.2801528164497,325.3875267920555,453.1727788408439,402.6,338.0583799234865,467.14162007651356,16.299999999999972,16.299999999999965,16.29999999999998,16.089905573213564,16.0195617355029,16.160249410924227,16.0698105839927,15.999767025681505,16.139854142303896
P2 fixed,p2,68,100,47.76,47.579200321802375,47.94079967819762,42.34,35.48771310382624,49.19228689617377,302.34505883500833,241.3749062706845,363.31521139933216,390.2299263200878,325.6112779890418,454.84857465113384,403.02,337.2202716336576,468.81972836634236,16.299999999999972,16.299999999999965,16.29999999999998,16.089799820512315,16.025394477624978,16.154205163399652,16.067051499343787,16.004832110715167,16.129270887972407
P2 fixed,p2,69,100,47.57,47.21514370300761,47.92485629699239,42.32,35.37922576717042,49.26077423282958,307.9945484798562,245.14332631680261,370.8457706429097,388.94444749818604,323.6558995715716,454.2329954248005,413,344.7697650313383,481.2302349686617,16.299999999999972,16.299999999999965,16.29999999999998,16.029149809960426,15.91427423529572,16.144025384625134,16.00515715871943,15.888994107027601,16.121320210411263
P2 fixed,p2,70,100,47.83,47.67727440068256,47.98272559931743,43.38,36.37816952579578,50.38183047420423,315.30795762145556,250.85323733531172,379.76267790759937,398.54850456976254,330.6831801768099,466.4138289627152,422.02,354.4851132621028,489.55488673789716,16.299999999999972,16.299999999999965,16.29999999999998,16.110051730983088,16.058400294367484,16.16170316759869,16.088602711063956,16.037697570585227,16.139507851542685
P2 fixed,p2,71,100,47.89,47.759645524461455,48.02035447553855,43.29,36.34037484519321,50.23962515480679,319.65876420538876,255.45527708187493,383.86225132890263,409.2773204295977,341.8501008761841,476.7045399830113,423.38,355.548656699211,491.211343300789,16.299999999999972,16.299999999999965,16.29999999999998,16.120302078772507,16.07229963372278,16.168304523822236,16.102802606647305,16.05678092204363,16.148824291250982
P2 fixed,p2,72,100,47.9,47.77386651290931,48.02613348709069,43.8,36.741580661681006,50.85841933831899,322.93284596293853,257.6358217195966,388.22987020628045,409.2754014373914,341.3752824857331,477.17552038904967,429.17,359.4979219360069,498.84207806399314,16.299999999999972,16.299999999999965,16.29999999999998,16.14025449490665,16.112192774684775,16.168316215128524,16.11613299488994,16.082515350332244,16.14975063944764
P2 fixed,p2,73,100,47.76,47.531766470827826,47.98823352917217,43.34,36.20572509822187,50.47427490177814,326.92481053739334,259.6855988337222,394.16402224106446,414.2270165487241,344.6115908809941,483.8424422164542,428.52,357.35097263504053,499.68902736495943,16.299999999999972,16.299999999999965,16.29999999999998,16.089801263359053,16.014016744238372,16.165585782479734,16.067055987856893,15.991267639546349,16.142844336167435
P2 fixed,p2,74,100,47.34,46.823892981108095,47.85610701889191,42.98,35.70452228417024,50.255477715829755,325.3385980906809,258.44694584921274,392.230250332149,415.0301565210513,344.69347007277986,485.36684296932276,422.02,351.80521394779316,492.2347860522068,16.299999999999972,16.299999999999965,16.29999999999998,15.95834657835371,15.796538179085289,16.120154977622132,15.931795190281344,15.765607830441578,16.09798255012111
P2 fixed,p2,75,100,47.67,47.347451534297136,47.99254846570287,43.18,35.84611976959404,50.51388023040596,317.8201453406945,250.57072845503794,385.0695622263511,407.9032596534227,338.262790064347,477.54372924249844,424.47,353.228405908397,495.71159409160305,16.299999999999972,16.299999999999965,16.29999999999998,16.05949979997978,15.952340716969985,16.166658882989573,16.036789354941426,15.929319072791463,16.144259637091388
P2 fixed,p2,76,100,47.62,47.30386128603942,47.936138713960574,42.94,35.46564134690129,50.4143586530987,320.63195691110377,252.32040688471582,388.94350693749175,407.62183790309604,336.4675614747899,478.7761143314022,418.76,345.5544148046314,491.9655851953686,16.299999999999972,16.299999999999965,16.29999999999998,16.03935005593428,15.94065129784117,16.138048814027385,16.017986473668806,15.91665041903027,16.11932252830734
P2 fixed,p2,77,100,47.47,47.08960001699434,47.85039998300566,43.88,36.43068302977862,51.329316970221385,320.83271481946844,251.59372082113396,390.0717088178029,404.3499263200894,331.0172691041529,477.68258353602596,426.66,354.11686028139724,499.2031397186028,16.299999999999972,16.299999999999965,16.29999999999998,15.998798398672665,15.876986765725531,16.1206100316198,15.973520615143837,15.849762501209891,16.097278729077782
P2 fixed,p2,78,100,47.55,47.17689211352546,47.92310788647453,45.32,37.730134585401586,52.909865414598414,330.16701641863875,260.363643705243,399.9703891320345,412.0608839638925,339.27114309890715,484.8506248288778,443.4,369.694680795547,517.1053192044529,16.299999999999972,16.299999999999965,16.29999999999998,16.02904825126498,15.914074744616983,16.14402175791298,16.002411749450022,15.883633447419786,16.12119005148026
P2 fixed,p2,79,100,47.45,47.05565599799263,47.844344002007375,45.91,38.17764336167671,53.642356638323285,340.3598600997815,270.3816916649588,410.3380285346042,429.4718341984961,356.25346268662673,502.69020571036543,437.57,363.12043646937474,512.0195635306252,16.299999999999972,16.299999999999965,16.29999999999998,15.998697742861308,15.876810578825268,16.12058490689735,15.970777831482549,15.845013477454561,16.096542185510536
P2 fixed,p2,80,100,47.75,47.513000319652434,47.986999680347566,46.56,38.648100718231525,54.47189928176848,342.18084482395386,271.95039337592755,412.4112962719802,424.767970487928,350.44166820834903,499.09427276750694,445.07,370.84039511940745,519.2996048805926,16.299999999999972,16.299999999999965,16.29999999999998,16.099701616304834,16.031685911233065,16.167717321376603,16.07166336889659,15.999689744215951,16.14363699357723
P2 fixed,p2,81,100,47.8,47.543159838251746,48.05684016174825,47.49,39.43490098635678,55.545099013643224,349.7951073460006,278.67579852020316,420.914416171798,432.305861839315,358.356988971517,506.254734707113,453.19,377.6040039100396,528.7759960899605,16.299999999999972,16.299999999999965,16.29999999999998,16.0900020865404,15.999958532149574,16.18004564093123,16.072540226012478,15.984178962034436,16.16090148999052
P2 fixed,p2,82,100,47.41,46.94210202441605,47.87789797558394,47.64,39.53663028526174,55.743369714738265,357.7933074327802,284.8507286004136,430.73588626514675,440.57372005534666,364.93617254960014,516.2112675610932,460.72,381.8682786340762,539.5717213659238,16.299999999999972,16.299999999999965,16.29999999999998,15.988546680864237,15.844745194795767,16.132348166932708,15.959316815604877,15.810727097961179,16.107906533248578
P2 fixed,p2,83,100,47.02,46.42187147626193,47.61812852373808,47.38,39.23372949869672,55.52627050130329,367.89917519089846,293.2331763324535,442.5651740493434,449.1563590811945,370.23702390886757,528.0756942535215,465.58,386.00539864691353,545.1546013530865,16.299999999999972,16.299999999999965,16.29999999999998,15.817441805502387,15.612252547518537,16.022631063486237,15.8042611277487,15.601219399152674,16.00730285634473
P2 fixed,p2,84,100,47.69,47.426161852491326,47.95383814750867,48.17,40.00112156495982,56.338878435040186,370.1041524959761,294.95274066051684,445.2555643314354,453.9668120739184,375.302349894449,532.6312742533878,474.15,393.6478488737127,554.6521511262873,16.299999999999972,16.299999999999965,16.29999999999998,16.059602469678293,15.972877776539141,16.146327162817446,16.039538830748967,15.952598850524547,16.126478810973385
P2 fixed,p2,85,100,47.57,47.146357972726115,47.993642027273886,48.73,40.57767864046743,56.88232135953256,377.7183331463217,300.8560457727712,454.5806205198722,461.05134436581653,380.7345787630676,541.3681099685655,480.17,399.8211791274214,560.5188208725787,16.299999999999972,16.299999999999965,16.29999999999998,16.019201794635375,15.88409814210299,16.154305447167758,15.99918722488332,15.861453024274265,16.136921425492375
P2 fixed,p2,86,100,47.77,47.53550222675564,48.00449777324437,49.04,41.00682919475363,57.07317080524637,376.09871004609425,299.84850476198284,452.34891533020567,465.775405141991,385.69870753433077,545.8521027496512,479,400.1857279580979,557.8142720419021,16.299999999999972,16.299999999999965,16.29999999999998,16.08985220581405,16.01937092332151,16.16033348830659,16.068429480099248,15.994954185205891,16.141904774992604
P2 fixed,p2,87,100,47.64,47.273031960767455,48.00696803923255,49.08,40.98409632588145,57.175903674118544,376.51972112033013,300.73077271903463,452.30866952162563,465.90111416485473,387.3134465911413,544.4887817385682,480.94,400.47877140251603,561.401228597484,16.299999999999972,16.299999999999965,16.29999999999998,16.06930023861007,15.956288863864012,16.182311613356124,16.038656252879885,15.922085533844534,16.155226971915237
P2 fixed,p2,88,100,47.55,47.22229558773464,47.87770441226535,48.71,40.65654868047496,56.76345131952504,382.6317838482726,304.69460878921836,460.5689589073269,468.6611104602546,387.98463136395424,549.3375895565549,487.24,404.5241337607134,569.9558662392866,16.299999999999972,16.299999999999965,16.29999999999998,16.019098552025003,15.910054991204976,16.12814211284503,15.996436285273589,15.88742086414817,16.105451706399005
P2 fixed,p2,89,100,47.56,47.197500341483966,47.92249965851604,48.98,40.96520311897797,56.994796881022026,381.9201600741311,303.8145510363328,460.02576911192943,469.8625285059815,387.27556402175185,552.4494929902112,484.76,403.5043085699459,566.0156914300541,16.299999999999972,16.299999999999965,16.29999999999998,16.029099438394766,15.90759412669313,16.150604750096402,16.00378591107215,15.882744069313002,16.124827752831298
P2 fixed,p2,90,100,47.57,47.23309393210294,47.90690606789706,48.79,40.393145210379075,57.186854789620924,380.3973761404819,303.34898155337044,457.4457707275934,471.2106169229751,391.03428542802294,551.3869484179272,479.96,399.29184414713933,560.6281558528607,16.299999999999972,16.299999999999965,16.29999999999998,16.01919899752871,15.903168186565713,16.135229808491708,15.999178399165364,15.884534144169496,16.113822654161233
P2 fixed,p2,91,100,47.66,47.360968177768534,47.95903182223146,48.54,40.024381144074496,57.0556188559255,372.87408621396105,295.5102298877773,450.2379425401448,467.1506537629306,386.5727534983163,547.7285540275449,474.15,392.67438537782846,555.6256146221715,16.299999999999972,16.299999999999965,16.29999999999998,16.069400961971763,15.984325190842915,16.154476733100612,16.041399245458255,15.95047872271421,16.1323197682023
P2 fixed,p2,92,100,47.67,47.38175820755988,47.95824179244012,48.19,39.552256080281936,56.82774391971806,372.11535066911705,293.9654626565062,450.2652386817279,459.07371635074685,377.5973413705617,540.550091330932,469.62,386.98206550190946,552.2579344980905,16.299999999999972,16.299999999999965,16.29999999999998,16.049550905163496,15.944795146950252,16.15430666337674,16.03081697393015,15.929486382466083,16.132147565394217
P2 fixed,p2,93,100,47.63,47.322731207723486,47.93726879227652,48.32,39.49589265557934,57.14410734442066,370.3478059278696,291.8747824890504,448.8208293666888,456.5853977327915,374.9061965594365,538.2645989061464,474.07,391.06873631677814,557.0712636832218,16.299999999999972,16.299999999999965,16.29999999999998,16.059301926293873,15.959812451641389,16.15879140094636,16.031315094450193,15.931183312508693,16.131446876391692
P2 fixed,p2,94,100,47.58,47.21551472906676,47.944485270933235,48.64,39.59239927074809,57.68760072925191,369.1490905467768,289.01299265700436,449.2851884365492,458.55708281943606,375.6601542779316,541.4540113609405,468.75,384.4051319051396,553.0948680948604,16.299999999999972,16.299999999999965,16.29999999999998,16.02920106485396,15.910927648124948,16.14747448158297,16.006531399133124,15.886987359607245,16.126075438659004
P2 fixed,p2,95,100,47.53,47.11543157940633,47.944568420593676,48.16,39.29803046776265,57.02196953223734,371.4242997522686,288.92849405302053,453.9201054515167,453.1985082743624,368.9029550593835,537.4940614893412,474.36,387.786892042502,560.933107957498,16.299999999999972,16.299999999999965,16.29999999999998,16.018999419301164,15.883947330453122,16.154051508149205,15.993698646638084,15.857310879542238,16.130086413733927
P2 fixed,p2,96,100,47.58,47.26583132369423,47.89416867630577,48.5,39.41900850872293,57.58099149127707,373.65726045968114,290.2804116910425,457.0341092283198,460.4073204295972,373.9967881988058,546.8178526603886,472.45,384.252132158207,560.647867841793,16.299999999999972,16.299999999999965,16.29999999999998,16.019249714090932,15.913910233509133,16.12458919467273,16.00055104526163,15.895549162891603,16.10555292763166
P2 fixed,p2,97,100,47.66,47.36885820317483,47.95114179682516,49.09,39.98802637284117,58.19197362715884,373.41342158118727,287.6804952138383,459.14634794853623,457.13850827436266,369.3292014231401,544.9478151255853,478.19,388.45013355549736,567.9298664445026,16.299999999999972,16.299999999999965,16.29999999999998,16.05945064619498,15.964017205508618,16.15488408688134,16.035422107452106,15.939476636364972,16.13136757853924
P2 fixed,p2,98,100,47.6,47.222112624335146,47.97788737566486,48.9,39.51175685586844,58.288243144131556,380.2085218811937,293.49401277715356,466.9230309852338,466.6013406612165,377.01922998955996,556.1834513328731,481.11,389.99321387369804,572.226786126302,16.299999999999972,16.299999999999965,16.29999999999998,16.029297943247162,15.89842021200672,16.160175674487604,16.009262151934994,15.880096946484901,16.138427357385087
P2 fixed,p2,99,100,47.56,47.19964761578688,47.920352384213125,50.14,40.73637224492805,59.54362775507195,381.5460455280518,293.9511627156728,469.14092834043083,466.9532596534227,376.18767811482695,557.7188411920185,483.52,393.40798637389616,573.6320136261038,16.299999999999972,16.299999999999965,16.29999999999998,16.01915063171605,15.903003265985312,16.13529799744679,15.997813221173375,15.879970363013047,16.115656079333704
P2 fixed,p2,100,100,47.62,47.313838212704454,47.92616178729554,50.4,40.97185238155704,59.828147618442955,384.1303621374786,297.15464806682616,471.106076208131,469.20517494102927,379.4963474945358,558.9140023875227,490.13,399.20274169292236,581.0572583070776,16.299999999999972,16.299999999999965,16.29999999999998,16.039352965594624,15.94069374490616,16.13801218628309,16.017995637544104,15.917868355137646,16.11812291995056
P2 fixed,p2,101,100,47.89,47.772152785096104,48.0078472149039,48.8,39.508331178149454,58.09166882185054,392.7271054196736,304.6734229868392,480.78078785250796,476.54014911185163,386.18430060101844,566.8959976226848,496.75,404.9732736363941,588.5267263636059,16.299999999999972,16.299999999999965,16.29999999999998,16.14020352969124,16.11221311391045,16.168193945472034,16.114759553096302,16.082707578487874,16.14681152770473
P2 fixed,p2,102,100,47.86,47.71789573325807,48.00210426674193,49.33,39.98216146965006,58.67783853034994,387.39768738263155,299.5049216055394,475.2904531597237,482.636852618474,391.1206538997359,574.1530513372121,485.25,394.2857375955377,576.2142624044624,16.299999999999972,16.299999999999965,16.29999999999998,16.130104700860034,16.095997440334823,16.164211961385245,16.104675715402472,16.065700056495537,16.143651374309407
P2 fixed,p2,103,100,47.63,47.285801487862635,47.97419851213737,50.2,40.6857731111283,59.71422688887171,386.01001216747585,297.1098559279954,474.9101684069563,471.6958655439152,380.83949365906614,562.5522374287642,485.11,391.95113568678676,578.2688643132133,16.299999999999972,16.299999999999965,16.29999999999998,16.039401653288724,15.929341836639866,16.149461469937584,16.019361524722278,15.907392705184396,16.13133034426016
P2 fixed,p2,104,100,47.67,47.30778412374649,48.03221587625352,49.89,40.37304517092858,59.406954829071424,388.5832855819251,299.06184664148043,478.1047245223698,470.002799251499,377.6558101117863,562.3497883912117,494.75,401.55844549580104,587.941554504199,16.299999999999972,16.299999999999965,16.29999999999998,16.069450820368164,15.963597339120547,16.175304301615782,16.042769236164037,15.93106401494393,16.154474457384147
P2 fixed,p2,105,100,47.85,47.70692962810865,47.993070371891356,50.98,41.62656224201362,60.333437757986374,393.1424741219744,302.7381484023589,483.54679984158986,482.9401565210512,390.3339716781753,575.5463413639271,492.91,398.87024348476416,586.9497565152359,16.299999999999972,16.299999999999965,16.29999999999998,16.12010396520824,16.081019143236073,16.15918878718041,16.097326493462457,16.055268897241454,16.13938408968346
P2 fixed,p2,106,100,47.72,47.40843590149899,48.03156409850101,51.39,41.90621111567617,60.87378888432383,398.34276995937233,307.5698361954076,489.11570372333705,480.4618047677406,386.71586923756524,574.207740297916,509.14,415.4680509096223,602.8119490903777,16.299999999999972,16.299999999999965,16.29999999999998,16.069701867439093,15.96045296138189,16.178950773496297,16.049624315556485,15.94235687549032,16.156891755622652
P2 fixed,p2,107,100,47.83,47.65814612267535,48.00185387732465,51.61,41.975084304940225,61.244915695059774,404.45562150503577,313.82836054464246,495.08288246542907,497.2749447400672,403.64089266409877,590.9089968160357,506.24,412.53810052980987,599.9418994701902,16.299999999999972,16.299999999999965,16.29999999999998,16.100100314503255,16.038386365045113,16.161814263961396,16.082621926514033,16.022568801123384,16.142675051904682
P2 fixed,p2,108,100,47.53,47.164159849445724,47.89584015055428,52.54,42.917475642824044,62.162524357175954,407.0592357829033,316.9233843725505,497.19508719325603,491.3487384753243,397.5140641797861,585.1834127708626,513.83,420.83446876111947,606.8255312388806,16.299999999999972,16.299999999999965,16.29999999999998,16.028948875964407,15.907432939822623,16.15046481210619,15.999672640160911,15.878280023054947,16.121065257266878
P2 fixed,p2,109,100,47.69,47.39822579921723,47.981774200782766,53.46,43.778858495888706,63.141141504111296,411.02165452540277,321.8215654941836,500.22174355662196,499.18942907821014,406.69503961275973,591.6838185436605,510.77,417.71673765219566,603.8232623478043,16.299999999999972,16.299999999999965,16.29999999999998,16.079503416238204,15.991813805064126,16.16719302741228,16.051494252389638,15.959925200980816,16.14306330379846
P2 fixed,p2,110,100,47.33,46.82312187666147,47.83687812333853,54.02,44.42382217536481,63.616177824635194,415.994883284301,326.7801054589751,505.20966110962695,494.9854014373913,402.7524351116581,587.2183677631245,521.16,428.80761747364966,613.5123825263503,16.299999999999972,16.299999999999965,16.29999999999998,15.938395256119627,15.768215298988709,16.108575213250543,15.918467885062148,15.748446425358928,16.088489344765367
P2 fixed,p2,111,100,47.86,47.73227678916556,47.98772321083444,54.85,45.40744278130745,64.29255721869255,428.7938853550422,338.29334008855153,519.2944306215329,508.22896867628623,416.19996214424197,600.2579752083305,542.93,447.6672247082605,638.1927752917394,16.299999999999972,16.299999999999965,16.29999999999998,16.120153490815138,16.081117531837826,16.15918944979245,16.09869555501208,16.05832589019379,16.139065219830368
P2 fixed,p2,112,100,47.67,47.3998254630724,47.9401745369276,55.76,46.33621116115222,65.18378883884778,437.6003484087389,344.6545416382221,530.5461551792557,528.7023314403755,433.85865300130445,623.5460098794465,549.97,454.65300649212975,645.2869935078703,16.299999999999972,16.299999999999965,16.29999999999998,16.059499636457872,15.977350814777639,16.141648458138103,16.03678904203781,15.951529674021316,16.122048410054305
P2 fixed,p2,113,100,47.93,47.8407884049752,48.0192115950248,56.6,47.16378893021488,66.03621106978513,443.3961310029029,351.87843714416255,534.9138248616433,534.8261325848323,439.7230816223153,629.9291835473492,557.31,463.7669866169027,650.8530133830972,16.299999999999972,16.299999999999965,16.29999999999998,16.140403075309624,16.1125489888946,16.16825716172465,16.120239104732924,16.092065983882726,16.148412225583122
P2 fixed,p2,114,100,47.87,47.720873893782624,48.01912610621737,56.67,47.10610170254616,66.23389829745383,443.44670248962046,352.0693813227866,534.8240236564543,542.550193361007,449.22456721708977,635.8758195049243,554.76,460.9885744936479,648.5314255063521,16.299999999999972,16.299999999999965,16.29999999999998,16.110253381798206,16.051529186325723,16.168977577270688,16.09408915302108,16.038849758501094,16.149328547541067
P2 fixed,p2,115,100,47.77,47.543927441700326,47.99607255829968,57.13,47.531085993160104,66.7289140068399,448.2912249699259,356.5567816655158,540.025668274336,540.7132596534228,447.4016647158465,634.0248545909992,558.95,464.0676871023473,653.8323128976527,16.299999999999972,16.299999999999965,16.29999999999998,16.089851190850354,16.014090528863136,16.16561185283757,16.068426116324883,15.99315104626375,16.143701186386018
P2 fixed,p2,116,100,47.7,47.38791324697428,48.01208675302573,57.22,47.621089025069224,66.81891097493077,453.25052273401036,360.37955049819595,546.1214949698248,545.4989686762863,450.4086204799723,640.5893168726002,560.19,464.9264734191061,655.453526580894,16.299999999999972,16.299999999999965,16.29999999999998,16.059651003703145,15.945508677648238,16.173793329758052,16.040904346733793,15.930787851911436,16.15102084155615
P2 fixed,p2,117,100,47.87,47.71326188089747,48.026738119102525,57.01,47.200086424334806,66.81991357566518,456.44561044715664,364.0830522438697,548.8081686504436,545.9036832153911,451.2672180440706,640.5401483867115,563.47,468.2533292901062,658.6866707098939,16.299999999999972,16.299999999999965,16.29999999999998,16.120202060594877,16.072080118346282,16.168324002843473,16.100061368131648,16.050604851015816,16.14951788524748
P2 fixed,p2,118,100,47.72,47.430381606700514,48.00961839329948,57.05,47.24658049557206,66.85341950442793,453.23139754352013,360.865085136743,545.5977099502973,549.5849447400674,454.3627034533407,644.807186026794,557.99,462.18815591071603,653.7918440892839,16.299999999999972,16.299999999999965,16.29999999999998,16.07965113687966,15.983493118495067,16.175809155264258,16.05559822738401,15.959427857140465,16.151768597627555
P2 fixed,p2,119,100,47.66,47.419998505055155,47.90000149494484,56.91,47.2731030084022,66.54689699159779,453.87055121067294,360.4003918219537,547.3407105993922,543.7454051419911,448.30253416150526,639.188276122477,560.51,462.706376936011,658.313623063989,16.299999999999972,16.299999999999965,16.29999999999998,16.04950367999126,15.965678929582621,16.133328430399903,16.029455357497046,15.947724533305285,16.111186181688804
P2 fixed,p2,120,100,47.58,47.217650236496404,47.94234976350359,56.86,47.10178282519255,66.61821717480744,462.3367344642182,366.7611881276431,557.9122808007933,547.014447498188,449.05008287614123,644.9788121202348,566.98,468.74401116506556,665.2159888349345,16.299999999999972,16.299999999999965,16.29999999999998,16.039151233539883,15.9325936262342,16.145708840845565,16.012508499368394,15.900019994420859,16.12499700431593
P2 fixed,p2,121,100,47.94,47.85270101068538,48.027298989314616,57.63,47.891501185438685,67.36849881456132,466.61052924229233,371.7412027341825,561.4798557504022,552.7091914680484,454.7149709773644,650.7034119587324,576.88,479.7520479595845,674.0079520404155,16.299999999999972,16.299999999999965,16.29999999999998,16.150404922370768,16.130510684578102,16.170299160163434,16.12759139442493,16.104549339759455,16.150633449090403
P2 fixed,p2,122,100,47.78,47.50622292929384,48.05377707070616,58.6,48.68701094930536,68.51298905069464,463.27899964767096,369.31116918001294,557.246830115329,561.5990055162421,464.69316124847967,658.5048497840045,572.63,476.42181733928044,668.8381826607196,16.299999999999972,16.299999999999965,16.29999999999998,16.089902136028137,15.999774329275692,16.180029942780582,16.06979965543324,15.979124300355613,16.160475010510865
P2 fixed,p2,123,100,47.88,47.71220187212853,48.047798127871474,58.92,49.03014581014636,68.80985418985365,461.77615973610233,367.95193803556765,555.600381436637,556.753987096264,460.47646418424097,653.0315100082871,568.63,472.3765134202549,664.8834865797451,16.299999999999972,16.299999999999965,16.29999999999998,16.120254993833118,16.072090194473972,16.168419793192264,16.10144122348082,16.050652051414726,16.152230395546912
P2 fixed,p2,124,100,47.86,47.675167434764006,48.04483256523599,59.64,49.74630768404292,69.53369231595708,467.87609900357415,373.5508258352429,562.2013721719054,556.3356353429531,460.2161198138402,652.455150872066,581.32,484.1850942563911,678.4549057436091,16.299999999999972,16.299999999999965,16.29999999999998,16.130101775429406,16.085752317405085,16.174451233453727,16.10466662455303,16.053372394541608,16.15596085456445
P2 fixed,p2,125,100,47.77,47.51642126399571,48.023578736004296,60.96,50.94548391087248,70.97451608912752,475.8065258926948,380.9248588293432,570.6881929560465,566.8473204295976,470.525174822431,663.1694660367643,588.66,491.13735062768046,686.1826493723195,16.299999999999972,16.299999999999965,16.29999999999998,16.099802724451354,16.026166973213577,16.17343847568913,16.074407424360203,15.996543369145568,16.152271479574836
P2 fixed,p2,126,100,47.87,47.756309077501385,47.98369092249861,59.81,49.78112748804682,69.83887251195318,479.142958107893,384.66711047200226,573.6188057437837,575.5930220432613,478.465114120542,672.7209299659805,588.14,490.30655535390974,685.9734446460902,16.299999999999972,16.299999999999965,16.29999999999998,16.1202044474506,16.081317314740414,16.159091580160787,16.100068893600586,16.062951291222113,16.13718649597906
P2 fixed,p2,127,100,47.77,47.545650449503285,47.99434955049672,60.07,50.096628111320676,70.04337188867933,486.2401246042705,389.7741079392855,582.7061412692555,574.5808839638926,476.6020809498309,672.5596869779542,599.07,497.01007386942035,701.1299261305797,16.299999999999972,16.299999999999965,16.29999999999998,16.099801813368778,16.03784431999009,16.161759306747467,16.074404556965465,16.0074493783487,16.14135973558223
P2 fixed,p2,128,100,47.77,47.44649052970008,48.09350947029993,60.43,50.449005126327194,70.4109948736728,491.58029338714755,392.85750361334823,590.3030831609468,584.3111141648545,482.4472567909447,686.1749715387643,597.03,495.6214182047553,698.4385817952447,16.299999999999972,16.299999999999965,16.29999999999998,16.089853333979004,15.983582000929218,16.19612466702879,16.068433461506903,15.961317853076364,16.17554906993744
P2 fixed,p2,129,100,47.72,47.44551516462929,47.994484835370706,61.37,51.07369373039167,71.66630626960833,491.11734394753313,393.4809320271508,588.7537558679155,584.964447498188,483.9221662045167,686.0067287918592,595.75,496.8696364372429,694.6303635627571,16.299999999999972,16.299999999999965,16.29999999999998,16.069701639882823,15.98475248830101,16.154650791464633,16.049623391175018,15.962131868443624,16.137114913906412
P2 fixed,p2,130,100,47.79,47.51380285477524,48.066197145224756,62.91,52.57609613938643,73.24390386061356,489.5418349269284,392.7944817104339,586.289188143423,581.1120681040577,482.5702073159786,679.6539288921367,604.72,504.0580252234,705.3819747766,16.299999999999972,16.299999999999965,16.29999999999998,16.099901601603563,16.016199345447355,16.18360385775977,16.0771445338693,15.989893863224623,16.16439520451398
P2 fixed,p2,131,100,47.78,47.50907247679816,48.05092752320184,62.28,52.04642982676598,72.51357017323402,504.139196724531,406.222306341038,602.056087108024,592.6939502563084,492.5037051593385,692.8841953532783,618.24,518.2388941812737,718.2411058187263,16.299999999999972,16.299999999999965,16.29999999999998,16.099851987577914,16.0261080611943,16.173595913961528,16.07577531255547,15.995202983376277,16.156347641734666
P2 fixed,p2,132,100,47.95,47.86937942714371,48.03062057285629,62.96,52.81027565013799,73.109724349862,508.03790234897576,410.1231701345836,605.952634563368,602.32639962575,502.44410539268574,702.2086938588143,616.05,515.1935594754964,716.9064405245035,16.299999999999972,16.299999999999965,16.29999999999998,16.150455732985854,16.130561482039255,16.170349983932454,16.12896502409658,16.106371676041434,16.151558372151726
P2 fixed,p2,133,100,47.72,47.36315361990081,48.07684638009919,63.34,53.23152344949442,73.44847655050559,510.9849930706183,413.4080010701666,608.56198507107,600.7987347707244,500.032617264975,701.5648522764739,625.19,525.0339101342593,725.3460898657409,16.299999999999972,16.299999999999965,16.29999999999998,16.059751513943798,15.938754422021358,16.18074860586624,16.04364659256331,15.92338229700165,16.16391088812497
P2 fixed,p2,134,100,47.95,47.852000000000004,48.048,62.85,52.550049255781204,73.1499507442188,518.0810841668285,419.3405934732534,616.8215748604036,612.7946776991494,512.6045105722304,712.9848448260683,626.03,525.0884509449056,726.9715490550943,16.299999999999972,16.299999999999965,16.29999999999998,16.15045481818553,16.130461155807208,16.170448480563852,16.128961760500843,16.103813543089085,16.1541099779126
P2 fixed,p2,135,100,47.77,47.491619776042,48.048380223958006,63.36,53.07972842366349,73.64027157633652,516.1300829043577,416.3602478064669,615.8999180022485,611.0896961191277,510.33012868696323,711.8492635512921,626.25,523.9769533982089,728.5230466017911,16.299999999999972,16.299999999999965,16.29999999999998,16.089851952969067,15.999703690985157,16.180000214952976,16.06842868820976,15.977165461184635,16.159691915234884
P2 fixed,p2,136,100,47.75,47.47936625069547,48.02063374930453,64.36,53.98508162736748,74.73491837263252,516.3250605866746,416.1835786744531,616.466542498896,611.7725322105816,509.4748421601071,714.0702222610562,625.23,522.6813016345991,727.7786983654009,16.299999999999972,16.299999999999965,16.29999999999998,16.06985274987399,15.968200168457441,16.17150533129054,16.053738347544037,15.95657648187976,16.150900213208317
P2 fixed,p2,137,100,47.84,47.612447563152685,48.06755243684732,64.63,54.36778182711559,74.8922181728844,522.7126679450016,423.41812474308813,622.0072111469151,613.9077771269214,511.26567318728524,716.5498810665575,635.14,534.6061971958233,735.6738028041767,16.299999999999972,16.299999999999965,16.29999999999998,16.110101049207326,16.038974906897437,16.181227191517216,16.089970659361175,16.016763553655533,16.163177765066816
P2 fixed,p2,138,100,47.88,47.74272931113963,48.01727068886038,65.08,54.775517881283434,75.38448211871656,526.87422764963,427.8341187979466,625.9143365013135,619.9635266943363,519.676571743855,720.2504816448177,641.05,539.7443654740415,742.3556345259584,16.299999999999972,16.299999999999965,16.29999999999998,16.120254573159386,16.072253422726966,16.168255723591805,16.101439663476278,16.05506969145889,16.147809635493665
P2 fixed,p2,139,100,47.78,47.56677989368408,47.993220106315924,64.85,54.48717487332432,75.21282512667567,530.7910032465784,430.9848917108583,630.5971147822985,626.2358655439094,525.047101873396,727.4246292144229,640.01,536.8292742617248,743.1907257382752,16.299999999999972,16.299999999999965,16.29999999999998,16.109802469686116,16.057818295026838,16.161786644345394,16.08175315007368,16.022055819001892,16.14145048114547
P2 fixed,p2,140,100,47.96,47.898207463429976,48.021792536570025,64.89,54.43652208054539,75.34347791945461,529.5395687275563,429.5724472833607,629.506690171752,625.4385082743584,522.6634417072166,728.2135748415001,639.44,537.2695156747559,741.6104843252442,16.299999999999972,16.299999999999965,16.29999999999998,16.15050557907137,16.13070969131946,16.170301466823283,16.130334446713597,16.11040668617755,16.150262207249643
P2 fixed,p2,141,100,47.78,47.51780686893094,48.04219313106906,66.33,55.86201201847202,76.79798798152797,531.7950001811491,430.837338408923,632.7526619533752,625.6827624115377,523.7831924240977,727.5823323989778,645.79,541.6778971515333,749.9021028484666,16.299999999999972,16.299999999999965,16.29999999999998,16.09985300811185,16.01624547833297,16.18346053789073,16.075778591734682,15.990848666944315,16.160708516525048
P2 fixed,p2,142,100,47.84,47.67350193254982,48.00649806745019,67.01,56.44579834896946,77.57420165103055,537.4125333427465,436.3964405797017,638.4286261057914,631.1313812057679,527.5945264104924,734.6682360010433,652.86,550.1562266191104,755.5637733808896,16.299999999999972,16.299999999999965,16.29999999999998,16.110104863513207,16.051318070594498,16.168891656431917,16.089983227045785,16.032779829802035,16.147186624289535
P2 fixed,p2,143,100,47.96,47.8816,48.0384,67.35,56.67279618376921,78.02720381623078,546.134247995171,444.9758584426182,647.2926375477238,639.8468194831128,537.6300319851392,742.0636069810863,663.27,559.9462854434117,766.5937145565882,16.299999999999972,16.299999999999965,16.29999999999998,16.1505051861446,16.13060979142456,16.170400580864637,16.130333380595584,16.107871949435562,16.152794811755605
P2 fixed,p2,144,100,47.97,47.9112,48.0288,67.88,56.84479121269588,78.91520878730411,550.9534994136845,449.2033163340451,652.703682493324,647.7482412334394,544.4090615251647,751.0874209417142,659.15,555.3549330342513,762.9450669657487,16.299999999999972,16.299999999999965,16.29999999999998,16.15055590211385,16.13075926873476,16.170352535492942,16.131706277310478,16.111933174764214,16.15147937985674
P2 fixed,p2,145,100,47.8,47.606992542144404,47.99300745785559,66.51,55.4138022565376,77.60619774346242,545.5045957952525,442.43766973877723,648.5715218517278,644.1756353429481,540.280930185142,748.0703405007542,652.69,545.8154616064674,759.5645383935328,16.299999999999972,16.299999999999965,16.29999999999998,16.099951262889014,16.03814766432387,16.16175486145416,16.078513712040134,16.01581928003142,16.14120814404885
P2 fixed,p2,146,100,47.89,47.737681466138966,48.042318533861035,66.83,55.59767292981026,78.06232707018974,544.9015736191715,439.8873222078147,649.9158250305283,636.8999226154846,530.0944300336146,743.7054151973546,651.89,544.4326143282817,759.3473856717183,16.299999999999972,16.299999999999965,16.29999999999998,16.130254832243125,16.08608013924781,16.17442952523844,16.108786735255027,16.0621356092196,16.155437861290455
P2 fixed,p2,147,100,47.89,47.72781103924774,48.05218896075226,66.81,55.442761394358975,78.17723860564102,542.7573145471237,436.24970927163906,649.2649198226082,636.2608839638879,528.5793160649537,743.942451862822,655.01,545.1075452396907,764.9124547603093,16.299999999999972,16.299999999999965,16.29999999999998,16.120306718433262,16.058018189720162,16.182595247146363,16.102816830069948,16.04379881451776,16.161834845622135
P2 fixed,p2,148,100,47.65,47.34818468420492,47.95181531579508,67.65,56.286186507562306,79.0138134924377,548.2821770275681,439.4540697110909,657.1102843440452,640.2037163507408,530.1225724855524,750.2848602159293,658.01,546.1228651029389,769.897134897061,16.299999999999972,16.299999999999965,16.29999999999998,16.0594030101827,15.972482530483969,16.14632348988143,16.034059131759527,15.941812250393719,16.126306013125337
P2 fixed,p2,149,100,47.63,47.326543465578965,47.93345653442104,68.01,56.56418395359769,79.45581604640232,559.649489667087,450.143360869821,669.155618464353,645.1025322105762,532.9809602386216,757.2241041825308,673.97,560.658777585821,787.2812224141791,16.299999999999972,16.299999999999965,16.29999999999998,16.039401503854652,15.940760336392282,16.13804267131702,16.019361319592235,15.919670918581417,16.119051720603053
P2 fixed,p2,150,100,47.84,47.61762223786784,48.062377762132165,68.76,57.38104402552278,80.13895597447723,560.1626619807582,450.6377807466135,669.687543214903,655.547546925955,542.7882435570475,768.3068502948624,670.79,558.0532306653479,783.526769334652,16.299999999999972,16.299999999999965,16.29999999999998,16.110104612548977,16.039005818929994,16.18120340616796,16.089982073637074,16.017510782054117,16.16245336522003
P2 fixed,p2,151,100,47.68,47.35526339873365,48.00473660126635,69.99,58.56967302214108,81.41032697785892,559.7399002379753,449.161893909895,670.3179065660556,654.0932596534182,541.5511856527064,766.6353336541299,676.9,563.2802205830891,790.5197794169109,16.299999999999972,16.299999999999965,16.29999999999998,16.06950264362661,15.975555523656704,16.163449763596514,16.044145493586992,15.944343751753795,16.14394723542019
P2 fixed,p2,152,100,47.86,47.72927395288643,47.99072604711357,69.63,58.07707354711116,81.18292645288884,575.7799671330331,464.552983236491,687.0069510295751,664.5527955468943,551.1821001324033,777.9234909613854,689.12,573.8992851154153,804.3407148845847,16.299999999999972,16.299999999999965,16.29999999999998,16.120154439548475,16.081168072561873,16.159140806535078,16.098698408616613,16.058940706690443,16.138456110542784
P2 fixed,p2,153,100,47.64,47.30742363768951,47.97257636231049,69.89,58.364674254416144,81.41532574558386,583.7725389874073,471.4142712849448,696.1308066898698,673.4232596534177,558.3830926368505,788.463426669985,695.84,581.6339704898418,810.0460295101583,16.299999999999972,16.299999999999965,16.29999999999998,16.04940004330806,15.937241160943406,16.16155892567272,16.026703043396218,15.915064990652567,16.138341096139868
P2 fixed,p2,154,100,47.86,47.70736335348749,48.01263664651251,69.57,58.10092478776782,81.03907521223216,586.1588498653728,473.5455686457318,698.7721310850137,681.84398709626,567.7657624095972,795.9222117829228,691.86,576.5658071697881,807.154192830212,16.299999999999972,16.299999999999965,16.29999999999998,16.120155059242208,16.072034918435318,16.1682752000491,16.098700538913803,16.04951110705475,16.147889970772855
P2 fixed,p2,155,100,47.8,47.626025428538675,47.97397457146132,69.69,58.056006344068145,81.32399365593184,587.3580380779979,475.35411989978934,699.3619562562064,675.5727955468944,560.899134409753,790.2464566840359,687.06,571.6156594349143,802.5043405650856,16.299999999999972,16.299999999999965,16.29999999999998,16.099954453992957,16.038277358648966,16.16163154933695,16.07852393273014,16.018982917928543,16.138064947531735
P2 fixed,p2,156,100,47.66,47.33366610889328,47.98633389110671,70.75,59.108914773418874,82.39108522658113,581.575582570893,469.2346468524323,693.9165182893536,672.9106132183692,557.5637977002477,788.2574287364907,687.19,571.4244794867686,802.9555205132315,16.299999999999972,16.299999999999965,16.29999999999998,16.059451916322462,15.963833301846485,16.15507053079844,16.035426001569082,15.93450017515677,16.136351827981393
P2 fixed,p2,157,100,47.72,47.47070388869637,47.96929611130363,71.4,59.69307938426889,83.10692061573113,585.1164067664764,471.52507251568215,698.7077410172707,674.317970487921,558.692221923612,789.94371905223,695.2,578.2845110122165,812.1154889877836,16.299999999999972,16.299999999999965,16.29999999999998,16.08960155914142,16.019046243954264,16.160156874328578,16.06157575924555,15.98606642838837,16.13708509010273
P2 fixed,p2,158,100,47.71,47.45271453106471,47.967285468935295,71.45,59.51125048085822,83.38874951914178,596.1918815274283,481.89773027721515,710.4860327776415,681.5989318363248,564.7926643234381,798.4051993492116,706.8,589.7479814299935,823.8520185700064,16.299999999999972,16.299999999999965,16.29999999999998,16.069652182789056,15.984798004671319,16.154506360906794,16.048255078229634,15.96326869848093,16.13324145797834
P2 fixed,p2,159,100,47.85,47.66442363873978,48.035576361260226,71.95,60.04617685893572,83.85382314106428,601.8834005968253,486.9679338350806,716.7988673585699,691.4646739945447,574.58164124201,808.3477067470793,706.78,589.0864370565284,824.4735629434715,16.299999999999972,16.299999999999965,16.29999999999998,16.120104198757666,16.057725720403443,16.18248267711189,16.097327382626837,16.035548963748226,16.159105801505447
P2 fixed,p2,160,100,47.93,47.7928,48.0672,71.41,59.552009162704934,83.26799083729506,595.5386692871059,481.5820212604026,709.4953173138092,693.9918416076908,576.5586962824342,811.4249869329475,706.58,590.5248828774844,822.6351171225157,16.299999999999972,16.299999999999965,16.29999999999998,16.140405295588366,16.10071347287842,16.18009711829831,16.12024625116749,16.078012309146857,16.162480193188124
P2 fixed,p2,161,100,47.89,47.762657122363095,48.01734287763691,72.33,60.54659386857171,84.11340613142829,602.9076714596885,488.335873841924,717.4794690774529,690.429688709923,574.1060103808345,806.7533670390114,714.45,597.2200376392149,831.6799623607852,16.299999999999972,16.299999999999965,16.29999999999998,16.130254723971873,16.096200923934965,16.16430852400878,16.1087864234031,16.071551686325442,16.146021160480757
P2 fixed,p2,162,100,47.87,47.756309077501385,47.98369092249861,73.04,61.2155717205542,84.8644282794458,606.1927252824629,492.52879784543813,719.8566527194877,700.2798894801275,583.1969564779617,817.3628224822933,712.83,596.9537827292094,828.7062172707907,16.299999999999972,16.299999999999965,16.29999999999998,16.13015345191266,16.096275756368698,16.16403114745662,16.10604181530562,16.07242708778367,16.13965654282757
P2 fixed,p2,163,100,47.77,47.46501284411877,48.07498715588124,74.35,62.55930781240447,86.14069218759552,611.3832500853829,497.1975657692707,725.5689344014951,698.7715745667728,583.293608508743,814.2495406248025,729.54,612.9262392922757,846.1537607077242,16.299999999999972,16.299999999999965,16.29999999999998,16.089852913091867,15.991292752212747,16.188413073970988,16.068432031627882,15.968424601026777,16.168439462228985
P2 fixed,p2,164,100,47.94,47.85270101068538,48.027298989314616,74.82,63.124507819892756,86.51549218010723,619.3060752262852,504.7628153490346,733.8493351035357,713.1627992514946,596.5569853870276,829.7686131159616,732.96,616.5019220652472,849.4180779347529,16.299999999999972,16.299999999999965,16.29999999999998,16.14045379735145,16.112598073959898,16.168309520743005,16.121611636120686,16.093527430918872,16.1496958413225
P2 fixed,p2,165,100,47.86,47.67941507384182,48.04058492615818,74.71,62.884443695388555,86.53555630461143,624.584046146008,510.15033058328663,739.0177617087293,718.97448433814,602.6061954245665,835.3427732517134,738.95,621.402778821669,856.4972211783311,16.299999999999972,16.299999999999965,16.29999999999998,16.11020577170712,16.05134869412902,16.169062849285215,16.092726273718167,16.033585435477026,16.15186711195931
P2 fixed,p2,166,100,47.96,47.8816,48.0384,76.16,64.31266150545007,88.00733849454993,630.8109897686389,515.6214644527438,746.0005150845341,724.3546739945449,606.987527417489,841.7218205716008,748.77,630.1659393709873,867.3740606290127,16.299999999999972,16.299999999999965,16.29999999999998,16.150506595018836,16.13061161564819,16.170401574389484,16.130337799599555,16.107877662959527,16.152797936239583
P2 fixed,p2,167,100,47.86,47.637099364439365,48.082900635560634,77,65.01134547106551,88.98865452893449,637.2578766362791,521.0978560375593,753.4178972349989,735.4323388495717,616.9066969030846,853.9579807960588,749.22,631.083176939731,867.3568230602691,16.299999999999972,16.299999999999965,16.29999999999998,16.110204575162605,16.028869796604496,16.191539353720714,16.0927230328015,16.013991363134608,16.171454702468395
P2 fixed,p2,168,100,47.85,47.670806407942855,48.02919359205715,77.19,65.09774212533182,89.28225787466818,643.0543127462282,526.8994653305557,759.2091601619007,736.5620718086527,618.4697754547332,854.6543681625723,755.54,637.2029757005232,873.8770242994767,16.299999999999972,16.299999999999965,16.29999999999998,16.130053146609626,16.0857498316019,16.174356461617354,16.103300125032646,16.05303223063761,16.153568019427684
P2 fixed,p2,169,100,48,48,48,78.57,66.38285337123118,90.75714662876881,647.6146353627903,532.41286877742,762.8164019481605,743.0720718086528,624.9963607465729,861.1477828707327,763.03,646.4316767929636,879.6283232070364,16.299999999999972,16.299999999999965,16.29999999999998,16.1606553085228,16.160653030129495,16.160657586916102,16.14179117498969,16.141783806184385,16.141798543794998
P2 fixed,p2,170,100,47.95,47.852000000000004,48.048,79.49,67.1519031181851,91.82809688181489,654.1116446416081,539.646488453793,768.5768008294232,748.1494659181617,632.0817994830152,864.2171323533082,771.88,655.1452854349857,888.6147145650143,16.299999999999972,16.299999999999965,16.29999999999998,16.140503681242222,16.101008369307014,16.17999899317743,16.122981983467177,16.086121391389476,16.15984257554488
P2 fixed,p2,171,100,47.84,47.57908275548587,48.100917244514136,79.7,67.50409268184072,91.89590731815929,660.41423680637,545.2386533364241,775.5898202763159,757.6506537629261,640.9743196029439,874.3269879229084,776.81,660.1544881804498,893.4655118195501,16.299999999999972,16.299999999999965,16.29999999999998,16.110106309600148,16.02858102513742,16.191631594062876,16.089987532287196,16.00604420894216,16.173930855632232
P2 fixed,p2,172,100,47.97,47.92635050534269,48.01364949465731,80.66,68.62727036894199,92.692729631058,667.1705142322098,551.2643847027992,783.0766437616204,764.5923388495714,647.7919051661473,881.3927725329955,783.16,665.6115859755348,900.7084140244651,16.299999999999972,16.299999999999965,16.29999999999998,16.160501648510735,16.160282876767308,16.16072042025416,16.137668828418892,16.131685806494275,16.14365185034351
P2 fixed,p2,173,100,47.86,47.70236083140682,48.01763916859318,80.35,68.14280675216867,92.55719324783132,680.2177315637323,563.3556085254106,797.079854602054,770.737780831516,653.2016617990782,888.2738998639538,795.74,676.0815581702249,915.3984418297752,16.299999999999972,16.299999999999965,16.29999999999998,16.120156248216812,16.064519148712293,16.17579334772133,16.09870407655461,16.044699082917525,16.152709070191698
P2 fixed,p2,174,100,47.85,47.68666666666667,48.013333333333335,79.42,67.2401493342488,91.5998506657512,684.9176935062912,567.0593560472788,802.7760309653037,781.9982780733959,662.6810581124807,901.3154980343111,796.71,676.8786915718163,916.5413084281838,16.299999999999972,16.299999999999965,16.29999999999998,16.120104290324026,16.071944475512932,16.16826410513512,16.097327620546807,16.046887427495687,16.147767813597927
P2 fixed,p2,175,100,47.78,47.55786666666667,48.00213333333333,80.31,68.31621004194338,92.30378995805663,686.1222346308884,566.7683399050603,805.4761293567166,785.9220718086534,666.1212389874374,905.7229046298694,793.04,671.0829411223968,914.9970588776031,16.299999999999972,16.299999999999965,16.29999999999998,16.089904490438858,16.019477193447162,16.160331787430554,16.06980728118465,15.99790558462229,16.141708977747015
P2 fixed,p2,176,100,47.54,47.11988537591065,47.96011462408935,81.62,69.48216125233812,93.75783874766189,685.7529327522908,566.3345476012606,805.171317903321,779.201574566773,657.871639614867,900.5315095186791,801.56,680.559105904871,922.5608940951289,16.299999999999972,16.299999999999965,16.29999999999998,16.028997992900976,15.90401354374573,16.153982442056222,16.001039830325364,15.869809053426696,16.132270607224033
P2 fixed,p2,177,100,47.87,47.6152,48.12479999999999,82.05,70.03265785952601,94.06734214047398,687.799451114063,568.782998153632,806.815904074494,787.1989649716814,666.4793941543091,907.9185357890537,806.8,687.0767035346702,926.5232964653297,16.299999999999972,16.299999999999965,16.29999999999998,16.120203749460746,16.040917932438237,16.199489566483255,16.100066653677786,16.018284101978935,16.181849205376636
P2 fixed,p2,178,100,47.9,47.704,48.096,82.71,70.52186509348563,94.89813490651436,699.8105750808453,581.7371141351792,817.8840360265114,793.2213369566108,673.3970500169354,913.0456238962862,816.3,696.8253841233683,935.7746158766316,16.299999999999972,16.299999999999965,16.29999999999998,16.130303863175797,16.070815384119975,16.18979234223162,16.11015422216256,16.048147050276,16.17216139404912
P2 fixed,p2,179,100,47.97,47.9112,48.0288,82.24,69.800026748283,94.67997325171699,698.8633666002883,580.5256404291795,817.201092771397,799.458241233439,679.6741201939167,919.2423622729614,811.05,692.3645943806471,929.7354056193528,16.299999999999972,16.299999999999965,16.29999999999998,16.150554534236274,16.13075755583541,16.17035151263714,16.131701741952238,16.111927441533037,16.15147604237144
P2 fixed,p2,180,100,47.93,47.84995909126761,48.01004090873239,81.82,69.34450929198948,94.2954907080105,691.1395936644946,573.2378087079468,809.0413786210423,795.2854419819431,676.6546384247038,913.9162455391825,803.92,682.3584802556202,925.4815197443797,16.299999999999972,16.299999999999965,16.29999999999998,16.140406304349373,16.11262223384921,16.168190374849537,16.120249470655352,16.093772508408158,16.146726432902547
P2 fixed,p2,181,100,47.7,47.32989425480512,48.07010574519489,81.44,69.02834481518816,93.85165518481183,689.9121533697518,569.7343000295466,810.0900067099569,787.7804235619647,665.8937790715189,909.6670680524104,798.49,675.8800422868411,921.0999577131589,16.299999999999972,16.299999999999965,16.29999999999998,16.059652849461404,15.932299113067003,16.187006585855805,16.040910061148068,15.914872533952515,16.16694758834362
P2 fixed,p2,182,100,47.76,47.48125063138179,48.038749368618205,81,68.62834364812501,93.37165635187499,692.2332345376801,571.2669422148746,813.1995268604857,784.7485082743578,662.4485149138029,907.0485016349128,802.87,678.6898741402025,927.0501258597975,16.299999999999972,16.299999999999965,16.29999999999998,16.079852656387377,15.98787581460605,16.171829498168705,16.061084627227036,15.96857575484225,16.153593499611823
P2 fixed,p2,183,100,47.89,47.75382198815855,48.02617801184145,80.68,68.12975652851566,93.23024347148436,695.3312519555282,572.6869972207011,817.9755066903552,788.7018416076916,664.1208898548175,913.2827933605656,812.61,688.092080550441,937.127919449559,16.299999999999972,16.299999999999965,16.29999999999998,16.130254068268027,16.08616833134386,16.174339805192194,16.10878495379539,16.06449399758791,16.15307591000287
P2 fixed,p2,184,100,47.92,47.82895856421221,48.011041435787796,79.7,67.03612987170736,92.36387012829265,697.6793322545418,575.0589152511526,820.299749257931,798.0944806335397,673.2377281039475,922.9512331631319,805.41,681.3598269845543,929.4601730154457,16.299999999999972,16.299999999999965,16.29999999999998,16.140356518480544,16.11250325785358,16.16820977910751,16.118879854890128,16.09061792728325,16.147141782497005
P2 fixed,p2,185,100,47.69,47.41324144935786,47.96675855064213,79.62,66.75704539927929,92.48295460072072,689.7851273351656,567.8718908579738,811.6983638123575,791.508047872435,667.3404275317351,915.6756682131348,795.22,671.2216281089876,919.2183718910125,16.299999999999972,16.299999999999965,16.29999999999998,16.05960220577028,15.964224856165904,16.154979555374656,16.039538169480508,15.945303088911102,16.133773250049913
P2 fixed,p2,186,100,47.81,47.594760264267066,48.02523973573294,79.88,67.10396442476,92.65603557524,677.5192742339657,555.3385645285283,799.6999839394031,779.5789649716809,655.6764586428037,903.481471300558,783.56,658.9343969670125,908.1856030329874,16.299999999999972,16.299999999999965,16.29999999999998,16.10000302732427,16.026548829865177,16.173457224783363,16.079890132418328,16.007123300938243,16.152656963898412
P2 fixed,p2,187,100,47.95,47.86937942714371,48.03062057285629,81.3,68.38274667216929,94.2172533278307,676.7423635418681,554.0348922290176,799.4498348547187,769.3192357171994,644.731870416353,893.9066010180458,791.15,665.1681507517849,917.1318492482151,16.299999999999972,16.299999999999965,16.29999999999998,16.150456237952746,16.13056166686251,16.170350809042983,16.128966348880542,16.106371973613246,16.15156072414784
P2 fixed,p2,188,100,47.89,47.759645524461455,48.02035447553855,81.09,68.08121933716548,94.09878066283453,685.8904875945134,563.0872419762383,808.6937332127885,777.0903867220073,651.5824673685305,902.5983060754842,797.41,672.2821909059494,922.5378090940505,16.299999999999972,16.299999999999965,16.29999999999998,16.14020633582175,16.112145340752612,16.168267330890885,16.114767980821913,16.080867281779515,16.14866867986431
P2 fixed,p2,189,100,47.85,47.656240073568064,48.04375992643194,81.67,68.92267517795251,94.41732482204749,686.5004867859835,562.9278933123201,810.073080259647,780.3275506305546,655.2132664150826,905.4418348460266,807.17,682.13513297202,932.20486702798,16.299999999999972,16.299999999999965,16.29999999999998,16.12010217118855,16.064254683101662,16.175949659275435,16.097320873031556,16.03787226937964,16.156769476683472
P2 fixed,p2,190,100,47.92,47.81326262949357,48.02673737050643,80.97,68.04515001804037,93.89484998195962,694.9450192119829,571.7030094497999,818.1870289741659,793.2825322105762,668.4388581302959,918.1262062908564,803.5,678.0850144574969,928.9149855425031,16.299999999999972,16.299999999999965,16.29999999999998,16.14035588572611,16.100862987185305,16.179848784266913,16.118877775802172,16.081615157543087,16.156140394061257
P2 fixed,p2,191,100,47.69,47.33248548464871,48.04751451535129,80.19,67.25502908592837,93.12497091407162,691.3087268024807,567.2819626091713,815.3354909957901,789.097320429593,663.6919966835808,914.5026441756052,800.38,672.9442505343643,927.8157494656357,16.299999999999972,16.299999999999965,16.29999999999998,16.06954954131157,15.963693490301191,16.17540559232195,16.045505696299696,15.934035142023276,16.156976250576115
P2 fixed,p2,192,100,47.98,47.940799999999996,48.0192,80.96,67.81044708159477,94.10955291840521,687.6219737223693,561.19119891518,814.0527485295585,784.9944806335393,657.671718807293,912.3172424597856,803.5,675.2244518988655,931.7755481011345,16.299999999999972,16.299999999999965,16.29999999999998,16.160554873761,16.160358447989303,16.1607512995327,16.13904927143554,16.133676216292873,16.144422326578205
P2 fixed,p2,193,100,47.93,47.7928,48.0672,81.97,68.76553970116785,95.17446029883214,688.1258785818696,560.7140138345623,815.537743329177,787.2592357171998,659.1457961411616,915.372675293238,797.72,668.7822328322393,926.6577671677608,16.299999999999972,16.299999999999965,16.29999999999998,16.1404031957012,16.100711463096953,16.180094928305447,16.12023954613522,16.078005851476632,16.16247324079381
P2 fixed,p2,194,100,47.97,47.9112,48.0288,81.88,68.70343324825345,95.05656675174654,688.6260110538476,561.6314665395366,815.6205555681586,783.6285045697576,654.76514275554,912.4918663839753,804.19,676.0815552078908,932.2984447921093,16.299999999999972,16.299999999999965,16.29999999999998,16.15055443741882,16.130757677611133,16.170351197226505,16.13170153920955,16.11192795806128,16.151475120357823
P2 fixed,p2,195,100,47.91,47.80176442452696,48.018235575473035,82.8,69.62703479842065,95.97296520157934,692.6075333135278,566.3080753435912,818.9069912834644,788.6811141648495,660.8350711728513,916.5271571568478,810.03,682.0054745889174,938.0545254110825,16.299999999999972,16.299999999999965,16.29999999999998,16.140304774364107,16.112381804584242,16.168227744143973,16.11750380584894,16.08708250273441,16.14792510896347
P2 fixed,p2,196,100,47.78,47.4897124629933,48.0702875370067,82.57,69.51042526093393,95.62957473906606,699.7412939557062,572.4422859581406,827.0403019532718,794.1868231877129,666.2445143628753,922.1291320125505,811.53,681.6752841919031,941.3847158080969,16.299999999999972,16.299999999999965,16.29999999999998,16.099851083120942,16.016079221779805,16.18362294446208,16.075772638825306,15.986610750547692,16.164934527102922
P2 fixed,p2,197,100,47.91,47.752176321373014,48.06782367862698,82.07,68.93558442539353,95.20441557460646,703.3549664605265,573.8652702361506,832.8446626849023,795.088007327878,665.1734837200779,925.0025309356781,823.46,691.1667317190365,955.7532682809635,16.299999999999972,16.299999999999965,16.29999999999998,16.140305684264618,16.10051630180209,16.180095066727144,16.11750686485188,16.072532550801213,16.162481178902546
P2 fixed,p2,198,100,47.86,47.68822516970396,48.03177483029604,81.86,68.64779656826249,95.0722034317375,706.8679947748838,577.168204460618,836.5677850891495,810.6968231877134,678.4694008388411,942.9242455365858,808.53,677.7052704321904,939.3547295678095,16.299999999999972,16.299999999999965,16.29999999999998,16.120153842545037,16.064445656592575,16.175862028497498,16.09869693629251,16.04273842140208,16.154655451182936
P2 fixed,p2,199,100,47.74,47.40267379573948,48.07732620426052,83.28,70.0277070455294,96.5322929544706,699.3163336849179,568.6653237618874,829.9673436079485,793.094484338139,662.1445910374518,924.0443776388261,816.2,682.6834290289075,949.7165709710926,16.299999999999972,16.299999999999965,16.29999999999998,16.07975048727495,15.968332174065717,16.191168800484185,16.058337039042883,15.946732202731535,16.16994187535423
P2 fixed,p2,200,100,47.91,47.77905151602807,48.040948483971924,82.85,69.4446809727548,96.25531902724519,704.9304494186036,573.7575175410782,836.1033812961291,802.125405141986,668.8927016707166,935.3581086132554,811.49,677.1763914293451,945.8036085706549,16.299999999999972,16.299999999999965,16.29999999999998,16.130355687381947,16.08626771860382,16.174443656160072,16.111530968678373,16.067494054779328,16.15556788257742
P2 fixed,p2,201,100,47.86,47.637099364439365,48.082900635560634,83.49,70.13644739743407,96.84355260256592,704.0242873385654,571.9170186917479,836.1315559853829,798.4325690505335,664.0957960997556,932.7693420013114,819.19,685.3337801858588,953.0462198141413,16.299999999999972,16.299999999999965,16.29999999999998,16.110204473719204,16.028869568607572,16.191539378830836,16.092722424265258,16.01399029180858,16.171454556721937
P2 fixed,p2,202,100,48,48,48,83.61,69.99006484365545,97.22993515634455,712.5177552306479,580.8722678141313,844.1632426471646,805.2825322105759,671.6567987995631,938.9082656215887,822.57,688.6504721087031,956.489527891297,16.299999999999972,16.299999999999965,16.29999999999998,16.160655497657995,16.16065306014987,16.16065793516612,16.141791993924254,16.141784145622672,16.141799842225836
P2 fixed,p2,203,100,47.65,47.289588394675576,48.01041160532442,83.64,69.93815488033701,97.34184511966299,710.8517345732506,578.9178364038542,842.7856327426471,805.8811510048065,671.8105570477915,939.9517449618215,824.24,690.33082589632,958.14917410368,16.299999999999972,16.299999999999965,16.29999999999998,16.04945111240459,15.933712449571296,16.165189775237884,16.02807698156949,15.91029327642119,16.145860686717793
P2 fixed,p2,204,100,47.88,47.71220187212853,48.047798127871474,84.19,70.35489951037653,98.02510048962347,720.0768981099719,587.8056194363136,852.3481767836303,813.9206169229699,680.0209334084934,947.8203004374463,829.46,695.7337308196202,963.1862691803799,16.299999999999972,16.299999999999965,16.29999999999998,16.120255019848827,16.064544374365518,16.175965665332136,16.101441040354725,16.045664296356907,16.157217784352543
P2 fixed,p2,205,100,47.99,47.970400000000005,48.0096,84.37,70.59606727632361,98.1439327236764,717.5213336944656,584.9201650062876,850.1225023826437,815.9246776991449,682.3521981918541,949.4971572064358,831.13,696.1501384021328,966.1098615978672,16.299999999999972,16.299999999999965,16.29999999999998,16.160605729192746,16.160507328350356,16.160704130035136,16.140422282179955,16.1377352308257,16.14310933353421
P2 fixed,p2,206,100,47.66,47.24099522627535,48.07900477372464,84.12,70.39617443233422,97.84382556766579,715.8287676980962,582.148493213069,849.5090421831234,813.8387347707196,678.6998622915186,948.9776072499207,827.7,691.7828326553636,963.6171673446365,16.299999999999972,16.299999999999965,16.29999999999998,16.04950114093344,15.906357688670127,16.192644593196754,16.02944742824918,15.887472024283179,16.171422832215182
P2 fixed,p2,207,100,47.7,47.42633634150696,47.973663658493045,83.6,69.77560925776693,97.42439074223306,721.1440018114696,587.062227815574,855.2257758073652,815.2668231877127,679.5900160802701,950.9436302951553,833.41,695.8517732517181,970.9682267482818,16.299999999999972,16.299999999999965,16.29999999999998,16.07954968989201,16.001381421909166,16.15771795787485,16.0528530575158,15.969522778861265,16.136183336170337
P2 fixed,p2,208,100,47.69,47.33248548464871,48.04751451535129,84.27,70.30494411423551,98.23505588576448,719.8009912790393,584.6923335006898,854.9096490573888,818.1882743687962,680.8764255306073,955.5001232069851,831.56,695.1030893992931,968.0169106007068,16.299999999999972,16.299999999999965,16.29999999999998,16.069551484068537,15.956567142790757,16.182535825346317,16.045511673683322,15.92991889849921,16.161104448867434
P2 fixed,p2,209,100,47.8,47.537186012702534,48.06281398729746,84.71,70.61606911280855,98.80393088719144,724.2744665600469,588.0452145649308,860.503718555163,817.9944106582257,681.6074771919347,954.3813441245167,833.32,694.5181689290517,972.1218310709484,16.299999999999972,16.299999999999965,16.29999999999998,16.099953162136075,16.016319978668974,16.183586345603175,16.07851993841559,15.993136996796304,16.163902880034875
P2 fixed,p2,210,100,47.89,47.762657122363095,48.01734287763691,84.84,70.6788732318421,99.0011267681579,718.1749998377876,581.2439845000187,855.1060151755565,815.2432964933745,676.2818141586531,954.2047788280959,836.3,697.0873682400359,975.512631759964,16.299999999999972,16.299999999999965,16.29999999999998,16.13025480444115,16.096201098775662,16.16430851010664,16.108787000384584,16.071552601119922,16.146021399649246
P2 fixed,p2,211,100,47.6,47.19533587939496,48.00466412060504,85.06,70.75090654240522,99.36909345759479,726.5045922373522,588.9426608247668,864.0665236499376,820.6004235619646,681.0125531293844,960.1882939945448,834.19,694.1717365336085,974.2082634663916,16.299999999999972,16.299999999999965,16.29999999999998,16.03924959118613,15.915515109585508,16.162984072786752,16.015244007664954,15.886758968672357,16.14372904665755
P2 fixed,p2,212,100,47.75,47.54083127491052,47.95916872508948,84.22,69.67041375208716,98.76958624791284,720.1903921943962,583.2498302702561,857.1309541185362,820.5354014373859,680.5697396604155,960.5010632143562,824.01,683.6672492309897,964.3527507690103,16.299999999999972,16.299999999999965,16.29999999999998,16.099703293713038,16.044507973625674,16.154898613800402,16.071668854962592,16.010898679436774,16.13243903048841
P2 fixed,p2,213,100,47.79,47.56836508680383,48.01163491319617,84.82,70.08354090604263,99.55645909395736,718.9669167810567,580.3741217143623,857.5597118477511,807.5113443658115,667.1024474930457,947.9202412385773,832.45,690.0944729583248,974.8055270416753,16.299999999999972,16.299999999999965,16.29999999999998,16.089953138424093,16.014188947012403,16.165717329835783,16.0711731738165,15.996086366346155,16.146259981286846
P2 fixed,p2,214,100,47.74,47.48072385455666,47.999276145443346,84.52,69.67463655984457,99.36536344015542,725.5637462497742,585.0759378895957,866.0515546099527,819.5849079001064,677.5919932921474,961.5778225080653,836.23,692.3156807844812,980.1443192155189,16.299999999999972,16.299999999999965,16.29999999999998,16.07975338552874,15.99680957664119,16.16269719441629,16.058345954051067,15.974099809944581,16.14259209815755
P2 fixed,p2,215,100,47.62,47.219402958704194,48.0205970412958,85.23,70.211215297737,100.24878470226301,726.2529036565778,585.650168048564,866.8556392645917,821.7177771269162,678.1220364292111,965.3135178246213,834.89,693.0191794548721,976.7608205451279,16.299999999999972,16.299999999999965,16.29999999999998,16.039352618934583,15.909479566905336,16.16922567096383,16.017994160859754,15.886335293318126,16.14965302840138
P2 fixed,p2,216,100,47.67,47.336800000000004,48.0032,85.67,70.43868020940955,100.90131979059045,724.5581352265528,583.9463464240735,865.1699240290322,818.7518416076914,677.0412002374512,960.4624829779316,835.28,691.2874431810512,979.2725568189487,16.299999999999972,16.299999999999965,16.29999999999998,16.059499835007692,15.952285895643104,16.16671377437228,16.036789702710276,15.927832268380161,16.14574713704039
P2 fixed,p2,217,100,47.76,47.52839105057328,47.99160894942671,86.18,71.0176400080044,101.34235999199561,731.5117942758397,588.9148335270977,874.1087550245818,820.1891620372863,676.2717841746731,964.1065398998995,839.16,692.4542900400295,985.8657099599704,16.299999999999972,16.299999999999965,16.29999999999998,16.079854182962578,16.0019008548182,16.157807511106956,16.061089250415133,15.983611302184352,16.138567198645912
P2 fixed,p2,218,100,47.9,47.722711329388275,48.07728867061172,86.91,71.64394340671124,102.17605659328875,738.1502246300984,594.5608755221751,881.7395737380216,824.0204198573651,677.3089974890349,970.7318422256953,851.11,704.6779320147712,997.5420679852289,16.299999999999972,16.299999999999965,16.29999999999998,16.13030346693327,16.07091401286469,16.18969292100185,16.110153359797167,16.05079867219442,16.169508047399912
P2 fixed,p2,219,100,47.7,47.39292701489415,48.00707298510586,87.09,71.80364750912922,102.37635249087079,741.7746145563393,598.0565155065897,885.492713606089,833.8063996257459,687.5726857377637,980.0401135137282,855.71,708.1592585720637,1003.2607414279364,16.299999999999972,16.299999999999965,16.29999999999998,16.07955282448034,15.991793858666295,16.167311790294388,16.052862819390786,15.959305741031347,16.146419897750224
P2 fixed,p2,220,100,47.61,47.290060664841256,47.92993933515874,88.39,72.93594156646641,103.84405843353359,749.5285841808003,604.4076272053495,894.6495411562511,842.2682780733963,694.9971754485771,989.5393806982156,858.95,709.8587935964408,1008.0412064035593,16.299999999999972,16.299999999999965,16.29999999999998,16.049249078685378,15.948160538333903,16.15033761903685,16.022589115207882,15.919800600638148,16.125377629777617
P2 fixed,p2,221,100,47.72,47.41600048910193,48.023999510898065,89.05,73.52323339871081,104.57676660128918,756.1290479383615,610.1410627022377,902.1170331744853,843.8727955468944,695.0791908189835,992.6664002748053,865.45,716.3348480321874,1014.5651519678127,16.299999999999972,16.299999999999965,16.29999999999998,16.069700420100393,15.975871744462697,16.163529095738088,16.049619621234378,15.952890368693549,16.146348873775207
P2 fixed,p2,222,100,47.9,47.704,48.096,88.99,73.43636257430111,104.54363742569888,761.1631326092697,614.1834718519676,908.1427933665718,851.082532210576,702.3644331710958,999.8006312500562,872.33,723.4927066967558,1021.1672933032443,16.299999999999972,16.299999999999965,16.29999999999998,16.130305136775466,16.07081638246312,16.18979389108781,16.110158832958216,16.048150825190735,16.172166840725698
P2 fixed,p2,223,100,47.96,47.90484352469858,48.015156475301424,88.89,73.2407443554434,104.5392556445566,765.3983373794055,616.9960153582543,913.8006594005566,857.6030257478561,708.2132243859124,1006.9928271097998,872.88,719.9873900191471,1025.7726099808528,16.299999999999972,16.299999999999965,16.29999999999998,16.140555067091874,16.112838533900334,16.168271600283415,16.124356505765032,16.100315331497338,16.148397680032726
P2 fixed,p2,224,100,47.79,47.58284453112981,47.99715546887019,89.07,73.52832350730345,104.61167649269653,767.6853898086853,617.7471762610246,917.6236033563459,858.844217297221,706.3160826486244,1011.3723519458176,874.75,721.5080052943263,1027.9919947056737,16.299999999999972,16.299999999999965,16.29999999999998,16.099902484631276,16.032025526482222,16.16777944278033,16.077147317018806,16.009116392431245,16.145178241606366
P2 fixed,p2,225,100,47.76,47.53692534564827,47.983074654351725,88.42,72.9327755205013,103.90722447949871,769.6816127399853,619.1570487737495,920.2061767062212,859.1546776991445,705.549425580525,1012.7599298177639,875.58,721.8626678913415,1029.2973321086586,16.299999999999972,16.299999999999965,16.29999999999998,16.079852482612736,16.007100449356304,16.152604515869168,16.061083754571165,15.987608536588262,16.134558972554068
P2 fixed,p2,226,100,47.59,47.25791988553326,47.922080114466745,87.66,71.9209099363811,103.3990900636189,770.3809552171098,618.8436887644432,921.9182216697764,862.5584640252002,708.8324306346419,1016.2844974157586,877.12,720.9326766904703,1033.3073233095297,16.299999999999972,16.299999999999965,16.29999999999998,16.039199389500016,15.932824341694797,16.145574437305235,16.013872866616772,15.906029129780427,16.12171660345312
P2 fixed,p2,227,100,47.81,47.594760264267066,48.02523973573294,87.15,71.63766031623062,102.66233968376939,767.6103078436852,613.4429915870952,921.7776241002751,862.7875469259544,706.1310668304207,1019.4440270214882,870.57,712.9452537981631,1028.194746201837,16.299999999999972,16.299999999999965,16.29999999999998,16.109953351394047,16.050904532634387,16.169002170153707,16.08586723269533,16.021672313815188,16.15006215157547
P2 fixed,p2,228,100,47.87,47.71326188089747,48.026738119102525,88.12,72.62167739771674,103.61832260228327,768.86814746691,614.4474832248794,923.2888117089407,857.4537163507412,699.7945817404154,1015.1128509610669,877.02,720.6696704371309,1033.370329562869,16.299999999999972,16.299999999999965,16.29999999999998,16.130153081081637,16.085980528027473,16.1743256341358,16.106040660209402,16.059155768183395,16.15292555223541
P2 fixed,p2,229,100,47.91,47.78511868098717,48.034881319012825,89.8,74.24832103253573,105.35167896746427,772.7993620615068,619.1973726948411,926.4013514281726,863.2977808315165,707.3110007947171,1019.284560868316,882.55,725.272661348518,1039.827338651482,16.299999999999972,16.299999999999965,16.29999999999998,16.130356306190308,16.086312906444252,16.174399705936363,16.1115325207191,16.068561988939354,16.154503052498843
P2 fixed,p2,230,100,47.7,47.4409035123762,47.9590964876238,90.17,74.70439159257816,105.63560840742184,774.069173432918,620.9589401739219,927.1794066919141,866.7044474981828,710.1405872146308,1023.2683077817348,885.82,732.1638628779367,1039.4761371220634,16.299999999999972,16.299999999999965,16.29999999999998,16.069601753894077,15.989476539042029,16.149726968746123,16.046883082659015,15.964621529351861,16.12914463596617
P2 fixed,p2,231,100,47.69,47.38142061840188,47.99857938159811,90.25,74.56504200860202,105.93495799139798,781.0552670993344,629.7565998637233,932.3539343349455,871.5785045697573,717.822088354903,1025.3349207846115,893.21,740.0579657552423,1046.3620342447578,16.299999999999972,16.299999999999965,16.29999999999998,16.069553272319684,15.971622149199343,16.167484395440024,16.045517559429175,15.945582286637569,16.14545283222078
P2 fixed,p2,232,100,47.7,47.43941014849563,47.96058985150437,90.09,74.57571627611992,105.60428372388009,785.4655353643327,634.6524617718673,936.2786089567982,879.8094659181614,727.0408002520505,1032.5781315842723,898.5,744.3972815845539,1052.6027184154461,16.299999999999972,16.299999999999965,16.29999999999998,16.0695995662528,15.984724088519457,16.154475043986146,16.046876256392025,15.961361085743697,16.132391427040353
P2 fixed,p2,233,100,47.85,47.68666666666667,48.013333333333335,90.63,75.0844440060443,106.1755559939557,780.4399248580189,628.3476149561604,932.5322347598774,881.5751712364244,728.0118483851185,1035.1384940877301,886.4,731.346992440871,1041.453007559129,16.299999999999972,16.299999999999965,16.29999999999998,16.11015373872626,16.05136585895316,16.16894161849936,16.091349715165244,16.034291376073607,16.14840805425688
P2 fixed,p2,234,100,47.81,47.574116313545524,48.04588368645448,90.85,75.12506419919642,106.57493580080357,783.1990931894453,630.5380602227262,935.8601261561644,872.2311067556491,718.0091245671983,1026.4530889440998,895.43,739.8239981150216,1051.0360018849783,16.299999999999972,16.299999999999965,16.29999999999998,16.090055719754982,16.01426168081806,16.165849758691905,16.07392204047285,15.997549032295781,16.15029504864992
P2 fixed,p2,235,100,47.76,47.52839105057328,47.99160894942671,90.68,74.81540920246182,106.54459079753819,793.0730552622372,639.1456908529665,947.0004196715079,881.9430220432565,726.2846669399976,1037.6013771465155,900.4,742.6068564104296,1058.1931435895704,16.299999999999972,16.299999999999965,16.29999999999998,16.099751293862923,16.03173442510086,16.167768162624984,16.073032193309576,16.001362842854604,16.144701543764548
P2 fixed,p2,236,100,47.66,47.28809527884663,48.03190472115336,90.28,74.1755091066203,106.3844908933797,793.1321213714745,638.4978918129353,947.7663509300136,886.7296961191232,728.8840983658677,1044.5752938723788,898.9,741.3404994420177,1056.4595005579822,16.299999999999972,16.299999999999965,16.29999999999998,16.049500732625603,15.920941946807915,16.17805951844329,16.02944567731733,15.902559562224827,16.156331792409834
P2 fixed,p2,237,100,47.52,47.167090028363035,47.87290997163697,90.54,74.5057469231736,106.57425307682641,791.96320344873,637.6842874166749,946.2421194807852,884.7449079001065,727.8674910963421,1041.6223247038708,895.13,738.1128560073594,1052.1471439926406,16.299999999999972,16.299999999999965,16.29999999999998,16.008997586426226,15.891699868230722,16.126295304621728,15.986345875574795,15.868790427468019,16.10390132368157
P2 fixed,p2,238,100,47.64,47.36915842641906,47.91084157358094,89.42,73.63248987531696,105.20751012468304,791.738352848033,637.3368464436107,946.1398592524552,880.4511104602492,723.6869546785351,1037.2152662419633,901.27,743.1021378687014,1059.4378621312985,16.299999999999972,16.299999999999965,16.29999999999998,16.069300936643298,15.994135960000353,16.144465913286243,16.038658662673896,15.957588542143869,16.11972878320392
P2 fixed,p2,239,100,47.75,47.470895877652964,48.029104122347036,89.53,73.96214940373994,105.09785059626006,797.320053635535,642.0996062815174,952.5405009895527,886.2482301196395,728.5060275416531,1043.990432697626,910.59,752.4215877314758,1068.7584122685244,16.299999999999972,16.299999999999965,16.29999999999998,16.089751947359108,16.00871934116579,16.170784553552426,16.06568805752858,15.979712087644517,16.151664027412643
P2 fixed,p2,240,100,47.79,47.52091923333337,48.059080766666625,90.76,75.2661637788807,106.25383622111931,798.2506967253593,644.0078005906472,952.4935928600713,893.7675469259542,736.3619320091158,1051.1731618427925,908.88,753.5040482413749,1064.255951758625,16.299999999999972,16.299999999999965,16.29999999999998,16.109854212471394,16.028310058881758,16.19139836606103,16.083129140144237,15.998419701232663,16.16783857905581
P3-U,p3u,1,100,28.1,27.101174750625578,29.098825249374425,1.17,0.9418770099576578,1.398122990042342,0.21969469900232627,0.15030853927160803,0.2890808587330445,1.4684677298057514,0.9631232851365595,1.973812174474943,7.16,5.953150227185913,8.366849772814088,20,20,20,9.623229711414542,9.272736266772565,9.973723156056518,9.547273823009807,9.204754339923126,9.889793306096488
P3-U,p3u,2,100,29.5,28.305177566972965,30.694822433027035,0.96,0.7839853816906509,1.1360146183093491,0.5607133888179687,0.4374163232589764,0.6840104543769611,3.7544400889869514,2.7671653312694184,4.741714846704484,6.19,5.019392464391143,7.360607535608858,20,20,20,10.127748479360665,9.718763399142338,10.536733559578993,10.037996092814238,9.633435619876403,10.442556565752072
P3-U,p3u,3,100,29.7,28.727153380303687,30.672846619696312,1.04,0.8354363737813658,1.2445636262186341,0.4572914805762353,0.3690207196463186,0.5455622415061521,3.75612888023143,2.9131968127267225,4.599060947736137,6.42,5.29142200065478,7.54857799934522,24.006062173151278,23.79576610636609,24.216358239936465,10.118806199430631,9.788432702358362,10.4491796965029,10.059451031318382,9.732254348596747,10.386647714040016
P3-U,p3u,4,100,30.74,29.685567030450617,31.79443296954938,1.07,0.8449596633238539,1.2950403366761463,0.6166913784121975,0.4915995041969302,0.7417832526274647,4.83367210158985,3.861434372000923,5.805909831178778,6.04,4.857117245664199,7.222882754335801,27.709413085534877,27.385259840299426,28.033566330770327,10.352873618001075,9.996687304178149,10.709059931824001,10.339476962489503,9.9862630908226,10.692690834156405
P3-U,p3u,5,100,30.03,28.886978951739,31.173021048261003,1.02,0.837363877802574,1.202636122197426,0.5306881716035897,0.42447323837213136,0.6369031048350481,4.206815778517073,3.306193456170559,5.107438100863586,6.06,4.94017550870097,7.179824491299029,31.418129365876492,31.01976284069031,31.816495891062676,10.190110111871457,9.802287934504417,10.577932289238497,10.14651875419386,9.761663899749012,10.531373608638708
P3-U,p3u,6,100,30.05,29.06886227657722,31.03113772342278,0.96,0.7732875207732759,1.146712479226724,0.5274683861749234,0.40629284128747967,0.6486439310623672,3.7396518699709076,2.8998458161514336,4.579457923790382,6.19,5.045540433482276,7.334459566517725,34.967710707033426,34.53918176245725,35.396239651609605,10.279757553542249,9.945358041519249,10.614157065565248,10.203038312501025,9.872353015954976,10.533723609047074
P3-U,p3u,7,100,29.61,28.48668975547512,30.73331024452488,1.01,0.8120399019902234,1.2079600980097767,0.5034359153917305,0.4004857962239824,0.6063860345594786,3.4596850053268056,2.570370602686382,4.348999407967229,6.5,5.302582239596684,7.697417760403316,38.12985236768296,37.737565916982014,38.5221388183839,10.09845227917364,9.729387642083214,10.467516916264067,10.035152857754696,9.664418902035155,10.405886813474236
P3-U,p3u,8,100,30.49,29.4993687358991,31.480631264100897,1.16,0.9596530524466634,1.3603469475533363,0.5726565618405923,0.44598285768837104,0.6993302659928136,4.177301906596849,3.185799998561568,5.16880381463213,8.34,7.065742652254722,9.614257347745276,39.64345518011782,39.464401684094696,39.82250867614094,10.43121163837214,10.086800127318176,10.775623149426105,10.352990401858763,10.014976842890784,10.691003960826743
P3-U,p3u,9,100,47.75,46.30556369388462,49.19443630611538,1.83,1.5298865911329218,2.130113408867078,1.4194412603862916,1.1910342339512825,1.6478482868213007,8.24143441011022,7.202117801314726,9.280751018905713,9.65,8.231314493745508,11.068685506254493,39.96315957789924,39.91254130144,40.01377785435848,16.23899844400296,15.75439101144042,16.723605876565497,16.155321090387442,15.67181171519043,16.638830465584455
P3-U,p3u,10,100,48.14,46.724972082796725,49.555027917203276,1.69,1.43061163160896,1.9493883683910398,1.8685791879315503,1.4120839948112187,2.325074381051882,9.899983229027175,8.47661760610113,11.32334885195322,10.45,8.945816970625387,11.954183029374612,39.99483615908224,39.98471503088344,40.00495728728104,16.320554155962018,15.837662364595326,16.80344594732871,16.25659321864068,15.777883084616281,16.73530335266508
P3-U,p3u,11,100,47.81,46.48338228261462,49.136617717385384,1.71,1.4366271750628066,1.9833728249371934,1.5512850731578585,1.3340548981748375,1.7685152481408795,9.32283043428075,8.272465749646102,10.373195118915397,9.42,8.082752873862264,10.757247126137736,39.44369635353545,39.25210165347582,39.63529105359508,16.35869728336252,15.906891370858155,16.810503195866886,16.235254738643206,15.78725975812392,16.683249719162493
P3-U,p3u,12,100,46.84,45.45498936648505,48.225010633514955,1.87,1.5717022543657009,2.1682977456342996,1.4971386623528031,1.28676556792841,1.7075117567771962,8.922618550275192,7.913120999592463,9.932116100957922,9.97,8.458333695633334,11.481666304366668,39.00393853811735,38.74325578017092,39.26462129606379,15.935937153576498,15.457382192527467,16.414492114625528,15.851295567841323,15.379511645425524,16.323079490257122
P3-U,p3u,13,100,48.44,47.03590114365696,49.84409885634304,1.61,1.3488226222923156,1.8711773777076846,1.7702470018886347,1.4791569288043127,2.0613370749729567,10.265889317496539,9.05641698225361,11.475361652739467,8.52,7.276174622668869,9.76382537733113,38.69984388825459,38.40098324397612,38.99870453253306,16.411609186682995,15.944679872981185,16.878538500384803,16.351505919627662,15.884235087745582,16.81877675150974
P3-U,p3u,14,100,47.61,46.25955251471779,48.96044748528221,1.62,1.3403333701737303,1.8996666298262699,1.486924329062045,1.240228473190197,1.7336201849338932,8.709990638227037,7.7146157322099835,9.70536554424409,9.12,7.712048407627361,10.527951592372638,38.58208504876462,38.25139377910065,38.912776318428584,16.168648123480736,15.714580570290531,16.62271567667094,16.094301351478478,15.641835168166516,16.54676753479044
P3-U,p3u,15,100,48.83,47.39941698061471,50.26058301938529,1.98,1.6945653082887029,2.265434691711297,1.6646450180401124,1.4469178840503238,1.882372152029901,10.041412388553873,8.984185966216387,11.098638810891359,9.88,8.58159142879532,11.178408571204681,38.28959500213111,37.93789560212541,38.64129440213681,16.592666417650854,16.112495490385758,17.07283734491595,16.51254525690275,16.033269339619572,16.99182117418593
P3-U,p3u,16,100,47.75,46.42875181450389,49.07124818549611,1.74,1.48222482899263,1.99777517100737,1.5929184887685814,1.3614035979850074,1.8244333795521555,9.583813804240062,8.624916363790634,10.54271124468949,9.64,8.328732463637115,10.951267536362886,38.12394490742983,37.7385732978694,38.50931651699026,16.169350812101655,15.718024437774263,16.620677186429045,16.113494515664403,15.666775311533867,16.560213719794938
P3-U,p3u,17,100,48.78,47.364270232942275,50.19572976705773,1.79,1.480667035005444,2.0993329649945562,1.7764392681481016,1.4922813734841789,2.0605971628120243,9.789924367515177,8.615273930340017,10.964574804690336,10.16,8.492522793940717,11.827477206059283,37.788704260184325,37.40673809533745,38.1706704250312,16.43321832520284,15.955907739982164,16.910528910423515,16.410078866862246,15.93477830563811,16.88537942808638
P3-U,p3u,18,100,48.12,46.874678050795005,49.36532194920499,1.77,1.5273693966191204,2.0126306033808796,1.640943659187772,1.3735675891840304,1.9083197291915135,9.492395758514004,8.25465383252719,10.730137684500818,9.84,8.527785836646682,11.152214163353317,37.63258003713861,37.20368657485556,38.06147349942166,16.250808859761285,15.81427482459642,16.68734289492615,16.21203321069679,15.784619062905278,16.639447358488304
P3-U,p3u,19,100,48.09,46.90771608188629,49.272283918113715,1.56,1.3383213208996483,1.7816786791003518,1.3791321577505544,1.1995503933814986,1.5587139221196102,8.649259490786845,7.731676501823748,9.56684247974994,9.25,7.796191528877662,10.703808471122338,37.33054815113907,36.86439166704917,37.79670463522897,16.220808838035772,15.82219169653954,16.619425979532004,16.189992894118035,15.793945264004574,16.586040524231496
P3-U,p3u,20,100,47.93,46.55948423717142,49.30051576282858,1.79,1.546666719800753,2.033333280199247,1.3577020916037932,1.1144990936858352,1.6009050895217511,8.171894812034825,7.149310368729291,9.194479255340358,10.95,9.5902516721277,12.309748327872299,37.258098690699484,36.757859817359794,37.758337564039174,16.20010468524849,15.727900801724312,16.67230856877267,16.156101850748804,15.690039860734018,16.62216384076359
P3-U,p3u,21,100,47.55,46.20661661872312,48.89338338127688,1.8,1.5078204509400277,2.0921795490599724,1.5646634860970468,1.2845395039443028,1.8447874682497907,9.192592824120183,8.021231627452256,10.36395402078811,9.3,8.007516367842928,10.592483632157073,37.18352850891462,36.686741541930886,37.680315475898354,16.158399833794416,15.711740330628777,16.605059336960053,16.08010839899099,15.633302973645856,16.526913824336123
P3-U,p3u,22,100,48.21,46.80535543357766,49.61464456642234,1.68,1.4263830104789164,1.9336169895210835,1.6391897669002453,1.3481405763214314,1.9302389574790593,9.099066129780821,7.913635114795687,10.284497144765956,9.48,8.25440264261698,10.70559735738302,37.1109649310808,36.598826099787075,37.62310376237453,16.281110060267427,15.810910663030429,16.751309457504423,16.242298722068412,15.772722532638879,16.711874911497944
P3-U,p3u,23,100,48.24,46.94463138961619,49.53536861038381,1.72,1.4802249673910433,1.9597750326089567,1.4000400314714492,1.2152915962589177,1.5847884666839807,9.020484175507736,8.09578196654045,9.945186384475022,9.74,8.43374321580226,11.046256784197741,37.031891736948666,36.50917389421376,37.55460957968357,16.271310297680294,15.839178377331628,16.70344221802896,16.24043440360978,15.808702303440905,16.672166503778655
P3-U,p3u,24,100,47.66,46.31204751215224,49.00795248784775,1.92,1.6377094096967852,2.2022905903032144,1.4455632461964896,1.2350646862003076,1.6560618061926715,8.957091980662534,7.940310829656996,9.973873131668073,10.36,9.019755786463081,11.700244213536918,36.87752455417089,36.3454809601672,37.40956814817458,16.109203662957608,15.670097236125217,16.54831008979,16.06531277173658,15.622123140679388,16.50850240279377
P3-U,p3u,25,100,48.2,46.85759185179632,49.542408148203684,1.86,1.5704620078661717,2.1495379921338285,1.662402768996624,1.348792903754518,1.97601263423873,9.691438114710964,8.454092460268184,10.928783769153744,10.45,9.150965471178418,11.74903452882158,36.73181647803919,36.200127786973184,37.2635051691052,16.300958839078145,15.843067441570485,16.758850236585808,16.25287718658676,15.79927800459174,16.706476368581775
P3-U,p3u,26,100,47.13,45.74921660005063,48.510783399949375,1.73,1.4674001900190707,1.9925998099809292,1.4458596280391813,1.2098821263352821,1.6818371297430805,9.301471250066788,8.075539605973164,10.527402894160412,9.4,8.10826715712043,10.69173284287957,36.66791037303635,36.11930692633446,37.21651381973824,15.87769306794337,15.41617216185314,16.3392139740336,15.855196198610793,15.394363275862325,16.31602912135926
P3-U,p3u,27,100,49.35,48.09471713518145,50.605282864818555,1.68,1.435735609379401,1.924264390620599,1.6090843270263153,1.411388324965006,1.8067803290876245,9.1226002333201,8.190165675848284,10.055034790791915,10.24,8.974941995021732,11.505058004978268,36.506317563916056,35.93583456637873,37.07680056145338,16.595275640732623,16.163030060558683,17.027521220906564,16.583832611920904,16.157588358207025,17.010076865634783
P3-U,p3u,28,100,47.22,45.69603021531053,48.74396978468947,1.73,1.4659266370682174,1.9940733629317826,1.377468486031597,1.175022279864537,1.5799146921986573,8.782834138881862,7.752528819871495,9.813139457892229,9.94,8.440352545671907,11.439647454328092,36.59498967390907,35.99369175367961,37.196287594138525,15.907996421296833,15.403524018218395,16.41246882437527,15.885468796890176,15.379474635599212,16.39146295818114
P3-U,p3u,29,100,47.16,45.8278290254421,48.492170974557894,1.7,1.446965088047782,1.953034911952218,1.5637251950875801,1.3368521815633352,1.790598208611825,8.900688650313622,7.854835901849221,9.946541398778024,9.08,7.86132435783426,10.29867564216574,36.32661725721115,35.756167612561555,36.89706690186074,15.867896075605206,15.428091401321044,16.307700749889367,15.853340480610981,15.412464664324048,16.294216296897915
P3-U,p3u,30,100,47.24,45.780133215431334,48.69986678456867,1.65,1.4179642138363004,1.8820357861636994,1.4715961799931572,1.2537908075777326,1.6894015524085817,8.699218946231321,7.712171546544092,9.686266345918549,9.29,8.095568976838381,10.484431023161617,36.44761607059922,35.84741008534376,37.047822055854674,15.947895285322044,15.461126353844666,16.434664216799423,15.912111138074552,15.425476414277972,16.39874586187113
P3-U,p3u,31,100,47.6,46.2372229185456,48.962777081454405,1.61,1.347341089177726,1.8726589108222742,1.3568429398714474,1.1605422198727062,1.5531436598701887,8.352837843481648,7.3381003668833245,9.367575320079972,9.6,8.254704328244365,10.945295671755634,36.51440177487009,35.88514429553503,37.14365925420515,16.04920299028089,15.597320984735184,16.501084995826595,16.021231014723643,15.568568859180159,16.47389317026713
P3-U,p3u,32,100,48.64,47.353830585015956,49.926169414984045,1.88,1.6514946023226655,2.1085053976773342,1.5360485541680797,1.324028991165566,1.7480681171705934,9.468743931951249,8.453388581088676,10.48409928281382,10.34,9.116386246985734,11.563613753014266,36.49475401048782,35.86299786187686,37.12651015909877,16.472313264916643,16.04041889233929,16.904207637493997,16.414783205156134,15.984606399372929,16.84496001093934
P3-U,p3u,33,100,49.9,48.48128030402141,51.31871969597859,1.51,1.2616161361151175,1.7583838638848825,1.6043985068259297,1.3288339461763459,1.8799630674755134,9.231137938437588,8.197518981200998,10.264756895674177,8.24,6.980783489384745,9.499216510615256,36.47694192542113,35.837588661748285,37.116295189093975,16.82688193960844,16.350095778555836,17.303668100661046,16.796675958582156,16.321615576238564,17.27173634092575
P3-U,p3u,34,100,46.81,45.49749754693832,48.122502453061685,1.69,1.4460296789038518,1.933970321096148,1.5143479356430152,1.277618595481215,1.7510772758048154,9.030224543789936,7.895009012661566,10.165440074918306,9.78,8.281709032317693,11.278290967682306,36.25549543631841,35.57443639942654,36.936554473210286,15.786541757250545,15.353627811905602,16.21945570259549,15.757554615859114,15.322877746953932,16.192231484764296
P3-U,p3u,35,100,48.9,47.47038158654807,50.329618413451925,1.69,1.423236566042177,1.9567634339578228,1.6149128394710575,1.3411026981044745,1.8887229808376405,9.400696059512502,8.129154065168814,10.672238053856189,8.5,7.201824559334343,9.798175440665657,35.80781329111507,35.05643341383483,36.5591931683953,16.413921444993807,15.928031068935356,16.89981182105226,16.414580850699974,15.932368303126198,16.896793398273747
P3-U,p3u,36,100,47.02,45.70593596945825,48.334064030541754,1.55,1.313000319652434,1.786999680347566,1.4711334599792807,1.2325751932494158,1.7096917267091456,8.647574404141196,7.6429392937510165,9.652209514531375,9.08,7.625843249109088,10.534156750890912,35.886803292854644,35.135829635692595,36.63777695001669,15.86719455935784,15.427479458941214,16.306909659774465,15.834150878929847,15.395749264900019,16.272552492959676
P3-U,p3u,37,100,47.56,46.29702953064427,48.82297046935574,1.64,1.3579294335730072,1.9220705664269926,1.578686924124724,1.289650369278283,1.8677234789711648,9.175918748252698,7.9416373918533445,10.410200104652052,9.05,7.656984188709601,10.443015811290401,35.70210675284539,34.916174455245795,36.48803905044498,16.058951995841674,15.627342926552787,16.49056106513056,16.02172262389687,15.594726804095924,16.448718443697818
P3-U,p3u,38,100,47.77,46.356663710123165,49.18333628987684,1.83,1.596829802483034,2.063170197516966,1.414938336512221,1.202192317970889,1.627684355053553,8.537117706817407,7.558479474627762,9.51575593900705,10.05,8.709508261491292,11.39049173850871,35.78642073811314,35.011627908157365,36.56121356806891,16.099803564250713,15.60963589970919,16.589971228792237,16.07440990949496,15.591659455548347,16.55716036344157
P3-U,p3u,39,100,47.73,46.468094581014626,48.99190541898537,1.59,1.3300139273349476,1.8499860726650525,1.5299712186689185,1.2863289269376972,1.7736135104001398,9.177626062496675,8.097502408518107,10.257749716475242,9.45,8.1644778995649,10.735522100435098,35.80494236861186,35.06464959479904,36.54523514242468,16.089654809089325,15.653756190425016,16.525553427753636,16.062956302300492,15.63318169731133,16.492730907289655
P3-U,p3u,40,100,48.01,46.879252790890426,49.14074720910957,1.74,1.4748048966736325,2.0051951033263675,1.505324431675104,1.2413119981615321,1.7693368651886758,8.776152653814352,7.606648780912559,9.945656526716144,10.05,8.522267686994212,11.57773231300579,35.84282852452024,35.13568128935617,36.549975759684315,16.160707845954995,15.767059784279343,16.554355907630647,16.143169270375907,15.756521203721682,16.52981733703013
P3-U,p3u,41,100,48.31,46.99130352762183,49.628696472378174,1.81,1.544695177411173,2.075304822588827,1.5632356597790806,1.3095090968785301,1.8169622226796311,9.416163767614126,8.32842320727458,10.503904327953672,9.92,8.605729277154325,11.234270722845675,35.86639728020719,35.17131544314437,36.561479117270004,16.251762246532728,15.796486533864345,16.70703795920111,16.238080459603182,15.789229801211818,16.686931117994547
P3-U,p3u,42,100,48.83,47.61088662056427,50.049113379435724,1.66,1.4315965150896512,1.8884034849103486,1.4882338558742816,1.2778687599244412,1.698598951824122,9.063045816843077,8.048055577831805,10.07803605585435,9.92,8.588423377868903,11.251576622131097,35.85290516836427,35.147298476324195,36.55851186040435,16.40362018516255,16.00647329131997,16.800767079005126,16.399007765072945,15.998701151024923,16.799314379120965
P3-U,p3u,43,100,47.37,46.19675680029391,48.54324319970608,1.57,1.2981074157433907,1.8418925842566094,1.5167264169564936,1.3011254375489327,1.7323273963640544,9.054014574445974,7.8990818564824306,10.208947292409517,8.71,7.256212882075776,10.163787117924226,35.81099718121214,35.11145569121572,36.51053867120856,15.948548191144297,15.549482891586873,16.347613490701722,15.929934803220307,15.5343636403908,16.325505966049814
P3-U,p3u,44,100,48,46.56482807139825,49.43517192860175,1.59,1.3485879284649829,1.8314120715350173,1.6359720331028347,1.30636712598104,1.9655769402246293,9.548926179156478,8.337668581110522,10.760183777202434,8.98,7.7143715923452785,10.245628407654722,35.662448263367935,34.95029700905643,36.37459951767944,16.170609786621416,15.682205303385953,16.65901426985688,16.147781829583163,15.66347842067264,16.632085238493687
P3-U,p3u,45,100,48.52,47.08659202674962,49.953407973250386,1.47,1.2682344955452522,1.6717655044547477,1.5045835858867793,1.2280334975647786,1.78113367420878,8.636887505855594,7.50415496456343,9.769620047147757,9,7.769814007656739,10.230185992343262,35.661994203294256,34.93709254070249,36.386895865886025,16.342364341792592,15.868644496512765,16.81608418707242,16.3206507635165,15.845277897182891,16.79602362985011
P3-U,p3u,46,100,47.9,46.533952305726366,49.26604769427363,1.78,1.5048092202625147,2.0551907797374853,1.413407778893076,1.1687299586746267,1.658085599111525,8.944508111725554,7.749898265673213,10.139117957777895,10.52,9.026404083691936,12.013595916308063,35.650565238954094,34.92960371746938,36.37152676043881,16.199955023271855,15.753234428831565,16.646675617712145,16.151991987454767,15.70183851286766,16.602145462041875
P3-U,p3u,47,100,48.24,46.9925485380589,49.487451461941106,1.99,1.6482452908705996,2.3317547091294006,1.6677322470556681,1.404094249840418,1.9313702442709182,9.699723597309458,8.438244895710238,10.961202298908677,10.98,9.535669812506486,12.424330187493515,35.511193009744886,34.784235044862974,36.2381509746268,16.25141308925838,15.83684057485537,16.665985603661394,16.228490739942842,15.813769548814918,16.643211931070766
P3-U,p3u,48,100,48.36,47.044595999993795,49.6754040000062,1.77,1.5473867928446292,1.9926132071553708,1.753582272167504,1.4252591312295322,2.081905413105476,10.315432620172906,8.84883263099832,11.782032609347493,10.79,9.482355184294907,12.097644815705092,35.48164710191868,34.7448844222759,36.21840978156146,16.281865359988366,15.833368538568505,16.73036218140823,16.262870992671647,15.818873232522646,16.706868752820647
P3-U,p3u,49,100,49.82,48.387431479030504,51.2525685209695,1.86,1.5758733985411335,2.1441266014588667,1.5244275591153533,1.3216899130181134,1.7271652052125932,9.540918851274327,8.531383309469316,10.550454393079338,9.9,8.488959492739024,11.311040507260977,35.43062103356161,34.66038128490501,36.20086078221821,16.786683340336804,16.30608869331178,17.26727798736183,16.761812380983596,16.28221606156002,17.24140870040717
P3-U,p3u,50,100,48.1,46.90323054379169,49.29676945620831,1.48,1.2494658078779337,1.7105341921220663,1.6958780093114785,1.450973722844486,1.940782295778471,10.02830184698254,8.973874903161745,11.082728790803335,8.64,7.449074646174733,9.830925353825268,35.30892637490957,34.544489579339235,36.0733631704799,16.21090950689075,15.809715554135044,16.61210345964646,16.185389231932515,15.785637080841289,16.585141383023743
P3-U,p3u,51,100,48.5,47.11225199504646,49.88774800495354,1.75,1.5179642138363005,1.9820357861636995,1.358999777936718,1.1432448733666885,1.5747546825067475,7.973082656798906,6.901661867741582,9.044503445856229,10.99,9.755564588055485,12.224435411944516,34.949526504353216,34.13632360000077,35.76272940870566,16.302465784584566,15.823531001932908,16.781400567236222,16.294009704485592,15.821506001825266,16.76651340714592
P3-U,p3u,52,100,47.34,46.21003377613722,48.469966223862784,1.87,1.5730059525134819,2.1669940474865186,1.3332052855493928,1.1681658352446636,1.498244735854122,8.575736501046304,7.67536518250731,9.476107819585298,11.25,9.385500879673854,13.114499120326146,34.94708870225675,34.10678890773666,35.78738849677684,15.928498749548934,15.553260419821655,16.303737079276214,15.913873055741016,15.538471288780904,16.289274822701127
P3-U,p3u,53,100,47.62,46.09572469625196,49.14427530374803,1.61,1.3754360452053878,1.8445639547946124,1.5989771852911965,1.2806803438426981,1.9172740267396948,9.61997232127087,8.139048574657185,11.100896067884555,9.14,7.829176430366363,10.450823569633638,34.909654937649435,34.12812237936156,35.691187495937314,16.049302671156543,15.549849707724618,16.548755634588467,16.023970379739016,15.520725096092663,16.52721566338537
P3-U,p3u,54,100,46.67,45.414816059356845,47.92518394064316,1.52,1.2639466722210653,1.7760533277789348,1.4651017093108178,1.2296940734707489,1.7005093451508868,8.86587449909719,7.798668803633224,9.933080194561157,9.4,8.014070708874367,10.785929291125633,35.072149591320674,34.267814989614024,35.87648419302732,15.736089189474724,15.313019913636813,16.159158465312636,15.708480099717438,15.28762504905675,16.129335150378125
P3-U,p3u,55,100,48.67,47.35768677611793,49.98231322388207,1.81,1.5446951774111732,2.075304822588827,1.3602151241470282,1.168259702603946,1.5521705456901103,8.523546763322592,7.478596588194366,9.568496938450819,10.55,9.273869690957634,11.826130309042368,35.11164089673138,34.269554221152916,35.953727572309845,16.422715746276925,15.980908264483228,16.86452322807062,16.389021210602564,15.948898544553822,16.829143876651308
P3-U,p3u,56,100,49.01,47.652502302623006,50.36749769737699,1.71,1.4572796602942095,1.9627203397057904,1.5697077074349606,1.3698637578072876,1.7695516570626335,9.723327676160407,8.685560359864066,10.761094992456748,9.42,8.076095340081933,10.763904659918067,35.303609883665466,34.44350118497228,36.163718582358655,16.51397237437691,16.05486644349245,16.973078305261367,16.489420389768455,16.033276860573583,16.945563918963327
P3-U,p3u,57,100,46.76,45.40346738864981,48.11653261135019,1.67,1.4470384424130112,1.8929615575869887,1.316954288628653,1.1310531823022707,1.5028553949550352,8.480451040150875,7.507098554246579,9.453803526055172,9.57,8.39325616117091,10.74674383882909,35.101152238273656,34.21999881742992,35.982305659117394,15.70669141568681,15.258744595742783,16.154638235630838,15.702891368135687,15.253198418473483,16.152584317797892
P3-U,p3u,58,100,49.45,47.98079213261848,50.91920786738152,1.47,1.2446150641836742,1.6953849358163258,1.5490259378852018,1.356435349033151,1.7416165267372525,9.592329487801399,8.642372239215511,10.542286736387286,9.27,7.954497179667397,10.585502820332602,34.90823797191549,34.02937557313289,35.78710037069809,16.63557643534579,16.145420572799257,17.125732297892323,16.62144346445201,16.131226056672872,17.11166087223115
P3-U,p3u,59,100,48.87,47.44741397462369,50.2925860253763,1.57,1.3204316421247972,1.8195683578752029,1.5819783705337136,1.3172385788166618,1.8467181622507653,8.679935275271637,7.6254181548782105,9.734452395665063,8.66,7.401985888213273,9.918014111786727,35.13404293824938,34.22753787910103,36.04054799739773,16.54311813166219,16.054537290139585,17.031698973184795,16.488150937509364,16.005254406665024,16.971047468353703
P3-U,p3u,60,100,47.71,46.334385972033076,49.085614027966926,1.74,1.4792315195349706,2.0007684804650294,1.505740341046461,1.3001020877617147,1.7113785943312072,9.357570699541466,8.29013736519133,10.425004033891602,10.08,8.533007800193348,11.626992199806653,34.81121311748387,33.9063380191092,35.716088215858534,16.1293552300083,15.655056426918375,16.603654033098227,16.084122087724662,15.616421407692341,16.551822767756985
P3-U,p3u,61,100,47.93,46.619995203339805,49.240004796660195,1.72,1.4317245537176415,2.0082754462823584,1.5564488432357566,1.315819610588167,1.7970780758833462,9.372856160436895,8.301051888654662,10.444660432219127,8.78,7.416488481081944,10.143511518918054,34.57780076516917,33.636047030446214,35.51955449989213,16.170258899852875,15.732148465823757,16.608369333881996,16.138186460014413,15.701056695473888,16.57531622455494
P3-U,p3u,62,100,47.17,45.9120367842734,48.42796321572661,1.92,1.6682257352229173,2.1717742647770826,1.4585241859199132,1.2028366777848682,1.714211694054958,9.194478680969624,7.953183068829725,10.435774293109523,10.07,8.85784536040032,11.28215463959968,34.57398795661593,33.625354858060184,35.522621055171676,15.917694835811378,15.484649088229986,16.35074058339277,15.884588636060121,15.457384005714554,16.31179326640569
P3-U,p3u,63,100,48.31,46.92527657197503,49.69472342802497,1.72,1.4676099987573343,1.9723900012426656,1.6276598135960283,1.382565545979918,1.8727540812121386,9.728305551582562,8.608158690790791,10.848452412374332,9.9,8.461722073471405,11.338277926528596,34.56100726934062,33.589914467567155,35.53210007111409,16.281613246624907,15.812341250220792,16.75088524302902,16.2560124362169,15.789627826929442,16.722397045504355
P3-U,p3u,64,100,47.9,46.66430627180559,49.135693728194404,1.87,1.596116647995811,2.143883352004189,1.401757037451986,1.2183563331756875,1.5851577417282847,9.004548656281258,8.041001450200438,9.968095862362079,9.85,8.427763164532145,11.272236835467854,34.70379798476783,33.69522589431222,35.71237007522344,16.100458604746347,15.7104633603925,16.490453849100195,16.09224063829043,15.69396043526742,16.490520841313444
P3-U,p3u,65,100,48.74,47.45410214584784,50.02589785415216,1.64,1.3963081793856356,1.8836918206143642,1.6675880189030219,1.418211239381037,1.9169647984250067,9.774975922849045,8.626568799704101,10.923383045993988,9.74,8.290670556164791,11.18932944383521,34.59315661657333,33.56132367350313,35.62498955964353,16.363370891890778,15.937568122280979,16.789173661500577,16.36277167164923,15.936330613879084,16.78921272941938
P3-U,p3u,66,100,46.9,45.65897930571792,48.141020694282076,1.75,1.4881104404254697,2.0118895595745303,1.4367074843422332,1.1974563369268936,1.6759586317575728,8.955016467404857,7.894655498226989,10.015377436582725,9.93,8.572285074178684,11.287714925821316,34.62934696850406,33.57538569579762,35.6833082412105,15.727294446981782,15.312602557670296,16.141986336293268,15.734038248227906,15.320096576868082,16.14797991958773
P3-U,p3u,67,100,49.14,47.724972082796725,50.555027917203276,1.75,1.473690482438716,2.026309517561284,1.4469203832130688,1.2471687508553735,1.6466720155707641,9.10902928982403,8.032052196538716,10.186006383109342,11.15,9.195278319431422,13.104721680568579,34.47807107504074,33.40263281961892,35.55350933046255,16.504675984903624,16.022212180959052,16.987139788848197,16.501269647904333,16.023203628524143,16.979335667284523
P3-U,p3u,68,100,48.22,46.736283282231454,49.70371671776854,1.7,1.4349805419760406,1.9650194580239593,1.7012164972694905,1.371683224705624,2.030749769833357,9.954515314882046,8.74836631506396,11.160664314700133,9.61,8.107489573339931,11.112510426660068,34.67319942197164,33.602431218242,35.74396762570127,16.261261477251583,15.75457334270261,16.767949611800557,16.231721061708683,15.72969127536426,16.733750848053106
P3-U,p3u,69,100,47.31,46.11999547475608,48.500004525243924,1.94,1.5933693165528031,2.2866306834471968,1.4200324724872124,1.1827524441179016,1.6573125008565233,8.801913335034769,7.650048900695877,9.95377776937366,10.18,8.185385968933014,12.174614031066985,34.454809435616035,33.34413472392915,35.56548414730292,15.968150077279377,15.557102028268888,16.379198126289868,15.933671280034519,15.529206721341822,16.338135838727215
P3-U,p3u,70,100,48.69,47.470682927357956,49.90931707264204,2.14,1.657465271674251,2.622534728325749,1.9779147543853675,1.2519783976393009,2.703851111131434,10.295692251893488,8.54577028476684,12.045614219020136,12.51,8.988330584349049,16.031669415650953,34.36283586691394,33.25776199795564,35.46790973587224,16.422817634521657,16.01453692733938,16.831098341703935,16.391767732299833,15.98482456260436,16.798710901995307
P3-U,p3u,71,100,48.36,47.15096578888918,49.56903421111082,1.58,1.3321087367738864,1.8278912632261137,2.4788176882053365,0.8619297744329293,4.095705601977744,11.257355316981267,8.215662607329527,14.299048026633006,9.95,7.572014340249335,12.327985659750663,34.43737853682138,33.33624193355625,35.5385151400865,16.311714095853873,15.902764661280122,16.720663530427622,16.280795971870283,15.874835215219395,16.68675672852117
P3-U,p3u,72,100,48.27,47.097683242722375,49.44231675727763,1.72,1.3902828491025079,2.049717150897492,1.7227378765878627,1.4070566128748876,2.038419140300838,10.295165579257954,8.600703158116538,11.989628000399371,9.58,7.716374149485184,11.443625850514817,34.30979578736765,33.21927189792521,35.400319676810085,16.241615242974476,15.857107074412111,16.62612341153684,16.226632482021568,15.84002360175402,16.613241362289116
P3-U,p3u,73,100,47.28,46.011890572226484,48.54810942777352,1.74,1.27582809871838,2.2041719012816197,1.577008168488212,1.287920165105478,1.8660961718709461,9.194771448045794,7.914480980965228,10.475061915126359,11.15,8.064473415601434,14.235526584398567,34.259379275332,33.15947708751896,35.359281463145045,15.967998335205738,15.546249947462131,16.389746722949344,15.92955495295953,15.507993358728006,16.351116547191054
P3-U,p3u,74,100,46.77,45.43255701769792,48.10744298230209,1.95,1.3939683534912852,2.5060316465087147,2.474578072020195,0.6959860302978074,4.253170113742582,10.163710693575267,7.179863145937024,13.14755824121351,12.63,7.359148738600378,17.900851261399623,34.21070939871741,33.08904898841442,35.332369809020406,15.696794213713149,15.253300718732815,16.14028770869348,15.698294163861604,15.254189670407014,16.142398657316196
P3-U,p3u,75,100,47.86,46.47070935678918,49.24929064321082,1.96,1.4292879812283432,2.4907120187716565,2.920502686584525,0.5281939184729962,5.312811454696054,12.235254077568753,7.226467743302898,17.244040411834607,12.65,7.91800522981581,17.381994770184193,34.34341941357521,33.23928377937232,35.4475550477781,16.15995697770723,15.699292103525043,16.620621851889414,16.12261176170939,15.66091054169709,16.584312981721688
P3-U,p3u,76,100,47.51,46.2250455110052,48.7949544889948,1.83,1.3755990983790423,2.284400901620958,2.6842150276101187,0.39724245805581315,4.971187597164424,11.61999063822921,7.095993808565533,16.143987467892885,11.33,7.484751732332484,15.175248267667516,34.54717073202194,33.42684561467664,35.66749584936724,16.058700029818098,15.631519917292954,16.485880142343245,16.014864764216917,15.587552346258784,16.44217718217505
P3-U,p3u,77,100,48.3,47.03084448660862,49.56915551339137,1.94,1.4576261326742628,2.4223738673257373,2.352238829691502,0.7400437336833965,3.9644339256996073,11.01095939583218,7.761594106404289,14.26032468526007,10.6,6.573835592231255,14.626164407768744,34.51995946391343,33.39249287959167,35.64742604823519,16.30146168653217,15.8812351002262,16.72168827283814,16.26658987549426,15.84540895760016,16.687770793388363
P3-U,p3u,78,100,48.73,47.546482646148064,49.91351735385193,2.2,1.4530046178120637,2.9469953821879367,2.3813479431508635,0.36656975392839186,4.396126132373335,10.697885694216383,7.097147995721929,14.298623392710837,14.55,8.82654947967698,20.27345052032302,34.53622419450813,33.36862840140283,35.70381998761343,16.42301820093076,16.031502828720868,16.81453357314065,16.397250602861366,16.005316034562238,16.789185171160494
P3-U,p3u,79,100,47.81,46.48924530971146,49.13075469028855,2.43,1.5945991698168431,3.2654008301831574,3.7151669201058706,0.1161461721223862,7.314187668089355,12.539942684474154,7.2313865227658205,17.848498846182487,14.5,6.940943343554466,22.059056656445534,34.36460093953322,33.221217980370916,35.50798389869552,16.109957945139264,15.665711067078941,16.554204823199587,16.085881900366616,15.64359497703974,16.52816882369349
P3-U,p3u,80,100,48.66,47.33791652397598,49.982083476024016,2.17,1.3568188806118937,2.983181119388106,4.400957329875413,-0.8380278598110564,9.639942519561883,13.581876495079777,6.597995455416046,20.565757534743508,14.57,6.408430686554102,22.7315693134459,34.17638671913908,33.04561874968341,35.30715468859475,16.422667277025056,15.986168324177012,16.8591662298731,16.38765532657421,15.94987084570612,16.825439807442304
P3-U,p3u,81,100,48.4,47.29863071450566,49.501369285494334,2.5,1.6022472950795865,3.3977527049204133,4.48791201789407,-1.0043286677485064,9.980152703536646,14.187392156937495,6.275133585007148,22.099650728867843,17.69,8.414436314746586,26.965563685253414,34.14826124370708,32.99684515823874,35.299677329175424,16.292013042773434,15.919217998542019,16.664808087004847,16.274321127907566,15.904333509572938,16.644308746242192
P3-U,p3u,82,100,47.68,46.266656846231946,49.09334315376805,2.38,1.4544609817282497,3.30553901827175,5.881678081377849,-0.1837779284388219,11.94713409119452,16.510948282032697,7.660787007939337,25.361109556126056,17.17,7.681909345911475,26.65809065408853,34.011355469611914,32.82753562861113,35.1951753106127,16.079453799246107,15.603132680389626,16.55577491810259,16.05012528659912,15.576004425965676,16.52424614723256
P3-U,p3u,83,100,46.86,45.63423168336728,48.085768316632716,2.28,1.286011592043693,3.2739884079563066,5.430698576364291,-0.47248272815896186,11.333879880887544,15.310031182784805,6.467648018853701,24.152414346715908,15.67,6.6781318163621215,24.66186818363788,33.95329409208926,32.76474358689888,35.141844597279636,15.69724605574441,15.283419661897893,16.111072449590928,15.710633387532022,15.29930520291195,16.12196157215209
P3-U,p3u,84,100,48.17,46.820081327702226,49.51991867229778,2.59,1.3538055012305394,3.8261944987694605,5.713824166085367,-0.8666609106704426,12.294309242841177,15.421668315674252,7.015761438010495,23.827575193338006,16.77,6.6595798789645535,26.880420121035446,33.90717238611077,32.716277381358466,35.09806739086308,16.221213349484188,15.758373245474331,16.684053453494045,16.200970126724872,15.743391620399985,16.658548633049758
P3-U,p3u,85,100,47.95,46.68547736479354,49.214522635206464,2.77,1.6655152791523729,3.874484720847627,7.395240619715118,-1.0607270582788164,15.851208297709052,17.11952653170556,7.286466901971242,26.95258616143988,20.28,7.964707470528175,32.59529252947183,34.03234994578349,32.83694988692347,35.227750004643504,16.13055911878803,15.699893150816983,16.56122508675908,16.117022547333868,15.690483717361117,16.54356137730662
P3-U,p3u,86,100,48.33,47.072653870048086,49.58734612995191,2.52,1.553162985960318,3.486837014039682,7.495576003631977,-0.6150642580840122,15.606216265347967,18.96854316174642,7.347420987840515,30.589665335652327,17.19,7.030043335891362,27.34995666410864,33.96569056881735,32.81050831475706,35.120872822877644,16.331461953468864,15.913140182539012,16.749783724398714,16.288630372280302,15.870463724108856,16.70679702045175
P3-U,p3u,87,100,47.62,46.4573469864577,48.782653013542294,2.58,1.6245887142970914,3.5354112857029087,5.52650354204031,-0.3039314946122129,11.356938578692834,16.600951986632353,7.224771699158483,25.977132274106225,17.82,8.747563878795662,26.89243612120434,33.95488563766832,32.78424283674438,35.125528438592255,16.0791563114591,15.697764315224644,16.460548307693557,16.04191106283166,15.658658418572513,16.425163707090807
P3-U,p3u,88,100,47.08,45.85149325363733,48.30850674636267,2.68,1.786415072968338,3.5735849270316624,5.982409826320639,0.5220956379397315,11.442724014701547,16.78401827904825,8.19374516697799,25.37429139111851,19.21,10.31112577688684,28.108874223113162,33.86634947988799,32.69349802764476,35.039200932131216,15.867495919913306,15.466222743076496,16.268769096750116,15.84237736888499,15.43833697150925,16.24641776626073
P3-U,p3u,89,100,47.7,46.30862169926451,49.09137830073549,2.81,1.9384804038550563,3.681519596144944,6.057819278919558,1.20490310824687,10.910735449592245,18.22785255886076,9.756685656131099,26.699019461590424,18.43,10.810163553174933,26.04983644682507,33.851730704388196,32.699060108158996,35.004401300617396,16.00990858812213,15.529873667940683,16.48994350830358,16.01104699201716,15.537710219085723,16.484383764948596
P3-U,p3u,90,100,47.25,45.881717156654396,48.618282843345604,2.94,1.7155619955805568,4.164438004419443,5.684252963592843,1.0396616503300402,10.328844276855644,15.732377441559292,8.912507893313311,22.552246989805273,21.23,10.888635350118525,31.571364649881474,34.005149760549315,32.86320688919052,35.14709263190811,15.928046236372335,15.465939422118435,16.390153050626235,15.901531748724317,15.442125610096786,16.36093788735185
P3-U,p3u,91,100,47.29,46.00178817288648,48.57821182711352,3.06,1.6576986510983778,4.462301348901622,8.280151954551725,1.0529206414955752,15.507383267607874,18.539986933629333,8.530945325498294,28.54902854176037,21.8,9.775213276004612,33.82478672399539,34.044897345491485,32.91876971037835,35.17102498060462,15.908350022912602,15.473122537929257,16.343577507895947,15.89507280682796,15.462412708852554,16.327732904803366
P3-U,p3u,92,100,47.02,45.88258574588915,48.157414254110854,3.36,1.805291281820342,4.914708718179658,10.245250108763912,1.1291759793348888,19.361324238192935,20.403784373486705,8.552765123798636,32.25480362317477,22.57,9.339211623938608,35.80078837606139,34.12141037443036,32.97169540036614,35.271125348494586,15.817445777694056,15.444946306234169,16.189945249153944,15.804273476066468,15.429943453878867,16.17860349825407
P3-U,p3u,93,100,47.75,46.43434380162474,49.06565619837526,3.37,1.7271545104221564,5.012845489577844,10.907282894473415,0.8041359931597043,21.010429795787125,21.953064339844786,9.41807719623959,34.48805148344998,24.97,9.141514026039044,40.79848597396095,34.25500652256639,33.10592757362148,35.4040854715113,16.159404996719456,15.713742308334716,16.605067685104196,16.10753159787232,15.664808197054905,16.550254998689734
P3-U,p3u,94,100,47.92,46.54851484407257,49.29148515592743,3.35,1.600828317243394,5.099171682756606,13.013731160789737,0.7258034030238676,25.301658918555606,23.93976784646722,8.736847912952602,39.14268777998184,26.11,9.155049723601323,43.064950276398676,34.40492307461261,33.25379382139221,35.556052327833015,16.170208846960605,15.698346877787925,16.642070816133284,16.1368159144728,15.670770103133833,16.602861725811763
P3-U,p3u,95,100,47.17,45.85384839472012,48.486151605279886,3.23,1.7064695062938444,4.7535304937061555,14.19161329128166,0.9362764492714692,27.44695013329185,24.772370032359614,8.131480567228579,41.41325949749065,26.96,9.296611653101962,44.62338834689804,34.390190602166626,33.21211140800079,35.568269796332466,15.848046911282665,15.394838768927544,16.30125505363779,15.84276100384149,15.395425966093265,16.290096041589713
P3-U,p3u,96,100,47.65,46.4030914673125,48.8969085326875,3.5,1.8733323894687288,5.126667610531271,13.462511255593956,1.321696097736364,25.603326413451548,26.63808275982272,9.811465601355433,43.46469991829001,26.33,10.953922870362359,41.706077129637634,34.33027935040935,33.13065419604949,35.529904504769206,16.01960469630335,15.606995568184917,16.432213824421783,16.01015914177192,15.596756427578502,16.423561855965335
P3-U,p3u,97,100,48.49,47.10813786943893,49.87186213056108,3.26,1.5692052796798108,4.9507947203201885,13.24687351063452,1.2599813670829132,25.23376565418613,24.33574020564869,9.31964784773633,39.35183256356105,24.43,8.840608515073367,40.01939148492663,34.41847027238988,33.222675645754876,35.61426489902489,16.31236490617909,15.853130501322706,16.771599311035477,16.29861274745607,15.839016303258921,16.75820919165322
P3-U,p3u,98,100,47.32,46.15631280818081,48.48368719181919,3.35,1.3435548395687023,5.3564451604312975,12.243418060419383,0.28498971722123123,24.201846403617537,23.698799088864472,8.732144817701702,38.66545336002724,23.88,7.7955398287789635,39.964460171221035,34.429874593751656,33.22591647617474,35.63383271132857,15.958250313863193,15.560498636260009,16.356001991466375,15.929066386097242,15.535556763648394,16.32257600854609
P3-U,p3u,99,100,48.45,47.104019451714244,49.79598054828576,3.7,1.5606223882501329,5.8393776117498675,12.059475300286126,-0.9230326132730742,25.041983213845327,22.35336081151836,6.829982474781923,37.8767391482548,26.23,7.341077379286219,45.11892262071378,34.2824091658,33.09130482252645,35.47351350907354,16.351965373602383,15.894328592708508,16.809602154496257,16.317038185318367,15.863041976872035,16.771034393764698
P3-U,p3u,100,100,47.59,46.507789453446925,48.67221054655308,3.99,1.6458506273677602,6.33414937263224,15.386915024941118,-0.9432350109813292,31.717065060863565,25.329753028067643,6.781995059503824,43.87751099663146,28.91,7.195872981113819,50.624127018886185,34.32884950733781,33.1137995976257,35.543899417049914,16.07900327296108,15.70942429276907,16.44858225315309,16.03779055611406,15.67224585559739,16.40333525663073
P3-U,p3u,101,100,46.72,45.3430368557561,48.0969631442439,3.56,1.3791580667600467,5.740841933239953,17.437602630948444,-1.1197869336766928,35.99499219557358,28.04068494571482,6.506722990384542,49.5746469010451,29.64,6.8156351520237095,52.46436484797629,34.173314329131905,32.98404019989649,35.36258845836732,15.746290191372355,15.265724807322982,16.226855575421727,15.721311223006996,15.249295368265516,16.193327077748478
P3-U,p3u,102,100,48.19,47.085571493641815,49.29442850635818,3.76,1.5840031847913991,5.9359968152086005,18.408273949252557,-0.8945932086133617,37.71114110711848,30.019511713306347,7.380383734351792,52.658639692260905,29.94,7.068500534940831,52.81149946505917,34.19461130404895,33.026332813373905,35.36288979472399,16.20141031138494,15.84218043643801,16.56064018633187,16.191748728193435,15.829671900989789,16.55382555539708
P3-U,p3u,103,100,48.35,46.92558213201804,49.77441786798196,3.91,1.5790312174869205,6.24096878251308,18.003347062879122,-0.6597418861321955,36.66643601189044,28.865966702010702,6.75456952160846,50.977363882412945,30.51,8.133556690342804,52.886443309657196,34.481689988507576,33.332069426706255,35.631310550308896,16.291762586831677,15.816219632863165,16.767305540800187,16.267467705446577,15.792221323546846,16.74271408734631
P3-U,p3u,104,100,47.63,46.321951669876306,48.9380483301237,3.64,1.365239724829241,5.914760275170759,17.834861994027943,0.2442733488554083,35.42545063920048,30.00429272916597,8.287196241937437,51.721389216394506,29.71,7.286371745514664,52.13362825448534,34.479532964154856,33.33342736081758,35.62563856749213,16.08915254615938,15.648600810158227,16.529704282160534,16.049245815194993,15.61089147074229,16.487600159647698
P3-U,p3u,105,100,48.81,47.29750222559643,50.32249777440357,3.77,1.583909177448374,5.9560908225516265,18.08563030670353,-0.4021168773697674,36.57337749077682,30.00090403287737,8.244461911700949,51.75734615405379,29.48,7.437601886831953,51.52239811316805,34.35014457428406,33.19720719377581,35.50308195479231,16.483120957371334,15.960096860115941,17.006145054626725,16.44407990501928,15.928309045018153,16.959850765020406
P3-U,p3u,106,100,48.1,46.65956532935227,49.540434670647734,3.8,1.5200462170199032,6.0799537829800965,17.53162879490396,-0.20033890503623297,35.26359649484415,28.545889317499167,7.219944232270105,49.871834402728226,29.65,8.916677194780018,50.383322805219976,34.343169794375534,33.179174895798035,35.50716469295303,16.200961249794936,15.719430278947142,16.68249222064273,16.179418735809303,15.698626550030335,16.660210921588273
P3-U,p3u,107,100,47.78,46.41620392175725,49.14379607824275,4.07,1.5981015185436398,6.541898481456361,16.64806226320322,0.09767077867185847,33.198453747734575,28.02331656236296,7.736587800520486,48.31004532420543,28.31,7.763680448962798,48.8563195510372,34.151573992958404,33.00662938756276,35.29651859835405,16.149605350154708,15.694621848476215,16.6045888518332,16.10566735476814,15.650996484907159,16.56033822462912
P3-U,p3u,108,100,48.43,46.91838503593145,49.94161496406855,4.1,1.7589970896509706,6.441002910349029,18.789584327827875,-0.1612653334134393,37.74043398906919,27.662563393365417,7.236776336482947,48.08835045024789,33.46,8.795423043997175,58.12457695600283,34.14223035216434,32.99157390806368,35.292886796265,16.351864759076637,15.866913228270985,16.83681628988229,16.314295134696348,15.821628418050402,16.806961851342294
P3-U,p3u,109,100,48.69,47.524375364749424,49.85562463525057,4.02,1.6747773740532574,6.365222625946742,20.867435981246935,-0.12002785665667304,41.854899819150546,32.07424848000985,7.878124718344527,56.270372241675176,32.93,9.05629179714321,56.80370820285679,34.15576940607238,33.01440885092159,35.29712996122317,16.402918664253185,15.999208468372682,16.80662886013369,16.379818257579537,15.982527495540959,16.777109019618116
P3-U,p3u,110,100,47.88,46.5747357829299,49.185264217070106,4.03,1.6828794891345593,6.377120510865441,20.306104085203216,0.5925227841465883,40.019685386259845,32.220922555876825,8.785228959152796,55.656616152600854,32.5,8.955817650530939,56.04418234946906,33.99242266496321,32.84927337980602,35.135571950120394,16.12025777983916,15.686238629642293,16.55427693003603,16.101449682231113,15.667031335426579,16.535868029035647
P3-U,p3u,111,100,48.72,47.4875827703741,49.9524172296259,4,1.6353304200750958,6.364669579924904,20.384970581820138,0.6604238294378924,40.10951733420238,32.34754497338778,9.027116655951932,55.667973290823625,32.68,9.386958966084375,55.97304103391562,33.85008174725541,32.69400217841359,35.00616131609723,16.44286922676288,16.02930993201225,16.85642852151351,16.407835980054063,15.995455903128992,16.820216056979135
P3-U,p3u,112,100,48.58,47.182588461591656,49.97741153840834,4,1.7826881321762786,6.217311867823721,20.23865470682335,1.007508751389981,39.469800662256716,31.517377338537845,8.814059060591457,54.220695616484235,33.16,10.775022413098984,55.54497758690101,33.79140172067181,32.65793005449868,34.924873386844936,16.362567130463024,15.895995064133729,16.82913919679232,16.340834080498134,15.87484195770165,16.806826203294616
P3-U,p3u,113,100,48.92,47.58638503822782,50.253614961772186,3.85,1.613281886514995,6.086718113485006,19.1598299399911,0.8795481955468389,37.44011168443536,31.35140497935652,9.186596571090313,53.51621338762273,31.25,9.76848210035596,52.73151789964404,33.67056780500899,32.55942171937486,34.781713890643125,16.433921637225907,15.976195158692002,16.89164811575981,16.42927417923463,15.976638081767284,16.881910276701973
P3-U,p3u,114,100,47.77,46.53356696089031,49.006433039109695,4.02,1.6117565826578648,6.428243417342134,17.633143512879375,0.5223284996169859,34.74395852614177,29.82692805041377,8.615374361288737,51.0384817395388,29.59,9.01423164044019,50.165768359559806,33.538855170043405,32.409053991315716,34.668656348771094,16.060006573500488,15.649838211786232,16.470174935214743,16.050514383459383,15.639973047001805,16.461055719916963
P3-U,p3u,115,100,48.34,47.085692806463435,49.59430719353657,3.91,1.4972306639276702,6.32276933607233,17.5077556623976,-0.08123334733125631,35.096744672126455,29.22805682762395,8.73273773349554,49.72337592175236,30.96,8.562021578091414,53.357978421908584,33.43505389772693,32.301469441892664,34.5686383535612,16.271815606432433,15.85928864912184,16.684342563743026,16.254154422967034,15.83982352399091,16.668485321943155
P3-U,p3u,116,100,47.78,46.44845251961289,49.11154748038711,3.92,1.5422909469386052,6.297709053061395,18.72474346760804,-0.7448890265535972,38.19437596176968,29.436657304896,7.753027225217409,51.12028738457459,32.78,7.929968436383685,57.63003156361631,33.522983236104906,32.39138336146568,34.654583110744134,16.020260570331416,15.564137002907602,16.47638413775523,16.027992318667597,15.577034413339108,16.478950223996087
P3-U,p3u,117,100,47.71,46.40919828357488,49.01080171642512,3.87,1.4242356775829608,6.3157643224170394,19.25715993517321,-0.9116334237627086,39.42595329410913,31.153082656801487,6.783024252666685,55.52314106093629,30.9,7.071304737795845,54.728695262204155,33.439809281922564,32.29092539832394,34.588693165521185,16.099506638803295,15.661129171746198,16.537884105860392,16.066197928306014,15.62976017510357,16.50263568150846
P3-U,p3u,118,100,47.82,46.61712447153926,49.02287552846074,3.81,1.4337577448943697,6.186242255105631,19.3117505147031,-1.1514843794906113,39.77498540889681,28.79883592882019,6.3134042026475825,51.284267654992796,32.63,8.593844065015105,56.6661559349849,33.46374940523514,32.30825608199163,34.61924272847865,16.14980445015417,15.736969522543022,16.562639377765322,16.11114585838036,15.703560436551337,16.518731280209384
P3-U,p3u,119,100,47.48,46.06814022157319,48.891859778426806,3.85,1.6854005292694754,6.014599470730525,19.21044691593446,-0.9262325769443471,39.34712640881327,29.83996491207341,6.995642276256675,52.68428754789014,31.49,7.730370125013234,55.249629874986766,33.50907027731263,32.33729508938318,34.68084546524208,15.98890106555423,15.520536642026443,16.45726548908202,15.968922672358815,15.499822570552775,16.438022774164857
P3-U,p3u,120,100,47.52,46.134776452566726,48.90522354743328,3.86,1.5534767590570202,6.166523240942979,18.392018541344218,-1.1947080864476938,37.97874516913613,30.241185892194117,7.191676522121966,53.29069526226627,30.44,7.821721807656033,53.05827819234397,33.48537361374402,32.3360213949074,34.634725832580635,15.94930485806696,15.498708948636953,16.399900767496966,15.950511210428921,15.495846551657841,16.4051758692
P3-U,p3u,121,100,48.66,47.35297108051748,49.967028919482516,3.91,1.6069997893832029,6.213000210616798,18.593730400132824,-0.26699908887661294,37.45445988914226,30.386423399334088,7.941095143948836,52.83175165471934,31.42,8.356194613055091,54.48380538694491,33.56010782570708,32.417506921994644,34.70270872941951,16.37291681577214,15.930547527738568,16.81528610380571,16.357772589547153,15.91812766979789,16.797417509296416
P3-U,p3u,122,100,48.79,47.55342887962011,50.02657112037989,3.87,1.3763144209277858,6.363685579072214,18.835926772061825,-0.67625955966097,38.34811310378462,30.058576297102263,7.251563685504387,52.86558890870014,29.85,7.621380170708953,52.07861982929105,33.65202654916258,32.51348058622036,34.790572512104795,16.383519771393836,15.959257430326037,16.807782112461634,16.38157236287069,15.962542113050837,16.80060261269054
P3-U,p3u,123,100,48.04,46.62390299710219,49.456097002897806,4.03,1.6383334947524082,6.421666505247592,18.27254613769122,-0.5047428672781962,37.04983514266063,29.15808646442245,7.32072460568973,50.99544832315517,31.62,8.117333248889867,55.12266675111013,33.522819797661256,32.37883340058349,34.666806194739024,16.21060780336083,15.731237250274358,16.689978356447302,16.177161851846197,15.700514689485084,16.653809014207308
P3-U,p3u,124,100,48.85,47.5414415210128,50.1585584789872,3.76,1.5807956510819299,5.93920434891807,20.52881747349457,-0.7684343490082668,41.82606929599741,31.245209828413063,7.943180709252648,54.547238947573476,32.86,8.670009676627636,57.04999032337236,33.41341364611431,32.246490425965064,34.58033686626355,16.473370943867153,16.03066487078771,16.916077016946595,16.44358505583741,16.00390749345635,16.88326261821847
P3-U,p3u,125,100,48.84,47.54625002399844,50.13374997600157,4.01,1.6759701475946818,6.344029852405318,19.232907368010185,-0.18668904856729185,38.652503784587665,30.77432215992165,7.7111319657632755,53.83751235408002,32.21,8.66430479168584,55.755695208314165,33.41557451999732,32.240613015752174,34.59053602424247,16.38377161264891,15.95192746319335,16.81561576210447,16.388430034358688,15.95702360494211,16.819836463775268
P3-U,p3u,126,100,46.63,45.376796182707395,47.88320381729261,4.1,1.703463745276943,6.496536254723056,18.03230635504886,-0.06357942193863053,36.12819213203635,30.698810202664173,8.035515825309943,53.3621045800184,30.74,8.051947674121116,53.42805232587888,33.25907494690928,32.05385959805317,34.46429029576539,15.706042017457067,15.277324307083566,16.13475972783057,15.685079087317021,15.261305658145961,16.10885251648808
P3-U,p3u,127,100,48.12,46.786210468346866,49.45378953165313,4.01,1.7800372430523113,6.239962756947689,19.463224286139127,0.1695280801792869,38.75692049209897,29.823086361401437,7.9086093158624315,51.73756340694044,33.28,9.212135101901307,57.34786489809869,33.15715168677797,31.94901359853131,34.365289775024635,16.280661932518445,15.827730271338782,16.73359359369811,16.22997183817105,15.780559137607952,16.679384538734148
P3-U,p3u,128,100,48.41,47.0777197983316,49.74228020166839,3.73,1.561732257391546,5.8982677426084535,20.102611044326355,0.41823678183645896,39.78698530681625,32.46548057393054,8.668472349313745,56.26248879854734,31.64,9.451721980716691,53.82827801928331,33.44673105681623,32.26768843617196,34.62577367746051,16.311963219134963,15.864132477906288,16.759793960363638,16.28764464771034,15.841189567085117,16.734099728335565
P3-U,p3u,129,100,48.21,46.82819403253671,49.591805967463294,4.18,1.7450921570547342,6.614907842945265,19.25417175332432,0.6678828942212505,37.84046061242739,30.37093716823263,8.56397437708474,52.17789995938052,31.69,9.349617852702863,54.03038214729714,33.40820001332605,32.21694497520424,34.59945505144786,16.24131128435132,15.792974703853915,16.689647864848723,16.2183974776063,15.765118661012252,16.671676294200346
P3-U,p3u,130,100,48.97,47.651668461250885,50.28833153874911,4.54,2.155814228646761,6.924185771353239,19.93624319744268,1.3191503908220596,38.5533360040633,30.81519871461358,9.449230470074934,52.18116695915222,35.47,11.43796437442957,59.50203562557043,33.33685796025258,32.15215593225268,34.52155998825248,16.454074499779573,16.009897852666196,16.89825114689295,16.44808759659013,16.005974925055348,16.890200268124914
P3-U,p3u,131,100,47.45,46.087970572411834,48.81202942758817,4.24,1.7704785646615746,6.709521435338425,21.23937086272209,1.1238789824254134,41.35486274301877,32.635012762807165,8.833547911624343,56.436477613989986,35.85,10.995537290746828,60.70446270925318,33.28004726757765,32.08567432652301,34.47442020863229,15.96885080820573,15.50859155899051,16.42911005742095,15.952858569936206,15.495234049371007,16.410483090501405
P3-U,p3u,132,100,48.84,47.51865049454902,50.161349505450985,4.03,1.588872891221738,6.471127108778262,21.757815462558657,1.4711943967009233,42.04443652841639,33.73634601482314,9.32977863452113,58.14291339512515,32.92,8.85876891951106,56.98123108048894,33.12925727583402,31.92344215403771,34.335072397630334,16.453421759771285,16.01362654345377,16.893216976088798,16.43026486109411,15.990145580751959,16.870384141436258
P3-U,p3u,133,100,48.35,47.04738582966111,49.65261417033889,3.78,1.4127751350553708,6.147224864944629,21.616315936356045,1.437506569611024,41.79512530310107,33.22900726827051,9.58599531525557,56.87201922128544,31.34,8.229418379041391,54.45058162095861,33.26784705390692,32.10895632673914,34.4267377810747,16.271862665616776,15.828985524112618,16.714739807120935,16.255515719376227,15.81614269022137,16.69488874853108
P3-U,p3u,134,100,47.23,45.83824385567998,48.62175614432002,4.01,1.6212492258483513,6.398750774151648,19.30822021246264,0.9178177456565457,37.69862267926874,31.22091885127695,8.714249627764616,53.72758807478928,31.74,9.118525860572031,54.36147413942797,33.149962953004234,31.99019040269463,34.30973550331384,15.957798600894073,15.487910858155548,16.427686343632597,15.916727737147578,15.449305750433087,16.38414972386207
P3-U,p3u,135,100,48.38,47.08233879006978,49.67766120993023,3.91,1.598254734595264,6.221745265404737,19.449724562390276,1.1213418597504798,37.77810726503007,32.070209725391834,10.138094341586132,54.002325109197535,31.62,8.13109050848453,55.108909491515476,33.0785885736297,31.911728393551037,34.24544875370837,16.301865390471622,15.86333692539565,16.740393855547595,16.277563857616602,15.841643030917057,16.713484684316146
P3-U,p3u,136,100,48.84,47.544451666184344,50.13554833381566,3.82,1.3760252027287656,6.263974797271234,18.57516356105697,0.05289725361511444,37.09742986849883,31.35471258653386,8.724520909609215,53.9849042634585,29.75,7.703220706594781,51.79677929340522,33.239404987845404,32.03438884480709,34.44442113088372,16.403671973270292,15.981371537995265,16.82597240854532,16.400383834965886,15.974458473552591,16.82630919637918
P3-U,p3u,137,100,48.01,46.795529870538786,49.22447012946121,3.92,1.5952681011316217,6.244731898868379,18.64980811807538,-0.2475760649547354,37.5471923011055,29.20926689998407,7.479121457650631,50.93941234231751,31.46,8.122446148490166,54.79755385150983,33.17205755266911,31.949618841615695,34.39449626372252,16.130862018475142,15.716121204599071,16.545602832351214,16.1252539080882,15.714944357691524,16.53556345848488
P3-U,p3u,138,100,48.27,46.998292536656635,49.54170746334337,3.98,1.6038745072762421,6.356125492723757,19.841339855267833,-0.03742869074117294,39.72010840127684,31.479719892701688,8.683699172466248,54.27574061293713,31.46,7.898898680059858,55.02110131994014,33.01474997730079,31.805137108331476,34.224362846270104,16.241617423053626,15.805304849885456,16.677929996221796,16.22663898575449,15.79554033278728,16.657737638721702
P3-U,p3u,139,100,47.25,45.90488461686761,48.59511538313239,4.28,1.9269971161698223,6.633002883830178,19.836438680476014,-0.2597381790271136,39.93261553997914,30.67715454676654,7.359038925993747,53.99527016753933,33.43,9.086384357555445,57.773615642444554,33.03203064500472,31.843046477027677,34.22101481298176,15.957900294401238,15.512971983353923,16.40282860544855,15.919473714857611,15.473330512775682,16.36561691693954
P3-U,p3u,140,100,48.05,46.63295657059916,49.46704342940083,4.23,1.749545179861669,6.710454820138332,20.338355333465564,0.3314038506146346,40.345306816316494,32.0221361267881,8.144305741647411,55.89996651192878,32.97,9.502003181947536,56.43799681805246,33.014566076256045,31.810858436822805,34.218273715689286,16.180811204838687,15.695288462419922,16.66633394725745,16.16061419742369,15.680112382900802,16.64111601194658
P3-U,p3u,141,100,49.13,47.73662767576667,50.523372324233335,4.32,1.8415758098617143,6.798424190138286,19.721491788113966,0.4487734327308672,38.994210143497064,30.794438136405514,8.179764539575828,53.4091117332352,32.84,8.694232824878988,56.98576717512102,33.12811997134523,31.91457873171014,34.34166121098031,16.564322988225232,16.09197180104707,17.036674175403395,16.535747745093932,16.06706255028907,17.004432939898795
P3-U,p3u,142,100,49.07,47.6598521599105,50.4801478400895,3.77,1.3194488862274016,6.220551113772599,21.221307539937612,0.6001718474915272,41.8424432323837,32.579471374783026,8.942435938547767,56.216506811018284,32.49,8.017954936823518,56.96204506317649,33.13956103276875,31.946767408455113,34.33235465708239,16.554074415048373,16.078403436436915,17.02974539365983,16.521554087678613,16.048119448093956,16.99498872726327
P3-U,p3u,143,100,47.93,46.53869002880034,49.32130997119966,4.14,1.67505534178132,6.604944658218679,20.234038517511255,0.2784694156897807,40.18960761933273,32.00182113211326,8.09366672531928,55.90997553890723,32.32,8.344408412695802,56.2955915873042,32.90492692872212,31.72074032536603,34.08911353207821,16.160308911404965,15.692098889928348,16.62851893288158,16.132210106838116,15.666060606969735,16.5983596067065
P3-U,p3u,144,100,48.26,46.96448161835823,49.55551838164177,4.38,1.7680360557502706,6.991963944249729,20.30194781645306,0.20403729632612055,40.399858336579996,31.555220736159683,8.328943715526169,54.7814977567932,35.07,10.439085124632996,59.700914875367005,32.68174870546122,31.477922844301915,33.88557456662052,16.23161313581025,15.796474088609301,16.666752183011198,16.21927897789384,15.785960713471024,16.652597242316656
P3-U,p3u,145,100,46.76,45.486991807972274,48.03300819202772,4.05,1.6731568767957716,6.426843123204228,20.352635876387843,0.4337162783370303,40.27155547443866,33.199961207463055,9.481715340845131,56.91820707408098,37.19,12.468327900067816,61.911672099932176,32.73504997179773,31.51730851915215,33.952791424443305,15.696745301429141,15.266975436097068,16.126515166761216,15.696927370231046,15.269795409030424,16.124059331431667
P3-U,p3u,146,100,47.96,46.57521352176481,49.34478647823519,4.3,1.9452793513171596,6.65472064868284,20.30065383138433,0.26527201865047445,40.33603564411818,34.85332767615328,10.875629503879868,58.83102584842669,35.14,10.668454024506183,59.61154597549382,32.74048929099583,31.471949870217948,34.009028711773716,16.04106215020942,15.582749120453268,16.499375179965572,16.06461573035779,15.605262045447521,16.52396941526806
P3-U,p3u,147,100,47.87,46.73303787293339,49.00696212706661,4.3,1.9563464592239908,6.643653540776009,20.195856148263385,-0.14769557960850221,40.53940787613527,33.03925949077821,9.013291337673461,57.06522764388295,34.34,10.627113559420103,58.052886440579904,33.02298887689194,31.73026026286138,34.315717490922495,16.070458554828097,15.691844965803849,16.449072143852344,16.07020034711098,15.692027929678416,16.448372764543546
P3-U,p3u,148,100,48.25,46.918803727787854,49.581196272212146,4.54,2.1258921437064604,6.95410785629354,19.28304704299568,-0.03267334750951889,38.59876743350088,33.80641969472461,10.594690438877343,57.01814895057188,35.58,12.612092579198578,58.54790742080142,33.06668706525032,31.761006663938005,34.372367466562636,16.24151452982606,15.80134556463002,16.681683495022096,16.22388956969512,15.78248931307991,16.66528982631033
P3-U,p3u,149,100,48.34,47.051208447005216,49.62879155299479,4.19,1.9542675070120707,6.42573249298793,19.51614236770918,0.4566221543633837,38.57566258105497,32.658799088855154,10.267458526002471,55.05013965170784,33.65,11.182890497125758,56.11710950287424,33.12532180012122,31.81407921781084,34.4365643824316,16.32156636151923,15.89051962270183,16.75261310033663,16.284038454787506,15.853701719944377,16.714375189630633
P3-U,p3u,150,100,49.13,47.94327386529668,50.31672613470332,3.65,1.5314235101289504,5.76857648987105,18.685801893702482,-0.63011663275649,38.001720420161455,32.406620464930164,10.480891854479147,54.33234907538118,30.97,8.38789622522858,53.55210377477142,33.003571532556904,31.700511507898558,34.306631557215255,16.58422784099357,16.19114216497377,16.97731351701337,16.54771568197481,16.154357683190916,16.941073680758706
P3-U,p3u,151,100,48.81,47.42667842925775,50.193321570742256,3.75,1.6120966090370432,5.887903390962957,16.87809777515551,-1.0410092509883242,34.797204801299344,30.12734790777118,7.737927187891433,52.51676862765093,29.74,8.426296670579617,51.05370332942038,32.86905497661415,31.518822328240702,34.2192876249876,16.483121038358075,16.01837918285241,16.94786289386374,16.44408025186307,15.98083394394381,16.90732655978233
P3-U,p3u,152,100,47.58,46.289114571507234,48.87088542849276,3.67,1.4069489760569498,5.93305102394305,16.48442029968352,-0.8627364856836337,33.831577085050675,28.546427103924945,7.9034054062885986,49.18944880156129,29.75,8.258440908067648,51.24155909193235,32.65008243614104,31.284380657691507,34.015784214590575,16.05905381729323,15.621926294494232,16.496181340092225,16.02446898723153,15.59050183570261,16.458436138760447
P3-U,p3u,153,100,48.05,46.668452412193574,49.43154758780642,3.52,1.2208134258772603,5.81918657412274,17.046655777139424,-1.1480857581576238,35.241397312436476,28.547856263451685,7.946648313378031,49.149064213525335,28.39,6.561983293487312,50.218016706512685,32.45972129071361,31.11742048620527,33.80202209522195,16.170862548241594,15.715761607391991,16.625963489091195,16.15464199213091,15.697072214307248,16.61221176995457
P3-U,p3u,154,100,47.8,46.59950757578147,49.00049242421852,3.26,1.238479130791259,5.281520869208741,16.818304206186166,-2.0433273851646696,35.679935797537,27.62712882061023,6.152571694873885,49.10168594634658,28.74,6.780460032269726,50.699539967730274,32.52336655720808,31.175631396615994,33.871101717800165,16.070108390607277,15.67013310304754,16.470083678167015,16.06060744523624,15.660952975287731,16.46026191518475
P3-U,p3u,155,100,47.7,46.38047838481923,49.01952161518078,3.48,1.614022769742786,5.345977230257214,16.586754590371555,-2.304477021114284,35.47798620185739,27.912128717588203,6.219305279135458,49.60495215604095,30,7.1938594978005845,52.80614050219941,32.52312752912154,31.167115028857317,33.87914002938576,16.069606160728416,15.625595758119198,16.51361656333763,16.046896949364637,15.604676029903665,16.48911786882561
P3-U,p3u,156,100,49.21,47.986362462725886,50.433637537274116,2.99,1.2074010579261447,4.772598942073856,14.045034056278611,-2.6518662313591133,30.741934343916334,27.44567393492689,5.624875194782508,49.26647267507127,24.55,6.390337996515239,42.709662003484766,32.58384508189318,31.221678466608857,33.946011697177504,16.614478108132467,16.20069820211033,17.028258014154602,16.57660821151807,16.165492023002628,16.987724400033514
P3-U,p3u,157,100,48.07,46.902858312462506,49.237141687537495,3.29,1.4838724906026104,5.096127509397389,12.876360716714265,-2.2939608238736895,28.04668225730222,23.076167266162376,5.739379587933534,40.41295494439122,25.03,6.738184350835208,43.32181564916479,32.61701010904206,31.218109126331512,34.01591109175261,16.260510685910315,15.86718344103061,16.65383793079002,16.211163383231643,15.81994874047476,16.602378025988525
P3-U,p3u,158,100,47.69,46.55746970410893,48.82253029589106,3.36,1.3554616727399416,5.364538327260059,12.125205252947865,-2.0796217218046955,26.330032227700425,24.613754942720263,6.871263506834726,42.3562463786058,24.61,7.43645046348216,41.78354953651784,32.31580777499494,30.887091082691317,33.744524467298554,16.05960778838452,15.685794588580874,16.43342098818816,16.039555425051628,15.665094792326272,16.414016057776983
P3-U,p3u,159,100,48.05,46.70835085650442,49.39164914349558,3.66,1.727470159024025,5.592529840975976,13.386684638249433,-1.4128016957731848,28.186170972272052,24.0323443061937,7.184461437065856,40.880227175321544,28.26,9.168583703653518,47.351416296346486,32.230110354189165,30.79819218806752,33.66202852031081,16.141011658556238,15.700517940383419,16.58150537672906,16.136710297136318,15.693608165530296,16.57981242874234
P3-U,p3u,160,100,47.28,45.865778543194565,48.69422145680544,3.77,1.917510647367667,5.622489352632333,15.438581041768893,-0.5028765657436303,31.380038649281417,27.50232948779303,8.662805974748466,46.341853000837595,31.13,11.235740969990086,51.024259030009915,32.278660355327524,30.843620754246885,33.71369995640816,15.868502548339757,15.390845277535037,16.346159819144475,15.86980492512309,15.394581575944484,16.345028274301697
P3-U,p3u,161,100,48.7,47.27309846170102,50.12690153829899,3.88,1.8449608125283028,5.915039187471697,15.885616751093044,0.6133924619492426,31.157841040236846,30.14781201429447,10.78902714857384,49.506596880015096,30.75,11.40019265410551,50.09980734589449,32.315492921755066,30.894455070740364,33.73653077276977,16.343272807470655,15.859804754728238,16.82674086021307,16.34534396624749,15.864944090836282,16.8257438416587
P3-U,p3u,162,100,48.68,47.449221137784384,49.910778862215615,3.78,1.771388995531309,5.788611004468691,15.31791663874494,0.3804575866644644,30.255375690825417,28.226858075091585,9.720635396497073,46.733080753686096,29.53,9.257450252166514,49.80254974783349,32.44331235679593,31.04857253334854,33.83805218024332,16.432719980378923,16.02606626010399,16.83937370065386,16.396380776361084,15.988798187533662,16.803963365188505
P3-U,p3u,163,100,49.09,47.610338657910965,50.56966134208904,3.77,1.9085252415453937,5.6314747584546065,15.726331205976848,-0.15554592281216273,31.60820833476586,29.107570699532953,9.370459133073886,48.84468226599202,30.83,10.813383072309666,50.846616927690334,32.350227416209215,30.985629478191445,33.71482535422698,16.554175139898053,16.065220745130166,17.04312953466594,16.524296770548258,16.033565450546902,17.015028090549613
P3-U,p3u,164,100,48.85,47.794186062458415,49.90581393754159,3.33,1.675761923501526,4.984238076498475,15.56218307954022,0.03461057393965028,31.089755585140793,28.810648105748406,9.198156301208563,48.42313991028825,28.51,10.195498716838916,46.824501283161084,32.20019160019596,30.8287716092392,33.57161159115272,16.453471665146296,16.088701263858034,16.818242066434557,16.43163434000517,16.072865090537363,16.79040358947298
P3-U,p3u,165,100,47.75,46.459055955801134,49.040944044198866,3.33,1.4934570856188423,5.166542914381158,12.279205032484235,-1.1949932082655845,25.753403273234056,26.26685066589198,8.475173055987892,44.058528275796064,24.83,8.829793909862637,40.83020609013736,31.97746733164946,30.573950517688747,33.38098414561017,16.02010905747208,15.587009157743106,16.453208957201053,16.023876306268615,15.592537362124343,16.455215250412888
P3-U,p3u,166,100,49.43,48.15512309899062,50.70487690100938,3.31,1.4200097209378308,5.1999902790621695,12.119536929191902,-0.519299802378228,24.758373660762032,23.94663878188614,9.082610205073975,38.8106673586983,27.37,9.590215754748957,45.14978424525104,31.822954645640433,30.400344286359214,33.24556500492165,16.615582283504803,16.17862319462574,17.052541372383867,16.60676906665195,16.17469563221053,17.03884250109337
P3-U,p3u,167,100,48.53,47.25963583301178,49.800364166988224,3.48,1.4314294134492687,5.528570586550732,13.456113932378207,-0.983191859755582,27.895419724511996,27.236598237329016,9.68380198010826,44.78939449454977,26.08,8.513301876355005,43.646698123644995,31.903526681646067,30.481136737554483,33.325916625737655,16.412065396678265,15.98597324950676,16.83815754384977,16.363858444361068,15.938952699772402,16.78876418894973
P3-U,p3u,168,100,47.7,46.49065129808302,48.90934870191698,3.82,1.7752403016886347,5.8647596983113655,13.758157788277815,-0.8877924280497727,28.404108004605405,25.391416093146255,8.338713522312048,42.44411866398046,28.31,8.590454245852953,48.029545754147044,31.6633349383226,30.250209657592073,33.076460219053125,16.059655789704838,15.645824235103037,16.47348734430664,16.040919500677706,15.631607099286185,16.450231902069227
P3-U,p3u,169,100,48.92,47.547666303207,50.292333696793,4.28,1.9883191944017429,6.571680805598257,14.759701862395795,-1.482517913212666,31.001921638004255,27.799292626134118,8.55606710313268,47.04251814913556,30.9,11.242521653337747,50.55747834666225,31.53978300093287,30.131408184908885,32.94815781695686,16.423973633022328,15.964571686215319,16.883375579829337,16.423304335243014,15.964766221113798,16.88184244937223
P3-U,p3u,170,100,48.67,47.42256875754755,49.91743124245245,4.48,2.0633120599473433,6.896687940052658,17.352025253272153,0.7966203819034519,33.907430124640854,29.777830331250733,10.64571560753803,48.90994505496344,35.74,13.738479239926178,57.741520760073826,31.62974269131509,30.20531567376317,33.054169708867015,16.382920489747217,15.94237199303297,16.823468986461467,16.365130859583353,15.934719015872716,16.79554270329399
P3-U,p3u,171,100,48.22,46.88060727404415,49.559392725955846,4.31,2.119858732843699,6.5001412671563,20.479909880941758,1.3750011031470777,39.58481865873644,33.720458449343134,12.207517988040863,55.233398910645406,36.1,13.011184538085473,59.18881546191453,31.512168519076017,30.119038517779604,32.905298520372426,16.320964749511976,15.871943386265425,16.769986112758527,16.26758914631112,15.819702607995362,16.71547568462688
P3-U,p3u,172,100,49.13,47.83867126234763,50.421328737652374,4.11,1.8834504915597883,6.336549508440212,19.308742441741302,-0.7482003595728131,39.36568524305542,33.894018279038285,11.529552400475964,56.258484157600606,32.55,8.274558200818383,56.82544179918161,31.40980076589377,29.995538150706068,32.82406338108147,16.524527104692552,16.08380726861717,16.965246940767933,16.511855290618254,16.075373835304557,16.94833674593195
P3-U,p3u,173,100,47.32,45.86979799331196,48.77020200668804,4.34,2.228607355465607,6.451392644534392,18.00997537835232,-0.9457205154365376,36.96567127214118,32.032830434273635,8.527927974892528,55.53773289365474,32.14,10.910111429078636,53.36988857092136,31.299083707298983,29.888762092930868,32.7094053216671,15.888605376171192,15.395077745992658,16.382133006349726,15.88724812982412,15.397901374890166,16.376594884758074
P3-U,p3u,174,100,47.57,46.27429143381513,48.86570856618487,3.69,1.5007447919302304,5.87925520806977,17.24278337902319,-0.6814875412845467,35.16705429933093,31.348112190569665,10.815574616193803,51.88064976494553,30.25,8.501084281990266,51.998915718009734,31.11288852213756,29.746984412873672,32.47879263140145,15.979408945318045,15.529167069344364,16.429650821291727,15.975304526052803,15.53255774181173,16.418051310293876
P3-U,p3u,175,100,48.34,47.13363262107711,49.546367378922895,4.02,1.9774048608140005,6.062595139185999,16.477519093071983,-1.405251437887273,34.36028962403124,28.692110400631936,7.3128640610602496,50.071356740203626,30.99,10.876929381734044,51.10307061826595,31.267203888973253,29.87341004045741,32.66099773748909,16.241964160321242,15.834635406681372,16.649292913961112,16.23622078028691,15.831405192333317,16.641036368240503
P3-U,p3u,176,100,48.83,47.46663789850312,50.193362101496874,4.04,1.830591437428645,6.249408562571356,15.285346761823348,-0.7963143044891012,31.367007828135797,29.114738312679545,9.351840109327306,48.877636516031785,30.24,9.879826325917843,50.60017367408216,31.396409402498946,29.995986281144372,32.796832523853524,16.393674923334324,15.931593339157791,16.855756507510854,16.393046497521567,15.934321155489467,16.851771839553667
P3-U,p3u,177,100,48.44,47.1167136935308,49.7632863064692,3.9,1.6403045168059323,6.159695483194067,16.5594643872485,-0.6664482419893822,33.78537701648638,29.768762248898128,9.584299746417479,49.95322475137878,30.39,9.18158297149575,51.59841702850425,31.34780765355592,29.966530588384874,32.729084718726966,16.29221688072747,15.833887406651675,16.750546354803262,16.279814676863666,15.828621113190797,16.731008240536536
P3-U,p3u,178,100,48.29,46.9960775730869,49.5839224269131,4.17,1.7633563298337025,6.576643670166297,17.87515582313399,-0.4286287810189542,36.17894042728693,30.067797195894673,9.120702429232526,51.01489196255682,33.44,10.679175280284404,56.20082471971559,31.17227476738622,29.80214950191979,32.542400032852655,16.31136529473361,15.868118688986614,16.754611900480604,16.271207240522134,15.832926864861289,16.70948761618298
P3-U,p3u,179,100,47.32,46.11245591853263,48.52754408146737,4.35,1.8633703877974046,6.836629612202595,18.682284565301753,0.10025764160656081,37.264311488996945,32.076661009486855,9.8393280887549,54.313993930218814,34.5,10.819548472090812,58.180451527909185,31.14454631157873,29.83327154021784,32.45582108293962,15.9980519384169,15.590690587910387,16.405413288923413,15.95297635266873,15.548171293332738,16.35778141200472
P3-U,p3u,180,100,47.44,46.21318745004492,48.666812549955075,4.42,1.8931528533315918,6.946847146668408,19.588030955023054,0.6366727612364471,38.53938914880966,33.926449125481156,10.888393329509316,56.964504921453,33.27,9.78910291077558,56.750897089224424,31.09195829016111,29.773283409432917,32.4106331708893,15.929007115178521,15.524283092542209,16.333731137814834,15.9276030959872,15.521513288881676,16.333692903092725
P3-U,p3u,181,100,47.47,46.199330413689005,48.74066958631099,4.27,1.8474784750203153,6.692521524979684,19.83907401285999,-0.2145067865160044,39.89265481223598,31.622637073268415,8.646304796650885,54.59896934988595,34.35,9.480506993832009,59.219493006167994,31.223288502435523,29.865929654321015,32.58064735055003,15.968953709524092,15.538033108833815,16.39987431021437,15.955608438615329,15.52797505147857,16.383241825752087
P3-U,p3u,182,100,47.63,46.30222447376042,48.95777552623959,3.96,1.4122406329633002,6.5077593670367,20.204998495411154,-0.5555829635300427,40.96557995435235,32.90926689997839,8.721299665630134,57.09723413432665,33.03,8.423166165900373,57.63683383409963,31.378403317038625,30.000840049623836,32.75596658445342,15.989657667996743,15.535219335010208,16.44409600098328,15.989498987375399,15.539794914572639,16.43920306017816
P3-U,p3u,183,100,47.28,46.18709083172433,48.37290916827567,4.25,1.5871884608689837,6.912811539131017,20.569524310174653,-0.4552973583106201,41.59434597865993,32.24259652871173,7.914009729909189,56.57118332751427,33.1,8.811212483322606,57.3887875166774,31.509529405546733,30.161739425577046,32.85731938551642,15.948100622196488,15.575734025845362,16.320467218547613,15.917609844015493,15.549169746498361,16.286049941532625
P3-U,p3u,184,100,46.83,45.53135983413262,48.128640165867374,4.36,1.6251335847074815,7.094866415292519,19.613398456192435,-0.9580254066539311,40.1848223190388,33.1678562634514,9.368235878910717,56.96747664799208,33.88,9.008839003725104,58.751160996274905,31.60915181243911,30.29534867337234,32.92295495150588,15.726949653209306,15.287331464701907,16.166567841716706,15.724462740668393,15.287947548681982,16.160977932654806
P3-U,p3u,185,100,47.96,46.561550304837894,49.35844969516211,4.01,1.1565375563053681,6.863462443694631,19.09768666102504,-1.316998006048454,39.51237132809854,33.022366327750206,8.382123989651234,57.66260866584918,30.53,5.855890318977856,55.204109681022146,31.754858624759727,30.41778915140966,33.09192809810979,16.08086215647982,15.608717995230519,16.55300631772912,16.08852125509489,15.618773876935443,16.558268633254336
P3-U,p3u,186,100,48.02,46.70210268728225,49.33789731271776,4.06,1.3351834196842445,6.784816580315755,18.246988947749966,-3.647899828223089,40.14187772372302,29.264088254351517,4.973439844179072,53.55473666452396,32.35,6.007275117744133,58.692724882255874,32.0013892486538,30.65180399260006,33.350974504707544,16.17070999776199,15.7237348485468,16.61768514697718,16.150522765202236,15.706779473256276,16.594266057148197
P3-U,p3u,187,100,48.9,47.74850789815732,50.051492101842676,4.53,1.6213216049799275,7.438678395020073,19.660045017054063,-3.847320549614974,43.1674105837231,31.89730736321493,5.957925726580996,57.83668899984887,36.36,8.013511169519322,64.70648883048068,32.0147533197446,30.612807101822703,33.416699537666496,16.533324567374454,16.13892948597955,16.927719648769358,16.486305777412888,16.09650038131915,16.876111173506626
P3-U,p3u,188,100,47.61,46.52678594297649,48.69321405702351,4.6,1.7152271311157787,7.484772868884221,21.425907807882105,-3.7089098485269005,46.56072546429111,34.72429272915659,6.652997260864375,62.7955881974488,37.14,8.035017980594805,66.2449820194052,32.02236430675005,30.626374877851774,33.418353735648324,15.94975743356564,15.590233041915589,16.30928182521569,15.962852192876067,15.603552980339265,16.322151405412868
P3-U,p3u,189,100,48.32,46.9515739478503,49.6884260521497,4.71,1.8670553154885514,7.5529446845114485,23.096609850531408,-2.3801088096387026,48.573328510701515,35.935521118477915,7.431905994488162,64.43913624246767,39.41,11.57264537068976,67.24735462931024,31.872099086721033,30.476792446182532,33.267405727259536,16.291615696004484,15.833903273307817,16.74932811870115,16.263367071462095,15.806354008149748,16.720380134774445
P3-U,p3u,190,100,47.32,46.013963060834556,48.626036939165445,4.61,1.5707842641081005,7.6492157358919,22.951052038154295,-2.124669251318931,48.026773327627524,37.09359101247144,9.526469585300092,64.6607124396428,36.57,7.8695187834380995,65.2704812165619,32.03380614134714,30.629668324722047,33.43794395797224,15.918452955189853,15.473616939315473,16.363288971064232,15.905169502429017,15.464361155167923,16.345977849690108
P3-U,p3u,191,100,46.94,45.60169704083677,48.27830295916323,4.58,1.7961029753167237,7.3638970246832764,22.851487380840176,-2.7457105404796884,48.448685302160044,35.68811959977,7.117876584140916,64.25836261539908,37.27,8.211494173959675,66.32850582604033,31.974997984649296,30.609718879810547,33.34027708948804,15.80709585177917,15.363639355357849,16.25055234820049,15.78733445406862,15.343161524174738,16.2315073839625
P3-U,p3u,192,100,48.39,46.94220416696918,49.837795833030825,4.94,1.9476295902594352,7.932370409740566,24.23688159743589,-1.3947516464096665,49.868514841281446,36.843078952191426,8.11653498818972,65.56962291619314,42.65,12.362964427703155,72.93703557229685,32.14176890903169,30.757391217179674,33.526146600883706,16.361614535183115,15.878367572080771,16.84486149828546,16.314789478009857,15.832019876853947,16.79755907916577
P3-U,p3u,193,100,48.72,47.58494219183392,49.85505780816608,5.16,2.070910763099364,8.249089236900636,26.964566956522845,0.13688895532466816,53.792244957721024,41.485209828403455,11.825974914284089,71.14444474252282,42.41,11.539940668968352,73.28005933103164,32.31468435498416,30.912466393027074,33.716902316941244,16.41302132965606,16.031078151905746,16.794964507406377,16.38991427398304,16.010383011619933,16.76944553634615
P3-U,p3u,194,100,48.22,47.05341533379084,49.38658466620916,4.82,1.7186673243180568,7.921332675681944,24.911875264048405,0.6406166585352437,49.183133869561566,41.18949339633968,10.581828854822689,71.79715793785667,39.82,11.40641963971268,68.23358036028732,32.209643156176696,30.830818808413486,33.58846750393991,16.19161406393193,15.791445860530054,16.591782267333805,16.189895378060825,15.794483078470085,16.585307677651564
P3-U,p3u,195,100,48.65,47.37721892032931,49.922781079670685,5,2.0457141696043073,7.954285830395692,25.6118167387871,0.05978969104260301,51.163843786531594,39.34443813640479,11.193645721536036,67.49523055127355,42.75,12.969654758430512,72.53034524156949,32.04668348780732,30.666771187436296,33.426595788178346,16.37286748355458,15.942319162829877,16.803415804279282,16.3564042539606,15.92904735218415,16.783761155737054
P3-U,p3u,196,100,47.85,46.48143358940751,49.218566410592494,4.7,1.6297124669905045,7.770287533009496,25.97252505903093,-0.16318449511434352,52.1082346131762,40.31566652572685,11.004186226933072,69.62714682452062,40.42,9.916765730390726,70.92323426960928,32.07824709731027,30.692113104882523,33.46438108973801,16.14000873411403,15.682032527029108,16.597984941198952,16.109294369136173,15.652323270873666,16.56626546739868
P3-U,p3u,197,100,47.55,46.33556821284332,48.764431787156674,4.56,1.505193298713941,7.614806701286058,25.140239909133307,-1.8785921344775858,52.1590719527442,38.78214724058882,8.936965632829668,68.62732884834797,38.75,7.935244943830604,69.56475505616939,31.97491415671866,30.59301294757866,33.35681536585866,15.979305455698993,15.572237076271294,16.38637383512669,15.972553128015868,15.567024742888833,16.378081513142902
P3-U,p3u,198,100,47.55,46.23286992428096,48.86713007571903,4.66,1.5292979600367107,7.790702039963289,23.487832685135327,-2.499244402224175,49.474909772494826,37.397347907771476,7.303153324915453,67.4915424906275,39.04,9.067345160704289,69.0126548392957,32.0202096387287,30.636879833119274,33.40353944433813,15.999202927241493,15.557329319231254,16.44107653525173,15.984497574660631,15.544418837410195,16.424576311911068
P3-U,p3u,199,100,49.44,48.01178828267832,50.86821171732168,4.38,1.5828092719135278,7.177190728086472,24.609902253709286,-2.5724519740483416,51.792256481466914,37.33612692764989,7.756092009408011,66.91616184589178,39.69,8.33482990350393,71.04517009649607,32.14795206339203,30.743667008582793,33.552237118201276,16.62557989565023,16.151868260531234,17.099291530769225,16.614108137061148,16.139678766534026,17.08853750758827
P3-U,p3u,200,100,47.49,46.250232215291916,48.72976778470809,4.37,1.7183921154640283,7.021607884535972,24.119298011105993,-2.886473172685683,51.12506919489767,38.309036699017014,7.1749132927993955,69.44316010523463,37.32,7.452669104355863,67.18733089564414,32.26300760938663,30.82858134040768,33.69743387836557,15.988955693405938,15.580144015454469,16.397767371357407,15.970308098514733,15.560092941259777,16.38052325576969
P3-U,p3u,201,100,48.28,47.045380709070464,49.51461929092954,4.59,2.007872204963707,7.1721277950362925,23.227216920229957,-3.2514468911837895,49.7058807316437,36.337303658614985,6.9627022426363325,65.71190507459363,37.93,8.677438924836643,67.18256107516336,31.978410172932566,30.505238902265432,33.4515814435997,16.321265063835042,15.898727636643159,16.743802491026926,16.27581250888361,15.858122375623898,16.693502642143322
P3-U,p3u,202,100,48.11,46.77370645032273,49.44629354967727,4.6,1.7318199907159668,7.4681800092840325,23.189097183914864,-1.2915678094680523,47.669762177297784,37.11637915016792,8.63767183839595,65.5950864619399,38.35,10.477257484898782,66.22274251510122,32.09257131721772,30.58583780570399,33.59930482873145,16.21096364405242,15.760533602092824,16.661393686012016,16.18677288204651,15.738622633307227,16.634923130785797
P3-U,p3u,203,100,47.4,45.91017077787046,48.889829222129535,4.88,2.127065857392271,7.632934142607729,22.289871111832436,-0.5534946001672267,45.1332368238321,36.60571077488304,9.850407187526528,63.36101436223956,39.99,13.62283212983742,66.35716787016258,32.028338438792616,30.5339062805908,33.522770596994434,15.958653190306768,15.458500022584186,16.45880635802935,15.940038054773495,15.440832193770005,16.439243915776988
P3-U,p3u,204,100,48.43,47.13969335662433,49.72030664337567,4.88,1.9572378206272556,7.802762179372744,23.02746656424081,0.5335384388732756,45.52139468960834,37.794277910756065,12.233126360321148,63.35542946119098,40.01,12.638735655129693,67.3812643448703,32.03770579708417,30.549844071288252,33.525567522880095,16.32201761666813,15.890955151170871,16.75308008216539,16.296375258702486,15.86569139068896,16.72705912671601
P3-U,p3u,205,100,48.05,46.8565179879314,49.2434820120686,5,2.164202169876468,7.835797830123532,24.197472616944445,0.003413387990320871,48.39153184589857,39.02375494272012,11.799117258168788,66.24839262727144,41.32,13.0662653488253,69.5737346511747,31.996268586185735,30.50213195955755,33.490405212813926,16.21066092652357,15.799874928499202,16.621446924547936,16.178542386332225,15.773378367899632,16.58370640476482
P3-U,p3u,206,100,47.58,46.18036874351084,48.97963125648916,4.83,2.163157820624365,7.496842179375635,24.882078183911474,0.798861375279639,48.965294992543306,40.146357128611996,12.668296550698024,67.62441770652597,42.44,14.64202145380083,70.23797854619917,31.907338037633725,30.41150346238277,33.40317261288468,16.029205220355706,15.570492749980744,16.48791769073067,16.006544593146575,15.544854150974068,16.468235035319083
P3-U,p3u,207,100,47.12,45.806142694278414,48.43385730572158,4.89,2.3302404850960277,7.449759514903972,23.703317212799913,-0.06471440236765247,47.471348827967475,39.4766684186869,12.030934296732244,66.92240254064156,40.63,14.307651097075837,66.95234890292417,31.908864897133757,30.42492579321624,33.392804001051275,15.887601309740326,15.455422369846593,16.31978024963406,15.859828822240933,15.425746147865937,16.29391149661593
P3-U,p3u,208,100,48.44,47.170593798882976,49.70940620111702,4.81,2.2193803591348327,7.400619640865166,21.346145855006043,-0.23827081484549595,42.93056252485758,38.74002377357654,12.892306337589652,64.58774120956343,38.91,12.857461969925374,64.96253803007463,31.945542337561292,30.452651936683676,33.438432738438905,16.27231880692311,15.85129999699169,16.693337616854528,16.267868123219575,15.846507031229418,16.689229215209732
P3-U,p3u,209,100,48.07,46.90652123788228,49.23347876211772,4.98,2.376339051072569,7.583660948927432,22.193490245449002,0.13680145465076876,44.25017903624723,36.51022454378137,11.225810335719885,61.794638751842854,40.35,14.279456530250823,66.42054346974918,32.04585448364587,30.536955430947863,33.554753536343874,16.151062140700297,15.743155017190478,16.558969264210116,16.145429159559963,15.745807036157426,16.5450512829625
P3-U,p3u,210,100,47.97,46.83378897179878,49.106211028201216,5.03,2.31808280839156,7.74191719160844,22.08502508194097,0.5048888280077684,43.665161335874174,37.591653703308545,12.690603184526694,62.492704222090396,39.85,14.233010250258062,65.46698974974194,31.97692320117855,30.455800991175302,33.4980454111818,16.14060977105522,15.767284090287953,16.51393545182249,16.12574148741969,15.750496882314053,16.500986092525324
P3-U,p3u,211,100,47.78,46.50319937976269,49.05680062023731,5.07,2.195703894407141,7.944296105592859,23.979649225017685,1.686428316608751,46.27287013342662,38.493532150958345,13.106248281692096,63.88081602022459,42.06,15.272597148327769,68.84740285167223,31.997527240607443,30.467560212141386,33.5274942690735,16.079958906087413,15.653580062925318,16.506337749249507,16.063844697253682,15.638291047091187,16.489398347416177
P3-U,p3u,212,100,46.92,45.792281906420826,48.04771809357918,5.06,2.154609965090833,7.965390034909166,24.7099094111806,2.0201838760768176,47.39963494628438,39.497091980653494,13.53336534562667,65.46081861568032,42.16,14.908363607832477,69.41163639216751,32.065103168780354,30.530042186318177,33.60016415124253,15.866695046199219,15.47676519973893,16.256624892659506,15.820449281166239,15.436728916156925,16.20416964617555
P3-U,p3u,213,100,47.83,46.473485982230905,49.18651401776909,5.62,2.5005278467747973,8.739472153225202,25.7487021263423,2.126489678087765,49.37091457459684,40.468305551574886,13.924008319423862,67.01260278372591,45.32,17.33045411966327,73.30954588033673,32.04533408878526,30.512088224278735,33.578579953291786,16.12000693634255,15.660425779891934,16.579588092793163,16.094595289776738,15.638016513094492,16.551174066458984
P3-U,p3u,214,100,47.52,46.301388041808856,48.73861195819115,5.54,2.307314733113127,8.772685266886873,27.537538021851557,3.7700679143832936,51.305008129319816,43.462823025073305,16.15844810841445,70.76719794173216,46.06,17.438565292608153,74.68143470739184,32.23355825769558,30.67259567995521,33.79452083543595,15.989105633180099,15.571908424138922,16.406302842221276,15.974418911570607,15.562090730064279,16.386747093076938
P3-U,p3u,215,100,48.43,47.07199930021886,49.788000699781136,5.44,1.9518963355224916,8.92810366447751,28.477095017591196,3.595470063416851,53.35871997176554,43.491174778384156,15.439986438421158,71.54236311834715,46.26,15.858509294284659,76.66149070571534,32.149195564342975,30.61127062795543,33.68712050073052,16.351867420066725,15.898461514537415,16.805273325596033,16.314303743820723,15.861414815772632,16.767192671868816
P3-U,p3u,216,100,47.71,46.492402657988805,48.9275973420112,5.84,2.236721684831207,9.443278315168794,29.926482419051457,2.8928607104274775,56.960104127675436,44.39859461404965,14.284232603618332,74.51295662448096,47.33,15.898646908071331,78.76135309192867,32.24240279539969,30.691587664303082,33.7932179264963,16.089558712729676,15.677816069159308,16.501301356300043,16.06022818430764,15.651218957962046,16.469237410653236
P3-U,p3u,217,100,48.28,46.95385475999959,49.606145240000416,5.83,2.337145438545321,9.32285456145468,31.318550865897805,3.20858689137852,59.428514840417094,46.303056930634774,15.057943280069328,77.54817058120022,50.64,17.334612715840123,83.94538728415988,32.06725549665573,30.510243261251592,33.62426773205988,16.24166598102828,15.783283320812261,16.7000486412443,16.22800492953488,15.776118120232166,16.679891738837593
P3-U,p3u,218,100,48.38,47.22572100006239,49.53427899993761,6.08,2.5783106331631567,9.581689366836844,32.908936200043875,3.331934614917458,62.48593778517029,48.85187649507003,16.11892260522147,81.58483038491859,51.43,16.814650792908516,86.04534920709148,32.08911954893956,30.540156925270118,33.638082172608996,16.301866134187915,15.914072962176293,16.689659306199538,16.27756648577467,15.891371144161088,16.663761827388253
P3-U,p3u,219,100,47.72,46.49073541505582,48.949264584944174,6.24,2.4668687442481803,10.01313125575182,35.12105006488203,3.9273903573473135,66.31470977241673,49.11524296375952,14.938795652257618,83.29169027526143,54.05,17.61091336728837,90.48908663271163,31.98388999077461,30.453334382402986,33.514445599146235,16.08960558053946,15.676855001072338,16.502356160006578,16.061588593219078,15.65034275085902,16.472834435579138
P3-U,p3u,220,100,48.44,47.086847025602346,49.79315297439765,6.71,2.9525153354345646,10.467484664565436,36.479601102200924,5.04695624808771,67.91224595631414,53.44901097286027,17.628815027577296,89.26920691814325,56.08,21.070191685763326,91.08980831423668,31.933222418364085,30.395345150135967,33.471099686592204,16.282265672540497,15.829233962069845,16.73529738301115,16.27383472361794,15.821705484835654,16.72596396240023
P3-U,p3u,221,100,48.34,47.04370308676109,49.636296913238915,6.75,2.942750036728836,10.557249963271165,37.42566286906842,6.7933099853589525,68.05801575277789,54.29974561885785,20.154965615542558,88.44452562217313,59.16,22.702842794514865,95.61715720548513,31.945076942672713,30.438485328713035,33.45166855663239,16.271816175082403,15.829851270420473,16.713781079744333,16.25415659899892,15.816168112772203,16.69214508522564
P3-U,p3u,222,100,47.84,46.47901227549158,49.20098772450843,6.75,2.8722613952370786,10.627738604762921,39.86440702044002,6.882142451110518,72.84667158976953,57.90715084216586,21.59776248434806,94.21653919998366,56.13,18.68139614678335,93.57860385321666,31.825578113439974,30.32204044476159,33.32911578211836,16.080263490614758,15.621726422945093,16.53880055828442,16.072081356994442,15.615740161621918,16.528422552366965
P3-U,p3u,223,100,47.69,46.363674818427725,49.01632518157227,6.92,3.0147097810091656,10.825290218990833,40.410942484860556,7.157683047281054,73.66420192244006,54.992830434273635,17.937058786762897,92.04860208178437,60.4,22.877108930923008,97.922891069077,31.74294669882655,30.250886929759982,33.23500646789312,16.069556035548263,15.622879347713601,16.516232723382927,16.04552630957463,15.60070296041713,16.49034965873213
P3-U,p3u,224,100,48.28,47.12662903126741,49.43337096873259,6.61,2.814538174199207,10.405461825800794,41.38839569647238,8.33322461102054,74.44356678192422,57.93711770680995,20.896690342097436,94.97754507152246,58.96,20.04833983518281,97.8716601648172,31.796088438733126,30.33946183439945,33.2527150430668,16.291414133342013,15.8930852819077,16.689742984776323,16.25788037121175,15.865606253582591,16.65015448884091
P3-U,p3u,225,100,47.33,46.034650861151654,48.62534913884834,6.39,2.7534720568635627,10.026527943136436,42.05971489427478,7.949425374285909,76.17000441426364,57.27314542894848,19.011971611690385,95.53431924620658,58.31,19.670602130734572,96.94939786926543,31.844505929154717,30.381172666957763,33.307839191351675,15.97819994552843,15.526209724460248,16.430190166596613,15.94238784803461,15.498272071762582,16.386503624306638
P3-U,p3u,226,100,46.75,45.5468035333439,47.9531964666561,6.47,2.7651223652480987,10.174877634751901,40.04150187831233,6.895166952441066,73.1878368041836,55.68948969173987,18.26099652158441,93.11798286189534,56.33,18.429498547364688,94.23050145263531,31.7525683953762,30.270905611707974,33.23423117904443,15.786243532372891,15.381818212551641,16.19066885219414,15.749337957598181,15.346407416368333,16.15226849882803
P3-U,p3u,227,100,47.55,46.211826074628014,48.88817392537198,6.22,2.648103790574382,9.791896209425618,38.707960989285986,6.378140850794047,71.03778112777792,54.16381380423336,17.499515078893147,90.82811252957356,54.86,17.468229315589305,92.2517706844107,31.842824295235122,30.367579217885368,33.31806937258488,16.04895575638878,15.597198667373119,16.500712845404436,16.014387935607928,15.565125024686614,16.46365084652924
P3-U,p3u,228,100,48.73,47.3550744322809,50.10492556771909,6.33,2.675784753427511,9.98421524657249,39.2049377529142,6.8892835283356035,71.52059197749278,53.19355417251485,17.004108352604646,89.38299999242506,55.4,18.370432291385463,92.42956770861454,32.00215355040591,30.489134036389043,33.515173064422775,16.383223508194575,15.912115529078058,16.854331487311093,16.373362393152437,15.907543906502061,16.83918087980281
P3-U,p3u,229,100,49.5,48.033402591166904,50.966597408833096,6.42,2.77385080708843,10.06614919291157,39.18278824409927,7.796465182854853,70.56911130534368,55.50470888192314,19.174927921293595,91.8344898425527,56.35,20.37678282304175,92.32321717695825,32.015591388913975,30.531043546652885,33.50013923117506,16.675633642796882,16.191882291804234,17.15938499378953,16.652223386811748,16.166455816935496,17.137990956688
P3-U,p3u,230,100,48.16,46.805585835987834,49.51441416401216,6.33,2.647857362673716,10.012142637326285,38.75336919447791,7.692235606493288,69.81450278246254,54.06428161535674,18.477860519121243,89.65070271159223,54.7,19.006092973899904,90.3939070261001,31.92670774374984,30.43585302164596,33.41756246585372,16.171413514384575,15.70463046690117,16.63819656186798,16.169718941583856,15.70917373647558,16.63026414669213
P3-U,p3u,231,100,47.69,46.42047917160159,48.959520828398404,6.41,2.5588991223156667,10.261100877684333,39.022054703901084,7.530714454004343,70.51339495379783,53.46044363094334,18.402157167145496,88.51873009474119,56.04,19.661305580726108,92.41869441927389,31.60513448241953,30.108505174449647,33.10176379038941,16.05960855881132,15.636179592088347,16.483037525534293,16.039558009801667,15.616677388682497,16.462438630920836
P3-U,p3u,232,100,47.93,46.720729913116884,49.139270086883116,6.02,2.50765534099565,9.532344659004348,38.42724351001523,7.527672611921197,69.32681440810927,54.373097475191464,18.76485129112376,89.98134365925917,54.88,18.56519801233061,91.1948019876694,31.55453778645506,30.09006473346521,33.01901083944491,16.090661478508565,15.679902655448638,16.50142030156849,16.09038405181343,15.682993396219539,16.49777470740732
P3-U,p3u,233,100,48.28,47.01097290681707,49.549027093182936,6.13,2.58120138558743,9.67879861441257,37.649664593490144,6.087212711243701,69.2121164757366,53.66899615446004,18.14982161878168,89.1881706901384,56.94,20.15108515740979,93.7289148425902,31.6096802700354,30.138393307841397,33.080967232229405,16.241665694471457,15.801784392681927,16.681546996260987,16.2280037982529,15.794747183253815,16.661260413251984
P3-U,p3u,234,100,47.82,46.59443430435434,49.045565695645664,6.34,2.6751636868170756,10.004836313182924,37.93379747452568,5.92654429002814,69.94105065902323,55.22853575253655,19.206653910342936,91.25041759473017,53.1,17.527667596199663,88.67233240380034,31.630778883653488,30.129616035461215,33.131941731845764,16.04036141215508,15.619203600401264,16.461519223908894,16.045428527523516,15.62984039747809,16.461016657568944
P3-U,p3u,235,100,47.67,46.47337483924433,48.866625160755675,6.26,2.716567132958163,9.803432867041836,34.62498056321419,5.1182723709134095,64.13168875551497,49.85832036997497,15.10109989652917,84.61554084342077,55.05,20.209031047696833,89.89096895230315,31.585256518739627,30.10149798035132,33.069015057127935,16.089356564327016,15.680562646844278,16.498150481809752,16.054739682304014,15.650210003333815,16.459269361274213
P3-U,p3u,236,100,47.21,45.96156129246781,48.45843870753219,6.31,2.428628600376129,10.19137139962387,36.959511516397804,6.350841876272426,67.56818115652318,54.43405882359526,20.027083077495455,88.84103456969507,55.55,19.040357403208418,92.05964259679158,31.64014689120843,30.13547255643864,33.14482122597822,15.967648793786767,15.548755718952258,16.386541868621276,15.919963780037403,15.50234434128194,16.337583218792865
P3-U,p3u,237,100,47.55,46.384149012415165,48.71585098758483,6.54,2.60612439608588,10.47387560391412,37.40797168646544,6.349068277168666,68.4668750957622,54.85906983437278,18.91253090320903,90.80560876553653,53.95,18.61512116187391,89.2848788381261,31.681167847156054,30.16021556898894,33.20212012532317,16.009154496544703,15.618956971628148,16.399352021461258,15.990478631647756,15.601512442841168,16.379444820454346
P3-U,p3u,238,100,46.85,45.52523219492104,48.174767805078964,6.21,2.2016769300956707,10.21832306990433,38.03318812429287,6.569728018933159,69.49664822965258,52.14443443180484,17.30557588394727,86.98329297966241,54.26,18.18673035687147,90.33326964312852,31.748731411673493,30.21419776654827,33.28326505679872,15.756896386633947,15.31557774094686,16.198215032321034,15.745121991864236,15.303671935059974,16.1865720486685
P3-U,p3u,239,100,47.83,46.48989042450125,49.17010957549875,6.24,2.3621868447447456,10.117813155255256,36.58151662189743,4.238520191589494,68.92451305220536,53.51402198363765,17.866180604202533,89.16186336307277,55.21,17.603578041246756,92.81642195875324,31.809383786634477,30.295178621568354,33.3235889517006,16.139907908155138,15.680378053308631,16.599437763001646,16.10655107890669,15.652520606708137,16.560581551105244
P3-U,p3u,240,100,49.13,47.71534645366379,50.544653546336214,6.13,2.192059045745871,10.067940954254128,36.220518605599054,2.8464901884432408,69.59454702275487,52.80737733852759,15.676457485798103,89.93829719125708,50.93,13.566558338808065,88.29344166119193,32.019335156878064,30.55213227129802,33.48653804245811,16.55437262130862,16.06732495075235,17.04142029186489,16.529769934768307,16.04864757388465,17.010892295651963
P3-D0.10,p3d_01,1,100,28.1,27.101174750625578,29.098825249374425,1.17,0.9418770099576578,1.398122990042342,0.21969469900232627,0.15030853927160803,0.2890808587330445,1.4684677298057514,0.9631232851365595,1.973812174474943,7.16,5.953150227185913,8.366849772814088,20,20,20,9.623229711414542,9.272736266772565,9.973723156056518,9.547273823009807,9.204754339923126,9.889793306096488
P3-D0.10,p3d_01,2,100,29.5,28.305177566972965,30.694822433027035,0.96,0.7839853816906509,1.1360146183093491,0.5607133888179687,0.4374163232589764,0.6840104543769611,3.7544400889869514,2.7671653312694184,4.741714846704484,6.19,5.019392464391143,7.360607535608858,20,20,20,10.127748479360665,9.718763399142338,10.536733559578993,10.037996092814238,9.633435619876403,10.442556565752072
P3-D0.10,p3d_01,3,100,29.7,28.727153380303687,30.672846619696312,1.04,0.8354363737813658,1.2445636262186341,0.45624271448795484,0.3686175618372128,0.543867867138697,3.758504569761552,2.9159705203636825,4.6010386191594215,6.42,5.29142200065478,7.54857799934522,20.400606217315133,20.379576610636615,20.42163582399365,10.20835119174256,9.873388893122092,10.543313490363028,10.113221803612786,9.783243131258748,10.443200475966824
P3-D0.10,p3d_01,4,100,30.74,29.685567030450617,31.79443296954938,1.07,0.8449596633238539,1.2950403366761463,0.616348971401573,0.49108698322092037,0.7416109595822256,4.83367210158985,3.862517673548159,5.8048265296315416,6.04,4.857117245664199,7.222882754335801,20.77094130855349,20.738525984029945,20.803356633077033,10.492167386844592,10.114166572112035,10.87016820157715,10.423125322214796,10.056307378905744,10.789943265523847
P3-D0.10,p3d_01,5,100,30.03,28.886978951739,31.173021048261003,1.02,0.837363877802574,1.202636122197426,0.5301407180094185,0.42398924107755803,0.6362921949412791,4.193018338660124,3.2922126826641245,5.093823994656124,6.06,4.94017550870097,7.179824491299029,21.136440237048934,21.095841955037717,21.17703851906015,10.279655869391238,9.888545171236322,10.670766567546154,10.200291956063396,9.813456056636792,10.58712785549
P3-D0.10,p3d_01,6,100,30.05,29.06886227657722,31.03113772342278,0.96,0.7732875207732759,1.146712479226724,0.5262747043095304,0.4058427429914792,0.6467066656275816,3.714176752669223,2.8773760602212493,4.550977445117197,6.19,5.045540433482276,7.334459566517725,21.48491019383826,21.43908086710322,21.530739520573302,10.339455791904898,9.997278136851333,10.681633446958463,10.238890498016616,9.903330834893886,10.574450161139346
P3-D0.10,p3d_01,7,100,29.61,28.48668975547512,30.73331024452488,1.01,0.8120399019902234,1.2079600980097767,0.503649017522939,0.40042944340820197,0.606868591637676,3.45301833866014,2.5634742533772723,4.342562423943008,6.5,5.302582239596684,7.697417760403316,21.8461308416748,21.790148652766433,21.902113030583166,10.128301070635317,9.752478722002389,10.504123419268245,10.053077925952392,9.678309512838366,10.427846339066418
P3-D0.10,p3d_01,8,100,30.49,29.4993687358991,31.480631264100897,1.16,0.9596530524466634,1.3603469475533363,0.5722834591597389,0.44567304978274463,0.6988938685367332,4.177301906596849,3.185799998561568,5.16880381463213,8.34,7.065742652254722,9.614257347745276,22.20376349416049,22.145169224599016,22.262357763721965,10.441161584420575,10.103421386655617,10.778901782185534,10.358966523270546,10.02501411932026,10.69291892722083
P3-D0.10,p3d_01,9,100,47.63,46.26618258220138,48.993817417798624,1.95,1.5207888843259276,2.3792111156740723,1.4223487721084356,1.1926881896044257,1.6520093546124455,8.245959292808529,7.205708846950788,9.286209738666269,10.28,8.281362963002895,12.278637036997104,22.57406542992238,22.511134990409467,22.636995869435296,16.099099754269854,15.65510829367901,16.5430912148607,16.055213035880953,15.607036542829666,16.50338952893224
P3-D0.10,p3d_01,10,100,48.26,46.83578782422837,49.68421217577163,1.69,1.43061163160896,1.9493883683910398,2.1394950157026384,1.4287294175134706,2.8502606138918063,10.5406738319127,8.5306593832602,12.5506882805652,10.45,8.945816970625387,11.954183029374612,22.925595734857144,22.855422818556793,22.995768651157494,16.30125755832409,15.824580286746809,16.77793482990137,16.261095537590304,15.78493203568281,16.737259039497797
P3-D0.10,p3d_01,11,100,47.8,46.47886195370289,49.121138046297105,1.72,1.4469325284102772,1.9930674715897228,1.5530934762215827,1.3351597677655282,1.771027184677637,9.327351612379143,8.27828481627616,10.376418408482126,9.48,8.134854326690139,10.825145673309862,22.93764974960094,22.859248320038343,23.016051179163536,16.199449645931058,15.761781864312328,16.63711742754979,16.138271239974234,15.699697086814592,16.576845393133876
P3-D0.10,p3d_01,12,100,46.85,45.465086029000105,48.2349139709999,1.87,1.5717022543657009,2.1682977456342996,1.5010858297103384,1.2906025813170403,1.7115690781036366,8.93667562184998,7.928476535529216,9.944874708170746,9.97,8.458333695633334,11.481666304366668,22.937574296101506,22.853924643094683,23.02122394910833,15.83648836695088,15.375093580034738,16.29788315386702,15.792906868067423,15.331242699034885,16.25457103709996
P3-D0.10,p3d_01,13,100,48.44,47.03590114365696,49.84409885634304,1.61,1.3488226222923156,1.8711773777076846,1.7714163261560623,1.4799425673089486,2.062890085003176,10.241134233836384,9.033598593916839,11.448669873755929,8.52,7.276174622668869,9.76382537733113,22.943607317345638,22.860296638432324,23.026917996258952,16.391710847881154,15.930252742007324,16.85316895375498,16.339558634895894,15.875463994091797,16.803653275699993
P3-D0.10,p3d_01,14,100,47.61,46.25955251471779,48.96044748528221,1.62,1.3403333701737303,1.8996666298262699,1.4900635076734927,1.2422938891423019,1.7378331262046836,8.709032994423815,7.7074108567248905,9.710655132122739,9.12,7.712048407627361,10.527951592372638,22.97141801532858,22.884998983648114,23.05783704700905,16.079101304067866,15.637941021058921,16.52026158707681,16.040524866330674,15.595788464915163,16.485261267746186
P3-D0.10,p3d_01,15,100,48.82,47.38905762435231,50.25094237564769,1.99,1.6998261085612159,2.280173891438784,1.663685916416665,1.4459317050895097,1.8814401277438204,10.0311784829921,8.97244497519827,11.08991199078593,9.9,8.595562507546962,11.204437492453039,22.965915364455714,22.877022446611083,23.054808282300346,16.463267837947367,15.98453499086356,16.942000685031175,16.433487705653384,15.955224573794055,16.911750837512713
P3-D0.10,p3d_01,16,100,47.76,46.43794587497525,49.08205412502475,1.74,1.48222482899263,1.99777517100737,1.6013080642505593,1.3666527646890816,1.835963363812037,9.63857259250015,8.66422423972951,10.61292094527079,9.64,8.328732463637115,10.951267536362886,22.979169286211643,22.88980202113696,23.06853655128633,16.05000385741082,15.61235550095987,16.48765221386177,16.04315909673738,15.604500518613719,16.48181767486104
P3-D0.10,p3d_01,17,100,48.78,47.363448195173376,50.196551804826626,1.79,1.480667035005444,2.0993329649945562,1.772006829595511,1.4893051394927461,2.0547085196982757,9.792793594324904,8.63599948070835,10.949587707941458,10.15,8.475867738712731,11.82413226128727,22.969373215934805,22.88102081078922,23.05772562108039,16.433218704279597,15.959998541621413,16.90643886693778,16.41008012398721,15.93699914562233,16.88316110235209
P3-D0.10,p3d_01,18,100,48.14,46.89413598744575,49.38586401255425,1.75,1.506539178270565,1.993460821729435,1.6490309373243839,1.382181461169155,1.9158804134796128,9.549789868022044,8.318774921721337,10.780804814322751,9.53,8.259941325780735,10.800058674219263,22.984372984490154,22.893724119766688,23.07502184921362,16.23100990381482,15.8125345766751,16.649485230954536,16.202824687935713,15.785722409625272,16.619926966246155
P3-D0.10,p3d_01,19,100,48.07,46.88897709051548,49.25102290948452,1.56,1.3383213208996483,1.7816786791003518,1.3693999151399192,1.1897974938283644,1.549002336451474,8.635001649006117,7.722128263130334,9.547875034881901,9.25,7.796191528877662,10.703808471122338,22.976379862233376,22.877616434106645,23.075143290360106,16.19085854041783,15.804525382213619,16.577191698622038,16.169322457607585,15.780684146874268,16.5579607683409
P3-D0.10,p3d_01,20,100,47.9,46.543644753187586,49.25635524681241,1.82,1.5781302596166042,2.0618697403833957,1.3611843326312985,1.1153359450885498,1.607032720174047,8.171898516634775,7.147415812923043,9.196381220346506,11.41,9.996323301286731,12.82367669871327,22.980519268004485,22.8785960596082,23.08244247640077,16.06065487161049,15.61434149618171,16.50696824703927,16.068323404462188,15.619586700731299,16.51706010819308
P3-D0.10,p3d_01,21,100,47.58,46.24101293463599,48.91898706536401,1.8,1.5078204509400277,2.0921795490599724,1.5863955184701917,1.3070145262407107,1.8657765106996727,9.407369929336456,8.208963227507104,10.605776631165808,9.3,8.007516367842928,10.592483632157073,22.987067755579424,22.88659398005438,23.08754153110447,15.989401337827276,15.56326489578286,16.415537779871695,15.982627342147843,15.548570643314712,16.416684040980975
P3-D0.10,p3d_01,22,100,48.21,46.80535543357766,49.61464456642234,1.68,1.4263830104789164,1.9336169895210835,1.6365929739624763,1.3456857033376886,1.927500244587264,9.074311046120638,7.88716900583416,10.261453086407116,9.48,8.25440264261698,10.70559735738302,23.001428463282792,22.8987273092883,23.104129617277284,16.29105766043594,15.82469898568517,16.757416335186708,16.24826747878015,15.780820194618506,16.715714762941793
P3-D0.10,p3d_01,23,100,48.24,46.94463138961619,49.53536861038381,1.72,1.4802249673910433,1.9597750326089567,1.3982545059144698,1.2116855097888877,1.5848235020400518,9.033093770599626,8.102540406582825,9.963647134616426,9.74,8.43374321580226,11.046256784197741,23.02006438301316,22.91534986093529,23.12477890509103,16.211610353667563,15.794634080718643,16.628586626616485,16.20457691527374,15.781589087471733,16.627564743075748
P3-D0.10,p3d_01,24,100,47.65,46.29797879701044,49.00202120298956,1.93,1.6482942261324713,2.2117057738675285,1.4469001739460987,1.2362120620002293,1.6575882858919682,8.970915146675543,7.948338462361866,9.99349183098922,10.44,9.133535288334091,11.746464711665908,23.020600923387004,22.90877806418545,23.132423782588557,16.03950538471804,15.602237643914044,16.476773125522037,16.022113964546612,15.579382858431863,16.46484507066136
P3-D0.10,p3d_01,25,100,48.21,46.87300970652421,49.546990293475794,1.86,1.5638367799180783,2.156163220081922,1.660217181236677,1.353790864118196,1.9666434983551582,9.812161852952412,8.601074344992673,11.023249360912152,10.28,8.959132200774693,11.600867799225306,23.025904302166946,22.912835480511774,23.13897312382212,16.221408385017625,15.77930635639631,16.66351041363894,16.20643583569863,15.762906430190124,16.649965241207138
P3-D0.10,p3d_01,26,100,47.08,45.73076420522616,48.42923579477384,1.78,1.4992255558551522,2.060774444144848,1.4623473862035896,1.2189352968205682,1.705759475586611,9.367907715771562,8.105454643350335,10.630360788192789,9.74,8.273635444889353,11.206364555110648,23.041533979083862,22.923005625521256,23.16006233264647,15.807793104616039,15.36425738198826,16.251328827243817,15.806510670337682,15.360438398163122,16.25258294251224
P3-D0.10,p3d_01,27,100,49.4,48.15976124813963,50.640238751860366,1.68,1.435735609379401,1.924264390620599,1.6924281600624138,1.4373521674215084,1.9475041527033192,9.52879538426325,8.327585934216149,10.73000483431035,10.24,8.974941995021732,11.505058004978268,23.04624947598279,22.926637559063526,23.165861392902055,16.56567787990507,16.14935283704267,16.98200292276747,16.572762675700375,16.157952210859307,16.987573140541443
P3-D0.10,p3d_01,28,100,47.1,45.64776048946477,48.55223951053523,1.85,1.5164275403175709,2.1835724596824293,1.3767992778990525,1.1734095439767134,1.5801890118213917,8.78213983139638,7.74637011179369,9.81790955099907,10.77,8.71153244368437,12.82846755631563,23.07578188970585,22.952180853265627,23.199382926146075,15.807895753754051,15.324305011901327,16.291486495606776,15.809259785656815,15.325388396721912,16.293131174591718
P3-D0.10,p3d_01,29,100,47.27,45.961002714851844,48.57899728514816,1.71,1.455748842855945,1.9642511571440548,1.8651097953934948,1.2830073500573902,2.4472122407295993,9.713788078085162,7.942425510050083,11.48515064612024,9.12,7.891303750171168,10.34869624982883,23.05984121691154,22.933406418604505,23.186276015218574,15.908247427644952,15.48379038975011,16.332704465539795,15.892323791436118,15.463119785353415,16.32152779751882
P3-D0.10,p3d_01,30,100,47.21,45.772857009848565,48.64714299015144,1.69,1.4591041985849218,1.920895801415078,1.4739989484082197,1.2560477596301065,1.6919501371863328,8.669485987148946,7.684558040857372,9.65441393344052,9.86,8.451293448627858,11.26870655137214,23.089367471686288,22.958887998033976,23.2198469453386,15.91789484382138,15.454355376823214,16.381434310819543,15.890069908430357,15.420203671865194,16.359936144995523
P3-D0.10,p3d_01,31,100,47.64,46.27622099364237,49.00377900635763,1.61,1.347341089177726,1.8726589108222742,1.3850249830521284,1.1864594229016057,1.5835905432026511,8.586167472215147,7.53292719538022,9.639407749050072,9.6,8.254704328244365,10.945295671755634,23.112872626027592,22.975823061568445,23.24992219048674,15.969805555347286,15.527671986513447,16.411939124181124,15.97891028830898,15.531649339635647,16.42617123698231
P3-D0.10,p3d_01,32,100,48.63,47.34499719388744,49.91500280611257,1.89,1.6621493347462735,2.1178506652537266,1.5339127241864425,1.3221139989531634,1.7457114494197217,9.483754942729284,8.46884232935875,10.498667556099818,10.48,9.227469827940585,11.732530172059416,23.135798935398306,22.992501075612434,23.279096795184177,16.342914493502384,15.917660588682457,16.76816839832231,16.335725056773377,15.909353572894709,16.762096540652045
P3-D0.10,p3d_01,33,100,49.9,48.485663306412405,51.31433669358759,1.52,1.2716395711344848,1.7683604288655153,1.6067480510119057,1.333219436777969,1.8802766652458422,9.26496480905047,8.242117371124369,10.287812246976571,8.37,7.055146284742955,9.684853715257043,23.155610602077466,23.008423806296715,23.302797397858217,16.737332696066787,16.278885199565263,17.19578019256831,16.742891859350827,16.279367794812217,17.206415923889438
P3-D0.10,p3d_01,34,100,46.81,45.49690638151384,48.123093618486166,1.7,1.45634002828084,1.9436599717191598,1.5245868414689931,1.2862791294820033,1.762894553455983,9.113119496755536,7.9713337617541935,10.254905231756878,9.78,8.281709032317693,11.278290967682306,23.15303573246734,23.002443307171067,23.303628157763615,15.746740372062058,15.310725548227346,16.18275519589677,15.733645133379163,15.296874529016359,16.17041573774197
P3-D0.10,p3d_01,35,100,48.9,47.47065304167507,50.329346958324926,1.7,1.4306237657929795,1.9693762342070205,1.6195314212090406,1.3452494689171381,1.893813373500943,9.442625959475208,8.167014291594327,10.718237627356089,8.64,7.294842787754322,9.985157212245678,23.126795770703325,22.96965985099909,23.28393169040756,16.394020945772876,15.927379255846496,16.860662635699256,16.402626793872944,15.931818736542628,16.87343485120326
P3-D0.10,p3d_01,36,100,47.01,45.705563994933776,48.31443600506622,1.57,1.3283308848608884,1.8116691151391118,1.4863920541802136,1.245355077448309,1.727429030912118,8.681898516633629,7.670399044617593,9.693397988649664,9.25,7.74969157379645,10.75030842620355,23.159991348379602,23.00225955161719,23.317723145142015,15.827344833052434,15.406914766937645,16.247774899167222,15.808876336584555,15.38292658589133,16.23482608727778
P3-D0.10,p3d_01,37,100,47.57,46.30766414944518,48.83233585055482,1.65,1.3667556646014725,1.9332443353985274,1.5897514942471267,1.3002991299549853,1.879203858539268,9.178327573138667,7.945741707677377,10.410913438599955,9.09,7.6870692615208345,10.492930738479165,23.154350091633233,22.994758435886638,23.31394174737983,15.969452647363408,15.550480951659589,16.388424343067225,15.96930851246953,15.549628072330007,16.38898895260905
P3-D0.10,p3d_01,38,100,47.8,46.38415511892272,49.215844881077274,1.81,1.5791041985849221,2.040895801415078,1.4229184229072493,1.209293316185605,1.6365435296288937,8.574018279045813,7.594613771332242,9.553422786759382,9.82,8.548742688071643,11.091257311928358,23.182709401650087,23.02358075308074,23.341838050219433,16.070102814384743,15.601663472092312,16.538542156677174,16.060589774920075,15.5905717217663,16.530607828073848
P3-D0.10,p3d_01,39,100,47.71,46.44980546058487,48.97019453941513,1.59,1.3300139273349476,1.8499860726650525,1.5154720094943743,1.273399172685801,1.7575448463029477,9.124753131087054,8.056151245583722,10.193355016590386,9.45,8.1644778995649,10.735522100435098,23.202542242808285,23.048039044441268,23.357045441175302,15.990055384061458,15.57827920027972,16.401831567843196,16.000454648383712,15.585547661038078,16.415361635729347
P3-D0.10,p3d_01,40,100,48.04,46.905338828486045,49.174661171513954,1.71,1.4512107163475787,1.9687892836524212,1.5111979572692655,1.2466673666715344,1.7757285478669966,8.81235891855733,7.642527325471393,9.982190511643266,10,8.48742397803541,11.51257602196459,23.216336073945193,23.064320517780164,23.368351630110222,16.150908962991192,15.776032656348104,16.52578526963428,16.141307617165328,15.765669169782614,16.516946064548044
P3-D0.10,p3d_01,41,100,48.28,46.95707736103472,49.60292263896528,1.81,1.5476367265169775,2.0723632734830226,1.5477570775059,1.2941695636920736,1.8013445913197264,9.251141643036354,8.17340218419948,10.328881101873227,10.03,8.741137693133744,11.318862306866254,23.234932750901493,23.08023850476383,23.389626997039155,16.261561690673087,15.83600237814594,16.687121003200236,16.23994401451327,15.808214648064776,16.671673380961764
P3-D0.10,p3d_01,42,100,48.84,47.6216300712705,50.058369928729505,1.65,1.4230366469309115,1.8769633530690883,1.4888394038240114,1.2788755157722935,1.6988032918757292,9.076635077294304,8.079788757700527,10.07348139688808,9.79,8.476138264119811,11.103861735880187,23.243878213122038,23.08354545533254,23.404210970911535,16.373819936103573,15.971619874067509,16.77601999813964,16.382448532961707,15.979111197017389,16.785785868906025
P3-D0.10,p3d_01,43,100,47.37,46.195764994525874,48.54423500547412,1.56,1.2908831833383483,1.8291168166616518,1.5096761561839955,1.2950681411380676,1.7242841712299235,9.042362623157315,7.892464113672194,10.192261132642436,8.71,7.256212882075776,10.163787117924226,23.246184511681648,23.085558251007775,23.40681077235552,15.88884777138841,15.499088439013384,16.278607103763434,15.894075814054704,15.503618526557387,16.284533101552018
P3-D0.10,p3d_01,44,100,47.96,46.540891966584276,49.379108033415726,1.62,1.3650097058690076,1.8749902941309926,1.6276558474831087,1.2982195102932512,1.957092184672966,9.477767765147364,8.262605337298403,10.692930192996325,9.44,7.807422332381066,11.072577667618933,23.241755315515437,23.078714497903366,23.40479613312751,16.07090799789462,15.598331014107627,16.54348498168161,16.08253200253308,15.60995372677744,16.555110278288716
P3-D0.10,p3d_01,45,100,48.54,47.114752853471764,49.965247146528235,1.48,1.2781864206549005,1.6818135793450995,1.549615589871838,1.2625618298748458,1.8366693498688302,8.841898516633627,7.643918317969511,10.039878715297743,9.46,7.958387299795936,10.961612700204066,23.26642444923214,23.100063218198265,23.432785680266015,16.272815391741304,15.814599698971012,16.731031084511596,16.28156085075851,15.816397553770638,16.74672414774638
P3-D0.10,p3d_01,46,100,47.9,46.535089021291874,49.26491097870812,1.79,1.5124014700356216,2.0675985299643784,1.4252391801622475,1.181577734269288,1.668900626055207,8.977603834897236,7.784561384149985,10.170646285644487,10.58,9.079483382701852,12.080516617298148,23.280169969358454,23.116377135007088,23.44396280370982,16.090505499264736,15.650540462820876,16.530470535708595,16.08625438629817,15.640387629871155,16.532121142725185
P3-D0.10,p3d_01,47,100,48.26,47.01021771657636,49.50978228342363,1.98,1.6388305412321327,2.3211694587678675,1.6735282995464877,1.4098248691002224,1.937231729992753,9.7559298620524,8.485019876910195,11.026839847194603,10.97,9.529038765828922,12.41096123417108,23.281801045853978,23.115499101708608,23.44810298999935,16.161961082108732,15.764757440334412,16.55916472388305,16.177438520287613,15.772647806986049,16.582229233589178
P3-D0.10,p3d_01,48,100,48.38,47.06540454062165,49.694595459378355,1.74,1.5230990581259303,1.9569009418740697,1.7502187600511043,1.4258695668872192,2.074567953214989,10.343053226042866,8.880657238804401,11.80544921328133,10.41,9.15851895804058,11.661481041959421,23.294370715898097,23.13057295000943,23.458168481786764,16.162567224228923,15.73023376313973,16.594900685318116,16.19390221145868,15.759310444845788,16.628493978071575
P3-D0.10,p3d_01,49,100,49.75,48.335971997476996,51.164028002523004,1.9,1.5817570967726922,2.2182429032273077,1.4885497510548757,1.2927064388259195,1.684393063283832,9.381638884915883,8.407151772950819,10.356125996880948,10.12,8.496011118115383,11.743988881884615,23.302653050971575,23.135358203119544,23.469947898823605,16.656982509935336,16.198314534296053,17.11565048557462,16.67452571237963,16.21063511272321,17.13841631203605
P3-D0.10,p3d_01,50,100,48.15,46.933971641080284,49.36602835891971,1.47,1.241197616032763,1.698802383967237,1.7827117627936173,1.434738867686128,2.1306846579011065,10.319051311380026,8.942307360195171,11.69579526256488,8.49,7.313506803756146,9.666493196243854,23.31089901751783,23.141457272617757,23.480340762417903,16.211157857073076,15.821683372736011,16.60063234141014,16.192235842427834,15.79654636989763,16.58792531495804
P3-D0.10,p3d_01,51,100,48.5,47.11225199504646,49.88774800495354,1.74,1.5075548540868493,1.9724451459131507,1.3526189952577712,1.1373007922370892,1.5679371982784531,7.95902558522408,6.888930731513077,9.029120438935085,10.95,9.720642296304137,12.179357703695862,23.289480066921712,23.11364336594864,23.465316767894784,16.322364081285187,15.859419409737804,16.78530875283257,16.30595698515812,15.843250761449436,16.7686632088668
P3-D0.10,p3d_01,52,100,47.4,46.24968796503828,48.55031203496172,1.8,1.529904468827054,2.070095531172946,1.323164321268013,1.159147904409157,1.4871807381268691,8.58906983437966,7.688703942345685,9.489435726413635,10.52,9.173700922656275,11.866299077343724,23.29481059549734,23.114039962257227,23.47558122873745,15.89894884372894,15.50856537466824,16.28933231278964,15.90416665735459,15.51687368217103,16.29145963253815
P3-D0.10,p3d_01,53,100,47.53,46.01833369563334,49.041666304366665,1.63,1.3925423172202862,1.8674576827797136,1.506793348615443,1.2393237007994409,1.7742629964314451,9.107128820617218,7.994625892119512,10.219631749114924,9.51,8.127857088182676,10.892142911817324,23.293468750620217,23.115742831831614,23.47119466940882,15.969251396195196,15.481868189033,16.45663460335739,15.963823050779247,15.469328223830793,16.4583178777277
P3-D0.10,p3d_01,54,100,46.71,45.455360281743694,47.96463971825631,1.5,1.2516083249333338,1.7483916750666662,1.4763550005557269,1.249451645831246,1.7032583552802079,9.025191305411354,7.946780411372418,10.10360219945029,9.31,7.975798864829254,10.644201135170746,23.31753181999649,23.134938858707166,23.500124781285813,15.746237289980357,15.33921979271163,16.153254787249082,15.719931845711438,15.308696768152569,16.131166923270307
P3-D0.10,p3d_01,55,100,48.67,47.363317000102086,49.97668299989792,1.79,1.5252808723086742,2.054719127691326,1.3419339170903544,1.155277739019494,1.5285900951612148,8.34094087283058,7.34774697001314,9.33413477564802,10.53,9.26085824529513,11.799141754704868,23.337376736224773,23.151251209958982,23.523502262490563,16.33316578664703,15.894539842064246,16.77179173122981,16.335234827709435,15.897709932741245,16.772759722677623
P3-D0.10,p3d_01,56,100,48.94,47.606926350136796,50.2730736498632,1.76,1.4798620137983225,2.0401379862016773,1.5600955449983287,1.3593341729098258,1.7608569170868316,9.611416093153894,8.602173836369722,10.620658349938065,9.92,8.261164806378899,11.578835193621101,23.370602498825956,23.183860657529987,23.557344340121926,16.463872436558972,16.03644445317218,16.891300419945765,16.449946779235617,16.01591940875341,16.883974149717826
P3-D0.10,p3d_01,57,100,46.8,45.45095978749723,48.14904021250276,1.68,1.448793499095276,1.9112065009047239,1.388979488394762,1.164186570253096,1.6137724065364278,8.747388452334999,7.59822825086289,9.896548653807107,9.38,8.21102285511969,10.548977144880311,23.368612551627123,23.178664924278156,23.55856017897609,15.716840294974565,15.283153770878533,16.1505268190706,15.714345571986996,15.274442801438147,16.154248342535844
P3-D0.10,p3d_01,58,100,49.4,47.963206713025514,50.83679328697448,1.53,1.2896188514761264,1.7703811485238736,1.5572612108303312,1.359453889181368,1.7550685324792945,9.582099286839547,8.638103361892504,10.52609521178659,9.74,8.242994167335912,11.237005832664089,23.3587802054336,23.16664968285843,23.55091072800877,16.53582612981837,16.072667243859556,16.998985015777187,16.554827947123044,16.08504006559078,17.02461582865531
P3-D0.10,p3d_01,59,100,48.91,47.479948722258634,50.34005127774136,1.59,1.3345307933320427,1.8454692066679574,1.6568248938526644,1.3501492239291513,1.9635005637761775,9.050892919074867,7.787708937698216,10.314076900451518,8.89,7.580101844347502,10.1998981556525,23.393769787735113,23.199485091255738,23.58805448421449,16.404019586535693,15.928060117324879,16.879979055746507,16.409968926228615,15.933617284314725,16.886320568142505
P3-D0.10,p3d_01,60,100,47.75,46.374645514932254,49.125354485067746,1.72,1.4600363164446295,1.9799636835553704,1.5204495310899246,1.3122876291744896,1.7286114330053597,9.38665360029394,8.308111899864597,10.465195300723282,9.81,8.283202684431139,11.336797315568862,23.37962021994601,23.181345548203304,23.577894891688715,16.030054897030695,15.584390577047284,16.475719217014106,16.02983959041339,15.579023528198674,16.4806556526281
P3-D0.10,p3d_01,61,100,47.9,46.60092813240694,49.199071867593055,1.73,1.4420275798839848,2.017972420116015,1.530003636468049,1.3004864505707892,1.7595208223653087,9.249288921541739,8.181241399924996,10.317336443158482,9.17,7.5950723994193545,10.744927600580645,23.373379044753868,23.171458765296077,23.57529932421166,16.1104061293454,15.688771775569604,16.532040483121193,16.09820902261349,15.672126859097142,16.524291186129833
P3-D0.10,p3d_01,62,100,47.18,45.92440650211974,48.43559349788026,1.92,1.6682257352229173,2.1717742647770826,1.4697310588502714,1.2150205315158873,1.7244415861846556,9.1863902639761,7.9449734103580365,10.427807117594165,10.07,8.85784536040032,11.28215463959968,23.389575750932032,23.18775159650951,23.591399905354553,15.91774406838112,15.515525299487472,16.31996283727477,15.885956659418712,15.477573064669677,16.294340254167746
P3-D0.10,p3d_01,63,100,48.3,46.91954122689505,49.680458773104945,1.73,1.4795004715825322,1.9804995284174678,1.627781044160696,1.3823282972818987,1.8732337910394932,9.727585517941007,8.606991129671455,10.848179906210559,10.15,8.695124268557828,11.604875731442172,23.40095138317131,23.194300361207265,23.607602405135356,16.23181312461529,15.774358835927986,16.68926741330259,16.22476037765232,15.765934868638842,16.683585886665796
P3-D0.10,p3d_01,64,100,47.9,46.66524871027613,49.134751289723866,1.88,1.6052325692333587,2.154767430766641,1.4027647994647747,1.219331507075123,1.5861980918544265,8.981211618347988,8.028107561093853,9.934315675602123,9.88,8.449898523908464,11.310101476091537,23.423886739068443,23.215166530685615,23.632606947451272,16.100456620496228,15.700562845185884,16.50035039580657,16.0922344568232,15.687784119381936,16.496684794264464
P3-D0.10,p3d_01,65,100,48.77,47.47501038824806,50.06498961175195,1.62,1.3839765257351713,1.856023474264829,1.6656852989733082,1.4186361238072176,1.9127344741393988,9.7899649120709,8.639029856346545,10.940899967795255,9.57,8.258514974804084,10.881485025195916,23.42797795159152,23.217541932482522,23.638413970700515,16.313768913945747,15.892171480143194,16.7353663477483,16.336995079099918,15.911746576043134,16.7622435821567
P3-D0.10,p3d_01,66,100,46.88,45.64626106194515,48.11373893805486,1.75,1.4881104404254697,2.0118895595745303,1.4087748418048025,1.1881092670521998,1.6294404165574052,8.840985121986122,7.845623007775154,9.83634723619709,9.83,8.494240866689573,11.165759133310427,23.439950554361744,23.224350057315547,23.65555105140794,15.72719209095269,15.318214419573906,16.136169762331473,15.731290186795547,15.32169799419839,16.140882379392703
P3-D0.10,p3d_01,67,100,49.17,47.75688337224546,50.58311662775454,1.72,1.4399174263171517,2.0000825736828483,1.447949577966793,1.2491386902058932,1.6467604657276929,9.130209725389358,8.045145966854388,10.215273483924328,10.1,8.652310039330857,11.547689960669143,23.439124419525015,23.221111727315154,23.657137111734876,16.474973400433026,16.006040364637723,16.94390643622833,16.487443698407475,16.01736748206603,16.957519914748918
P3-D0.10,p3d_01,68,100,48.23,46.73838639552647,49.721613604473525,1.66,1.404340997309765,1.915659002690235,1.6668049588307587,1.3386701626983797,1.9949397549631378,9.718802587418649,8.573372884845465,10.864232289991833,9.23,7.836850485664612,10.623149514335388,23.473492894067846,23.25535935551477,23.69162643262092,16.20161051795981,15.723039655760191,16.68018138015943,16.19723071183042,15.710821615655322,16.683639808005523
P3-D0.10,p3d_01,69,100,47.38,46.18184360070494,48.57815639929507,1.83,1.5745915578465892,2.085408442153411,1.3652852440935843,1.144533666715409,1.5860368214717597,8.577384747736652,7.497356970895867,9.657412524577436,9.25,8.018749883864027,10.481250116135973,23.462994490041865,23.240732722101665,23.685256257982065,15.948597370464945,15.567407167970558,16.329787572959333,15.931302595309885,15.543176191758548,16.319428998861223
P3-D0.10,p3d_01,70,100,48.81,47.57801893035664,50.04198106964336,1.91,1.6326811804497074,2.1873188195502924,1.63020909428332,1.3808388939559262,1.879579294610714,9.663049521445936,8.580324189613538,10.745774853278334,10.4,9.088590426027372,11.71140957397263,23.46889785896428,23.243032061353873,23.694763656574686,16.393567276989963,15.997594378466355,16.789540175513572,16.390281909119803,15.988856585622184,16.791707232617423
P3-D0.10,p3d_01,71,100,48.17,46.92818066929967,49.41181933070033,1.54,1.3045691368721355,1.7754308631278646,1.6353874354359446,1.3952085272253432,1.875566343646546,9.66068494571482,8.626453546905589,10.694916344524051,9.2,7.625332358299636,10.774667641700361,23.489982016736366,23.260661794028113,23.71930223944462,16.141610914237948,15.736675574878957,16.54654625359694,16.15315254982105,15.744666622215753,16.56163847742635
P3-D0.10,p3d_01,72,100,48.27,47.097683242722375,49.44231675727763,1.68,1.3674411221526221,1.9925588778473777,1.6407852110983925,1.4111050846837763,1.8704653375130087,9.66877336270867,8.64525798603512,10.69228873938222,9.08,7.559828858119567,10.600171141880432,23.484367980116986,23.254347543686574,23.714388416547397,16.211761873214865,15.839954579664928,16.583569166764804,16.208693032173695,15.829793274990335,16.587592789357057
P3-D0.10,p3d_01,73,100,47.46,46.13844494169891,48.781555058301095,1.52,1.2732069251008413,1.7667930748991587,1.5040710676892042,1.2341225396719648,1.7740195957064435,8.854537542483959,7.6871635085146774,10.02191157645324,9.51,8.108895962593653,10.911104037406346,23.493871325262706,23.262942381316673,23.72480026920874,15.94900003350597,15.514597543442862,16.383402523569075,15.942274064243831,15.505997213977725,16.378550914509937
P3-D0.10,p3d_01,74,100,46.85,45.48455606804485,48.21544393195515,1.65,1.392593902578243,1.9074060974217568,1.509516260598592,1.2239464587814037,1.79508606241578,8.508963019114818,7.29351394564347,9.724412092586165,9.47,8.151962836164122,10.78803716383588,23.49916561286981,23.267080393969202,23.731250831770417,15.82653776602785,15.37970252320947,16.273373008846228,15.786928327639854,15.336791841339187,16.23706481394052
P3-D0.10,p3d_01,75,100,47.83,46.430958012629986,49.22904198737001,1.69,1.4591041985849218,1.920895801415078,1.5298964330880143,1.2707527550405793,1.7890401111354493,9.020265088346713,7.837040839407443,10.203489337285983,10.1,8.595526777650171,11.604473222349828,23.52022561085944,23.286482823712614,23.75396839800627,16.08020593109179,15.644134255124213,16.51627760705937,16.07068721377219,15.622383089358973,16.518991338185405
P3-D0.10,p3d_01,76,100,47.41,46.12124608362585,48.698753916374145,1.66,1.4058633343091067,1.9141366656908931,1.5048737512568406,1.244372021269357,1.7653754812443243,9.323583603280422,8.138713229652843,10.508453976908001,9.55,8.135971997476998,10.964028002523003,23.548633344897777,23.310882671954396,23.786384017841158,15.938797620453245,15.521678303786315,16.355916937120178,15.929438265427533,15.507498887321864,16.351377643533205
P3-D0.10,p3d_01,77,100,48.35,47.074477987630004,49.62552201237,1.72,1.4441050822204844,1.9958949177795156,1.553981680106286,1.3366217512244833,1.7713416089880887,9.504782561845277,8.488533516498247,10.521031607192306,8.56,7.303807089382023,9.816192910617978,23.561820989032256,23.32350508968994,23.80013688837457,16.261912937088827,15.84213036719287,16.681695506984784,16.24954053849734,15.827663443397512,16.671417633597166
P3-D0.10,p3d_01,78,100,48.95,47.723802807230605,50.1761971927694,1.76,1.4610979715253465,2.0589020284746535,1.356714884758648,1.1710251964336047,1.5424045730836915,8.91693545961287,7.966233464601449,9.86763745462429,10.97,9.362781892193656,12.577218107806345,23.58349313180507,23.342755544042692,23.82423071956745,16.444020197141683,16.04392599096591,16.844114403317455,16.43935708844794,16.036095108466906,16.842619068428977
P3-D0.10,p3d_01,79,100,47.78,46.46163166900838,49.09836833099162,2.02,1.7400560056011203,2.29994399439888,1.5470438888906493,1.2361338601666638,1.8579539176146347,9.397077162264322,7.881827122019559,10.912327202509086,9.92,8.57364327839232,11.26635672160768,23.585778355579745,23.343046783734522,23.828509927424967,16.020256208241662,15.595182099677926,16.4453303168054,16.027978832997263,15.597497507156234,16.458460158838292
P3-D0.10,p3d_01,80,100,48.73,47.39081733293864,50.069182667061355,1.69,1.439748444943731,1.940251555056269,1.6579122635178374,1.398355854695604,1.9174686723400707,9.791880199679726,8.549228193381225,11.034532205978227,9.97,8.33027531702435,11.609724682975651,23.57713714375125,23.330619107497217,23.823655180005286,16.313567433838983,15.891720395090502,16.735414472587465,16.331509083444498,15.899731754797537,16.763286412091457
P3-D0.10,p3d_01,81,100,48.61,47.47193261174831,49.74806738825169,1.81,1.5346471090664662,2.085352890933534,1.439681818266408,1.2351252652090936,1.6442383713237223,9.48309377060119,8.436234107332048,10.529953433870332,10.62,8.992788587984357,12.247211412015641,23.59392177125675,23.34395821744827,23.843885325065227,16.293066293664477,15.924270147219449,16.661862440109505,16.303108712865292,15.930200497583083,16.6760169281475
P3-D0.10,p3d_01,82,100,47.63,46.233011995597515,49.02698800440249,1.74,1.4748048966736325,2.0051951033263675,1.6555138183730487,1.3924800923123755,1.9185475444337219,10.167381043137503,8.803496287352218,11.531265798922789,9.9,8.394753203228149,11.405246796771852,23.593107725226417,23.338332579850228,23.847882870602607,16.01950186894756,15.569924840150343,16.46907889774478,16.007409805799963,15.551347591484806,16.46347202011512
P3-D0.10,p3d_01,83,100,46.96,45.708573220582835,48.21142677941717,1.54,1.3045691368721353,1.7754308631278648,1.3211076055657398,1.1361303826713292,1.5060848284601505,8.605279803724551,7.617310440836686,9.593249166612416,8.43,7.248648573228375,9.611351426771625,23.593523747606536,23.335912437197,23.851135058016073,15.747494901174957,15.331961417419215,16.163028384930698,15.75421475900572,15.33835937654817,16.17007014146327
P3-D0.10,p3d_01,84,100,48.42,47.03963118030585,49.80036881969416,1.6,1.3118322598474172,1.888167740152583,1.3929301778094725,1.2061413102034872,1.5797190454154577,8.808101076779202,7.803945500617133,9.81225665294127,8.95,7.6129864879840845,10.287013512015914,23.610353635469686,23.348136224135512,23.87257104680386,16.272214595966688,15.814221421574482,16.73020777035889,16.265114185157362,15.806068130302085,16.72416024001264
P3-D0.10,p3d_01,85,100,47.87,46.5795730682202,49.160426931779796,1.86,1.592764231511581,2.1272357684884193,1.523551957904431,1.3222167296026766,1.7248871862061854,9.205732796448428,8.202492204056112,10.208973388840745,10,8.697795497759063,11.302204502240937,23.64350394139919,23.376056858822007,23.91095102397637,16.02070694530839,15.601295089259034,16.440118801357745,16.040313833242937,15.616640758452636,16.463986908033238
P3-D0.10,p3d_01,86,100,48.2,46.934365460380135,49.46563453961987,1.74,1.4496589981181829,2.0303410018818173,1.603145836059898,1.3336510559612182,1.8726406161585778,9.35045474475315,8.189876129209804,10.511033360296498,8.42,7.119530940255196,9.720469059744804,23.64517106564119,23.376359795059788,23.913982336222592,16.171610262072925,15.757499290631682,16.585721233514167,16.175190015740743,15.758110489370026,16.59226954211146
P3-D0.10,p3d_01,87,100,47.69,46.49511423884029,48.88488576115971,1.73,1.4955022267556348,1.9644977732443651,1.3901913299144804,1.1667768758565655,1.6136057839723952,8.687629767098551,7.6181974330264275,9.757062101170675,9.84,8.508120341529887,11.171879658470113,23.661928648922693,23.391773600662056,23.93208369718333,15.99990647287254,15.61019360971196,16.38961933603312,16.003693723210503,15.610726107172033,16.396661339248976
P3-D0.10,p3d_01,88,100,47.05,45.786091248019325,48.31390875198067,1.86,1.5664689261540934,2.153531073845907,1.517511562949506,1.2163921926671013,1.8186309332319106,9.234745721889631,8.072047288592152,10.39744415518711,10.41,9.150483069032441,11.669516930967559,23.669632033198308,23.400185543781475,23.93907852261514,15.837491910422173,15.4344836735713,16.240500147273046,15.820324887835252,15.410172254966099,16.230477520704405
P3-D0.10,p3d_01,89,100,47.74,46.33416113744329,49.145838862556715,1.95,1.6793662506954719,2.220633749304528,1.6765223401227143,1.3996357398479544,1.9534089403974741,9.930265088346713,8.77734616661093,11.083184010082498,10.7,9.3623698930458,12.037630106954198,23.68763764482597,23.41353076275516,23.96174452689678,15.9504053473703,15.490253378397256,16.410557316343343,15.980660438925536,15.517024954213507,16.444295923637565
P3-D0.10,p3d_01,90,100,47.56,46.14708521692127,48.972914783078735,1.77,1.5210543574808089,2.018945642519191,1.5790981501369012,1.3255169485097382,1.8326793517640643,9.148999859070608,8.077915031060057,10.22008468708116,10.77,9.39874828486429,12.14125171513571,23.715388130200637,23.440002958869812,23.990773301531462,15.929600116889567,15.46557535952446,16.393624874254673,15.94402483268101,15.477305668295275,16.410743997066742
P3-D0.10,p3d_01,91,100,47.51,46.19342390860063,48.82657609139937,1.67,1.445304790950726,1.894695209049274,1.419802311234906,1.2397720043790084,1.5998326180908038,8.505695956492854,7.625053627264584,9.386338285721125,9.75,8.547448722192032,10.952551277807968,23.73636380935841,23.462583188599954,24.010144430116863,15.959199047675462,15.5323020778862,16.386096017464723,15.955098890557327,15.523474141727956,16.386723639386698
P3-D0.10,p3d_01,92,100,47.05,45.895184924507014,48.20481507549298,1.94,1.6467334401069307,2.233266559893069,1.4426873148970336,1.2286524279988091,1.656722201795258,8.591408683956688,7.570513492344476,9.6123038755689,9.68,8.497458463112332,10.862541536887667,23.758587802345037,23.478866317043646,24.038309287646427,15.817593333408897,15.440825244553684,16.194361422264112,15.808376808126818,15.42888117244765,16.187872443805986
P3-D0.10,p3d_01,93,100,47.85,46.54203473619781,49.15796526380219,1.85,1.5851636297063734,2.114836370293627,1.6639694013328548,1.445351153821064,1.8825876488446456,9.95876965810843,8.960923959086886,10.956615357129975,10.25,8.425897630464382,12.074102369535618,23.7790358594845,23.49537504780007,24.062696671168933,16.07035535181511,15.640680930336703,16.500029773293516,16.067449649057398,15.63529053622123,16.499608761893565
P3-D0.10,p3d_01,94,100,48.05,46.654479388264804,49.44552061173519,1.7,1.4531754804839205,1.9468245195160794,1.5989922250684976,1.2986098669658332,1.899374583171162,9.656661009495947,8.067784435655865,11.245537583336029,9.9,8.622008583516282,11.177991416483719,23.807980259479983,23.52093873055001,24.095021788409955,16.18080855820452,15.718440397744619,16.643176718664424,16.160605822589577,15.697070897757607,16.62414074742155
P3-D0.10,p3d_01,95,100,47.02,45.68107089618214,48.358929103817864,1.73,1.4212194830032703,2.03878051699673,1.384020512493839,1.15537667976626,1.612664345221418,8.575012762807237,7.489921408929689,9.660104116684785,9.06,7.642560929854212,10.477439070145788,23.821758938371072,23.530076710584375,24.11344116615777,15.76769327378345,15.315040110556671,16.220346437010228,15.77438410005303,15.324011016427454,16.22475718367861
P3-D0.10,p3d_01,96,100,47.76,46.5013999606746,49.0186000393254,1.89,1.6473054328393546,2.1326945671606454,1.6013347329034149,1.3928831548541785,1.8097863109526513,9.761876495079777,8.735605739498276,10.788147250661279,10.54,9.222267583453998,11.857732416546,23.828910424878796,23.532779465513514,24.125041384244078,16.059954278428155,15.649661565840116,16.470246991016193,16.049136909370713,15.635335798082448,16.462938020658978
P3-D0.10,p3d_01,97,100,48.48,47.0777927379818,49.88220726201819,1.66,1.4120461300641556,1.9079538699358443,1.540346277918475,1.3326135991661934,1.7480789566707564,9.12355417252489,8.143284741915856,10.103823603133925,9.03,7.878186118429814,10.181813881570186,23.860848828451793,23.566211666374393,24.155485990529193,16.252614804210896,15.79690063139644,16.708328977025353,16.261384408806986,15.800742933582612,16.72202588403136
P3-D0.10,p3d_01,98,100,47.34,46.11670341463831,48.5632965853617,1.73,1.4366871329453854,2.0233128670546145,1.4507675424573643,1.2462371899955471,1.6552978949191814,9.160684945715039,8.20192149754763,10.119448393882447,9.57,7.885727678152547,11.254272321847454,23.87525157174609,23.576772346563367,24.173730796928815,15.868800985107212,15.465600159151855,16.27200181106257,15.878022679587325,15.47331261288241,16.28273274629224
P3-D0.10,p3d_01,99,100,48.79,47.386184443897434,50.193815556102564,1.74,1.4792315195349706,2.0007684804650294,1.572822672795064,1.218123546299519,1.927521799290609,9.082172966753205,7.746392110045585,10.417953823460826,9.39,8.044734615044455,10.735265384955547,23.87809468349345,23.579466737969437,24.176722629017465,16.39346756482701,15.936242007077603,16.850693122576416,16.387542023872687,15.925787854397031,16.84929619334834
P3-D0.10,p3d_01,100,100,47.73,46.60084623015304,48.859153769846955,1.89,1.5966342194254393,2.1833657805745608,1.4139753201057468,1.2076790564759727,1.6202715837355208,8.629526531705633,7.613150531885582,9.645902531525683,9.75,8.22557323242572,11.27442676757428,23.903966624387007,23.60127745986201,24.206655788912002,16.06975209557892,15.69530915144757,16.44419503971027,16.050995373450917,15.676194604884934,16.4257961420169
P3-D0.10,p3d_01,101,100,46.62,45.23525275266932,48.00474724733068,1.56,1.315037619049765,1.804962380950235,1.534301910609079,1.2157826621872716,1.8528211590308863,9.201174778394634,7.980278222287512,10.422071334501755,8.81,7.453302918068587,10.166697081931414,23.898358570497404,23.59465489688742,24.20206224410739,15.656237800466329,15.201144906024593,16.111330694908062,15.653813815030988,15.196265477701585,16.11136215236039
P3-D0.10,p3d_01,102,100,48.2,47.08462672824138,49.315373271758624,1.75,1.4765136422437348,2.023486357756265,1.550814606045758,1.319891128752129,1.7817380833393868,9.429979524430019,8.436531790435282,10.423427258424756,9.24,8.044651558174882,10.435348441825118,23.91217344476265,23.606991320935574,24.217355568589728,16.14176021034961,15.782383443057471,16.50113697764175,16.157261063818968,15.79320464721598,16.521317480421956
P3-D0.10,p3d_01,103,100,48.46,46.996337134363785,49.92366286563622,1.79,1.5027831664143805,2.0772168335856196,1.5607959716623265,1.3092499375133304,1.8123420058113227,8.996924345813895,7.847121583015684,10.146727108612104,9.56,8.19969672781279,10.92030327218721,23.950799176734673,23.64620453743338,24.255393816035966,16.31221302502838,15.833421801983656,16.791004248073108,16.294495584688562,15.811856840417029,16.777134328960095
P3-D0.10,p3d_01,104,100,47.57,46.22261330320243,48.91738669679757,1.58,1.2915899776184938,1.8684100223815063,1.6612534012080276,1.3140567401943282,2.008450062221727,9.765940975854683,8.41311554830868,11.118766403400686,8.77,7.186276337235563,10.353723662764436,23.960293564113705,23.65518883183268,24.26539829639473,15.999300050150742,15.561689042628016,16.43691105767347,15.987229383609995,15.545321745325388,16.4291370218946
P3-D0.10,p3d_01,105,100,48.76,47.19643110956008,50.323568890439915,1.76,1.4521445334530696,2.0678554665469306,1.767371148658524,1.4403084705813907,2.0944338267356573,9.838754839709363,8.586573366969004,11.090936312449722,9.35,7.891927174782973,10.808072825217026,23.959560782612016,23.650409253493823,24.26871231173021,16.3634689551799,15.857522184102654,16.86941572625715,16.365506443007497,15.852985361938432,16.87802752407656
P3-D0.10,p3d_01,106,100,48.03,46.546839143292715,49.51316085670729,1.86,1.5327162192663484,2.187283780733652,1.5086670861822515,1.2200931622697841,1.797241010094719,8.889252081588493,7.734809419964568,10.043694743212418,10.5,8.30087572985164,12.69912427014836,23.97760277960296,23.668138552569296,24.287067006636626,16.17075671651149,15.690125256013204,16.65138817700978,16.151883176207946,15.665236346243857,16.638530006172036
P3-D0.10,p3d_01,107,100,48.11,46.70050172749236,49.51949827250764,1.8,1.4739278136561313,2.1260721863438685,1.7459110485198932,1.176585437949376,2.3152366590904103,9.61304581684555,7.522265991714265,11.703825641976836,10.19,7.763822713681775,12.616177286318223,23.973794642292162,23.66870984359299,24.278879440991336,16.141310183718033,15.694305693123612,16.588314674312453,16.14492778245874,15.688551428751152,16.60130413616633
P3-D0.10,p3d_01,108,100,48.38,46.84785323592462,49.91214676407539,1.88,1.6212332090062325,2.1387667909937673,1.679783738376445,1.2770517034847524,2.0825157732681374,9.689040403625622,7.619154654382871,11.758926152868373,10.29,9.03319715616059,11.546802843839409,23.981549239301465,23.67312170565455,24.28997677294838,16.272012129026635,15.788398046578196,16.755626211475075,16.259624889491878,15.764855420492092,16.754394358491663
P3-D0.10,p3d_01,109,100,48.79,47.59882215391231,49.98117784608769,1.7,1.429187082354559,1.970812917645441,1.4729961971391072,1.2753344644497884,1.670657929828426,9.331638884918066,8.351018560952685,10.312259208883447,9.53,8.22408933991593,10.83591066008407,23.991070628278393,23.67862431679744,24.303516939759348,16.403418284542443,16.019387168877827,16.78744940020706,16.393520546762822,16.004704149470584,16.78233694405506
P3-D0.10,p3d_01,110,100,47.83,46.51473318081213,49.14526681918787,1.76,1.4689915159694176,2.0510084840305822,1.559007589827247,1.3230454018834026,1.7949697777710916,9.186858075102137,8.141741781645331,10.231974368558943,9.9,8.576660911393326,11.223339088606675,23.9927499005368,23.6798474126123,24.3056523884613,16.060306064102402,15.627514075810025,16.493098052394778,16.05873477822998,15.623705444203658,16.4937641122563
P3-D0.10,p3d_01,111,100,48.73,47.47179003470499,49.988209965295006,1.72,1.4399174263171517,2.0000825736828483,1.6243732729666858,1.3011552750805326,1.947591270852839,9.859456556394216,8.498096029096589,11.220817083691843,10.02,8.473685204080098,11.5663147959199,23.986544803464245,23.671029835184516,24.302059771743973,16.363316761790873,15.949695777922459,16.77693774565929,16.361388333260507,15.945384657395124,16.77739200912589
P3-D0.10,p3d_01,112,100,48.5,47.07065304167507,49.92934695832493,1.8,1.5571376080696284,2.0428623919303717,1.558890089577788,1.231845131016844,1.885935048138732,9.329032994426525,8.00471936762058,10.653346621232469,10.61,9.311407643840937,11.908592356159062,24.0009264396181,23.685744356691682,24.31610852254452,16.242763794755227,15.78133169875931,16.704195890751144,16.25814541223643,15.790741148897714,16.725549675575145
P3-D0.10,p3d_01,113,100,48.79,47.439437582772165,50.140562417227834,1.78,1.523795170327578,2.036204829672422,1.5332837879771495,1.3290916328302609,1.737475943124038,9.080706967271325,8.189101914903521,9.97231201963913,10.49,8.900006493120431,12.07999350687957,23.99712743391065,23.686890219752293,24.307364648069004,16.393467461083752,15.942539639429883,16.844395282737622,16.387541417848496,15.936999742139847,16.838083093557145
P3-D0.10,p3d_01,114,100,47.9,46.627790691256926,49.17220930874307,1.82,1.53538216017355,2.1046178398264503,1.5319429549612875,1.305173108129301,1.758712801793274,9.02098141738883,7.965765531204808,10.076197303572853,10.2,8.786623900018116,11.613376099981883,24.00056160622535,23.687842011588124,24.313281200862576,16.10045728345817,15.687904403311789,16.51301016360455,16.092236348977146,15.675367762608914,16.509104935345377
P3-D0.10,p3d_01,115,100,48.36,47.099736180256876,49.62026381974312,1.69,1.4428691051448255,1.9371308948551744,1.5829447252085658,1.3605543765989003,1.8053350738182312,9.981152550795741,8.982075609439692,10.980229492151791,9.56,8.231153814678906,10.888846185321094,23.994953558560315,23.68351461265208,24.30639250446855,16.2420622953808,15.839271140742177,16.644853450019426,16.238955876031284,15.829506150192035,16.648405601870532
P3-D0.10,p3d_01,116,100,47.76,46.40891332983297,49.111086670167026,1.72,1.469152173780214,1.970847826219786,1.621660280861866,1.3686804250498734,1.8746401366738588,9.326920641213656,8.231014229457156,10.422827052970156,9.48,8.072544586493022,10.887455413506979,24.006926121552823,23.694079623692136,24.31977261941351,15.970407521390056,15.52658303598006,16.414232006800052,15.995360647836305,15.548895787580676,16.441825508091934
P3-D0.10,p3d_01,117,100,47.76,46.45567555377885,49.06432444622114,1.62,1.3650097058690076,1.8749902941309926,1.342455463521877,1.135218754777722,1.5496921722660322,8.486679326452359,7.555070014512436,9.418288638392282,9.06,7.7776679299893585,10.342332070010642,24.010402383829973,23.698411429169795,24.32239333849015,16.089803670911166,15.669172896927154,16.51043444489518,16.067064055710436,15.64075922815642,16.493368883264452
P3-D0.10,p3d_01,118,100,47.74,46.51784589971294,48.962154100287066,1.64,1.3854056774181536,1.8945943225818462,1.3239091577162103,1.148501600121293,1.4993167153111275,8.398346096140594,7.446420785320585,9.350271406960603,10.07,8.598184985822066,11.541815014177935,24.03017793254657,23.718171168481526,24.342184696611618,16.049902984058125,15.649033325014285,16.450772643101967,16.040415649666354,15.637203371192545,16.443627928140163
P3-D0.10,p3d_01,119,100,47.27,45.84845088283055,48.69154911716946,1.89,1.6129611732714138,2.167038826728586,1.3689216109083393,1.1499035482139373,1.5879396736027414,8.215933566654785,7.127203660455365,9.304663472854205,9.56,8.303189437384047,10.816810562615954,24.042789712291903,23.72629273823856,24.359286686345246,15.93809488447457,15.476776062468668,16.39941370648047,15.910244444418788,15.443797183659916,16.376691705177663
P3-D0.10,p3d_01,120,100,47.72,46.306601936302215,49.13339806369778,1.7,1.4335203686219264,1.9664796313780735,1.5440571846879652,1.2765177909438503,1.81159657843208,9.225231849969278,8.11741884081349,10.333044859125065,9.5,8.230538776496187,10.769461223503813,24.057795533248406,23.740041091755717,24.375549974741094,16.019955943959634,15.561699868099174,16.478212019820095,16.0197556946133,15.556261896524859,16.483249492701738
P3-D0.10,p3d_01,121,100,48.69,47.35841900666231,50.021580993337686,1.72,1.4615332981608735,1.9784667018391264,1.6418092357557752,1.356290883849354,1.9273275876621965,9.55760753949944,8.364581124543765,10.750633954455115,9.68,8.356256318258895,11.003743681741105,24.07950984017993,23.764978529779565,24.394041150580296,16.32331831540114,15.891138734673914,16.755497896128364,16.33200700922741,15.895006988050763,16.769007030404058
P3-D0.10,p3d_01,122,100,48.89,47.62102947698426,50.15897052301574,1.58,1.327456299211244,1.8325437007887562,1.4047471111770715,1.1667186327098096,1.6427755896443335,8.513791782686384,7.383891695419371,9.643691869953397,9.18,7.952852218197075,10.407147781802925,24.096312483542366,23.777854635786554,24.41477033129818,16.393967913149353,15.978565508398177,16.80937031790053,16.40124633832405,15.983012896764595,16.819479779883505
P3-D0.10,p3d_01,123,100,47.97,46.50235652858335,49.43764347141665,1.81,1.5318428930233559,2.0881571069766443,1.4714612120256738,1.2395158370124995,1.7034065870388482,9.077373633937459,8.074725513463875,10.080021754411042,9.92,8.404174506459043,11.435825493540957,24.09491338461829,23.77699748504467,24.41282928419191,16.1207067142834,15.645535821963291,16.595877606603512,16.113779527504654,15.632734260402527,16.594824794606783
P3-D0.10,p3d_01,124,100,48.7,47.360051139223984,50.03994886077602,1.69,1.469418073581206,1.910581926418794,1.6696351047966385,1.4487213822603602,1.8905488273329167,10.06830555158478,9.093801036069593,11.042810067099968,10.22,8.868781221461623,11.571218778538379,24.089275309829326,23.767899851772054,24.410650767886597,16.323366842386733,15.871733477121353,16.775000207652113,16.333372660481313,15.883656681262986,16.783088639699642
P3-D0.10,p3d_01,125,100,49.01,47.69637456009575,50.32362543990425,1.77,1.471442197870963,2.0685578021290367,1.471940918521249,1.2710245054913696,1.6728573315511286,8.998115895178707,7.978842767599464,10.01738902275795,9.33,7.993659989434432,10.666340010565568,24.100032906972324,23.778472941086594,24.421592872858053,16.454271585776503,16.026199213306402,16.882343958246604,16.45355996469501,16.02150214301985,16.885617786370172
P3-D0.10,p3d_01,126,100,46.68,45.411645796532156,47.948354203467844,1.81,1.5644443069610514,2.055555693038949,1.4161060595042805,1.245575835408223,1.586636283600338,9.248802793464492,8.225687267930944,10.27191831899804,9.38,8.153041960823847,10.606958039176154,24.09863089642912,23.776363517339053,24.42089827551919,15.69633926618486,15.290860388890072,16.101818143479647,15.685945799855965,15.273775186604189,16.098116413107743
P3-D0.10,p3d_01,127,100,47.99,46.61941628655687,49.360583713443134,1.85,1.5573228413560103,2.14267715864399,1.5627845994941851,1.3021754985711667,1.8233937004172036,9.237114002220405,8.203269018335877,10.270958986104933,9.91,8.529936222232077,11.290063777767923,24.08937460128254,23.763215131406835,24.415534071158245,16.170557243594597,15.728584465961488,16.612530021227705,16.14640338988607,15.698611307570502,16.59419547220164
P3-D0.10,p3d_01,128,100,48.38,47.02127798845884,49.738722011541164,1.6,1.3492759575658022,1.850724042434198,1.64442195632454,1.3877903938604415,1.9010535187886384,9.6478488542611,8.495988040180585,10.799709668341617,9.83,8.359028899884931,11.300971100115069,24.125594245311444,23.800144843538504,24.451043647084383,16.28196160119174,15.833211920656654,16.730711281726823,16.2655996991304,15.815062250233922,16.71613714802688
P3-D0.10,p3d_01,129,100,48.44,47.030935397886495,49.8490646021135,1.82,1.5207606248563474,2.119239375143653,1.4801807320647302,1.2473884825112207,1.7129729816182397,9.158565183302343,8.06011582865434,10.257014537950347,10.06,8.111950858687159,12.008049141312842,24.133360810695773,23.8082999433166,24.458421678074945,16.272312358884932,15.828019208651993,16.716605509117873,16.267847789711723,15.813275545884514,16.722420033538935
P3-D0.10,p3d_01,130,100,48.97,47.60908783352911,50.33091216647089,2.18,1.8794666666666668,2.4805333333333333,1.7947962376354079,1.3662657815001604,2.2233266937706553,10.078305551584998,8.250934739586999,11.905676363582998,11.87,10.254065542383252,13.485934457616747,24.13444311462426,23.81210753452725,24.456778694721272,16.48392164836057,16.045196420181366,16.922646876539776,16.466007515681895,16.02139560427288,16.91061942709091
P3-D0.10,p3d_01,131,100,47.54,46.15759741629497,48.92240258370503,1.79,1.5564307374587993,2.023569262541201,1.5844600190748312,1.264941804418458,1.9039782337312046,9.390257679147107,8.066217237840913,10.7142981204533,11.4,10.137742538548535,12.662257461451466,24.13610437309116,23.80504632242158,24.467162423760744,15.969300525395406,15.525338830875445,16.413262219915367,15.965190948790358,15.514746575654577,16.41563532192614
P3-D0.10,p3d_01,132,100,48.81,47.445317899748275,50.17468210025173,1.61,1.3533185238432268,1.8666814761567734,1.6776537083716974,1.4364247267804553,1.9188826899629394,9.501861676680418,8.471442680631805,10.532280672729032,8.89,7.488231432234352,10.291768567765649,24.125069074189533,23.791476461704033,24.458661686675033,16.40351974682631,15.955750328279214,16.8512891653734,16.396266043614073,15.94552706547074,16.847005021757404
P3-D0.10,p3d_01,133,100,48.2,46.85730282000307,49.542697179996935,1.51,1.2524130657683339,1.7675869342316661,1.5384199247173576,1.3205032462988096,1.7563366031359056,9.551613158762484,8.479621733438995,10.623604584085973,8.33,7.053662936130875,9.606337063869125,24.14491104266581,23.811697325192196,24.478124760139426,16.17160899580493,15.728876302913598,16.614341688696264,16.175186098551116,15.73040230628779,16.619969890814442
P3-D0.10,p3d_01,134,100,47.27,45.81552973522622,48.724470264773785,1.7,1.3514936923603154,2.0485063076396846,1.4288108131976838,1.2187197441057849,1.6389018822895827,8.828765953508919,7.869458804987164,9.788073102030673,9.54,7.387076281008083,11.692923718991915,24.138699857856224,23.80879150154039,24.468608214172058,15.808748857161389,15.342395641592146,16.275102072730633,15.83256562399139,15.35876271576503,16.30636853221775
P3-D0.10,p3d_01,135,100,48.26,46.93985508968052,49.580144910319476,1.72,1.4676099987573346,1.9723900012426654,1.8048468846854586,1.2627597479735373,2.34693402139738,10.126145244617364,8.216529539185165,12.035760950049562,8.81,7.597384468734354,10.022615531265647,24.146403318107932,23.81696467211751,24.475841964098354,16.132113311169775,15.706619766558838,16.557606855780712,16.159516371045743,15.728361517130285,16.590671224961202
P3-D0.10,p3d_01,136,100,48.99,47.669597919211924,50.31040208078808,1.48,1.2428284650939387,1.7171715349060612,1.5978760050931315,1.3595651662970054,1.8361868438892577,9.467812014305382,8.42120759967113,10.514416428939635,8.93,7.618219129533742,10.241780870466258,24.17587838667825,23.843856503349,24.5079002700075,16.414370831306908,15.983477935515676,16.84526372709814,16.426911748526543,15.992416750855655,16.861406746197428
P3-D0.10,p3d_01,137,100,47.93,46.69626892506814,49.16373107493186,1.66,1.4089356990085542,1.9110643009914456,1.2422321770000964,1.0829832577888,1.4014810962113928,8.455933566651074,7.527126498301358,9.38474063500079,8.67,7.38336755517327,9.956632444826731,24.18595158800806,23.85114408062952,24.520759095386598,16.090658246236025,15.677886227299199,16.503430265172852,16.090374265562772,15.678531481976721,16.502217049148825
P3-D0.10,p3d_01,138,100,48.25,46.96568588442128,49.53431411557872,1.74,1.4216108118174942,2.0583891881825056,1.446122990217999,1.2533051594319609,1.6389408210040373,9.134467567161483,8.225617795207675,10.04331733911529,9.57,8.186240897359149,10.953759102640852,24.17908933812966,23.844022357712547,24.514156318546775,16.14201320182588,15.726438171808034,16.557588231843724,16.16412214823612,15.744061158309643,16.5841831381626
P3-D0.10,p3d_01,139,100,47.27,45.87240103669822,48.667598963301785,2.02,1.6904005589884117,2.3495994410115886,1.4700550231755665,1.1628034452975144,1.7773066010536185,9.110684945705144,7.781104224847034,10.440265666563253,9.98,8.538089821371553,11.421910178628448,24.19164984335548,23.857876989305044,24.52542269740592,15.85849796098969,15.39822371878355,16.318772203195827,15.862444186604307,15.400001650791038,16.324886722417578
P3-D0.10,p3d_01,140,100,48.16,46.72517419830415,49.59482580169584,1.86,1.5651499158534765,2.1548500841465237,1.5504662257623947,1.2846623692290766,1.8162700822957127,9.105937271244766,7.959392670855504,10.252481871634028,10.1,8.742215053995677,11.457784946004322,24.20112905124593,23.86709277564079,24.535165326851068,16.181359702893737,15.709618226211639,16.653101179575835,16.175683321589194,15.701395044772886,16.649971598405504
P3-D0.10,p3d_01,141,100,49.12,47.700246795667596,50.5397532043324,1.96,1.66265991582606,2.25734008417394,1.580719097795938,1.3037078402908848,1.8577303553009912,9.087077162253408,7.797162421965967,10.37699190254085,9.7,8.120288685112422,11.279711314887576,24.227619173586564,23.893174248408172,24.562064098764957,16.54437148108536,16.090569859872673,16.998173102298047,16.52242011472093,16.060792175652047,16.984048053789813
P3-D0.10,p3d_01,142,100,49.03,47.60583278078632,50.45416721921368,1.45,1.2230366469309115,1.6769633530690884,1.7779077240095298,1.4630810816773376,2.092734366341722,10.077815718894563,8.623133270277682,11.532498167511443,8.89,7.622559356718264,10.157440643281738,24.23473759141292,23.89838868674972,24.57108649607612,16.504121472946917,16.049070114605975,16.95917283128786,16.48618202552751,16.023348835885525,16.949015215169492
P3-D0.10,p3d_01,143,100,47.98,46.56580598190769,49.39419401809231,1.77,1.5059266370682174,2.0340733629317826,1.4623217897080432,1.2164537599307135,1.7081898194853729,9.045655411926127,7.934362956608782,10.156947867243472,9.51,8.170052587191979,10.84994741280802,24.220075302547812,23.881314613367767,24.558835991727857,16.080957626723873,15.628116861301665,16.533798392146082,16.091247556347017,15.6307265076395,16.551768605054537
P3-D0.10,p3d_01,144,100,48.47,47.10481754443968,49.835182455560314,1.8,1.5145381201482677,2.0854618798517324,1.6765116392878727,1.422772184201122,1.9302510943746234,9.276902118204598,8.254614061467556,10.29919017494164,10.28,8.78209756571856,11.777902434281438,24.207828014170996,23.869513630534108,24.546142397807884,16.312263983748263,15.86167464445274,16.762853323043785,16.295869342431274,15.843512829034655,16.748225855827894
P3-D0.10,p3d_01,145,100,46.68,45.35625631825889,48.003743681741106,1.55,1.3196426140699515,1.7803573859300486,1.583983628920884,1.3510813086246072,1.8168859492171607,9.729719892701397,8.468731407822766,10.990708377580027,10.03,8.727064144310855,11.332935855689144,24.220970556567565,23.882544760927473,24.559396352207656,15.696338544364114,15.276395344625147,16.11628174410308,15.685943281527859,15.257597893444263,16.114288669611454
P3-D0.10,p3d_01,146,100,47.86,46.44360160600732,49.27639839399268,1.9,1.5891591072492863,2.2108408927507135,1.5412073700754536,1.34540117875802,1.7370135613928872,9.2183018469745,8.223774681809077,10.212829012139922,10.46,8.765583031532586,12.154416968467416,24.220234717542667,23.877753952210572,24.56271548287476,16.07040671298409,15.618934656381207,16.521878769586976,16.0688241038229,15.609006430901815,16.52864177674399
P3-D0.10,p3d_01,147,100,47.91,46.748243462282524,49.07175653771747,1.86,1.6061688973217259,2.113831102678274,1.5254654016059694,1.2711491431371489,1.77978166007479,9.566185789162992,8.205919716659855,10.926451861666129,10.21,8.889950622900873,11.530049377099129,24.256454404880813,23.912154038502635,24.60075477125899,16.080605402020723,15.695137903084083,16.466072900957364,16.08164804399851,15.695901382299823,16.467394705697195
P3-D0.10,p3d_01,148,100,48.27,46.89903129669035,49.64096870330965,2.08,1.786918741918928,2.373081258081072,1.6959406110989985,1.4763719755997589,1.9155092465982382,10.275462050921341,9.165449729406001,11.385474372436681,12.08,10.5466127355993,13.6133872644007,24.270230002101783,23.92135995694831,24.619100047255255,16.221712822682605,15.781201047565169,16.66222459780004,16.214672378137276,15.767421385979652,16.6619233702949
P3-D0.10,p3d_01,149,100,48.17,46.83656690615631,49.5034330938437,1.9,1.6111597554552224,2.188840244544777,1.6090864682816846,1.3559961977284378,1.8621767388349313,9.827651788646326,8.68570207594326,10.969601501349393,10.1,8.83881895979934,11.361181040200659,24.283393677980516,23.932066871599073,24.63472048436196,16.121711893414858,15.694805755291139,16.548618031538577,16.141202771420826,15.707347985653467,16.575057557188185
P3-D0.10,p3d_01,150,100,48.87,47.631121438354405,50.10887856164559,1.62,1.3680716600204565,1.8719283399795437,1.6244034929414992,1.3766104991212451,1.8721964867617533,9.90806794141332,8.716702204584179,11.09943367824246,9.78,8.405999034890726,11.154000965109272,24.288090908619584,23.93298422941087,24.643197587828297,16.41377081425209,16.01527312515898,16.812268503345198,16.41046762994627,16.00636656498218,16.814568694910363
P3-D0.10,p3d_01,151,100,48.85,47.453089773171456,50.24691022682855,1.68,1.3933443948575297,1.9666556051424702,1.487985940389406,1.2281725265697947,1.7477993542090173,9.050451040142653,8.00227642736876,10.098625652916546,9.02,7.730377710296146,10.309622289703853,24.298788195014676,23.942546704821225,24.655029685208127,16.41367019201858,15.956051278006136,16.87128910603102,16.40772498569295,15.946903790132389,16.868546181253514
P3-D0.10,p3d_01,152,100,47.63,46.32017294317613,48.93982705682387,1.55,1.280803890342848,1.819196109657152,1.4703169440575456,1.2351762454782897,1.7054576426368016,8.935469460121386,7.783004569823988,10.087934350418784,9.13,7.725532248051731,10.53446775194827,24.291961946159546,23.933331546056042,24.65059234626305,15.979701166094005,15.549755952731026,16.409646379456984,15.983502079629757,15.550876679221432,16.41612748003808
P3-D0.10,p3d_01,153,100,47.92,46.51690746411991,49.32309253588009,1.53,1.270970916183865,1.7890290838161351,1.480264526475195,1.2344650479618762,1.7260640049885139,8.88333138075337,7.765091496645151,10.001571264861589,8.8,7.520036490419128,10.079963509580875,24.28514173463844,23.92699149541202,24.64329197386486,16.100557898671397,15.648505495165026,16.55261030217777,16.09497886946476,15.63627866809135,16.55367907083817
P3-D0.10,p3d_01,154,100,47.61,46.378901169809275,48.841098830190724,1.46,1.2329597232367628,1.687040276763237,1.4017476251005636,1.1722759320474743,1.631219318153653,8.546664714086655,7.48435823159945,9.608971196573858,8.52,7.222129485532847,9.817870514467153,24.304359664672802,23.94358338063909,24.665135948706514,15.999501381948944,15.595857653074198,16.40314511082369,15.992714743973306,15.586796911707777,16.398632576238835
P3-D0.10,p3d_01,155,100,47.5,46.1562916983214,48.8437083016786,1.88,1.6273026931507006,2.132697306849299,1.360375260734837,1.1339442208054547,1.5868063006642192,8.341171073784789,7.348907123947151,9.333435023622428,10.59,9.344112627948103,11.835887372051896,24.31632619075252,23.95585309963278,24.67679928187226,15.949201128029255,15.509303397335932,16.389098858722576,15.947758758499958,15.504725202900026,16.39079231409989
P3-D0.10,p3d_01,156,100,49.18,47.92812058798692,50.43187941201308,1.42,1.1985665213782128,1.641433478621787,1.5802183072397313,1.3293808027067326,1.83105581177273,9.625202419203124,8.559199078393629,10.691205760012618,9.06,7.68904120316245,10.430958796837551,24.334356107835582,23.975129801108658,24.693582414562506,16.465076402118527,16.05671848537128,16.873434318865772,16.48284753890222,16.07102743115325,16.89466764665119
P3-D0.10,p3d_01,157,100,48.02,46.80154726630763,49.23845273369238,1.77,1.500112867586422,2.039887132413578,1.4824851983191505,1.2347151695255025,1.7302552271127984,8.807355110927311,7.740793635391979,9.873916586462643,9.51,8.208840362436552,10.811159637563447,24.355404040153825,23.992556154017525,24.718251926290126,16.051309739979867,15.646581451453855,16.45603802850588,16.078806652658844,15.673717591237237,16.48389571408045
P3-D0.10,p3d_01,158,100,47.97,46.78007373728156,49.159926262718436,1.56,1.298191946323844,1.821808053676156,1.6858158992485763,1.4372235334772365,1.9344082650199161,9.868988745259557,8.832505237486922,10.905472253032192,8.86,7.511529438604796,10.208470561395202,24.345499456026705,23.982133654967942,24.708865257085467,16.120707291639995,15.736876843685632,16.504537739594358,16.113781336873725,15.725120293918717,16.502442379828732
P3-D0.10,p3d_01,159,100,48.19,46.81540185398411,49.56459814601588,1.72,1.4483572875405577,1.9916427124594422,1.4641973700660649,1.26343443595985,1.6649603041722798,9.109237469222135,8.088493776071232,10.129981162373038,9.14,7.912649858393698,10.367350141606304,24.36042087162792,23.994188984819584,24.726652758436256,16.27105804125361,15.823435765620014,16.718680316887205,16.233575504403124,15.781609838583568,16.68554117022268
P3-D0.10,p3d_01,160,100,47.29,45.862610401799664,48.717389598200334,1.82,1.5207606248563474,2.1192393751436525,1.5843779661371187,1.3341512752803921,1.8346046569938452,9.334712586523091,8.229190252660517,10.440234920385665,9.96,8.66949338332701,11.250506616672991,24.37117843412952,24.00062511931882,24.741731748940218,15.888448092578356,15.424347413342929,16.352548771813783,15.883113841678865,15.414349198521629,16.3518784848361
P3-D0.10,p3d_01,161,100,48.87,47.413450247532154,50.32654975246784,1.76,1.492619065675198,2.027380934324802,1.7556169333860978,1.3929671479395245,2.118266718832671,9.98876965809759,8.854255887370451,11.12328342882473,9.99,8.699320499062058,11.280679500937943,24.372914951654316,24.005286009908527,24.740543893400105,16.383920486547694,15.910736005375528,16.857104967719863,16.392537747447786,15.91426273767643,16.87081275721914
P3-D0.10,p3d_01,162,100,48.56,47.316848667801274,49.80315133219873,1.78,1.522285049802004,2.037714950197996,1.54154157449632,1.3567699917910567,1.726313157201583,9.351872790469496,8.487718358659842,10.21602722227915,9.52,8.352118799455244,10.687881200544755,24.3976080660996,24.03440743511282,24.760808697086382,16.272915734785695,15.868077573278914,16.677753896292476,16.284302557354625,15.87604123478628,16.692563879922968
P3-D0.10,p3d_01,163,100,49,47.47668728878092,50.52331271121908,1.86,1.6139312603225178,2.1060687396774824,1.6448916482797775,1.3933975652845587,1.8963857312749963,9.644957399841077,8.56545951867421,10.724455281007945,10.18,8.917625725192021,11.442374274807978,24.392572836906744,24.028426463428126,24.756719210385363,16.44427089455016,15.957328603976439,16.931213185123884,16.4462111732082,15.950516881966081,16.941905464450322
P3-D0.10,p3d_01,164,100,48.55,47.40802504936457,49.69197495063543,1.72,1.4615332981608735,1.9784667018391264,1.4754403141411492,1.2584066379957548,1.6924739902865436,8.7154215063648,7.713634562011084,9.717208450718516,10.03,8.813308084280257,11.246691915719742,24.394197892819587,24.02938300762436,24.759012778014814,16.32261445355348,15.949544644632045,16.695684262474916,16.312809513928038,15.93714215828879,16.688476869567285
P3-D0.10,p3d_01,165,100,47.89,46.56244660119953,49.21755339880047,1.58,1.3433198091785612,1.816680190821439,1.4911515780875293,1.2485000475023702,1.7338031086726884,8.734467567161628,7.641279690465095,9.827655443858161,8.98,7.687672496085556,10.272327503914445,24.38554163914659,24.0187400606553,24.752343217637883,16.05065550593778,15.612982571800039,16.48832844007552,16.06097889608816,15.62161482804786,16.500342964128457
P3-D0.10,p3d_01,166,100,49.56,48.237006965974196,50.88299303402581,1.43,1.1804316421247971,1.6795683578752028,1.42341034230607,1.2252815886710544,1.6215390959410856,8.711869085869694,7.7923426927380435,9.631395479001345,8.92,7.330693646761442,10.509306353238557,24.38418477193337,24.019061709427415,24.749307834439325,16.596331123750847,16.158351007257423,17.03431124024427,16.612627382523588,16.17354387539403,17.051710889653144
P3-D0.10,p3d_01,167,100,48.61,47.3024738887054,49.9175261112946,1.52,1.2285118752527184,1.8114881247472816,1.6696628025042584,1.4147393713344019,1.9245862336741149,9.688242779417342,8.680664681363972,10.695820877470712,8.55,7.232280834934926,9.867719165065076,24.399145441577115,24.031168474335768,24.767122408818462,16.332865624224027,15.905059677692803,16.76067157075525,16.3270116773873,15.896196717330653,16.757826637443948
P3-D0.10,p3d_01,168,100,47.69,46.460541294107465,48.91945870589253,1.87,1.5396068310927027,2.2003931689072975,1.3331903088396015,1.124016784806566,1.542363832872637,8.345005353597662,7.342443285468702,9.347567421726621,8.83,7.45107263996887,10.208927360031131,24.381365574152074,24.01253033107344,24.75020081723071,15.989953223332629,15.585981490851136,16.39392495581412,15.997707052583756,15.591614063956156,16.403800041211355
P3-D0.10,p3d_01,169,100,49.39,47.97747663060362,50.80252336939638,1.86,1.5677938903700843,2.152206109629916,1.6144188929824426,1.4054529957830058,1.8233847901818794,9.389749323457654,8.357864613577462,10.421634033337845,9.89,8.49656083974458,11.283439160255421,24.379393636698623,24.01196335904317,24.746823914354078,16.585526119784163,16.138334623063542,17.032717616504783,16.58333912666745,16.12648905360728,17.04018919972762
P3-D0.10,p3d_01,170,100,48.97,47.68838379119696,50.251616208803036,1.76,1.497008894416253,2.022991105583747,1.7814865159743951,1.4601631480969737,2.1028098838518163,9.319478577938861,8.008365348375293,10.63059180750243,10.54,9.117205320007788,11.96279467999221,24.397996443298666,24.026074409762526,24.769918476834807,16.424220680996637,16.00991298237546,16.838528379617813,16.43014698081641,16.010820164080677,16.849473797552143
P3-D0.10,p3d_01,171,100,47.95,46.52639962763351,49.3736003723665,1.86,1.573154942045837,2.146845057954163,1.7434635323621848,1.4645803789643363,2.022346685760033,9.737841445051018,8.564953762288601,10.910729127813434,10.07,8.678690028800341,11.46130997119966,24.380864876111612,24.00805671593615,24.753673036287076,16.13055676913924,15.664288236563586,16.596825301714894,16.117015235819803,15.647358625832963,16.58667184580664
P3-D0.10,p3d_01,172,100,48.97,47.62486153857529,50.31513846142471,1.82,1.5507966830468356,2.0892033169531645,1.631485985272769,1.3299619634562447,1.9330100070892933,9.32519871460303,8.098626012096911,10.551771417109148,8.84,7.666074017441792,10.013925982558208,24.37341163525181,23.998622172369583,24.748201098134036,16.434171974788956,16.001808846739788,16.866535102838125,16.43612701684698,15.99729870465868,16.87495532903528
P3-D0.10,p3d_01,173,100,47.28,45.79693725804818,48.76306274195182,2.09,1.778417220169553,2.4015827798304468,1.5231454447461013,1.288767499193649,1.7575233902985534,9.288802793455107,8.241841074603387,10.335764512306826,9.86,8.472945622966249,11.24705437703375,24.38357822910346,24.00867010765386,24.75848635055306,15.868498893121942,15.382405517887404,16.35459226835648,15.869793700656864,15.38029759537097,16.35928980594276
P3-D0.10,p3d_01,174,100,47.47,46.14872831932966,48.791271680670334,1.54,1.316404101878935,1.763595898121065,1.6689355870364064,1.4202036854866642,1.9176674885861487,10.33477885723638,9.077445378517151,11.592112335955608,9.58,8.281023721805079,10.878976278194921,24.37552791061614,24.004340109199582,24.746715712032696,15.978899624550332,15.552550218021674,16.40524903107899,15.96157170481208,15.52970964678777,16.393433762836388
P3-D0.10,p3d_01,175,100,48.11,46.819200245404176,49.40079975459582,2.1,1.8263363415069551,2.373663658493045,1.3605783270822625,1.1573881332119935,1.5637685209525314,8.277128820609942,7.315860739626465,9.238396901593418,10.77,9.629902275321022,11.910097724678977,24.401417977028803,24.02711078068796,24.775725173369647,16.151257201996508,15.730487715403923,16.57202668858909,16.15089433603282,15.726573569123756,16.575215102941886
P3-D0.10,p3d_01,176,100,49.08,47.679675803193554,50.48032419680644,1.87,1.5905068628080938,2.1494931371919064,1.7275813091941652,1.4172520721446897,2.0379105462436407,9.77639026396806,8.629166800259146,10.923613727676976,10.4,8.901341313512027,11.898658686487973,24.420683999555784,24.04479400749938,24.79657399161219,16.49442378950157,16.044797196169366,16.944050382833776,16.48706453679121,16.030483790753895,16.943645282828523
P3-D0.10,p3d_01,177,100,48.47,47.088710840182145,49.85128915981785,1.7,1.4193361405164497,1.9806638594835502,1.6858179476729944,1.449173053674243,1.9224628416717457,10.081624066507938,8.898328617318125,11.264919515697752,9.82,7.998664148366798,11.641335851633203,24.429608567436,24.05806420079429,24.801152934077706,16.222714576766023,15.765650264735338,16.679778888796708,16.242084582097927,15.78374112727877,16.700428036917085
P3-D0.10,p3d_01,178,100,48.56,47.223002450687105,49.8969975493129,1.7,1.4058350631006302,1.9941649368993697,1.7513063912989792,1.3955879621454046,2.107024820452554,10.16733679397119,8.758049723805112,11.576623864137268,9.61,8.351777698496804,10.868222301503195,24.41794314006591,24.044899287653813,24.790986992478004,16.322665417615102,15.901452387732164,16.74387844749804,16.314183266606804,15.883334366617753,16.745032166595855
P3-D0.10,p3d_01,179,100,47.36,46.084433876367996,48.635566123632,1.84,1.5251650578349336,2.1548349421650665,1.4929713751363167,1.275414815302782,1.7105279349698514,9.157614948690025,8.101293439941802,10.213936457438248,9.51,8.007076411950644,11.012923588049356,24.422580265459928,24.049906401637873,24.795254129281982,15.948497061559213,15.525219076947717,16.371775046170708,15.92856096785526,15.50483223143759,16.35228970427293
P3-D0.10,p3d_01,180,100,47.38,46.12459194544788,48.63540805455212,1.97,1.7021333333333333,2.2378666666666667,1.5124840304768798,1.2903871090659078,1.7345809518878519,9.617870875807858,8.543900242818355,10.691841508797362,10.36,9.08595583604132,11.634044163958679,24.421220340403043,24.047866484978442,24.794574195827643,15.868999510021627,15.46563262918773,16.272366390855524,15.883499252041467,15.474284692056074,16.29271381202686
P3-D0.10,p3d_01,181,100,47.32,46.03643994068895,48.60356005931105,1.97,1.6693698443185538,2.270630155681446,1.412929863027211,1.1765521761011761,1.6493075499532457,9.23477515263643,8.121973504613704,10.347576800659157,9.84,8.495073585280554,11.184926414719445,24.44231051670949,24.06745973267752,24.81716130074146,15.888597402541581,15.472186053336044,16.30500875174712,15.88722316223977,15.466453620506421,16.30799270397312
P3-D0.10,p3d_01,182,100,47.84,46.45695195698308,49.223048043016924,1.45,1.206539178270565,1.693460821729435,1.5631312591385589,1.318110519115001,1.8081519991621167,9.388799088854721,8.302898234021265,10.474699943688178,8.34,7.0455004046256935,9.634499595374306,24.468170546108194,24.090859063462982,24.845482028753406,16.060357056917567,15.608707540122909,16.512006573712227,16.06010844524295,15.604748936298817,16.51546795418708
P3-D0.10,p3d_01,183,100,47.3,46.15391240837501,48.44608759162499,1.72,1.4071929216228822,2.0328070783771177,1.3352756336102782,1.1345360741203536,1.5360151931002028,8.111145347628627,7.121112617798737,9.101178077458517,8.58,7.152913550288738,10.007086449711263,24.49285470195569,24.1158111470213,24.869898256890078,15.898447014837465,15.51822823604031,16.278665793634623,15.890457579032198,15.510210216286625,16.27070494177777
P3-D0.10,p3d_01,184,100,46.77,45.40868870643787,48.131311293562135,1.89,1.590093539161749,2.189906460838251,1.4625867126172614,1.1393816223580067,1.785791802876516,9.230721785661299,7.898035364151071,10.563408207171527,10,8.28677566671448,11.71322433328552,24.507233278540642,24.129292964918456,24.88517359216283,15.746541887911931,15.3058518813463,16.187231894477563,15.72816883373109,15.28237123845938,16.1739664290028
P3-D0.10,p3d_01,185,100,47.81,46.41244546106675,49.20755453893325,1.69,1.4090666666666665,1.9709333333333334,1.5666361862718474,1.2948024747589828,1.838469897784712,9.77166831566472,8.577146431449078,10.96619019988036,8.93,7.588964156732082,10.271035843267917,24.5313264576504,24.149934068163486,24.912718847137317,16.060205229878807,15.605892093242247,16.514518366515368,16.055991645006564,15.59696827628262,16.51501501373051
P3-D0.10,p3d_01,186,100,48.03,46.70169853062818,49.358301469371824,1.73,1.4810543574808086,1.9789456425191914,1.3574739036344885,1.1553320172127155,1.5596157900562615,8.376204312163754,7.377686531539269,9.37472209278824,9.63,8.218641899989715,11.041358100010287,24.564533944375672,24.179405728916095,24.94966215983525,16.091157543050475,15.668588032869163,16.513727053231786,16.10407505890273,15.673890080636646,16.534260037168814
P3-D0.10,p3d_01,187,100,49.3,48.099022822107685,50.50097717789231,1.8,1.5159007144669245,2.0840992855330756,1.6657115351152256,1.419553298492469,1.9118697717379822,9.782789889716804,8.721656275303934,10.843923504129675,10.05,8.676056931472212,11.42394306852779,24.578921630582965,24.18964089986436,24.968202361301568,16.50547739200938,16.122302094174348,16.88865268984441,16.523199661505682,16.133421031973715,16.91297829103765
P3-D0.10,p3d_01,188,100,47.78,46.65300473430946,48.90699526569054,1.7,1.4660904085555768,1.933909591444423,1.6357086173776674,1.4049477787437366,1.8664694560115982,9.860454744743038,8.825901611820457,10.895007877665618,9.4,7.966451263542819,10.833548736457182,24.591452177999912,24.202736597749656,24.980167758250168,16.040152856654014,15.673981275465124,16.406324437842905,16.039920352762213,15.670823492369493,16.409017213154932
P3-D0.10,p3d_01,189,100,48.14,46.75658726536748,49.52341273463252,1.99,1.726456166986985,2.253543833013015,1.5122168740495825,1.2721599167141242,1.7522738313850408,8.931690543265141,7.762546783699838,10.100834302830444,10.99,9.585852781035673,12.394147218964328,24.579123534479358,24.189690915015483,24.968556153943233,16.121560675975473,15.659294867054573,16.583826484896374,16.137088170619947,15.675101828643855,16.599074512596037
P3-D0.10,p3d_01,190,100,47.41,46.04748063477759,48.7725193652224,1.8,1.5256282842860105,2.0743717157139896,1.666945888736377,1.4530680317065405,1.8808237457662136,9.9843036369131,8.922428426787107,11.046178847039094,10.02,8.46642483557597,11.57357516442403,24.594714363080126,24.203430304010194,24.985998422150058,15.958698710659714,15.525209153738762,16.392188267580664,15.941394416548015,15.49944143350829,16.38334739958774
P3-D0.10,p3d_01,191,100,47.09,45.6692044800553,48.51079551994471,1.62,1.369616678517183,1.8703833214828172,1.4895864639575,1.1903407908787393,1.7888321370362608,9.719073538973026,8.159774915744316,11.278372162201736,8.79,7.511160210790793,10.068839789209205,24.605420722521572,24.22215160764071,24.988689837402433,15.877493289381732,15.425145937280599,16.329840641482868,15.849715575873795,15.388740574222435,16.310690577525154
P3-D0.10,p3d_01,192,100,48.76,47.25150337786593,50.268496622134066,1.61,1.3179599335638343,1.9020400664361659,1.5926402340778651,1.3268890677839194,1.858391400371811,9.061883698226156,7.900333087409577,10.223434309042736,10.1,7.777636209428511,12.422363790571488,24.625898799882012,24.239897106993453,25.01190049277057,16.333619079582192,15.831018981024638,16.836219178139746,16.347577911842556,15.844758597409475,16.85039722627564
P3-D0.10,p3d_01,193,100,48.69,47.513440840004336,49.86655915999566,1.86,1.581389873794504,2.138610126205496,1.6044758866894506,1.2441496811323298,1.9648020922465714,9.937114002209563,8.023093259780032,11.851134744639095,9.8,8.354858673158418,11.245141326841583,24.651249202519107,24.263185718858043,25.03931268618017,16.30341763124803,15.91552917006925,16.691306092426814,16.3200524898813,15.931066174842115,16.709038804920482
P3-D0.10,p3d_01,194,100,48.07,46.85944704111608,49.28055295888392,1.67,1.4161153972467972,1.9238846027532026,1.5395378445258658,1.3292029837200032,1.7498727053317285,9.315929862044577,8.231841753219914,10.40001797086924,8.79,7.519379275847247,10.060620724152752,24.649232057744175,24.25752949836049,25.04093461712786,16.121207400582033,15.733221104021782,16.509193697142287,16.12748511663926,15.733425622681114,16.521544610597406
P3-D0.10,p3d_01,195,100,48.57,47.23505451948044,49.90494548051956,1.93,1.6084154106913575,2.251584589308642,1.65438516047347,1.3826425751078175,1.9261277458391226,9.153020090678037,8.02713503540519,10.278905145950885,10.68,8.59940258152189,12.76059741847811,24.64902699986929,24.257010067041147,25.04104393269743,16.352562983718595,15.921312247238989,16.7838137201982,16.333474723961544,15.896882683814777,16.77006676410831
P3-D0.10,p3d_01,196,100,47.77,46.34164293234245,49.198357067657554,1.71,1.4572796602942095,1.9627203397057904,1.6983383957978302,1.3052395050533967,2.0914372865422637,9.601145347628336,7.7697635063437085,11.432527188912964,9.83,8.252610461822599,11.407389538177402,24.65975455583436,24.269078156999065,25.050430954669658,16.119701614399652,15.655546140212891,16.583857088586413,16.086356572677843,15.617500677428062,16.555212467927625
P3-D0.10,p3d_01,197,100,47.45,46.192863748213604,48.7071362517864,1.67,1.4161153972467972,1.9238846027532026,1.540241856264424,1.3029261905170342,1.7775575220118138,9.1623700323503,7.978581786903751,10.346158277796848,9.72,8.278332045682832,11.161667954317169,24.656600776811242,24.267711379530564,25.04549017409192,15.988749819283862,15.584656844090423,16.3928427944773,15.964808195793037,15.555188587657439,16.374427803928636
P3-D0.10,p3d_01,198,100,47.59,46.23290255130572,48.94709744869429,1.73,1.49385325226748,1.96614674773252,1.6699691386695337,1.3784934325331477,1.9614448448059196,9.70760383488945,8.564779655342713,10.850428014436188,10.33,8.737918782336667,11.922081217663333,24.667418679947264,24.280305347709195,25.054532012185334,15.959601120289879,15.5207981168129,16.398404123766856,15.96606822301969,15.52207835775351,16.41005808828587
P3-D0.10,p3d_01,199,100,49.27,47.758231020267715,50.78176897973229,1.62,1.3281127767251348,1.9118872232748654,1.8252295947711996,1.5213101090486283,2.1291490804937707,10.097771469738218,8.892094407353571,11.303448532122864,9.24,7.828789001165197,10.651210998834802,24.68609369079023,24.29721139340813,25.07497598817233,16.52522549798085,16.036393377420293,17.014057618541404,16.531035627477742,16.03581826725633,17.026252987699152
P3-D0.10,p3d_01,200,100,47.26,45.98227580851932,48.53772419148068,1.84,1.511887321645491,2.1681126783545093,1.3078905635761313,1.1010392182971678,1.5147419088550949,8.422106696031841,7.297926847433979,9.546286544629703,10.01,8.525782531657395,11.494217468342605,24.706517623572832,24.318090485124074,25.09494476202159,15.888298601334474,15.466327072957291,16.310270129711657,15.879004853592573,15.45558976701955,16.302419940165596
P3-D0.10,p3d_01,201,100,48.4,47.11097361931533,49.689026380684666,1.94,1.6687289506375178,2.211271049362482,1.8754831812603014,1.3327256750925978,2.418240687428005,9.826353424011323,8.311471729564522,11.341235118458124,9.98,8.560875560300108,11.399124439699893,24.693004093693993,24.302648904602297,25.08335928278569,16.292011991863955,15.86011406753702,16.72390991619089,16.27431804411834,15.843355045207693,16.705281043028982
P3-D0.10,p3d_01,202,100,48.28,46.89994043987408,49.66005956012592,1.78,1.4015175095786385,2.1584824904213615,1.7355106566440568,1.4168569762151084,2.054164337073005,10.135417801764415,8.787939103299667,11.482896500229163,9.92,7.568547807903132,12.271452192096868,24.717706177613913,24.326806440374003,25.108605914853822,16.22176166939887,15.772432501100086,16.67109083769765,16.216038991668242,15.762232128602143,16.66984585473434
P3-D0.10,p3d_01,203,100,47.62,46.09699809666049,49.1430019033395,1.84,1.579082755485866,2.100917244514134,1.7190632824348007,1.1188062520986213,2.31932031277098,9.694987036641397,7.598680802370432,11.791293270912362,9.5,8.194670381037259,10.805329618962741,24.71818545810208,24.325760507760855,25.110610408443307,15.949802630496453,15.449265718432896,16.45033954256001,15.964207606990199,15.460510949702035,16.467904264278364
P3-D0.10,p3d_01,204,100,48.65,47.30430777829566,49.99569222170434,1.62,1.3575110399627937,1.8824889600372066,1.5699239661126856,1.3461806536993206,1.7936672785260506,9.127611244089348,8.098611438656429,10.156611049522267,9.76,8.41524670942018,11.10475329057982,24.722879757938152,24.326545921699175,25.11921359417713,16.333067558344535,15.902320056988467,16.7638150597006,16.33249907367469,15.894416810911864,16.770581336437516
P3-D0.10,p3d_01,205,100,47.97,46.73998593027674,49.20001406972326,1.82,1.5353821601735502,2.10461783982645,1.5483432561606911,1.288222576230066,1.8084639360913162,9.344018279038428,8.149696681262169,10.538339876814687,10.3,8.779874805793746,11.820125194206256,24.74389160010837,24.34748902759605,25.14029417262069,16.11075774184142,15.70647168563056,16.515043798052282,16.107806747679817,15.701407552741165,16.514205942618467
P3-D0.10,p3d_01,206,100,47.25,45.75695106874854,48.74304893125146,1.98,1.7157430206955526,2.2442569793044473,1.7506895026512301,1.4701643383209657,2.0312146669814948,10.24657251117358,8.959207201617962,11.533937820729198,10.6,9.38568804034814,11.814311959651858,24.741907546607695,24.343762006485715,25.140053086729676,15.8384957626065,15.352682779215975,16.324308745997026,15.847743878831631,15.357026161642532,16.33846159602073
P3-D0.10,p3d_01,207,100,47.06,45.69698944978405,48.423010550215956,2.1,1.8006050545962187,2.3993949454037815,1.5476383382717989,1.284942946220606,1.8103337303229918,9.092874683429836,8.078955529707413,10.106793837152258,11.22,9.873095780928157,12.566904219071844,24.753262082097216,24.356210916395998,25.150313247798433,15.847497700592655,15.41518977823905,16.27980562294626,15.827690298275277,15.38650189159923,16.268878704951323
P3-D0.10,p3d_01,208,100,48.71,47.37649706593817,50.043502934061834,1.75,1.4405666958826673,2.0594333041173325,1.7325553475498885,1.4795816166244067,1.9855290784753703,10.876456534681493,9.787000829007164,11.965912240355822,9.5,8.02049470457456,10.97950529542544,24.780952336340828,24.383767387922465,25.17813728475919,16.353268799086077,15.919307394247245,16.78723020392491,16.35267785640662,15.91446524430803,16.790890468505207
P3-D0.10,p3d_01,209,100,48.09,46.84691890185489,49.333081098145115,1.9,1.6193361405164497,2.18066385948355,1.4402435442221206,1.2190201927444377,1.6614668956998035,8.707347907771327,7.530162319017442,9.884533496525211,10.07,8.645887275486519,11.494112724513482,24.808102474305247,24.412247117727972,25.203957830882523,16.13125866078512,15.72587787898841,16.536639442581833,16.13620617792521,15.727569968988025,16.544842386862396
P3-D0.10,p3d_01,210,100,48.14,46.908861770637444,49.37113822936256,1.78,1.5178068689309387,2.0421931310690615,1.4882629356364354,1.286082508058911,1.69044336321396,9.436891210448374,8.317413067005834,10.556369353890915,9.58,8.275657703722452,10.884342296277548,24.8049063463601,24.405910316041982,25.203902376678215,16.211110045571527,15.820559363819273,16.601660727323782,16.19087236523101,15.792512405080865,16.58923232538115
P3-D0.10,p3d_01,211,100,47.94,46.587277245364334,49.29272275463566,1.66,1.4248990107389694,1.8951009892610304,1.5291428067219923,1.3053959992084399,1.7528896142355448,9.272841548072902,8.252781132224525,10.29290196392128,9.35,7.976621904230523,10.723378095769476,24.815030826712995,24.41112780734148,25.21893384608451,16.021059321514944,15.563973083420997,16.47814555960889,16.04991391928139,15.595486920609744,16.504340917953037
P3-D0.10,p3d_01,212,100,46.96,45.7689443209039,48.1510556790961,1.61,1.3287905514756062,1.891209448524394,1.4243227612004938,1.2508797158017342,1.5977658065992535,8.80853575253641,7.828113741725948,9.78895776334687,8.73,7.400413767711583,10.059586232288417,24.8203642239787,24.41614711946745,25.22458132848995,15.777344976062645,15.398782719579376,16.155907232545914,15.772143968891667,15.386686577107875,16.15760136067546
P3-D0.10,p3d_01,213,100,48.23,46.783823922870866,49.67617607712913,1.77,1.490229326234879,2.049770673765121,1.607807224173476,1.331477467715172,1.88413698063178,9.707574404132902,8.515449507122659,10.899699301143146,9.58,8.028374284431932,11.131625715568068,24.837100664687796,24.4267963271941,25.24740500218149,16.181711278711564,15.708245556759136,16.65517700066399,16.185280689333933,15.708169923725462,16.662391454942405
P3-D0.10,p3d_01,214,100,47.47,46.13936352071649,48.800636479283504,1.74,1.4675869921081468,2.0124130078918534,1.4845960537557874,1.251771155296494,1.7174209522150807,8.893287131596734,7.710116524945233,10.076457738248235,9.62,8.260421481829495,10.979578518170504,24.86845996612405,24.45555619836239,25.28136373388571,15.939100326024045,15.503483738157442,16.374716913890648,15.937668950852915,15.49918296110237,16.37615494060346
P3-D0.10,p3d_01,215,100,48.53,47.14758759182991,49.91241240817009,1.54,1.3045691368721353,1.7754308631278648,1.632395569537331,1.3588389023524434,1.9059522367222184,9.296850665890961,8.17288299342816,10.420818338353762,9.95,8.518245675947007,11.381754324052991,24.875557289401353,24.46044648088232,25.290668097920385,16.262816261376003,15.81116112728487,16.714471395467132,16.274217030268478,15.81880284184863,16.729631218688326
P3-D0.10,p3d_01,216,100,47.98,46.70004255373765,49.25995744626234,1.67,1.38856985437113,1.9514301456288698,1.636844413811998,1.3463407176593734,1.9273481099646226,9.341694041820592,8.140211961361139,10.543176122280045,9.65,7.9539910067896145,11.346008993210386,24.897211269839918,24.477086606143434,25.317335933536402,16.071008549611445,15.663861755415798,16.478155343807092,16.085274419940266,15.67052273345621,16.500026106424322
P3-D0.10,p3d_01,217,100,48.31,46.90193403563612,49.71806596436389,1.63,1.3721721473227504,1.8878278526772494,1.5415794900764885,1.2997407091650186,1.7834182709879585,9.334241070799909,8.106302594842997,10.56217954675682,9.76,8.248933202313443,11.271066797686556,24.899442294157357,24.476370254307874,25.32251433400684,16.251760614773545,15.789231837479559,16.71428939206753,16.238075400341746,15.772746568717666,16.703404231965827
P3-D0.10,p3d_01,218,100,48.5,47.28904802454074,49.71095197545926,1.76,1.501473252463272,2.018526747536728,1.504896635407786,1.2562104505423402,1.7535828202732318,9.198806498054328,8.142632400601613,10.254980595507043,9.33,8.059452572607963,10.600547427392037,24.91318178118066,24.48332134744295,25.343042214918373,16.302465488022126,15.906424091292049,16.698506884752202,16.294008690543617,15.895192568612636,16.692824812474598
P3-D0.10,p3d_01,219,100,47.95,46.64055220212735,49.25944779787265,1.69,1.3525875311411655,2.0274124688588344,1.6045107715460964,1.286508764071711,1.922512779020482,9.403554172514559,8.37368367827517,10.433424666753949,10.05,7.39463087844323,12.705369121556771,24.916076144294237,24.487656200117836,25.34449608847064,16.16040637852723,15.74184550563343,16.578967251421034,16.1349431263167,15.709173839792227,16.560712412841173
P3-D0.10,p3d_01,220,100,48.74,47.34858823296102,50.13141176703898,1.86,1.5350961503534446,2.1849038496465556,1.9714966354012742,1.418022882903158,2.5249703878993905,10.814248479999515,8.540442873729184,13.088054086269846,10.36,8.483438733139035,12.236561266860964,24.91592821501292,24.484970105991568,25.34688632403427,16.363367123771877,15.908665149370242,16.81806909817351,16.362760039166616,15.90448301979701,16.821037058536223
P3-D0.10,p3d_01,221,100,48.42,47.07840725684549,49.761592743154516,1.82,1.5181782558321464,2.1218217441678537,1.7593472071440959,1.4316240925148769,2.087070321773315,10.103075247590896,8.499445987816792,11.706704507365,9.79,8.36206679894798,11.217933201052018,24.924303832301298,24.493840889878292,25.354766774724304,16.21251348837378,15.769021789885805,16.656005186861755,16.229253107396133,15.784321785348055,16.67418442944421
P3-D0.10,p3d_01,222,100,47.96,46.57605442741458,49.34394557258542,1.7,1.4006050545962183,1.9993949454037816,1.6534282500336568,1.381872362064833,1.9249841380024806,9.427618653289246,8.307335458585992,10.547901847992499,9.47,7.79399595429721,11.146004045702792,24.920501804874974,24.4853076878092,25.355695921940747,16.070909983944194,15.620468808858487,16.5213511590299,16.082538170679474,15.627747753716697,16.53732858764225
P3-D0.10,p3d_01,223,100,47.73,46.308996927903,49.15100307209699,1.83,1.5671048186755105,2.0928951813244896,1.531124593209921,1.2119153074693656,1.8503338789504762,8.819493396339821,7.485010806633788,10.153975986045854,10.52,9.25391177737302,11.78608822262698,24.92575099557255,24.489334640502605,25.362167350642494,16.020003350400877,15.558321100950016,16.481685599851737,16.021117907459097,15.554619503358852,16.487616311559343
P3-D0.10,p3d_01,224,100,48.03,46.82420048502953,49.23579951497047,1.77,1.5015545056546054,2.0384454943453947,1.524169279195789,1.3103360521597183,1.7380025062318598,9.455239259159717,8.492472701068996,10.418005817250437,9.2,7.926418872278295,10.473581127721705,24.93949639653589,24.50282316589152,25.37616962718026,16.170756227864487,15.770378723400825,16.57113373232815,16.151881357908266,15.75149008325005,16.55227263256648
P3-D0.10,p3d_01,225,100,47.07,45.746146395838075,48.393853604161926,1.81,1.512953694729681,2.107046305270319,1.3722243555450542,1.182730900369162,1.5617178107209464,9.02479367563661,8.067011362841123,9.982575988432098,9.82,8.46139223014027,11.178607769859731,24.95629619551184,24.51820067912393,25.39439171189975,15.827643411874961,15.394327006316523,16.2609598174334,15.817094015783086,15.380887355072824,16.25330067649335
P3-D0.10,p3d_01,226,100,46.85,45.555154227037995,48.14484577296201,1.79,1.5152113862944425,2.0647886137055576,1.4748913100147734,1.2685049017646828,1.681277718264864,9.114734608079598,8.103179270312012,10.126289945847184,10.21,8.7929784778122,11.627021522187801,24.96405082183997,24.527572993326626,25.400528650353312,15.776789486122897,15.365096431710022,16.188482540535773,15.757052242479963,15.33748125705529,16.176623227904635
P3-D0.10,p3d_01,227,100,47.43,46.05835216640934,48.80164783359066,1.66,1.38390824537901,1.93609175462099,1.5631116796249085,1.301943818462919,1.824279540786898,9.286649895686569,8.18991032621323,10.383389465159908,8.78,7.482099587640083,10.077900412359915,24.99239221712748,24.558684886538437,25.426099547716525,15.958800267644442,15.503326501685068,16.414274033603817,15.944139887339931,15.487836572167236,16.400443202512626
P3-D0.10,p3d_01,228,100,48.79,47.3970064737981,50.1829935262019,1.71,1.4324014700356216,1.9875985299643784,1.5127662132846664,1.2311579299525368,1.794374496616796,8.78240316770607,7.6318410123949665,9.932965323017173,9.6,8.313987479835362,10.886012520164638,25.023784847960105,24.58570629667072,25.46186339924949,16.33377233703945,15.887671301765463,16.779873372313435,16.351699480682942,15.898281286681831,16.805117674684055
P3-D0.10,p3d_01,229,100,49.54,48.04512120879181,51.034878791208186,1.76,1.465018339210689,2.054981660789311,1.8416890703862334,1.5199056922846408,2.163472448487826,10.444241070799617,9.263293247669935,11.625188893929298,10.58,8.864697683211558,12.295302316788442,25.044256831901443,24.60614921911446,25.482364444688425,16.576330599662313,16.096801959348408,17.05585923997622,16.597932274220653,16.110753643622957,17.08511090481835
P3-D0.10,p3d_01,230,100,48.06,46.68113877230066,49.43886122769934,1.77,1.5088820584602827,2.0311179415397174,1.49477922512638,1.2645030500893424,1.7250554001634177,9.079994342819992,7.995093040978708,10.164895644661275,9.44,8.126426255506672,10.753573744493327,25.04223049167907,24.60550908179338,25.478951901564763,16.170908249455703,15.721008294967294,16.62080820394411,16.155998951534322,15.702150791721646,16.609847111346998
P3-D0.10,p3d_01,231,100,47.95,46.635228921104904,49.2647710788951,1.59,1.3085147071319534,1.8714852928680468,1.6318858176010766,1.3725928427500693,1.891178792452084,9.689983229019562,8.667830944873923,10.712135513165201,10.34,7.8226858488147375,12.857314151185262,25.025650655699327,24.584760575970584,25.46654073542807,16.120606793429037,15.69472115290421,16.546492433953865,16.111039190481264,15.68048447454699,16.54159390641554
P3-D0.10,p3d_01,232,100,47.4,46.09036700337133,48.70963299662867,1.73,1.4433782388941934,2.0166217611058066,1.5687864910705371,1.1788868474397294,1.958686134701345,9.64121532294128,7.303180794671651,11.97924985121091,9.14,7.726892983242925,10.553107016757076,25.03339616073199,24.593745995218168,25.47304632624581,15.928798753240693,15.505740393212472,16.351857113268913,15.922095037563144,15.493683071499689,16.3505070036266
P3-D0.10,p3d_01,233,100,48.42,47.0663137429876,49.7736862570124,1.7,1.4125063373557496,1.9874936626442503,1.7408596360399025,1.4370134009863365,2.0447058710934685,9.642555984154896,8.462015344102749,10.823096624207043,10.08,8.064619489119645,12.095380510880355,25.04415975312624,24.60385566980111,25.484463836451372,16.272212653727173,15.82557091382798,16.718854393626366,16.26510797763604,15.816586164504262,16.713629790767815
P3-D0.10,p3d_01,234,100,47.96,46.67461525061972,49.24538474938028,1.77,1.5422174668148534,1.9977825331851466,1.7839137698876015,1.4065571910188415,2.1612703487563616,10.143554172514559,8.40699859009688,11.880109754932239,10.58,9.360528588761392,11.799471411238608,25.066431827931805,24.627807875495918,25.50505578036769,15.981357841131258,15.557943393497426,16.404772288765088,16.02874436011061,15.603477408962567,16.454011311258654
P3-D0.10,p3d_01,235,100,47.61,46.30723093420673,48.91276906579327,1.75,1.4793662506954717,2.0206337493045283,1.3974637162500034,1.1782934459465106,1.6166339865534962,8.737366430771798,7.776292872478605,9.698439989064992,9.38,8.068359647716886,10.691640352283116,25.068099068708165,24.627079407641613,25.509118729774716,15.97960156734568,15.55978599205053,16.39941714264083,15.980762681890416,15.555080627839985,16.40644473594085
P3-D0.10,p3d_01,236,100,47.45,46.11240615546823,48.78759384453178,1.56,1.2276570737836283,1.8923429262163718,1.5968903915767694,1.3890777627099151,1.8047030204436236,9.967585517933621,8.955119132057941,10.9800519038093,9.08,6.735985542844597,11.424014457155403,25.08721759824029,24.641897536139822,25.532537660340758,15.948946861452116,15.51177053674761,16.386123186156624,15.940893304313255,15.500664851795666,16.381121756830844
P3-D0.10,p3d_01,237,100,47.64,46.41565707319222,48.86434292680778,1.7,1.390409981107304,2.0095900188926956,1.6437720795571709,1.198449194181667,2.089094964932675,9.817161955966004,7.955487751260055,11.678836160671953,10.03,7.70981690342849,12.35018309657151,25.10644150419954,24.655039823944847,25.557843184454235,15.939953286738419,15.541352216096367,16.33855435738047,15.960973947630714,15.55914933610124,16.362798559160186
P3-D0.10,p3d_01,238,100,46.64,45.27878420119766,48.00121579880234,1.58,1.2797250122257462,1.880274987774254,1.5980764605109925,1.13783411125414,2.058318809767845,8.967555881132576,7.04575381677364,10.889357945491511,11.03,8.622646990840963,13.437353009159036,25.12750469251242,24.672413935924514,25.582595449100328,15.76578787577665,15.334209789978372,16.19736596157493,15.722294162528415,15.281744826042267,16.162843499014564
P3-D0.10,p3d_01,239,100,47.54,46.124862395811675,48.95513760418832,1.9,1.624922049615243,2.175077950384757,1.787685733059321,1.4239785338632396,2.1513929322554026,10.982826729672524,9.125360160835548,12.8402932985095,11.36,9.506743099897433,13.213256900102566,25.149107495308126,24.693023846303554,25.6051911443127,16.028997896832927,15.569365385441937,16.488630408223916,16.00104029739533,15.536826768664,16.465253826126663
P3-D0.10,p3d_01,240,100,49.18,47.762407631641494,50.597592368358505,1.74,1.5025995192026178,1.9774004807973822,1.718345121567582,1.4510818780106427,1.9856083651245213,10.338795384254045,8.777511613447391,11.900079155060698,10.4,8.904970660062911,11.89502933993709,25.181160222761523,24.727840005715926,25.63448043980712,16.455122464156368,15.987345140209495,16.92289978810324,16.476858411040308,16.00707232722612,16.946644494854496
