config_id,policy,variant,demand,population,destination_pattern,fleet_size,charger_capacity,exposure_scale,delay,gain,fixed_budget,runs,requests_received_mean,requests_received_sd,requests_received_ci_low,requests_received_ci_high,requests_dispatched_mean,requests_dispatched_sd,requests_dispatched_ci_low,requests_dispatched_ci_high,completion_rate_mean,completion_rate_sd,completion_rate_ci_low,completion_rate_ci_high,final_queue_mean,final_queue_sd,final_queue_ci_low,final_queue_ci_high,peak_queue_mean,peak_queue_sd,peak_queue_ci_low,peak_queue_ci_high,mean_wait_minutes_mean,mean_wait_minutes_sd,mean_wait_minutes_ci_low,mean_wait_minutes_ci_high,p95_wait_minutes_mean,p95_wait_minutes_sd,p95_wait_minutes_ci_low,p95_wait_minutes_ci_high,mean_charge_wait_minutes_mean,mean_charge_wait_minutes_sd,mean_charge_wait_minutes_ci_low,mean_charge_wait_minutes_ci_high,peak_charger_queue_mean,peak_charger_queue_sd,peak_charger_queue_ci_low,peak_charger_queue_ci_high,mean_utilization_mean,mean_utilization_sd,mean_utilization_ci_low,mean_utilization_ci_high,peak_period_exposure_mean,peak_period_exposure_sd,peak_period_exposure_ci_low,peak_period_exposure_ci_high,cumulative_exposure_mean,cumulative_exposure_sd,cumulative_exposure_ci_low,cumulative_exposure_ci_high,population_weighted_burden_mean,population_weighted_burden_sd,population_weighted_burden_ci_low,population_weighted_burden_ci_high,exposure_gini_mean,exposure_gini_sd,exposure_gini_ci_low,exposure_gini_ci_high,budget_at_bound_share_mean,budget_at_bound_share_sd,budget_at_bound_share_ci_low,budget_at_bound_share_ci_high
D45_centered_P0_F2_C1_E0p75,P0,P0,45,concentrated,centered,2,1,0.75,0,0,,30,1505.7,41.635653,1490.154737,1521.245263,1425.4,17.173757,1418.987934,1431.812066,0.947221,0.022805,0.938707,0.955736,80.3,36.257841,66.76262,93.83738,84.9,34.273092,72.103654,97.696346,186.712127,80.381509,156.700548,216.723705,494.436667,205.099362,417.859905,571.013428,0.440337,0.01591,0.434397,0.446278,1,0,1,1,0.457749,0.005732,0.455609,0.459889,62.965,1.959202,62.233504,63.696496,3614.22,43.535504,3597.965401,3630.474599,760.2695,11.892979,755.829087,764.709913,0.578016,0.00641,0.575623,0.580409,0,0,0,0
D45_centered_P1_F2_C1_E0p75,P1,P1,45,concentrated,centered,2,1,0.75,0,0,,30,1505.7,41.635653,1490.154737,1521.245263,1425.4,17.173757,1418.987934,1431.812066,0.947221,0.022805,0.938707,0.955736,80.3,36.257841,66.76262,93.83738,84.9,34.273092,72.103654,97.696346,186.712127,80.381509,156.700548,216.723705,494.436667,205.099362,417.859905,571.013428,0.440337,0.01591,0.434397,0.446278,1,0,1,1,0.457749,0.005732,0.455609,0.459889,50.12,2.204799,49.296807,50.943193,3442.92,40.596731,3427.762634,3458.077366,602.768667,10.911478,598.694711,606.842622,0.352752,0.012367,0.348135,0.35737,0,0,0,0
D45_centered_P2-B34_F2_C1_E0p75,P2,P2-B34,45,concentrated,centered,2,1,0.75,0,0,34,30,1505.7,41.635653,1490.154737,1521.245263,1367.666667,17.621173,1361.087551,1374.245782,0.908906,0.024319,0.899826,0.917986,138.033333,39.797317,123.17444,152.892227,139.4,39.702862,124.576372,154.223628,311.748804,90.120203,278.101146,345.396463,824.911667,225.217547,740.823495,908.999838,0.434837,0.019874,0.427417,0.442257,1,0,1,1,0.460981,0.006437,0.458578,0.463384,33.6,0,33.6,33.6,3304.745,39.337472,3290.057796,3319.432204,546.507556,3.77627,545.097632,547.91748,0.393277,0.006111,0.390995,0.395558,0,0,0,0
D45_centered_P3-D_F2_C1_E0p75,P3-D,P3-D,45,concentrated,centered,2,1,0.75,1,0.6,,30,1505.7,41.635653,1490.154737,1521.245263,1353.166667,17.942597,1346.467543,1359.86579,0.899262,0.023951,0.89032,0.908205,152.533333,39.58207,137.754805,167.311861,153.733333,39.524705,138.976223,168.490444,343.685702,89.005321,310.454301,376.917104,913.198333,225.000288,829.191279,997.205388,0.430513,0.015613,0.424684,0.436342,1,0,1,1,0.461168,0.006585,0.458709,0.463626,38.885,1.336242,38.386095,39.383905,3232.5725,38.494979,3218.199853,3246.945147,498.884889,1.739209,498.235531,499.534247,0.34839,0.006785,0.345857,0.350924,0.541667,0.007689,0.538796,0.544538
D45_centered_P0_F2_C1_E1,P0,P0,45,concentrated,centered,2,1,1,0,0,,30,1505.7,41.635653,1490.154737,1521.245263,1425.4,17.173757,1418.987934,1431.812066,0.947221,0.022805,0.938707,0.955736,80.3,36.257841,66.76262,93.83738,84.9,34.273092,72.103654,97.696346,186.712127,80.381509,156.700548,216.723705,494.436667,205.099362,417.859905,571.013428,0.440337,0.01591,0.434397,0.446278,1,0,1,1,0.457749,0.005732,0.455609,0.459889,83.953333,2.61227,82.978005,84.928661,4818.96,58.047339,4797.287201,4840.632799,1013.692667,15.857305,1007.772116,1019.613217,0.578016,0.00641,0.575623,0.580409,0,0,0,0
D45_centered_P1_F2_C1_E1,P1,P1,45,concentrated,centered,2,1,1,0,0,,30,1505.7,41.635653,1490.154737,1521.245263,1276.966667,18.035374,1270.232904,1283.70043,0.848617,0.022722,0.840133,0.8571,228.733333,39.637089,213.934263,243.532404,229.566667,39.629041,214.770601,244.362732,524.565101,85.501303,492.641974,556.488227,1391.57,212.449014,1312.249142,1470.890858,0.450399,0.023422,0.441654,0.459144,1,0,1,1,0.476633,0.006566,0.474182,0.479085,51.266667,1.552158,50.687146,51.846187,3498.783333,50.128498,3480.067146,3517.49952,155.501481,2.227933,154.669651,156.333312,0.543704,0.007601,0.540866,0.546542,0,0,0,0
D45_centered_P2-B34_F2_C1_E1,P2,P2-B34,45,concentrated,centered,2,1,1,0,0,34,30,1505.7,41.635653,1490.154737,1521.245263,1343.7,18.655035,1336.734877,1350.665123,0.89297,0.02403,0.883999,0.901942,162,39.925793,147.093138,176.906862,163.033333,39.941754,148.120512,177.946155,366.106485,88.603758,333.025013,399.187957,972.735,225.257858,888.631778,1056.838222,0.432258,0.018222,0.425454,0.439061,1,0,1,1,0.464776,0.006693,0.462277,0.467275,33.6,0,33.6,33.6,4211.543333,53.416688,4191.599454,4231.487213,590.21637,2.614118,589.240352,591.192389,0.286674,0.004715,0.284913,0.288434,0,0,0,0
D45_centered_P3-D_F2_C1_E1,P3-D,P3-D,45,concentrated,centered,2,1,1,1,0.6,,30,1505.7,41.635653,1490.154737,1521.245263,1331.7,16.848514,1325.409368,1337.990632,0.88501,0.023831,0.876112,0.893907,174,39.953421,159.082822,188.917178,174.733333,40.033549,159.786239,189.680428,389.826983,88.188909,356.900401,422.753566,1043.5,222.997386,960.240757,1126.759243,0.437568,0.019455,0.430304,0.444832,1,0,1,1,0.464874,0.006422,0.462476,0.467272,40.293333,0.924357,39.948211,40.638455,4130.263333,45.701622,4113.199983,4147.326683,538.490593,2.062967,537.720354,539.260831,0.263351,0.009489,0.259808,0.266893,0.353395,0.014956,0.347811,0.358979
D45_centered_P0_F2_C1_E1p25,P0,P0,45,concentrated,centered,2,1,1.25,0,0,,30,1505.7,41.635653,1490.154737,1521.245263,1425.4,17.173757,1418.987934,1431.812066,0.947221,0.022805,0.938707,0.955736,80.3,36.257841,66.76262,93.83738,84.9,34.273092,72.103654,97.696346,186.712127,80.381509,156.700548,216.723705,494.436667,205.099362,417.859905,571.013428,0.440337,0.01591,0.434397,0.446278,1,0,1,1,0.457749,0.005732,0.455609,0.459889,104.941667,3.265337,103.722507,106.160827,6023.7,72.559173,5996.609002,6050.790998,1267.115833,19.821632,1259.715146,1274.516521,0.578016,0.00641,0.575623,0.580409,0,0,0,0
D45_centered_P1_F2_C1_E1p25,P1,P1,45,concentrated,centered,2,1,1.25,0,0,,30,1505.7,41.635653,1490.154737,1521.245263,1276.966667,18.035374,1270.232904,1283.70043,0.848617,0.022722,0.840133,0.8571,228.733333,39.637089,213.934263,243.532404,229.566667,39.629041,214.770601,244.362732,524.565101,85.501303,492.641974,556.488227,1391.57,212.449014,1312.249142,1470.890858,0.450399,0.023422,0.441654,0.459144,1,0,1,1,0.476633,0.006566,0.474182,0.479085,64.083333,1.940198,63.358933,64.807734,4373.479167,62.660622,4350.083933,4396.8744,194.376852,2.784917,193.337064,195.41664,0.543704,0.007601,0.540866,0.546542,0,0,0,0
D45_centered_P2-B34_F2_C1_E1p25,P2,P2-B34,45,concentrated,centered,2,1,1.25,0,0,34,30,1505.7,41.635653,1490.154737,1521.245263,1321.3,17.93119,1314.605135,1327.994865,0.878097,0.023994,0.869139,0.887056,184.4,40.454828,169.295615,199.504385,185.033333,40.551783,169.892749,200.173918,418.136178,91.054568,384.139661,452.132695,1111.43,229.314108,1025.812319,1197.047681,0.450587,0.020175,0.443055,0.45812,1,0,1,1,0.466872,0.006661,0.464385,0.469359,33.25,0,33.25,33.25,5051.9125,62.742342,5028.486755,5075.338245,623.529444,2.788549,622.4883,624.570589,0.164502,0.005109,0.162595,0.166409,0,0,0,0
D45_centered_P3-D_F2_C1_E1p25,P3-D,P3-D,45,concentrated,centered,2,1,1.25,1,0.6,,30,1505.7,41.635653,1490.154737,1521.245263,1308.866667,17.911147,1302.179285,1315.554048,0.869823,0.023389,0.861091,0.878556,196.833333,39.854981,181.95291,211.713757,197.533333,39.959232,182.613986,212.45268,444.506003,88.158877,411.590634,477.421372,1191.521667,220.786282,1109.087971,1273.955362,0.456742,0.024341,0.447654,0.46583,1,0,1,1,0.466726,0.006746,0.464207,0.469245,41.433333,2.76733,40.400111,42.466555,4951.258333,60.42585,4928.697484,4973.819183,574.430926,2.685593,573.428221,575.43363,0.110781,0.009202,0.107345,0.114217,0.274228,0.00857,0.271029,0.277428
D45_centered_P0_F2_C2_E0p75,P0,P0,45,concentrated,centered,2,2,0.75,0,0,,30,1505.7,41.635653,1490.154737,1521.245263,1448.366667,19.66878,1441.023048,1455.710285,0.962409,0.020606,0.954715,0.970103,57.333333,32.500752,45.198716,69.467951,64.8,29.042656,53.956512,75.643488,136.338056,70.014361,110.197199,162.478912,368.445,178.40388,301.835376,435.054624,0,0,0,0,0,0,0,0,0.465091,0.006537,0.46265,0.467532,64.61,2.319089,63.744135,65.475865,3672.6475,50.280398,3653.874599,3691.420401,772.753778,13.500265,767.713262,777.794294,0.578188,0.006521,0.575753,0.580622,0,0,0,0
D45_centered_P1_F2_C2_E0p75,P1,P1,45,concentrated,centered,2,2,0.75,0,0,,30,1505.7,41.635653,1490.154737,1521.245263,1448.366667,19.66878,1441.023048,1455.710285,0.962409,0.020606,0.954715,0.970103,57.333333,32.500752,45.198716,69.467951,64.8,29.042656,53.956512,75.643488,136.338056,70.014361,110.197199,162.478912,368.445,178.40388,301.835376,435.054624,0,0,0,0,0,0,0,0,0.465091,0.006537,0.46265,0.467532,51.065,1.978512,50.326295,51.803705,3498.7875,46.220147,3481.530551,3516.044449,612.899167,11.551712,608.586171,617.212162,0.353234,0.012348,0.348623,0.357844,0,0,0,0
D45_centered_P2-B34_F2_C2_E0p75,P2,P2-B34,45,concentrated,centered,2,2,0.75,0,0,34,30,1505.7,41.635653,1490.154737,1521.245263,1390.1,18.688647,1383.122328,1397.077672,0.923798,0.024322,0.914717,0.932879,115.6,39.272347,100.937111,130.262889,117.633333,38.895513,103.111141,132.155526,260.67559,88.678867,227.566075,293.785105,692.375,222.655603,609.243367,775.506633,0,0,0,0,0,0,0,0,0.469359,0.006617,0.466888,0.47183,33.6,0,33.6,33.6,3352.7075,41.212364,3337.320278,3368.094722,548.551722,3.926447,547.085727,550.017717,0.385865,0.006461,0.383452,0.388277,0,0,0,0
D45_centered_P3-D_F2_C2_E0p75,P3-D,P3-D,45,concentrated,centered,2,2,0.75,1,0.6,,30,1505.7,41.635653,1490.154737,1521.245263,1375.366667,17.769566,1368.732147,1382.001187,0.914011,0.023998,0.905051,0.922971,130.333333,39.148993,115.7165,144.950166,131.866667,38.874452,117.352338,146.380996,293.353291,89.336571,259.998213,326.70837,778.868333,221.101686,696.316877,861.41979,0,0,0,0,0,0,0,0,0.46931,0.006609,0.466842,0.471777,38.92,1.348984,38.416338,39.423662,3279.9025,38.200904,3265.63965,3294.16535,500.988444,1.725647,500.34415,501.632739,0.341055,0.006935,0.338465,0.343644,0.536111,0.008884,0.532794,0.539428
D45_centered_P0_F2_C2_E1,P0,P0,45,concentrated,centered,2,2,1,0,0,,30,1505.7,41.635653,1490.154737,1521.245263,1448.366667,19.66878,1441.023048,1455.710285,0.962409,0.020606,0.954715,0.970103,57.333333,32.500752,45.198716,69.467951,64.8,29.042656,53.956512,75.643488,136.338056,70.014361,110.197199,162.478912,368.445,178.40388,301.835376,435.054624,0,0,0,0,0,0,0,0,0.465091,0.006537,0.46265,0.467532,86.146667,3.092118,84.99218,87.301153,4896.863333,67.040531,4871.832799,4921.893868,1030.33837,18.000354,1023.617682,1037.059058,0.578188,0.006521,0.575753,0.580622,0,0,0,0
D45_centered_P1_F2_C2_E1,P1,P1,45,concentrated,centered,2,2,1,0,0,,30,1505.7,41.635653,1490.154737,1521.245263,1297.066667,18.816598,1290.041222,1304.092111,0.861974,0.023248,0.853294,0.870654,208.633333,39.876952,193.744707,223.52196,209.566667,39.729849,194.732963,224.40037,477.528565,89.055147,444.278561,510.77857,1268.976667,217.419018,1187.800187,1350.153147,0,0,0,0,0,0,0,0,0.484146,0.006794,0.48161,0.486683,52.133333,1.613164,51.531036,52.735631,3553.8,52.471674,3534.208955,3573.391045,157.946667,2.332074,157.075954,158.81738,0.54386,0.007669,0.540997,0.546723,0,0,0,0
D45_centered_P2-B34_F2_C2_E1,P2,P2-B34,45,concentrated,centered,2,2,1,0,0,34,30,1505.7,41.635653,1490.154737,1521.245263,1364.533333,18.418007,1357.656709,1371.409958,0.906819,0.024364,0.897723,0.915915,141.166667,39.937955,126.255264,156.07807,142.466667,39.788001,127.611251,157.322082,318.491541,90.767917,284.602049,352.381032,841.55,225.968099,757.181599,925.918401,0,0,0,0,0,0,0,0,0.472711,0.0067,0.47021,0.475213,33.6,0,33.6,33.6,4268.38,52.671751,4248.714253,4288.045747,592.719111,2.603578,591.747028,593.691194,0.276094,0.004651,0.274358,0.27783,0,0,0,0
D45_centered_P3-D_F2_C2_E1,P3-D,P3-D,45,concentrated,centered,2,2,1,1,0.6,,30,1505.7,41.635653,1490.154737,1521.245263,1351.766667,17.725266,1345.148687,1358.384647,0.898338,0.024078,0.889348,0.907328,153.933333,39.852256,139.053927,168.812739,155.1,39.804133,140.238562,169.961438,342.590564,90.365949,308.851153,376.329975,918.111667,226.632024,833.49538,1002.727953,0,0,0,0,0,0,0,0,0.472749,0.006662,0.470261,0.475236,41.58,1.397387,41.058266,42.101734,4184.51,47.910307,4166.622006,4202.397994,540.901556,2.163584,540.093751,541.70936,0.251763,0.010277,0.247926,0.2556,0.342438,0.012065,0.337933,0.346943
D45_centered_P0_F2_C2_E1p25,P0,P0,45,concentrated,centered,2,2,1.25,0,0,,30,1505.7,41.635653,1490.154737,1521.245263,1448.366667,19.66878,1441.023048,1455.710285,0.962409,0.020606,0.954715,0.970103,57.333333,32.500752,45.198716,69.467951,64.8,29.042656,53.956512,75.643488,136.338056,70.014361,110.197199,162.478912,368.445,178.40388,301.835376,435.054624,0,0,0,0,0,0,0,0,0.465091,0.006537,0.46265,0.467532,107.683333,3.865148,106.240225,109.126441,6121.079167,83.800663,6089.790998,6152.367335,1287.922963,22.500442,1279.522103,1296.323823,0.578188,0.006521,0.575753,0.580622,0,0,0,0
D45_centered_P1_F2_C2_E1p25,P1,P1,45,concentrated,centered,2,2,1.25,0,0,,30,1505.7,41.635653,1490.154737,1521.245263,1297.066667,18.816598,1290.041222,1304.092111,0.861974,0.023248,0.853294,0.870654,208.633333,39.876952,193.744707,223.52196,209.566667,39.729849,194.732963,224.40037,477.528565,89.055147,444.278561,510.77857,1268.976667,217.419018,1187.800187,1350.153147,0,0,0,0,0,0,0,0,0.484146,0.006794,0.48161,0.486683,65.166667,2.016455,64.413794,65.919539,4442.25,65.589592,4417.761194,4466.738806,197.433333,2.915093,196.344942,198.521725,0.54386,0.007669,0.540997,0.546723,0,0,0,0
D45_centered_P2-B34_F2_C2_E1p25,P2,P2-B34,45,concentrated,centered,2,2,1.25,0,0,34,30,1505.7,41.635653,1490.154737,1521.245263,1342.133333,18.072142,1335.385842,1348.880824,0.891933,0.023951,0.882991,0.900875,163.566667,39.8875,148.674102,178.459232,164.466667,39.742042,149.628411,179.304923,368.277461,89.91903,334.704914,401.850009,980.021667,226.561391,895.431752,1064.611582,0,0,0,0,0,0,0,0,0.475224,0.006594,0.472762,0.477686,33.25,0,33.25,33.25,5122.2,63.180738,5098.610574,5145.789426,626.653333,2.808033,625.604914,627.701752,0.153252,0.005119,0.151341,0.155163,0,0,0,0
D45_centered_P3-D_F2_C2_E1p25,P3-D,P3-D,45,concentrated,centered,2,2,1.25,1,0.6,,30,1505.7,41.635653,1490.154737,1521.245263,1330.4,17.301784,1323.940133,1336.859867,0.884144,0.023885,0.875227,0.893062,175.3,40.118059,160.321353,190.278647,176.1,40.152597,161.108457,191.091543,393.726424,88.990777,360.500453,426.952395,1053.43,224.666991,969.547387,1137.312613,0,0,0,0,0,0,0,0,0.475304,0.006688,0.472807,0.477801,41.25,2.653479,40.259286,42.240714,5023.991667,58.3808,5002.194365,5045.788968,577.663519,2.594702,576.69475,578.632287,0.100638,0.007849,0.097707,0.103568,0.239352,0.01186,0.234924,0.24378
D45_centered_P0_F2_CU_E0p75,P0,P0,45,concentrated,centered,2,unlimited,0.75,0,0,,30,1505.7,41.635653,1490.154737,1521.245263,1448.366667,19.66878,1441.023048,1455.710285,0.962409,0.020606,0.954715,0.970103,57.333333,32.500752,45.198716,69.467951,64.8,29.042656,53.956512,75.643488,136.338056,70.014361,110.197199,162.478912,368.445,178.40388,301.835376,435.054624,0,0,0,0,0,0,0,0,0.465091,0.006537,0.46265,0.467532,64.61,2.319089,63.744135,65.475865,3672.6475,50.280398,3653.874599,3691.420401,772.753778,13.500265,767.713262,777.794294,0.578188,0.006521,0.575753,0.580622,0,0,0,0
D45_centered_P1_F2_CU_E0p75,P1,P1,45,concentrated,centered,2,unlimited,0.75,0,0,,30,1505.7,41.635653,1490.154737,1521.245263,1448.366667,19.66878,1441.023048,1455.710285,0.962409,0.020606,0.954715,0.970103,57.333333,32.500752,45.198716,69.467951,64.8,29.042656,53.956512,75.643488,136.338056,70.014361,110.197199,162.478912,368.445,178.40388,301.835376,435.054624,0,0,0,0,0,0,0,0,0.465091,0.006537,0.46265,0.467532,51.065,1.978512,50.326295,51.803705,3498.7875,46.220147,3481.530551,3516.044449,612.899167,11.551712,608.586171,617.212162,0.353234,0.012348,0.348623,0.357844,0,0,0,0
D45_centered_P2-B34_F2_CU_E0p75,P2,P2-B34,45,concentrated,centered,2,unlimited,0.75,0,0,34,30,1505.7,41.635653,1490.154737,1521.245263,1390.1,18.688647,1383.122328,1397.077672,0.923798,0.024322,0.914717,0.932879,115.6,39.272347,100.937111,130.262889,117.633333,38.895513,103.111141,132.155526,260.67559,88.678867,227.566075,293.785105,692.375,222.655603,609.243367,775.506633,0,0,0,0,0,0,0,0,0.469359,0.006617,0.466888,0.47183,33.6,0,33.6,33.6,3352.7075,41.212364,3337.320278,3368.094722,548.551722,3.926447,547.085727,550.017717,0.385865,0.006461,0.383452,0.388277,0,0,0,0
D45_centered_P3-D_F2_CU_E0p75,P3-D,P3-D,45,concentrated,centered,2,unlimited,0.75,1,0.6,,30,1505.7,41.635653,1490.154737,1521.245263,1375.366667,17.769566,1368.732147,1382.001187,0.914011,0.023998,0.905051,0.922971,130.333333,39.148993,115.7165,144.950166,131.866667,38.874452,117.352338,146.380996,293.353291,89.336571,259.998213,326.70837,778.868333,221.101686,696.316877,861.41979,0,0,0,0,0,0,0,0,0.46931,0.006609,0.466842,0.471777,38.92,1.348984,38.416338,39.423662,3279.9025,38.200904,3265.63965,3294.16535,500.988444,1.725647,500.34415,501.632739,0.341055,0.006935,0.338465,0.343644,0.536111,0.008884,0.532794,0.539428
D45_centered_P0_F2_CU_E1,P0,P0,45,concentrated,centered,2,unlimited,1,0,0,,30,1505.7,41.635653,1490.154737,1521.245263,1448.366667,19.66878,1441.023048,1455.710285,0.962409,0.020606,0.954715,0.970103,57.333333,32.500752,45.198716,69.467951,64.8,29.042656,53.956512,75.643488,136.338056,70.014361,110.197199,162.478912,368.445,178.40388,301.835376,435.054624,0,0,0,0,0,0,0,0,0.465091,0.006537,0.46265,0.467532,86.146667,3.092118,84.99218,87.301153,4896.863333,67.040531,4871.832799,4921.893868,1030.33837,18.000354,1023.617682,1037.059058,0.578188,0.006521,0.575753,0.580622,0,0,0,0
D45_centered_P1_F2_CU_E1,P1,P1,45,concentrated,centered,2,unlimited,1,0,0,,30,1505.7,41.635653,1490.154737,1521.245263,1297.066667,18.816598,1290.041222,1304.092111,0.861974,0.023248,0.853294,0.870654,208.633333,39.876952,193.744707,223.52196,209.566667,39.729849,194.732963,224.40037,477.528565,89.055147,444.278561,510.77857,1268.976667,217.419018,1187.800187,1350.153147,0,0,0,0,0,0,0,0,0.484146,0.006794,0.48161,0.486683,52.133333,1.613164,51.531036,52.735631,3553.8,52.471674,3534.208955,3573.391045,157.946667,2.332074,157.075954,158.81738,0.54386,0.007669,0.540997,0.546723,0,0,0,0
D45_centered_P2-B34_F2_CU_E1,P2,P2-B34,45,concentrated,centered,2,unlimited,1,0,0,34,30,1505.7,41.635653,1490.154737,1521.245263,1364.533333,18.418007,1357.656709,1371.409958,0.906819,0.024364,0.897723,0.915915,141.166667,39.937955,126.255264,156.07807,142.466667,39.788001,127.611251,157.322082,318.491541,90.767917,284.602049,352.381032,841.55,225.968099,757.181599,925.918401,0,0,0,0,0,0,0,0,0.472711,0.0067,0.47021,0.475213,33.6,0,33.6,33.6,4268.38,52.671751,4248.714253,4288.045747,592.719111,2.603578,591.747028,593.691194,0.276094,0.004651,0.274358,0.27783,0,0,0,0
D45_centered_P3-D_F2_CU_E1,P3-D,P3-D,45,concentrated,centered,2,unlimited,1,1,0.6,,30,1505.7,41.635653,1490.154737,1521.245263,1351.766667,17.725266,1345.148687,1358.384647,0.898338,0.024078,0.889348,0.907328,153.933333,39.852256,139.053927,168.812739,155.1,39.804133,140.238562,169.961438,342.590564,90.365949,308.851153,376.329975,918.111667,226.632024,833.49538,1002.727953,0,0,0,0,0,0,0,0,0.472749,0.006662,0.470261,0.475236,41.58,1.397387,41.058266,42.101734,4184.51,47.910307,4166.622006,4202.397994,540.901556,2.163584,540.093751,541.70936,0.251763,0.010277,0.247926,0.2556,0.342438,0.012065,0.337933,0.346943
D45_centered_P0_F2_CU_E1p25,P0,P0,45,concentrated,centered,2,unlimited,1.25,0,0,,30,1505.7,41.635653,1490.154737,1521.245263,1448.366667,19.66878,1441.023048,1455.710285,0.962409,0.020606,0.954715,0.970103,57.333333,32.500752,45.198716,69.467951,64.8,29.042656,53.956512,75.643488,136.338056,70.014361,110.197199,162.478912,368.445,178.40388,301.835376,435.054624,0,0,0,0,0,0,0,0,0.465091,0.006537,0.46265,0.467532,107.683333,3.865148,106.240225,109.126441,6121.079167,83.800663,6089.790998,6152.367335,1287.922963,22.500442,1279.522103,1296.323823,0.578188,0.006521,0.575753,0.580622,0,0,0,0
D45_centered_P1_F2_CU_E1p25,P1,P1,45,concentrated,centered,2,unlimited,1.25,0,0,,30,1505.7,41.635653,1490.154737,1521.245263,1297.066667,18.816598,1290.041222,1304.092111,0.861974,0.023248,0.853294,0.870654,208.633333,39.876952,193.744707,223.52196,209.566667,39.729849,194.732963,224.40037,477.528565,89.055147,444.278561,510.77857,1268.976667,217.419018,1187.800187,1350.153147,0,0,0,0,0,0,0,0,0.484146,0.006794,0.48161,0.486683,65.166667,2.016455,64.413794,65.919539,4442.25,65.589592,4417.761194,4466.738806,197.433333,2.915093,196.344942,198.521725,0.54386,0.007669,0.540997,0.546723,0,0,0,0
D45_centered_P2-B34_F2_CU_E1p25,P2,P2-B34,45,concentrated,centered,2,unlimited,1.25,0,0,34,30,1505.7,41.635653,1490.154737,1521.245263,1342.133333,18.072142,1335.385842,1348.880824,0.891933,0.023951,0.882991,0.900875,163.566667,39.8875,148.674102,178.459232,164.466667,39.742042,149.628411,179.304923,368.277461,89.91903,334.704914,401.850009,980.021667,226.561391,895.431752,1064.611582,0,0,0,0,0,0,0,0,0.475224,0.006594,0.472762,0.477686,33.25,0,33.25,33.25,5122.2,63.180738,5098.610574,5145.789426,626.653333,2.808033,625.604914,627.701752,0.153252,0.005119,0.151341,0.155163,0,0,0,0
D45_centered_P3-D_F2_CU_E1p25,P3-D,P3-D,45,concentrated,centered,2,unlimited,1.25,1,0.6,,30,1505.7,41.635653,1490.154737,1521.245263,1330.4,17.301784,1323.940133,1336.859867,0.884144,0.023885,0.875227,0.893062,175.3,40.118059,160.321353,190.278647,176.1,40.152597,161.108457,191.091543,393.726424,88.990777,360.500453,426.952395,1053.43,224.666991,969.547387,1137.312613,0,0,0,0,0,0,0,0,0.475304,0.006688,0.472807,0.477801,41.25,2.653479,40.259286,42.240714,5023.991667,58.3808,5002.194365,5045.788968,577.663519,2.594702,576.69475,578.632287,0.100638,0.007849,0.097707,0.103568,0.239352,0.01186,0.234924,0.24378
D45_centered_P0_F4_C1_E0p75,P0,P0,45,concentrated,centered,4,1,0.75,0,0,,30,1505.7,41.635653,1490.154737,1521.245263,1491.433333,35.221157,1478.283014,1504.583653,0.990657,0.008202,0.987595,0.993719,14.266667,12.787206,9.492382,19.040952,27.7,11.399183,23.443953,31.956047,38.664944,27.100937,28.546424,48.783464,130.91,73.559124,103.445656,158.374344,8.65677,0.579509,8.440402,8.873137,3,0,3,3,0.239449,0.005715,0.237315,0.241583,68.88,3.01558,67.75409,70.00591,3782.0075,91.104264,3747.992429,3816.022571,795.919222,22.300718,787.592932,804.245512,0.578293,0.006348,0.575922,0.580663,0,0,0,0
D45_centered_P1_F4_C1_E0p75,P1,P1,45,concentrated,centered,4,1,0.75,0,0,,30,1505.7,41.635653,1490.154737,1521.245263,1491.433333,35.221157,1478.283014,1504.583653,0.990657,0.008202,0.987595,0.993719,14.266667,12.787206,9.492382,19.040952,27.7,11.399183,23.443953,31.956047,38.664944,27.100937,28.546424,48.783464,130.91,73.559124,103.445656,158.374344,8.65677,0.579509,8.440402,8.873137,3,0,3,3,0.239449,0.005715,0.237315,0.241583,54.355,2.683132,53.353214,55.356786,3603.0875,83.93715,3571.748372,3634.426628,631.412222,17.067178,625.039949,637.784496,0.353525,0.012168,0.348982,0.358068,0,0,0,0
D45_centered_P2-B34_F4_C1_E0p75,P2,P2-B34,45,concentrated,centered,4,1,0.75,0,0,34,30,1505.7,41.635653,1490.154737,1521.245263,1452.566667,20.6526,1444.855725,1460.277608,0.965168,0.019519,0.95788,0.972456,53.133333,30.772506,41.643981,64.622686,59.366667,27.919198,48.942637,69.790696,116.2373,64.321508,92.221951,140.252649,330.726667,168.637886,267.763316,393.690018,10.168141,0.39963,10.018933,10.317348,3,0,3,3,0.246337,0.003767,0.24493,0.247743,33.6,0,33.6,33.6,3486.5375,45.229995,3469.650239,3503.424761,554.429722,4.048796,552.918047,555.941398,0.366733,0.007484,0.363939,0.369528,0,0,0,0
D45_centered_P3-D_F4_C1_E0p75,P3-D,P3-D,45,concentrated,centered,4,1,0.75,1,0.6,,30,1505.7,41.635653,1490.154737,1521.245263,1440.4,18.790313,1433.38437,1447.41563,0.957141,0.021424,0.949143,0.96514,65.3,33.849719,52.661727,77.938273,70.166667,31.556281,58.384681,81.948652,141.763966,71.613663,115.025987,168.501945,399.385,188.233161,329.105475,469.664525,10.428345,0.30949,10.312793,10.543898,3,0,3,3,0.246878,0.003436,0.245595,0.248161,38.955,1.360676,38.446972,39.463028,3419.6,40.007229,3404.662733,3434.537267,507.232222,1.86854,506.534576,507.929868,0.325016,0.007276,0.3223,0.327733,0.484259,0.012134,0.479729,0.48879
D45_centered_P0_F4_C1_E1,P0,P0,45,concentrated,centered,4,1,1,0,0,,30,1505.7,41.635653,1490.154737,1521.245263,1491.433333,35.221157,1478.283014,1504.583653,0.990657,0.008202,0.987595,0.993719,14.266667,12.787206,9.492382,19.040952,27.7,11.399183,23.443953,31.956047,38.664944,27.100937,28.546424,48.783464,130.91,73.559124,103.445656,158.374344,8.65677,0.579509,8.440402,8.873137,3,0,3,3,0.239449,0.005715,0.237315,0.241583,91.84,4.020774,90.338787,93.341213,5042.676667,121.472352,4997.323238,5088.030095,1061.22563,29.734291,1050.12391,1072.32735,0.578293,0.006348,0.575922,0.580663,0,0,0,0
D45_centered_P1_F4_C1_E1,P1,P1,45,concentrated,centered,4,1,1,0,0,,30,1505.7,41.635653,1490.154737,1521.245263,1365.966667,18.579713,1359.029667,1372.903667,0.90776,0.023961,0.898813,0.916706,139.733333,39.31564,125.054281,154.412386,141.3,39.132974,126.689148,155.910852,312.577053,91.039381,278.586207,346.5679,837.418333,224.118883,753.740364,921.096303,12.01763,0.208483,11.93979,12.09547,3,0,3,3,0.254972,0.003342,0.253724,0.256219,55.833333,1.440386,55.295545,56.371122,3742.496667,51.90863,3723.115842,3761.877491,166.333185,2.30705,165.471815,167.194555,0.544062,0.007706,0.541185,0.54694,0,0,0,0
D45_centered_P2-B34_F4_C1_E1,P2,P2-B34,45,concentrated,centered,4,1,1,0,0,34,30,1505.7,41.635653,1490.154737,1521.245263,1428.966667,18.31804,1422.127366,1435.805967,0.94957,0.022321,0.941236,0.957904,76.733333,35.391343,63.519473,89.947194,80.533333,33.840124,67.898642,93.168025,166.727307,77.501902,137.790871,195.663744,461.22,200.044466,386.530556,535.909444,10.747088,0.259993,10.650016,10.84416,3,0,3,3,0.248906,0.003285,0.247679,0.250132,33.6,0,33.6,33.6,4442.963333,52.279286,4423.444119,4462.482548,600.455037,2.650528,599.465425,601.444649,0.241592,0.00492,0.239755,0.243428,0,0,0,0
D45_centered_P3-D_F4_C1_E1,P3-D,P3-D,45,concentrated,centered,4,1,1,1,0.6,,30,1505.7,41.635653,1490.154737,1521.245263,1416.333333,17.39071,1409.840265,1422.826402,0.941207,0.023225,0.932535,0.949878,89.366667,37.043761,75.535852,103.197481,92.233333,36.258348,78.695764,105.770903,188.1189,80.399717,158.100523,218.137277,532.323333,209.924906,453.944886,610.70178,10.90648,0.234523,10.818918,10.994043,3,0,3,3,0.249011,0.003234,0.247804,0.250218,45.026667,1.553846,44.446516,45.606817,4358.88,47.01631,4341.325793,4376.434207,548.651333,2.110015,547.863529,549.439138,0.215817,0.009219,0.212375,0.219259,0.327469,0.005694,0.325343,0.329595
D45_centered_P0_F4_C1_E1p25,P0,P0,45,concentrated,centered,4,1,1.25,0,0,,30,1505.7,41.635653,1490.154737,1521.245263,1491.433333,35.221157,1478.283014,1504.583653,0.990657,0.008202,0.987595,0.993719,14.266667,12.787206,9.492382,19.040952,27.7,11.399183,23.443953,31.956047,38.664944,27.100937,28.546424,48.783464,130.91,73.559124,103.445656,158.374344,8.65677,0.579509,8.440402,8.873137,3,0,3,3,0.239449,0.005715,0.237315,0.241583,114.8,5.025967,112.923484,116.676516,6303.345833,151.840439,6246.654048,6360.037619,1326.532037,37.167863,1312.654887,1340.409187,0.578293,0.006348,0.575922,0.580663,0,0,0,0
D45_centered_P1_F4_C1_E1p25,P1,P1,45,concentrated,centered,4,1,1.25,0,0,,30,1505.7,41.635653,1490.154737,1521.245263,1365.966667,18.579713,1359.029667,1372.903667,0.90776,0.023961,0.898813,0.916706,139.733333,39.31564,125.054281,154.412386,141.3,39.132974,126.689148,155.910852,312.577053,91.039381,278.586207,346.5679,837.418333,224.118883,753.740364,921.096303,12.01763,0.208483,11.93979,12.09547,3,0,3,3,0.254972,0.003342,0.253724,0.256219,69.791667,1.800483,69.119431,70.463903,4678.120833,64.885787,4653.894803,4702.346864,207.916481,2.883813,206.839769,208.993194,0.544062,0.007706,0.541185,0.54694,0,0,0,0
D45_centered_P2-B34_F4_C1_E1p25,P2,P2-B34,45,concentrated,centered,4,1,1.25,0,0,34,30,1505.7,41.635653,1490.154737,1521.245263,1407.233333,17.911051,1400.545988,1413.920679,0.935172,0.023786,0.926291,0.944053,98.466667,38.109401,84.23798,112.695353,100.966667,37.294248,87.042329,114.891004,216.111071,85.079302,184.345505,247.876637,589.181667,214.656635,509.036562,669.326771,11.145952,0.220546,11.063608,11.228296,3,0,3,3,0.250327,0.003331,0.249083,0.251571,33.25,0,33.25,33.25,5341.8125,62.451988,5318.495163,5365.129837,636.413889,2.775644,635.377563,637.450215,0.119948,0.005477,0.117903,0.121993,0,0,0,0
D45_centered_P3-D_F4_C1_E1p25,P3-D,P3-D,45,concentrated,centered,4,1,1.25,1,0.6,,30,1505.7,41.635653,1490.154737,1521.245263,1394.533333,17.924619,1387.840922,1401.225744,0.926734,0.023717,0.917879,0.935589,111.166667,38.32986,96.855669,125.477665,112.8,37.954056,98.629314,126.970686,242.358044,87.051607,209.856089,274.859998,660.588333,216.939681,579.590821,741.585846,11.276091,0.214575,11.195977,11.356206,3,0,3,3,0.250188,0.003377,0.248927,0.251449,41.433333,3.079537,40.283544,42.583122,5240.4,60.506584,5217.809007,5262.990993,587.281667,2.689182,586.277623,588.285711,0.079264,0.004059,0.077749,0.080779,0.16466,0.016478,0.158508,0.170813
D45_centered_P0_F4_C2_E0p75,P0,P0,45,concentrated,centered,4,2,0.75,0,0,,30,1505.7,41.635653,1490.154737,1521.245263,1504.233333,41.69899,1488.664423,1519.802244,0.999024,0.000864,0.998702,0.999347,1.466667,1.306043,0.979037,1.954296,5.3,1.118805,4.882278,5.717722,0.7817,0.187112,0.711839,0.851561,5.928333,1.147988,5.499716,6.356951,0.361106,0.028267,0.350553,0.37166,2,0,2,2,0.241513,0.006789,0.238978,0.244047,75.635,5.15488,73.710352,77.559648,3814.4675,107.312902,3774.400703,3854.534297,802.751889,25.380923,793.275561,812.228217,0.578292,0.006402,0.575902,0.580683,0,0,0,0
D45_centered_P1_F4_C2_E0p75,P1,P1,45,concentrated,centered,4,2,0.75,0,0,,30,1505.7,41.635653,1490.154737,1521.245263,1504.233333,41.69899,1488.664423,1519.802244,0.999024,0.000864,0.998702,0.999347,1.466667,1.306043,0.979037,1.954296,5.3,1.118805,4.882278,5.717722,0.7817,0.187112,0.711839,0.851561,5.928333,1.147988,5.499716,6.356951,0.361106,0.028267,0.350553,0.37166,2,0,2,2,0.241513,0.006789,0.238978,0.244047,57.575,3.741214,56.178165,58.971835,3633.7675,98.533203,3596.978728,3670.556272,636.608278,18.476747,629.709722,643.506834,0.353325,0.011981,0.348852,0.357798,0,0,0,0
D45_centered_P2-B34_F4_C2_E0p75,P2,P2-B34,45,concentrated,centered,4,2,0.75,0,0,34,30,1505.7,41.635653,1490.154737,1521.245263,1504.2,41.725209,1488.6213,1519.7787,0.999002,0.000883,0.998672,0.999331,1.5,1.332615,1.002449,1.997551,5.966667,1.245221,5.501746,6.431588,1.127512,0.298649,1.016007,1.239016,7.82,1.602885,7.22154,8.41846,0.396338,0.026113,0.386588,0.406087,2,0,2,2,0.256087,0.007887,0.253142,0.259031,33.81,0.057084,33.788687,33.831313,3596.105,89.166022,3562.813599,3629.396401,559.229389,5.165305,557.300849,561.157929,0.349678,0.014102,0.344413,0.354943,0,0,0,0
D45_centered_P3-D_F4_C2_E0p75,P3-D,P3-D,45,concentrated,centered,4,2,0.75,1,0.6,,30,1505.7,41.635653,1490.154737,1521.245263,1504.2,41.725209,1488.6213,1519.7787,0.999002,0.000883,0.998672,0.999331,1.5,1.332615,1.002449,1.997551,6.133333,1.252125,5.665835,6.600832,1.191038,0.307245,1.076323,1.305752,8.12,1.58732,7.527351,8.712649,0.403754,0.027746,0.393395,0.414114,2,0,2,2,0.25873,0.007803,0.255816,0.261643,41.1075,2.157796,40.301856,41.913144,3556.22,88.841169,3523.049887,3589.390113,513.286722,3.987846,511.797803,514.775641,0.312988,0.011097,0.308845,0.317131,0.432253,0.018657,0.425287,0.439219
D45_centered_P0_F4_C2_E1,P0,P0,45,concentrated,centered,4,2,1,0,0,,30,1505.7,41.635653,1490.154737,1521.245263,1504.233333,41.69899,1488.664423,1519.802244,0.999024,0.000864,0.998702,0.999347,1.466667,1.306043,0.979037,1.954296,5.3,1.118805,4.882278,5.717722,0.7817,0.187112,0.711839,0.851561,5.928333,1.147988,5.499716,6.356951,0.361106,0.028267,0.350553,0.37166,2,0,2,2,0.241513,0.006789,0.238978,0.244047,100.846667,6.873173,98.28047,103.412863,5085.956667,143.083869,5032.534271,5139.379062,1070.335852,33.841231,1057.700747,1082.970956,0.578292,0.006402,0.575902,0.580683,0,0,0,0
D45_centered_P1_F4_C2_E1,P1,P1,45,concentrated,centered,4,2,1,0,0,,30,1505.7,41.635653,1490.154737,1521.245263,1504.2,41.725209,1488.6213,1519.7787,0.999002,0.000883,0.998672,0.999331,1.5,1.332615,1.002449,1.997551,6.633333,1.325697,6.138366,7.128301,1.627166,0.384936,1.483444,1.770887,9.833333,1.706091,9.19634,10.470327,0.471969,0.028342,0.461388,0.482551,2,0,2,2,0.280784,0.007717,0.277903,0.283665,72.166667,4.864249,70.35053,73.982803,4120.96,113.760513,4078.485896,4163.434104,183.153778,5.056023,181.26604,185.041516,0.544612,0.007425,0.54184,0.547384,0,0,0,0
D45_centered_P2-B34_F4_C2_E1,P2,P2-B34,45,concentrated,centered,4,2,1,0,0,34,30,1505.7,41.635653,1490.154737,1521.245263,1504.033333,41.811138,1488.422551,1519.644116,0.99889,0.000977,0.998525,0.999254,1.666667,1.470007,1.117819,2.215515,6.666667,2.073367,5.892546,7.440788,1.391504,0.52594,1.195137,1.587872,9.088333,3.129881,7.919748,10.256919,0.419375,0.030791,0.407879,0.430872,2,0,2,2,0.263579,0.008055,0.260571,0.266586,33.746667,0.196053,33.673467,33.819866,4645.13,113.81977,4602.633771,4687.626229,609.440222,5.138441,607.521712,611.358732,0.201691,0.019875,0.19427,0.209112,0,0,0,0
D45_centered_P3-D_F4_C2_E1,P3-D,P3-D,45,concentrated,centered,4,2,1,1,0.6,,30,1505.7,41.635653,1490.154737,1521.245263,1504.033333,41.811138,1488.422551,1519.644116,0.99889,0.000977,0.998525,0.999254,1.666667,1.470007,1.117819,2.215515,6.5,1.279817,6.022162,6.977838,1.375971,0.363757,1.240157,1.511785,8.953333,1.669913,8.329848,9.576819,0.424248,0.029746,0.413142,0.435354,2,0,2,2,0.265967,0.008107,0.26294,0.268994,51.333333,4.570545,49.626855,53.039811,4595.67,112.915474,4553.511403,4637.828597,559.175333,5.036953,557.294715,561.055951,0.171588,0.02039,0.163975,0.179201,0.284568,0.021943,0.276375,0.292761
D45_centered_P0_F4_C2_E1p25,P0,P0,45,concentrated,centered,4,2,1.25,0,0,,30,1505.7,41.635653,1490.154737,1521.245263,1504.233333,41.69899,1488.664423,1519.802244,0.999024,0.000864,0.998702,0.999347,1.466667,1.306043,0.979037,1.954296,5.3,1.118805,4.882278,5.717722,0.7817,0.187112,0.711839,0.851561,5.928333,1.147988,5.499716,6.356951,0.361106,0.028267,0.350553,0.37166,2,0,2,2,0.241513,0.006789,0.238978,0.244047,126.058333,8.591466,122.850587,129.266079,6357.445833,178.854836,6290.667839,6424.223828,1337.919815,42.301539,1322.125934,1353.713695,0.578292,0.006402,0.575902,0.580683,0,0,0,0
D45_centered_P1_F4_C2_E1p25,P1,P1,45,concentrated,centered,4,2,1.25,0,0,,30,1505.7,41.635653,1490.154737,1521.245263,1504.2,41.725209,1488.6213,1519.7787,0.999002,0.000883,0.998672,0.999331,1.5,1.332615,1.002449,1.997551,6.633333,1.325697,6.138366,7.128301,1.627166,0.384936,1.483444,1.770887,9.833333,1.706091,9.19634,10.470327,0.471969,0.028342,0.461388,0.482551,2,0,2,2,0.280784,0.007717,0.277903,0.283665,90.208333,6.080311,87.938163,92.478504,5151.2,142.200641,5098.10737,5204.29263,228.942222,6.320028,226.58255,231.301895,0.544612,0.007425,0.54184,0.547384,0,0,0,0
D45_centered_P2-B34_F4_C2_E1p25,P2,P2-B34,45,concentrated,centered,4,2,1.25,0,0,34,30,1505.7,41.635653,1490.154737,1521.245263,1461.233333,21.861134,1453.071168,1469.395498,0.970894,0.018436,0.96401,0.977777,44.466667,28.962203,33.653217,55.280117,49.733333,26.25726,39.929812,59.536854,52.502891,45.909386,35.361969,69.643812,209.885,148.304478,154.513416,265.256584,0.446217,0.027964,0.435776,0.456658,2,0,2,2,0.260802,0.004059,0.259286,0.262317,33.75,0,33.75,33.75,5523.945833,75.029274,5495.932588,5551.959079,644.508704,3.334634,643.263671,645.753737,0.096135,0.008023,0.093139,0.09913,0,0,0,0
D45_centered_P3-D_F4_C2_E1p25,P3-D,P3-D,45,concentrated,centered,4,2,1.25,1,0.6,,30,1505.7,41.635653,1490.154737,1521.245263,1424.9,12.551549,1420.213701,1429.586299,0.946934,0.023449,0.93818,0.955689,80.8,37.196959,66.911987,94.688013,80.8,37.196959,66.911987,94.688013,46.837488,33.582003,34.29917,59.375806,292.833333,187.382957,222.871244,362.795423,0.438615,0.025146,0.429226,0.448003,2,0,2,2,0.256079,0.002376,0.255191,0.256966,54.583333,4.960331,52.731323,56.435343,5342.879167,42.366531,5327.06102,5358.697313,591.836296,1.882957,591.133268,592.539325,0.073404,0.001846,0.072715,0.074094,0.137809,0.016478,0.131656,0.143961
D45_centered_P0_F4_CU_E0p75,P0,P0,45,concentrated,centered,4,unlimited,0.75,0,0,,30,1505.7,41.635653,1490.154737,1521.245263,1504.233333,41.69899,1488.664423,1519.802244,0.999024,0.000864,0.998702,0.999347,1.466667,1.306043,0.979037,1.954296,5,0.982607,4.63313,5.36687,0.682279,0.157752,0.62338,0.741178,5.4,1.101723,4.988656,5.811344,0,0,0,0,0,0,0,0,0.241513,0.006789,0.238978,0.244047,75.635,5.15488,73.710352,77.559648,3814.4675,107.312902,3774.400703,3854.534297,802.751889,25.380923,793.275561,812.228217,0.578292,0.006402,0.575902,0.580683,0,0,0,0
D45_centered_P1_F4_CU_E0p75,P1,P1,45,concentrated,centered,4,unlimited,0.75,0,0,,30,1505.7,41.635653,1490.154737,1521.245263,1504.233333,41.69899,1488.664423,1519.802244,0.999024,0.000864,0.998702,0.999347,1.466667,1.306043,0.979037,1.954296,5,0.982607,4.63313,5.36687,0.682279,0.157752,0.62338,0.741178,5.4,1.101723,4.988656,5.811344,0,0,0,0,0,0,0,0,0.241513,0.006789,0.238978,0.244047,57.575,3.741214,56.178165,58.971835,3633.7675,98.533203,3596.978728,3670.556272,636.608278,18.476747,629.709722,643.506834,0.353325,0.011981,0.348852,0.357798,0,0,0,0
D45_centered_P2-B34_F4_CU_E0p75,P2,P2-B34,45,concentrated,centered,4,unlimited,0.75,0,0,34,30,1505.7,41.635653,1490.154737,1521.245263,1504.2,41.725209,1488.6213,1519.7787,0.999002,0.000883,0.998672,0.999331,1.5,1.332615,1.002449,1.997551,5.833333,1.261727,5.36225,6.304417,0.981695,0.256769,0.885827,1.077563,6.956667,1.381137,6.440999,7.472334,0,0,0,0,0,0,0,0,0.256084,0.007882,0.253141,0.259027,33.81,0.057084,33.788687,33.831313,3596.1,89.154975,3562.812723,3629.387277,559.229167,5.164946,557.300761,561.157573,0.349666,0.014117,0.344395,0.354937,0,0,0,0
D45_centered_P3-D_F4_CU_E0p75,P3-D,P3-D,45,concentrated,centered,4,unlimited,0.75,1,0.6,,30,1505.7,41.635653,1490.154737,1521.245263,1504.2,41.725209,1488.6213,1519.7787,0.999002,0.000883,0.998672,0.999331,1.5,1.332615,1.002449,1.997551,5.9,1.241523,5.43646,6.36354,1.034491,0.261825,0.936735,1.132247,7.233333,1.406471,6.708207,7.758459,0,0,0,0,0,0,0,0,0.25873,0.007803,0.255816,0.261643,41.1075,2.157796,40.301856,41.913144,3556.22,88.840343,3523.050195,3589.389805,513.286722,3.98781,511.797817,514.775628,0.312988,0.011103,0.308843,0.317134,0.432253,0.018657,0.425287,0.439219
D45_centered_P0_F4_CU_E1,P0,P0,45,concentrated,centered,4,unlimited,1,0,0,,30,1505.7,41.635653,1490.154737,1521.245263,1504.233333,41.69899,1488.664423,1519.802244,0.999024,0.000864,0.998702,0.999347,1.466667,1.306043,0.979037,1.954296,5,0.982607,4.63313,5.36687,0.682279,0.157752,0.62338,0.741178,5.4,1.101723,4.988656,5.811344,0,0,0,0,0,0,0,0,0.241513,0.006789,0.238978,0.244047,100.846667,6.873173,98.28047,103.412863,5085.956667,143.083869,5032.534271,5139.379062,1070.335852,33.841231,1057.700747,1082.970956,0.578292,0.006402,0.575902,0.580683,0,0,0,0
D45_centered_P1_F4_CU_E1,P1,P1,45,concentrated,centered,4,unlimited,1,0,0,,30,1505.7,41.635653,1490.154737,1521.245263,1504.2,41.725209,1488.6213,1519.7787,0.999002,0.000883,0.998672,0.999331,1.5,1.332615,1.002449,1.997551,6.433333,1.330889,5.936427,6.930239,1.396615,0.328503,1.273964,1.519266,8.86,1.484773,8.305639,9.414361,0,0,0,0,0,0,0,0,0.280784,0.007717,0.277903,0.283665,72.1,4.787556,70.312498,73.887502,4120.96,113.760513,4078.485896,4163.434104,183.153778,5.056023,181.26604,185.041516,0.544612,0.007425,0.54184,0.547384,0,0,0,0
D45_centered_P2-B34_F4_CU_E1,P2,P2-B34,45,concentrated,centered,4,unlimited,1,0,0,34,30,1505.7,41.635653,1490.154737,1521.245263,1504.066667,41.784285,1488.46591,1519.667423,0.998912,0.000946,0.998559,0.999265,1.633333,1.42595,1.100935,2.165732,6.566667,2.112089,5.778088,7.355245,1.202122,0.460629,1.03014,1.374104,8.033333,2.606138,7.060295,9.006372,0,0,0,0,0,0,0,0,0.263577,0.008035,0.260577,0.266577,33.746667,0.196053,33.673467,33.819866,4645.213333,113.747942,4602.743923,4687.682744,609.443926,5.135455,607.526531,611.361321,0.201656,0.019867,0.194238,0.209073,0,0,0,0
D45_centered_P3-D_F4_CU_E1,P3-D,P3-D,45,concentrated,centered,4,unlimited,1,1,0.6,,30,1505.7,41.635653,1490.154737,1521.245263,1504.066667,41.784285,1488.46591,1519.667423,0.998912,0.000946,0.998559,0.999265,1.633333,1.42595,1.100935,2.165732,6.3,1.235956,5.838538,6.761462,1.181557,0.297154,1.07061,1.292503,7.863333,1.314569,7.37252,8.354146,0,0,0,0,0,0,0,0,0.265969,0.008095,0.262946,0.268991,51.333333,4.570545,49.626855,53.039811,4595.76,112.843002,4553.628462,4637.891538,559.179333,5.033725,557.299921,561.058746,0.171571,0.020377,0.163964,0.179179,0.284414,0.022342,0.276072,0.292755
D45_centered_P0_F4_CU_E1p25,P0,P0,45,concentrated,centered,4,unlimited,1.25,0,0,,30,1505.7,41.635653,1490.154737,1521.245263,1504.233333,41.69899,1488.664423,1519.802244,0.999024,0.000864,0.998702,0.999347,1.466667,1.306043,0.979037,1.954296,5,0.982607,4.63313,5.36687,0.682279,0.157752,0.62338,0.741178,5.4,1.101723,4.988656,5.811344,0,0,0,0,0,0,0,0,0.241513,0.006789,0.238978,0.244047,126.058333,8.591466,122.850587,129.266079,6357.445833,178.854836,6290.667839,6424.223828,1337.919815,42.301539,1322.125934,1353.713695,0.578292,0.006402,0.575902,0.580683,0,0,0,0
D45_centered_P1_F4_CU_E1p25,P1,P1,45,concentrated,centered,4,unlimited,1.25,0,0,,30,1505.7,41.635653,1490.154737,1521.245263,1504.2,41.725209,1488.6213,1519.7787,0.999002,0.000883,0.998672,0.999331,1.5,1.332615,1.002449,1.997551,6.433333,1.330889,5.936427,6.930239,1.396615,0.328503,1.273964,1.519266,8.86,1.484773,8.305639,9.414361,0,0,0,0,0,0,0,0,0.280784,0.007717,0.277903,0.283665,90.125,5.984445,87.890623,92.359377,5151.2,142.200641,5098.10737,5204.29263,228.942222,6.320028,226.58255,231.301895,0.544612,0.007425,0.54184,0.547384,0,0,0,0
D45_centered_P2-B34_F4_CU_E1p25,P2,P2-B34,45,concentrated,centered,4,unlimited,1.25,0,0,34,30,1505.7,41.635653,1490.154737,1521.245263,1461.266667,21.878872,1453.097879,1469.435455,0.970916,0.018439,0.964031,0.9778,44.433333,28.966905,33.618128,55.248539,49.7,26.269361,39.891961,59.508039,50.995938,45.202925,34.118783,67.873092,206.415,147.628958,151.295631,261.534369,0,0,0,0,0,0,0,0,0.260811,0.004063,0.259294,0.262328,33.75,0,33.75,33.75,5524.058333,75.088868,5496.022838,5552.093829,644.513704,3.337283,643.267682,645.759726,0.096123,0.008028,0.093125,0.09912,0,0,0,0
D45_centered_P3-D_F4_CU_E1p25,P3-D,P3-D,45,concentrated,centered,4,unlimited,1.25,1,0.6,,30,1505.7,41.635653,1490.154737,1521.245263,1424.933333,12.597026,1420.230055,1429.636612,0.946957,0.023479,0.938191,0.955723,80.766667,37.240767,66.862297,94.671036,80.766667,37.240767,66.862297,94.671036,45.887513,33.19939,33.492049,58.282977,290.148333,186.679207,220.448999,359.847668,0,0,0,0,0,0,0,0,0.256094,0.002395,0.2552,0.256988,54.583333,4.960331,52.731323,56.435343,5342.991667,42.519746,5327.116315,5358.867018,591.841296,1.889766,591.135725,592.546867,0.073403,0.001847,0.072714,0.074093,0.137809,0.016478,0.131656,0.143961
D45_centered_P0_F8_C1_E0p75,P0,P0,45,concentrated,centered,8,1,0.75,0,0,,30,1505.7,41.635653,1490.154737,1521.245263,1494.366667,35.647202,1481.057277,1507.676056,0.992595,0.007558,0.989773,0.995417,11.333333,11.783487,6.933801,15.732866,23.7,11.399183,19.443953,27.956047,26.355247,25.02955,17.010109,35.700385,105.648333,73.400334,78.243276,133.053391,21.057424,3.559114,19.728579,22.38627,7,0,7,7,0.119963,0.002891,0.118883,0.121042,70.175,2.879947,69.099731,71.250269,3789.3925,92.148259,3754.987638,3823.797362,797.419944,22.503824,789.017822,805.822067,0.578246,0.006403,0.575855,0.580636,0,0,0,0
D45_centered_P1_F8_C1_E0p75,P1,P1,45,concentrated,centered,8,1,0.75,0,0,,30,1505.7,41.635653,1490.154737,1521.245263,1494.366667,35.647202,1481.057277,1507.676056,0.992595,0.007558,0.989773,0.995417,11.333333,11.783487,6.933801,15.732866,23.7,11.399183,19.443953,27.956047,26.355247,25.02955,17.010109,35.700385,105.648333,73.400334,78.243276,133.053391,21.057424,3.559114,19.728579,22.38627,7,0,7,7,0.119963,0.002891,0.118883,0.121042,54.81,2.80392,53.763117,55.856883,3610.0325,85.034268,3578.283748,3641.781252,632.508389,17.289605,626.053069,638.963708,0.353374,0.012189,0.348823,0.357925,0,0,0,0
D45_centered_P2-B34_F8_C1_E0p75,P2,P2-B34,45,concentrated,centered,8,1,0.75,0,0,34,30,1505.7,41.635653,1490.154737,1521.245263,1456.733333,20.550918,1449.060356,1464.406311,0.967939,0.019626,0.960611,0.975267,48.966667,30.810302,37.463203,60.470131,55.7,27.747818,45.339958,66.060042,100.16259,63.477476,76.462373,123.862808,306.815,169.671586,243.465702,370.164298,28.091389,2.708188,27.080249,29.10253,7,0,7,7,0.123576,0.001888,0.122871,0.124281,33.6,0,33.6,33.6,3495.55,45.110499,3478.707354,3512.392646,554.777778,4.067031,553.259294,556.296261,0.36578,0.006988,0.363171,0.368389,0,0,0,0
D45_centered_P3-D_F8_C1_E0p75,P3-D,P3-D,45,concentrated,centered,8,1,0.75,1,0.6,,30,1505.7,41.635653,1490.154737,1521.245263,1444.8,19.02521,1437.696667,1451.903333,0.960063,0.021447,0.952055,0.96807,60.9,33.774455,48.289827,73.510173,66.3,31.154952,54.667856,77.932144,124.578641,71.006522,98.067347,151.089935,373.045,187.952243,302.870359,443.219641,29.260412,2.232417,28.426908,30.093917,7,0,7,7,0.123842,0.001738,0.123193,0.124491,38.955,1.360676,38.446972,39.463028,3428.965,40.455496,3413.860366,3444.069634,507.630944,1.87628,506.930409,508.33148,0.323835,0.007511,0.321031,0.326639,0.479475,0.012616,0.474765,0.484186
D45_centered_P0_F8_C1_E1,P0,P0,45,concentrated,centered,8,1,1,0,0,,30,1505.7,41.635653,1490.154737,1521.245263,1494.366667,35.647202,1481.057277,1507.676056,0.992595,0.007558,0.989773,0.995417,11.333333,11.783487,6.933801,15.732866,23.7,11.399183,19.443953,27.956047,26.355247,25.02955,17.010109,35.700385,105.648333,73.400334,78.243276,133.053391,21.057424,3.559114,19.728579,22.38627,7,0,7,7,0.119963,0.002891,0.118883,0.121042,93.566667,3.839929,92.132974,95.000359,5052.523333,122.864345,5006.650184,5098.396483,1063.226593,30.005098,1052.023763,1074.429422,0.578246,0.006403,0.575855,0.580636,0,0,0,0
D45_centered_P1_F8_C1_E1,P1,P1,45,concentrated,centered,8,1,1,0,0,,30,1505.7,41.635653,1490.154737,1521.245263,1369.966667,18.579713,1363.029667,1376.903667,0.910418,0.024026,0.901448,0.919389,135.733333,39.31564,121.054281,150.412386,137.3,39.132974,122.689148,151.910852,292.09538,91.137041,258.068071,326.122689,810.31,223.753219,726.768556,893.851444,34.229228,0.815791,33.924641,34.533815,7,0,7,7,0.127858,0.001673,0.127233,0.128482,56.5,1.77628,55.8368,57.1632,3753.476667,51.872182,3734.109451,3772.843883,166.821185,2.30543,165.96042,167.68195,0.544009,0.007774,0.541106,0.546912,0,0,0,0
D45_centered_P2-B34_F8_C1_E1,P2,P2-B34,45,concentrated,centered,8,1,1,0,0,34,30,1505.7,41.635653,1490.154737,1521.245263,1432.866667,18.093118,1426.111344,1439.621989,0.952163,0.02235,0.943818,0.960508,72.833333,35.364197,59.629608,86.037059,76.733333,33.862738,64.090199,89.376468,150.15883,76.961539,121.424146,178.893514,437.708333,201.358418,362.528307,512.88836,30.359384,1.798368,29.687938,31.03083,7,0,7,7,0.124856,0.001624,0.124249,0.125462,33.6,0,33.6,33.6,4453.446667,51.573254,4434.19106,4472.702274,600.920963,2.623616,599.941399,601.900527,0.239355,0.005256,0.237393,0.241318,0,0,0,0
D45_centered_P3-D_F8_C1_E1,P3-D,P3-D,45,concentrated,centered,8,1,1,1,0.6,,30,1505.7,41.635653,1490.154737,1521.245263,1420.866667,17.668857,1414.269748,1427.463585,0.94421,0.022986,0.935628,0.952792,84.833333,36.567447,71.180357,98.486309,87.666667,35.764877,74.313342,101.019992,170.031802,79.307411,140.421253,199.642351,503.805,208.204651,426.068835,581.541165,30.992875,1.52239,30.424469,31.561281,7,0,7,7,0.124919,0.001639,0.124307,0.125531,45.943333,1.909267,45.230482,46.656185,4371.12,47.75332,4353.290619,4388.949381,549.195333,2.145792,548.394172,549.996495,0.213395,0.009373,0.209895,0.216894,0.326698,0.005255,0.324735,0.32866
D45_centered_P0_F8_C1_E1p25,P0,P0,45,concentrated,centered,8,1,1.25,0,0,,30,1505.7,41.635653,1490.154737,1521.245263,1494.366667,35.647202,1481.057277,1507.676056,0.992595,0.007558,0.989773,0.995417,11.333333,11.783487,6.933801,15.732866,23.7,11.399183,19.443953,27.956047,26.355247,25.02955,17.010109,35.700385,105.648333,73.400334,78.243276,133.053391,21.057424,3.559114,19.728579,22.38627,7,0,7,7,0.119963,0.002891,0.118883,0.121042,116.958333,4.799912,115.166218,118.750449,6315.654167,153.580432,6258.31273,6372.995603,1329.033241,37.506373,1315.029703,1343.036778,0.578246,0.006403,0.575855,0.580636,0,0,0,0
D45_centered_P1_F8_C1_E1p25,P1,P1,45,concentrated,centered,8,1,1.25,0,0,,30,1505.7,41.635653,1490.154737,1521.245263,1369.966667,18.579713,1363.029667,1376.903667,0.910418,0.024026,0.901448,0.919389,135.733333,39.31564,121.054281,150.412386,137.3,39.132974,122.689148,151.910852,292.09538,91.137041,258.068071,326.122689,810.31,223.753219,726.768556,893.851444,34.229228,0.815791,33.924641,34.533815,7,0,7,7,0.127858,0.001673,0.127233,0.128482,70.625,2.220351,69.796001,71.453999,4691.845833,64.840227,4667.636813,4716.054853,208.526481,2.881788,207.450525,209.602438,0.544009,0.007774,0.541106,0.546912,0,0,0,0
D45_centered_P2-B34_F8_C1_E1p25,P2,P2-B34,45,concentrated,centered,8,1,1.25,0,0,34,30,1505.7,41.635653,1490.154737,1521.245263,1410.9,18.105724,1404.139971,1417.660029,0.937611,0.024001,0.92865,0.946572,94.8,38.308548,80.496959,109.103041,97.566667,37.430103,83.591606,111.541728,199.433209,85.689783,167.439711,231.426707,567.368333,218.3499,485.844296,648.892371,31.795259,1.273055,31.319946,32.270572,7,0,7,7,0.125562,0.001672,0.124938,0.126187,33.416667,0.239732,33.327159,33.506174,5354.0875,63.099813,5330.528288,5377.646712,636.959444,2.804436,635.912368,638.006521,0.117918,0.00553,0.115853,0.119982,0,0,0,0
D45_centered_P3-D_F8_C1_E1p25,P3-D,P3-D,45,concentrated,centered,8,1,1.25,1,0.6,,30,1505.7,41.635653,1490.154737,1521.245263,1398.433333,17.851269,1391.768308,1405.098358,0.929326,0.023763,0.920454,0.938199,107.266667,38.304527,92.965127,121.568206,109.266667,37.758702,95.168919,123.364414,224.139941,85.897717,192.068807,256.211074,637.278333,216.404627,556.480591,718.076076,32.246317,1.125336,31.826157,32.666478,7,0,7,7,0.125487,0.001699,0.124853,0.126122,41.4875,3.162508,40.306733,42.668267,5253.554167,60.242959,5231.061602,5276.046731,587.866296,2.677465,586.866627,588.865966,0.078403,0.00386,0.076962,0.079845,0.158025,0.017981,0.151311,0.164738
D45_centered_P0_F8_C2_E0p75,P0,P0,45,concentrated,centered,8,2,0.75,0,0,,30,1505.7,41.635653,1490.154737,1521.245263,1504.266667,41.643755,1488.718379,1519.814954,0.999048,0.000862,0.998726,0.999369,1.433333,1.304722,0.946197,1.92047,3.733333,0.73968,3.457163,4.009503,0.094782,0.021197,0.086867,0.102696,0,0,0,0,0.842713,0.129722,0.79428,0.891147,4.566667,0.727932,4.294883,4.83845,0.120759,0.00339,0.119494,0.122025,75.74,5.186129,73.803685,77.676315,3814.555,107.159721,3774.545395,3854.564605,802.773278,25.336942,793.313371,812.233185,0.578295,0.006397,0.575907,0.580684,0,0,0,0
D45_centered_P1_F8_C2_E0p75,P1,P1,45,concentrated,centered,8,2,0.75,0,0,,30,1505.7,41.635653,1490.154737,1521.245263,1504.266667,41.643755,1488.718379,1519.814954,0.999048,0.000862,0.998726,0.999369,1.433333,1.304722,0.946197,1.92047,3.733333,0.73968,3.457163,4.009503,0.094782,0.021197,0.086867,0.102696,0,0,0,0,0.842713,0.129722,0.79428,0.891147,4.566667,0.727932,4.294883,4.83845,0.120759,0.00339,0.119494,0.122025,57.47,3.657458,56.104436,58.835564,3633.835,98.421408,3597.087969,3670.582031,636.611278,18.471957,629.71451,643.508046,0.353307,0.011974,0.348836,0.357777,0,0,0,0
D45_centered_P2-B34_F8_C2_E0p75,P2,P2-B34,45,concentrated,centered,8,2,0.75,0,0,34,30,1505.7,41.635653,1490.154737,1521.245263,1504.266667,41.643755,1488.718379,1519.814954,0.999048,0.000862,0.998726,0.999369,1.433333,1.304722,0.946197,1.92047,3.8,0.714384,3.533274,4.066726,0.104474,0.027851,0.094076,0.114873,0,0,0,0,1.113005,0.192646,1.041077,1.184932,4.733333,0.639684,4.494498,4.972168,0.128052,0.003935,0.126582,0.129521,33.81,0.057084,33.788687,33.831313,3596.205,88.90995,3563.009207,3629.400793,559.251333,5.155423,557.326483,561.176184,0.349538,0.014215,0.344231,0.354846,0,0,0,0
D45_centered_P3-D_F8_C2_E0p75,P3-D,P3-D,45,concentrated,centered,8,2,0.75,1,0.6,,30,1505.7,41.635653,1490.154737,1521.245263,1504.266667,41.643755,1488.718379,1519.814954,0.999048,0.000862,0.998726,0.999369,1.433333,1.304722,0.946197,1.92047,3.8,0.714384,3.533274,4.066726,0.106116,0.027801,0.095736,0.116496,0,0,0,0,1.165089,0.199502,1.090602,1.239575,4.8,0.610257,4.572152,5.027848,0.129372,0.003899,0.127917,0.130828,41.2075,2.136688,40.409737,42.005263,3556.37,88.709795,3523.248937,3589.491063,513.293389,3.982428,511.806493,514.780285,0.313003,0.011008,0.308893,0.317113,0.431327,0.019227,0.424149,0.438506
D45_centered_P0_F8_C2_E1,P0,P0,45,concentrated,centered,8,2,1,0,0,,30,1505.7,41.635653,1490.154737,1521.245263,1504.266667,41.643755,1488.718379,1519.814954,0.999048,0.000862,0.998726,0.999369,1.433333,1.304722,0.946197,1.92047,3.733333,0.73968,3.457163,4.009503,0.094782,0.021197,0.086867,0.102696,0,0,0,0,0.842713,0.129722,0.79428,0.891147,4.566667,0.727932,4.294883,4.83845,0.120759,0.00339,0.119494,0.122025,100.986667,6.914838,98.404914,103.56842,5086.073333,142.879628,5032.727194,5139.419473,1070.36437,33.782589,1057.751161,1082.97758,0.578295,0.006397,0.575907,0.580684,0,0,0,0
D45_centered_P1_F8_C2_E1,P1,P1,45,concentrated,centered,8,2,1,0,0,,30,1505.7,41.635653,1490.154737,1521.245263,1504.266667,41.643755,1488.718379,1519.814954,0.999048,0.000862,0.998726,0.999369,1.433333,1.304722,0.946197,1.92047,3.833333,0.74664,3.554565,4.112102,0.118169,0.037612,0.104126,0.132212,0,0,0,0,1.536223,0.237995,1.447365,1.625082,5,0.525226,4.8039,5.1961,0.140398,0.003851,0.13896,0.141836,72.1,4.915493,70.264731,73.935269,4121.14,113.545311,4078.746245,4163.533755,183.161778,5.046458,181.277611,185.045945,0.544619,0.007417,0.541849,0.547388,0,0,0,0
D45_centered_P2-B34_F8_C2_E1,P2,P2-B34,45,concentrated,centered,8,2,1,0,0,34,30,1505.7,41.635653,1490.154737,1521.245263,1504.266667,41.643755,1488.718379,1519.814954,0.999048,0.000862,0.998726,0.999369,1.433333,1.304722,0.946197,1.92047,4.566667,2.207875,3.742325,5.391008,0.174031,0.234034,0.086651,0.261411,0.266667,1.460593,-0.278667,0.812,1.263461,0.245553,1.17178,1.355142,4.966667,0.614948,4.737067,5.196266,0.13181,0.004011,0.130312,0.133307,33.8,0.203419,33.724051,33.875949,4645.753333,113.351415,4603.431972,4688.074695,609.467926,5.11791,607.557082,611.37877,0.201555,0.019844,0.194146,0.208964,0,0,0,0
D45_centered_P3-D_F8_C2_E1,P3-D,P3-D,45,concentrated,centered,8,2,1,1,0.6,,30,1505.7,41.635653,1490.154737,1521.245263,1504.266667,41.643755,1488.718379,1519.814954,0.999048,0.000862,0.998726,0.999369,1.433333,1.304722,0.946197,1.92047,3.8,0.714384,3.533274,4.066726,0.111596,0.032055,0.099628,0.123564,0,0,0,0,1.300587,0.234097,1.213183,1.38799,4.833333,0.530669,4.635201,5.031466,0.133005,0.004039,0.131496,0.134513,51.37,4.703861,49.613747,53.126253,4596.313333,112.459849,4554.32485,4638.301816,559.203926,5.01664,557.330892,561.07696,0.171516,0.020313,0.163932,0.179101,0.284568,0.023283,0.275875,0.293261
D45_centered_P0_F8_C2_E1p25,P0,P0,45,concentrated,centered,8,2,1.25,0,0,,30,1505.7,41.635653,1490.154737,1521.245263,1504.266667,41.643755,1488.718379,1519.814954,0.999048,0.000862,0.998726,0.999369,1.433333,1.304722,0.946197,1.92047,3.733333,0.73968,3.457163,4.009503,0.094782,0.021197,0.086867,0.102696,0,0,0,0,0.842713,0.129722,0.79428,0.891147,4.566667,0.727932,4.294883,4.83845,0.120759,0.00339,0.119494,0.122025,126.233333,8.643548,123.006142,129.460525,6357.591667,178.599536,6290.908992,6424.274341,1337.955463,42.228236,1322.188951,1353.721975,0.578295,0.006397,0.575907,0.580684,0,0,0,0
D45_centered_P1_F8_C2_E1p25,P1,P1,45,concentrated,centered,8,2,1.25,0,0,,30,1505.7,41.635653,1490.154737,1521.245263,1504.266667,41.643755,1488.718379,1519.814954,0.999048,0.000862,0.998726,0.999369,1.433333,1.304722,0.946197,1.92047,3.833333,0.74664,3.554565,4.112102,0.118169,0.037612,0.104126,0.132212,0,0,0,0,1.536223,0.237995,1.447365,1.625082,5,0.525226,4.8039,5.1961,0.140398,0.003851,0.13896,0.141836,90.125,6.144366,87.830914,92.419086,5151.425,141.931639,5098.432806,5204.417194,228.952222,6.308073,226.597014,231.307431,0.544619,0.007417,0.541849,0.547388,0,0,0,0
D45_centered_P2-B34_F8_C2_E1p25,P2,P2-B34,45,concentrated,centered,8,2,1.25,0,0,34,30,1505.7,41.635653,1490.154737,1521.245263,1461.533333,21.886436,1453.361721,1469.704945,0.971094,0.018492,0.96419,0.977998,44.166667,29.035155,33.325979,55.007354,49.5,26.228111,39.707362,59.292638,44.637296,42.267801,28.856012,60.41858,192.351667,146.077124,137.811697,246.891637,4.638913,2.049657,3.873645,5.404182,6,0,6,6,0.13043,0.002028,0.129673,0.131188,33.75,0,33.75,33.75,5524.975,75.110094,5496.931579,5553.018421,644.554444,3.338226,643.30807,645.800819,0.096052,0.007994,0.093068,0.099037,0,0,0,0
D45_centered_P3-D_F8_C2_E1p25,P3-D,P3-D,45,concentrated,centered,8,2,1.25,1,0.6,,30,1505.7,41.635653,1490.154737,1521.245263,1425.1,12.510272,1420.429112,1429.770888,0.94707,0.02354,0.938281,0.955859,80.6,37.315616,66.667685,94.532315,80.6,37.315616,66.667685,94.532315,41.803937,31.623697,29.99678,53.611093,274.401667,183.306781,205.961475,342.841858,3.404531,1.206917,2.953911,3.85515,5.9,0.402578,5.749692,6.050308,0.128073,0.001202,0.127624,0.128521,54.666667,4.629987,52.937995,56.395338,5343.554167,42.225721,5327.788594,5359.31974,591.866296,1.876699,591.165604,592.566988,0.073379,0.001817,0.0727,0.074058,0.137346,0.017122,0.130953,0.143739
D45_centered_P0_F8_CU_E0p75,P0,P0,45,concentrated,centered,8,unlimited,0.75,0,0,,30,1505.7,41.635653,1490.154737,1521.245263,1504.266667,41.643755,1488.718379,1519.814954,0.999048,0.000862,0.998726,0.999369,1.433333,1.304722,0.946197,1.92047,3.7,0.749713,3.420084,3.979916,0.092691,0.01935,0.085466,0.099915,0,0,0,0,0,0,0,0,0,0,0,0,0.120759,0.00339,0.119494,0.122025,75.74,5.186129,73.803685,77.676315,3814.555,107.159721,3774.545395,3854.564605,802.773278,25.336942,793.313371,812.233185,0.578295,0.006397,0.575907,0.580684,0,0,0,0
D45_centered_P1_F8_CU_E0p75,P1,P1,45,concentrated,centered,8,unlimited,0.75,0,0,,30,1505.7,41.635653,1490.154737,1521.245263,1504.266667,41.643755,1488.718379,1519.814954,0.999048,0.000862,0.998726,0.999369,1.433333,1.304722,0.946197,1.92047,3.7,0.749713,3.420084,3.979916,0.092691,0.01935,0.085466,0.099915,0,0,0,0,0,0,0,0,0,0,0,0,0.120759,0.00339,0.119494,0.122025,57.47,3.657458,56.104436,58.835564,3633.835,98.421408,3597.087969,3670.582031,636.611278,18.471957,629.71451,643.508046,0.353307,0.011974,0.348836,0.357777,0,0,0,0
D45_centered_P2-B34_F8_CU_E0p75,P2,P2-B34,45,concentrated,centered,8,unlimited,0.75,0,0,34,30,1505.7,41.635653,1490.154737,1521.245263,1504.266667,41.643755,1488.718379,1519.814954,0.999048,0.000862,0.998726,0.999369,1.433333,1.304722,0.946197,1.92047,3.7,0.749713,3.420084,3.979916,0.09447,0.019609,0.087148,0.101791,0,0,0,0,0,0,0,0,0,0,0,0,0.128052,0.003935,0.126583,0.129522,33.81,0.057084,33.788687,33.831313,3596.205,88.903662,3563.011554,3629.398446,559.251333,5.155397,557.326493,561.176174,0.349538,0.014233,0.344224,0.354853,0,0,0,0
D45_centered_P3-D_F8_CU_E0p75,P3-D,P3-D,45,concentrated,centered,8,unlimited,0.75,1,0.6,,30,1505.7,41.635653,1490.154737,1521.245263,1504.266667,41.643755,1488.718379,1519.814954,0.999048,0.000862,0.998726,0.999369,1.433333,1.304722,0.946197,1.92047,3.7,0.749713,3.420084,3.979916,0.094649,0.019697,0.087294,0.102003,0,0,0,0,0,0,0,0,0,0,0,0,0.129372,0.003899,0.127917,0.130828,41.225,2.127742,40.430577,42.019423,3556.37,88.709795,3523.248937,3589.491063,513.293389,3.982428,511.806493,514.780285,0.313003,0.011008,0.308893,0.317113,0.431327,0.019227,0.424149,0.438506
D45_centered_P0_F8_CU_E1,P0,P0,45,concentrated,centered,8,unlimited,1,0,0,,30,1505.7,41.635653,1490.154737,1521.245263,1504.266667,41.643755,1488.718379,1519.814954,0.999048,0.000862,0.998726,0.999369,1.433333,1.304722,0.946197,1.92047,3.7,0.749713,3.420084,3.979916,0.092691,0.01935,0.085466,0.099915,0,0,0,0,0,0,0,0,0,0,0,0,0.120759,0.00339,0.119494,0.122025,100.986667,6.914838,98.404914,103.56842,5086.073333,142.879628,5032.727194,5139.419473,1070.36437,33.782589,1057.751161,1082.97758,0.578295,0.006397,0.575907,0.580684,0,0,0,0
D45_centered_P1_F8_CU_E1,P1,P1,45,concentrated,centered,8,unlimited,1,0,0,,30,1505.7,41.635653,1490.154737,1521.245263,1504.266667,41.643755,1488.718379,1519.814954,0.999048,0.000862,0.998726,0.999369,1.433333,1.304722,0.946197,1.92047,3.766667,0.773854,3.477737,4.055596,0.096897,0.02083,0.08912,0.104675,0,0,0,0,0,0,0,0,0,0,0,0,0.140398,0.003851,0.13896,0.141836,72.133333,4.93917,70.289224,73.977443,4121.14,113.545311,4078.746245,4163.533755,183.161778,5.046458,181.277611,185.045945,0.544619,0.007417,0.541849,0.547388,0,0,0,0
D45_centered_P2-B34_F8_CU_E1,P2,P2-B34,45,concentrated,centered,8,unlimited,1,0,0,34,30,1505.7,41.635653,1490.154737,1521.245263,1504.266667,41.643755,1488.718379,1519.814954,0.999048,0.000862,0.998726,0.999369,1.433333,1.304722,0.946197,1.92047,4.533333,2.224214,3.702892,5.363775,0.148441,0.158925,0.089104,0.207778,0.1,0.547723,-0.1045,0.3045,0,0,0,0,0,0,0,0,0.13181,0.004011,0.130312,0.133307,33.8,0.203419,33.724051,33.875949,4645.753333,113.351415,4603.431972,4688.074695,609.467926,5.11791,607.557082,611.37877,0.201555,0.019844,0.194146,0.208964,0,0,0,0
D45_centered_P3-D_F8_CU_E1,P3-D,P3-D,45,concentrated,centered,8,unlimited,1,1,0.6,,30,1505.7,41.635653,1490.154737,1521.245263,1504.266667,41.643755,1488.718379,1519.814954,0.999048,0.000862,0.998726,0.999369,1.433333,1.304722,0.946197,1.92047,3.7,0.749713,3.420084,3.979916,0.095247,0.019553,0.087947,0.102548,0,0,0,0,0,0,0,0,0,0,0,0,0.133005,0.004039,0.131496,0.134513,51.373333,4.697683,49.619386,53.12728,4596.313333,112.459849,4554.32485,4638.301816,559.203926,5.01664,557.330892,561.07696,0.171516,0.020313,0.163932,0.179101,0.284568,0.023283,0.275875,0.293261
D45_centered_P0_F8_CU_E1p25,P0,P0,45,concentrated,centered,8,unlimited,1.25,0,0,,30,1505.7,41.635653,1490.154737,1521.245263,1504.266667,41.643755,1488.718379,1519.814954,0.999048,0.000862,0.998726,0.999369,1.433333,1.304722,0.946197,1.92047,3.7,0.749713,3.420084,3.979916,0.092691,0.01935,0.085466,0.099915,0,0,0,0,0,0,0,0,0,0,0,0,0.120759,0.00339,0.119494,0.122025,126.233333,8.643548,123.006142,129.460525,6357.591667,178.599536,6290.908992,6424.274341,1337.955463,42.228236,1322.188951,1353.721975,0.578295,0.006397,0.575907,0.580684,0,0,0,0
D45_centered_P1_F8_CU_E1p25,P1,P1,45,concentrated,centered,8,unlimited,1.25,0,0,,30,1505.7,41.635653,1490.154737,1521.245263,1504.266667,41.643755,1488.718379,1519.814954,0.999048,0.000862,0.998726,0.999369,1.433333,1.304722,0.946197,1.92047,3.766667,0.773854,3.477737,4.055596,0.096897,0.02083,0.08912,0.104675,0,0,0,0,0,0,0,0,0,0,0,0,0.140398,0.003851,0.13896,0.141836,90.166667,6.173963,87.86153,92.471803,5151.425,141.931639,5098.432806,5204.417194,228.952222,6.308073,226.597014,231.307431,0.544619,0.007417,0.541849,0.547388,0,0,0,0
D45_centered_P2-B34_F8_CU_E1p25,P2,P2-B34,45,concentrated,centered,8,unlimited,1.25,0,0,34,30,1505.7,41.635653,1490.154737,1521.245263,1461.533333,21.886436,1453.361721,1469.704945,0.971094,0.018492,0.96419,0.977998,44.166667,29.035155,33.325979,55.007354,49.5,26.228111,39.707362,59.292638,35.81826,35.53102,22.552249,49.084271,178.18,140.589296,125.688989,230.671011,0,0,0,0,0,0,0,0,0.13043,0.002028,0.129673,0.131188,33.75,0,33.75,33.75,5524.975,75.110094,5496.931579,5553.018421,644.554444,3.338226,643.30807,645.800819,0.096052,0.007994,0.093068,0.099037,0,0,0,0
D45_centered_P3-D_F8_CU_E1p25,P3-D,P3-D,45,concentrated,centered,8,unlimited,1.25,1,0.6,,30,1505.7,41.635653,1490.154737,1521.245263,1425.1,12.510272,1420.429112,1429.770888,0.94707,0.02354,0.938281,0.955859,80.6,37.315616,66.667685,94.532315,80.6,37.315616,66.667685,94.532315,36.199389,28.534221,25.545732,46.853046,249.085,174.972214,183.756638,314.413362,0,0,0,0,0,0,0,0,0.128073,0.001202,0.127624,0.128521,54.666667,4.629987,52.937995,56.395338,5343.554167,42.225721,5327.788594,5359.31974,591.866296,1.876699,591.165604,592.566988,0.073379,0.001817,0.0727,0.074058,0.137346,0.017122,0.130953,0.143739
D45_balanced_P0_F2_C1_E0p75,P0,P0,45,concentrated,balanced,2,1,0.75,0,0,,30,1505.7,41.635653,1490.154737,1521.245263,1391.533333,17.216138,1385.105444,1397.961223,0.924754,0.023988,0.915798,0.93371,114.166667,38.794848,99.682059,128.651274,116.6,38.382467,102.26936,130.93064,262.068071,90.404614,228.314224,295.821918,687.695,219.952201,605.57272,769.81728,0.425468,0.022751,0.416974,0.433963,1,0,1,1,0.46318,0.00591,0.460973,0.465387,52.605,2.361595,51.723265,53.486735,3443.81,43.301366,3427.64282,3459.97718,639.820722,12.013014,635.335493,644.305952,0.495823,0.007341,0.493082,0.498564,0,0,0,0
D45_balanced_P1_F2_C1_E0p75,P1,P1,45,concentrated,balanced,2,1,0.75,0,0,,30,1505.7,41.635653,1490.154737,1521.245263,1391.533333,17.216138,1385.105444,1397.961223,0.924754,0.023988,0.915798,0.93371,114.166667,38.794848,99.682059,128.651274,116.6,38.382467,102.26936,130.93064,262.068071,90.404614,228.314224,295.821918,687.695,219.952201,605.57272,769.81728,0.425468,0.022751,0.416974,0.433963,1,0,1,1,0.46318,0.00591,0.460973,0.465387,30.3975,2.421014,29.49358,31.30142,3163.87,38.270299,3149.58124,3178.15876,382.431444,9.487943,378.888986,385.973903,0.091618,0.009554,0.088051,0.095185,0,0,0,0
D45_balanced_P2-B34_F2_C1_E0p75,P2,P2-B34,45,concentrated,balanced,2,1,0.75,0,0,34,30,1505.7,41.635653,1490.154737,1521.245263,1370.933333,17.358161,1364.452417,1377.414249,0.911075,0.024219,0.902032,0.920117,134.766667,39.576799,119.990107,149.543227,136.533333,39.304938,121.858276,151.208391,307.737956,90.149274,274.079443,341.396468,811.675,223.573773,728.200555,895.149445,0.422227,0.02066,0.414514,0.429941,1,0,1,1,0.463845,0.006086,0.461573,0.466118,33.6,0,33.6,33.6,3301.165,39.933668,3286.255197,3316.074803,534.640944,6.267694,532.300812,536.981077,0.380012,0.007319,0.37728,0.382745,0,0,0,0
D45_balanced_P3-D_F2_C1_E0p75,P3-D,P3-D,45,concentrated,balanced,2,1,0.75,1,0.6,,30,1505.7,41.635653,1490.154737,1521.245263,1362.5,16.405949,1356.374606,1368.625394,0.905474,0.023954,0.896531,0.914418,143.2,39.443019,128.473388,157.926612,144.8,39.265146,130.1398,159.4602,322.119434,88.550633,289.057797,355.181072,859.58,223.2324,776.233011,942.926989,0.422401,0.021005,0.414558,0.430243,1,0,1,1,0.463466,0.006003,0.461225,0.465708,38.08,1.806769,37.405417,38.754583,3250.3225,34.915399,3237.28634,3263.35866,499.586278,1.63363,498.976339,500.196217,0.339599,0.007325,0.336864,0.342334,0.529012,0.00654,0.526571,0.531454
D45_balanced_P0_F2_C1_E1,P0,P0,45,concentrated,balanced,2,1,1,0,0,,30,1505.7,41.635653,1490.154737,1521.245263,1391.533333,17.216138,1385.105444,1397.961223,0.924754,0.023988,0.915798,0.93371,114.166667,38.794848,99.682059,128.651274,116.6,38.382467,102.26936,130.93064,262.068071,90.404614,228.314224,295.821918,687.695,219.952201,605.57272,769.81728,0.425468,0.022751,0.416974,0.433963,1,0,1,1,0.46318,0.00591,0.460973,0.465387,70.14,3.148793,68.964353,71.315647,4591.746667,57.735155,4570.190426,4613.302907,853.094296,16.017352,847.11399,859.074602,0.495823,0.007341,0.493082,0.498564,0,0,0,0
D45_balanced_P1_F2_C1_E1,P1,P1,45,concentrated,balanced,2,1,1,0,0,,30,1505.7,41.635653,1490.154737,1521.245263,1308.2,17.864239,1301.530133,1314.869867,0.869371,0.02299,0.860787,0.877954,197.5,39.260184,182.841652,212.158348,198.5,39.277747,183.835095,213.164905,453.19575,86.078786,421.057012,485.334488,1202.098333,217.426772,1120.918958,1283.277708,0.432703,0.022378,0.424348,0.441058,1,0,1,1,0.473076,0.006242,0.470745,0.475407,46.366667,1.629117,45.758413,46.974921,3619.16,49.849121,3600.548122,3637.771878,160.851556,2.215517,160.024361,161.67875,0.452994,0.007798,0.450082,0.455906,0,0,0,0
D45_balanced_P2-B34_F2_C1_E1,P2,P2-B34,45,concentrated,balanced,2,1,1,0,0,34,30,1505.7,41.635653,1490.154737,1521.245263,1354.266667,17.842092,1347.605068,1360.928265,0.899989,0.023743,0.891124,0.908853,151.433333,39.260126,136.775008,166.091659,152.866667,39.009047,138.302085,167.431249,345.703344,89.810118,312.17146,379.235228,911.933333,221.330451,829.296465,994.570202,0.420402,0.020862,0.412613,0.428191,1,0,1,1,0.465548,0.006406,0.463156,0.46794,33.6,0,33.6,33.6,4235.68,51.442659,4216.473152,4254.886848,589.539111,4.015963,588.039694,591.038528,0.271421,0.006507,0.268992,0.273851,0,0,0,0
D45_balanced_P3-D_F2_C1_E1,P3-D,P3-D,45,concentrated,balanced,2,1,1,1,0.6,,30,1505.7,41.635653,1490.154737,1521.245263,1347.266667,16.941956,1340.941147,1353.592187,0.895335,0.023313,0.886631,0.904039,158.433333,38.753583,143.964132,172.902534,159.566667,38.758032,145.095805,174.037529,359.440241,89.000948,326.210473,392.67001,952.235,222.323029,869.227538,1035.242462,0.42188,0.021964,0.413679,0.43008,1,0,1,1,0.465518,0.006237,0.463189,0.467847,39.606667,0.66329,39.359018,39.854316,4170.82,46.955205,4153.288607,4188.351393,540.339778,2.110236,539.551891,541.127664,0.248947,0.007189,0.246263,0.251632,0.366049,0.008677,0.36281,0.369289
D45_balanced_P0_F2_C1_E1p25,P0,P0,45,concentrated,balanced,2,1,1.25,0,0,,30,1505.7,41.635653,1490.154737,1521.245263,1391.533333,17.216138,1385.105444,1397.961223,0.924754,0.023988,0.915798,0.93371,114.166667,38.794848,99.682059,128.651274,116.6,38.382467,102.26936,130.93064,262.068071,90.404614,228.314224,295.821918,687.695,219.952201,605.57272,769.81728,0.425468,0.022751,0.416974,0.433963,1,0,1,1,0.46318,0.00591,0.460973,0.465387,87.675,3.935991,86.205442,89.144558,5739.683333,72.168943,5712.738033,5766.628634,1066.36787,20.021691,1058.892488,1073.843253,0.495823,0.007341,0.493082,0.498564,0,0,0,0
D45_balanced_P1_F2_C1_E1p25,P1,P1,45,concentrated,balanced,2,1,1.25,0,0,,30,1505.7,41.635653,1490.154737,1521.245263,1308.2,17.864239,1301.530133,1314.869867,0.869371,0.02299,0.860787,0.877954,197.5,39.260184,182.841652,212.158348,198.5,39.277747,183.835095,213.164905,453.19575,86.078786,421.057012,485.334488,1202.098333,217.426772,1120.918958,1283.277708,0.432703,0.022378,0.424348,0.441058,1,0,1,1,0.473076,0.006242,0.470745,0.475407,57.958333,2.036397,57.198016,58.718651,4523.95,62.311402,4500.685153,4547.214847,201.064444,2.769396,200.030451,202.098438,0.452994,0.007798,0.450082,0.455906,0,0,0,0
D45_balanced_P2-B34_F2_C1_E1p25,P2,P2-B34,45,concentrated,balanced,2,1,1.25,0,0,34,30,1505.7,41.635653,1490.154737,1521.245263,1329.8,18.808289,1322.777658,1336.822342,0.883732,0.023846,0.874829,0.892635,175.9,40.013231,160.960492,190.839508,176.633333,40.113188,161.656505,191.610162,398.791616,90.512024,364.997665,432.585566,1059.775,223.877972,976.186978,1143.363022,0.452941,0.025992,0.443236,0.462645,1,0,1,1,0.466233,0.00677,0.463705,0.46876,33.25,0,33.25,33.25,5079.108333,66.047533,5054.448548,5103.768118,624.475648,3.234014,623.268183,625.683113,0.156479,0.005819,0.154306,0.158651,0,0,0,0
D45_balanced_P3-D_F2_C1_E1p25,P3-D,P3-D,45,concentrated,balanced,2,1,1.25,1,0.6,,30,1505.7,41.635653,1490.154737,1521.245263,1317.233333,16.279209,1311.155259,1323.311407,0.875391,0.023275,0.866701,0.884081,188.466667,39.540231,173.703759,203.229574,189.166667,39.581503,174.38835,203.944983,418.753235,86.574701,386.42934,451.07713,1135.576667,221.015889,1053.057244,1218.096089,0.469481,0.024043,0.460504,0.478458,1,0,1,1,0.465606,0.006297,0.463255,0.467957,41.295833,2.435257,40.386595,42.205071,4979.529167,54.916911,4959.025158,5000.033176,575.687407,2.440752,574.776118,576.598697,0.106665,0.008154,0.10362,0.109709,0.269136,0.009706,0.265512,0.27276
D45_balanced_P0_F2_C2_E0p75,P0,P0,45,concentrated,balanced,2,2,0.75,0,0,,30,1505.7,41.635653,1490.154737,1521.245263,1413.966667,17.359253,1407.485343,1420.447991,0.939656,0.024065,0.93067,0.948641,91.733333,38.36839,77.40795,106.058717,95.4,37.054108,81.565322,109.234678,211.055961,86.767945,178.659915,243.452006,557.075,216.423087,476.270365,637.879635,0,0,0,0,0,0,0,0,0.470632,0.005983,0.468398,0.472866,54.25,2.296024,53.392747,55.107253,3499.6375,44.103233,3483.170931,3516.104069,650.509444,12.399378,645.879961,655.138928,0.496121,0.007195,0.493434,0.498807,0,0,0,0
D45_balanced_P1_F2_C2_E0p75,P1,P1,45,concentrated,balanced,2,2,0.75,0,0,,30,1505.7,41.635653,1490.154737,1521.245263,1413.966667,17.359253,1407.485343,1420.447991,0.939656,0.024065,0.93067,0.948641,91.733333,38.36839,77.40795,106.058717,95.4,37.054108,81.565322,109.234678,211.055961,86.767945,178.659915,243.452006,557.075,216.423087,476.270365,637.879635,0,0,0,0,0,0,0,0,0.470632,0.005983,0.468398,0.472866,31.43,2.526228,30.486797,32.373203,3214.9775,38.052938,3200.769895,3229.185105,388.780389,9.3292,385.297199,392.263578,0.091587,0.009644,0.087987,0.095188,0,0,0,0
D45_balanced_P2-B34_F2_C2_E0p75,P2,P2-B34,45,concentrated,balanced,2,2,0.75,0,0,34,30,1505.7,41.635653,1490.154737,1521.245263,1392.566667,18.531768,1385.647568,1399.485766,0.925439,0.024364,0.916342,0.934536,113.133333,39.316342,98.454019,127.812648,115.5,38.548447,101.10739,129.89261,258.028377,88.659463,224.926107,291.130647,680.531667,221.048142,598.000202,763.063132,0,0,0,0,0,0,0,0,0.471632,0.006385,0.469248,0.474016,33.6,0,33.6,33.6,3346.9575,42.314196,3331.158894,3362.756106,536.641167,6.439278,534.236971,539.045362,0.371765,0.007486,0.36897,0.37456,0,0,0,0
D45_balanced_P3-D_F2_C2_E0p75,P3-D,P3-D,45,concentrated,balanced,2,2,0.75,1,0.6,,30,1505.7,41.635653,1490.154737,1521.245263,1384.1,17.732398,1377.479357,1390.720643,0.919823,0.024413,0.910708,0.928937,121.6,39.584567,106.820539,136.379461,123.633333,39.133268,109.022372,138.244295,273.071059,87.464231,240.415045,305.727073,729.553333,221.773412,646.751079,812.355588,0,0,0,0,0,0,0,0,0.471254,0.00633,0.468891,0.473618,38.045,1.780273,37.38031,38.70969,3296.1725,37.385948,3282.213925,3310.131075,501.624056,1.743354,500.973149,502.274962,0.332097,0.008146,0.329056,0.335139,0.527006,0.006557,0.524558,0.529454
D45_balanced_P0_F2_C2_E1,P0,P0,45,concentrated,balanced,2,2,1,0,0,,30,1505.7,41.635653,1490.154737,1521.245263,1413.966667,17.359253,1407.485343,1420.447991,0.939656,0.024065,0.93067,0.948641,91.733333,38.36839,77.40795,106.058717,95.4,37.054108,81.565322,109.234678,211.055961,86.767945,178.659915,243.452006,557.075,216.423087,476.270365,637.879635,0,0,0,0,0,0,0,0,0.470632,0.005983,0.468398,0.472866,72.333333,3.061365,71.190329,73.476337,4666.183333,58.804311,4644.227908,4688.138758,867.345926,16.532504,861.173281,873.518571,0.496121,0.007195,0.493434,0.498807,0,0,0,0
D45_balanced_P1_F2_C2_E1,P1,P1,45,concentrated,balanced,2,2,1,0,0,,30,1505.7,41.635653,1490.154737,1521.245263,1329.8,18.363006,1322.943911,1336.656089,0.883732,0.023711,0.874879,0.892585,175.9,39.775534,161.049239,190.750761,177.2,39.667932,162.389414,192.010586,402.725619,89.890237,369.163822,436.287416,1067.766667,223.778953,984.215615,1151.317719,0,0,0,0,0,0,0,0,0.48088,0.006436,0.478477,0.483283,46.5,1.852305,45.808416,47.191584,3679.086667,51.147621,3659.989976,3698.183358,163.514963,2.273228,162.666221,164.363705,0.45256,0.008003,0.449572,0.455548,0,0,0,0
D45_balanced_P2-B34_F2_C2_E1,P2,P2-B34,45,concentrated,balanced,2,2,1,0,0,34,30,1505.7,41.635653,1490.154737,1521.245263,1374.633333,17.906815,1367.94757,1381.319097,0.913526,0.024148,0.90451,0.922542,131.066667,39.399749,116.35621,145.777123,132.766667,39.107,118.165512,147.367821,297.778924,89.458934,264.37816,331.179688,786.53,219.964435,704.403153,868.656847,0,0,0,0,0,0,0,0,0.473236,0.006431,0.470835,0.475637,33.6,0,33.6,33.6,4291.896667,51.390281,4272.709375,4311.083958,592.014296,3.985707,590.526176,593.502417,0.263216,0.006809,0.260674,0.265758,0,0,0,0
D45_balanced_P3-D_F2_C2_E1,P3-D,P3-D,45,concentrated,balanced,2,2,1,1,0.6,,30,1505.7,41.635653,1490.154737,1521.245263,1367.366667,16.72389,1361.122565,1373.610769,0.908694,0.023566,0.899896,0.917493,138.333333,38.715882,123.878209,152.788458,139.533333,38.640459,125.106369,153.960298,309.898549,89.127473,276.62154,343.175557,822.785,218.531486,741.193164,904.376836,0,0,0,0,0,0,0,0,0.473225,0.006296,0.470874,0.475576,40.226667,1.150992,39.796928,40.656406,4226.056667,45.85167,4208.937294,4243.176039,542.771407,2.057309,542.003282,543.539533,0.24073,0.007987,0.237748,0.243713,0.361574,0.010413,0.357686,0.365462
D45_balanced_P0_F2_C2_E1p25,P0,P0,45,concentrated,balanced,2,2,1.25,0,0,,30,1505.7,41.635653,1490.154737,1521.245263,1413.966667,17.359253,1407.485343,1420.447991,0.939656,0.024065,0.93067,0.948641,91.733333,38.36839,77.40795,106.058717,95.4,37.054108,81.565322,109.234678,211.055961,86.767945,178.659915,243.452006,557.075,216.423087,476.270365,637.879635,0,0,0,0,0,0,0,0,0.470632,0.005983,0.468398,0.472866,90.416667,3.826706,88.987912,91.845422,5832.729167,73.505388,5805.284885,5860.173448,1084.182407,20.66563,1076.466601,1091.898214,0.496121,0.007195,0.493434,0.498807,0,0,0,0
D45_balanced_P1_F2_C2_E1p25,P1,P1,45,concentrated,balanced,2,2,1.25,0,0,,30,1505.7,41.635653,1490.154737,1521.245263,1329.8,18.363006,1322.943911,1336.656089,0.883732,0.023711,0.874879,0.892585,175.9,39.775534,161.049239,190.750761,177.2,39.667932,162.389414,192.010586,402.725619,89.890237,369.163822,436.287416,1067.766667,223.778953,984.215615,1151.317719,0,0,0,0,0,0,0,0,0.48088,0.006436,0.478477,0.483283,58.125,2.315381,57.260519,58.989481,4598.858333,63.934526,4574.987469,4622.729197,204.393704,2.841534,203.332776,205.454631,0.45256,0.008003,0.449572,0.455548,0,0,0,0
D45_balanced_P2-B34_F2_C2_E1p25,P2,P2-B34,45,concentrated,balanced,2,2,1.25,0,0,34,30,1505.7,41.635653,1490.154737,1521.245263,1351.533333,18.570896,1344.599626,1358.467041,0.89818,0.024224,0.889135,0.907224,154.166667,40.056928,139.210843,169.12249,155.433333,39.841655,140.557885,170.308781,349.183257,92.376145,314.69331,383.673203,926.613333,228.541982,841.283937,1011.94273,0,0,0,0,0,0,0,0,0.474745,0.006754,0.472224,0.477267,33.25,0,33.25,33.25,5152.5,65.207659,5128.153794,5176.846206,627.7375,3.153962,626.559923,628.915077,0.1451,0.005617,0.143003,0.147197,0,0,0,0
D45_balanced_P3-D_F2_C2_E1p25,P3-D,P3-D,45,concentrated,balanced,2,2,1.25,1,0.6,,30,1505.7,41.635653,1490.154737,1521.245263,1339.666667,16.723581,1333.42268,1345.910653,0.890301,0.023784,0.881421,0.899182,166.033333,39.756573,151.189652,180.877015,166.933333,39.733538,152.098252,181.768414,368.990548,88.371673,335.995728,401.985368,995.888333,223.933835,912.279454,1079.497213,0,0,0,0,0,0,0,0,0.474549,0.006439,0.472144,0.476953,41.295833,2.381114,40.406811,42.184856,5055.225,56.425726,5034.157654,5076.292346,579.051667,2.50781,578.11534,579.987993,0.096526,0.00712,0.093867,0.099184,0.230401,0.011385,0.226151,0.234652
D45_balanced_P0_F2_CU_E0p75,P0,P0,45,concentrated,balanced,2,unlimited,0.75,0,0,,30,1505.7,41.635653,1490.154737,1521.245263,1413.966667,17.359253,1407.485343,1420.447991,0.939656,0.024065,0.93067,0.948641,91.733333,38.36839,77.40795,106.058717,95.4,37.054108,81.565322,109.234678,211.055961,86.767945,178.659915,243.452006,557.075,216.423087,476.270365,637.879635,0,0,0,0,0,0,0,0,0.470632,0.005983,0.468398,0.472866,54.25,2.296024,53.392747,55.107253,3499.6375,44.103233,3483.170931,3516.104069,650.509444,12.399378,645.879961,655.138928,0.496121,0.007195,0.493434,0.498807,0,0,0,0
D45_balanced_P1_F2_CU_E0p75,P1,P1,45,concentrated,balanced,2,unlimited,0.75,0,0,,30,1505.7,41.635653,1490.154737,1521.245263,1413.966667,17.359253,1407.485343,1420.447991,0.939656,0.024065,0.93067,0.948641,91.733333,38.36839,77.40795,106.058717,95.4,37.054108,81.565322,109.234678,211.055961,86.767945,178.659915,243.452006,557.075,216.423087,476.270365,637.879635,0,0,0,0,0,0,0,0,0.470632,0.005983,0.468398,0.472866,31.43,2.526228,30.486797,32.373203,3214.9775,38.052938,3200.769895,3229.185105,388.780389,9.3292,385.297199,392.263578,0.091587,0.009644,0.087987,0.095188,0,0,0,0
D45_balanced_P2-B34_F2_CU_E0p75,P2,P2-B34,45,concentrated,balanced,2,unlimited,0.75,0,0,34,30,1505.7,41.635653,1490.154737,1521.245263,1392.566667,18.531768,1385.647568,1399.485766,0.925439,0.024364,0.916342,0.934536,113.133333,39.316342,98.454019,127.812648,115.5,38.548447,101.10739,129.89261,258.028377,88.659463,224.926107,291.130647,680.531667,221.048142,598.000202,763.063132,0,0,0,0,0,0,0,0,0.471632,0.006385,0.469248,0.474016,33.6,0,33.6,33.6,3346.9575,42.314196,3331.158894,3362.756106,536.641167,6.439278,534.236971,539.045362,0.371765,0.007486,0.36897,0.37456,0,0,0,0
D45_balanced_P3-D_F2_CU_E0p75,P3-D,P3-D,45,concentrated,balanced,2,unlimited,0.75,1,0.6,,30,1505.7,41.635653,1490.154737,1521.245263,1384.1,17.732398,1377.479357,1390.720643,0.919823,0.024413,0.910708,0.928937,121.6,39.584567,106.820539,136.379461,123.633333,39.133268,109.022372,138.244295,273.071059,87.464231,240.415045,305.727073,729.553333,221.773412,646.751079,812.355588,0,0,0,0,0,0,0,0,0.471254,0.00633,0.468891,0.473618,38.045,1.780273,37.38031,38.70969,3296.1725,37.385948,3282.213925,3310.131075,501.624056,1.743354,500.973149,502.274962,0.332097,0.008146,0.329056,0.335139,0.527006,0.006557,0.524558,0.529454
D45_balanced_P0_F2_CU_E1,P0,P0,45,concentrated,balanced,2,unlimited,1,0,0,,30,1505.7,41.635653,1490.154737,1521.245263,1413.966667,17.359253,1407.485343,1420.447991,0.939656,0.024065,0.93067,0.948641,91.733333,38.36839,77.40795,106.058717,95.4,37.054108,81.565322,109.234678,211.055961,86.767945,178.659915,243.452006,557.075,216.423087,476.270365,637.879635,0,0,0,0,0,0,0,0,0.470632,0.005983,0.468398,0.472866,72.333333,3.061365,71.190329,73.476337,4666.183333,58.804311,4644.227908,4688.138758,867.345926,16.532504,861.173281,873.518571,0.496121,0.007195,0.493434,0.498807,0,0,0,0
D45_balanced_P1_F2_CU_E1,P1,P1,45,concentrated,balanced,2,unlimited,1,0,0,,30,1505.7,41.635653,1490.154737,1521.245263,1329.8,18.363006,1322.943911,1336.656089,0.883732,0.023711,0.874879,0.892585,175.9,39.775534,161.049239,190.750761,177.2,39.667932,162.389414,192.010586,402.725619,89.890237,369.163822,436.287416,1067.766667,223.778953,984.215615,1151.317719,0,0,0,0,0,0,0,0,0.48088,0.006436,0.478477,0.483283,46.5,1.852305,45.808416,47.191584,3679.086667,51.147621,3659.989976,3698.183358,163.514963,2.273228,162.666221,164.363705,0.45256,0.008003,0.449572,0.455548,0,0,0,0
D45_balanced_P2-B34_F2_CU_E1,P2,P2-B34,45,concentrated,balanced,2,unlimited,1,0,0,34,30,1505.7,41.635653,1490.154737,1521.245263,1374.633333,17.906815,1367.94757,1381.319097,0.913526,0.024148,0.90451,0.922542,131.066667,39.399749,116.35621,145.777123,132.766667,39.107,118.165512,147.367821,297.778924,89.458934,264.37816,331.179688,786.53,219.964435,704.403153,868.656847,0,0,0,0,0,0,0,0,0.473236,0.006431,0.470835,0.475637,33.6,0,33.6,33.6,4291.896667,51.390281,4272.709375,4311.083958,592.014296,3.985707,590.526176,593.502417,0.263216,0.006809,0.260674,0.265758,0,0,0,0
D45_balanced_P3-D_F2_CU_E1,P3-D,P3-D,45,concentrated,balanced,2,unlimited,1,1,0.6,,30,1505.7,41.635653,1490.154737,1521.245263,1367.366667,16.72389,1361.122565,1373.610769,0.908694,0.023566,0.899896,0.917493,138.333333,38.715882,123.878209,152.788458,139.533333,38.640459,125.106369,153.960298,309.898549,89.127473,276.62154,343.175557,822.785,218.531486,741.193164,904.376836,0,0,0,0,0,0,0,0,0.473225,0.006296,0.470874,0.475576,40.226667,1.150992,39.796928,40.656406,4226.056667,45.85167,4208.937294,4243.176039,542.771407,2.057309,542.003282,543.539533,0.24073,0.007987,0.237748,0.243713,0.361574,0.010413,0.357686,0.365462
D45_balanced_P0_F2_CU_E1p25,P0,P0,45,concentrated,balanced,2,unlimited,1.25,0,0,,30,1505.7,41.635653,1490.154737,1521.245263,1413.966667,17.359253,1407.485343,1420.447991,0.939656,0.024065,0.93067,0.948641,91.733333,38.36839,77.40795,106.058717,95.4,37.054108,81.565322,109.234678,211.055961,86.767945,178.659915,243.452006,557.075,216.423087,476.270365,637.879635,0,0,0,0,0,0,0,0,0.470632,0.005983,0.468398,0.472866,90.416667,3.826706,88.987912,91.845422,5832.729167,73.505388,5805.284885,5860.173448,1084.182407,20.66563,1076.466601,1091.898214,0.496121,0.007195,0.493434,0.498807,0,0,0,0
D45_balanced_P1_F2_CU_E1p25,P1,P1,45,concentrated,balanced,2,unlimited,1.25,0,0,,30,1505.7,41.635653,1490.154737,1521.245263,1329.8,18.363006,1322.943911,1336.656089,0.883732,0.023711,0.874879,0.892585,175.9,39.775534,161.049239,190.750761,177.2,39.667932,162.389414,192.010586,402.725619,89.890237,369.163822,436.287416,1067.766667,223.778953,984.215615,1151.317719,0,0,0,0,0,0,0,0,0.48088,0.006436,0.478477,0.483283,58.125,2.315381,57.260519,58.989481,4598.858333,63.934526,4574.987469,4622.729197,204.393704,2.841534,203.332776,205.454631,0.45256,0.008003,0.449572,0.455548,0,0,0,0
D45_balanced_P2-B34_F2_CU_E1p25,P2,P2-B34,45,concentrated,balanced,2,unlimited,1.25,0,0,34,30,1505.7,41.635653,1490.154737,1521.245263,1351.533333,18.570896,1344.599626,1358.467041,0.89818,0.024224,0.889135,0.907224,154.166667,40.056928,139.210843,169.12249,155.433333,39.841655,140.557885,170.308781,349.183257,92.376145,314.69331,383.673203,926.613333,228.541982,841.283937,1011.94273,0,0,0,0,0,0,0,0,0.474745,0.006754,0.472224,0.477267,33.25,0,33.25,33.25,5152.5,65.207659,5128.153794,5176.846206,627.7375,3.153962,626.559923,628.915077,0.1451,0.005617,0.143003,0.147197,0,0,0,0
D45_balanced_P3-D_F2_CU_E1p25,P3-D,P3-D,45,concentrated,balanced,2,unlimited,1.25,1,0.6,,30,1505.7,41.635653,1490.154737,1521.245263,1339.666667,16.723581,1333.42268,1345.910653,0.890301,0.023784,0.881421,0.899182,166.033333,39.756573,151.189652,180.877015,166.933333,39.733538,152.098252,181.768414,368.990548,88.371673,335.995728,401.985368,995.888333,223.933835,912.279454,1079.497213,0,0,0,0,0,0,0,0,0.474549,0.006439,0.472144,0.476953,41.295833,2.381114,40.406811,42.184856,5055.225,56.425726,5034.157654,5076.292346,579.051667,2.50781,578.11534,579.987993,0.096526,0.00712,0.093867,0.099184,0.230401,0.011385,0.226151,0.234652
D45_balanced_P0_F4_C1_E0p75,P0,P0,45,concentrated,balanced,4,1,0.75,0,0,,30,1505.7,41.635653,1490.154737,1521.245263,1475.633333,27.766866,1465.266179,1486.000487,0.980334,0.014698,0.974847,0.985822,30.066667,22.990153,21.482966,38.650367,41.7,18.283495,34.873597,48.526403,71.838878,44.082092,55.380203,88.297553,219.248333,116.432397,175.776643,262.720023,9.620939,0.529487,9.423248,9.818631,3,0,3,3,0.245567,0.004751,0.243793,0.247341,57.645,2.720654,56.629205,58.660795,3652.4525,69.017869,3626.683698,3678.221302,679.106222,15.694153,673.246587,684.965857,0.496304,0.007192,0.493619,0.49899,0,0,0,0
D45_balanced_P1_F4_C1_E0p75,P1,P1,45,concentrated,balanced,4,1,0.75,0,0,,30,1505.7,41.635653,1490.154737,1521.245263,1475.633333,27.766866,1465.266179,1486.000487,0.980334,0.014698,0.974847,0.985822,30.066667,22.990153,21.482966,38.650367,41.7,18.283495,34.873597,48.526403,71.838878,44.082092,55.380203,88.297553,219.248333,116.432397,175.776643,262.720023,9.620939,0.529487,9.423248,9.818631,3,0,3,3,0.245567,0.004751,0.243793,0.247341,33.145,2.414659,32.243453,34.046547,3355.4525,60.653664,3332.806593,3378.098407,406.031222,10.367618,402.160325,409.90212,0.09182,0.009653,0.088216,0.095424,0,0,0,0
D45_balanced_P2-B34_F4_C1_E0p75,P2,P2-B34,45,concentrated,balanced,4,1,0.75,0,0,34,30,1505.7,41.635653,1490.154737,1521.245263,1456.833333,21.045244,1448.975792,1464.690874,0.967984,0.018771,0.960976,0.974993,48.866667,29.538675,37.837983,59.895351,56.2,26.151284,46.436047,65.963953,108.460513,61.157935,85.626329,131.294698,312.465,161.9057,252.015206,372.914794,10.165543,0.399515,10.016379,10.314708,3,0,3,3,0.247434,0.003792,0.246019,0.24885,33.6,0,33.6,33.6,3483.6425,47.573562,3465.880234,3501.404766,542.891056,6.493247,540.466709,545.315402,0.349788,0.007733,0.346901,0.352675,0,0,0,0
D45_balanced_P3-D_F4_C1_E0p75,P3-D,P3-D,45,concentrated,balanced,4,1,0.75,1,0.6,,30,1505.7,41.635653,1490.154737,1521.245263,1450.1,19.796116,1442.708839,1457.491161,0.963547,0.019995,0.956081,0.971012,55.6,31.542637,43.823108,67.376892,61.933333,28.714929,51.212207,72.65446,120.541557,64.866302,96.322802,144.760313,347.421667,174.707462,282.192153,412.65118,10.293151,0.356397,10.160085,10.426217,3,0,3,3,0.247561,0.003589,0.246221,0.248901,37.94,1.71612,37.299262,38.580738,3436.3725,41.851294,3420.746725,3451.998275,507.872667,1.944372,507.146708,508.598626,0.311389,0.008367,0.308264,0.314513,0.506481,0.013894,0.501294,0.511669
D45_balanced_P0_F4_C1_E1,P0,P0,45,concentrated,balanced,4,1,1,0,0,,30,1505.7,41.635653,1490.154737,1521.245263,1475.633333,27.766866,1465.266179,1486.000487,0.980334,0.014698,0.974847,0.985822,30.066667,22.990153,21.482966,38.650367,41.7,18.283495,34.873597,48.526403,71.838878,44.082092,55.380203,88.297553,219.248333,116.432397,175.776643,262.720023,9.620939,0.529487,9.423248,9.818631,3,0,3,3,0.245567,0.004751,0.243793,0.247341,76.86,3.627538,75.505607,78.214393,4869.936667,92.023826,4835.578264,4904.29507,905.474963,20.925537,897.662116,913.28781,0.496304,0.007192,0.493619,0.49899,0,0,0,0
D45_balanced_P1_F4_C1_E1,P1,P1,45,concentrated,balanced,4,1,1,0,0,,30,1505.7,41.635653,1490.154737,1521.245263,1401.166667,18.268275,1394.345946,1407.987387,0.931135,0.023635,0.92231,0.93996,104.533333,37.992498,90.348294,118.718372,107.166667,37.265204,93.253173,121.08016,233.508057,85.781797,201.480204,265.53591,630.531667,214.901484,550.295144,710.768189,11.438531,0.212918,11.359035,11.518027,3,0,3,3,0.253331,0.00318,0.252144,0.254519,50.133333,1.833281,49.448852,50.817815,3876.523333,50.828425,3857.545819,3895.500848,172.289926,2.259041,171.446481,173.133371,0.45258,0.007893,0.449633,0.455527,0,0,0,0
D45_balanced_P2-B34_F4_C1_E1,P2,P2-B34,45,concentrated,balanced,4,1,1,0,0,34,30,1505.7,41.635653,1490.154737,1521.245263,1438.733333,18.67865,1431.759394,1445.707273,0.956033,0.021337,0.948067,0.964,66.966667,33.769486,54.358349,79.574984,71.833333,31.64031,60.019974,83.646693,146.881442,73.09453,119.59056,174.172323,411.08,190.381381,339.998406,482.161594,10.600948,0.291518,10.492106,10.70979,3,0,3,3,0.248995,0.003249,0.247781,0.250208,33.6,0,33.6,33.6,4467.106667,53.487362,4447.1364,4487.076933,599.871407,4.127036,598.33052,601.412295,0.233648,0.006383,0.231265,0.236031,0,0,0,0
D45_balanced_P3-D_F4_C1_E1,P3-D,P3-D,45,concentrated,balanced,4,1,1,1,0.6,,30,1505.7,41.635653,1490.154737,1521.245263,1431.2,17.131137,1424.803846,1437.596154,0.951037,0.021138,0.943145,0.958929,74.5,33.643927,61.938562,87.061438,77.833333,32.629671,65.650582,90.016085,154.074,72.639792,126.952901,181.195099,442.968333,192.757947,370.999415,514.937252,10.693052,0.280535,10.58831,10.797794,3,0,3,3,0.249034,0.003234,0.247826,0.250241,43.376667,1.84254,42.688728,44.064605,4399,46.324202,4381.704201,4416.295799,550.434444,2.086705,549.655344,551.213545,0.207842,0.008933,0.204507,0.211177,0.340895,0.009377,0.337394,0.344396
D45_balanced_P0_F4_C1_E1p25,P0,P0,45,concentrated,balanced,4,1,1.25,0,0,,30,1505.7,41.635653,1490.154737,1521.245263,1475.633333,27.766866,1465.266179,1486.000487,0.980334,0.014698,0.974847,0.985822,30.066667,22.990153,21.482966,38.650367,41.7,18.283495,34.873597,48.526403,71.838878,44.082092,55.380203,88.297553,219.248333,116.432397,175.776643,262.720023,9.620939,0.529487,9.423248,9.818631,3,0,3,3,0.245567,0.004751,0.243793,0.247341,96.075,4.534423,94.382009,97.767991,6087.420833,115.029782,6044.47283,6130.368837,1131.843704,26.156921,1122.077645,1141.609762,0.496304,0.007192,0.493619,0.49899,0,0,0,0
D45_balanced_P1_F4_C1_E1p25,P1,P1,45,concentrated,balanced,4,1,1.25,0,0,,30,1505.7,41.635653,1490.154737,1521.245263,1401.166667,18.268275,1394.345946,1407.987387,0.931135,0.023635,0.92231,0.93996,104.533333,37.992498,90.348294,118.718372,107.166667,37.265204,93.253173,121.08016,233.508057,85.781797,201.480204,265.53591,630.531667,214.901484,550.295144,710.768189,11.438531,0.212918,11.359035,11.518027,3,0,3,3,0.253331,0.00318,0.252144,0.254519,62.666667,2.291601,61.811065,63.522269,4845.654167,63.535531,4821.932273,4869.37606,215.362407,2.823801,214.308101,216.416714,0.45258,0.007893,0.449633,0.455527,0,0,0,0
D45_balanced_P2-B34_F4_C1_E1p25,P2,P2-B34,45,concentrated,balanced,4,1,1.25,0,0,34,30,1505.7,41.635653,1490.154737,1521.245263,1416.1,18.332842,1409.255173,1422.944827,0.941049,0.023435,0.9323,0.949799,89.6,37.363637,75.649755,103.550245,92.533333,36.390349,78.94648,106.120187,196.871271,83.390644,165.736189,228.006353,538.171667,211.826054,459.083399,617.259934,10.989246,0.236306,10.901018,11.077474,3,0,3,3,0.249991,0.003199,0.248796,0.251185,33.25,0,33.25,33.25,5370.4125,64.309513,5346.401629,5394.423371,637.4225,3.149484,636.246595,638.598405,0.11289,0.005695,0.110763,0.115016,0,0,0,0
D45_balanced_P3-D_F4_C1_E1p25,P3-D,P3-D,45,concentrated,balanced,4,1,1.25,1,0.6,,30,1505.7,41.635653,1490.154737,1521.245263,1404.2,17.347165,1397.723189,1410.676811,0.933162,0.023804,0.924274,0.942049,101.5,38.233178,87.2251,115.7749,103.633333,37.610053,89.591086,117.675581,217.329653,83.751602,186.059802,248.599503,604.49,217.44758,523.302856,685.677144,11.111848,0.223851,11.02827,11.195426,3,0,3,3,0.249782,0.003227,0.248577,0.250987,41.545833,2.832326,40.488344,42.603323,5273.033333,58.522164,5251.183252,5294.883415,588.732037,2.600985,587.760922,589.703152,0.07718,0.003578,0.075844,0.078516,0.166049,0.017053,0.159682,0.172416
D45_balanced_P0_F4_C2_E0p75,P0,P0,45,concentrated,balanced,4,2,0.75,0,0,,30,1505.7,41.635653,1490.154737,1521.245263,1504.233333,41.69899,1488.664423,1519.802244,0.999024,0.000864,0.998702,0.999347,1.466667,1.306043,0.979037,1.954296,5.5,1.074789,5.098712,5.901288,0.918949,0.221992,0.836066,1.001833,6.633333,1.129032,6.211793,7.054873,0.386526,0.029309,0.375583,0.397469,2,0,2,2,0.250328,0.007066,0.24769,0.252966,63.455,4.503013,61.773736,65.136264,3723.4025,103.280775,3684.841155,3761.963845,692.462056,21.232134,684.534737,700.389374,0.496453,0.007262,0.493742,0.499165,0,0,0,0
D45_balanced_P1_F4_C2_E0p75,P1,P1,45,concentrated,balanced,4,2,0.75,0,0,,30,1505.7,41.635653,1490.154737,1521.245263,1504.233333,41.69899,1488.664423,1519.802244,0.999024,0.000864,0.998702,0.999347,1.466667,1.306043,0.979037,1.954296,5.5,1.074789,5.098712,5.901288,0.918949,0.221992,0.836066,1.001833,6.633333,1.129032,6.211793,7.054873,0.386526,0.029309,0.375583,0.397469,2,0,2,2,0.250328,0.007066,0.24769,0.252966,33.855,2.594236,32.886405,34.823595,3420.3825,92.064518,3386.008904,3454.756096,413.852,12.326569,409.2497,418.4543,0.091631,0.009362,0.088136,0.095127,0,0,0,0
D45_balanced_P2-B34_F4_C2_E0p75,P2,P2-B34,45,concentrated,balanced,4,2,0.75,0,0,34,30,1505.7,41.635653,1490.154737,1521.245263,1504.2,41.725209,1488.6213,1519.7787,0.999002,0.000883,0.998672,0.999331,1.5,1.332615,1.002449,1.997551,5.8,1.030567,5.415223,6.184777,1.075237,0.279773,0.97078,1.179694,7.37,1.34649,6.867269,7.872731,0.397526,0.029229,0.386613,0.40844,2,0,2,2,0.256005,0.00759,0.253172,0.258839,33.7575,0.104871,33.718345,33.796655,3583.59,89.83822,3550.047624,3617.132376,547.245667,7.296697,544.521341,549.969992,0.333292,0.013894,0.328105,0.33848,0,0,0,0
D45_balanced_P3-D_F4_C2_E0p75,P3-D,P3-D,45,concentrated,balanced,4,2,0.75,1,0.6,,30,1505.7,41.635653,1490.154737,1521.245263,1504.2,41.725209,1488.6213,1519.7787,0.999002,0.000883,0.998672,0.999331,1.5,1.332615,1.002449,1.997551,5.9,1.028893,5.515848,6.284152,1.109094,0.284935,1.00271,1.215479,7.693333,1.469502,7.144674,8.241993,0.400251,0.027479,0.389991,0.41051,2,0,2,2,0.257318,0.007584,0.254486,0.260149,38.545,1.70412,37.908742,39.181258,3551.105,88.540474,3518.047156,3584.162844,512.954389,4.015814,511.455028,514.45375,0.296955,0.012515,0.292282,0.301627,0.460031,0.022202,0.451741,0.46832
D45_balanced_P0_F4_C2_E1,P0,P0,45,concentrated,balanced,4,2,1,0,0,,30,1505.7,41.635653,1490.154737,1521.245263,1504.233333,41.69899,1488.664423,1519.802244,0.999024,0.000864,0.998702,0.999347,1.466667,1.306043,0.979037,1.954296,5.5,1.074789,5.098712,5.901288,0.918949,0.221992,0.836066,1.001833,6.633333,1.129032,6.211793,7.054873,0.386526,0.029309,0.375583,0.397469,2,0,2,2,0.250328,0.007066,0.24769,0.252966,84.606667,6.004018,82.364981,86.848352,4964.536667,137.7077,4913.12154,5015.951793,923.282741,28.309511,912.712982,933.852499,0.496453,0.007262,0.493742,0.499165,0,0,0,0
D45_balanced_P1_F4_C2_E1,P1,P1,45,concentrated,balanced,4,2,1,0,0,,30,1505.7,41.635653,1490.154737,1521.245263,1504.2,41.725209,1488.6213,1519.7787,0.999002,0.000883,0.998672,0.999331,1.5,1.332615,1.002449,1.997551,6.366667,1.272612,5.891519,6.841814,1.390747,0.335755,1.265387,1.516106,8.755,1.514206,8.18965,9.32035,0.446605,0.025582,0.437053,0.456157,2,0,2,2,0.271969,0.007436,0.269193,0.274745,60.433333,4.174498,58.874725,61.991942,4161.426667,115.60102,4118.265383,4204.58795,184.952296,5.137823,183.034017,186.870576,0.452923,0.007872,0.449984,0.455862,0,0,0,0
D45_balanced_P2-B34_F4_C2_E1,P2,P2-B34,45,concentrated,balanced,4,2,1,0,0,34,30,1505.7,41.635653,1490.154737,1521.245263,1504.066667,41.702504,1488.496444,1519.636889,0.998914,0.000943,0.998562,0.999266,1.633333,1.42595,1.100935,2.165732,6.6,2.077797,5.824225,7.375775,1.323263,0.528398,1.125978,1.520548,8.611667,2.864759,7.542068,9.681265,0.418427,0.028502,0.407786,0.429069,2,0,2,2,0.261746,0.007973,0.258769,0.264723,33.746667,0.196053,33.673467,33.819866,4642.726667,113.819939,4600.230375,4685.222958,607.630074,5.88156,605.43411,609.826038,0.198439,0.019363,0.19121,0.205668,0,0,0,0
D45_balanced_P3-D_F4_C2_E1,P3-D,P3-D,45,concentrated,balanced,4,2,1,1,0.6,,30,1505.7,41.635653,1490.154737,1521.245263,1504.033333,41.72941,1488.453065,1519.613602,0.998891,0.000974,0.998527,0.999255,1.666667,1.470007,1.117819,2.215515,6.2,1.270352,5.725696,6.674304,1.274563,0.346195,1.145306,1.40382,8.411667,1.638001,7.800096,9.023238,0.420973,0.028335,0.410393,0.431552,2,0,2,2,0.263193,0.008052,0.260187,0.266199,48.766667,3.669195,47.396721,50.136613,4595.636667,112.716714,4553.55228,4637.721053,559.173852,5.036217,557.293509,561.054195,0.171474,0.020312,0.16389,0.179058,0.301235,0.026159,0.291468,0.311001
D45_balanced_P0_F4_C2_E1p25,P0,P0,45,concentrated,balanced,4,2,1.25,0,0,,30,1505.7,41.635653,1490.154737,1521.245263,1504.233333,41.69899,1488.664423,1519.802244,0.999024,0.000864,0.998702,0.999347,1.466667,1.306043,0.979037,1.954296,5.5,1.074789,5.098712,5.901288,0.918949,0.221992,0.836066,1.001833,6.633333,1.129032,6.211793,7.054873,0.386526,0.029309,0.375583,0.397469,2,0,2,2,0.250328,0.007066,0.24769,0.252966,105.758333,7.505022,102.956227,108.56044,6205.670833,172.134625,6141.401925,6269.939742,1154.103426,35.386889,1140.891228,1167.315624,0.496453,0.007262,0.493742,0.499165,0,0,0,0
D45_balanced_P1_F4_C2_E1p25,P1,P1,45,concentrated,balanced,4,2,1.25,0,0,,30,1505.7,41.635653,1490.154737,1521.245263,1504.2,41.725209,1488.6213,1519.7787,0.999002,0.000883,0.998672,0.999331,1.5,1.332615,1.002449,1.997551,6.366667,1.272612,5.891519,6.841814,1.390747,0.335755,1.265387,1.516106,8.755,1.514206,8.18965,9.32035,0.446605,0.025582,0.437053,0.456157,2,0,2,2,0.271969,0.007436,0.269193,0.274745,75.541667,5.218123,73.593406,77.489927,5201.783333,144.501275,5147.831729,5255.734938,231.19037,6.422279,228.792521,233.588219,0.452923,0.007872,0.449984,0.455862,0,0,0,0
D45_balanced_P2-B34_F4_C2_E1p25,P2,P2-B34,45,concentrated,balanced,4,2,1.25,0,0,34,30,1505.7,41.635653,1490.154737,1521.245263,1461.233333,21.933573,1453.044122,1469.422544,0.970893,0.018448,0.964006,0.977781,44.466667,28.976487,33.647884,55.28545,49.733333,26.273014,39.92393,59.542736,52.544159,45.988213,35.373806,69.714512,211.21,148.47829,155.77352,266.64648,0.446154,0.024778,0.436903,0.455405,2,0,2,2,0.258767,0.00404,0.257259,0.260276,33.75,0,33.75,33.75,5522.7125,75.796511,5494.412795,5551.012205,644.191389,3.582785,642.853705,645.529072,0.094089,0.007339,0.091349,0.096829,0,0,0,0
D45_balanced_P3-D_F4_C2_E1p25,P3-D,P3-D,45,concentrated,balanced,4,2,1.25,1,0.6,,30,1505.7,41.635653,1490.154737,1521.245263,1430.033333,13.329985,1425.056394,1435.010273,0.950336,0.02329,0.94164,0.959032,75.666667,36.874749,61.898955,89.434378,75.666667,36.874749,61.898955,89.434378,40.94118,31.074362,29.339125,52.543235,265.006667,180.102885,197.762695,332.250638,0.445481,0.027188,0.43533,0.455632,2,0,2,2,0.254831,0.00251,0.253893,0.255768,54.541667,4.494769,52.863481,56.219852,5360.195833,44.997697,5343.395304,5376.996363,592.605926,1.999898,591.859236,593.352616,0.072801,0.001839,0.072114,0.073487,0.141821,0.016379,0.135706,0.147936
D45_balanced_P0_F4_CU_E0p75,P0,P0,45,concentrated,balanced,4,unlimited,0.75,0,0,,30,1505.7,41.635653,1490.154737,1521.245263,1504.233333,41.69899,1488.664423,1519.802244,0.999024,0.000864,0.998702,0.999347,1.466667,1.306043,0.979037,1.954296,5.2,0.961321,4.841077,5.558923,0.799855,0.185826,0.730474,0.869236,5.933333,1.014833,5.554431,6.312235,0,0,0,0,0,0,0,0,0.250328,0.007066,0.24769,0.252966,63.49,4.503435,61.808578,65.171422,3723.4025,103.280775,3684.841155,3761.963845,692.462056,21.232134,684.534737,700.389374,0.496453,0.007262,0.493742,0.499165,0,0,0,0
D45_balanced_P1_F4_CU_E0p75,P1,P1,45,concentrated,balanced,4,unlimited,0.75,0,0,,30,1505.7,41.635653,1490.154737,1521.245263,1504.233333,41.69899,1488.664423,1519.802244,0.999024,0.000864,0.998702,0.999347,1.466667,1.306043,0.979037,1.954296,5.2,0.961321,4.841077,5.558923,0.799855,0.185826,0.730474,0.869236,5.933333,1.014833,5.554431,6.312235,0,0,0,0,0,0,0,0,0.250328,0.007066,0.24769,0.252966,33.855,2.594236,32.886405,34.823595,3420.3825,92.064518,3386.008904,3454.756096,413.852,12.326569,409.2497,418.4543,0.091631,0.009362,0.088136,0.095127,0,0,0,0
D45_balanced_P2-B34_F4_CU_E0p75,P2,P2-B34,45,concentrated,balanced,4,unlimited,0.75,0,0,34,30,1505.7,41.635653,1490.154737,1521.245263,1504.2,41.725209,1488.6213,1519.7787,0.999002,0.000883,0.998672,0.999331,1.5,1.332615,1.002449,1.997551,5.566667,1.040004,5.178366,5.954967,0.934378,0.236142,0.846211,1.022545,6.666667,1.154701,6.235543,7.097791,0,0,0,0,0,0,0,0,0.25601,0.007595,0.253174,0.258846,33.7575,0.104871,33.718345,33.796655,3583.58,89.833371,3550.039434,3617.120566,547.245222,7.296133,544.521107,549.969337,0.333266,0.013885,0.328082,0.338451,0,0,0,0
D45_balanced_P3-D_F4_CU_E0p75,P3-D,P3-D,45,concentrated,balanced,4,unlimited,0.75,1,0.6,,30,1505.7,41.635653,1490.154737,1521.245263,1504.2,41.725209,1488.6213,1519.7787,0.999002,0.000883,0.998672,0.999331,1.5,1.332615,1.002449,1.997551,5.6,1.069966,5.200513,5.999487,0.962257,0.241172,0.872212,1.052302,6.728333,1.171625,6.290891,7.165776,0,0,0,0,0,0,0,0,0.257321,0.00759,0.254487,0.260154,38.5775,1.698711,37.943262,39.211738,3551.115,88.563034,3518.048733,3584.181267,512.954833,4.016801,511.455104,514.454563,0.296988,0.012479,0.292329,0.301647,0.459877,0.021929,0.451689,0.468064
D45_balanced_P0_F4_CU_E1,P0,P0,45,concentrated,balanced,4,unlimited,1,0,0,,30,1505.7,41.635653,1490.154737,1521.245263,1504.233333,41.69899,1488.664423,1519.802244,0.999024,0.000864,0.998702,0.999347,1.466667,1.306043,0.979037,1.954296,5.2,0.961321,4.841077,5.558923,0.799855,0.185826,0.730474,0.869236,5.933333,1.014833,5.554431,6.312235,0,0,0,0,0,0,0,0,0.250328,0.007066,0.24769,0.252966,84.653333,6.004581,82.411438,86.895229,4964.536667,137.7077,4913.12154,5015.951793,923.282741,28.309511,912.712982,933.852499,0.496453,0.007262,0.493742,0.499165,0,0,0,0
D45_balanced_P1_F4_CU_E1,P1,P1,45,concentrated,balanced,4,unlimited,1,0,0,,30,1505.7,41.635653,1490.154737,1521.245263,1504.2,41.725209,1488.6213,1519.7787,0.999002,0.000883,0.998672,0.999331,1.5,1.332615,1.002449,1.997551,5.966667,1.245221,5.501746,6.431588,1.195413,0.286289,1.088523,1.302304,7.905,1.293175,7.422175,8.387825,0,0,0,0,0,0,0,0,0.271969,0.007436,0.269193,0.274745,60.4,4.123942,58.860268,61.939732,4161.426667,115.60102,4118.265383,4204.58795,184.952296,5.137823,183.034017,186.870576,0.452923,0.007872,0.449984,0.455862,0,0,0,0
D45_balanced_P2-B34_F4_CU_E1,P2,P2-B34,45,concentrated,balanced,4,unlimited,1,0,0,34,30,1505.7,41.635653,1490.154737,1521.245263,1504.1,41.709463,1488.527179,1519.672821,0.998936,0.000961,0.998577,0.999294,1.6,1.452703,1.057613,2.142387,6.233333,2.144493,5.432656,7.03401,1.139063,0.460998,0.966943,1.311183,7.69,2.561667,6.733565,8.646435,0,0,0,0,0,0,0,0,0.261759,0.00798,0.25878,0.264739,33.746667,0.196053,33.673467,33.819866,4642.803333,113.828957,4600.303675,4685.302992,607.633481,5.883416,605.436824,609.830138,0.198388,0.019392,0.191147,0.205628,0,0,0,0
D45_balanced_P3-D_F4_CU_E1,P3-D,P3-D,45,concentrated,balanced,4,unlimited,1,1,0.6,,30,1505.7,41.635653,1490.154737,1521.245263,1504.1,41.709463,1488.527179,1519.672821,0.998936,0.000961,0.998577,0.999294,1.6,1.452703,1.057613,2.142387,5.866667,1.279368,5.388997,6.344337,1.095926,0.284942,0.989539,1.202313,7.5,1.358244,6.99288,8.00712,0,0,0,0,0,0,0,0,0.263219,0.008052,0.260213,0.266225,48.73,3.689795,47.352363,50.107637,4595.816667,112.662802,4553.752409,4637.880925,559.181852,5.033796,557.302413,561.061291,0.171441,0.020303,0.163861,0.179021,0.30108,0.026455,0.291203,0.310958
D45_balanced_P0_F4_CU_E1p25,P0,P0,45,concentrated,balanced,4,unlimited,1.25,0,0,,30,1505.7,41.635653,1490.154737,1521.245263,1504.233333,41.69899,1488.664423,1519.802244,0.999024,0.000864,0.998702,0.999347,1.466667,1.306043,0.979037,1.954296,5.2,0.961321,4.841077,5.558923,0.799855,0.185826,0.730474,0.869236,5.933333,1.014833,5.554431,6.312235,0,0,0,0,0,0,0,0,0.250328,0.007066,0.24769,0.252966,105.816667,7.505726,103.014297,108.619036,6205.670833,172.134625,6141.401925,6269.939742,1154.103426,35.386889,1140.891228,1167.315624,0.496453,0.007262,0.493742,0.499165,0,0,0,0
D45_balanced_P1_F4_CU_E1p25,P1,P1,45,concentrated,balanced,4,unlimited,1.25,0,0,,30,1505.7,41.635653,1490.154737,1521.245263,1504.2,41.725209,1488.6213,1519.7787,0.999002,0.000883,0.998672,0.999331,1.5,1.332615,1.002449,1.997551,5.966667,1.245221,5.501746,6.431588,1.195413,0.286289,1.088523,1.302304,7.905,1.293175,7.422175,8.387825,0,0,0,0,0,0,0,0,0.271969,0.007436,0.269193,0.274745,75.5,5.154927,73.575335,77.424665,5201.783333,144.501275,5147.831729,5255.734938,231.19037,6.422279,228.792521,233.588219,0.452923,0.007872,0.449984,0.455862,0,0,0,0
D45_balanced_P2-B34_F4_CU_E1p25,P2,P2-B34,45,concentrated,balanced,4,unlimited,1.25,0,0,34,30,1505.7,41.635653,1490.154737,1521.245263,1461.266667,21.951252,1453.070855,1469.462479,0.970915,0.018451,0.964027,0.977804,44.433333,28.981187,33.612795,55.253871,49.7,26.285108,39.886081,59.513919,51.073309,45.329971,34.14872,67.997898,207.605,147.849332,152.403351,262.806649,0,0,0,0,0,0,0,0,0.258775,0.004041,0.257267,0.260284,33.75,0,33.75,33.75,5522.825,75.855861,5494.503136,5551.146864,644.196389,3.585644,642.857638,645.53514,0.094077,0.007344,0.091335,0.096819,0,0,0,0
D45_balanced_P3-D_F4_CU_E1p25,P3-D,P3-D,45,concentrated,balanced,4,unlimited,1.25,1,0.6,,30,1505.7,41.635653,1490.154737,1521.245263,1430.033333,13.329985,1425.056394,1435.010273,0.950336,0.02329,0.94164,0.959032,75.666667,36.874749,61.898955,89.434378,75.666667,36.874749,61.898955,89.434378,40.066279,30.724138,28.594986,51.537573,261.828333,178.954525,195.013118,328.643548,0,0,0,0,0,0,0,0,0.254839,0.002508,0.253903,0.255776,54.583333,4.49297,52.905819,56.260848,5360.195833,44.997697,5343.395304,5376.996363,592.605926,1.999898,591.859236,593.352616,0.072801,0.001839,0.072114,0.073487,0.141667,0.016429,0.135533,0.147801
D45_balanced_P0_F8_C1_E0p75,P0,P0,45,concentrated,balanced,8,1,0.75,0,0,,30,1505.7,41.635653,1490.154737,1521.245263,1479.166667,27.758917,1468.802481,1489.530853,0.982677,0.014367,0.977313,0.988042,26.533333,22.42802,18.159513,34.907153,37.7,18.283495,30.873597,44.526403,56.50911,42.009203,40.824377,72.193843,193.286667,116.294608,149.866422,236.706911,25.225318,3.515796,23.912645,26.53799,7,0,7,7,0.123077,0.002374,0.12219,0.123963,57.995,2.552428,57.042015,58.947985,3661.1725,69.108068,3635.370021,3686.974979,680.701278,15.873941,674.774516,686.628039,0.496278,0.007284,0.493559,0.498998,0,0,0,0
D45_balanced_P1_F8_C1_E0p75,P1,P1,45,concentrated,balanced,8,1,0.75,0,0,,30,1505.7,41.635653,1490.154737,1521.245263,1479.166667,27.758917,1468.802481,1489.530853,0.982677,0.014367,0.977313,0.988042,26.533333,22.42802,18.159513,34.907153,37.7,18.283495,30.873597,44.526403,56.50911,42.009203,40.824377,72.193843,193.286667,116.294608,149.866422,236.706911,25.225318,3.515796,23.912645,26.53799,7,0,7,7,0.123077,0.002374,0.12219,0.123963,32.83,2.370967,31.944766,33.715234,3363.5525,60.706752,3340.886772,3386.218228,407.056222,10.509176,403.132472,410.979972,0.091925,0.009742,0.088288,0.095563,0,0,0,0
D45_balanced_P2-B34_F8_C1_E0p75,P2,P2-B34,45,concentrated,balanced,8,1,0.75,0,0,34,30,1505.7,41.635653,1490.154737,1521.245263,1460.833333,21.009166,1452.989263,1468.677404,0.970644,0.018853,0.963605,0.977683,44.866667,29.577174,33.823609,55.909725,52.366667,26.351056,42.528125,62.205208,92.282324,59.875988,69.926773,114.637875,287.945,162.604121,227.234441,348.655559,27.801278,2.798905,26.756267,28.846289,7,0,7,7,0.124093,0.001897,0.123384,0.124801,33.6,0,33.6,33.6,3492.1725,47.537056,3474.423865,3509.921135,543.200167,6.465603,540.786142,545.614191,0.348635,0.007602,0.345797,0.351474,0,0,0,0
D45_balanced_P3-D_F8_C1_E0p75,P3-D,P3-D,45,concentrated,balanced,8,1,0.75,1,0.6,,30,1505.7,41.635653,1490.154737,1521.245263,1454.033333,19.602047,1446.714631,1461.352036,0.966161,0.019986,0.958699,0.973623,51.666667,31.419666,39.935688,63.397645,58.066667,28.586147,47.393622,68.739711,103.998478,63.651929,80.233126,127.76383,322.593333,174.322237,257.507649,387.679018,28.348453,2.486426,27.420111,29.276796,7,0,7,7,0.12414,0.0018,0.123468,0.124811,37.835,1.688202,37.204686,38.465314,3444.7025,41.61917,3429.163391,3460.241609,508.207889,1.947247,507.480857,508.934921,0.310262,0.007953,0.307293,0.313231,0.503086,0.014556,0.497652,0.508521
D45_balanced_P0_F8_C1_E1,P0,P0,45,concentrated,balanced,8,1,1,0,0,,30,1505.7,41.635653,1490.154737,1521.245263,1479.166667,27.758917,1468.802481,1489.530853,0.982677,0.014367,0.977313,0.988042,26.533333,22.42802,18.159513,34.907153,37.7,18.283495,30.873597,44.526403,56.50911,42.009203,40.824377,72.193843,193.286667,116.294608,149.866422,236.706911,25.225318,3.515796,23.912645,26.53799,7,0,7,7,0.123077,0.002374,0.12219,0.123963,77.326667,3.403237,76.05602,78.597314,4881.563333,92.144091,4847.160028,4915.966639,907.601704,21.165255,899.699355,915.504052,0.496278,0.007284,0.493559,0.498998,0,0,0,0
D45_balanced_P1_F8_C1_E1,P1,P1,45,concentrated,balanced,8,1,1,0,0,,30,1505.7,41.635653,1490.154737,1521.245263,1405.166667,18.268275,1398.345946,1411.987387,0.933794,0.023701,0.924944,0.942643,100.533333,37.992498,86.348294,114.718372,103.166667,37.265204,89.253173,117.08016,213.696596,85.578811,181.744531,245.648661,604.145,216.065942,523.47371,684.81629,32.465488,1.140887,32.039522,32.891454,7,0,7,7,0.127027,0.00159,0.126434,0.127621,50.3,1.859737,49.605641,50.994359,3887.583333,50.829323,3868.605483,3906.561183,172.781481,2.259081,171.938021,173.624941,0.452596,0.007784,0.44969,0.455502,0,0,0,0
D45_balanced_P2-B34_F8_C1_E1,P2,P2-B34,45,concentrated,balanced,8,1,1,0,0,34,30,1505.7,41.635653,1490.154737,1521.245263,1443.166667,18.664152,1436.19814,1450.135193,0.958981,0.021465,0.950967,0.966996,62.533333,33.872716,49.886473,75.180193,67.633333,31.702805,55.796641,79.470026,129.656673,72.955418,102.417732,156.895615,383.861667,191.643972,312.308666,455.414667,29.745323,2.089714,28.965098,30.525548,7,0,7,7,0.124888,0.001628,0.12428,0.125496,33.6,0,33.6,33.6,4479.01,53.304353,4459.108062,4498.911938,600.353778,4.085507,598.828396,601.87916,0.231202,0.006559,0.228753,0.233652,0,0,0,0
D45_balanced_P3-D_F8_C1_E1,P3-D,P3-D,45,concentrated,balanced,8,1,1,1,0.6,,30,1505.7,41.635653,1490.154737,1521.245263,1435.1,17.34309,1428.624711,1441.575289,0.95363,0.021309,0.945674,0.961586,70.6,33.798184,57.980968,83.219032,74.066667,32.578746,61.902929,86.230405,137.106334,72.147035,110.169214,164.043455,420.253333,194.089468,347.787272,492.719394,30.01465,1.979412,29.275608,30.753691,7,0,7,7,0.124913,0.001603,0.124314,0.125511,43.78,2.226393,42.948744,44.611256,4409.516667,46.861226,4392.020362,4427.012971,550.901852,2.111774,550.113391,551.690313,0.205747,0.009124,0.20234,0.209153,0.339506,0.009522,0.335951,0.343061
D45_balanced_P0_F8_C1_E1p25,P0,P0,45,concentrated,balanced,8,1,1.25,0,0,,30,1505.7,41.635653,1490.154737,1521.245263,1479.166667,27.758917,1468.802481,1489.530853,0.982677,0.014367,0.977313,0.988042,26.533333,22.42802,18.159513,34.907153,37.7,18.283495,30.873597,44.526403,56.50911,42.009203,40.824377,72.193843,193.286667,116.294608,149.866422,236.706911,25.225318,3.515796,23.912645,26.53799,7,0,7,7,0.123077,0.002374,0.12219,0.123963,96.658333,4.254046,95.070025,98.246642,6101.954167,115.180113,6058.950035,6144.958299,1134.50213,26.456569,1124.624194,1144.380065,0.496278,0.007284,0.493559,0.498998,0,0,0,0
D45_balanced_P1_F8_C1_E1p25,P1,P1,45,concentrated,balanced,8,1,1.25,0,0,,30,1505.7,41.635653,1490.154737,1521.245263,1405.166667,18.268275,1398.345946,1411.987387,0.933794,0.023701,0.924944,0.942643,100.533333,37.992498,86.348294,114.718372,103.166667,37.265204,89.253173,117.08016,213.696596,85.578811,181.744531,245.648661,604.145,216.065942,523.47371,684.81629,32.465488,1.140887,32.039522,32.891454,7,0,7,7,0.127027,0.00159,0.126434,0.127621,62.875,2.324671,62.007051,63.742949,4859.479167,63.536654,4835.756854,4883.201479,215.976852,2.823851,214.922527,217.031177,0.452596,0.007784,0.44969,0.455502,0,0,0,0
D45_balanced_P2-B34_F8_C1_E1p25,P2,P2-B34,45,concentrated,balanced,8,1,1.25,0,0,34,30,1505.7,41.635653,1490.154737,1521.245263,1420.2,18.56842,1413.267217,1427.132783,0.943773,0.023524,0.93499,0.952556,85.5,37.408048,71.533174,99.466826,88.566667,36.334351,75.00072,102.132613,179.737467,83.157616,148.68939,210.785545,512.923333,213.83697,433.084262,592.762405,31.297586,1.366398,30.787422,31.80775,7,0,7,7,0.125419,0.001605,0.12482,0.126019,33.483333,0.253708,33.388608,33.578059,5384.241667,65.042111,5359.95727,5408.526063,638.03713,3.184262,636.84824,639.226019,0.110944,0.005826,0.108768,0.113119,0,0,0,0
D45_balanced_P3-D_F8_C1_E1p25,P3-D,P3-D,45,concentrated,balanced,8,1,1.25,1,0.6,,30,1505.7,41.635653,1490.154737,1521.245263,1407.666667,17.255351,1401.224136,1414.109197,0.935469,0.023974,0.926518,0.94442,98.033333,38.406612,83.693679,112.372988,100.266667,37.760528,86.168237,114.365096,200.48971,83.585905,169.281725,231.697695,583.173333,218.544566,501.576614,664.770053,31.701236,1.266743,31.22828,32.174192,7,0,7,7,0.125286,0.001615,0.124683,0.125889,41.691667,2.991859,40.574614,42.80872,5284.708333,58.223608,5262.969722,5306.446945,589.250926,2.587716,588.284765,590.217086,0.076465,0.003379,0.075204,0.077726,0.159414,0.016069,0.153414,0.165413
D45_balanced_P0_F8_C2_E0p75,P0,P0,45,concentrated,balanced,8,2,0.75,0,0,,30,1505.7,41.635653,1490.154737,1521.245263,1504.266667,41.643755,1488.718379,1519.814954,0.999048,0.000862,0.998726,0.999369,1.433333,1.304722,0.946197,1.92047,3.733333,0.73968,3.457163,4.009503,0.097141,0.023088,0.088521,0.105762,0,0,0,0,0.969199,0.147936,0.913965,1.024433,4.7,0.651259,4.456843,4.943157,0.125167,0.003528,0.12385,0.126484,63.56,4.669221,61.81668,65.30332,3723.49,103.133994,3684.983458,3761.996542,692.483444,21.19739,684.569098,700.397791,0.496458,0.007261,0.493747,0.499169,0,0,0,0
D45_balanced_P1_F8_C2_E0p75,P1,P1,45,concentrated,balanced,8,2,0.75,0,0,,30,1505.7,41.635653,1490.154737,1521.245263,1504.266667,41.643755,1488.718379,1519.814954,0.999048,0.000862,0.998726,0.999369,1.433333,1.304722,0.946197,1.92047,3.733333,0.73968,3.457163,4.009503,0.097141,0.023088,0.088521,0.105762,0,0,0,0,0.969199,0.147936,0.913965,1.024433,4.7,0.651259,4.456843,4.943157,0.125167,0.003528,0.12385,0.126484,33.89,2.626864,32.909223,34.870777,3420.45,91.964628,3386.113699,3454.786301,413.855,12.326453,409.252743,418.457257,0.091619,0.00933,0.088135,0.095102,0,0,0,0
D45_balanced_P2-B34_F8_C2_E0p75,P2,P2-B34,45,concentrated,balanced,8,2,0.75,0,0,34,30,1505.7,41.635653,1490.154737,1521.245263,1504.266667,41.643755,1488.718379,1519.814954,0.999048,0.000862,0.998726,0.999369,1.433333,1.304722,0.946197,1.92047,3.733333,0.73968,3.457163,4.009503,0.099964,0.02476,0.090719,0.109208,0,0,0,0,1.080877,0.179074,1.014017,1.147737,4.633333,0.556053,4.425723,4.840944,0.128009,0.003795,0.126592,0.129426,33.7725,0.096791,33.736362,33.808638,3583.68,89.629999,3550.215366,3617.144634,547.249667,7.254433,544.541121,549.958212,0.333147,0.013958,0.327936,0.338359,0,0,0,0
D45_balanced_P3-D_F8_C2_E0p75,P3-D,P3-D,45,concentrated,balanced,8,2,0.75,1,0.6,,30,1505.7,41.635653,1490.154737,1521.245263,1504.266667,41.643755,1488.718379,1519.814954,0.999048,0.000862,0.998726,0.999369,1.433333,1.304722,0.946197,1.92047,3.733333,0.73968,3.457163,4.009503,0.100775,0.024447,0.091648,0.109903,0,0,0,0,1.10922,0.182468,1.041093,1.177347,4.7,0.595963,4.477489,4.922511,0.128665,0.003787,0.127251,0.130079,38.6325,1.704395,37.99614,39.26886,3551.225,88.38306,3518.225929,3584.224071,512.942222,4.004587,511.447053,514.437392,0.296916,0.012523,0.29224,0.301591,0.459722,0.022291,0.4514,0.468045
D45_balanced_P0_F8_C2_E1,P0,P0,45,concentrated,balanced,8,2,1,0,0,,30,1505.7,41.635653,1490.154737,1521.245263,1504.266667,41.643755,1488.718379,1519.814954,0.999048,0.000862,0.998726,0.999369,1.433333,1.304722,0.946197,1.92047,3.733333,0.73968,3.457163,4.009503,0.097141,0.023088,0.088521,0.105762,0,0,0,0,0.969199,0.147936,0.913965,1.024433,4.7,0.651259,4.456843,4.943157,0.125167,0.003528,0.12385,0.126484,84.746667,6.225627,82.42224,87.071093,4964.653333,137.511993,4913.311277,5015.99539,923.311259,28.263187,912.758797,933.863722,0.496458,0.007261,0.493747,0.499169,0,0,0,0
D45_balanced_P1_F8_C2_E1,P1,P1,45,concentrated,balanced,8,2,1,0,0,,30,1505.7,41.635653,1490.154737,1521.245263,1504.266667,41.643755,1488.718379,1519.814954,0.999048,0.000862,0.998726,0.999369,1.433333,1.304722,0.946197,1.92047,3.766667,0.773854,3.477737,4.055596,0.10843,0.03012,0.097185,0.119676,0,0,0,0,1.352178,0.212634,1.272788,1.431568,4.9,0.607425,4.673209,5.126791,0.13599,0.003711,0.134605,0.137376,60.533333,4.446877,58.873029,62.193638,4161.613333,115.377559,4118.535482,4204.691185,184.960593,5.127892,183.046021,186.875164,0.452918,0.007873,0.449978,0.455857,0,0,0,0
D45_balanced_P2-B34_F8_C2_E1,P2,P2-B34,45,concentrated,balanced,8,2,1,0,0,34,30,1505.7,41.635653,1490.154737,1521.245263,1504.266667,41.643755,1488.718379,1519.814954,0.999048,0.000862,0.998726,0.999369,1.433333,1.304722,0.946197,1.92047,4.533333,2.224214,3.702892,5.363775,0.172775,0.240326,0.083046,0.262505,0.266667,1.460593,-0.278667,0.812,1.209147,0.23305,1.122135,1.29616,4.933333,0.784915,4.640274,5.226393,0.1309,0.003979,0.129414,0.132385,33.8,0.203419,33.724051,33.875949,4643.26,113.648786,4600.827611,4685.692389,607.653778,5.872651,605.46114,609.846415,0.198322,0.019339,0.191101,0.205542,0,0,0,0
D45_balanced_P3-D_F8_C2_E1,P3-D,P3-D,45,concentrated,balanced,8,2,1,1,0.6,,30,1505.7,41.635653,1490.154737,1521.245263,1504.266667,41.643755,1488.718379,1519.814954,0.999048,0.000862,0.998726,0.999369,1.433333,1.304722,0.946197,1.92047,3.766667,0.727932,3.494883,4.03845,0.107097,0.030719,0.095628,0.118566,0,0,0,0,1.226379,0.21831,1.14487,1.307888,4.833333,0.698932,4.572377,5.094289,0.131632,0.004024,0.130129,0.133135,48.803333,3.62515,47.449832,50.156835,4596.253333,112.483485,4554.256026,4638.250641,559.201259,5.025775,557.324815,561.077704,0.171316,0.020272,0.163747,0.178885,0.300772,0.026539,0.290863,0.31068
D45_balanced_P0_F8_C2_E1p25,P0,P0,45,concentrated,balanced,8,2,1.25,0,0,,30,1505.7,41.635653,1490.154737,1521.245263,1504.266667,41.643755,1488.718379,1519.814954,0.999048,0.000862,0.998726,0.999369,1.433333,1.304722,0.946197,1.92047,3.733333,0.73968,3.457163,4.009503,0.097141,0.023088,0.088521,0.105762,0,0,0,0,0.969199,0.147936,0.913965,1.024433,4.7,0.651259,4.456843,4.943157,0.125167,0.003528,0.12385,0.126484,105.933333,7.782034,103.0278,108.838866,6205.816667,171.889991,6141.639096,6269.994237,1154.139074,35.328984,1140.948496,1167.329652,0.496458,0.007261,0.493747,0.499169,0,0,0,0
D45_balanced_P1_F8_C2_E1p25,P1,P1,45,concentrated,balanced,8,2,1.25,0,0,,30,1505.7,41.635653,1490.154737,1521.245263,1504.266667,41.643755,1488.718379,1519.814954,0.999048,0.000862,0.998726,0.999369,1.433333,1.304722,0.946197,1.92047,3.766667,0.773854,3.477737,4.055596,0.10843,0.03012,0.097185,0.119676,0,0,0,0,1.352178,0.212634,1.272788,1.431568,4.9,0.607425,4.673209,5.126791,0.13599,0.003711,0.134605,0.137376,75.666667,5.558596,73.591286,77.742047,5202.016667,144.221949,5148.169353,5255.863981,231.200741,6.409864,228.807527,233.593955,0.452918,0.007873,0.449978,0.455857,0,0,0,0
D45_balanced_P2-B34_F8_C2_E1p25,P2,P2-B34,45,concentrated,balanced,8,2,1.25,0,0,34,30,1505.7,41.635653,1490.154737,1521.245263,1461.533333,21.886436,1453.361721,1469.704945,0.971094,0.018492,0.96419,0.977998,44.166667,29.035155,33.325979,55.007354,49.5,26.228111,39.707362,59.292638,44.805057,42.299129,29.012076,60.598038,193.536667,146.212435,138.946176,248.127157,4.593845,2.020816,3.839345,5.348346,6,0,6,6,0.129423,0.002017,0.12867,0.130176,33.75,0,33.75,33.75,5523.741667,75.60994,5495.511621,5551.971712,644.23713,3.574478,642.902547,645.571712,0.094013,0.007336,0.091274,0.096752,0,0,0,0
D45_balanced_P3-D_F8_C2_E1p25,P3-D,P3-D,45,concentrated,balanced,8,2,1.25,1,0.6,,30,1505.7,41.635653,1490.154737,1521.245263,1430.066667,13.369892,1425.074827,1435.058506,0.950359,0.023344,0.941643,0.959075,75.633333,36.944024,61.839757,89.42691,75.633333,36.944024,61.839757,89.42691,36.424346,29.344756,25.468064,47.380628,247.521667,177.578845,181.220082,313.823252,3.18794,1.138574,2.762837,3.613043,5.833333,0.530669,5.635201,6.031466,0.127427,0.001257,0.126957,0.127896,54.583333,4.49297,52.905819,56.260848,5360.308333,45.131498,5343.457847,5377.158819,592.610926,2.005844,591.862015,593.359836,0.072803,0.001825,0.072122,0.073484,0.141512,0.016433,0.135377,0.147648
D45_balanced_P0_F8_CU_E0p75,P0,P0,45,concentrated,balanced,8,unlimited,0.75,0,0,,30,1505.7,41.635653,1490.154737,1521.245263,1504.266667,41.643755,1488.718379,1519.814954,0.999048,0.000862,0.998726,0.999369,1.433333,1.304722,0.946197,1.92047,3.7,0.749713,3.420084,3.979916,0.093396,0.019529,0.086104,0.100687,0,0,0,0,0,0,0,0,0,0,0,0,0.125167,0.003528,0.12385,0.126484,63.56,4.669221,61.81668,65.30332,3723.49,103.133994,3684.983458,3761.996542,692.483444,21.19739,684.569098,700.397791,0.496458,0.007261,0.493747,0.499169,0,0,0,0
D45_balanced_P1_F8_CU_E0p75,P1,P1,45,concentrated,balanced,8,unlimited,0.75,0,0,,30,1505.7,41.635653,1490.154737,1521.245263,1504.266667,41.643755,1488.718379,1519.814954,0.999048,0.000862,0.998726,0.999369,1.433333,1.304722,0.946197,1.92047,3.7,0.749713,3.420084,3.979916,0.093396,0.019529,0.086104,0.100687,0,0,0,0,0,0,0,0,0,0,0,0,0.125167,0.003528,0.12385,0.126484,33.89,2.626864,32.909223,34.870777,3420.45,91.964628,3386.113699,3454.786301,413.855,12.326453,409.252743,418.457257,0.091619,0.00933,0.088135,0.095102,0,0,0,0
D45_balanced_P2-B34_F8_CU_E0p75,P2,P2-B34,45,concentrated,balanced,8,unlimited,0.75,0,0,34,30,1505.7,41.635653,1490.154737,1521.245263,1504.266667,41.643755,1488.718379,1519.814954,0.999048,0.000862,0.998726,0.999369,1.433333,1.304722,0.946197,1.92047,3.7,0.749713,3.420084,3.979916,0.094057,0.019555,0.086756,0.101358,0,0,0,0,0,0,0,0,0,0,0,0,0.128009,0.003795,0.126592,0.129426,33.7725,0.096791,33.736362,33.808638,3583.68,89.629999,3550.215366,3617.144634,547.249667,7.254433,544.541121,549.958212,0.333147,0.013958,0.327936,0.338359,0,0,0,0
D45_balanced_P3-D_F8_CU_E0p75,P3-D,P3-D,45,concentrated,balanced,8,unlimited,0.75,1,0.6,,30,1505.7,41.635653,1490.154737,1521.245263,1504.266667,41.643755,1488.718379,1519.814954,0.999048,0.000862,0.998726,0.999369,1.433333,1.304722,0.946197,1.92047,3.7,0.749713,3.420084,3.979916,0.09419,0.019521,0.086901,0.101478,0,0,0,0,0,0,0,0,0,0,0,0,0.128665,0.003787,0.127251,0.130079,38.6325,1.704395,37.99614,39.26886,3551.225,88.38306,3518.225929,3584.224071,512.942222,4.004587,511.447053,514.437392,0.296916,0.012523,0.29224,0.301591,0.459722,0.022291,0.4514,0.468045
D45_balanced_P0_F8_CU_E1,P0,P0,45,concentrated,balanced,8,unlimited,1,0,0,,30,1505.7,41.635653,1490.154737,1521.245263,1504.266667,41.643755,1488.718379,1519.814954,0.999048,0.000862,0.998726,0.999369,1.433333,1.304722,0.946197,1.92047,3.7,0.749713,3.420084,3.979916,0.093396,0.019529,0.086104,0.100687,0,0,0,0,0,0,0,0,0,0,0,0,0.125167,0.003528,0.12385,0.126484,84.746667,6.225627,82.42224,87.071093,4964.653333,137.511993,4913.311277,5015.99539,923.311259,28.263187,912.758797,933.863722,0.496458,0.007261,0.493747,0.499169,0,0,0,0
D45_balanced_P1_F8_CU_E1,P1,P1,45,concentrated,balanced,8,unlimited,1,0,0,,30,1505.7,41.635653,1490.154737,1521.245263,1504.266667,41.643755,1488.718379,1519.814954,0.999048,0.000862,0.998726,0.999369,1.433333,1.304722,0.946197,1.92047,3.766667,0.773854,3.477737,4.055596,0.095552,0.020537,0.087884,0.10322,0,0,0,0,0,0,0,0,0,0,0,0,0.13599,0.003711,0.134605,0.137376,60.533333,4.446877,58.873029,62.193638,4161.613333,115.377559,4118.535482,4204.691185,184.960593,5.127892,183.046021,186.875164,0.452918,0.007873,0.449978,0.455857,0,0,0,0
D45_balanced_P2-B34_F8_CU_E1,P2,P2-B34,45,concentrated,balanced,8,unlimited,1,0,0,34,30,1505.7,41.635653,1490.154737,1521.245263,1504.266667,41.643755,1488.718379,1519.814954,0.999048,0.000862,0.998726,0.999369,1.433333,1.304722,0.946197,1.92047,4.533333,2.224214,3.702892,5.363775,0.148562,0.161745,0.088172,0.208952,0.1,0.547723,-0.1045,0.3045,0,0,0,0,0,0,0,0,0.130901,0.003978,0.129415,0.132386,33.8,0.203419,33.724051,33.875949,4643.26,113.648786,4600.827611,4685.692389,607.653778,5.872651,605.46114,609.846415,0.198322,0.019339,0.191101,0.205542,0,0,0,0
D45_balanced_P3-D_F8_CU_E1,P3-D,P3-D,45,concentrated,balanced,8,unlimited,1,1,0.6,,30,1505.7,41.635653,1490.154737,1521.245263,1504.266667,41.643755,1488.718379,1519.814954,0.999048,0.000862,0.998726,0.999369,1.433333,1.304722,0.946197,1.92047,3.7,0.749713,3.420084,3.979916,0.094905,0.019949,0.087457,0.102353,0,0,0,0,0,0,0,0,0,0,0,0,0.13163,0.004024,0.130128,0.133133,48.803333,3.62515,47.449832,50.156835,4596.253333,112.483485,4554.256026,4638.250641,559.201259,5.025775,557.324815,561.077704,0.171316,0.020272,0.163747,0.178885,0.300772,0.026539,0.290863,0.31068
D45_balanced_P0_F8_CU_E1p25,P0,P0,45,concentrated,balanced,8,unlimited,1.25,0,0,,30,1505.7,41.635653,1490.154737,1521.245263,1504.266667,41.643755,1488.718379,1519.814954,0.999048,0.000862,0.998726,0.999369,1.433333,1.304722,0.946197,1.92047,3.7,0.749713,3.420084,3.979916,0.093396,0.019529,0.086104,0.100687,0,0,0,0,0,0,0,0,0,0,0,0,0.125167,0.003528,0.12385,0.126484,105.933333,7.782034,103.0278,108.838866,6205.816667,171.889991,6141.639096,6269.994237,1154.139074,35.328984,1140.948496,1167.329652,0.496458,0.007261,0.493747,0.499169,0,0,0,0
D45_balanced_P1_F8_CU_E1p25,P1,P1,45,concentrated,balanced,8,unlimited,1.25,0,0,,30,1505.7,41.635653,1490.154737,1521.245263,1504.266667,41.643755,1488.718379,1519.814954,0.999048,0.000862,0.998726,0.999369,1.433333,1.304722,0.946197,1.92047,3.766667,0.773854,3.477737,4.055596,0.095552,0.020537,0.087884,0.10322,0,0,0,0,0,0,0,0,0,0,0,0,0.13599,0.003711,0.134605,0.137376,75.666667,5.558596,73.591286,77.742047,5202.016667,144.221949,5148.169353,5255.863981,231.200741,6.409864,228.807527,233.593955,0.452918,0.007873,0.449978,0.455857,0,0,0,0
D45_balanced_P2-B34_F8_CU_E1p25,P2,P2-B34,45,concentrated,balanced,8,unlimited,1.25,0,0,34,30,1505.7,41.635653,1490.154737,1521.245263,1461.533333,21.886436,1453.361721,1469.704945,0.971094,0.018492,0.96419,0.977998,44.166667,29.035155,33.325979,55.007354,49.5,26.228111,39.707362,59.292638,35.898969,35.540566,22.629393,49.168544,178.716667,140.775724,126.15605,231.277284,0,0,0,0,0,0,0,0,0.129423,0.002017,0.12867,0.130176,33.75,0,33.75,33.75,5523.741667,75.60994,5495.511621,5551.971712,644.23713,3.574478,642.902547,645.571712,0.094013,0.007336,0.091274,0.096752,0,0,0,0
D45_balanced_P3-D_F8_CU_E1p25,P3-D,P3-D,45,concentrated,balanced,8,unlimited,1.25,1,0.6,,30,1505.7,41.635653,1490.154737,1521.245263,1430.066667,13.369892,1425.074827,1435.058506,0.950359,0.023344,0.941643,0.959075,75.633333,36.944024,61.839757,89.42691,75.633333,36.944024,61.839757,89.42691,31.268964,26.42441,21.403035,41.134893,223.506667,168.893908,160.447726,286.565607,0,0,0,0,0,0,0,0,0.127427,0.001257,0.126957,0.127896,54.583333,4.49297,52.905819,56.260848,5360.308333,45.131498,5343.457847,5377.158819,592.610926,2.005844,591.862015,593.359836,0.072803,0.001825,0.072122,0.073484,0.141512,0.016433,0.135377,0.147648
D45_edge-weighted_P0_F2_C1_E0p75,P0,P0,45,concentrated,edge-weighted,2,1,0.75,0,0,,30,1505.7,41.635653,1490.154737,1521.245263,1379.233333,17.911051,1372.545988,1385.920679,0.916582,0.024141,0.907569,0.925595,126.466667,39.303183,111.792265,141.141069,128.6,38.864575,114.089359,143.110641,290.186521,91.313053,256.093495,324.279546,762.25,221.117643,679.692586,844.807414,0.362519,0.02419,0.353487,0.371551,1,0,1,1,0.46701,0.006344,0.464641,0.469378,47.565,1.680679,46.937495,48.192505,3372.7775,43.347147,3356.593227,3388.961773,585.003722,10.510495,581.079479,588.927965,0.454555,0.007165,0.45188,0.45723,0,0,0,0
D45_edge-weighted_P1_F2_C1_E0p75,P1,P1,45,concentrated,edge-weighted,2,1,0.75,0,0,,30,1505.7,41.635653,1490.154737,1521.245263,1379.233333,17.911051,1372.545988,1385.920679,0.916582,0.024141,0.907569,0.925595,126.466667,39.303183,111.792265,141.141069,128.6,38.864575,114.089359,143.110641,290.186521,91.313053,256.093495,324.279546,762.25,221.117643,679.692586,844.807414,0.362519,0.02419,0.353487,0.371551,1,0,1,1,0.46701,0.006344,0.464641,0.469378,27.0675,1.808852,26.392139,27.742861,3039.8975,37.586737,3025.863958,3053.931042,278.939056,9.049169,275.56042,282.317691,0.136812,0.014498,0.131399,0.142225,0,0,0,0
D45_edge-weighted_P2-B34_F2_C1_E0p75,P2,P2-B34,45,concentrated,edge-weighted,2,1,0.75,0,0,34,30,1505.7,41.635653,1490.154737,1521.245263,1371,17.653758,1364.408719,1377.591281,0.911114,0.024108,0.902113,0.920115,134.7,39.418314,119.982612,149.417388,136.533333,39.116742,121.928542,151.138125,308.045824,90.586053,274.224234,341.867414,811.43,221.956634,728.559337,894.300663,0.358938,0.0239,0.350014,0.367861,1,0,1,1,0.46714,0.006229,0.464814,0.469466,33.6,0,33.6,33.6,3296.37,41.620168,3280.830519,3311.909481,525.327833,7.105767,522.674794,527.980873,0.379162,0.006917,0.37658,0.381745,0,0,0,0
D45_edge-weighted_P3-D_F2_C1_E0p75,P3-D,P3-D,45,concentrated,edge-weighted,2,1,0.75,1,0.6,,30,1505.7,41.635653,1490.154737,1521.245263,1366.7,17.196932,1360.279281,1373.120719,0.908254,0.023826,0.899359,0.91715,139,39.120503,124.393804,153.606196,140.6,38.821963,126.105268,155.094732,311.659991,89.499569,278.244055,345.075927,834.033333,221.601995,751.295079,916.771587,0.358316,0.021446,0.350308,0.366323,1,0,1,1,0.466946,0.006253,0.464611,0.46928,39.41,2.201348,38.588096,40.231904,3262.5575,36.592499,3248.895171,3276.219829,500.165056,1.639936,499.552762,500.777349,0.347043,0.007244,0.344339,0.349748,0.516049,0.011257,0.511846,0.520252
D45_edge-weighted_P0_F2_C1_E1,P0,P0,45,concentrated,edge-weighted,2,1,1,0,0,,30,1505.7,41.635653,1490.154737,1521.245263,1379.233333,17.911051,1372.545988,1385.920679,0.916582,0.024141,0.907569,0.925595,126.466667,39.303183,111.792265,141.141069,128.6,38.864575,114.089359,143.110641,290.186521,91.313053,256.093495,324.279546,762.25,221.117643,679.692586,844.807414,0.362519,0.02419,0.353487,0.371551,1,0,1,1,0.46701,0.006344,0.464641,0.469378,63.42,2.240905,62.583326,64.256674,4497.036667,57.796197,4475.457635,4518.615698,780.004963,14.013994,774.772639,785.237287,0.454555,0.007165,0.45188,0.45723,0,0,0,0
D45_edge-weighted_P1_F2_C1_E1,P1,P1,45,concentrated,edge-weighted,2,1,1,0,0,,30,1505.7,41.635653,1490.154737,1521.245263,1328.666667,17.94692,1321.965929,1335.367404,0.882981,0.023624,0.87416,0.891801,177.033333,39.727072,162.200667,191.866,178.2,39.621833,163.406626,192.993374,407.632105,88.941062,374.424695,440.839514,1076.576667,222.719659,993.421117,1159.732216,0.370348,0.021396,0.36236,0.378337,1,0,1,1,0.472815,0.00609,0.470541,0.475089,42.8,1.562491,42.216622,43.383378,3693.38,50.552018,3674.505686,3712.254314,164.150222,2.246756,163.311364,164.989081,0.408488,0.007298,0.405763,0.411213,0,0,0,0
D45_edge-weighted_P2-B34_F2_C1_E1,P2,P2-B34,45,concentrated,edge-weighted,2,1,1,0,0,34,30,1505.7,41.635653,1490.154737,1521.245263,1358.033333,17.987512,1351.31744,1364.749226,0.902506,0.024369,0.893407,0.911604,147.666667,40.142276,132.678978,162.654356,149.1,40.045965,134.14827,164.05173,337.109047,92.969142,302.397697,371.820397,888.771667,227.2348,803.930325,973.613008,0.362563,0.022738,0.354073,0.371052,1,0,1,1,0.467747,0.00662,0.465276,0.470219,33.6,0,33.6,33.6,4243.323333,51.91884,4223.938697,4262.70797,586.962148,4.374442,585.328888,588.595408,0.268377,0.006274,0.266035,0.270719,0,0,0,0
D45_edge-weighted_P3-D_F2_C1_E1,P3-D,P3-D,45,concentrated,edge-weighted,2,1,1,1,0.6,,30,1505.7,41.635653,1490.154737,1521.245263,1354.8,17.920129,1348.109265,1361.490735,0.900351,0.024067,0.891365,0.909336,150.9,39.756457,136.056362,165.743638,152.266667,39.550869,137.499788,167.033546,342.562618,89.799407,309.034734,376.090503,906.771667,224.253335,823.043497,990.499836,0.359327,0.024611,0.350138,0.368516,1,0,1,1,0.467795,0.006675,0.465303,0.470287,39.49,0.978863,39.124528,39.855472,4190.813333,49.792741,4172.222506,4209.404161,541.135037,2.217479,540.30711,541.962964,0.243698,0.00768,0.24083,0.246565,0.36358,0.00866,0.360347,0.366814
D45_edge-weighted_P0_F2_C1_E1p25,P0,P0,45,concentrated,edge-weighted,2,1,1.25,0,0,,30,1505.7,41.635653,1490.154737,1521.245263,1379.233333,17.911051,1372.545988,1385.920679,0.916582,0.024141,0.907569,0.925595,126.466667,39.303183,111.792265,141.141069,128.6,38.864575,114.089359,143.110641,290.186521,91.313053,256.093495,324.279546,762.25,221.117643,679.692586,844.807414,0.362519,0.02419,0.353487,0.371551,1,0,1,1,0.46701,0.006344,0.464641,0.469378,79.275,2.801131,78.229158,80.320842,5621.295833,72.245246,5594.322044,5648.269622,975.006204,17.517492,968.465799,981.546608,0.454555,0.007165,0.45188,0.45723,0,0,0,0
D45_edge-weighted_P1_F2_C1_E1p25,P1,P1,45,concentrated,edge-weighted,2,1,1.25,0,0,,30,1505.7,41.635653,1490.154737,1521.245263,1328.666667,17.94692,1321.965929,1335.367404,0.882981,0.023624,0.87416,0.891801,177.033333,39.727072,162.200667,191.866,178.2,39.621833,163.406626,192.993374,407.632105,88.941062,374.424695,440.839514,1076.576667,222.719659,993.421117,1159.732216,0.370348,0.021396,0.36236,0.378337,1,0,1,1,0.472815,0.00609,0.470541,0.475089,53.5,1.953114,52.770777,54.229223,4616.725,63.190022,4593.132107,4640.317893,205.187778,2.808445,204.139205,206.236351,0.408488,0.007298,0.405763,0.411213,0,0,0,0
D45_edge-weighted_P2-B34_F2_C1_E1p25,P2,P2-B34,45,concentrated,edge-weighted,2,1,1.25,0,0,34,30,1505.7,41.635653,1490.154737,1521.245263,1334.4,18.514859,1327.487214,1341.312786,0.886791,0.023914,0.877863,0.89572,171.3,39.980297,156.372788,186.227212,172.266667,40.030104,157.320859,187.212475,388.969612,90.474005,355.189857,422.749368,1033.57,226.38598,949.045578,1118.094422,0.406806,0.02552,0.397278,0.416334,1,0,1,1,0.467617,0.006656,0.465132,0.470102,33.25,0,33.25,33.25,5094.266667,65.613507,5069.768932,5118.764402,624.741019,3.669703,623.370883,626.111154,0.153917,0.00515,0.151994,0.155839,0,0,0,0
D45_edge-weighted_P3-D_F2_C1_E1p25,P3-D,P3-D,45,concentrated,edge-weighted,2,1,1.25,1,0.6,,30,1505.7,41.635653,1490.154737,1521.245263,1321.733333,16.88487,1315.429127,1328.03754,0.878374,0.023201,0.869711,0.887036,183.966667,39.326646,169.283505,198.649829,184.7,39.381555,169.996337,199.403663,407.077405,85.191167,375.270072,438.884738,1108.026667,216.800029,1027.081295,1188.972038,0.436184,0.027183,0.426035,0.446333,1,0,1,1,0.466499,0.006471,0.464083,0.468915,40.929167,2.245849,40.090647,41.767686,4994.716667,57.047771,4973.417071,5016.016263,576.362407,2.618745,575.384662,577.340153,0.104523,0.008114,0.101494,0.107553,0.265278,0.012348,0.260667,0.269888
D45_edge-weighted_P0_F2_C2_E0p75,P0,P0,45,concentrated,edge-weighted,2,2,0.75,0,0,,30,1505.7,41.635653,1490.154737,1521.245263,1398,17.514526,1391.460703,1404.539297,0.929053,0.024222,0.920009,0.938096,107.7,39.004995,93.136931,122.263069,110.433333,38.262869,96.147348,124.719319,246.960163,89.855448,213.411355,280.508971,650.57,221.021928,568.048322,733.091678,0,0,0,0,0,0,0,0,0.473368,0.006194,0.471055,0.475681,48.265,2.053934,47.498134,49.031866,3418.785,43.179366,3402.66337,3434.90663,593.1035,11.229797,588.910696,597.296304,0.454662,0.007269,0.451948,0.457376,0,0,0,0
D45_edge-weighted_P1_F2_C2_E0p75,P1,P1,45,concentrated,edge-weighted,2,2,0.75,0,0,,30,1505.7,41.635653,1490.154737,1521.245263,1398,17.514526,1391.460703,1404.539297,0.929053,0.024222,0.920009,0.938096,107.7,39.004995,93.136931,122.263069,110.433333,38.262869,96.147348,124.719319,246.960163,89.855448,213.411355,280.508971,650.57,221.021928,568.048322,733.091678,0,0,0,0,0,0,0,0,0.473368,0.006194,0.471055,0.475681,27.555,1.840345,26.867881,28.242119,3081.165,36.709123,3067.459127,3094.870873,282.680667,9.07216,279.293447,286.067887,0.136891,0.01428,0.13156,0.142223,0,0,0,0
D45_edge-weighted_P2-B34_F2_C2_E0p75,P2,P2-B34,45,concentrated,edge-weighted,2,2,0.75,0,0,34,30,1505.7,41.635653,1490.154737,1521.245263,1387.966667,18.161124,1381.185953,1394.747381,0.922384,0.02427,0.913323,0.931446,117.733333,39.307745,103.057228,132.409439,119.9,38.808415,105.410327,134.389673,268.758941,90.11417,235.113535,302.404347,708.756667,222.413157,625.715554,791.797779,0,0,0,0,0,0,0,0,0.473106,0.006356,0.470733,0.475479,33.6,0,33.6,33.6,3332.0525,42.449216,3316.203482,3347.901518,526.896222,7.054611,524.262283,529.530162,0.372052,0.007372,0.369299,0.374804,0,0,0,0
D45_edge-weighted_P3-D_F2_C2_E0p75,P3-D,P3-D,45,concentrated,edge-weighted,2,2,0.75,1,0.6,,30,1505.7,41.635653,1490.154737,1521.245263,1383.833333,17.77073,1377.198379,1390.468288,0.91963,0.023816,0.910738,0.928522,121.866667,38.725144,107.408084,136.325249,123.766667,38.557332,109.370739,138.162594,273.023124,87.840125,240.226765,305.819483,730.906667,219.945578,648.78686,813.026474,0,0,0,0,0,0,0,0,0.473015,0.006312,0.470658,0.475372,39.585,2.242695,38.747658,40.422342,3298.6775,37.461319,3284.690784,3312.664216,501.752889,1.685726,501.123499,502.382279,0.340435,0.008135,0.337398,0.343472,0.515123,0.009174,0.511698,0.518549
D45_edge-weighted_P0_F2_C2_E1,P0,P0,45,concentrated,edge-weighted,2,2,1,0,0,,30,1505.7,41.635653,1490.154737,1521.245263,1398,17.514526,1391.460703,1404.539297,0.929053,0.024222,0.920009,0.938096,107.7,39.004995,93.136931,122.263069,110.433333,38.262869,96.147348,124.719319,246.960163,89.855448,213.411355,280.508971,650.57,221.021928,568.048322,733.091678,0,0,0,0,0,0,0,0,0.473368,0.006194,0.471055,0.475681,64.353333,2.738579,63.330846,65.375821,4558.38,57.572487,4536.884494,4579.875506,790.804667,14.973063,785.214261,796.395072,0.454662,0.007269,0.451948,0.457376,0,0,0,0
D45_edge-weighted_P1_F2_C2_E1,P1,P1,45,concentrated,edge-weighted,2,2,1,0,0,,30,1505.7,41.635653,1490.154737,1521.245263,1346.233333,18.652324,1339.269223,1353.197444,0.894661,0.024318,0.885581,0.90374,159.466667,40.3055,144.418035,174.515298,160.933333,40.116153,145.955397,175.911269,365.497832,91.968993,331.159902,399.835763,963.905,229.804644,878.104171,1049.705829,0,0,0,0,0,0,0,0,0.47907,0.006393,0.476683,0.481457,43.6,1.566899,43.014976,44.185024,3742.276667,52.345567,3722.732705,3761.820628,166.323407,2.32647,165.454787,167.192028,0.40832,0.007481,0.405527,0.411113,0,0,0,0
D45_edge-weighted_P2-B34_F2_C2_E1,P2,P2-B34,45,concentrated,edge-weighted,2,2,1,0,0,34,30,1505.7,41.635653,1490.154737,1521.245263,1375,18.196248,1368.206172,1381.793828,0.913775,0.024436,0.904652,0.922899,130.7,39.842924,115.824078,145.575922,132.6,39.530521,117.840718,147.359282,298.260106,92.856354,263.590867,332.929345,784.573333,223.84509,700.997588,868.149078,0,0,0,0,0,0,0,0,0.47411,0.006456,0.4717,0.476521,33.6,0,33.6,33.6,4290.1,52.29159,4270.576192,4309.623808,589.017778,4.355978,587.391411,590.644144,0.261451,0.006924,0.258866,0.264036,0,0,0,0
D45_edge-weighted_P3-D_F2_C2_E1,P3-D,P3-D,45,concentrated,edge-weighted,2,2,1,1,0.6,,30,1505.7,41.635653,1490.154737,1521.245263,1371.5,16.61688,1365.295852,1377.704148,0.911454,0.024097,0.902457,0.920451,134.2,39.461374,119.466535,148.933465,135.566667,39.346106,120.876239,150.257095,301.878447,90.782076,267.983669,335.773225,799.995,222.067718,717.082862,882.907138,0,0,0,0,0,0,0,0,0.474113,0.006321,0.471753,0.476473,40.363333,1.519638,39.795955,40.930712,4236.803333,45.843072,4219.687171,4253.919496,543.179037,2.044994,542.41551,543.942565,0.237192,0.007433,0.234417,0.239967,0.359877,0.010383,0.356,0.363753
D45_edge-weighted_P0_F2_C2_E1p25,P0,P0,45,concentrated,edge-weighted,2,2,1.25,0,0,,30,1505.7,41.635653,1490.154737,1521.245263,1398,17.514526,1391.460703,1404.539297,0.929053,0.024222,0.920009,0.938096,107.7,39.004995,93.136931,122.263069,110.433333,38.262869,96.147348,124.719319,246.960163,89.855448,213.411355,280.508971,650.57,221.021928,568.048322,733.091678,0,0,0,0,0,0,0,0,0.473368,0.006194,0.471055,0.475681,80.441667,3.423224,79.163557,81.719776,5697.975,71.965609,5671.105617,5724.844383,988.505833,18.716329,981.517826,995.493841,0.454662,0.007269,0.451948,0.457376,0,0,0,0
D45_edge-weighted_P1_F2_C2_E1p25,P1,P1,45,concentrated,edge-weighted,2,2,1.25,0,0,,30,1505.7,41.635653,1490.154737,1521.245263,1346.233333,18.652324,1339.269223,1353.197444,0.894661,0.024318,0.885581,0.90374,159.466667,40.3055,144.418035,174.515298,160.933333,40.116153,145.955397,175.911269,365.497832,91.968993,331.159902,399.835763,963.905,229.804644,878.104171,1049.705829,0,0,0,0,0,0,0,0,0.47907,0.006393,0.476683,0.481457,54.5,1.958624,53.76872,55.23128,4677.845833,65.431959,4653.415882,4702.275785,207.904259,2.908087,206.818484,208.990035,0.40832,0.007481,0.405527,0.411113,0,0,0,0
D45_edge-weighted_P2-B34_F2_C2_E1p25,P2,P2-B34,45,concentrated,edge-weighted,2,2,1.25,0,0,34,30,1505.7,41.635653,1490.154737,1521.245263,1352.433333,18.466528,1345.538593,1359.328074,0.898789,0.024606,0.889602,0.907975,153.266667,40.623531,138.099294,168.434039,154.533333,40.398646,139.449925,169.616742,347.023376,92.996307,312.301883,381.744868,920.811667,230.668044,834.688475,1006.934859,0,0,0,0,0,0,0,0,0.474844,0.006602,0.472379,0.477309,33.25,0,33.25,33.25,5155.204167,65.434864,5130.77313,5179.635203,627.478519,3.658555,626.112545,628.844492,0.144557,0.004912,0.142722,0.146391,0,0,0,0
D45_edge-weighted_P3-D_F2_C2_E1p25,P3-D,P3-D,45,concentrated,edge-weighted,2,2,1.25,1,0.6,,30,1505.7,41.635653,1490.154737,1521.245263,1342.466667,16.42272,1336.335011,1348.598323,0.89217,0.024025,0.8832,0.90114,163.233333,40.059166,148.276674,178.189992,164.233333,39.989381,149.30273,179.163937,360.749114,88.493411,327.708842,393.789387,979.075,226.245473,894.603038,1063.546962,0,0,0,0,0,0,0,0,0.474916,0.006549,0.472471,0.477361,40.883333,2.33829,40.010299,41.756367,5064.741667,55.497631,5044.020838,5085.462496,579.503796,2.584744,578.538745,580.468847,0.095485,0.006773,0.092956,0.098013,0.231173,0.012215,0.226612,0.235733
D45_edge-weighted_P0_F2_CU_E0p75,P0,P0,45,concentrated,edge-weighted,2,unlimited,0.75,0,0,,30,1505.7,41.635653,1490.154737,1521.245263,1398,17.514526,1391.460703,1404.539297,0.929053,0.024222,0.920009,0.938096,107.7,39.004995,93.136931,122.263069,110.433333,38.262869,96.147348,124.719319,246.960163,89.855448,213.411355,280.508971,650.57,221.021928,568.048322,733.091678,0,0,0,0,0,0,0,0,0.473368,0.006194,0.471055,0.475681,48.265,2.053934,47.498134,49.031866,3418.785,43.179366,3402.66337,3434.90663,593.1035,11.229797,588.910696,597.296304,0.454662,0.007269,0.451948,0.457376,0,0,0,0
D45_edge-weighted_P1_F2_CU_E0p75,P1,P1,45,concentrated,edge-weighted,2,unlimited,0.75,0,0,,30,1505.7,41.635653,1490.154737,1521.245263,1398,17.514526,1391.460703,1404.539297,0.929053,0.024222,0.920009,0.938096,107.7,39.004995,93.136931,122.263069,110.433333,38.262869,96.147348,124.719319,246.960163,89.855448,213.411355,280.508971,650.57,221.021928,568.048322,733.091678,0,0,0,0,0,0,0,0,0.473368,0.006194,0.471055,0.475681,27.555,1.840345,26.867881,28.242119,3081.165,36.709123,3067.459127,3094.870873,282.680667,9.07216,279.293447,286.067887,0.136891,0.01428,0.13156,0.142223,0,0,0,0
D45_edge-weighted_P2-B34_F2_CU_E0p75,P2,P2-B34,45,concentrated,edge-weighted,2,unlimited,0.75,0,0,34,30,1505.7,41.635653,1490.154737,1521.245263,1387.966667,18.161124,1381.185953,1394.747381,0.922384,0.02427,0.913323,0.931446,117.733333,39.307745,103.057228,132.409439,119.9,38.808415,105.410327,134.389673,268.758941,90.11417,235.113535,302.404347,708.756667,222.413157,625.715554,791.797779,0,0,0,0,0,0,0,0,0.473106,0.006356,0.470733,0.475479,33.6,0,33.6,33.6,3332.0525,42.449216,3316.203482,3347.901518,526.896222,7.054611,524.262283,529.530162,0.372052,0.007372,0.369299,0.374804,0,0,0,0
D45_edge-weighted_P3-D_F2_CU_E0p75,P3-D,P3-D,45,concentrated,edge-weighted,2,unlimited,0.75,1,0.6,,30,1505.7,41.635653,1490.154737,1521.245263,1383.833333,17.77073,1377.198379,1390.468288,0.91963,0.023816,0.910738,0.928522,121.866667,38.725144,107.408084,136.325249,123.766667,38.557332,109.370739,138.162594,273.023124,87.840125,240.226765,305.819483,730.906667,219.945578,648.78686,813.026474,0,0,0,0,0,0,0,0,0.473015,0.006312,0.470658,0.475372,39.585,2.242695,38.747658,40.422342,3298.6775,37.461319,3284.690784,3312.664216,501.752889,1.685726,501.123499,502.382279,0.340435,0.008135,0.337398,0.343472,0.515123,0.009174,0.511698,0.518549
D45_edge-weighted_P0_F2_CU_E1,P0,P0,45,concentrated,edge-weighted,2,unlimited,1,0,0,,30,1505.7,41.635653,1490.154737,1521.245263,1398,17.514526,1391.460703,1404.539297,0.929053,0.024222,0.920009,0.938096,107.7,39.004995,93.136931,122.263069,110.433333,38.262869,96.147348,124.719319,246.960163,89.855448,213.411355,280.508971,650.57,221.021928,568.048322,733.091678,0,0,0,0,0,0,0,0,0.473368,0.006194,0.471055,0.475681,64.353333,2.738579,63.330846,65.375821,4558.38,57.572487,4536.884494,4579.875506,790.804667,14.973063,785.214261,796.395072,0.454662,0.007269,0.451948,0.457376,0,0,0,0
D45_edge-weighted_P1_F2_CU_E1,P1,P1,45,concentrated,edge-weighted,2,unlimited,1,0,0,,30,1505.7,41.635653,1490.154737,1521.245263,1346.233333,18.652324,1339.269223,1353.197444,0.894661,0.024318,0.885581,0.90374,159.466667,40.3055,144.418035,174.515298,160.933333,40.116153,145.955397,175.911269,365.497832,91.968993,331.159902,399.835763,963.905,229.804644,878.104171,1049.705829,0,0,0,0,0,0,0,0,0.47907,0.006393,0.476683,0.481457,43.6,1.566899,43.014976,44.185024,3742.276667,52.345567,3722.732705,3761.820628,166.323407,2.32647,165.454787,167.192028,0.40832,0.007481,0.405527,0.411113,0,0,0,0
D45_edge-weighted_P2-B34_F2_CU_E1,P2,P2-B34,45,concentrated,edge-weighted,2,unlimited,1,0,0,34,30,1505.7,41.635653,1490.154737,1521.245263,1375,18.196248,1368.206172,1381.793828,0.913775,0.024436,0.904652,0.922899,130.7,39.842924,115.824078,145.575922,132.6,39.530521,117.840718,147.359282,298.260106,92.856354,263.590867,332.929345,784.573333,223.84509,700.997588,868.149078,0,0,0,0,0,0,0,0,0.47411,0.006456,0.4717,0.476521,33.6,0,33.6,33.6,4290.1,52.29159,4270.576192,4309.623808,589.017778,4.355978,587.391411,590.644144,0.261451,0.006924,0.258866,0.264036,0,0,0,0
D45_edge-weighted_P3-D_F2_CU_E1,P3-D,P3-D,45,concentrated,edge-weighted,2,unlimited,1,1,0.6,,30,1505.7,41.635653,1490.154737,1521.245263,1371.5,16.61688,1365.295852,1377.704148,0.911454,0.024097,0.902457,0.920451,134.2,39.461374,119.466535,148.933465,135.566667,39.346106,120.876239,150.257095,301.878447,90.782076,267.983669,335.773225,799.995,222.067718,717.082862,882.907138,0,0,0,0,0,0,0,0,0.474113,0.006321,0.471753,0.476473,40.363333,1.519638,39.795955,40.930712,4236.803333,45.843072,4219.687171,4253.919496,543.179037,2.044994,542.41551,543.942565,0.237192,0.007433,0.234417,0.239967,0.359877,0.010383,0.356,0.363753
D45_edge-weighted_P0_F2_CU_E1p25,P0,P0,45,concentrated,edge-weighted,2,unlimited,1.25,0,0,,30,1505.7,41.635653,1490.154737,1521.245263,1398,17.514526,1391.460703,1404.539297,0.929053,0.024222,0.920009,0.938096,107.7,39.004995,93.136931,122.263069,110.433333,38.262869,96.147348,124.719319,246.960163,89.855448,213.411355,280.508971,650.57,221.021928,568.048322,733.091678,0,0,0,0,0,0,0,0,0.473368,0.006194,0.471055,0.475681,80.441667,3.423224,79.163557,81.719776,5697.975,71.965609,5671.105617,5724.844383,988.505833,18.716329,981.517826,995.493841,0.454662,0.007269,0.451948,0.457376,0,0,0,0
D45_edge-weighted_P1_F2_CU_E1p25,P1,P1,45,concentrated,edge-weighted,2,unlimited,1.25,0,0,,30,1505.7,41.635653,1490.154737,1521.245263,1346.233333,18.652324,1339.269223,1353.197444,0.894661,0.024318,0.885581,0.90374,159.466667,40.3055,144.418035,174.515298,160.933333,40.116153,145.955397,175.911269,365.497832,91.968993,331.159902,399.835763,963.905,229.804644,878.104171,1049.705829,0,0,0,0,0,0,0,0,0.47907,0.006393,0.476683,0.481457,54.5,1.958624,53.76872,55.23128,4677.845833,65.431959,4653.415882,4702.275785,207.904259,2.908087,206.818484,208.990035,0.40832,0.007481,0.405527,0.411113,0,0,0,0
D45_edge-weighted_P2-B34_F2_CU_E1p25,P2,P2-B34,45,concentrated,edge-weighted,2,unlimited,1.25,0,0,34,30,1505.7,41.635653,1490.154737,1521.245263,1352.433333,18.466528,1345.538593,1359.328074,0.898789,0.024606,0.889602,0.907975,153.266667,40.623531,138.099294,168.434039,154.533333,40.398646,139.449925,169.616742,347.023376,92.996307,312.301883,381.744868,920.811667,230.668044,834.688475,1006.934859,0,0,0,0,0,0,0,0,0.474844,0.006602,0.472379,0.477309,33.25,0,33.25,33.25,5155.204167,65.434864,5130.77313,5179.635203,627.478519,3.658555,626.112545,628.844492,0.144557,0.004912,0.142722,0.146391,0,0,0,0
D45_edge-weighted_P3-D_F2_CU_E1p25,P3-D,P3-D,45,concentrated,edge-weighted,2,unlimited,1.25,1,0.6,,30,1505.7,41.635653,1490.154737,1521.245263,1342.466667,16.42272,1336.335011,1348.598323,0.89217,0.024025,0.8832,0.90114,163.233333,40.059166,148.276674,178.189992,164.233333,39.989381,149.30273,179.163937,360.749114,88.493411,327.708842,393.789387,979.075,226.245473,894.603038,1063.546962,0,0,0,0,0,0,0,0,0.474916,0.006549,0.472471,0.477361,40.883333,2.33829,40.010299,41.756367,5064.741667,55.497631,5044.020838,5085.462496,579.503796,2.584744,578.538745,580.468847,0.095485,0.006773,0.092956,0.098013,0.231173,0.012215,0.226612,0.235733
D45_edge-weighted_P0_F4_C1_E0p75,P0,P0,45,concentrated,edge-weighted,4,1,0.75,0,0,,30,1505.7,41.635653,1490.154737,1521.245263,1463.9,22.921681,1455.341865,1472.458135,0.972636,0.017413,0.966135,0.979138,41.8,27.361438,31.584218,52.015782,50.866667,23.381002,42.137037,59.596296,96.252834,55.804349,75.417487,117.08818,279.293333,145.153778,225.098108,333.488559,10.051548,0.446081,9.884997,10.218099,3,0,3,3,0.247826,0.004026,0.246323,0.249329,51.485,2.144486,50.684326,52.285674,3580.0275,55.682611,3559.237606,3600.817394,621.164833,12.659709,616.438151,625.891516,0.454754,0.007449,0.451973,0.457536,0,0,0,0
D45_edge-weighted_P1_F4_C1_E0p75,P1,P1,45,concentrated,edge-weighted,4,1,0.75,0,0,,30,1505.7,41.635653,1490.154737,1521.245263,1463.9,22.921681,1455.341865,1472.458135,0.972636,0.017413,0.966135,0.979138,41.8,27.361438,31.584218,52.015782,50.866667,23.381002,42.137037,59.596296,96.252834,55.804349,75.417487,117.08818,279.293333,145.153778,225.098108,333.488559,10.051548,0.446081,9.884997,10.218099,3,0,3,3,0.247826,0.004026,0.246323,0.249329,29.4575,2.111393,28.669181,30.245819,3226.7875,48.269213,3208.765503,3244.809497,296.380278,9.773563,292.731179,300.029376,0.136432,0.014668,0.130956,0.141909,0,0,0,0
D45_edge-weighted_P2-B34_F4_C1_E0p75,P2,P2-B34,45,concentrated,edge-weighted,4,1,0.75,0,0,34,30,1505.7,41.635653,1490.154737,1521.245263,1455.466667,20.580763,1447.782546,1463.150787,0.96709,0.019248,0.959903,0.974277,50.233333,30.299293,38.920662,61.546005,57.633333,26.980815,47.559663,67.707004,112.749807,62.890937,89.268582,136.231032,321.79,165.875502,259.858024,383.721976,10.282169,0.390558,10.136349,10.42799,3,0,3,3,0.248524,0.003651,0.247161,0.249887,33.6075,0.041079,33.592163,33.622838,3475.42,46.526601,3458.048632,3492.791368,533.915611,6.73427,531.401276,536.429946,0.347841,0.008614,0.344625,0.351058,0,0,0,0
D45_edge-weighted_P3-D_F4_C1_E0p75,P3-D,P3-D,45,concentrated,edge-weighted,4,1,0.75,1,0.6,,30,1505.7,41.635653,1490.154737,1521.245263,1451.233333,19.56366,1443.928963,1458.537704,0.964298,0.019814,0.9569,0.971696,54.466667,31.236289,42.804154,66.129179,60.966667,28.174926,50.447158,71.486176,118.475783,63.622904,94.721268,142.230298,342.928333,172.438726,278.545885,407.310782,10.331503,0.365374,10.195086,10.467921,3,0,3,3,0.248458,0.003554,0.247132,0.249785,39.935,2.36374,39.052464,40.817536,3440.9275,41.499284,3425.433153,3456.421847,507.970111,1.834858,507.285041,508.655182,0.317431,0.008218,0.314363,0.3205,0.493827,0.015395,0.488079,0.499575
D45_edge-weighted_P0_F4_C1_E1,P0,P0,45,concentrated,edge-weighted,4,1,1,0,0,,30,1505.7,41.635653,1490.154737,1521.245263,1463.9,22.921681,1455.341865,1472.458135,0.972636,0.017413,0.966135,0.979138,41.8,27.361438,31.584218,52.015782,50.866667,23.381002,42.137037,59.596296,96.252834,55.804349,75.417487,117.08818,279.293333,145.153778,225.098108,333.488559,10.051548,0.446081,9.884997,10.218099,3,0,3,3,0.247826,0.004026,0.246323,0.249329,68.646667,2.859314,67.579101,69.714232,4773.37,74.243482,4745.650141,4801.089859,828.219778,16.879612,821.917535,834.522021,0.454754,0.007449,0.451973,0.457536,0,0,0,0
D45_edge-weighted_P1_F4_C1_E1,P1,P1,45,concentrated,edge-weighted,4,1,1,0,0,,30,1505.7,41.635653,1490.154737,1521.245263,1418.733333,17.871058,1412.06092,1425.405747,0.9428,0.023359,0.934079,0.951521,86.966667,37.163649,73.09109,100.842243,90.666667,35.774517,77.309742,104.023591,194.66569,82.560102,163.840702,225.490677,528.551667,210.922969,449.800579,607.302754,11.154343,0.221581,11.071613,11.237073,3,0,3,3,0.252419,0.003007,0.251296,0.253542,46.9,1.748891,46.247027,47.552973,3943.72,50.335121,3924.926667,3962.513333,175.276444,2.237116,174.441185,176.111704,0.408542,0.007714,0.405662,0.411422,0,0,0,0
D45_edge-weighted_P2-B34_F4_C1_E1,P2,P2-B34,45,concentrated,edge-weighted,4,1,1,0,0,34,30,1505.7,41.635653,1490.154737,1521.245263,1439.933333,18.332058,1433.088799,1446.777868,0.956836,0.021469,0.948821,0.964852,65.766667,33.961117,53.086801,78.446532,70.933333,31.697855,59.098489,82.768178,145.40187,74.243896,117.681857,173.121884,404.691667,191.442372,333.213937,476.169397,10.609175,0.29849,10.49773,10.720621,3,0,3,3,0.249385,0.003278,0.248161,0.250609,33.6,0,33.6,33.6,4467.96,52.404373,4448.394083,4487.525917,597.062667,4.408949,595.416523,598.70881,0.232568,0.006235,0.23024,0.234896,0,0,0,0
D45_edge-weighted_P3-D_F4_C1_E1,P3-D,P3-D,45,concentrated,edge-weighted,4,1,1,1,0.6,,30,1505.7,41.635653,1490.154737,1521.245263,1434.9,16.700919,1428.664475,1441.135525,0.953498,0.021109,0.945616,0.961379,70.8,33.548113,58.274335,83.325665,74.533333,31.983545,62.591822,86.474844,145.92338,71.021068,119.406655,172.440105,422.86,189.564538,352.083386,493.636614,10.656834,0.290439,10.548394,10.765273,3,0,3,3,0.249328,0.003255,0.248113,0.250543,43.01,2.353039,42.131459,43.888541,4408.89,45.212619,4392.009226,4425.770774,550.827333,2.018028,550.073874,551.580793,0.205698,0.008507,0.202522,0.208874,0.346759,0.009677,0.343146,0.350372
D45_edge-weighted_P0_F4_C1_E1p25,P0,P0,45,concentrated,edge-weighted,4,1,1.25,0,0,,30,1505.7,41.635653,1490.154737,1521.245263,1463.9,22.921681,1455.341865,1472.458135,0.972636,0.017413,0.966135,0.979138,41.8,27.361438,31.584218,52.015782,50.866667,23.381002,42.137037,59.596296,96.252834,55.804349,75.417487,117.08818,279.293333,145.153778,225.098108,333.488559,10.051548,0.446081,9.884997,10.218099,3,0,3,3,0.247826,0.004026,0.246323,0.249329,85.808333,3.574143,84.473876,87.14279,5966.7125,92.804352,5932.062676,6001.362324,1035.274722,21.099515,1027.396918,1043.152526,0.454754,0.007449,0.451973,0.457536,0,0,0,0
D45_edge-weighted_P1_F4_C1_E1p25,P1,P1,45,concentrated,edge-weighted,4,1,1.25,0,0,,30,1505.7,41.635653,1490.154737,1521.245263,1418.733333,17.871058,1412.06092,1425.405747,0.9428,0.023359,0.934079,0.951521,86.966667,37.163649,73.09109,100.842243,90.666667,35.774517,77.309742,104.023591,194.66569,82.560102,163.840702,225.490677,528.551667,210.922969,449.800579,607.302754,11.154343,0.221581,11.071613,11.237073,3,0,3,3,0.252419,0.003007,0.251296,0.253542,58.625,2.186114,57.808783,59.441217,4929.65,62.918901,4906.158334,4953.141666,219.095556,2.796396,218.051482,220.13963,0.408542,0.007714,0.405662,0.411422,0,0,0,0
D45_edge-weighted_P2-B34_F4_C1_E1p25,P2,P2-B34,45,concentrated,edge-weighted,4,1,1.25,0,0,34,30,1505.7,41.635653,1490.154737,1521.245263,1417.233333,18.252413,1410.418536,1424.048131,0.941809,0.023682,0.932967,0.950651,88.466667,37.710086,74.38707,102.546263,91.6,36.650822,77.915895,105.284105,194.610263,83.856412,163.30128,225.919246,532.173333,213.450048,452.478725,611.867942,10.979869,0.237816,10.891077,11.068661,3,0,3,3,0.250122,0.003185,0.248932,0.251311,33.266667,0.091287,33.232583,33.30075,5373.929167,64.607708,5349.806961,5398.051372,637.19963,3.655957,635.834626,638.564633,0.112341,0.005315,0.110356,0.114325,0,0,0,0
D45_edge-weighted_P3-D_F4_C1_E1p25,P3-D,P3-D,45,concentrated,edge-weighted,4,1,1.25,1,0.6,,30,1505.7,41.635653,1490.154737,1521.245263,1406.366667,17.558736,1399.810863,1412.92247,0.934601,0.023866,0.92569,0.943512,99.333333,38.295884,85.035021,113.631646,101.6,37.756571,87.503048,115.696952,211.465876,83.410602,180.323343,242.60841,591.37,217.137488,510.298633,672.441367,11.085403,0.223257,11.002046,11.168759,3,0,3,3,0.249899,0.00322,0.248697,0.251102,41.320833,2.704499,40.31107,42.330596,5280.395833,59.331205,5258.243685,5302.547982,589.088426,2.757839,588.058747,590.118104,0.076793,0.003538,0.075472,0.078114,0.166358,0.016354,0.160252,0.172464
D45_edge-weighted_P0_F4_C2_E0p75,P0,P0,45,concentrated,edge-weighted,4,2,0.75,0,0,,30,1505.7,41.635653,1490.154737,1521.245263,1504.2,41.725209,1488.6213,1519.7787,0.999002,0.000883,0.998672,0.999331,1.5,1.332615,1.002449,1.997551,5.566667,1.040004,5.178366,5.954967,0.997719,0.237124,0.909186,1.086253,7.033333,1.272612,6.558186,7.508481,0.393432,0.029952,0.382249,0.404615,2,0,2,2,0.254643,0.007171,0.251965,0.25732,57.75,4.695743,55.996778,59.503222,3678.825,101.552869,3640.908793,3716.741207,638.558333,19.32917,631.341513,645.775153,0.454989,0.007503,0.452188,0.457791,0,0,0,0
D45_edge-weighted_P1_F4_C2_E0p75,P1,P1,45,concentrated,edge-weighted,4,2,0.75,0,0,,30,1505.7,41.635653,1490.154737,1521.245263,1504.2,41.725209,1488.6213,1519.7787,0.999002,0.000883,0.998672,0.999331,1.5,1.332615,1.002449,1.997551,5.566667,1.040004,5.178366,5.954967,0.997719,0.237124,0.909186,1.086253,7.033333,1.272612,6.558186,7.508481,0.393432,0.029952,0.382249,0.404615,2,0,2,2,0.254643,0.007171,0.251965,0.25732,32.2325,2.477129,31.307629,33.157371,3315.705,90.090975,3282.068254,3349.341746,304.689667,11.581032,300.365724,309.01361,0.136101,0.014388,0.130729,0.141473,0,0,0,0
D45_edge-weighted_P2-B34_F4_C2_E0p75,P2,P2-B34,45,concentrated,edge-weighted,4,2,0.75,0,0,34,30,1505.7,41.635653,1490.154737,1521.245263,1504.2,41.725209,1488.6213,1519.7787,0.999002,0.000883,0.998672,0.999331,1.5,1.332615,1.002449,1.997551,5.666667,1.028334,5.282723,6.05061,1.072717,0.27078,0.971617,1.173816,7.376667,1.342073,6.875585,7.877749,0.397146,0.029544,0.386116,0.408177,2,0,2,2,0.257255,0.007507,0.254453,0.260058,33.765,0.1012,33.727216,33.802784,3577.5,89.350139,3544.139856,3610.860144,538.155,7.391887,535.395134,540.914866,0.329751,0.015016,0.324145,0.335358,0,0,0,0
D45_edge-weighted_P3-D_F4_C2_E0p75,P3-D,P3-D,45,concentrated,edge-weighted,4,2,0.75,1,0.6,,30,1505.7,41.635653,1490.154737,1521.245263,1504.2,41.725209,1488.6213,1519.7787,0.999002,0.000883,0.998672,0.999331,1.5,1.332615,1.002449,1.997551,5.7,0.987857,5.331169,6.068831,1.086167,0.271547,0.984781,1.187552,7.496667,1.31076,7.007276,7.986058,0.396054,0.02808,0.38557,0.406538,2,0,2,2,0.257826,0.00749,0.255029,0.260622,40.5275,2.035508,39.767514,41.287486,3552.685,88.476843,3519.650913,3585.719087,512.954611,4.012542,511.456472,514.452751,0.30197,0.012707,0.297226,0.306714,0.456944,0.02358,0.448141,0.465748
D45_edge-weighted_P0_F4_C2_E1,P0,P0,45,concentrated,edge-weighted,4,2,1,0,0,,30,1505.7,41.635653,1490.154737,1521.245263,1504.2,41.725209,1488.6213,1519.7787,0.999002,0.000883,0.998672,0.999331,1.5,1.332615,1.002449,1.997551,5.566667,1.040004,5.178366,5.954967,0.997719,0.237124,0.909186,1.086253,7.033333,1.272612,6.558186,7.508481,0.393432,0.029952,0.382249,0.404615,2,0,2,2,0.254643,0.007171,0.251965,0.25732,77,6.26099,74.66237,79.33763,4905.1,135.403825,4854.545058,4955.654942,851.411111,25.772226,841.788684,861.033538,0.454989,0.007503,0.452188,0.457791,0,0,0,0
D45_edge-weighted_P1_F4_C2_E1,P1,P1,45,concentrated,edge-weighted,4,2,1,0,0,,30,1505.7,41.635653,1490.154737,1521.245263,1504.2,41.725209,1488.6213,1519.7787,0.999002,0.000883,0.998672,0.999331,1.5,1.332615,1.002449,1.997551,6.133333,1.252125,5.665835,6.600832,1.27095,0.308152,1.155897,1.386003,8.286667,1.495218,7.728406,8.844928,0.423515,0.024612,0.414325,0.432704,2,0,2,2,0.267649,0.007338,0.264909,0.270389,54.933333,4.409499,53.286984,56.579682,4181.206667,116.39694,4137.748215,4224.665118,185.831407,5.173197,183.899921,187.762894,0.408745,0.007865,0.405809,0.411682,0,0,0,0
D45_edge-weighted_P2-B34_F4_C2_E1,P2,P2-B34,45,concentrated,edge-weighted,4,2,1,0,0,34,30,1505.7,41.635653,1490.154737,1521.245263,1504.133333,41.774215,1488.536336,1519.73033,0.998957,0.000884,0.998626,0.999287,1.566667,1.330889,1.069761,2.063573,6.466667,2.224214,5.636225,7.297108,1.317606,0.53261,1.118749,1.516464,8.601667,3.006386,7.47919,9.724144,0.418347,0.030882,0.406816,0.429877,2,0,2,2,0.261904,0.008086,0.258885,0.264923,33.746667,0.196053,33.673467,33.819866,4640.886667,114.42512,4598.164422,4683.608911,604.70163,6.183786,602.392825,607.010434,0.198924,0.018108,0.192163,0.205684,0,0,0,0
D45_edge-weighted_P3-D_F4_C2_E1,P3-D,P3-D,45,concentrated,edge-weighted,4,2,1,1,0.6,,30,1505.7,41.635653,1490.154737,1521.245263,1504.066667,41.732261,1488.485334,1519.647999,0.998913,0.000915,0.998571,0.999255,1.633333,1.376736,1.119309,2.147357,6.133333,1.357821,5.626372,6.640295,1.251062,0.347227,1.12142,1.380704,8.326667,1.620331,7.721693,8.93164,0.419179,0.030999,0.407605,0.430753,2,0,2,2,0.262768,0.00811,0.25974,0.265796,46.94,3.74917,45.540194,48.339806,4595.66,112.718788,4553.574839,4637.745161,559.128222,5.039779,557.246549,561.009895,0.171379,0.02034,0.163785,0.178973,0.306944,0.027434,0.296702,0.317187
D45_edge-weighted_P0_F4_C2_E1p25,P0,P0,45,concentrated,edge-weighted,4,2,1.25,0,0,,30,1505.7,41.635653,1490.154737,1521.245263,1504.2,41.725209,1488.6213,1519.7787,0.999002,0.000883,0.998672,0.999331,1.5,1.332615,1.002449,1.997551,5.566667,1.040004,5.178366,5.954967,0.997719,0.237124,0.909186,1.086253,7.033333,1.272612,6.558186,7.508481,0.393432,0.029952,0.382249,0.404615,2,0,2,2,0.254643,0.007171,0.251965,0.25732,96.25,7.826238,93.327963,99.172037,6131.375,169.254781,6068.181322,6194.568678,1064.263889,32.215283,1052.235855,1076.291922,0.454989,0.007503,0.452188,0.457791,0,0,0,0
D45_edge-weighted_P1_F4_C2_E1p25,P1,P1,45,concentrated,edge-weighted,4,2,1.25,0,0,,30,1505.7,41.635653,1490.154737,1521.245263,1504.2,41.725209,1488.6213,1519.7787,0.999002,0.000883,0.998672,0.999331,1.5,1.332615,1.002449,1.997551,6.133333,1.252125,5.665835,6.600832,1.27095,0.308152,1.155897,1.386003,8.286667,1.495218,7.728406,8.844928,0.423515,0.024612,0.414325,0.432704,2,0,2,2,0.267649,0.007338,0.264909,0.270389,68.666667,5.511873,66.60873,70.724603,5226.508333,145.496174,5172.185269,5280.831398,232.289259,6.466497,229.874901,234.703618,0.408745,0.007865,0.405809,0.411682,0,0,0,0
D45_edge-weighted_P2-B34_F4_C2_E1p25,P2,P2-B34,45,concentrated,edge-weighted,4,2,1.25,0,0,34,30,1505.7,41.635653,1490.154737,1521.245263,1461.2,21.885911,1453.028584,1469.371416,0.970872,0.018456,0.963981,0.977762,44.5,28.989594,33.676323,55.323677,49.766667,26.283184,39.953467,59.579867,52.812099,46.062789,35.613902,70.010296,212.095,148.683814,156.581785,267.608215,0.438353,0.026697,0.428386,0.448321,2,0,2,2,0.258661,0.004096,0.257132,0.26019,33.75,0,33.75,33.75,5522.283333,76.016672,5493.901429,5550.665238,643.763981,4.043909,642.254131,645.273832,0.094107,0.007281,0.091389,0.096826,0,0,0,0
D45_edge-weighted_P3-D_F4_C2_E1p25,P3-D,P3-D,45,concentrated,edge-weighted,4,2,1.25,1,0.6,,30,1505.7,41.635653,1490.154737,1521.245263,1430.5,13.356517,1425.513155,1435.486845,0.950641,0.023081,0.942023,0.959258,75.2,36.513956,61.566996,88.833004,75.2,36.513956,61.566996,88.833004,40.453911,29.851547,29.308412,51.59941,261.543333,176.362443,195.695909,327.390758,0.445747,0.026281,0.435934,0.455559,2,0,2,2,0.254586,0.002623,0.253606,0.255565,54.375,4.461884,52.709092,56.040908,5361.804167,45.091259,5344.968704,5378.639629,592.677407,2.060514,591.908085,593.44673,0.0728,0.001841,0.072113,0.073488,0.141512,0.016343,0.135411,0.147614
D45_edge-weighted_P0_F4_CU_E0p75,P0,P0,45,concentrated,edge-weighted,4,unlimited,0.75,0,0,,30,1505.7,41.635653,1490.154737,1521.245263,1504.2,41.725209,1488.6213,1519.7787,0.999002,0.000883,0.998672,0.999331,1.5,1.332615,1.002449,1.997551,5.266667,0.944433,4.914049,5.619284,0.869177,0.201632,0.793895,0.94446,6.455,1.034937,6.068592,6.841408,0,0,0,0,0,0,0,0,0.254643,0.007171,0.251965,0.25732,57.715,4.739929,55.94528,59.48472,3678.825,101.552869,3640.908793,3716.741207,638.558333,19.32917,631.341513,645.775153,0.454989,0.007503,0.452188,0.457791,0,0,0,0
D45_edge-weighted_P1_F4_CU_E0p75,P1,P1,45,concentrated,edge-weighted,4,unlimited,0.75,0,0,,30,1505.7,41.635653,1490.154737,1521.245263,1504.2,41.725209,1488.6213,1519.7787,0.999002,0.000883,0.998672,0.999331,1.5,1.332615,1.002449,1.997551,5.266667,0.944433,4.914049,5.619284,0.869177,0.201632,0.793895,0.94446,6.455,1.034937,6.068592,6.841408,0,0,0,0,0,0,0,0,0.254643,0.007171,0.251965,0.25732,32.2325,2.477129,31.307629,33.157371,3315.705,90.090975,3282.068254,3349.341746,304.689667,11.581032,300.365724,309.01361,0.136101,0.014388,0.130729,0.141473,0,0,0,0
D45_edge-weighted_P2-B34_F4_CU_E0p75,P2,P2-B34,45,concentrated,edge-weighted,4,unlimited,0.75,0,0,34,30,1505.7,41.635653,1490.154737,1521.245263,1504.2,41.725209,1488.6213,1519.7787,0.999002,0.000883,0.998672,0.999331,1.5,1.332615,1.002449,1.997551,5.433333,1.040004,5.045033,5.821634,0.933691,0.230625,0.847583,1.019798,6.658333,1.131682,6.235804,7.080863,0,0,0,0,0,0,0,0,0.257255,0.00751,0.254452,0.260059,33.765,0.1012,33.727216,33.802784,3577.5,89.360845,3544.135859,3610.864141,538.155,7.392044,535.395075,540.914925,0.329751,0.014982,0.324157,0.335345,0,0,0,0
D45_edge-weighted_P3-D_F4_CU_E0p75,P3-D,P3-D,45,concentrated,edge-weighted,4,unlimited,0.75,1,0.6,,30,1505.7,41.635653,1490.154737,1521.245263,1504.2,41.725209,1488.6213,1519.7787,0.999002,0.000883,0.998672,0.999331,1.5,1.332615,1.002449,1.997551,5.5,0.973795,5.13642,5.86358,0.94766,0.231387,0.861268,1.034052,6.776667,1.117165,6.359557,7.193776,0,0,0,0,0,0,0,0,0.257824,0.007493,0.255027,0.260622,40.5275,2.035508,39.767514,41.287486,3552.68,88.487761,3519.641837,3585.718163,512.954389,4.013056,511.456057,514.45272,0.301955,0.012657,0.297229,0.306681,0.457253,0.023753,0.448385,0.466122
D45_edge-weighted_P0_F4_CU_E1,P0,P0,45,concentrated,edge-weighted,4,unlimited,1,0,0,,30,1505.7,41.635653,1490.154737,1521.245263,1504.2,41.725209,1488.6213,1519.7787,0.999002,0.000883,0.998672,0.999331,1.5,1.332615,1.002449,1.997551,5.266667,0.944433,4.914049,5.619284,0.869177,0.201632,0.793895,0.94446,6.455,1.034937,6.068592,6.841408,0,0,0,0,0,0,0,0,0.254643,0.007171,0.251965,0.25732,76.953333,6.319905,74.593707,79.31296,4905.1,135.403825,4854.545058,4955.654942,851.411111,25.772226,841.788684,861.033538,0.454989,0.007503,0.452188,0.457791,0,0,0,0
D45_edge-weighted_P1_F4_CU_E1,P1,P1,45,concentrated,edge-weighted,4,unlimited,1,0,0,,30,1505.7,41.635653,1490.154737,1521.245263,1504.2,41.725209,1488.6213,1519.7787,0.999002,0.000883,0.998672,0.999331,1.5,1.332615,1.002449,1.997551,5.8,1.15669,5.368133,6.231867,1.100878,0.262381,1.002914,1.198842,7.478333,1.174858,7.039684,7.916983,0,0,0,0,0,0,0,0,0.267649,0.007338,0.264909,0.270389,54.9,4.357712,53.272986,56.527014,4181.206667,116.39694,4137.748215,4224.665118,185.831407,5.173197,183.899921,187.762894,0.408745,0.007865,0.405809,0.411682,0,0,0,0
D45_edge-weighted_P2-B34_F4_CU_E1,P2,P2-B34,45,concentrated,edge-weighted,4,unlimited,1,0,0,34,30,1505.7,41.635653,1490.154737,1521.245263,1504.166667,41.781107,1488.567097,1519.766237,0.998979,0.000902,0.998642,0.999315,1.533333,1.357821,1.026372,2.040295,6.233333,2.223438,5.403181,7.063486,1.139288,0.466446,0.965134,1.313443,7.686667,2.509394,6.749749,8.623585,0,0,0,0,0,0,0,0,0.261913,0.008083,0.258895,0.26493,33.746667,0.196053,33.673467,33.819866,4640.963333,114.433563,4598.237936,4683.68873,604.705037,6.185003,602.395778,607.014296,0.198869,0.018141,0.192096,0.205642,0,0,0,0
D45_edge-weighted_P3-D_F4_CU_E1,P3-D,P3-D,45,concentrated,edge-weighted,4,unlimited,1,1,0.6,,30,1505.7,41.635653,1490.154737,1521.245263,1504.133333,41.71226,1488.559468,1519.707198,0.998958,0.0009,0.998622,0.999294,1.566667,1.356551,1.060179,2.073154,5.8,1.214851,5.346418,6.253582,1.077203,0.280734,0.972387,1.182019,7.366667,1.376736,6.852643,7.880691,0,0,0,0,0,0,0,0,0.262785,0.00811,0.259757,0.265813,46.903333,3.739766,45.507039,48.299628,4595.84,112.664674,4553.775043,4637.904957,559.136222,5.037427,557.255427,561.017017,0.171347,0.020331,0.163756,0.178937,0.30679,0.027509,0.296519,0.317061
D45_edge-weighted_P0_F4_CU_E1p25,P0,P0,45,concentrated,edge-weighted,4,unlimited,1.25,0,0,,30,1505.7,41.635653,1490.154737,1521.245263,1504.2,41.725209,1488.6213,1519.7787,0.999002,0.000883,0.998672,0.999331,1.5,1.332615,1.002449,1.997551,5.266667,0.944433,4.914049,5.619284,0.869177,0.201632,0.793895,0.94446,6.455,1.034937,6.068592,6.841408,0,0,0,0,0,0,0,0,0.254643,0.007171,0.251965,0.25732,96.191667,7.899881,93.242134,99.141199,6131.375,169.254781,6068.181322,6194.568678,1064.263889,32.215283,1052.235855,1076.291922,0.454989,0.007503,0.452188,0.457791,0,0,0,0
D45_edge-weighted_P1_F4_CU_E1p25,P1,P1,45,concentrated,edge-weighted,4,unlimited,1.25,0,0,,30,1505.7,41.635653,1490.154737,1521.245263,1504.2,41.725209,1488.6213,1519.7787,0.999002,0.000883,0.998672,0.999331,1.5,1.332615,1.002449,1.997551,5.8,1.15669,5.368133,6.231867,1.100878,0.262381,1.002914,1.198842,7.478333,1.174858,7.039684,7.916983,0,0,0,0,0,0,0,0,0.267649,0.007338,0.264909,0.270389,68.625,5.44714,66.591233,70.658767,5226.508333,145.496174,5172.185269,5280.831398,232.289259,6.466497,229.874901,234.703618,0.408745,0.007865,0.405809,0.411682,0,0,0,0
D45_edge-weighted_P2-B34_F4_CU_E1p25,P2,P2-B34,45,concentrated,edge-weighted,4,unlimited,1.25,0,0,34,30,1505.7,41.635653,1490.154737,1521.245263,1461.266667,21.951252,1453.070855,1469.462479,0.970915,0.018451,0.964027,0.977804,44.433333,28.981187,33.612795,55.253871,49.7,26.285108,39.886081,59.513919,51.284205,45.392619,34.336225,68.232184,208.26,147.926315,153.029608,263.490392,0,0,0,0,0,0,0,0,0.258672,0.004097,0.257142,0.260202,33.75,0,33.75,33.75,5522.508333,76.235223,5494.04483,5550.971837,643.773981,4.05374,642.26046,645.287503,0.094086,0.007299,0.091361,0.096811,0,0,0,0
D45_edge-weighted_P3-D_F4_CU_E1p25,P3-D,P3-D,45,concentrated,edge-weighted,4,unlimited,1.25,1,0.6,,30,1505.7,41.635653,1490.154737,1521.245263,1430.533333,13.364217,1425.543613,1435.523054,0.950663,0.023098,0.942039,0.959287,75.166667,36.54009,61.523905,88.809428,75.166667,36.54009,61.523905,88.809428,39.542621,29.528131,28.517873,50.567368,257.905,175.773916,192.277311,323.532689,0,0,0,0,0,0,0,0,0.254594,0.002626,0.253614,0.255575,54.416667,4.461682,52.750834,56.082499,5361.916667,45.117583,5345.071376,5378.761957,592.682407,2.061652,591.91266,593.452154,0.072796,0.001843,0.072108,0.073484,0.141512,0.016343,0.135411,0.147614
D45_edge-weighted_P0_F8_C1_E0p75,P0,P0,45,concentrated,edge-weighted,8,1,0.75,0,0,,30,1505.7,41.635653,1490.154737,1521.245263,1467.9,22.921681,1459.341865,1476.458135,0.975295,0.017476,0.96877,0.98182,37.8,27.361438,27.584218,48.015782,46.866667,23.381002,38.137037,55.596296,79.62872,53.993213,59.469587,99.787853,253.258333,145.529445,198.922847,307.59382,27.07002,3.151317,25.893431,28.246609,7,0,7,7,0.12425,0.002015,0.123498,0.125002,52.255,2.445945,51.341772,53.168228,3589.7325,55.661627,3568.95044,3610.51456,622.768667,12.66486,618.040061,627.497272,0.45468,0.007459,0.451895,0.457465,0,0,0,0
D45_edge-weighted_P1_F8_C1_E0p75,P1,P1,45,concentrated,edge-weighted,8,1,0.75,0,0,,30,1505.7,41.635653,1490.154737,1521.245263,1467.9,22.921681,1459.341865,1476.458135,0.975295,0.017476,0.96877,0.98182,37.8,27.361438,27.584218,48.015782,46.866667,23.381002,38.137037,55.596296,79.62872,53.993213,59.469587,99.787853,253.258333,145.529445,198.922847,307.59382,27.07002,3.151317,25.893431,28.246609,7,0,7,7,0.12425,0.002015,0.123498,0.125002,29.6025,1.902792,28.892065,30.312935,3235.7325,48.178771,3217.744271,3253.720729,297.285333,9.76879,293.638017,300.93265,0.136326,0.014703,0.130837,0.141816,0,0,0,0
D45_edge-weighted_P2-B34_F8_C1_E0p75,P2,P2-B34,45,concentrated,edge-weighted,8,1,0.75,0,0,34,30,1505.7,41.635653,1490.154737,1521.245263,1459.066667,20.24664,1451.507296,1466.626037,0.969486,0.019337,0.962267,0.976706,46.633333,30.349099,35.302066,57.964601,54,27.06187,43.896066,64.103934,96.926581,61.8979,73.81612,120.037042,298.948333,166.272764,236.868034,361.028633,28.159709,2.786898,27.119181,29.200237,7,0,7,7,0.124626,0.00182,0.123947,0.125305,33.6075,0.041079,33.592163,33.622838,3483.28,46.014512,3466.099828,3500.460172,534.212444,6.712523,531.706229,536.71866,0.347275,0.008239,0.344199,0.350352,0,0,0,0
D45_edge-weighted_P3-D_F8_C1_E0p75,P3-D,P3-D,45,concentrated,edge-weighted,8,1,0.75,1,0.6,,30,1505.7,41.635653,1490.154737,1521.245263,1455.233333,19.644572,1447.898753,1462.567913,0.966956,0.01987,0.959537,0.974374,50.466667,31.224143,38.808689,62.124644,57.166667,28.242891,46.621782,67.711552,101.528776,62.790637,78.084999,124.972552,316.95,172.98473,252.363693,381.536307,28.327865,2.591274,27.360376,29.295354,7,0,7,7,0.124586,0.001793,0.123917,0.125255,40.075,2.341115,39.200911,40.949089,3449.4575,41.764232,3433.86423,3465.05077,508.401722,1.900878,507.692002,509.111442,0.31631,0.008176,0.313257,0.319363,0.492284,0.0143,0.486945,0.497623
D45_edge-weighted_P0_F8_C1_E1,P0,P0,45,concentrated,edge-weighted,8,1,1,0,0,,30,1505.7,41.635653,1490.154737,1521.245263,1467.9,22.921681,1459.341865,1476.458135,0.975295,0.017476,0.96877,0.98182,37.8,27.361438,27.584218,48.015782,46.866667,23.381002,38.137037,55.596296,79.62872,53.993213,59.469587,99.787853,253.258333,145.529445,198.922847,307.59382,27.07002,3.151317,25.893431,28.246609,7,0,7,7,0.12425,0.002015,0.123498,0.125002,69.673333,3.26126,68.455696,70.890971,4786.31,74.215503,4758.600587,4814.019413,830.358222,16.886479,824.053415,836.663029,0.45468,0.007459,0.451895,0.457465,0,0,0,0
D45_edge-weighted_P1_F8_C1_E1,P1,P1,45,concentrated,edge-weighted,8,1,1,0,0,,30,1505.7,41.635653,1490.154737,1521.245263,1422.733333,17.871058,1416.06092,1429.405747,0.945459,0.023425,0.936713,0.954205,82.966667,37.163649,69.09109,96.842243,86.666667,35.774517,73.309742,100.023591,175.258882,82.130547,144.594275,205.923489,502.396667,211.891495,423.283966,581.509367,31.550475,1.362707,31.041689,32.059261,7,0,7,7,0.126566,0.001503,0.126005,0.127127,46.833333,1.703613,46.197265,47.469402,3954.813333,50.354281,3936.012847,3973.61382,175.769481,2.237968,174.933904,176.605059,0.408603,0.007761,0.405705,0.4115,0,0,0,0
D45_edge-weighted_P2-B34_F8_C1_E1,P2,P2-B34,45,concentrated,edge-weighted,8,1,1,0,0,34,30,1505.7,41.635653,1490.154737,1521.245263,1444.033333,18.257702,1437.216561,1450.850106,0.959563,0.021595,0.9515,0.967626,61.666667,34.045946,48.955129,74.378204,67.133333,31.605034,55.333145,78.933522,128.766059,73.850686,101.192856,156.339262,380.375,191.677517,308.809475,451.940525,29.678427,2.210138,28.853241,30.503614,7,0,7,7,0.125078,0.001647,0.124463,0.125693,33.6,0,33.6,33.6,4478.93,52.112995,4459.472873,4498.387127,597.526889,4.392676,595.886821,599.166957,0.230139,0.006367,0.227761,0.232516,0,0,0,0
D45_edge-weighted_P3-D_F8_C1_E1,P3-D,P3-D,45,concentrated,edge-weighted,8,1,1,1,0.6,,30,1505.7,41.635653,1490.154737,1521.245263,1439.133333,16.965956,1432.798852,1445.467814,0.956311,0.021244,0.948379,0.964243,66.566667,33.638733,54.007168,79.126166,70.466667,32.05032,58.500224,82.433109,128.269056,69.613137,102.278002,154.26011,397.668333,191.020403,326.348152,468.988515,29.712408,2.142339,28.912535,30.512281,7,0,7,7,0.125065,0.001643,0.124451,0.125678,43.34,2.703714,42.33053,44.34947,4420.293333,45.904188,4403.154353,4437.432314,551.334148,2.047538,550.569671,552.098625,0.203395,0.008675,0.200156,0.206634,0.344136,0.009044,0.340759,0.347512
D45_edge-weighted_P0_F8_C1_E1p25,P0,P0,45,concentrated,edge-weighted,8,1,1.25,0,0,,30,1505.7,41.635653,1490.154737,1521.245263,1467.9,22.921681,1459.341865,1476.458135,0.975295,0.017476,0.96877,0.98182,37.8,27.361438,27.584218,48.015782,46.866667,23.381002,38.137037,55.596296,79.62872,53.993213,59.469587,99.787853,253.258333,145.529445,198.922847,307.59382,27.07002,3.151317,25.893431,28.246609,7,0,7,7,0.12425,0.002015,0.123498,0.125002,87.091667,4.076575,85.56962,88.613714,5982.8875,92.769379,5948.250734,6017.524266,1037.947778,21.108099,1030.066769,1045.828787,0.45468,0.007459,0.451895,0.457465,0,0,0,0
D45_edge-weighted_P1_F8_C1_E1p25,P1,P1,45,concentrated,edge-weighted,8,1,1.25,0,0,,30,1505.7,41.635653,1490.154737,1521.245263,1422.733333,17.871058,1416.06092,1429.405747,0.945459,0.023425,0.936713,0.954205,82.966667,37.163649,69.09109,96.842243,86.666667,35.774517,73.309742,100.023591,175.258882,82.130547,144.594275,205.923489,502.396667,211.891495,423.283966,581.509367,31.550475,1.362707,31.041689,32.059261,7,0,7,7,0.126566,0.001503,0.126005,0.127127,58.541667,2.129517,57.746581,59.336752,4943.516667,62.942851,4920.016059,4967.017275,219.711852,2.79746,218.66738,220.756323,0.408603,0.007761,0.405705,0.4115,0,0,0,0
D45_edge-weighted_P2-B34_F8_C1_E1p25,P2,P2-B34,45,concentrated,edge-weighted,8,1,1.25,0,0,34,30,1505.7,41.635653,1490.154737,1521.245263,1421.3,18.567955,1414.36739,1428.23261,0.944508,0.023709,0.935656,0.95336,84.4,37.661468,70.338556,98.461444,87.666667,36.577111,74.010082,101.323251,177.629019,83.89472,146.305733,208.952305,507.33,215.24336,426.965833,587.694167,31.195332,1.433981,30.659935,31.73073,7,0,7,7,0.125462,0.001603,0.124863,0.12606,33.5,0.254274,33.405063,33.594937,5387.6125,65.503721,5363.155755,5412.069245,637.778611,3.659151,636.412415,639.144807,0.110407,0.005629,0.108305,0.112508,0,0,0,0
D45_edge-weighted_P3-D_F8_C1_E1p25,P3-D,P3-D,45,concentrated,edge-weighted,8,1,1.25,1,0.6,,30,1505.7,41.635653,1490.154737,1521.245263,1410.3,17.575747,1403.737845,1416.862155,0.937212,0.023815,0.92832,0.946104,95.4,38.124659,81.165617,109.634383,97.9,37.450059,83.917488,111.882512,194.003622,82.812388,163.08444,224.922804,567.263333,216.755818,486.334468,648.192198,31.510832,1.306537,31.023018,31.998646,7,0,7,7,0.12534,0.001606,0.12474,0.12594,41.5,2.71966,40.484576,42.515424,5293.629167,59.361768,5271.465607,5315.792726,589.647407,2.723307,588.630622,590.664193,0.076022,0.0034,0.074752,0.077291,0.158333,0.016908,0.152021,0.164646
D45_edge-weighted_P0_F8_C2_E0p75,P0,P0,45,concentrated,edge-weighted,8,2,0.75,0,0,,30,1505.7,41.635653,1490.154737,1521.245263,1504.266667,41.643755,1488.718379,1519.814954,0.999048,0.000862,0.998726,0.999369,1.433333,1.304722,0.946197,1.92047,3.733333,0.73968,3.457163,4.009503,0.098112,0.023199,0.08945,0.106774,0,0,0,0,1.038713,0.157256,0.979999,1.097427,4.7,0.651259,4.456843,4.943157,0.127327,0.003579,0.125991,0.128663,57.75,4.886187,55.925672,59.574328,3678.985,101.34778,3641.145366,3716.824634,638.582944,19.29316,631.379569,645.78632,0.454986,0.007505,0.452184,0.457789,0,0,0,0
D45_edge-weighted_P1_F8_C2_E0p75,P1,P1,45,concentrated,edge-weighted,8,2,0.75,0,0,,30,1505.7,41.635653,1490.154737,1521.245263,1504.266667,41.643755,1488.718379,1519.814954,0.999048,0.000862,0.998726,0.999369,1.433333,1.304722,0.946197,1.92047,3.733333,0.73968,3.457163,4.009503,0.098112,0.023199,0.08945,0.106774,0,0,0,0,1.038713,0.157256,0.979999,1.097427,4.7,0.651259,4.456843,4.943157,0.127327,0.003579,0.125991,0.128663,32.2825,2.476973,31.357687,33.207313,3315.845,89.915527,3282.27376,3349.41624,304.695889,11.57437,300.374433,309.017344,0.136108,0.014397,0.130733,0.141484,0,0,0,0
D45_edge-weighted_P2-B34_F8_C2_E0p75,P2,P2-B34,45,concentrated,edge-weighted,8,2,0.75,0,0,34,30,1505.7,41.635653,1490.154737,1521.245263,1504.266667,41.643755,1488.718379,1519.814954,0.999048,0.000862,0.998726,0.999369,1.433333,1.304722,0.946197,1.92047,3.733333,0.73968,3.457163,4.009503,0.099916,0.024529,0.090758,0.109074,0,0,0,0,1.089364,0.176001,1.023652,1.155077,4.7,0.651259,4.456843,4.943157,0.128647,0.003756,0.127244,0.130049,33.765,0.1012,33.727216,33.802784,3577.585,89.103404,3544.316978,3610.853022,538.123778,7.313849,535.393048,540.854507,0.329632,0.015093,0.323996,0.335267,0,0,0,0
D45_edge-weighted_P3-D_F8_C2_E0p75,P3-D,P3-D,45,concentrated,edge-weighted,8,2,0.75,1,0.6,,30,1505.7,41.635653,1490.154737,1521.245263,1504.266667,41.643755,1488.718379,1519.814954,0.999048,0.000862,0.998726,0.999369,1.433333,1.304722,0.946197,1.92047,3.733333,0.73968,3.457163,4.009503,0.100092,0.02446,0.09096,0.109225,0,0,0,0,1.102406,0.175483,1.036887,1.167925,4.7,0.651259,4.456843,4.943157,0.128927,0.003746,0.127528,0.130325,40.555,1.981274,39.815263,41.294737,3552.9,88.378815,3519.902514,3585.897486,512.981667,4.02369,511.479365,514.483968,0.30214,0.012442,0.297494,0.306786,0.457099,0.024008,0.448135,0.466063
D45_edge-weighted_P0_F8_C2_E1,P0,P0,45,concentrated,edge-weighted,8,2,1,0,0,,30,1505.7,41.635653,1490.154737,1521.245263,1504.266667,41.643755,1488.718379,1519.814954,0.999048,0.000862,0.998726,0.999369,1.433333,1.304722,0.946197,1.92047,3.733333,0.73968,3.457163,4.009503,0.098112,0.023199,0.08945,0.106774,0,0,0,0,1.038713,0.157256,0.979999,1.097427,4.7,0.651259,4.456843,4.943157,0.127327,0.003579,0.125991,0.128663,77,6.514917,74.567563,79.432437,4905.313333,135.130373,4854.860488,4955.766178,851.443926,25.724213,841.839425,861.048427,0.454986,0.007505,0.452184,0.457789,0,0,0,0
D45_edge-weighted_P1_F8_C2_E1,P1,P1,45,concentrated,edge-weighted,8,2,1,0,0,,30,1505.7,41.635653,1490.154737,1521.245263,1504.266667,41.643755,1488.718379,1519.814954,0.999048,0.000862,0.998726,0.999369,1.433333,1.304722,0.946197,1.92047,3.766667,0.773854,3.477737,4.055596,0.105222,0.028329,0.094645,0.1158,0,0,0,0,1.26003,0.196404,1.1867,1.333361,4.933333,0.583292,4.715553,5.151114,0.13383,0.003662,0.132463,0.135197,55,4.653512,53.262545,56.737455,4181.393333,116.173589,4138.018273,4224.768394,185.839704,5.163271,183.911923,187.767484,0.408742,0.007867,0.405805,0.41168,0,0,0,0
D45_edge-weighted_P2-B34_F8_C2_E1,P2,P2-B34,45,concentrated,edge-weighted,8,2,1,0,0,34,30,1505.7,41.635653,1490.154737,1521.245263,1504.266667,41.643755,1488.718379,1519.814954,0.999048,0.000862,0.998726,0.999369,1.433333,1.304722,0.946197,1.92047,4.533333,2.224214,3.702892,5.363775,0.172184,0.246756,0.080054,0.264314,0.266667,1.460593,-0.278667,0.812,1.208044,0.232616,1.121193,1.294895,4.866667,0.730297,4.594,5.139333,0.130968,0.004032,0.129463,0.132473,33.8,0.203419,33.724051,33.875949,4641.26,114.05589,4598.675613,4683.844387,604.741556,6.149374,602.445599,607.037512,0.198842,0.018062,0.192099,0.205586,0,0,0,0
D45_edge-weighted_P3-D_F8_C2_E1,P3-D,P3-D,45,concentrated,edge-weighted,8,2,1,1,0.6,,30,1505.7,41.635653,1490.154737,1521.245263,1504.266667,41.643755,1488.718379,1519.814954,0.999048,0.000862,0.998726,0.999369,1.433333,1.304722,0.946197,1.92047,3.766667,0.727932,3.494883,4.03845,0.105895,0.030563,0.094484,0.117307,0,0,0,0,1.209014,0.211546,1.13003,1.287997,4.766667,0.678911,4.513186,5.020148,0.131409,0.004057,0.129894,0.132924,46.976667,3.824214,45.548842,48.404491,4596.2,112.487127,4554.201333,4638.198667,559.152222,5.02966,557.274327,561.030117,0.17128,0.020264,0.163714,0.178846,0.306327,0.027939,0.295896,0.316759
D45_edge-weighted_P0_F8_C2_E1p25,P0,P0,45,concentrated,edge-weighted,8,2,1.25,0,0,,30,1505.7,41.635653,1490.154737,1521.245263,1504.266667,41.643755,1488.718379,1519.814954,0.999048,0.000862,0.998726,0.999369,1.433333,1.304722,0.946197,1.92047,3.733333,0.73968,3.457163,4.009503,0.098112,0.023199,0.08945,0.106774,0,0,0,0,1.038713,0.157256,0.979999,1.097427,4.7,0.651259,4.456843,4.943157,0.127327,0.003579,0.125991,0.128663,96.25,8.143646,93.209454,99.290546,6131.641667,168.912966,6068.57561,6194.707723,1064.304907,32.155267,1052.299282,1076.310533,0.454986,0.007505,0.452184,0.457789,0,0,0,0
D45_edge-weighted_P1_F8_C2_E1p25,P1,P1,45,concentrated,edge-weighted,8,2,1.25,0,0,,30,1505.7,41.635653,1490.154737,1521.245263,1504.266667,41.643755,1488.718379,1519.814954,0.999048,0.000862,0.998726,0.999369,1.433333,1.304722,0.946197,1.92047,3.766667,0.773854,3.477737,4.055596,0.105222,0.028329,0.094645,0.1158,0,0,0,0,1.26003,0.196404,1.1867,1.333361,4.933333,0.583292,4.715553,5.151114,0.13383,0.003662,0.132463,0.135197,68.75,5.81689,66.578182,70.921818,5226.741667,145.216986,5172.522841,5280.960492,232.29963,6.454088,229.889904,234.709355,0.408742,0.007867,0.405805,0.41168,0,0,0,0
D45_edge-weighted_P2-B34_F8_C2_E1p25,P2,P2-B34,45,concentrated,edge-weighted,8,2,1.25,0,0,34,30,1505.7,41.635653,1490.154737,1521.245263,1461.533333,21.886436,1453.361721,1469.704945,0.971094,0.018492,0.96419,0.977998,44.166667,29.035155,33.325979,55.007354,49.5,26.228111,39.707362,59.292638,45.057976,42.38526,29.232837,60.883115,194.218333,146.310474,139.591239,248.845428,4.623996,2.023228,3.868595,5.379397,6,0,6,6,0.129364,0.002043,0.128601,0.130127,33.75,0,33.75,33.75,5523.416667,75.983,5495.047334,5551.785999,643.814352,4.043137,642.304789,645.323914,0.094007,0.00729,0.091285,0.096729,0,0,0,0
D45_edge-weighted_P3-D_F8_C2_E1p25,P3-D,P3-D,45,concentrated,edge-weighted,8,2,1.25,1,0.6,,30,1505.7,41.635653,1490.154737,1521.245263,1430.6,13.304394,1425.632615,1435.567385,0.950714,0.023369,0.941989,0.959439,75.1,36.928963,61.312047,88.887953,75.1,36.928963,61.312047,88.887953,35.975098,28.186365,25.451318,46.498878,243.44,173.859764,178.526986,308.353014,3.193667,1.149037,2.764658,3.622676,5.833333,0.530669,5.635201,6.031466,0.127317,0.001312,0.126827,0.127807,54.333333,4.473742,52.662998,56.003668,5362.141667,44.91643,5345.371479,5378.911854,592.692407,2.055161,591.925084,593.459731,0.072788,0.001806,0.072114,0.073463,0.141358,0.016703,0.135122,0.147594
D45_edge-weighted_P0_F8_CU_E0p75,P0,P0,45,concentrated,edge-weighted,8,unlimited,0.75,0,0,,30,1505.7,41.635653,1490.154737,1521.245263,1504.266667,41.643755,1488.718379,1519.814954,0.999048,0.000862,0.998726,0.999369,1.433333,1.304722,0.946197,1.92047,3.7,0.749713,3.420084,3.979916,0.09375,0.019513,0.086464,0.101036,0,0,0,0,0,0,0,0,0,0,0,0,0.127327,0.003579,0.125991,0.128663,57.75,4.886187,55.925672,59.574328,3678.985,101.34778,3641.145366,3716.824634,638.582944,19.29316,631.379569,645.78632,0.454986,0.007505,0.452184,0.457789,0,0,0,0
D45_edge-weighted_P1_F8_CU_E0p75,P1,P1,45,concentrated,edge-weighted,8,unlimited,0.75,0,0,,30,1505.7,41.635653,1490.154737,1521.245263,1504.266667,41.643755,1488.718379,1519.814954,0.999048,0.000862,0.998726,0.999369,1.433333,1.304722,0.946197,1.92047,3.7,0.749713,3.420084,3.979916,0.09375,0.019513,0.086464,0.101036,0,0,0,0,0,0,0,0,0,0,0,0,0.127327,0.003579,0.125991,0.128663,32.2825,2.476973,31.357687,33.207313,3315.845,89.915527,3282.27376,3349.41624,304.695889,11.57437,300.374433,309.017344,0.136108,0.014397,0.130733,0.141484,0,0,0,0
D45_edge-weighted_P2-B34_F8_CU_E0p75,P2,P2-B34,45,concentrated,edge-weighted,8,unlimited,0.75,0,0,34,30,1505.7,41.635653,1490.154737,1521.245263,1504.266667,41.643755,1488.718379,1519.814954,0.999048,0.000862,0.998726,0.999369,1.433333,1.304722,0.946197,1.92047,3.7,0.749713,3.420084,3.979916,0.093926,0.019496,0.086647,0.101204,0,0,0,0,0,0,0,0,0,0,0,0,0.128647,0.003756,0.127244,0.130049,33.765,0.1012,33.727216,33.802784,3577.585,89.103404,3544.316978,3610.853022,538.123778,7.313849,535.393048,540.854507,0.329632,0.015093,0.323996,0.335267,0,0,0,0
D45_edge-weighted_P3-D_F8_CU_E0p75,P3-D,P3-D,45,concentrated,edge-weighted,8,unlimited,0.75,1,0.6,,30,1505.7,41.635653,1490.154737,1521.245263,1504.266667,41.643755,1488.718379,1519.814954,0.999048,0.000862,0.998726,0.999369,1.433333,1.304722,0.946197,1.92047,3.7,0.749713,3.420084,3.979916,0.094101,0.019724,0.086737,0.101465,0,0,0,0,0,0,0,0,0,0,0,0,0.128927,0.003746,0.127528,0.130325,40.555,1.981274,39.815263,41.294737,3552.9,88.378815,3519.902514,3585.897486,512.981667,4.02369,511.479365,514.483968,0.30214,0.012442,0.297494,0.306786,0.457099,0.024008,0.448135,0.466063
D45_edge-weighted_P0_F8_CU_E1,P0,P0,45,concentrated,edge-weighted,8,unlimited,1,0,0,,30,1505.7,41.635653,1490.154737,1521.245263,1504.266667,41.643755,1488.718379,1519.814954,0.999048,0.000862,0.998726,0.999369,1.433333,1.304722,0.946197,1.92047,3.7,0.749713,3.420084,3.979916,0.09375,0.019513,0.086464,0.101036,0,0,0,0,0,0,0,0,0,0,0,0,0.127327,0.003579,0.125991,0.128663,77,6.514917,74.567563,79.432437,4905.313333,135.130373,4854.860488,4955.766178,851.443926,25.724213,841.839425,861.048427,0.454986,0.007505,0.452184,0.457789,0,0,0,0
D45_edge-weighted_P1_F8_CU_E1,P1,P1,45,concentrated,edge-weighted,8,unlimited,1,0,0,,30,1505.7,41.635653,1490.154737,1521.245263,1504.266667,41.643755,1488.718379,1519.814954,0.999048,0.000862,0.998726,0.999369,1.433333,1.304722,0.946197,1.92047,3.733333,0.73968,3.457163,4.009503,0.095111,0.020474,0.087467,0.102755,0,0,0,0,0,0,0,0,0,0,0,0,0.13383,0.003662,0.132463,0.135197,55,4.653512,53.262545,56.737455,4181.393333,116.173589,4138.018273,4224.768394,185.839704,5.163271,183.911923,187.767484,0.408742,0.007867,0.405805,0.41168,0,0,0,0
D45_edge-weighted_P2-B34_F8_CU_E1,P2,P2-B34,45,concentrated,edge-weighted,8,unlimited,1,0,0,34,30,1505.7,41.635653,1490.154737,1521.245263,1504.266667,41.643755,1488.718379,1519.814954,0.999048,0.000862,0.998726,0.999369,1.433333,1.304722,0.946197,1.92047,4.533333,2.224214,3.702892,5.363775,0.148845,0.164259,0.087517,0.210174,0.111667,0.611624,-0.116692,0.340025,0,0,0,0,0,0,0,0,0.130969,0.004032,0.129463,0.132474,33.8,0.203419,33.724051,33.875949,4641.26,114.05589,4598.675613,4683.844387,604.741556,6.149374,602.445599,607.037512,0.198842,0.018062,0.192099,0.205586,0,0,0,0
D45_edge-weighted_P3-D_F8_CU_E1,P3-D,P3-D,45,concentrated,edge-weighted,8,unlimited,1,1,0.6,,30,1505.7,41.635653,1490.154737,1521.245263,1504.266667,41.643755,1488.718379,1519.814954,0.999048,0.000862,0.998726,0.999369,1.433333,1.304722,0.946197,1.92047,3.7,0.749713,3.420084,3.979916,0.094795,0.020174,0.087263,0.102327,0,0,0,0,0,0,0,0,0,0,0,0,0.131411,0.004058,0.129896,0.132926,46.976667,3.824214,45.548842,48.404491,4596.2,112.487127,4554.201333,4638.198667,559.152222,5.02966,557.274327,561.030117,0.17128,0.020264,0.163714,0.178846,0.306327,0.027939,0.295896,0.316759
D45_edge-weighted_P0_F8_CU_E1p25,P0,P0,45,concentrated,edge-weighted,8,unlimited,1.25,0,0,,30,1505.7,41.635653,1490.154737,1521.245263,1504.266667,41.643755,1488.718379,1519.814954,0.999048,0.000862,0.998726,0.999369,1.433333,1.304722,0.946197,1.92047,3.7,0.749713,3.420084,3.979916,0.09375,0.019513,0.086464,0.101036,0,0,0,0,0,0,0,0,0,0,0,0,0.127327,0.003579,0.125991,0.128663,96.25,8.143646,93.209454,99.290546,6131.641667,168.912966,6068.57561,6194.707723,1064.304907,32.155267,1052.299282,1076.310533,0.454986,0.007505,0.452184,0.457789,0,0,0,0
D45_edge-weighted_P1_F8_CU_E1p25,P1,P1,45,concentrated,edge-weighted,8,unlimited,1.25,0,0,,30,1505.7,41.635653,1490.154737,1521.245263,1504.266667,41.643755,1488.718379,1519.814954,0.999048,0.000862,0.998726,0.999369,1.433333,1.304722,0.946197,1.92047,3.733333,0.73968,3.457163,4.009503,0.095111,0.020474,0.087467,0.102755,0,0,0,0,0,0,0,0,0,0,0,0,0.13383,0.003662,0.132463,0.135197,68.75,5.81689,66.578182,70.921818,5226.741667,145.216986,5172.522841,5280.960492,232.29963,6.454088,229.889904,234.709355,0.408742,0.007867,0.405805,0.41168,0,0,0,0
D45_edge-weighted_P2-B34_F8_CU_E1p25,P2,P2-B34,45,concentrated,edge-weighted,8,unlimited,1.25,0,0,34,30,1505.7,41.635653,1490.154737,1521.245263,1461.533333,21.886436,1453.361721,1469.704945,0.971094,0.018492,0.96419,0.977998,44.166667,29.035155,33.325979,55.007354,49.5,26.228111,39.707362,59.292638,35.984966,35.573828,22.702971,49.26696,179.056667,140.892135,126.452586,231.660747,0,0,0,0,0,0,0,0,0.129364,0.002043,0.128601,0.130127,33.75,0,33.75,33.75,5523.416667,75.983,5495.047334,5551.785999,643.814352,4.043137,642.304789,645.323914,0.094007,0.00729,0.091285,0.096729,0,0,0,0
D45_edge-weighted_P3-D_F8_CU_E1p25,P3-D,P3-D,45,concentrated,edge-weighted,8,unlimited,1.25,1,0.6,,30,1505.7,41.635653,1490.154737,1521.245263,1430.6,13.304394,1425.632615,1435.567385,0.950714,0.023369,0.941989,0.959439,75.1,36.928963,61.312047,88.887953,75.1,36.928963,61.312047,88.887953,30.766111,25.261724,21.334287,40.197935,220.328333,165.604727,158.497455,282.159211,0,0,0,0,0,0,0,0,0.127317,0.001312,0.126827,0.127807,54.333333,4.473742,52.662998,56.003668,5362.141667,44.91643,5345.371479,5378.911854,592.692407,2.055161,591.925084,593.459731,0.072788,0.001806,0.072114,0.073463,0.141358,0.016703,0.135122,0.147594
D80_centered_P0_F2_C1_E0p75,P0,P0,80,concentrated,centered,2,1,0.75,0,0,,30,2692,68.433204,2666.449491,2717.550509,1611.4,3.970581,1609.917527,1612.882473,0.598948,0.014706,0.593457,0.604439,1080.6,67.247664,1055.492129,1105.707871,1080.733333,67.241168,1055.627888,1105.838779,1587.252761,106.297455,1547.565095,1626.940426,3778.526667,161.368291,3718.277522,3838.775811,0.37878,0.013772,0.373638,0.383922,1,0,1,1,0.517682,0.001147,0.517254,0.518111,64.155,1.442062,63.616586,64.693414,4085.055,15.174288,4079.389464,4090.720536,858.528,11.166402,854.358865,862.697135,0.57736,0.006963,0.57476,0.57996,0,0,0,0
D80_centered_P1_F2_C1_E0p75,P1,P1,80,concentrated,centered,2,1,0.75,0,0,,30,2692,68.433204,2666.449491,2717.550509,1611.4,3.970581,1609.917527,1612.882473,0.598948,0.014706,0.593457,0.604439,1080.6,67.247664,1055.492129,1105.707871,1080.733333,67.241168,1055.627888,1105.838779,1587.252761,106.297455,1547.565095,1626.940426,3778.526667,161.368291,3718.277522,3838.775811,0.37878,0.013772,0.373638,0.383922,1,0,1,1,0.517682,0.001147,0.517254,0.518111,51.625,2.06501,50.853999,52.396001,3889.655,14.51348,3884.236186,3895.073814,678.868556,9.037414,675.494309,682.242802,0.349917,0.008651,0.346687,0.353147,0,0,0,0
D80_centered_P2-B34_F2_C1_E0p75,P2,P2-B34,80,concentrated,centered,2,1,0.75,0,0,34,30,2692,68.433204,2666.449491,2717.550509,1519.2,4.915843,1517.3646,1521.0354,0.564682,0.014062,0.559431,0.569932,1172.8,67.858067,1147.464226,1198.135774,1172.833333,67.880769,1147.489084,1198.177583,1765.249897,103.729167,1726.521139,1803.978656,4093.005,161.197378,4032.819668,4153.190332,0.37128,0.016603,0.365081,0.377479,1,0,1,1,0.517099,0.001286,0.516619,0.517579,33.6,0,33.6,33.6,3632.915,10.037423,3629.167386,3636.662614,564.662889,0.446108,564.496328,564.82945,0.351892,0.004819,0.350093,0.353691,0,0,0,0
D80_centered_P3-D_F2_C1_E0p75,P3-D,P3-D,80,concentrated,centered,2,1,0.75,1,0.6,,30,2692,68.433204,2666.449491,2717.550509,1503.266667,4.242099,1501.682819,1504.850515,0.558763,0.014073,0.553509,0.564018,1188.733333,68.246477,1163.252541,1214.214125,1188.733333,68.246477,1163.252541,1214.214125,1777.97859,106.121311,1738.35669,1817.600489,4153.426667,164.59818,4091.971597,4214.881736,0.370682,0.013168,0.365765,0.375598,1,0,1,1,0.517025,0.001215,0.516572,0.517479,39.9,0,39.9,39.9,3554.26,9.279553,3550.795347,3557.724653,513.392111,0.412425,513.238127,513.546096,0.311998,0.004819,0.310198,0.313797,0.397685,0.009677,0.394072,0.401298
D80_centered_P0_F2_C1_E1,P0,P0,80,concentrated,centered,2,1,1,0,0,,30,2692,68.433204,2666.449491,2717.550509,1611.4,3.970581,1609.917527,1612.882473,0.598948,0.014706,0.593457,0.604439,1080.6,67.247664,1055.492129,1105.707871,1080.733333,67.241168,1055.627888,1105.838779,1587.252761,106.297455,1547.565095,1626.940426,3778.526667,161.368291,3718.277522,3838.775811,0.37878,0.013772,0.373638,0.383922,1,0,1,1,0.517682,0.001147,0.517254,0.518111,85.54,1.922749,84.822114,86.257886,5446.74,20.232384,5439.185952,5454.294048,1144.704,14.888536,1139.145154,1150.262846,0.57736,0.006963,0.57476,0.57996,0,0,0,0
D80_centered_P1_F2_C1_E1,P1,P1,80,concentrated,centered,2,1,1,0,0,,30,2692,68.433204,2666.449491,2717.550509,1379.866667,3.059562,1378.724336,1381.008998,0.512896,0.012872,0.50809,0.517702,1312.133333,68.210998,1286.665788,1337.600879,1312.166667,68.169709,1286.714537,1337.618796,2060.863913,106.216467,2021.206486,2100.521341,4604.73,155.260583,4546.761255,4662.698745,0.39025,0.0173,0.383791,0.396709,1,0,1,1,0.514994,0.00086,0.514673,0.515315,51.733333,1.284747,51.253655,52.213012,3780.56,10.718904,3776.557945,3784.562055,168.024889,0.476396,167.84702,168.202758,0.544094,0.008921,0.540763,0.547425,0,0,0,0
D80_centered_P2-B34_F2_C1_E1,P2,P2-B34,80,concentrated,centered,2,1,1,0,0,34,30,2692,68.433204,2666.449491,2717.550509,1482.933333,3.341828,1481.685614,1484.181052,0.551202,0.013706,0.546085,0.55632,1209.066667,67.813097,1183.747683,1234.38565,1209.1,67.837712,1183.771826,1234.428174,1839.622487,106.689566,1799.788422,1879.456553,4226.048333,162.138489,4165.511624,4286.585042,0.37132,0.018789,0.364305,0.378335,1,0,1,1,0.516848,0.001309,0.516359,0.517336,33.6,0,33.6,33.6,4606.606667,9.397686,4603.097907,4610.115426,607.938074,0.417675,607.782129,608.094019,0.264906,0.002874,0.263833,0.265979,0,0,0,0
D80_centered_P3-D_F2_C1_E1,P3-D,P3-D,80,concentrated,centered,2,1,1,1,0.6,,30,2692,68.433204,2666.449491,2717.550509,1462.966667,3.699798,1461.585294,1464.348039,0.543778,0.013436,0.538762,0.548795,1229.033333,67.642306,1203.778117,1254.28855,1229.033333,67.642306,1203.778117,1254.28855,1855.636092,105.077127,1816.404053,1894.86813,4294.801667,159.970901,4235.074258,4354.529076,0.380267,0.015125,0.37462,0.385914,1,0,1,1,0.516172,0.001106,0.515759,0.516585,39.226667,0.101483,39.188776,39.264557,4484.67,9.960583,4480.951075,4488.388925,554.218667,0.442693,554.053381,554.383952,0.191073,0.002004,0.190325,0.191821,0.314969,0.000845,0.314654,0.315285
D80_centered_P0_F2_C1_E1p25,P0,P0,80,concentrated,centered,2,1,1.25,0,0,,30,2692,68.433204,2666.449491,2717.550509,1611.4,3.970581,1609.917527,1612.882473,0.598948,0.014706,0.593457,0.604439,1080.6,67.247664,1055.492129,1105.707871,1080.733333,67.241168,1055.627888,1105.838779,1587.252761,106.297455,1547.565095,1626.940426,3778.526667,161.368291,3718.277522,3838.775811,0.37878,0.013772,0.373638,0.383922,1,0,1,1,0.517682,0.001147,0.517254,0.518111,106.925,2.403437,106.027643,107.822357,6808.425,25.290481,6798.98244,6817.86756,1430.88,18.61067,1423.931442,1437.828558,0.57736,0.006963,0.57476,0.57996,0,0,0,0
D80_centered_P1_F2_C1_E1p25,P1,P1,80,concentrated,centered,2,1,1.25,0,0,,30,2692,68.433204,2666.449491,2717.550509,1379.866667,3.059562,1378.724336,1381.008998,0.512896,0.012872,0.50809,0.517702,1312.133333,68.210998,1286.665788,1337.600879,1312.166667,68.169709,1286.714537,1337.618796,2060.863913,106.216467,2021.206486,2100.521341,4604.73,155.260583,4546.761255,4662.698745,0.39025,0.0173,0.383791,0.396709,1,0,1,1,0.514994,0.00086,0.514673,0.515315,64.666667,1.605934,64.067069,65.266265,4725.7,13.39863,4720.697431,4730.702569,210.031111,0.595495,209.808775,210.253448,0.544094,0.008921,0.540763,0.547425,0,0,0,0
D80_centered_P2-B34_F2_C1_E1p25,P2,P2-B34,80,concentrated,centered,2,1,1.25,0,0,34,30,2692,68.433204,2666.449491,2717.550509,1448.233333,3.811809,1446.81014,1449.656526,0.538302,0.013317,0.53333,0.543274,1243.766667,67.669931,1218.501136,1269.032197,1243.8,67.690676,1218.526724,1269.073276,1909.495422,105.63707,1870.054321,1948.936524,4346.071667,160.472074,4286.157137,4405.986196,0.38678,0.015515,0.380987,0.392573,1,0,1,1,0.516004,0.001011,0.515626,0.516382,33.25,0,33.25,33.25,5487.7875,12.864854,5482.984224,5492.590776,642.901667,0.571771,642.688188,643.115146,0.119651,0.001807,0.118977,0.120326,0,0,0,0
D80_centered_P3-D_F2_C1_E1p25,P3-D,P3-D,80,concentrated,centered,2,1,1.25,1,0.6,,30,2692,68.433204,2666.449491,2717.550509,1433.133333,3.350073,1431.882536,1434.384131,0.53269,0.013156,0.527777,0.537602,1258.866667,67.637336,1233.613306,1284.120027,1258.9,67.658549,1233.638719,1284.161281,1921.611404,105.139257,1882.356168,1960.866639,4399.568333,161.506539,4339.267572,4459.869094,0.393141,0.015311,0.387424,0.398858,1,0,1,1,0.515605,0.001073,0.515204,0.516005,39.875,0,39.875,39.875,5370.825,11.306496,5366.603559,5375.046441,593.078333,0.502511,592.890714,593.265953,0.072173,0.0004,0.072023,0.072322,0.116204,0.002225,0.115373,0.117035
D80_centered_P0_F2_C2_E0p75,P0,P0,80,concentrated,centered,2,2,0.75,0,0,,30,2692,68.433204,2666.449491,2717.550509,1655.366667,4.021351,1653.865238,1656.868095,0.615295,0.01531,0.609579,0.621011,1036.633333,67.769632,1011.330578,1061.936088,1036.8,67.659085,1011.538519,1062.061481,1498.863993,107.229095,1458.828487,1538.8995,3621.87,163.948536,3560.657484,3683.082516,0,0,0,0,0,0,0,0,0.531798,0.001172,0.531361,0.532236,65.415,1.768847,64.754576,66.075424,4196.5525,14.887446,4190.99406,4202.11094,881.998444,11.120924,877.84629,886.150599,0.577392,0.006847,0.574836,0.579949,0,0,0,0
D80_centered_P1_F2_C2_E0p75,P1,P1,80,concentrated,centered,2,2,0.75,0,0,,30,2692,68.433204,2666.449491,2717.550509,1655.366667,4.021351,1653.865238,1656.868095,0.615295,0.01531,0.609579,0.621011,1036.633333,67.769632,1011.330578,1061.936088,1036.8,67.659085,1011.538519,1062.061481,1498.863993,107.229095,1458.828487,1538.8995,3621.87,163.948536,3560.657484,3683.082516,0,0,0,0,0,0,0,0,0.531798,0.001172,0.531361,0.532236,52.78,1.928891,52.059821,53.500179,3995.8925,14.690598,3990.407556,4001.377444,697.502722,9.025282,694.133005,700.872439,0.349993,0.00853,0.346808,0.353177,0,0,0,0
D80_centered_P2-B34_F2_C2_E0p75,P2,P2-B34,80,concentrated,centered,2,2,0.75,0,0,34,30,2692,68.433204,2666.449491,2717.550509,1553.466667,4.133407,1551.9234,1555.009933,0.577417,0.014267,0.57209,0.582743,1138.533333,67.56082,1113.308541,1163.758125,1138.6,67.493857,1113.40021,1163.79979,1696.581542,104.845385,1657.436028,1735.727056,3974.123333,158.63362,3914.895217,4033.35145,0,0,0,0,0,0,0,0,0.530041,0.001153,0.52961,0.530471,33.6,0,33.6,33.6,3706.7,8.982512,3703.346252,3710.053748,567.942222,0.399223,567.793167,568.091278,0.343515,0.00439,0.341876,0.345154,0,0,0,0
D80_centered_P3-D_F2_C2_E0p75,P3-D,P3-D,80,concentrated,centered,2,2,0.75,1,0.6,,30,2692,68.433204,2666.449491,2717.550509,1536.733333,4.322622,1535.119421,1538.347246,0.571197,0.014125,0.565923,0.57647,1155.266667,67.578783,1130.035168,1180.498166,1155.333333,67.633053,1130.081572,1180.585095,1708.048685,105.013832,1668.840279,1747.257092,4034.273333,159.969841,3974.54632,4094.000347,0,0,0,0,0,0,0,0,0.529808,0.00111,0.529393,0.530222,39.9,0,39.9,39.9,3626.64,9.193679,3623.207409,3630.072591,516.609,0.408608,516.45644,516.76156,0.30971,0.006512,0.307279,0.312141,0.379938,0.009174,0.376513,0.383363
D80_centered_P0_F2_C2_E1,P0,P0,80,concentrated,centered,2,2,1,0,0,,30,2692,68.433204,2666.449491,2717.550509,1655.366667,4.021351,1653.865238,1656.868095,0.615295,0.01531,0.609579,0.621011,1036.633333,67.769632,1011.330578,1061.936088,1036.8,67.659085,1011.538519,1062.061481,1498.863993,107.229095,1458.828487,1538.8995,3621.87,163.948536,3560.657484,3683.082516,0,0,0,0,0,0,0,0,0.531798,0.001172,0.531361,0.532236,87.22,2.358462,86.339435,88.100565,5595.403333,19.849928,5587.992081,5602.814586,1175.997926,14.827898,1170.461719,1181.534132,0.577392,0.006847,0.574836,0.579949,0,0,0,0
D80_centered_P1_F2_C2_E1,P1,P1,80,concentrated,centered,2,2,1,0,0,,30,2692,68.433204,2666.449491,2717.550509,1411.833333,2.742807,1410.809267,1412.857399,0.524783,0.013378,0.519788,0.529778,1280.166667,68.822151,1254.470939,1305.862395,1280.166667,68.822151,1254.470939,1305.862395,1991.754991,107.148621,1951.749531,2031.760451,4486.391667,162.655694,4425.661852,4547.121481,0,0,0,0,0,0,0,0,0.526923,0.000604,0.526697,0.527148,52.466667,0.973204,52.103307,52.830026,3868.223333,9.938455,3864.51267,3871.933997,171.921037,0.441709,171.756119,172.085955,0.543895,0.008764,0.540622,0.547167,0,0,0,0
D80_centered_P2-B34_F2_C2_E1,P2,P2-B34,80,concentrated,centered,2,2,1,0,0,34,30,2692,68.433204,2666.449491,2717.550509,1514.3,3.534558,1512.980322,1515.619678,0.562868,0.014302,0.557529,0.568208,1177.7,68.657646,1152.065692,1203.334308,1177.733333,68.628401,1152.109944,1203.356722,1773.98541,106.191984,1734.337124,1813.633696,4112.536667,163.134864,4051.627947,4173.445386,0,0,0,0,0,0,0,0,0.52922,0.001076,0.528818,0.529622,33.6,0,33.6,33.6,4692.45,9.632372,4688.853617,4696.046383,611.753333,0.428105,611.593494,611.913173,0.251713,0.002503,0.250778,0.252647,0,0,0,0
D80_centered_P3-D_F2_C2_E1,P3-D,P3-D,80,concentrated,centered,2,2,1,1,0.6,,30,2692,68.433204,2666.449491,2717.550509,1495.333333,3.447471,1494.046171,1496.620496,0.555807,0.013632,0.550717,0.560896,1196.666667,67.307495,1171.536457,1221.796876,1196.733333,67.23604,1171.629802,1221.836864,1789.15142,105.915957,1749.606192,1828.696647,4178.123333,165.630318,4116.282901,4239.963766,0,0,0,0,0,0,0,0,0.528837,0.001139,0.528412,0.529262,39.226667,0.101483,39.188776,39.264557,4572.02,9.322365,4568.539363,4575.500637,558.100889,0.414327,557.946194,558.255584,0.174857,0.001645,0.174243,0.175472,0.31466,0.000845,0.314345,0.314976
D80_centered_P0_F2_C2_E1p25,P0,P0,80,concentrated,centered,2,2,1.25,0,0,,30,2692,68.433204,2666.449491,2717.550509,1655.366667,4.021351,1653.865238,1656.868095,0.615295,0.01531,0.609579,0.621011,1036.633333,67.769632,1011.330578,1061.936088,1036.8,67.659085,1011.538519,1062.061481,1498.863993,107.229095,1458.828487,1538.8995,3621.87,163.948536,3560.657484,3683.082516,0,0,0,0,0,0,0,0,0.531798,0.001172,0.531361,0.532236,109.025,2.948078,107.924293,110.125707,6994.254167,24.81241,6984.990101,7003.518233,1469.997407,18.534873,1463.077149,1476.917666,0.577392,0.006847,0.574836,0.579949,0,0,0,0
D80_centered_P1_F2_C2_E1p25,P1,P1,80,concentrated,centered,2,2,1.25,0,0,,30,2692,68.433204,2666.449491,2717.550509,1411.833333,2.742807,1410.809267,1412.857399,0.524783,0.013378,0.519788,0.529778,1280.166667,68.822151,1254.470939,1305.862395,1280.166667,68.822151,1254.470939,1305.862395,1991.754991,107.148621,1951.749531,2031.760451,4486.391667,162.655694,4425.661852,4547.121481,0,0,0,0,0,0,0,0,0.526923,0.000604,0.526697,0.527148,65.583333,1.216505,65.129134,66.037533,4835.279167,12.423069,4830.640837,4839.917496,214.901296,0.552136,214.695148,215.107444,0.543895,0.008764,0.540622,0.547167,0,0,0,0
D80_centered_P2-B34_F2_C2_E1p25,P2,P2-B34,80,concentrated,centered,2,2,1.25,0,0,34,30,2692,68.433204,2666.449491,2717.550509,1480.666667,3.16591,1479.484629,1481.848704,0.550362,0.013782,0.545216,0.555508,1211.333333,68.129862,1185.896081,1236.770586,1211.366667,68.154228,1185.920317,1236.813016,1843.582934,107.142911,1803.579606,1883.586263,4233.893333,163.455164,4172.865025,4294.921642,0,0,0,0,0,0,0,0,0.528824,0.001004,0.528449,0.529199,33.25,0,33.25,33.25,5597.25,10.684948,5593.260623,5601.239377,647.766667,0.474887,647.589361,647.943972,0.104594,0.00144,0.104057,0.105132,0,0,0,0
D80_centered_P3-D_F2_C2_E1p25,P3-D,P3-D,80,concentrated,centered,2,2,1.25,1,0.6,,30,2692,68.433204,2666.449491,2717.550509,1465.2,4.221456,1463.623859,1466.776141,0.544606,0.013356,0.539619,0.549592,1226.8,67.347478,1201.654862,1251.945138,1226.9,67.352572,1201.75296,1252.04704,1856.368959,103.176876,1817.846406,1894.891512,4288.97,158.567718,4229.766489,4348.173511,0,0,0,0,0,0,0,0,0.528257,0.001034,0.52787,0.528643,39.875,0,39.875,39.875,5479.05,14.247414,5473.730526,5484.369474,597.888333,0.633218,597.651912,598.124754,0.071038,0.000099,0.071,0.071075,0.09537,0.004316,0.093759,0.096982
D80_centered_P0_F2_CU_E0p75,P0,P0,80,concentrated,centered,2,unlimited,0.75,0,0,,30,2692,68.433204,2666.449491,2717.550509,1655.366667,4.021351,1653.865238,1656.868095,0.615295,0.01531,0.609579,0.621011,1036.633333,67.769632,1011.330578,1061.936088,1036.8,67.659085,1011.538519,1062.061481,1498.863993,107.229095,1458.828487,1538.8995,3621.87,163.948536,3560.657484,3683.082516,0,0,0,0,0,0,0,0,0.531798,0.001172,0.531361,0.532236,65.415,1.768847,64.754576,66.075424,4196.5525,14.887446,4190.99406,4202.11094,881.998444,11.120924,877.84629,886.150599,0.577392,0.006847,0.574836,0.579949,0,0,0,0
D80_centered_P1_F2_CU_E0p75,P1,P1,80,concentrated,centered,2,unlimited,0.75,0,0,,30,2692,68.433204,2666.449491,2717.550509,1655.366667,4.021351,1653.865238,1656.868095,0.615295,0.01531,0.609579,0.621011,1036.633333,67.769632,1011.330578,1061.936088,1036.8,67.659085,1011.538519,1062.061481,1498.863993,107.229095,1458.828487,1538.8995,3621.87,163.948536,3560.657484,3683.082516,0,0,0,0,0,0,0,0,0.531798,0.001172,0.531361,0.532236,52.78,1.928891,52.059821,53.500179,3995.8925,14.690598,3990.407556,4001.377444,697.502722,9.025282,694.133005,700.872439,0.349993,0.00853,0.346808,0.353177,0,0,0,0
D80_centered_P2-B34_F2_CU_E0p75,P2,P2-B34,80,concentrated,centered,2,unlimited,0.75,0,0,34,30,2692,68.433204,2666.449491,2717.550509,1553.466667,4.133407,1551.9234,1555.009933,0.577417,0.014267,0.57209,0.582743,1138.533333,67.56082,1113.308541,1163.758125,1138.6,67.493857,1113.40021,1163.79979,1696.581542,104.845385,1657.436028,1735.727056,3974.123333,158.63362,3914.895217,4033.35145,0,0,0,0,0,0,0,0,0.530041,0.001153,0.52961,0.530471,33.6,0,33.6,33.6,3706.7,8.982512,3703.346252,3710.053748,567.942222,0.399223,567.793167,568.091278,0.343515,0.00439,0.341876,0.345154,0,0,0,0
D80_centered_P3-D_F2_CU_E0p75,P3-D,P3-D,80,concentrated,centered,2,unlimited,0.75,1,0.6,,30,2692,68.433204,2666.449491,2717.550509,1536.733333,4.322622,1535.119421,1538.347246,0.571197,0.014125,0.565923,0.57647,1155.266667,67.578783,1130.035168,1180.498166,1155.333333,67.633053,1130.081572,1180.585095,1708.048685,105.013832,1668.840279,1747.257092,4034.273333,159.969841,3974.54632,4094.000347,0,0,0,0,0,0,0,0,0.529808,0.00111,0.529393,0.530222,39.9,0,39.9,39.9,3626.64,9.193679,3623.207409,3630.072591,516.609,0.408608,516.45644,516.76156,0.30971,0.006512,0.307279,0.312141,0.379938,0.009174,0.376513,0.383363
D80_centered_P0_F2_CU_E1,P0,P0,80,concentrated,centered,2,unlimited,1,0,0,,30,2692,68.433204,2666.449491,2717.550509,1655.366667,4.021351,1653.865238,1656.868095,0.615295,0.01531,0.609579,0.621011,1036.633333,67.769632,1011.330578,1061.936088,1036.8,67.659085,1011.538519,1062.061481,1498.863993,107.229095,1458.828487,1538.8995,3621.87,163.948536,3560.657484,3683.082516,0,0,0,0,0,0,0,0,0.531798,0.001172,0.531361,0.532236,87.22,2.358462,86.339435,88.100565,5595.403333,19.849928,5587.992081,5602.814586,1175.997926,14.827898,1170.461719,1181.534132,0.577392,0.006847,0.574836,0.579949,0,0,0,0
D80_centered_P1_F2_CU_E1,P1,P1,80,concentrated,centered,2,unlimited,1,0,0,,30,2692,68.433204,2666.449491,2717.550509,1411.833333,2.742807,1410.809267,1412.857399,0.524783,0.013378,0.519788,0.529778,1280.166667,68.822151,1254.470939,1305.862395,1280.166667,68.822151,1254.470939,1305.862395,1991.754991,107.148621,1951.749531,2031.760451,4486.391667,162.655694,4425.661852,4547.121481,0,0,0,0,0,0,0,0,0.526923,0.000604,0.526697,0.527148,52.466667,0.973204,52.103307,52.830026,3868.223333,9.938455,3864.51267,3871.933997,171.921037,0.441709,171.756119,172.085955,0.543895,0.008764,0.540622,0.547167,0,0,0,0
D80_centered_P2-B34_F2_CU_E1,P2,P2-B34,80,concentrated,centered,2,unlimited,1,0,0,34,30,2692,68.433204,2666.449491,2717.550509,1514.3,3.534558,1512.980322,1515.619678,0.562868,0.014302,0.557529,0.568208,1177.7,68.657646,1152.065692,1203.334308,1177.733333,68.628401,1152.109944,1203.356722,1773.98541,106.191984,1734.337124,1813.633696,4112.536667,163.134864,4051.627947,4173.445386,0,0,0,0,0,0,0,0,0.52922,0.001076,0.528818,0.529622,33.6,0,33.6,33.6,4692.45,9.632372,4688.853617,4696.046383,611.753333,0.428105,611.593494,611.913173,0.251713,0.002503,0.250778,0.252647,0,0,0,0
D80_centered_P3-D_F2_CU_E1,P3-D,P3-D,80,concentrated,centered,2,unlimited,1,1,0.6,,30,2692,68.433204,2666.449491,2717.550509,1495.333333,3.447471,1494.046171,1496.620496,0.555807,0.013632,0.550717,0.560896,1196.666667,67.307495,1171.536457,1221.796876,1196.733333,67.23604,1171.629802,1221.836864,1789.15142,105.915957,1749.606192,1828.696647,4178.123333,165.630318,4116.282901,4239.963766,0,0,0,0,0,0,0,0,0.528837,0.001139,0.528412,0.529262,39.226667,0.101483,39.188776,39.264557,4572.02,9.322365,4568.539363,4575.500637,558.100889,0.414327,557.946194,558.255584,0.174857,0.001645,0.174243,0.175472,0.31466,0.000845,0.314345,0.314976
D80_centered_P0_F2_CU_E1p25,P0,P0,80,concentrated,centered,2,unlimited,1.25,0,0,,30,2692,68.433204,2666.449491,2717.550509,1655.366667,4.021351,1653.865238,1656.868095,0.615295,0.01531,0.609579,0.621011,1036.633333,67.769632,1011.330578,1061.936088,1036.8,67.659085,1011.538519,1062.061481,1498.863993,107.229095,1458.828487,1538.8995,3621.87,163.948536,3560.657484,3683.082516,0,0,0,0,0,0,0,0,0.531798,0.001172,0.531361,0.532236,109.025,2.948078,107.924293,110.125707,6994.254167,24.81241,6984.990101,7003.518233,1469.997407,18.534873,1463.077149,1476.917666,0.577392,0.006847,0.574836,0.579949,0,0,0,0
D80_centered_P1_F2_CU_E1p25,P1,P1,80,concentrated,centered,2,unlimited,1.25,0,0,,30,2692,68.433204,2666.449491,2717.550509,1411.833333,2.742807,1410.809267,1412.857399,0.524783,0.013378,0.519788,0.529778,1280.166667,68.822151,1254.470939,1305.862395,1280.166667,68.822151,1254.470939,1305.862395,1991.754991,107.148621,1951.749531,2031.760451,4486.391667,162.655694,4425.661852,4547.121481,0,0,0,0,0,0,0,0,0.526923,0.000604,0.526697,0.527148,65.583333,1.216505,65.129134,66.037533,4835.279167,12.423069,4830.640837,4839.917496,214.901296,0.552136,214.695148,215.107444,0.543895,0.008764,0.540622,0.547167,0,0,0,0
D80_centered_P2-B34_F2_CU_E1p25,P2,P2-B34,80,concentrated,centered,2,unlimited,1.25,0,0,34,30,2692,68.433204,2666.449491,2717.550509,1480.666667,3.16591,1479.484629,1481.848704,0.550362,0.013782,0.545216,0.555508,1211.333333,68.129862,1185.896081,1236.770586,1211.366667,68.154228,1185.920317,1236.813016,1843.582934,107.142911,1803.579606,1883.586263,4233.893333,163.455164,4172.865025,4294.921642,0,0,0,0,0,0,0,0,0.528824,0.001004,0.528449,0.529199,33.25,0,33.25,33.25,5597.25,10.684948,5593.260623,5601.239377,647.766667,0.474887,647.589361,647.943972,0.104594,0.00144,0.104057,0.105132,0,0,0,0
D80_centered_P3-D_F2_CU_E1p25,P3-D,P3-D,80,concentrated,centered,2,unlimited,1.25,1,0.6,,30,2692,68.433204,2666.449491,2717.550509,1465.2,4.221456,1463.623859,1466.776141,0.544606,0.013356,0.539619,0.549592,1226.8,67.347478,1201.654862,1251.945138,1226.9,67.352572,1201.75296,1252.04704,1856.368959,103.176876,1817.846406,1894.891512,4288.97,158.567718,4229.766489,4348.173511,0,0,0,0,0,0,0,0,0.528257,0.001034,0.52787,0.528643,39.875,0,39.875,39.875,5479.05,14.247414,5473.730526,5484.369474,597.888333,0.633218,597.651912,598.124754,0.071038,0.000099,0.071,0.071075,0.09537,0.004316,0.093759,0.096982
D80_centered_P0_F4_C1_E0p75,P0,P0,80,concentrated,centered,4,1,0.75,0,0,,30,2692,68.433204,2666.449491,2717.550509,1792.933333,7.995401,1789.948137,1795.91853,0.666406,0.015821,0.660499,0.672312,899.066667,65.525953,874.601621,923.531713,899.266667,65.474361,874.820884,923.71245,1227.522294,96.970328,1191.317044,1263.727544,3138.485,166.583323,3076.288749,3200.681251,11.581519,0.11644,11.538044,11.624994,3,0,3,3,0.288001,0.001186,0.287558,0.288443,70.525,1.788794,69.857128,71.192872,4545.215,24.578802,4536.038155,4554.391845,955.192056,12.974407,950.347876,960.036235,0.577325,0.006723,0.574815,0.579835,0,0,0,0
D80_centered_P1_F4_C1_E0p75,P1,P1,80,concentrated,centered,4,1,0.75,0,0,,30,2692,68.433204,2666.449491,2717.550509,1792.933333,7.995401,1789.948137,1795.91853,0.666406,0.015821,0.660499,0.672312,899.066667,65.525953,874.601621,923.531713,899.266667,65.474361,874.820884,923.71245,1227.522294,96.970328,1191.317044,1263.727544,3138.485,166.583323,3076.288749,3200.681251,11.581519,0.11644,11.538044,11.624994,3,0,3,3,0.288001,0.001186,0.287558,0.288443,56.77,2.658221,55.777515,57.762485,4327.875,24.378075,4318.773099,4336.976901,755.36,11.597383,751.029952,759.690048,0.349857,0.009713,0.346231,0.353484,0,0,0,0
D80_centered_P2-B34_F4_C1_E0p75,P2,P2-B34,80,concentrated,centered,4,1,0.75,0,0,34,30,2692,68.433204,2666.449491,2717.550509,1665.7,4.713517,1663.940141,1667.459859,0.619136,0.015414,0.613381,0.624891,1026.3,67.802528,1000.984963,1051.615037,1026.366667,67.801171,1001.052136,1051.681197,1464.291466,104.15868,1425.402343,1503.180589,3575.3,162.32986,3514.69184,3635.90816,12.653632,0.066903,12.628653,12.678612,3,0,3,3,0.285807,0.00071,0.285541,0.286072,33.6,0,33.6,33.6,3946.8175,9.976209,3943.092741,3950.542259,578.614111,0.443387,578.448566,578.779656,0.317502,0.005741,0.315358,0.319645,0,0,0,0
D80_centered_P3-D_F4_C1_E0p75,P3-D,P3-D,80,concentrated,centered,4,1,0.75,1,0.6,,30,2692,68.433204,2666.449491,2717.550509,1647.933333,5.284547,1645.960273,1649.906394,0.61253,0.015209,0.606852,0.618209,1044.066667,67.660376,1018.804704,1069.328629,1044.166667,67.611509,1018.922949,1069.410384,1480.03044,104.31111,1441.084405,1518.976475,3638.831667,166.861118,3576.531697,3701.131636,12.797913,0.07576,12.769627,12.826199,3,0,3,3,0.285384,0.000756,0.285102,0.285666,39.9,0,39.9,39.9,3864.105,10.855239,3860.052042,3868.157958,527.163,0.482455,526.982869,527.343131,0.295672,0.00778,0.292767,0.298577,0.339352,0.004573,0.337644,0.341059
D80_centered_P0_F4_C1_E1,P0,P0,80,concentrated,centered,4,1,1,0,0,,30,2692,68.433204,2666.449491,2717.550509,1792.933333,7.995401,1789.948137,1795.91853,0.666406,0.015821,0.660499,0.672312,899.066667,65.525953,874.601621,923.531713,899.266667,65.474361,874.820884,923.71245,1227.522294,96.970328,1191.317044,1263.727544,3138.485,166.583323,3076.288749,3200.681251,11.581519,0.11644,11.538044,11.624994,3,0,3,3,0.288001,0.001186,0.287558,0.288443,94.033333,2.385059,93.142838,94.923829,6060.286667,32.771736,6048.050873,6072.52246,1273.589407,17.299209,1267.130502,1280.048313,0.577325,0.006723,0.574815,0.579835,0,0,0,0
D80_centered_P1_F4_C1_E1,P1,P1,80,concentrated,centered,4,1,1,0,0,,30,2692,68.433204,2666.449491,2717.550509,1515.4,3.058059,1514.25823,1516.54177,0.563275,0.014209,0.55797,0.56858,1176.6,68.43401,1151.04919,1202.15081,1176.666667,68.429845,1151.117412,1202.215922,1773.852093,107.460311,1733.730259,1813.973927,4115.021667,162.719534,4054.268016,4175.775317,14.057234,0.045252,14.040339,14.07413,3,0,3,3,0.282779,0.000397,0.28263,0.282927,56.366667,1.188547,55.922906,56.810428,4152.106667,10.324057,4148.252033,4155.9613,184.538074,0.458847,184.366757,184.709391,0.543606,0.00837,0.540481,0.546731,0,0,0,0
D80_centered_P2-B34_F4_C1_E1,P2,P2-B34,80,concentrated,centered,4,1,1,0,0,34,30,2692,68.433204,2666.449491,2717.550509,1618.066667,5.342951,1616.0718,1620.061533,0.601432,0.01507,0.595805,0.607059,1073.933333,68.046603,1048.527167,1099.3395,1074,68.000507,1048.611044,1099.388956,1558.124151,105.928305,1518.574313,1597.673989,3744.916667,168.206309,3682.114451,3807.718882,13.068948,0.054921,13.048443,13.089453,3,0,3,3,0.284827,0.000653,0.284583,0.285071,33.6,0,33.6,33.6,4973.546667,14.439594,4968.155439,4978.937894,624.246519,0.64176,624.006908,624.486129,0.20343,0.002464,0.20251,0.20435,0,0,0,0
D80_centered_P3-D_F4_C1_E1,P3-D,P3-D,80,concentrated,centered,4,1,1,1,0.6,,30,2692,68.433204,2666.449491,2717.550509,1597.2,4.678638,1595.453164,1598.946836,0.593673,0.014701,0.588184,0.599161,1094.8,67.670296,1069.534333,1120.065667,1094.8,67.670296,1069.534333,1120.065667,1576.854008,104.083889,1537.99281,1615.715207,3812.915,162.799944,3752.131328,3873.698672,13.248102,0.068629,13.222479,13.273726,3,0,3,3,0.284349,0.000683,0.284094,0.284604,39.346667,0.196053,39.273467,39.419866,4847.046667,12.632081,4842.3303,4851.763034,570.324296,0.561426,570.11468,570.533913,0.128,0.002042,0.127237,0.128763,0.298302,0.005255,0.29634,0.300265
D80_centered_P0_F4_C1_E1p25,P0,P0,80,concentrated,centered,4,1,1.25,0,0,,30,2692,68.433204,2666.449491,2717.550509,1792.933333,7.995401,1789.948137,1795.91853,0.666406,0.015821,0.660499,0.672312,899.066667,65.525953,874.601621,923.531713,899.266667,65.474361,874.820884,923.71245,1227.522294,96.970328,1191.317044,1263.727544,3138.485,166.583323,3076.288749,3200.681251,11.581519,0.11644,11.538044,11.624994,3,0,3,3,0.288001,0.001186,0.287558,0.288443,117.541667,2.981324,116.428547,118.654786,7575.358333,40.964671,7560.063591,7590.653075,1591.986759,21.624011,1583.913127,1600.060391,0.577325,0.006723,0.574815,0.579835,0,0,0,0
D80_centered_P1_F4_C1_E1p25,P1,P1,80,concentrated,centered,4,1,1.25,0,0,,30,2692,68.433204,2666.449491,2717.550509,1515.4,3.058059,1514.25823,1516.54177,0.563275,0.014209,0.55797,0.56858,1176.6,68.43401,1151.04919,1202.15081,1176.666667,68.429845,1151.117412,1202.215922,1773.852093,107.460311,1733.730259,1813.973927,4115.021667,162.719534,4054.268016,4175.775317,14.057234,0.045252,14.040339,14.07413,3,0,3,3,0.282779,0.000397,0.28263,0.282927,70.458333,1.485684,69.903632,71.013034,5190.133333,12.905072,5185.315041,5194.951625,230.672593,0.573559,230.458446,230.886739,0.543606,0.00837,0.540481,0.546731,0,0,0,0
D80_centered_P2-B34_F4_C1_E1p25,P2,P2-B34,80,concentrated,centered,4,1,1.25,0,0,34,30,2692,68.433204,2666.449491,2717.550509,1581.6,3.953174,1580.124026,1583.075974,0.587878,0.014693,0.582392,0.593364,1110.4,68.060115,1084.988789,1135.811211,1110.466667,68.05765,1085.056376,1135.876957,1633.501857,105.206383,1594.221559,1672.782155,3873.093333,161.65822,3812.73594,3933.450727,13.405362,0.05951,13.383144,13.427581,3,0,3,3,0.284078,0.000596,0.283855,0.2843,33.25,0,33.25,33.25,5937.9,13.341963,5932.918589,5942.881411,662.906667,0.592976,662.685271,663.128063,0.075461,0.000742,0.075184,0.075738,0,0,0,0
D80_centered_P3-D_F4_C1_E1p25,P3-D,P3-D,80,concentrated,centered,4,1,1.25,1,0.6,,30,2692,68.433204,2666.449491,2717.550509,1489,0,1489,1489,0.553463,0.013959,0.548251,0.558675,1203,68.433204,1177.449491,1228.550509,1203,68.433204,1177.449491,1228.550509,1642.34625,104.340732,1603.389155,1681.303345,4118.5,165.741833,4056.617931,4180.382069,13.347347,0.045557,13.330338,13.364357,3,0,3,3,0.268741,0.000399,0.268592,0.268889,39.875,0,39.875,39.875,5559.375,0,5559.375,5559.375,601.458333,0,601.458333,601.458333,0.071001,0,0.071001,0.071001,0.064815,0,0.064815,0.064815
D80_centered_P0_F4_C2_E0p75,P0,P0,80,concentrated,centered,4,2,0.75,0,0,,30,2692,68.433204,2666.449491,2717.550509,2680.833333,64.364845,2656.801804,2704.864863,0.995894,0.004511,0.99421,0.997579,11.166667,12.684727,6.430644,15.90269,34.6,12.767415,29.833104,39.366896,27.377456,18.945808,20.303769,34.451142,88.766667,46.050149,71.573189,105.960144,0.38879,0.017814,0.382139,0.395441,2,0,2,2,0.430591,0.010291,0.426749,0.434433,119.63,4.014255,118.131221,121.128779,6795.3575,164.809033,6733.823706,6856.891294,1427.318389,38.617442,1412.900018,1441.73676,0.576954,0.006052,0.574694,0.579213,0,0,0,0
D80_centered_P1_F4_C2_E0p75,P1,P1,80,concentrated,centered,4,2,0.75,0,0,,30,2692,68.433204,2666.449491,2717.550509,2680.833333,64.364845,2656.801804,2704.864863,0.995894,0.004511,0.99421,0.997579,11.166667,12.684727,6.430644,15.90269,34.6,12.767415,29.833104,39.366896,27.377456,18.945808,20.303769,34.451142,88.766667,46.050149,71.573189,105.960144,0.38879,0.017814,0.382139,0.395441,2,0,2,2,0.430591,0.010291,0.426749,0.434433,93.52,4.033151,92.014166,95.025834,6472.3175,157.339086,6413.572716,6531.062284,1130.301056,32.087015,1118.320913,1142.281198,0.350294,0.009329,0.346811,0.353778,0,0,0,0
D80_centered_P2-B34_F4_C2_E0p75,P2,P2-B34,80,concentrated,centered,4,2,0.75,0,0,34,30,2692,68.433204,2666.449491,2717.550509,2519.666667,27.821269,2509.279201,2530.054133,0.936404,0.01894,0.929333,0.943476,172.333333,55.355486,151.665576,193.001091,175.633333,54.671106,155.221099,196.045568,245.494898,76.735956,216.844438,274.145358,602.265,197.279506,528.607893,675.922107,0.415985,0.01495,0.410403,0.421567,2,0,2,2,0.450624,0.005316,0.448639,0.452609,33.825,0,33.825,33.825,5706.34,57.771158,5684.770317,5727.909683,656.815111,2.567607,655.856459,657.773764,0.093834,0.003896,0.09238,0.095289,0,0,0,0
D80_centered_P3-D_F4_C2_E0p75,P3-D,P3-D,80,concentrated,centered,4,2,0.75,1,0.6,,30,2692,68.433204,2666.449491,2717.550509,2403.066667,16.943992,2396.740387,2409.392947,0.893125,0.019137,0.88598,0.90027,288.933333,59.084938,266.873132,310.993534,288.933333,59.084938,266.873132,310.993534,283.300172,73.879264,255.716298,310.884045,875.07,209.756053,796.754597,953.385403,0.413741,0.015669,0.407891,0.419591,2,0,2,2,0.432483,0.003289,0.431255,0.433711,43.5575,0.480712,43.378019,43.736981,5401.71,34.311583,5388.899283,5414.520717,595.501,1.524959,594.931635,596.070365,0.072046,0.000793,0.07175,0.072342,0.124074,0.005624,0.121974,0.126174
D80_centered_P0_F4_C2_E1,P0,P0,80,concentrated,centered,4,2,1,0,0,,30,2692,68.433204,2666.449491,2717.550509,2680.833333,64.364845,2656.801804,2704.864863,0.995894,0.004511,0.99421,0.997579,11.166667,12.684727,6.430644,15.90269,34.6,12.767415,29.833104,39.366896,27.377456,18.945808,20.303769,34.451142,88.766667,46.050149,71.573189,105.960144,0.38879,0.017814,0.382139,0.395441,2,0,2,2,0.430591,0.010291,0.426749,0.434433,159.506667,5.35234,157.508295,161.505039,9060.476667,219.745377,8978.431607,9142.521726,1903.091185,51.489922,1883.866691,1922.315679,0.576954,0.006052,0.574694,0.579213,0,0,0,0
D80_centered_P1_F4_C2_E1,P1,P1,80,concentrated,centered,4,2,1,0,0,,30,2692,68.433204,2666.449491,2717.550509,2480.633333,26.77941,2470.63486,2490.631806,0.921905,0.018896,0.91485,0.928961,211.366667,56.167535,190.395719,232.337614,215.2,56.138622,194.239848,236.160152,304.829613,78.338789,275.580713,334.078514,748.006667,204.611481,671.612063,824.401271,0.398724,0.015139,0.393072,0.404376,2,0,2,2,0.462895,0.00503,0.461017,0.464773,99.433333,2.207875,98.608992,100.257675,6797.123333,72.672253,6769.990115,6824.256552,302.09437,3.229878,300.88845,303.300291,0.543121,0.007115,0.540465,0.545778,0,0,0,0
D80_centered_P2-B34_F4_C2_E1,P2,P2-B34,80,concentrated,centered,4,2,1,0,0,34,30,2692,68.433204,2666.449491,2717.550509,2045.066667,24.085957,2036.073832,2054.059501,0.760016,0.015274,0.754313,0.765719,646.933333,56.43057,625.864178,668.002488,646.933333,56.43057,625.864178,668.002488,793.257105,58.577214,771.38647,815.12774,2165.388333,157.484914,2106.589103,2224.187564,0.458307,0.017133,0.45191,0.464703,2,0,2,2,0.368061,0.004675,0.366316,0.369807,34,0,34,34,6126.48,65.032084,6102.199347,6150.760653,675.488,2.890315,674.40886,676.56714,0.071069,0.000757,0.070786,0.071352,0,0,0,0
D80_centered_P3-D_F4_C2_E1,P3-D,P3-D,80,concentrated,centered,4,2,1,1,0.6,,30,2692,68.433204,2666.449491,2717.550509,1863.8,0.550861,1863.594328,1864.005672,0.692778,0.017504,0.686242,0.699313,828.2,68.521026,802.616701,853.783299,828.2,68.521026,802.616701,853.783299,883.636207,82.130105,852.971765,914.300649,2727.436667,188.292311,2657.135057,2797.738277,0.468093,0.01665,0.461876,0.47431,2,0,2,2,0.33632,0.000654,0.336076,0.336564,48.686667,5.715721,46.552621,50.820712,5567.02,1.511884,5566.455517,5567.584483,602.323111,0.067195,602.298023,602.348199,0.070997,0.000044,0.07098,0.071013,0.064969,0.000845,0.064654,0.065285
D80_centered_P0_F4_C2_E1p25,P0,P0,80,concentrated,centered,4,2,1.25,0,0,,30,2692,68.433204,2666.449491,2717.550509,2680.833333,64.364845,2656.801804,2704.864863,0.995894,0.004511,0.99421,0.997579,11.166667,12.684727,6.430644,15.90269,34.6,12.767415,29.833104,39.366896,27.377456,18.945808,20.303769,34.451142,88.766667,46.050149,71.573189,105.960144,0.38879,0.017814,0.382139,0.395441,2,0,2,2,0.430591,0.010291,0.426749,0.434433,199.383333,6.690425,196.885368,201.881298,11325.595833,274.681722,11223.039509,11428.152157,2378.863981,64.362403,2354.833364,2402.894599,0.576954,0.006052,0.574694,0.579213,0,0,0,0
D80_centered_P1_F4_C2_E1p25,P1,P1,80,concentrated,centered,4,2,1.25,0,0,,30,2692,68.433204,2666.449491,2717.550509,2480.633333,26.77941,2470.63486,2490.631806,0.921905,0.018896,0.91485,0.928961,211.366667,56.167535,190.395719,232.337614,215.2,56.138622,194.239848,236.160152,304.829613,78.338789,275.580713,334.078514,748.006667,204.611481,671.612063,824.401271,0.398724,0.015139,0.393072,0.404376,2,0,2,2,0.462895,0.00503,0.461017,0.464773,124.291667,2.759844,123.26124,125.322094,8496.404167,90.840316,8462.487644,8530.32069,377.617963,4.037347,376.110562,379.125364,0.543121,0.007115,0.540465,0.545778,0,0,0,0
D80_centered_P2-B34_F4_C2_E1p25,P2,P2-B34,80,concentrated,centered,4,2,1.25,0,0,34,30,2692,68.433204,2666.449491,2717.550509,1679.3,2.336369,1678.427683,1680.172317,0.624194,0.015587,0.618374,0.630013,1012.7,67.982325,987.317833,1038.082167,1012.7,67.982325,987.317833,1038.082167,1343.593453,106.307111,1303.902183,1383.284724,3381.641667,163.262499,3320.685293,3442.598041,0.476598,0.015126,0.470951,0.482246,2,0,2,2,0.303094,0.000572,0.30288,0.303308,33.75,0,33.75,33.75,6267.6375,7.885246,6264.693431,6270.581569,677.561667,0.350455,677.430819,677.692514,0.072101,0.000308,0.071986,0.072216,0,0,0,0
D80_centered_P3-D_F4_C2_E1p25,P3-D,P3-D,80,concentrated,centered,4,2,1.25,1,0.6,,30,2692,68.433204,2666.449491,2717.550509,1489,0,1489,1489,0.553463,0.013959,0.548251,0.558675,1203,68.433204,1177.449491,1228.550509,1203,68.433204,1177.449491,1228.550509,1485.916163,96.830031,1449.763295,1522.069031,4006.773333,164.489805,3945.358727,4068.187939,0.498433,0.018143,0.491659,0.505207,2,0,2,2,0.268675,0.000469,0.2685,0.268851,40.191667,0.850794,39.874011,40.509323,5559.375,0,5559.375,5559.375,601.458333,0,601.458333,601.458333,0.071001,0,0.071001,0.071001,0.064815,0,0.064815,0.064815
D80_centered_P0_F4_CU_E0p75,P0,P0,80,concentrated,centered,4,unlimited,0.75,0,0,,30,2692,68.433204,2666.449491,2717.550509,2685,67.160641,2659.92462,2710.07538,0.997412,0.00228,0.99656,0.998263,7,6.286274,4.65293,9.34707,26.533333,7.985907,23.551681,29.514985,16.502041,8.0203,13.507548,19.496534,59.021667,23.538372,50.233281,67.810052,0,0,0,0,0,0,0,0,0.431257,0.010716,0.427256,0.435258,121.555,4.469115,119.886392,123.223608,6806.04,171.772066,6741.906458,6870.173542,1429.683167,39.893673,1414.788297,1444.578037,0.577014,0.006062,0.57475,0.579277,0,0,0,0
D80_centered_P1_F4_CU_E0p75,P1,P1,80,concentrated,centered,4,unlimited,0.75,0,0,,30,2692,68.433204,2666.449491,2717.550509,2685,67.160641,2659.92462,2710.07538,0.997412,0.00228,0.99656,0.998263,7,6.286274,4.65293,9.34707,26.533333,7.985907,23.551681,29.514985,16.502041,8.0203,13.507548,19.496534,59.021667,23.538372,50.233281,67.810052,0,0,0,0,0,0,0,0,0.431257,0.010716,0.427256,0.435258,94.465,4.534982,92.7718,96.1582,6482.42,164.768121,6420.901481,6543.938519,1132.132556,33.734304,1119.537374,1144.727737,0.350328,0.009415,0.346813,0.353844,0,0,0,0
D80_centered_P2-B34_F4_CU_E0p75,P2,P2-B34,80,concentrated,centered,4,unlimited,0.75,0,0,34,30,2692,68.433204,2666.449491,2717.550509,2521,27.581853,2510.701923,2531.298077,0.936902,0.018994,0.92981,0.943993,171,55.480348,150.285624,191.714376,173.533333,54.956869,153.014405,194.052261,237.69814,77.176951,208.883028,266.513251,589.78,197.943423,515.87501,663.68499,0,0,0,0,0,0,0,0,0.450858,0.005323,0.448871,0.452845,33.825,0,33.825,33.825,5709.045,57.323693,5687.642385,5730.447615,656.935333,2.54772,655.984106,657.886561,0.093562,0.003747,0.092163,0.094961,0,0,0,0
D80_centered_P3-D_F4_CU_E0p75,P3-D,P3-D,80,concentrated,centered,4,unlimited,0.75,1,0.6,,30,2692,68.433204,2666.449491,2717.550509,2403.133333,16.514849,2396.96728,2409.299387,0.893151,0.019172,0.885993,0.900309,288.866667,59.189196,266.767539,310.965794,288.866667,59.189196,266.767539,310.965794,259.361912,72.397804,232.331163,286.392661,868.563333,210.083617,790.12563,947.001037,0,0,0,0,0,0,0,0,0.432554,0.003243,0.431343,0.433765,45.5,0.601722,45.275339,45.724661,5401.845,33.442569,5389.358742,5414.331258,595.507,1.486336,594.952055,596.061945,0.072031,0.000762,0.071747,0.072316,0.123302,0.005227,0.121351,0.125254
D80_centered_P0_F4_CU_E1,P0,P0,80,concentrated,centered,4,unlimited,1,0,0,,30,2692,68.433204,2666.449491,2717.550509,2685,67.160641,2659.92462,2710.07538,0.997412,0.00228,0.99656,0.998263,7,6.286274,4.65293,9.34707,26.533333,7.985907,23.551681,29.514985,16.502041,8.0203,13.507548,19.496534,59.021667,23.538372,50.233281,67.810052,0,0,0,0,0,0,0,0,0.431257,0.010716,0.427256,0.435258,162.073333,5.95882,159.848523,164.298144,9074.72,229.029422,8989.208611,9160.231389,1906.244222,53.191564,1886.384396,1926.104049,0.577014,0.006062,0.57475,0.579277,0,0,0,0
D80_centered_P1_F4_CU_E1,P1,P1,80,concentrated,centered,4,unlimited,1,0,0,,30,2692,68.433204,2666.449491,2717.550509,2516.9,27.906679,2506.480645,2527.319355,0.935383,0.019265,0.92819,0.942576,175.1,56.322562,154.071171,196.128829,180.533333,55.473966,159.82134,201.245327,256.659832,77.777141,227.620631,285.699033,622.895,201.38588,547.70472,698.08528,0,0,0,0,0,0,0,0,0.469643,0.005217,0.467696,0.471591,101.6,1.940494,100.875489,102.324511,6896.65,75.746131,6868.369106,6924.930894,306.517778,3.366495,305.260849,307.774706,0.542912,0.007109,0.540257,0.545566,0,0,0,0
D80_centered_P2-B34_F4_CU_E1,P2,P2-B34,80,concentrated,centered,4,unlimited,1,0,0,34,30,2692,68.433204,2666.449491,2717.550509,2045.066667,24.085957,2036.073832,2054.059501,0.760016,0.015274,0.754313,0.765719,646.933333,56.43057,625.864178,668.002488,646.933333,56.43057,625.864178,668.002488,789.441745,58.597651,767.56348,811.320011,2159.478333,156.533516,2101.034321,2217.922346,0,0,0,0,0,0,0,0,0.368063,0.004675,0.366317,0.369808,34,0,34,34,6126.48,65.032084,6102.199347,6150.760653,675.488,2.890315,674.40886,676.56714,0.071069,0.000757,0.070786,0.071352,0,0,0,0
D80_centered_P3-D_F4_CU_E1,P3-D,P3-D,80,concentrated,centered,4,unlimited,1,1,0.6,,30,2692,68.433204,2666.449491,2717.550509,1863.8,0.550861,1863.594328,1864.005672,0.692778,0.017504,0.686242,0.699313,828.2,68.521026,802.616701,853.783299,828.2,68.521026,802.616701,853.783299,880.314065,82.173437,849.633444,910.994685,2722.166667,187.813168,2652.043952,2792.289382,0,0,0,0,0,0,0,0,0.336323,0.000651,0.33608,0.336566,48.586667,5.772212,46.431529,50.741804,5567.02,1.511884,5566.455517,5567.584483,602.323111,0.067195,602.298023,602.348199,0.070997,0.000044,0.07098,0.071013,0.064969,0.000845,0.064654,0.065285
D80_centered_P0_F4_CU_E1p25,P0,P0,80,concentrated,centered,4,unlimited,1.25,0,0,,30,2692,68.433204,2666.449491,2717.550509,2685,67.160641,2659.92462,2710.07538,0.997412,0.00228,0.99656,0.998263,7,6.286274,4.65293,9.34707,26.533333,7.985907,23.551681,29.514985,16.502041,8.0203,13.507548,19.496534,59.021667,23.538372,50.233281,67.810052,0,0,0,0,0,0,0,0,0.431257,0.010716,0.427256,0.435258,202.591667,7.448525,199.810654,205.372679,11343.4,286.286777,11236.510763,11450.289237,2382.805278,66.489456,2357.980495,2407.630061,0.577014,0.006062,0.57475,0.579277,0,0,0,0
D80_centered_P1_F4_CU_E1p25,P1,P1,80,concentrated,centered,4,unlimited,1.25,0,0,,30,2692,68.433204,2666.449491,2717.550509,2516.9,27.906679,2506.480645,2527.319355,0.935383,0.019265,0.92819,0.942576,175.1,56.322562,154.071171,196.128829,180.533333,55.473966,159.82134,201.245327,256.659832,77.777141,227.620631,285.699033,622.895,201.38588,547.70472,698.08528,0,0,0,0,0,0,0,0,0.469643,0.005217,0.467696,0.471591,127,2.425618,126.094361,127.905639,8620.8125,94.682664,8585.461382,8656.163618,383.147222,4.208118,381.576061,384.718383,0.542912,0.007109,0.540257,0.545566,0,0,0,0
D80_centered_P2-B34_F4_CU_E1p25,P2,P2-B34,80,concentrated,centered,4,unlimited,1.25,0,0,34,30,2692,68.433204,2666.449491,2717.550509,1679.3,2.336369,1678.427683,1680.172317,0.624194,0.015587,0.618374,0.630013,1012.7,67.982325,987.317833,1038.082167,1012.7,67.982325,987.317833,1038.082167,1339.430986,106.138881,1299.802527,1379.059446,3376.53,163.660853,3315.424895,3437.635105,0,0,0,0,0,0,0,0,0.303094,0.000572,0.30288,0.303308,33.75,0,33.75,33.75,6267.6375,7.885246,6264.693431,6270.581569,677.561667,0.350455,677.430819,677.692514,0.072101,0.000308,0.071986,0.072216,0,0,0,0
D80_centered_P3-D_F4_CU_E1p25,P3-D,P3-D,80,concentrated,centered,4,unlimited,1.25,1,0.6,,30,2692,68.433204,2666.449491,2717.550509,1489,0,1489,1489,0.553463,0.013959,0.548251,0.558675,1203,68.433204,1177.449491,1228.550509,1203,68.433204,1177.449491,1228.550509,1482.350907,96.552455,1446.301676,1518.400138,4002.453333,164.386399,3941.077335,4063.829331,0,0,0,0,0,0,0,0,0.268691,0.000469,0.268516,0.268866,40.145833,0.760759,39.861793,40.429873,5559.375,0,5559.375,5559.375,601.458333,0,601.458333,601.458333,0.071001,0,0.071001,0.071001,0.064815,0,0.064815,0.064815
D80_centered_P0_F8_C1_E0p75,P0,P0,80,concentrated,centered,8,1,0.75,0,0,,30,2692,68.433204,2666.449491,2717.550509,1796.933333,7.995401,1793.948137,1799.91853,0.667892,0.015858,0.661972,0.673813,895.066667,65.525953,870.601621,919.531713,895.266667,65.474361,870.820884,919.71245,1207.79563,96.585429,1171.734087,1243.857172,3122.656667,165.905606,3060.713451,3184.599882,36.118298,1.022664,35.736472,36.500124,7,0,7,7,0.144322,0.000594,0.1441,0.144543,70.77,2.056093,70.002329,71.537671,4555.325,24.665532,4546.115773,4564.534227,957.286389,13.133018,952.38299,962.189788,0.577302,0.006809,0.57476,0.579845,0,0,0,0
D80_centered_P1_F8_C1_E0p75,P1,P1,80,concentrated,centered,8,1,0.75,0,0,,30,2692,68.433204,2666.449491,2717.550509,1796.933333,7.995401,1793.948137,1799.91853,0.667892,0.015858,0.661972,0.673813,895.066667,65.525953,870.601621,919.531713,895.266667,65.474361,870.820884,919.71245,1207.79563,96.585429,1171.734087,1243.857172,3122.656667,165.905606,3060.713451,3184.599882,36.118298,1.022664,35.736472,36.500124,7,0,7,7,0.144322,0.000594,0.1441,0.144543,56.525,2.558379,55.569793,57.480207,4337.525,24.33352,4328.439734,4346.610266,757.031389,11.623205,752.6917,761.371078,0.349861,0.009671,0.34625,0.353472,0,0,0,0
D80_centered_P2-B34_F8_C1_E0p75,P2,P2-B34,80,concentrated,centered,8,1,0.75,0,0,34,30,2692,68.433204,2666.449491,2717.550509,1669.566667,4.523375,1667.8778,1671.255533,0.620571,0.015372,0.614832,0.626311,1022.433333,67.581717,997.200739,1047.665928,1022.5,67.577669,997.268917,1047.731083,1445.792881,104.636575,1406.725329,1484.860433,3560.616667,163.06868,3499.732658,3621.500676,39.731529,0.419734,39.574816,39.888243,7,0,7,7,0.143266,0.000343,0.143138,0.143394,33.6,0,33.6,33.6,3955.1125,9.775135,3951.462814,3958.762186,578.982778,0.43445,578.82057,579.144986,0.316777,0.00513,0.314862,0.318692,0,0,0,0
D80_centered_P3-D_F8_C1_E0p75,P3-D,P3-D,80,concentrated,centered,8,1,0.75,1,0.6,,30,2692,68.433204,2666.449491,2717.550509,1651.666667,5.074163,1649.772156,1653.561177,0.613918,0.015261,0.608221,0.619616,1040.333333,67.721709,1015.048471,1065.618196,1040.366667,67.699378,1015.090142,1065.643191,1460.540834,103.697075,1421.824057,1499.257611,3624.031667,165.410187,3562.273423,3685.789911,40.106193,0.470183,39.930644,40.281743,7,0,7,7,0.143058,0.000374,0.142918,0.143198,39.9,0,39.9,39.9,3872.23,10.520963,3868.301849,3876.158151,527.524111,0.467598,527.349527,527.698696,0.295791,0.007577,0.292963,0.29862,0.336574,0.004238,0.334992,0.338156
D80_centered_P0_F8_C1_E1,P0,P0,80,concentrated,centered,8,1,1,0,0,,30,2692,68.433204,2666.449491,2717.550509,1796.933333,7.995401,1793.948137,1799.91853,0.667892,0.015858,0.661972,0.673813,895.066667,65.525953,870.601621,919.531713,895.266667,65.474361,870.820884,919.71245,1207.79563,96.585429,1171.734087,1243.857172,3122.656667,165.905606,3060.713451,3184.599882,36.118298,1.022664,35.736472,36.500124,7,0,7,7,0.144322,0.000594,0.1441,0.144543,94.36,2.741457,93.336438,95.383562,6073.766667,32.887377,6061.487697,6086.045636,1276.381852,17.510691,1269.843987,1282.919717,0.577302,0.006809,0.57476,0.579845,0,0,0,0
D80_centered_P1_F8_C1_E1,P1,P1,80,concentrated,centered,8,1,1,0,0,,30,2692,68.433204,2666.449491,2717.550509,1519.4,3.058059,1518.25823,1520.54177,0.564762,0.014246,0.559443,0.570081,1172.6,68.43401,1147.04919,1198.15081,1172.666667,68.429845,1147.117412,1198.215922,1750.772828,107.467357,1710.648364,1790.897293,4100.073333,161.896737,4039.626886,4160.519781,44.09628,0.266509,43.996775,44.195785,7,0,7,7,0.141761,0.000201,0.141686,0.141836,56.966667,1.299425,56.481508,57.451826,4163.066667,10.346891,4159.203508,4166.929826,185.025185,0.459862,184.853489,185.196881,0.543606,0.008408,0.540467,0.546745,0,0,0,0
D80_centered_P2-B34_F8_C1_E1,P2,P2-B34,80,concentrated,centered,8,1,1,0,0,34,30,2692,68.433204,2666.449491,2717.550509,1621.9,5.287265,1619.925924,1623.874076,0.602858,0.015143,0.597204,0.608511,1070.1,68.13645,1044.660288,1095.539712,1070.133333,68.111842,1044.702809,1095.563857,1538.526292,106.179959,1498.882496,1578.170089,3730.403333,167.271116,3667.950285,3792.856382,41.016626,0.352526,40.885006,41.148247,7,0,7,7,0.142801,0.000324,0.14268,0.142922,33.6,0,33.6,33.6,4983.87,14.265177,4978.543893,4989.196107,624.705333,0.634008,624.468617,624.942049,0.201585,0.002534,0.200639,0.202531,0,0,0,0
D80_centered_P3-D_F8_C1_E1,P3-D,P3-D,80,concentrated,centered,8,1,1,1,0.6,,30,2692,68.433204,2666.449491,2717.550509,1601.766667,4.931834,1599.925296,1603.608037,0.595371,0.014811,0.589841,0.600901,1090.233333,67.808902,1064.915916,1115.55075,1090.3,67.805579,1064.983824,1115.616176,1556.254857,105.586105,1516.832784,1595.676929,3797.058333,164.090376,3735.79286,3858.323807,41.495107,0.430039,41.334545,41.655668,7,0,7,7,0.142566,0.000334,0.142441,0.142691,39.453333,0.196053,39.380134,39.526533,4859.416667,13.331091,4854.439314,4864.394019,570.874074,0.592493,570.652858,571.09529,0.126153,0.002108,0.125366,0.12694,0.293827,0.00512,0.291916,0.295739
D80_centered_P0_F8_C1_E1p25,P0,P0,80,concentrated,centered,8,1,1.25,0,0,,30,2692,68.433204,2666.449491,2717.550509,1796.933333,7.995401,1793.948137,1799.91853,0.667892,0.015858,0.661972,0.673813,895.066667,65.525953,870.601621,919.531713,895.266667,65.474361,870.820884,919.71245,1207.79563,96.585429,1171.734087,1243.857172,3122.656667,165.905606,3060.713451,3184.599882,36.118298,1.022664,35.736472,36.500124,7,0,7,7,0.144322,0.000594,0.1441,0.144543,117.95,3.426821,116.670548,119.229452,7592.208333,41.109221,7576.859622,7607.557045,1595.477315,21.888363,1587.304983,1603.649646,0.577302,0.006809,0.57476,0.579845,0,0,0,0
D80_centered_P1_F8_C1_E1p25,P1,P1,80,concentrated,centered,8,1,1.25,0,0,,30,2692,68.433204,2666.449491,2717.550509,1519.4,3.058059,1518.25823,1520.54177,0.564762,0.014246,0.559443,0.570081,1172.6,68.43401,1147.04919,1198.15081,1172.666667,68.429845,1147.117412,1198.215922,1750.772828,107.467357,1710.648364,1790.897293,4100.073333,161.896737,4039.626886,4160.519781,44.09628,0.266509,43.996775,44.195785,7,0,7,7,0.141761,0.000201,0.141686,0.141836,71.208333,1.624281,70.601885,71.814782,5203.833333,12.933614,5199.004385,5208.662282,231.281481,0.574827,231.066862,231.496101,0.543606,0.008408,0.540467,0.546745,0,0,0,0
D80_centered_P2-B34_F8_C1_E1p25,P2,P2-B34,80,concentrated,centered,8,1,1.25,0,0,34,30,2692,68.433204,2666.449491,2717.550509,1585.7,3.68735,1584.323275,1587.076725,0.589404,0.014788,0.583882,0.594925,1106.3,68.222329,1080.828224,1131.771776,1106.366667,68.222498,1080.894828,1131.838506,1614.376166,107.609857,1574.198496,1654.553835,3858.48,163.60655,3797.39517,3919.56483,42.043389,0.310888,41.927315,42.159464,7,0,7,7,0.14243,0.000287,0.142323,0.142537,33.5,0.254274,33.405063,33.594937,5951.7375,12.444807,5947.091054,5956.383946,663.521667,0.553103,663.315158,663.728175,0.074699,0.00068,0.074444,0.074953,0,0,0,0
D80_centered_P3-D_F8_C1_E1p25,P3-D,P3-D,80,concentrated,centered,8,1,1.25,1,0.6,,30,2692,68.433204,2666.449491,2717.550509,1489,0,1489,1489,0.553463,0.013959,0.548251,0.558675,1203,68.433204,1177.449491,1228.550509,1203,68.433204,1177.449491,1228.550509,1615.024849,105.003507,1575.820298,1654.2294,4088.293333,167.125843,4025.894525,4150.692142,40.865368,0.296215,40.754772,40.975964,7,0,7,7,0.134373,0.000208,0.134296,0.134451,39.875,0,39.875,39.875,5559.375,0,5559.375,5559.375,601.458333,0,601.458333,601.458333,0.071001,0,0.071001,0.071001,0.064815,0,0.064815,0.064815
D80_centered_P0_F8_C2_E0p75,P0,P0,80,concentrated,centered,8,2,0.75,0,0,,30,2692,68.433204,2666.449491,2717.550509,2689.466667,68.345841,2663.948776,2714.984558,0.999059,0.00066,0.998813,0.999306,2.533333,1.775957,1.870255,3.196412,13.166667,4.331786,11.549333,14.784,2.430326,1.331157,1.93332,2.927333,16.53,9.185414,13.100495,19.959505,4.896603,0.491291,4.713173,5.080034,5.9,0.305129,5.786076,6.013924,0.215983,0.005446,0.21395,0.218017,125.37,6.163345,123.068827,127.671173,6817.465,174.849807,6752.18234,6882.74766,1432.185944,40.545533,1417.047693,1447.324195,0.577063,0.006019,0.574816,0.57931,0,0,0,0
D80_centered_P1_F8_C2_E0p75,P1,P1,80,concentrated,centered,8,2,0.75,0,0,,30,2692,68.433204,2666.449491,2717.550509,2689.466667,68.345841,2663.948776,2714.984558,0.999059,0.00066,0.998813,0.999306,2.533333,1.775957,1.870255,3.196412,13.166667,4.331786,11.549333,14.784,2.430326,1.331157,1.93332,2.927333,16.53,9.185414,13.100495,19.959505,4.896603,0.491291,4.713173,5.080034,5.9,0.305129,5.786076,6.013924,0.215983,0.005446,0.21395,0.218017,96.495,5.986556,94.259834,98.730166,6493.385,167.980051,6430.667261,6556.102739,1134.212389,34.532303,1121.319263,1147.105515,0.350437,0.009459,0.346905,0.353968,0,0,0,0
D80_centered_P2-B34_F8_C2_E0p75,P2,P2-B34,80,concentrated,centered,8,2,0.75,0,0,34,30,2692,68.433204,2666.449491,2717.550509,2524.066667,26.781277,2514.067496,2534.065837,0.938046,0.019082,0.930921,0.94517,167.933333,55.643529,147.158031,188.708636,169.566667,55.313329,148.914649,190.218684,211.568284,76.970522,182.830246,240.306322,551.023333,198.290902,476.988607,625.058059,10.008321,0.328156,9.8858,10.130843,6,0,6,6,0.22572,0.00258,0.224757,0.226684,33.825,0,33.825,33.825,5715.265,55.78981,5694.435082,5736.094918,657.211778,2.479547,656.286004,658.137552,0.092941,0.003484,0.09164,0.094242,0,0,0,0
D80_centered_P3-D_F8_C2_E0p75,P3-D,P3-D,80,concentrated,centered,8,2,0.75,1,0.6,,30,2692,68.433204,2666.449491,2717.550509,2403.5,16.512795,2397.334713,2409.665287,0.893286,0.019093,0.886157,0.900415,288.5,58.978517,266.479532,310.520468,288.5,58.978517,266.479532,310.520468,206.646126,65.73988,182.101208,231.191045,846.261667,209.901649,767.891903,924.63143,9.773581,0.434793,9.611245,9.935917,6,0,6,6,0.216228,0.001617,0.215624,0.216832,50.575,0.998166,50.20232,50.94768,5402.5875,33.438411,5390.102794,5415.072206,595.54,1.486152,594.985124,596.094876,0.072014,0.000764,0.071729,0.072299,0.122377,0.00433,0.12076,0.123993
D80_centered_P0_F8_C2_E1,P0,P0,80,concentrated,centered,8,2,1,0,0,,30,2692,68.433204,2666.449491,2717.550509,2689.466667,68.345841,2663.948776,2714.984558,0.999059,0.00066,0.998813,0.999306,2.533333,1.775957,1.870255,3.196412,13.166667,4.331786,11.549333,14.784,2.430326,1.331157,1.93332,2.927333,16.53,9.185414,13.100495,19.959505,4.896603,0.491291,4.713173,5.080034,5.9,0.305129,5.786076,6.013924,0.215983,0.005446,0.21395,0.218017,167.16,8.217794,164.09177,170.22823,9089.953333,233.133075,9002.909787,9176.99688,1909.581259,54.060711,1889.396925,1929.765594,0.577063,0.006019,0.574816,0.57931,0,0,0,0
D80_centered_P1_F8_C2_E1,P1,P1,80,concentrated,centered,8,2,1,0,0,,30,2692,68.433204,2666.449491,2717.550509,2638.6,37.834121,2624.474093,2652.725907,0.980485,0.015175,0.974819,0.986151,53.4,42.783819,37.426053,69.373947,72.7,37.862865,58.563361,86.836639,89.24163,62.40258,65.94274,112.54052,230.35,139.018428,178.445495,282.254505,10.699428,0.520832,10.504968,10.893888,6,0,6,6,0.246189,0.003546,0.244865,0.247513,108.633333,2.189053,107.816019,109.450647,7229.98,103.195343,7191.450552,7268.509448,321.332444,4.58646,319.620025,323.044864,0.543102,0.007067,0.540464,0.545741,0,0,0,0
D80_centered_P2-B34_F8_C2_E1,P2,P2-B34,80,concentrated,centered,8,2,1,0,0,34,30,2692,68.433204,2666.449491,2717.550509,2045.466667,24.204208,2036.429682,2054.503652,0.760165,0.015293,0.754455,0.765875,646.533333,56.45855,625.453732,667.612935,646.533333,56.45855,625.453732,667.612935,773.164895,58.648539,751.267629,795.06216,2136.395,155.646847,2078.282038,2194.507962,9.649335,0.225537,9.565127,9.733542,6,0,6,6,0.184057,0.002358,0.183176,0.184937,34,0,34,34,6127.56,65.351361,6103.160141,6151.959859,675.536,2.904505,674.451562,676.620438,0.071058,0.000742,0.070781,0.071335,0,0,0,0
D80_centered_P3-D_F8_C2_E1,P3-D,P3-D,80,concentrated,centered,8,2,1,1,0.6,,30,2692,68.433204,2666.449491,2717.550509,1863.766667,0.678911,1863.513186,1864.020148,0.692763,0.017407,0.686264,0.699262,828.233333,68.269084,802.744101,853.722566,828.233333,68.269084,802.744101,853.722566,866.652327,81.763636,836.124711,897.179942,2701.85,186.42719,2632.244759,2771.455241,9.209767,0.207414,9.132326,9.287208,6,0,6,6,0.168139,0.000317,0.168021,0.168258,48.453333,5.700559,46.324949,50.581718,5566.93,1.89084,5566.224028,5567.635972,602.319111,0.084037,602.287735,602.350488,0.070992,0.000045,0.070975,0.071009,0.064969,0.000845,0.064654,0.065285
D80_centered_P0_F8_C2_E1p25,P0,P0,80,concentrated,centered,8,2,1.25,0,0,,30,2692,68.433204,2666.449491,2717.550509,2689.466667,68.345841,2663.948776,2714.984558,0.999059,0.00066,0.998813,0.999306,2.533333,1.775957,1.870255,3.196412,13.166667,4.331786,11.549333,14.784,2.430326,1.331157,1.93332,2.927333,16.53,9.185414,13.100495,19.959505,4.896603,0.491291,4.713173,5.080034,5.9,0.305129,5.786076,6.013924,0.215983,0.005446,0.21395,0.218017,208.95,10.272242,205.114712,212.785288,11362.441667,291.416344,11253.637234,11471.2461,2386.976574,67.575889,2361.746156,2412.206992,0.577063,0.006019,0.574816,0.57931,0,0,0,0
D80_centered_P1_F8_C2_E1p25,P1,P1,80,concentrated,centered,8,2,1.25,0,0,,30,2692,68.433204,2666.449491,2717.550509,2638.6,37.834121,2624.474093,2652.725907,0.980485,0.015175,0.974819,0.986151,53.4,42.783819,37.426053,69.373947,72.7,37.862865,58.563361,86.836639,89.24163,62.40258,65.94274,112.54052,230.35,139.018428,178.445495,282.254505,10.699428,0.520832,10.504968,10.893888,6,0,6,6,0.246189,0.003546,0.244865,0.247513,135.791667,2.736317,134.770024,136.813309,9037.475,128.994179,8989.31319,9085.63681,401.665556,5.733075,399.525031,403.80608,0.543102,0.007067,0.540464,0.545741,0,0,0,0
D80_centered_P2-B34_F8_C2_E1p25,P2,P2-B34,80,concentrated,centered,8,2,1.25,0,0,34,30,2692,68.433204,2666.449491,2717.550509,1679.3,2.336369,1678.427683,1680.172317,0.624194,0.015587,0.618374,0.630013,1012.7,67.982325,987.317833,1038.082167,1012.7,67.982325,987.317833,1038.082167,1322.592635,105.432881,1283.22777,1361.957499,3356.861667,164.417002,3295.474243,3418.249091,11.722548,0.568606,11.510251,11.934845,6,0,6,6,0.151547,0.000286,0.15144,0.151654,33.75,0,33.75,33.75,6267.6375,7.885246,6264.693431,6270.581569,677.561667,0.350455,677.430819,677.692514,0.072101,0.000308,0.071986,0.072216,0,0,0,0
D80_centered_P3-D_F8_C2_E1p25,P3-D,P3-D,80,concentrated,centered,8,2,1.25,1,0.6,,30,2692,68.433204,2666.449491,2717.550509,1489,0,1489,1489,0.553463,0.013959,0.548251,0.558675,1203,68.433204,1177.449491,1228.550509,1203,68.433204,1177.449491,1228.550509,1468.2561,95.818532,1432.48089,1504.031311,3984.16,163.66453,3923.053522,4045.266478,10.487061,0.576139,10.271951,10.702171,6,0,6,6,0.134351,0.000232,0.134265,0.134438,40.15,0.759565,39.866405,40.433595,5559.375,0,5559.375,5559.375,601.458333,0,601.458333,601.458333,0.071001,0,0.071001,0.071001,0.064815,0,0.064815,0.064815
D80_centered_P0_F8_CU_E0p75,P0,P0,80,concentrated,centered,8,unlimited,0.75,0,0,,30,2692,68.433204,2666.449491,2717.550509,2689.733333,68.130166,2664.295968,2715.170699,0.99916,0.000535,0.998961,0.99936,2.266667,1.460593,1.721333,2.812,5.666667,0.994236,5.295454,6.037879,0.150065,0.02034,0.142471,0.15766,0.1,0.305129,-0.013924,0.213924,0,0,0,0,0,0,0,0,0.216006,0.005427,0.21398,0.218032,127.295,6.695989,124.794957,129.795043,6818.12,174.305552,6753.040545,6883.199455,1432.302556,40.443553,1417.20238,1447.402731,0.577053,0.006025,0.574803,0.579302,0,0,0,0
D80_centered_P1_F8_CU_E0p75,P1,P1,80,concentrated,centered,8,unlimited,0.75,0,0,,30,2692,68.433204,2666.449491,2717.550509,2689.733333,68.130166,2664.295968,2715.170699,0.99916,0.000535,0.998961,0.99936,2.266667,1.460593,1.721333,2.812,5.666667,0.994236,5.295454,6.037879,0.150065,0.02034,0.142471,0.15766,0.1,0.305129,-0.013924,0.213924,0,0,0,0,0,0,0,0,0.216006,0.005427,0.21398,0.218032,97.475,6.703933,94.971991,99.978009,6493.98,167.544931,6431.424719,6556.535281,1134.273833,34.504298,1121.391163,1147.156503,0.350403,0.009433,0.346882,0.353925,0,0,0,0
D80_centered_P2-B34_F8_CU_E0p75,P2,P2-B34,80,concentrated,centered,8,unlimited,0.75,0,0,34,30,2692,68.433204,2666.449491,2717.550509,2524.7,26.664131,2514.744568,2534.655432,0.938281,0.019064,0.931164,0.945399,167.3,55.592204,146.543861,188.056139,168.933333,55.256102,148.302683,189.563984,159.493052,71.777803,132.693789,186.292315,485.643333,188.431997,415.28957,555.997097,0,0,0,0,0,0,0,0,0.225775,0.002565,0.224818,0.226733,33.825,0,33.825,33.825,5716.5525,55.540292,5695.815743,5737.289257,657.269,2.468457,656.347366,658.190634,0.092819,0.003494,0.091515,0.094124,0,0,0,0
D80_centered_P3-D_F8_CU_E0p75,P3-D,P3-D,80,concentrated,centered,8,unlimited,0.75,1,0.6,,30,2692,68.433204,2666.449491,2717.550509,2403.433333,16.604286,2397.233887,2409.632779,0.89326,0.01905,0.886147,0.900373,288.566667,58.866115,266.588166,310.545167,288.566667,58.866115,266.588166,310.545167,164.381678,56.551027,143.267549,185.495808,799.581667,209.832365,721.237771,877.925562,0,0,0,0,0,0,0,0,0.216192,0.001567,0.215607,0.216778,55.8,4.882852,53.976918,57.623082,5402.4525,33.623678,5389.898622,5415.006378,595.534,1.494386,594.97605,596.09195,0.07202,0.000773,0.071731,0.072308,0.121759,0.00406,0.120243,0.123275
D80_centered_P0_F8_CU_E1,P0,P0,80,concentrated,centered,8,unlimited,1,0,0,,30,2692,68.433204,2666.449491,2717.550509,2689.733333,68.130166,2664.295968,2715.170699,0.99916,0.000535,0.998961,0.99936,2.266667,1.460593,1.721333,2.812,5.666667,0.994236,5.295454,6.037879,0.150065,0.02034,0.142471,0.15766,0.1,0.305129,-0.013924,0.213924,0,0,0,0,0,0,0,0,0.216006,0.005427,0.21398,0.218032,169.726667,8.927985,166.393277,173.060057,9090.826667,232.407402,9004.054061,9177.599273,1909.736741,53.924738,1889.603174,1929.870308,0.577053,0.006025,0.574803,0.579302,0,0,0,0
D80_centered_P1_F8_CU_E1,P1,P1,80,concentrated,centered,8,unlimited,1,0,0,,30,2692,68.433204,2666.449491,2717.550509,2689.7,68.182387,2664.243137,2715.156863,0.999148,0.000538,0.998947,0.999349,2.3,1.4657,1.75276,2.84724,6.1,0.922889,5.755426,6.444574,0.27236,0.043658,0.25606,0.28866,1.966667,0.556053,1.759056,2.174277,0,0,0,0,0,0,0,0,0.250959,0.006419,0.248562,0.253356,121.133333,6.479322,118.714187,123.55248,7369.936667,186.369591,7300.352932,7439.520402,327.552741,8.283093,324.46013,330.645351,0.543175,0.00698,0.540569,0.545781,0,0,0,0
D80_centered_P2-B34_F8_CU_E1,P2,P2-B34,80,concentrated,centered,8,unlimited,1,0,0,34,30,2692,68.433204,2666.449491,2717.550509,2045.466667,24.204208,2036.429682,2054.503652,0.760165,0.015293,0.754455,0.765875,646.533333,56.45855,625.453732,667.612935,646.533333,56.45855,625.453732,667.612935,733.866643,58.514803,712.01931,755.713976,2102.801667,156.415809,2044.401602,2161.201732,0,0,0,0,0,0,0,0,0.184057,0.002358,0.183176,0.184937,34,0,34,34,6127.56,65.351361,6103.160141,6151.959859,675.536,2.904505,674.451562,676.620438,0.071058,0.000742,0.070781,0.071335,0,0,0,0
D80_centered_P3-D_F8_CU_E1,P3-D,P3-D,80,concentrated,centered,8,unlimited,1,1,0.6,,30,2692,68.433204,2666.449491,2717.550509,1863.766667,0.678911,1863.513186,1864.020148,0.692763,0.017407,0.686264,0.699262,828.233333,68.269084,802.744101,853.722566,828.233333,68.269084,802.744101,853.722566,835.845521,81.869186,805.278497,866.412545,2670.595,186.755807,2600.867066,2740.322934,0,0,0,0,0,0,0,0,0.168141,0.000318,0.168022,0.16826,48.453333,5.700559,46.324949,50.581718,5566.93,1.89084,5566.224028,5567.635972,602.319111,0.084037,602.287735,602.350488,0.070992,0.000045,0.070975,0.071009,0.064969,0.000845,0.064654,0.065285
D80_centered_P0_F8_CU_E1p25,P0,P0,80,concentrated,centered,8,unlimited,1.25,0,0,,30,2692,68.433204,2666.449491,2717.550509,2689.733333,68.130166,2664.295968,2715.170699,0.99916,0.000535,0.998961,0.99936,2.266667,1.460593,1.721333,2.812,5.666667,0.994236,5.295454,6.037879,0.150065,0.02034,0.142471,0.15766,0.1,0.305129,-0.013924,0.213924,0,0,0,0,0,0,0,0,0.216006,0.005427,0.21398,0.218032,212.158333,11.159981,207.991596,216.325071,11363.533333,290.509253,11255.067576,11471.999091,2387.170926,67.405922,2362.003967,2412.337885,0.577053,0.006025,0.574803,0.579302,0,0,0,0
D80_centered_P1_F8_CU_E1p25,P1,P1,80,concentrated,centered,8,unlimited,1.25,0,0,,30,2692,68.433204,2666.449491,2717.550509,2689.7,68.182387,2664.243137,2715.156863,0.999148,0.000538,0.998947,0.999349,2.3,1.4657,1.75276,2.84724,6.1,0.922889,5.755426,6.444574,0.27236,0.043658,0.25606,0.28866,1.966667,0.556053,1.759056,2.174277,0,0,0,0,0,0,0,0,0.250959,0.006419,0.248562,0.253356,151.416667,8.099152,148.392733,154.4406,9212.420833,232.961989,9125.441164,9299.400502,409.440926,10.353866,405.575163,413.306689,0.543175,0.00698,0.540569,0.545781,0,0,0,0
D80_centered_P2-B34_F8_CU_E1p25,P2,P2-B34,80,concentrated,centered,8,unlimited,1.25,0,0,34,30,2692,68.433204,2666.449491,2717.550509,1679.3,2.336369,1678.427683,1680.172317,0.624194,0.015587,0.618374,0.630013,1012.7,67.982325,987.317833,1038.082167,1012.7,67.982325,987.317833,1038.082167,1284.237648,103.064358,1245.757105,1322.718191,3335.456667,167.352841,3272.973106,3397.940228,0,0,0,0,0,0,0,0,0.151547,0.000286,0.15144,0.151654,33.75,0,33.75,33.75,6267.6375,7.885246,6264.693431,6270.581569,677.561667,0.350455,677.430819,677.692514,0.072101,0.000308,0.071986,0.072216,0,0,0,0
D80_centered_P3-D_F8_CU_E1p25,P3-D,P3-D,80,concentrated,centered,8,unlimited,1.25,1,0.6,,30,2692,68.433204,2666.449491,2717.550509,1489,0,1489,1489,0.553463,0.013959,0.548251,0.558675,1203,68.433204,1177.449491,1228.550509,1203,68.433204,1177.449491,1228.550509,1440.415738,94.296472,1405.20881,1475.622665,3962.413333,163.130216,3901.506349,4023.320318,0,0,0,0,0,0,0,0,0.134351,0.000232,0.134265,0.134438,40.15,0.759565,39.866405,40.433595,5559.375,0,5559.375,5559.375,601.458333,0,601.458333,601.458333,0.071001,0,0.071001,0.071001,0.064815,0,0.064815,0.064815
D80_balanced_P0_F2_C1_E0p75,P0,P0,80,concentrated,balanced,2,1,0.75,0,0,,30,2692,68.433204,2666.449491,2717.550509,1555.1,3.487416,1553.797924,1556.402076,0.578031,0.014574,0.57259,0.583472,1136.9,68.359269,1111.377096,1162.422904,1136.966667,68.310389,1111.462012,1162.471321,1700.895941,107.969202,1660.584105,1741.207777,3977.213333,159.525089,3917.652374,4036.774292,0.360226,0.014886,0.354668,0.365784,1,0,1,1,0.517678,0.001124,0.517258,0.518098,53.235,1.952724,52.505923,53.964077,3848.2875,12.733388,3843.533309,3853.041691,714.6375,10.354881,710.771358,718.503642,0.495533,0.00738,0.492778,0.498288,0,0,0,0
D80_balanced_P1_F2_C1_E0p75,P1,P1,80,concentrated,balanced,2,1,0.75,0,0,,30,2692,68.433204,2666.449491,2717.550509,1555.1,3.487416,1553.797924,1556.402076,0.578031,0.014574,0.57259,0.583472,1136.9,68.359269,1111.377096,1162.422904,1136.966667,68.310389,1111.462012,1162.471321,1700.895941,107.969202,1660.584105,1741.207777,3977.213333,159.525089,3917.652374,4036.774292,0.360226,0.014886,0.354668,0.365784,1,0,1,1,0.517678,0.001124,0.517258,0.518098,30.5375,2.171571,29.726713,31.348287,3535.1275,13.279266,3530.169497,3540.085503,426.704278,8.641068,423.478012,429.930543,0.090754,0.008498,0.087582,0.093927,0,0,0,0
D80_balanced_P2-B34_F2_C1_E0p75,P2,P2-B34,80,concentrated,balanced,2,1,0.75,0,0,34,30,2692,68.433204,2666.449491,2717.550509,1523.1,4.641269,1521.367116,1524.832884,0.566142,0.014546,0.560711,0.571573,1168.9,69.010919,1143.133793,1194.666207,1169,69.077168,1143.209058,1194.790942,1760.361267,108.387537,1719.89324,1800.829294,4083,164.828608,4021.458897,4144.541103,0.352054,0.016743,0.345803,0.358305,1,0,1,1,0.517827,0.001121,0.517408,0.518245,33.6,0,33.6,33.6,3639.9725,10.166104,3636.176841,3643.768159,564.924056,0.447536,564.756962,565.091149,0.347755,0.004303,0.346149,0.349362,0,0,0,0
D80_balanced_P3-D_F2_C1_E0p75,P3-D,P3-D,80,concentrated,balanced,2,1,0.75,1,0.6,,30,2692,68.433204,2666.449491,2717.550509,1512.033333,3.952156,1510.55774,1513.508927,0.562023,0.014166,0.556733,0.567312,1179.966667,68.309884,1154.462201,1205.471132,1179.966667,68.309884,1154.462201,1205.471132,1771.165584,107.810482,1730.913009,1811.418159,4123.71,164.561774,4062.268523,4185.151477,0.35268,0.014859,0.347132,0.358228,1,0,1,1,0.517656,0.000991,0.517286,0.518026,39.9,0,39.9,39.9,3568.4575,8.367,3565.333562,3571.581438,513.970611,0.365306,513.834219,514.107003,0.295995,0.00644,0.29359,0.298399,0.418827,0.015221,0.413144,0.42451
D80_balanced_P0_F2_C1_E1,P0,P0,80,concentrated,balanced,2,1,1,0,0,,30,2692,68.433204,2666.449491,2717.550509,1555.1,3.487416,1553.797924,1556.402076,0.578031,0.014574,0.57259,0.583472,1136.9,68.359269,1111.377096,1162.422904,1136.966667,68.310389,1111.462012,1162.471321,1700.895941,107.969202,1660.584105,1741.207777,3977.213333,159.525089,3917.652374,4036.774292,0.360226,0.014886,0.354668,0.365784,1,0,1,1,0.517678,0.001124,0.517258,0.518098,70.98,2.603631,70.007897,71.952103,5131.05,16.977851,5124.711078,5137.388922,952.85,13.806508,947.695144,958.004856,0.495533,0.00738,0.492778,0.498288,0,0,0,0
D80_balanced_P1_F2_C1_E1,P1,P1,80,concentrated,balanced,2,1,1,0,0,,30,2692,68.433204,2666.449491,2717.550509,1428.166667,2.780267,1427.128614,1429.204719,0.530849,0.013317,0.525877,0.535821,1263.833333,68.179825,1238.377427,1289.28924,1263.9,68.272451,1238.40951,1289.39049,1959.174395,106.832918,1919.286807,1999.061983,4425.883333,161.211374,4365.692776,4486.073891,0.3634,0.016785,0.357133,0.369667,1,0,1,1,0.516327,0.000849,0.51601,0.516643,46.333333,1.787569,45.665919,47.000748,3951.563333,9.307634,3948.088196,3955.038471,175.625037,0.413673,175.470586,175.779488,0.451774,0.008205,0.44871,0.454837,0,0,0,0
D80_balanced_P2-B34_F2_C1_E1,P2,P2-B34,80,concentrated,balanced,2,1,1,0,0,34,30,2692,68.433204,2666.449491,2717.550509,1497.533333,3.757598,1496.130381,1498.936286,0.556629,0.013875,0.551449,0.56181,1194.466667,67.891259,1169.118501,1219.814833,1194.533333,67.892274,1169.184788,1219.881879,1814.064305,107.803005,1773.814522,1854.314089,4179.771667,168.233272,4116.959384,4242.583949,0.353755,0.015698,0.347894,0.359616,1,0,1,1,0.517584,0.001115,0.517167,0.518,33.6,0,33.6,33.6,4641.48,10.30582,4637.632176,4645.327824,609.488,0.458036,609.316986,609.659014,0.243898,0.005809,0.241729,0.246067,0,0,0,0
D80_balanced_P3-D_F2_C1_E1,P3-D,P3-D,80,concentrated,balanced,2,1,1,1,0.6,,30,2692,68.433204,2666.449491,2717.550509,1479.4,2.672981,1478.402005,1480.397995,0.549891,0.013754,0.544756,0.555026,1212.6,68.063662,1187.187465,1238.012535,1212.633333,68.084878,1187.212877,1238.05379,1824.770456,107.922857,1784.475923,1865.064988,4235.095,163.297548,4174.12554,4296.06446,0.371717,0.017111,0.365329,0.378106,1,0,1,1,0.516827,0.001094,0.516419,0.517236,39.226667,0.101483,39.188776,39.264557,4529.033333,7.219864,4526.337694,4531.728972,556.19037,0.320883,556.070564,556.310177,0.182808,0.001364,0.182298,0.183317,0.310185,0.004863,0.308369,0.312001
D80_balanced_P0_F2_C1_E1p25,P0,P0,80,concentrated,balanced,2,1,1.25,0,0,,30,2692,68.433204,2666.449491,2717.550509,1555.1,3.487416,1553.797924,1556.402076,0.578031,0.014574,0.57259,0.583472,1136.9,68.359269,1111.377096,1162.422904,1136.966667,68.310389,1111.462012,1162.471321,1700.895941,107.969202,1660.584105,1741.207777,3977.213333,159.525089,3917.652374,4036.774292,0.360226,0.014886,0.354668,0.365784,1,0,1,1,0.517678,0.001124,0.517258,0.518098,88.725,3.254539,87.509872,89.940128,6413.8125,21.222313,6405.888848,6421.736152,1191.0625,17.258135,1184.61893,1197.50607,0.495533,0.00738,0.492778,0.498288,0,0,0,0
D80_balanced_P1_F2_C1_E1p25,P1,P1,80,concentrated,balanced,2,1,1.25,0,0,,30,2692,68.433204,2666.449491,2717.550509,1428.166667,2.780267,1427.128614,1429.204719,0.530849,0.013317,0.525877,0.535821,1263.833333,68.179825,1238.377427,1289.28924,1263.9,68.272451,1238.40951,1289.39049,1959.174395,106.832918,1919.286807,1999.061983,4425.883333,161.211374,4365.692776,4486.073891,0.3634,0.016785,0.357133,0.369667,1,0,1,1,0.516327,0.000849,0.51601,0.516643,57.916667,2.234461,57.082399,58.750934,4939.454167,11.634543,4935.110245,4943.798089,219.531296,0.517091,219.338233,219.724359,0.451774,0.008205,0.44871,0.454837,0,0,0,0
D80_balanced_P2-B34_F2_C1_E1p25,P2,P2-B34,80,concentrated,balanced,2,1,1.25,0,0,34,30,2692,68.433204,2666.449491,2717.550509,1461,4.525788,1459.310233,1462.689767,0.543062,0.014024,0.537826,0.548298,1231,69.269588,1205.137215,1256.862785,1231.033333,69.290733,1205.162653,1256.904013,1886.716571,105.42728,1847.353798,1926.079344,4303.861667,162.177706,4243.310316,4364.413018,0.391244,0.01503,0.385632,0.396855,1,0,1,1,0.516108,0.001009,0.515732,0.516485,33.25,0,33.25,33.25,5530.833333,15.256193,5525.137217,5536.52945,644.814815,0.678053,644.561654,645.067976,0.113546,0.002194,0.112727,0.114365,0,0,0,0
D80_balanced_P3-D_F2_C1_E1p25,P3-D,P3-D,80,concentrated,balanced,2,1,1.25,1,0.6,,30,2692,68.433204,2666.449491,2717.550509,1443.766667,3.979979,1442.280685,1445.252648,0.536642,0.013278,0.531684,0.5416,1248.233333,67.685726,1222.961906,1273.504761,1248.233333,67.685726,1222.961906,1273.504761,1897.830614,104.732651,1858.72719,1936.934037,4357.386667,159.469282,4297.846544,4416.926789,0.417948,0.014805,0.41242,0.423476,1,0,1,1,0.515041,0.000883,0.514711,0.51537,39.7375,0.419552,39.580854,39.894146,5406.7125,13.432428,5401.697312,5411.727688,594.673333,0.596997,594.450436,594.896231,0.071551,0.000103,0.071512,0.071589,0.109568,0.00351,0.108257,0.110878
D80_balanced_P0_F2_C2_E0p75,P0,P0,80,concentrated,balanced,2,2,0.75,0,0,,30,2692,68.433204,2666.449491,2717.550509,1592.533333,4.133407,1590.990067,1594.0766,0.591942,0.014819,0.586409,0.597475,1099.466667,68.040421,1074.062809,1124.870525,1099.6,68.090508,1074.177441,1125.022559,1623.229911,108.850253,1582.589122,1663.870699,3844.01,165.402742,3782.254536,3905.765464,0,0,0,0,0,0,0,0,0.530123,0.001153,0.529692,0.530553,54.915,2.529486,53.97058,55.85942,3941.225,15.215822,3935.543957,3946.906043,732.208056,10.948497,728.120278,736.295833,0.495794,0.007324,0.493059,0.498529,0,0,0,0
D80_balanced_P1_F2_C2_E0p75,P1,P1,80,concentrated,balanced,2,2,0.75,0,0,,30,2692,68.433204,2666.449491,2717.550509,1592.533333,4.133407,1590.990067,1594.0766,0.591942,0.014819,0.586409,0.597475,1099.466667,68.040421,1074.062809,1124.870525,1099.6,68.090508,1074.177441,1125.022559,1623.229911,108.850253,1582.589122,1663.870699,3844.01,165.402742,3782.254536,3905.765464,0,0,0,0,0,0,0,0,0.530123,0.001153,0.529692,0.530553,31.615,2.287,30.761116,32.468884,3620.345,15.602138,3614.51972,3626.17028,437.176722,9.165542,433.754637,440.598808,0.09076,0.00866,0.087527,0.093993,0,0,0,0
D80_balanced_P2-B34_F2_C2_E0p75,P2,P2-B34,80,concentrated,balanced,2,2,0.75,0,0,34,30,2692,68.433204,2666.449491,2717.550509,1557.9,4.15518,1556.348605,1559.451395,0.579073,0.014663,0.573598,0.584548,1134.1,68.480226,1108.531934,1159.668066,1134.133333,68.437101,1108.581369,1159.685297,1690.705899,106.592557,1650.908053,1730.503745,3960.888333,161.432442,3900.615237,4021.161429,0,0,0,0,0,0,0,0,0.530137,0.001042,0.529748,0.530527,33.6,0,33.6,33.6,3713.4225,8.835943,3710.123475,3716.721525,568.1535,0.499399,567.967042,568.339958,0.335892,0.005468,0.33385,0.337933,0,0,0,0
D80_balanced_P3-D_F2_C2_E0p75,P3-D,P3-D,80,concentrated,balanced,2,2,0.75,1,0.6,,30,2692,68.433204,2666.449491,2717.550509,1545.966667,3.943422,1544.494334,1547.438999,0.57463,0.014249,0.56931,0.57995,1146.033333,67.681039,1120.763656,1171.303011,1146.133333,67.654158,1120.873692,1171.392974,1700.200653,105.52842,1660.800118,1739.601189,4003.443333,160.878935,3943.376897,4063.50977,0,0,0,0,0,0,0,0,0.529758,0.001163,0.529324,0.530192,39.9,0,39.9,39.9,3640.3575,8.684722,3637.114935,3643.600065,517.201167,0.382884,517.058212,517.344122,0.287986,0.0063,0.285634,0.290338,0.397222,0.011937,0.392765,0.401679
D80_balanced_P0_F2_C2_E1,P0,P0,80,concentrated,balanced,2,2,1,0,0,,30,2692,68.433204,2666.449491,2717.550509,1592.533333,4.133407,1590.990067,1594.0766,0.591942,0.014819,0.586409,0.597475,1099.466667,68.040421,1074.062809,1124.870525,1099.6,68.090508,1074.177441,1125.022559,1623.229911,108.850253,1582.589122,1663.870699,3844.01,165.402742,3782.254536,3905.765464,0,0,0,0,0,0,0,0,0.530123,0.001153,0.529692,0.530553,73.22,3.372649,71.960774,74.479226,5254.966667,20.287763,5247.391942,5262.541391,976.277407,14.597997,970.827038,981.727777,0.495794,0.007324,0.493059,0.498529,0,0,0,0
D80_balanced_P1_F2_C2_E1,P1,P1,80,concentrated,balanced,2,2,1,0,0,,30,2692,68.433204,2666.449491,2717.550509,1460.933333,3.139661,1459.761096,1462.10557,0.543024,0.013444,0.538004,0.548043,1231.066667,67.704191,1205.788345,1256.344988,1231.133333,67.653648,1205.873882,1256.392784,1891.224499,106.387352,1851.50327,1930.945729,4312.795,160.428585,4252.896708,4372.693292,0,0,0,0,0,0,0,0,0.528203,0.000856,0.527884,0.528523,47.566667,1.524135,46.997609,48.135724,4042.12,10.634894,4038.149311,4046.090689,179.649778,0.472662,179.473303,179.826253,0.452018,0.008567,0.44882,0.455217,0,0,0,0
D80_balanced_P2-B34_F2_C2_E1,P2,P2-B34,80,concentrated,balanced,2,2,1,0,0,34,30,2692,68.433204,2666.449491,2717.550509,1529.2,3.497783,1527.894053,1530.505947,0.568402,0.014252,0.563081,0.573724,1162.8,68.16734,1137.348755,1188.251245,1162.8,68.16734,1137.348755,1188.251245,1747.856459,106.867777,1707.955855,1787.757062,4061.91,164.258315,4000.581824,4123.238176,0,0,0,0,0,0,0,0,0.529708,0.001037,0.52932,0.530095,33.6,0,33.6,33.6,4729.313333,9.402484,4725.802782,4732.823884,613.391704,0.417888,613.235679,613.547728,0.234412,0.00494,0.232567,0.236256,0,0,0,0
D80_balanced_P3-D_F2_C2_E1,P3-D,P3-D,80,concentrated,balanced,2,2,1,1,0.6,,30,2692,68.433204,2666.449491,2717.550509,1511.366667,4.619922,1509.641753,1513.09158,0.561769,0.013941,0.556564,0.566974,1180.633333,67.731968,1155.34464,1205.922026,1180.666667,67.690642,1155.393404,1205.93993,1757.220025,108.440153,1716.732353,1797.707697,4119.193333,167.16286,4056.780704,4181.605962,0,0,0,0,0,0,0,0,0.529225,0.001059,0.528829,0.52962,39.2,0,39.2,39.2,4615.376667,12.486591,4610.71462,4620.038713,560.027852,0.55496,559.82065,560.235054,0.167345,0.002198,0.166524,0.168165,0.308179,0.005661,0.306065,0.310293
D80_balanced_P0_F2_C2_E1p25,P0,P0,80,concentrated,balanced,2,2,1.25,0,0,,30,2692,68.433204,2666.449491,2717.550509,1592.533333,4.133407,1590.990067,1594.0766,0.591942,0.014819,0.586409,0.597475,1099.466667,68.040421,1074.062809,1124.870525,1099.6,68.090508,1074.177441,1125.022559,1623.229911,108.850253,1582.589122,1663.870699,3844.01,165.402742,3782.254536,3905.765464,0,0,0,0,0,0,0,0,0.530123,0.001153,0.529692,0.530553,91.525,4.215811,89.950967,93.099033,6568.708333,25.359704,6559.239928,6578.176739,1220.346759,18.247496,1213.533797,1227.159721,0.495794,0.007324,0.493059,0.498529,0,0,0,0
D80_balanced_P1_F2_C2_E1p25,P1,P1,80,concentrated,balanced,2,2,1.25,0,0,,30,2692,68.433204,2666.449491,2717.550509,1460.933333,3.139661,1459.761096,1462.10557,0.543024,0.013444,0.538004,0.548043,1231.066667,67.704191,1205.788345,1256.344988,1231.133333,67.653648,1205.873882,1256.392784,1891.224499,106.387352,1851.50327,1930.945729,4312.795,160.428585,4252.896708,4372.693292,0,0,0,0,0,0,0,0,0.528203,0.000856,0.527884,0.528523,59.458333,1.905169,58.747011,60.169655,5052.65,13.293617,5047.686639,5057.613361,224.562222,0.590827,224.341628,224.782816,0.452018,0.008567,0.44882,0.455217,0,0,0,0
D80_balanced_P2-B34_F2_C2_E1p25,P2,P2-B34,80,concentrated,balanced,2,2,1.25,0,0,34,30,2692,68.433204,2666.449491,2717.550509,1494.333333,3.603957,1492.987745,1495.678922,0.555441,0.013874,0.550261,0.560621,1197.666667,67.979375,1172.285601,1223.047732,1197.7,67.951377,1172.329388,1223.070612,1817.815977,107.133937,1777.815999,1857.815955,4183.993333,169.39792,4120.746213,4247.240454,0,0,0,0,0,0,0,0,0.528934,0.000868,0.52861,0.529258,33.25,0,33.25,33.25,5643.366667,12.15706,5638.827656,5647.905678,649.816296,0.540314,649.614562,650.01803,0.098844,0.001368,0.098333,0.099354,0,0,0,0
D80_balanced_P3-D_F2_C2_E1p25,P3-D,P3-D,80,concentrated,balanced,2,2,1.25,1,0.6,,30,2692,68.433204,2666.449491,2717.550509,1478.166667,3.484778,1476.865575,1479.467758,0.549435,0.013872,0.544256,0.554614,1213.833333,68.387377,1188.299934,1239.366732,1213.866667,68.362993,1188.342372,1239.390962,1828.203672,106.710648,1788.361736,1868.045609,4237.646667,165.189374,4175.970867,4299.322467,0,0,0,0,0,0,0,0,0.528534,0.000912,0.528194,0.528875,39.783333,0.348849,39.653086,39.913581,5522.8125,11.761126,5518.421316,5527.203684,599.833333,0.522717,599.63817,600.028497,0.070795,0.000043,0.070778,0.070811,0.081327,0.005917,0.079118,0.083536
D80_balanced_P0_F2_CU_E0p75,P0,P0,80,concentrated,balanced,2,unlimited,0.75,0,0,,30,2692,68.433204,2666.449491,2717.550509,1592.533333,4.133407,1590.990067,1594.0766,0.591942,0.014819,0.586409,0.597475,1099.466667,68.040421,1074.062809,1124.870525,1099.6,68.090508,1074.177441,1125.022559,1623.229911,108.850253,1582.589122,1663.870699,3844.01,165.402742,3782.254536,3905.765464,0,0,0,0,0,0,0,0,0.530123,0.001153,0.529692,0.530553,54.915,2.529486,53.97058,55.85942,3941.225,15.215822,3935.543957,3946.906043,732.208056,10.948497,728.120278,736.295833,0.495794,0.007324,0.493059,0.498529,0,0,0,0
D80_balanced_P1_F2_CU_E0p75,P1,P1,80,concentrated,balanced,2,unlimited,0.75,0,0,,30,2692,68.433204,2666.449491,2717.550509,1592.533333,4.133407,1590.990067,1594.0766,0.591942,0.014819,0.586409,0.597475,1099.466667,68.040421,1074.062809,1124.870525,1099.6,68.090508,1074.177441,1125.022559,1623.229911,108.850253,1582.589122,1663.870699,3844.01,165.402742,3782.254536,3905.765464,0,0,0,0,0,0,0,0,0.530123,0.001153,0.529692,0.530553,31.615,2.287,30.761116,32.468884,3620.345,15.602138,3614.51972,3626.17028,437.176722,9.165542,433.754637,440.598808,0.09076,0.00866,0.087527,0.093993,0,0,0,0
D80_balanced_P2-B34_F2_CU_E0p75,P2,P2-B34,80,concentrated,balanced,2,unlimited,0.75,0,0,34,30,2692,68.433204,2666.449491,2717.550509,1557.9,4.15518,1556.348605,1559.451395,0.579073,0.014663,0.573598,0.584548,1134.1,68.480226,1108.531934,1159.668066,1134.133333,68.437101,1108.581369,1159.685297,1690.705899,106.592557,1650.908053,1730.503745,3960.888333,161.432442,3900.615237,4021.161429,0,0,0,0,0,0,0,0,0.530137,0.001042,0.529748,0.530527,33.6,0,33.6,33.6,3713.4225,8.835943,3710.123475,3716.721525,568.1535,0.499399,567.967042,568.339958,0.335892,0.005468,0.33385,0.337933,0,0,0,0
D80_balanced_P3-D_F2_CU_E0p75,P3-D,P3-D,80,concentrated,balanced,2,unlimited,0.75,1,0.6,,30,2692,68.433204,2666.449491,2717.550509,1545.966667,3.943422,1544.494334,1547.438999,0.57463,0.014249,0.56931,0.57995,1146.033333,67.681039,1120.763656,1171.303011,1146.133333,67.654158,1120.873692,1171.392974,1700.200653,105.52842,1660.800118,1739.601189,4003.443333,160.878935,3943.376897,4063.50977,0,0,0,0,0,0,0,0,0.529758,0.001163,0.529324,0.530192,39.9,0,39.9,39.9,3640.3575,8.684722,3637.114935,3643.600065,517.201167,0.382884,517.058212,517.344122,0.287986,0.0063,0.285634,0.290338,0.397222,0.011937,0.392765,0.401679
D80_balanced_P0_F2_CU_E1,P0,P0,80,concentrated,balanced,2,unlimited,1,0,0,,30,2692,68.433204,2666.449491,2717.550509,1592.533333,4.133407,1590.990067,1594.0766,0.591942,0.014819,0.586409,0.597475,1099.466667,68.040421,1074.062809,1124.870525,1099.6,68.090508,1074.177441,1125.022559,1623.229911,108.850253,1582.589122,1663.870699,3844.01,165.402742,3782.254536,3905.765464,0,0,0,0,0,0,0,0,0.530123,0.001153,0.529692,0.530553,73.22,3.372649,71.960774,74.479226,5254.966667,20.287763,5247.391942,5262.541391,976.277407,14.597997,970.827038,981.727777,0.495794,0.007324,0.493059,0.498529,0,0,0,0
D80_balanced_P1_F2_CU_E1,P1,P1,80,concentrated,balanced,2,unlimited,1,0,0,,30,2692,68.433204,2666.449491,2717.550509,1460.933333,3.139661,1459.761096,1462.10557,0.543024,0.013444,0.538004,0.548043,1231.066667,67.704191,1205.788345,1256.344988,1231.133333,67.653648,1205.873882,1256.392784,1891.224499,106.387352,1851.50327,1930.945729,4312.795,160.428585,4252.896708,4372.693292,0,0,0,0,0,0,0,0,0.528203,0.000856,0.527884,0.528523,47.566667,1.524135,46.997609,48.135724,4042.12,10.634894,4038.149311,4046.090689,179.649778,0.472662,179.473303,179.826253,0.452018,0.008567,0.44882,0.455217,0,0,0,0
D80_balanced_P2-B34_F2_CU_E1,P2,P2-B34,80,concentrated,balanced,2,unlimited,1,0,0,34,30,2692,68.433204,2666.449491,2717.550509,1529.2,3.497783,1527.894053,1530.505947,0.568402,0.014252,0.563081,0.573724,1162.8,68.16734,1137.348755,1188.251245,1162.8,68.16734,1137.348755,1188.251245,1747.856459,106.867777,1707.955855,1787.757062,4061.91,164.258315,4000.581824,4123.238176,0,0,0,0,0,0,0,0,0.529708,0.001037,0.52932,0.530095,33.6,0,33.6,33.6,4729.313333,9.402484,4725.802782,4732.823884,613.391704,0.417888,613.235679,613.547728,0.234412,0.00494,0.232567,0.236256,0,0,0,0
D80_balanced_P3-D_F2_CU_E1,P3-D,P3-D,80,concentrated,balanced,2,unlimited,1,1,0.6,,30,2692,68.433204,2666.449491,2717.550509,1511.366667,4.619922,1509.641753,1513.09158,0.561769,0.013941,0.556564,0.566974,1180.633333,67.731968,1155.34464,1205.922026,1180.666667,67.690642,1155.393404,1205.93993,1757.220025,108.440153,1716.732353,1797.707697,4119.193333,167.16286,4056.780704,4181.605962,0,0,0,0,0,0,0,0,0.529225,0.001059,0.528829,0.52962,39.2,0,39.2,39.2,4615.376667,12.486591,4610.71462,4620.038713,560.027852,0.55496,559.82065,560.235054,0.167345,0.002198,0.166524,0.168165,0.308179,0.005661,0.306065,0.310293
D80_balanced_P0_F2_CU_E1p25,P0,P0,80,concentrated,balanced,2,unlimited,1.25,0,0,,30,2692,68.433204,2666.449491,2717.550509,1592.533333,4.133407,1590.990067,1594.0766,0.591942,0.014819,0.586409,0.597475,1099.466667,68.040421,1074.062809,1124.870525,1099.6,68.090508,1074.177441,1125.022559,1623.229911,108.850253,1582.589122,1663.870699,3844.01,165.402742,3782.254536,3905.765464,0,0,0,0,0,0,0,0,0.530123,0.001153,0.529692,0.530553,91.525,4.215811,89.950967,93.099033,6568.708333,25.359704,6559.239928,6578.176739,1220.346759,18.247496,1213.533797,1227.159721,0.495794,0.007324,0.493059,0.498529,0,0,0,0
D80_balanced_P1_F2_CU_E1p25,P1,P1,80,concentrated,balanced,2,unlimited,1.25,0,0,,30,2692,68.433204,2666.449491,2717.550509,1460.933333,3.139661,1459.761096,1462.10557,0.543024,0.013444,0.538004,0.548043,1231.066667,67.704191,1205.788345,1256.344988,1231.133333,67.653648,1205.873882,1256.392784,1891.224499,106.387352,1851.50327,1930.945729,4312.795,160.428585,4252.896708,4372.693292,0,0,0,0,0,0,0,0,0.528203,0.000856,0.527884,0.528523,59.458333,1.905169,58.747011,60.169655,5052.65,13.293617,5047.686639,5057.613361,224.562222,0.590827,224.341628,224.782816,0.452018,0.008567,0.44882,0.455217,0,0,0,0
D80_balanced_P2-B34_F2_CU_E1p25,P2,P2-B34,80,concentrated,balanced,2,unlimited,1.25,0,0,34,30,2692,68.433204,2666.449491,2717.550509,1494.333333,3.603957,1492.987745,1495.678922,0.555441,0.013874,0.550261,0.560621,1197.666667,67.979375,1172.285601,1223.047732,1197.7,67.951377,1172.329388,1223.070612,1817.815977,107.133937,1777.815999,1857.815955,4183.993333,169.39792,4120.746213,4247.240454,0,0,0,0,0,0,0,0,0.528934,0.000868,0.52861,0.529258,33.25,0,33.25,33.25,5643.366667,12.15706,5638.827656,5647.905678,649.816296,0.540314,649.614562,650.01803,0.098844,0.001368,0.098333,0.099354,0,0,0,0
D80_balanced_P3-D_F2_CU_E1p25,P3-D,P3-D,80,concentrated,balanced,2,unlimited,1.25,1,0.6,,30,2692,68.433204,2666.449491,2717.550509,1478.166667,3.484778,1476.865575,1479.467758,0.549435,0.013872,0.544256,0.554614,1213.833333,68.387377,1188.299934,1239.366732,1213.866667,68.362993,1188.342372,1239.390962,1828.203672,106.710648,1788.361736,1868.045609,4237.646667,165.189374,4175.970867,4299.322467,0,0,0,0,0,0,0,0,0.528534,0.000912,0.528194,0.528875,39.783333,0.348849,39.653086,39.913581,5522.8125,11.761126,5518.421316,5527.203684,599.833333,0.522717,599.63817,600.028497,0.070795,0.000043,0.070778,0.070811,0.081327,0.005917,0.079118,0.083536
D80_balanced_P0_F4_C1_E0p75,P0,P0,80,concentrated,balanced,4,1,0.75,0,0,,30,2692,68.433204,2666.449491,2717.550509,1724.433333,5.164089,1722.505247,1726.361419,0.640967,0.015973,0.635003,0.64693,967.566667,67.78754,942.257225,992.876108,967.7,67.746561,942.405859,992.994141,1356.811441,105.394476,1317.460916,1396.161966,3374.258333,168.182323,3311.465073,3437.051593,12.176179,0.065866,12.151587,12.20077,3,0,3,3,0.286998,0.00073,0.286725,0.287271,58.73,2.098793,57.946386,59.513614,4268.0225,16.85005,4261.731294,4274.313706,793.299889,11.132833,789.143288,797.45649,0.496094,0.006895,0.49352,0.498669,0,0,0,0
D80_balanced_P1_F4_C1_E0p75,P1,P1,80,concentrated,balanced,4,1,0.75,0,0,,30,2692,68.433204,2666.449491,2717.550509,1724.433333,5.164089,1722.505247,1726.361419,0.640967,0.015973,0.635003,0.64693,967.566667,67.78754,942.257225,992.876108,967.7,67.746561,942.405859,992.994141,1356.811441,105.394476,1317.460916,1396.161966,3374.258333,168.182323,3311.465073,3437.051593,12.176179,0.065866,12.151587,12.20077,3,0,3,3,0.286998,0.00073,0.286725,0.287271,32.9,2.312522,32.036587,33.763413,3920.5425,18.882046,3913.49262,3927.59238,473.811333,10.506272,469.888668,477.733999,0.090954,0.0089,0.087631,0.094277,0,0,0,0
D80_balanced_P2-B34_F4_C1_E0p75,P2,P2-B34,80,concentrated,balanced,4,1,0.75,0,0,34,30,2692,68.433204,2666.449491,2717.550509,1673.4,4.545555,1671.702853,1675.097147,0.621994,0.015341,0.616266,0.627722,1018.6,67.357308,993.451192,1043.748808,1018.666667,67.31313,993.534353,1043.79898,1452.391116,104.870937,1413.236061,1491.546171,3551.733333,162.536855,3491.047889,3612.418778,12.595631,0.061464,12.572682,12.618579,3,0,3,3,0.285997,0.000666,0.285748,0.286245,33.6,0,33.6,33.6,3959.015,9.941132,3955.303337,3962.726663,579.156222,0.441828,578.991259,579.321185,0.304979,0.004844,0.30317,0.306787,0,0,0,0
D80_balanced_P3-D_F4_C1_E0p75,P3-D,P3-D,80,concentrated,balanced,4,1,0.75,1,0.6,,30,2692,68.433204,2666.449491,2717.550509,1661.5,4.133547,1659.956682,1663.043318,0.617572,0.015256,0.611876,0.623268,1030.5,67.453049,1005.315446,1055.684554,1030.6,67.424338,1005.426165,1055.773835,1462.214477,104.136684,1423.333566,1501.095387,3592.671667,164.229072,3531.354409,3653.988925,12.695512,0.068002,12.670122,12.720901,3,0,3,3,0.285718,0.000695,0.285458,0.285977,39.9,0,39.9,39.9,3885.5975,9.189249,3882.166563,3889.028437,528.118222,0.408411,527.965736,528.270708,0.268229,0.007617,0.265385,0.271073,0.344907,0.005538,0.34284,0.346975
D80_balanced_P0_F4_C1_E1,P0,P0,80,concentrated,balanced,4,1,1,0,0,,30,2692,68.433204,2666.449491,2717.550509,1724.433333,5.164089,1722.505247,1726.361419,0.640967,0.015973,0.635003,0.64693,967.566667,67.78754,942.257225,992.876108,967.7,67.746561,942.405859,992.994141,1356.811441,105.394476,1317.460916,1396.161966,3374.258333,168.182323,3311.465073,3437.051593,12.176179,0.065866,12.151587,12.20077,3,0,3,3,0.286998,0.00073,0.286725,0.287271,78.306667,2.79839,77.261848,79.351485,5690.696667,22.466734,5682.308392,5699.084941,1057.733185,14.843777,1052.19105,1063.27532,0.496094,0.006895,0.49352,0.498669,0,0,0,0
D80_balanced_P1_F4_C1_E1,P1,P1,80,concentrated,balanced,4,1,1,0,0,,30,2692,68.433204,2666.449491,2717.550509,1570.566667,3.339248,1569.319911,1571.813422,0.583773,0.014404,0.578395,0.589151,1121.433333,67.542928,1096.215221,1146.651445,1121.533333,67.468375,1096.343057,1146.72361,1662.08227,106.960485,1622.147053,1702.017487,3921.951667,160.859719,3861.892405,3982.010928,13.520122,0.044848,13.503377,13.536867,3,0,3,3,0.283922,0.000484,0.283741,0.284103,50.9,2.218263,50.07178,51.72822,4345.43,10.633037,4341.460004,4349.399996,193.130222,0.472579,192.953778,193.306666,0.452066,0.008078,0.44905,0.455082,0,0,0,0
D80_balanced_P2-B34_F4_C1_E1,P2,P2-B34,80,concentrated,balanced,4,1,1,0,0,34,30,2692,68.433204,2666.449491,2717.550509,1636.233333,4.980537,1634.373779,1638.092888,0.608188,0.015359,0.602453,0.613923,1055.766667,68.416414,1030.222426,1081.310907,1055.866667,68.369046,1030.340112,1081.393221,1526.990942,106.940631,1487.063138,1566.918746,3682.416667,167.779453,3619.773824,3745.059509,12.918566,0.060741,12.895887,12.941244,3,0,3,3,0.285271,0.000638,0.285032,0.285509,33.6,0,33.6,33.6,5021.483333,13.362998,5016.494068,5026.472598,626.377037,0.593911,626.155292,626.598782,0.192081,0.003614,0.190732,0.193431,0,0,0,0
D80_balanced_P3-D_F4_C1_E1,P3-D,P3-D,80,concentrated,balanced,4,1,1,1,0.6,,30,2692,68.433204,2666.449491,2717.550509,1614.266667,5.407105,1612.247847,1616.285486,0.600022,0.015138,0.59437,0.605674,1077.733333,68.342915,1052.216535,1103.250132,1077.833333,68.307158,1052.329885,1103.336781,1541.355251,106.563908,1501.568102,1581.142401,3751.496667,166.907109,3689.179526,3813.813807,13.101426,0.059536,13.079198,13.123655,3,0,3,3,0.284769,0.000688,0.284512,0.285026,39.253333,0.138298,39.201698,39.304969,4893.146667,14.605637,4887.693444,4898.599889,572.373185,0.649139,572.13082,572.615551,0.120736,0.002301,0.119877,0.121595,0.290123,0.00427,0.288529,0.291718
D80_balanced_P0_F4_C1_E1p25,P0,P0,80,concentrated,balanced,4,1,1.25,0,0,,30,2692,68.433204,2666.449491,2717.550509,1724.433333,5.164089,1722.505247,1726.361419,0.640967,0.015973,0.635003,0.64693,967.566667,67.78754,942.257225,992.876108,967.7,67.746561,942.405859,992.994141,1356.811441,105.394476,1317.460916,1396.161966,3374.258333,168.182323,3311.465073,3437.051593,12.176179,0.065866,12.151587,12.20077,3,0,3,3,0.286998,0.00073,0.286725,0.287271,97.883333,3.497988,96.57731,99.189357,7113.370833,28.083417,7102.88549,7123.856176,1322.166481,18.554722,1315.238813,1329.09415,0.496094,0.006895,0.49352,0.498669,0,0,0,0
D80_balanced_P1_F4_C1_E1p25,P1,P1,80,concentrated,balanced,4,1,1.25,0,0,,30,2692,68.433204,2666.449491,2717.550509,1570.566667,3.339248,1569.319911,1571.813422,0.583773,0.014404,0.578395,0.589151,1121.433333,67.542928,1096.215221,1146.651445,1121.533333,67.468375,1096.343057,1146.72361,1662.08227,106.960485,1622.147053,1702.017487,3921.951667,160.859719,3861.892405,3982.010928,13.520122,0.044848,13.503377,13.536867,3,0,3,3,0.283922,0.000484,0.283741,0.284103,63.625,2.772828,62.589725,64.660275,5431.7875,13.291297,5426.825006,5436.749994,241.412778,0.590724,241.192222,241.633333,0.452066,0.008078,0.44905,0.455082,0,0,0,0
D80_balanced_P2-B34_F4_C1_E1p25,P2,P2-B34,80,concentrated,balanced,4,1,1.25,0,0,34,30,2692,68.433204,2666.449491,2717.550509,1596.133333,4.400104,1594.490492,1597.776175,0.593284,0.015011,0.58768,0.598889,1095.866667,68.537296,1070.277293,1121.45604,1095.933333,68.535384,1070.344674,1121.521993,1604.287734,108.203175,1563.888541,1644.686927,3820.451667,166.157112,3758.414548,3882.488785,13.276162,0.051251,13.257027,13.295297,3,0,3,3,0.284423,0.000582,0.284205,0.28464,33.25,0,33.25,33.25,5986.95,14.850353,5981.40541,5992.49459,665.086667,0.660016,664.84024,665.333093,0.073049,0.000674,0.072797,0.0733,0,0,0,0
D80_balanced_P3-D_F4_C1_E1p25,P3-D,P3-D,80,concentrated,balanced,4,1,1.25,1,0.6,,30,2692,68.433204,2666.449491,2717.550509,1489,0,1489,1489,0.553463,0.013959,0.548251,0.558675,1203,68.433204,1177.449491,1228.550509,1203,68.433204,1177.449491,1228.550509,1628.96942,105.785032,1589.473075,1668.465765,4117.293333,166.538932,4055.113657,4179.47301,13.19953,0.061411,13.176601,13.222458,3,0,3,3,0.266383,0.000663,0.266135,0.266631,39.875,0,39.875,39.875,5559.375,0,5559.375,5559.375,601.458333,0,601.458333,601.458333,0.071001,0,0.071001,0.071001,0.064815,0,0.064815,0.064815
D80_balanced_P0_F4_C2_E0p75,P0,P0,80,concentrated,balanced,4,2,0.75,0,0,,30,2692,68.433204,2666.449491,2717.550509,2664.733333,53.494398,2644.76044,2684.706227,0.990036,0.010096,0.986266,0.993805,27.266667,28.441026,16.647806,37.885528,52.233333,26.015491,42.52008,61.946586,56.620148,43.056254,40.544483,72.695812,154.565,95.023819,119.086507,190.043493,0.373341,0.018636,0.366383,0.380299,2,0,2,2,0.443579,0.00901,0.440214,0.446943,99.12,3.612135,97.771358,100.468642,6593.225,133.728124,6543.295705,6643.154295,1223.367222,29.191973,1212.467984,1234.26646,0.495017,0.006021,0.492769,0.497265,0,0,0,0
D80_balanced_P1_F4_C2_E0p75,P1,P1,80,concentrated,balanced,4,2,0.75,0,0,,30,2692,68.433204,2666.449491,2717.550509,2664.733333,53.494398,2644.76044,2684.706227,0.990036,0.010096,0.986266,0.993805,27.266667,28.441026,16.647806,37.885528,52.233333,26.015491,42.52008,61.946586,56.620148,43.056254,40.544483,72.695812,154.565,95.023819,119.086507,190.043493,0.373341,0.018636,0.366383,0.380299,2,0,2,2,0.443579,0.00901,0.440214,0.446943,54.285,2.717858,53.270249,55.299751,6056.645,119.584832,6011.996304,6101.293696,730.011722,18.250084,723.197794,736.82565,0.089803,0.00777,0.086901,0.092704,0,0,0,0
D80_balanced_P2-B34_F4_C2_E0p75,P2,P2-B34,80,concentrated,balanced,4,2,0.75,0,0,34,30,2692,68.433204,2666.449491,2717.550509,2520.633333,27.53491,2510.352783,2530.913883,0.936766,0.018995,0.929674,0.943858,171.366667,55.502397,150.644058,192.089275,174.366667,55.017542,153.825086,194.908248,242.924603,77.612506,213.946871,271.902335,597.62,198.424437,523.535417,671.704583,0.44035,0.014591,0.434902,0.445798,2,0,2,2,0.446786,0.005055,0.444899,0.448673,33.825,0,33.825,33.825,5706.6375,57.347831,5685.225872,5728.049128,656.828333,2.548792,655.876705,657.779961,0.090486,0.003671,0.089115,0.091856,0,0,0,0
D80_balanced_P3-D_F4_C2_E0p75,P3-D,P3-D,80,concentrated,balanced,4,2,0.75,1,0.6,,30,2692,68.433204,2666.449491,2717.550509,2413.766667,14.861854,2408.217782,2419.315551,0.897123,0.019993,0.889658,0.904588,278.233333,61.271405,255.356784,301.109883,278.233333,61.271405,255.356784,301.109883,268.660577,75.553482,240.451611,296.869543,835.391667,216.691744,754.486725,916.296608,0.445315,0.016219,0.439259,0.451371,2,0,2,2,0.430793,0.002695,0.429787,0.431799,44.125,0.593608,43.903368,44.346632,5423.3575,30.12435,5412.110146,5434.604854,596.445611,1.367603,595.934997,596.956225,0.071603,0.000418,0.071446,0.071759,0.124383,0.007854,0.12145,0.127315
D80_balanced_P0_F4_C2_E1,P0,P0,80,concentrated,balanced,4,2,1,0,0,,30,2692,68.433204,2666.449491,2717.550509,2664.733333,53.494398,2644.76044,2684.706227,0.990036,0.010096,0.986266,0.993805,27.266667,28.441026,16.647806,37.885528,52.233333,26.015491,42.52008,61.946586,56.620148,43.056254,40.544483,72.695812,154.565,95.023819,119.086507,190.043493,0.373341,0.018636,0.366383,0.380299,2,0,2,2,0.443579,0.00901,0.440214,0.446943,132.16,4.81618,130.361811,133.958189,8790.966667,178.304165,8724.394273,8857.539061,1631.156296,38.922631,1616.623979,1645.688614,0.495017,0.006021,0.492769,0.497265,0,0,0,0
D80_balanced_P1_F4_C2_E1,P1,P1,80,concentrated,balanced,4,2,1,0,0,,30,2692,68.433204,2666.449491,2717.550509,2541.733333,29.070584,2530.879418,2552.587249,0.944588,0.018426,0.937708,0.951468,150.266667,53.458933,130.307015,170.226319,157.033333,52.289963,137.510133,176.556534,224.821964,75.058275,196.79789,252.846037,541.428333,188.820665,470.929455,611.927212,0.379122,0.014646,0.373653,0.38459,2,0,2,2,0.459448,0.005262,0.457483,0.461413,88.133333,3.014143,87.00796,89.258706,7033.14,79.306284,7003.529872,7062.750128,312.584,3.524724,311.267994,313.900006,0.451119,0.006438,0.448715,0.453523,0,0,0,0
D80_balanced_P2-B34_F4_C2_E1,P2,P2-B34,80,concentrated,balanced,4,2,1,0,0,34,30,2692,68.433204,2666.449491,2717.550509,2045.166667,24.046053,2036.188731,2054.144602,0.760053,0.01526,0.754356,0.765751,646.833333,56.399488,625.775783,667.890884,646.833333,56.399488,625.775783,667.890884,792.828995,58.525534,770.977656,814.680335,2164.506667,157.574269,2105.674074,2223.339259,0.477754,0.017174,0.471342,0.484166,2,0,2,2,0.364973,0.004612,0.36325,0.366695,34,0,34,34,6126.663333,64.997636,6102.395542,6150.931125,675.496148,2.888784,674.41758,676.574717,0.071013,0.00061,0.070785,0.07124,0,0,0,0
D80_balanced_P3-D_F4_C2_E1,P3-D,P3-D,80,concentrated,balanced,4,2,1,1,0.6,,30,2692,68.433204,2666.449491,2717.550509,1863.4,0.770132,1863.11246,1863.68754,0.692629,0.017489,0.686099,0.699158,828.6,68.481863,803.031323,854.168677,828.6,68.481863,803.031323,854.168677,883.312397,81.988732,852.700739,913.924055,2725.385,187.369086,2655.428089,2795.341911,0.490375,0.020642,0.482668,0.498081,2,0,2,2,0.333478,0.000774,0.333189,0.333767,48.52,5.670395,46.402877,50.637123,5565.88,2.152208,5565.076442,5566.683558,602.272444,0.095654,602.236731,602.308158,0.070978,0.000051,0.070959,0.070997,0.064815,0,0.064815,0.064815
D80_balanced_P0_F4_C2_E1p25,P0,P0,80,concentrated,balanced,4,2,1.25,0,0,,30,2692,68.433204,2666.449491,2717.550509,2664.733333,53.494398,2644.76044,2684.706227,0.990036,0.010096,0.986266,0.993805,27.266667,28.441026,16.647806,37.885528,52.233333,26.015491,42.52008,61.946586,56.620148,43.056254,40.544483,72.695812,154.565,95.023819,119.086507,190.043493,0.373341,0.018636,0.366383,0.380299,2,0,2,2,0.443579,0.00901,0.440214,0.446943,165.2,6.020225,162.952264,167.447736,10988.708333,222.880207,10905.492841,11071.923826,2038.94537,48.653289,2020.779974,2057.110767,0.495017,0.006021,0.492769,0.497265,0,0,0,0
D80_balanced_P1_F4_C2_E1p25,P1,P1,80,concentrated,balanced,4,2,1.25,0,0,,30,2692,68.433204,2666.449491,2717.550509,2541.733333,29.070584,2530.879418,2552.587249,0.944588,0.018426,0.937708,0.951468,150.266667,53.458933,130.307015,170.226319,157.033333,52.289963,137.510133,176.556534,224.821964,75.058275,196.79789,252.846037,541.428333,188.820665,470.929455,611.927212,0.379122,0.014646,0.373653,0.38459,2,0,2,2,0.459448,0.005262,0.457483,0.461413,110.166667,3.767679,108.75995,111.573383,8791.425,99.132855,8754.41234,8828.43766,390.73,4.405905,389.084993,392.375007,0.451119,0.006438,0.448715,0.453523,0,0,0,0
D80_balanced_P2-B34_F4_C2_E1p25,P2,P2-B34,80,concentrated,balanced,4,2,1.25,0,0,34,30,2692,68.433204,2666.449491,2717.550509,1679.3,2.336369,1678.427683,1680.172317,0.624194,0.015587,0.618374,0.630013,1012.7,67.982325,987.317833,1038.082167,1012.7,67.982325,987.317833,1038.082167,1343.567158,106.319616,1303.871219,1383.263098,3380.791667,163.495442,3319.74832,3441.835013,0.494646,0.019479,0.487373,0.501919,2,0,2,2,0.300574,0.000741,0.300297,0.30085,33.75,0,33.75,33.75,6267.6375,7.885246,6264.693431,6270.581569,677.561667,0.350455,677.430819,677.692514,0.072101,0.000308,0.071986,0.072216,0,0,0,0
D80_balanced_P3-D_F4_C2_E1p25,P3-D,P3-D,80,concentrated,balanced,4,2,1.25,1,0.6,,30,2692,68.433204,2666.449491,2717.550509,1489,0,1489,1489,0.553463,0.013959,0.548251,0.558675,1203,68.433204,1177.449491,1228.550509,1203,68.433204,1177.449491,1228.550509,1485.835885,96.747957,1449.713661,1521.95811,4006.406667,164.528983,3944.977433,4067.8359,0.520372,0.017715,0.513757,0.526986,2,0,2,2,0.266361,0.000605,0.266135,0.266587,40.191667,0.850794,39.874011,40.509323,5559.375,0,5559.375,5559.375,601.458333,0,601.458333,601.458333,0.071001,0,0.071001,0.071001,0.064815,0,0.064815,0.064815
D80_balanced_P0_F4_CU_E0p75,P0,P0,80,concentrated,balanced,4,unlimited,0.75,0,0,,30,2692,68.433204,2666.449491,2717.550509,2676.033333,59.96751,2653.643611,2698.423055,0.994158,0.006649,0.991675,0.99664,15.966667,18.744164,8.968267,22.965067,40.966667,18.344375,34.117534,47.8158,36.863919,29.00928,26.032892,47.694946,111.165,66.970185,86.16073,136.16927,0,0,0,0,0,0,0,0,0.445455,0.010089,0.441688,0.449222,100.45,4.111569,98.914887,101.985113,6621.1925,149.587791,6565.341773,6677.043227,1228.565222,31.678027,1216.737781,1240.392664,0.495022,0.005938,0.492805,0.497239,0,0,0,0
D80_balanced_P1_F4_CU_E0p75,P1,P1,80,concentrated,balanced,4,unlimited,0.75,0,0,,30,2692,68.433204,2666.449491,2717.550509,2676.033333,59.96751,2653.643611,2698.423055,0.994158,0.006649,0.991675,0.99664,15.966667,18.744164,8.968267,22.965067,40.966667,18.344375,34.117534,47.8158,36.863919,29.00928,26.032892,47.694946,111.165,66.970185,86.16073,136.16927,0,0,0,0,0,0,0,0,0.445455,0.010089,0.441688,0.449222,54.495,2.635479,53.511006,55.478994,6082.4525,134.165223,6032.360008,6132.544992,733.223722,19.446249,725.963189,740.484256,0.089855,0.0078,0.086943,0.092767,0,0,0,0
D80_balanced_P2-B34_F4_CU_E0p75,P2,P2-B34,80,concentrated,balanced,4,unlimited,0.75,0,0,34,30,2692,68.433204,2666.449491,2717.550509,2521.833333,27.417693,2511.596548,2532.070119,0.937213,0.019022,0.93011,0.944315,170.166667,55.549967,149.426297,190.907036,172.7,55.207539,152.087481,193.312519,235.156182,77.23144,206.320727,263.991638,586.196667,198.571699,512.057101,660.336232,0,0,0,0,0,0,0,0,0.447036,0.005018,0.445162,0.448909,33.825,0,33.825,33.825,5709.0425,57.096301,5687.724785,5730.360215,656.935222,2.537613,655.987768,657.882676,0.090193,0.003639,0.088835,0.091552,0,0,0,0
D80_balanced_P3-D_F4_CU_E0p75,P3-D,P3-D,80,concentrated,balanced,4,unlimited,0.75,1,0.6,,30,2692,68.433204,2666.449491,2717.550509,2414.133333,14.848043,2408.589606,2419.677061,0.897259,0.019958,0.889807,0.904711,277.866667,61.168356,255.028592,300.704742,277.866667,61.168356,255.028592,300.704742,240.88619,72.03016,213.992706,267.779673,826.978333,215.78677,746.411276,907.54539,0,0,0,0,0,0,0,0,0.430883,0.002595,0.429914,0.431852,46.025,0.695893,45.765178,46.284822,5424.1,30.098311,5412.862368,5435.337632,596.478611,1.368098,595.967812,596.98941,0.071594,0.000412,0.07144,0.071748,0.123611,0.008078,0.120595,0.126627
D80_balanced_P0_F4_CU_E1,P0,P0,80,concentrated,balanced,4,unlimited,1,0,0,,30,2692,68.433204,2666.449491,2717.550509,2676.033333,59.96751,2653.643611,2698.423055,0.994158,0.006649,0.991675,0.99664,15.966667,18.744164,8.968267,22.965067,40.966667,18.344375,34.117534,47.8158,36.863919,29.00928,26.032892,47.694946,111.165,66.970185,86.16073,136.16927,0,0,0,0,0,0,0,0,0.445455,0.010089,0.441688,0.449222,133.933333,5.482092,131.886516,135.98015,8828.256667,199.450387,8753.78903,8902.724303,1638.086963,42.237369,1622.317041,1653.856885,0.495022,0.005938,0.492805,0.497239,0,0,0,0
D80_balanced_P1_F4_CU_E1,P1,P1,80,concentrated,balanced,4,unlimited,1,0,0,,30,2692,68.433204,2666.449491,2717.550509,2579.2,29.342684,2568.244492,2590.155508,0.958506,0.018355,0.951653,0.965359,112.8,52.465687,93.21119,132.38881,124.266667,48.760451,106.061259,142.472074,175.284599,73.652285,147.785471,202.783726,420.551667,176.400575,354.690005,486.413328,0,0,0,0,0,0,0,0,0.466213,0.00532,0.464227,0.4682,89.9,2.656806,88.908044,90.891956,7136.826667,80.234411,7106.870009,7166.783324,317.192296,3.565974,315.860889,318.523703,0.451103,0.006267,0.448764,0.453443,0,0,0,0
D80_balanced_P2-B34_F4_CU_E1,P2,P2-B34,80,concentrated,balanced,4,unlimited,1,0,0,34,30,2692,68.433204,2666.449491,2717.550509,2045.166667,24.046053,2036.188731,2054.144602,0.760053,0.01526,0.754356,0.765751,646.833333,56.399488,625.775783,667.890884,646.833333,56.399488,625.775783,667.890884,789.02644,58.551513,767.165401,810.88748,2158.408333,156.773102,2099.874868,2216.941799,0,0,0,0,0,0,0,0,0.364986,0.004608,0.363265,0.366706,34,0,34,34,6126.67,65.00182,6102.400647,6150.939353,675.496444,2.88897,674.417807,676.575082,0.071013,0.000609,0.070786,0.071241,0,0,0,0
D80_balanced_P3-D_F4_CU_E1,P3-D,P3-D,80,concentrated,balanced,4,unlimited,1,1,0.6,,30,2692,68.433204,2666.449491,2717.550509,1863.366667,0.668675,1863.117007,1863.616326,0.692616,0.017476,0.686091,0.699141,828.633333,68.449067,803.076902,854.189765,828.633333,68.449067,803.076902,854.189765,880.033658,82.02157,849.40974,910.657577,2720.393333,186.763682,2650.662459,2790.124208,0,0,0,0,0,0,0,0,0.333464,0.000769,0.333176,0.333751,48.42,5.730343,46.280495,50.559505,5565.79,1.874024,5565.090307,5566.489693,602.268444,0.08329,602.237347,602.299542,0.070975,0.000043,0.070959,0.070992,0.064815,0,0.064815,0.064815
D80_balanced_P0_F4_CU_E1p25,P0,P0,80,concentrated,balanced,4,unlimited,1.25,0,0,,30,2692,68.433204,2666.449491,2717.550509,2676.033333,59.96751,2653.643611,2698.423055,0.994158,0.006649,0.991675,0.99664,15.966667,18.744164,8.968267,22.965067,40.966667,18.344375,34.117534,47.8158,36.863919,29.00928,26.032892,47.694946,111.165,66.970185,86.16073,136.16927,0,0,0,0,0,0,0,0,0.445455,0.010089,0.441688,0.449222,167.416667,6.852615,164.858145,169.975188,11035.320833,249.312984,10942.236288,11128.405379,2047.608704,52.796711,2027.896301,2067.321106,0.495022,0.005938,0.492805,0.497239,0,0,0,0
D80_balanced_P1_F4_CU_E1p25,P1,P1,80,concentrated,balanced,4,unlimited,1.25,0,0,,30,2692,68.433204,2666.449491,2717.550509,2579.2,29.342684,2568.244492,2590.155508,0.958506,0.018355,0.951653,0.965359,112.8,52.465687,93.21119,132.38881,124.266667,48.760451,106.061259,142.472074,175.284599,73.652285,147.785471,202.783726,420.551667,176.400575,354.690005,486.413328,0,0,0,0,0,0,0,0,0.466213,0.00532,0.464227,0.4682,112.375,3.321008,111.135054,113.614946,8921.033333,100.293013,8883.587512,8958.479155,396.49037,4.457467,394.826112,398.154629,0.451103,0.006267,0.448764,0.453443,0,0,0,0
D80_balanced_P2-B34_F4_CU_E1p25,P2,P2-B34,80,concentrated,balanced,4,unlimited,1.25,0,0,34,30,2692,68.433204,2666.449491,2717.550509,1679.3,2.336369,1678.427683,1680.172317,0.624194,0.015587,0.618374,0.630013,1012.7,67.982325,987.317833,1038.082167,1012.7,67.982325,987.317833,1038.082167,1339.424089,106.151175,1299.79104,1379.057139,3375.845,164.118984,3314.568845,3437.121155,0,0,0,0,0,0,0,0,0.300574,0.000741,0.300297,0.30085,33.75,0,33.75,33.75,6267.6375,7.885246,6264.693431,6270.581569,677.561667,0.350455,677.430819,677.692514,0.072101,0.000308,0.071986,0.072216,0,0,0,0
D80_balanced_P3-D_F4_CU_E1p25,P3-D,P3-D,80,concentrated,balanced,4,unlimited,1.25,1,0.6,,30,2692,68.433204,2666.449491,2717.550509,1489,0,1489,1489,0.553463,0.013959,0.548251,0.558675,1203,68.433204,1177.449491,1228.550509,1203,68.433204,1177.449491,1228.550509,1482.295679,96.519845,1446.258624,1518.332735,4002.406667,164.150583,3941.118714,4063.694619,0,0,0,0,0,0,0,0,0.266373,0.000603,0.266148,0.266598,40.15,0.759565,39.866405,40.433595,5559.375,0,5559.375,5559.375,601.458333,0,601.458333,601.458333,0.071001,0,0.071001,0.071001,0.064815,0,0.064815,0.064815
D80_balanced_P0_F8_C1_E0p75,P0,P0,80,concentrated,balanced,8,1,0.75,0,0,,30,2692,68.433204,2666.449491,2717.550509,1728.433333,5.164089,1726.505247,1730.361419,0.642453,0.01601,0.636476,0.648431,963.566667,67.78754,938.257225,988.876108,963.7,67.746561,938.405859,988.994141,1336.021026,105.245164,1296.726249,1375.315804,3359.065,170.002353,3295.592206,3422.537794,38.255822,0.496291,38.070525,38.441119,7,0,7,7,0.143832,0.000363,0.143696,0.143967,59.15,2.228808,58.317843,59.982157,4277.9525,17.060793,4271.58261,4284.32239,795.176222,11.28362,790.963322,799.389122,0.496118,0.006945,0.493525,0.49871,0,0,0,0
D80_balanced_P1_F8_C1_E0p75,P1,P1,80,concentrated,balanced,8,1,0.75,0,0,,30,2692,68.433204,2666.449491,2717.550509,1728.433333,5.164089,1726.505247,1730.361419,0.642453,0.01601,0.636476,0.648431,963.566667,67.78754,938.257225,988.876108,963.7,67.746561,938.405859,988.994141,1336.021026,105.245164,1296.726249,1375.315804,3359.065,170.002353,3295.592206,3422.537794,38.255822,0.496291,38.070525,38.441119,7,0,7,7,0.143832,0.000363,0.143696,0.143967,33.3925,2.484791,32.464768,34.320232,3929.6325,18.920036,3922.568436,3936.696564,474.915333,10.579284,470.965407,478.865259,0.090964,0.008817,0.087672,0.094256,0,0,0,0
D80_balanced_P2-B34_F8_C1_E0p75,P2,P2-B34,80,concentrated,balanced,8,1,0.75,0,0,34,30,2692,68.433204,2666.449491,2717.550509,1677.366667,4.460426,1675.701303,1679.03203,0.623469,0.015408,0.617717,0.629222,1014.633333,67.451379,989.449403,1039.817264,1014.766667,67.386013,989.607141,1039.926192,1433.742212,105.163403,1394.477961,1473.006463,3535.875,163.007497,3475.013835,3596.736165,39.589052,0.417888,39.433028,39.745077,7,0,7,7,0.143359,0.000332,0.143236,0.143483,33.6,0,33.6,33.6,3967.4225,9.613537,3963.833149,3971.011851,579.529889,0.427268,579.370362,579.689416,0.304014,0.005485,0.301966,0.306062,0,0,0,0
D80_balanced_P3-D_F8_C1_E0p75,P3-D,P3-D,80,concentrated,balanced,8,1,0.75,1,0.6,,30,2692,68.433204,2666.449491,2717.550509,1665.2,4.482918,1663.526239,1666.873761,0.618945,0.015216,0.613264,0.624626,1026.8,67.224995,1001.700593,1051.899407,1026.9,67.197778,1001.810755,1051.989245,1442.66944,103.638177,1403.974654,1481.364226,3577.97,163.556431,3516.903882,3639.036118,39.852766,0.437628,39.689372,40.016161,7,0,7,7,0.143219,0.000353,0.143088,0.143351,39.9,0,39.9,39.9,3893.635,9.710485,3890.009452,3897.260548,528.475444,0.431577,528.314309,528.63658,0.268353,0.007612,0.265511,0.271195,0.343056,0.004606,0.341336,0.344775
D80_balanced_P0_F8_C1_E1,P0,P0,80,concentrated,balanced,8,1,1,0,0,,30,2692,68.433204,2666.449491,2717.550509,1728.433333,5.164089,1726.505247,1730.361419,0.642453,0.01601,0.636476,0.648431,963.566667,67.78754,938.257225,988.876108,963.7,67.746561,938.405859,988.994141,1336.021026,105.245164,1296.726249,1375.315804,3359.065,170.002353,3295.592206,3422.537794,38.255822,0.496291,38.070525,38.441119,7,0,7,7,0.143832,0.000363,0.143696,0.143967,78.866667,2.971744,77.757124,79.97621,5703.936667,22.747724,5695.443481,5712.429853,1060.234963,15.044826,1054.617763,1065.852163,0.496118,0.006945,0.493525,0.49871,0,0,0,0
D80_balanced_P1_F8_C1_E1,P1,P1,80,concentrated,balanced,8,1,1,0,0,,30,2692,68.433204,2666.449491,2717.550509,1574.566667,3.339248,1573.319911,1575.813422,0.58526,0.014442,0.579868,0.590652,1117.433333,67.542928,1092.215221,1142.651445,1117.533333,67.468375,1092.343057,1142.72361,1639.61768,106.955903,1599.684173,1679.551186,3905.601667,160.291613,3845.754515,3965.448818,42.466587,0.280806,42.361744,42.57143,7,0,7,7,0.142322,0.000244,0.142231,0.142413,51.266667,2.362543,50.384578,52.148756,4356.45,10.599309,4352.492597,4360.407403,193.62,0.47108,193.444115,193.795885,0.452167,0.008057,0.449159,0.455175,0,0,0,0
D80_balanced_P2-B34_F8_C1_E1,P2,P2-B34,80,concentrated,balanced,8,1,1,0,0,34,30,2692,68.433204,2666.449491,2717.550509,1640.933333,5.232085,1638.97986,1642.886807,0.609936,0.015456,0.604165,0.615707,1051.066667,68.551985,1025.471809,1076.661525,1051.1,68.527543,1025.514268,1076.685732,1505.953532,107.301776,1465.890889,1546.016175,3665.256667,167.923333,3602.560104,3727.953229,40.538138,0.390352,40.392395,40.683882,7,0,7,7,0.143011,0.000308,0.142896,0.143126,33.6,0,33.6,33.6,5034.353333,14.0141,5029.12097,5039.585697,626.949037,0.622849,626.716488,627.181587,0.190445,0.003558,0.189117,0.191773,0,0,0,0
D80_balanced_P3-D_F8_C1_E1,P3-D,P3-D,80,concentrated,balanced,8,1,1,1,0.6,,30,2692,68.433204,2666.449491,2717.550509,1618.5,5.450403,1616.465014,1620.534986,0.601596,0.015185,0.595926,0.607265,1073.5,68.357453,1047.977774,1099.022226,1073.566667,68.349852,1048.047278,1099.086055,1521.465781,106.127049,1481.841739,1561.089822,3739.068333,166.148379,3677.034475,3801.102192,41.085867,0.420123,40.929008,41.242726,7,0,7,7,0.142779,0.000342,0.142651,0.142906,39.346667,0.196053,39.273467,39.419866,4904.563333,14.718707,4899.067895,4910.058772,572.880593,0.654165,572.636351,573.124834,0.118897,0.002314,0.118033,0.119762,0.285648,0.004409,0.284002,0.287294
D80_balanced_P0_F8_C1_E1p25,P0,P0,80,concentrated,balanced,8,1,1.25,0,0,,30,2692,68.433204,2666.449491,2717.550509,1728.433333,5.164089,1726.505247,1730.361419,0.642453,0.01601,0.636476,0.648431,963.566667,67.78754,938.257225,988.876108,963.7,67.746561,938.405859,988.994141,1336.021026,105.245164,1296.726249,1375.315804,3359.065,170.002353,3295.592206,3422.537794,38.255822,0.496291,38.070525,38.441119,7,0,7,7,0.143832,0.000363,0.143696,0.143967,98.583333,3.71468,97.196405,99.970262,7129.920833,28.434655,7119.304351,7140.537316,1325.293704,18.806033,1318.272204,1332.315203,0.496118,0.006945,0.493525,0.49871,0,0,0,0
D80_balanced_P1_F8_C1_E1p25,P1,P1,80,concentrated,balanced,8,1,1.25,0,0,,30,2692,68.433204,2666.449491,2717.550509,1574.566667,3.339248,1573.319911,1575.813422,0.58526,0.014442,0.579868,0.590652,1117.433333,67.542928,1092.215221,1142.651445,1117.533333,67.468375,1092.343057,1142.72361,1639.61768,106.955903,1599.684173,1679.551186,3905.601667,160.291613,3845.754515,3965.448818,42.466587,0.280806,42.361744,42.57143,7,0,7,7,0.142322,0.000244,0.142231,0.142413,64.083333,2.953179,62.980722,65.185945,5445.5625,13.249136,5440.615747,5450.509253,242.025,0.58885,241.805144,242.244856,0.452167,0.008057,0.449159,0.455175,0,0,0,0
D80_balanced_P2-B34_F8_C1_E1p25,P2,P2-B34,80,concentrated,balanced,8,1,1.25,0,0,34,30,2692,68.433204,2666.449491,2717.550509,1600.433333,4.62887,1598.705079,1602.161588,0.594881,0.015007,0.589278,0.600484,1091.566667,68.405829,1066.026378,1117.106955,1091.633333,68.4022,1066.0944,1117.172267,1584.136634,108.331795,1543.689419,1624.58385,3804.83,167.081788,3742.44764,3867.21236,41.640617,0.321837,41.520454,41.760779,7,0,7,7,0.14261,0.000295,0.142499,0.14272,33.566667,0.245066,33.475168,33.658166,6001.4625,15.622436,5995.629642,6007.295358,665.731667,0.69433,665.472429,665.990905,0.072461,0.000656,0.072216,0.072706,0,0,0,0
D80_balanced_P3-D_F8_C1_E1p25,P3-D,P3-D,80,concentrated,balanced,8,1,1.25,1,0.6,,30,2692,68.433204,2666.449491,2717.550509,1489,0,1489,1489,0.553463,0.013959,0.548251,0.558675,1203,68.433204,1177.449491,1228.550509,1203,68.433204,1177.449491,1228.550509,1601.983703,106.133505,1562.357251,1641.610155,4090.22,166.985057,4027.873756,4152.566244,40.297269,0.382057,40.154622,40.439915,7,0,7,7,0.133207,0.000308,0.133092,0.133323,39.879167,0.022822,39.870646,39.887688,5559.375,0,5559.375,5559.375,601.458333,0,601.458333,601.458333,0.071001,0,0.071001,0.071001,0.064815,0,0.064815,0.064815
D80_balanced_P0_F8_C2_E0p75,P0,P0,80,concentrated,balanced,8,2,0.75,0,0,,30,2692,68.433204,2666.449491,2717.550509,2688.666667,68.464103,2663.104621,2714.228712,0.998761,0.00095,0.998406,0.999116,3.333333,2.577533,2.370975,4.295692,17.133333,5.587753,15.047066,19.2196,4.55353,2.446705,3.640018,5.467042,27.595,14.896704,22.033104,33.156896,5.974887,0.648643,5.732707,6.217067,5.933333,0.253708,5.838608,6.028059,0.223772,0.005749,0.221625,0.225918,104.895,4.927638,103.055196,106.734804,6652.765,169.511065,6589.475635,6716.054365,1234.745944,33.976029,1222.060511,1247.431378,0.495196,0.005778,0.493038,0.497353,0,0,0,0
D80_balanced_P1_F8_C2_E0p75,P1,P1,80,concentrated,balanced,8,2,0.75,0,0,,30,2692,68.433204,2666.449491,2717.550509,2688.666667,68.464103,2663.104621,2714.228712,0.998761,0.00095,0.998406,0.999116,3.333333,2.577533,2.370975,4.295692,17.133333,5.587753,15.047066,19.2196,4.55353,2.446705,3.640018,5.467042,27.595,14.896704,22.033104,33.156896,5.974887,0.648643,5.732707,6.217067,5.933333,0.253708,5.838608,6.028059,0.223772,0.005749,0.221625,0.225918,56.07,3.766701,54.663649,57.476351,6111.465,153.835569,6054.028304,6168.901696,737.050667,21.129259,729.161758,744.939576,0.089938,0.007738,0.087049,0.092827,0,0,0,0
D80_balanced_P2-B34_F8_C2_E0p75,P2,P2-B34,80,concentrated,balanced,8,2,0.75,0,0,34,30,2692,68.433204,2666.449491,2717.550509,2524.266667,26.768398,2514.272305,2534.261028,0.938121,0.019103,0.930988,0.945253,167.733333,55.699275,146.937218,188.529449,169.366667,55.381114,148.689341,190.043993,210.959727,77.152533,182.153732,239.765722,550.016667,198.476174,475.912767,624.120567,9.84318,0.357325,9.709768,9.976593,6,0,6,6,0.223746,0.002436,0.222837,0.224656,33.825,0,33.825,33.825,5713.975,55.790792,5693.144715,5734.805285,657.154444,2.479591,656.228654,658.080235,0.089702,0.003495,0.088397,0.091007,0,0,0,0
D80_balanced_P3-D_F8_C2_E0p75,P3-D,P3-D,80,concentrated,balanced,8,2,0.75,1,0.6,,30,2692,68.433204,2666.449491,2717.550509,2414.3,14.909266,2408.733414,2419.866586,0.89732,0.019909,0.889886,0.904753,277.7,61.04049,254.909666,300.490334,277.7,61.04049,254.909666,300.490334,189.822246,66.006097,165.177931,214.46656,805.296667,215.231822,724.936807,885.656526,9.537927,0.482377,9.357824,9.718029,6,0,6,6,0.215421,0.001331,0.214924,0.215918,51.05,1.275431,50.5738,51.5262,5424.4375,30.225164,5413.152505,5435.722495,596.493611,1.376179,595.979795,597.007427,0.071592,0.000422,0.071434,0.07175,0.121296,0.007026,0.118673,0.12392
D80_balanced_P0_F8_C2_E1,P0,P0,80,concentrated,balanced,8,2,1,0,0,,30,2692,68.433204,2666.449491,2717.550509,2688.666667,68.464103,2663.104621,2714.228712,0.998761,0.00095,0.998406,0.999116,3.333333,2.577533,2.370975,4.295692,17.133333,5.587753,15.047066,19.2196,4.55353,2.446705,3.640018,5.467042,27.595,14.896704,22.033104,33.156896,5.974887,0.648643,5.732707,6.217067,5.933333,0.253708,5.838608,6.028059,0.223772,0.005749,0.221625,0.225918,139.86,6.570183,137.406929,142.313071,8870.353333,226.014753,8785.967513,8954.739153,1646.327926,45.301371,1629.414015,1663.241837,0.495196,0.005778,0.493038,0.497353,0,0,0,0
D80_balanced_P1_F8_C2_E1,P1,P1,80,concentrated,balanced,8,2,1,0,0,,30,2692,68.433204,2666.449491,2717.550509,2671.433333,55.532956,2650.699315,2692.167352,0.992495,0.00838,0.989366,0.995624,20.566667,23.639072,11.740683,29.39265,44.566667,22.299966,36.240657,52.892676,41.167562,37.106164,27.313448,55.021676,125.986667,82.363601,95.235046,156.738287,9.445675,0.850287,9.128208,9.763142,5.966667,0.182574,5.8985,6.034833,0.241445,0.00497,0.23959,0.243301,94.233333,3.328905,92.990439,95.476227,7391.856667,153.518079,7334.538511,7449.174823,328.526963,6.823026,325.979489,331.074437,0.451348,0.006495,0.448923,0.453774,0,0,0,0
D80_balanced_P2-B34_F8_C2_E1,P2,P2-B34,80,concentrated,balanced,8,2,1,0,0,34,30,2692,68.433204,2666.449491,2717.550509,2045.466667,24.204208,2036.429682,2054.503652,0.760165,0.015293,0.754455,0.765875,646.533333,56.45855,625.453732,667.612935,646.533333,56.45855,625.453732,667.612935,773.278876,58.610548,751.395795,795.161956,2136.661667,155.599075,2078.566541,2194.756792,9.521943,0.227355,9.437057,9.60683,6,0,6,6,0.182517,0.002304,0.181656,0.183377,34,0,34,34,6127.493333,65.437277,6103.061396,6151.92527,675.533037,2.908323,674.447173,676.618901,0.07101,0.00061,0.070782,0.071238,0,0,0,0
D80_balanced_P3-D_F8_C2_E1,P3-D,P3-D,80,concentrated,balanced,8,2,1,1,0.6,,30,2692,68.433204,2666.449491,2717.550509,1863.433333,0.897634,1863.098189,1863.768478,0.692641,0.017478,0.686115,0.699166,828.566667,68.450175,803.009821,854.123512,828.566667,68.450175,803.009821,854.123512,866.419356,82.069917,835.777386,897.061325,2700.765,186.903649,2630.981867,2770.548133,9.067612,0.216073,8.986938,9.148286,6,0,6,6,0.166722,0.000402,0.166572,0.166872,48.286667,5.66019,46.173354,50.399979,5565.97,2.497606,5565.037483,5566.902517,602.276444,0.111005,602.234999,602.31789,0.07098,0.000062,0.070957,0.071003,0.064815,0,0.064815,0.064815
D80_balanced_P0_F8_C2_E1p25,P0,P0,80,concentrated,balanced,8,2,1.25,0,0,,30,2692,68.433204,2666.449491,2717.550509,2688.666667,68.464103,2663.104621,2714.228712,0.998761,0.00095,0.998406,0.999116,3.333333,2.577533,2.370975,4.295692,17.133333,5.587753,15.047066,19.2196,4.55353,2.446705,3.640018,5.467042,27.595,14.896704,22.033104,33.156896,5.974887,0.648643,5.732707,6.217067,5.933333,0.253708,5.838608,6.028059,0.223772,0.005749,0.221625,0.225918,174.825,8.212729,171.758661,177.891339,11087.941667,282.518442,10982.459392,11193.423942,2057.909907,56.626714,2036.767519,2079.052296,0.495196,0.005778,0.493038,0.497353,0,0,0,0
D80_balanced_P1_F8_C2_E1p25,P1,P1,80,concentrated,balanced,8,2,1.25,0,0,,30,2692,68.433204,2666.449491,2717.550509,2671.433333,55.532956,2650.699315,2692.167352,0.992495,0.00838,0.989366,0.995624,20.566667,23.639072,11.740683,29.39265,44.566667,22.299966,36.240657,52.892676,41.167562,37.106164,27.313448,55.021676,125.986667,82.363601,95.235046,156.738287,9.445675,0.850287,9.128208,9.763142,5.966667,0.182574,5.8985,6.034833,0.241445,0.00497,0.23959,0.243301,117.791667,4.161131,116.238049,119.345284,9239.820833,191.897598,9168.173138,9311.468529,410.658704,8.528782,407.474362,413.843046,0.451348,0.006495,0.448923,0.453774,0,0,0,0
D80_balanced_P2-B34_F8_C2_E1p25,P2,P2-B34,80,concentrated,balanced,8,2,1.25,0,0,34,30,2692,68.433204,2666.449491,2717.550509,1679.3,2.336369,1678.427683,1680.172317,0.624194,0.015587,0.618374,0.630013,1012.7,67.982325,987.317833,1038.082167,1012.7,67.982325,987.317833,1038.082167,1322.81058,105.443201,1283.441862,1362.179297,3357.163333,164.835123,3295.619798,3418.706869,11.611651,0.567519,11.39976,11.823542,6,0,6,6,0.150287,0.00037,0.150149,0.150425,33.75,0,33.75,33.75,6267.6375,7.885246,6264.693431,6270.581569,677.561667,0.350455,677.430819,677.692514,0.072101,0.000308,0.071986,0.072216,0,0,0,0
D80_balanced_P3-D_F8_C2_E1p25,P3-D,P3-D,80,concentrated,balanced,8,2,1.25,1,0.6,,30,2692,68.433204,2666.449491,2717.550509,1489,0,1489,1489,0.553463,0.013959,0.548251,0.558675,1203,68.433204,1177.449491,1228.550509,1203,68.433204,1177.449491,1228.550509,1468.446564,95.774899,1432.687644,1504.205483,3984.74,163.54708,3923.677374,4045.802626,10.374256,0.570783,10.161146,10.587366,6,0,6,6,0.133196,0.000296,0.133085,0.133306,40.15,0.759565,39.866405,40.433595,5559.375,0,5559.375,5559.375,601.458333,0,601.458333,601.458333,0.071001,0,0.071001,0.071001,0.064815,0,0.064815,0.064815
D80_balanced_P0_F8_CU_E0p75,P0,P0,80,concentrated,balanced,8,unlimited,0.75,0,0,,30,2692,68.433204,2666.449491,2717.550509,2689.733333,68.130166,2664.295968,2715.170699,0.99916,0.000535,0.998961,0.99936,2.266667,1.460593,1.721333,2.812,5.8,0.996546,5.427925,6.172075,0.167865,0.023556,0.15907,0.17666,0.266667,0.449776,0.098736,0.434597,0,0,0,0,0,0,0,0,0.223862,0.005723,0.221725,0.225999,107.485,5.721152,105.348927,109.621073,6655.385,168.677813,6592.406742,6718.363258,1235.212389,33.833046,1222.580341,1247.844437,0.495186,0.005785,0.493026,0.497346,0,0,0,0
D80_balanced_P1_F8_CU_E0p75,P1,P1,80,concentrated,balanced,8,unlimited,0.75,0,0,,30,2692,68.433204,2666.449491,2717.550509,2689.733333,68.130166,2664.295968,2715.170699,0.99916,0.000535,0.998961,0.99936,2.266667,1.460593,1.721333,2.812,5.8,0.996546,5.427925,6.172075,0.167865,0.023556,0.15907,0.17666,0.266667,0.449776,0.098736,0.434597,0,0,0,0,0,0,0,0,0.223862,0.005723,0.221725,0.225999,56.77,2.891146,55.69055,57.84945,6113.825,152.963624,6056.713857,6170.936143,737.278056,20.996703,729.438638,745.117473,0.089919,0.007748,0.087026,0.092812,0,0,0,0
D80_balanced_P2-B34_F8_CU_E0p75,P2,P2-B34,80,concentrated,balanced,8,unlimited,0.75,0,0,34,30,2692,68.433204,2666.449491,2717.550509,2524.7,26.664131,2514.744568,2534.655432,0.938281,0.019064,0.931164,0.945399,167.3,55.592204,146.543861,188.056139,168.933333,55.256102,148.302683,189.563984,159.476971,71.725422,132.697265,186.256676,486.595,188.295098,416.29235,556.89765,0,0,0,0,0,0,0,0,0.223773,0.002439,0.222862,0.224684,33.825,0,33.825,33.825,5714.8525,55.570525,5694.104455,5735.600545,657.193444,2.469801,656.271309,658.11558,0.089618,0.0035,0.088311,0.090925,0,0,0,0
D80_balanced_P3-D_F8_CU_E0p75,P3-D,P3-D,80,concentrated,balanced,8,unlimited,0.75,1,0.6,,30,2692,68.433204,2666.449491,2717.550509,2414.333333,14.90275,2408.76918,2419.897487,0.897332,0.019912,0.889898,0.904766,277.666667,61.045677,254.874396,300.458938,277.666667,61.045677,254.874396,300.458938,150.329694,58.031955,128.662639,171.996749,755.358333,219.737,673.316402,837.400265,0,0,0,0,0,0,0,0,0.21541,0.001311,0.214921,0.2159,55.675,4.402757,54.031168,57.318832,5424.505,30.21203,5413.224909,5435.785091,596.496611,1.375649,595.982993,597.010229,0.071592,0.000422,0.071434,0.071749,0.120833,0.006915,0.118251,0.123415
D80_balanced_P0_F8_CU_E1,P0,P0,80,concentrated,balanced,8,unlimited,1,0,0,,30,2692,68.433204,2666.449491,2717.550509,2689.733333,68.130166,2664.295968,2715.170699,0.99916,0.000535,0.998961,0.99936,2.266667,1.460593,1.721333,2.812,5.8,0.996546,5.427925,6.172075,0.167865,0.023556,0.15907,0.17666,0.266667,0.449776,0.098736,0.434597,0,0,0,0,0,0,0,0,0.223862,0.005723,0.221725,0.225999,143.313333,7.628202,140.465236,146.161431,8873.846667,224.903751,8789.875655,8957.817678,1646.949852,45.110727,1630.107121,1663.792583,0.495186,0.005785,0.493026,0.497346,0,0,0,0
D80_balanced_P1_F8_CU_E1,P1,P1,80,concentrated,balanced,8,unlimited,1,0,0,,30,2692,68.433204,2666.449491,2717.550509,2689.7,68.182387,2664.243137,2715.156863,0.999148,0.000538,0.998947,0.999349,2.3,1.4657,1.75276,2.84724,6.033333,0.927857,5.686905,6.379762,0.236178,0.036722,0.222467,0.249889,1.353333,0.687064,1.096808,1.609859,0,0,0,0,0,0,0,0,0.243103,0.006121,0.240818,0.245388,102.366667,5.448716,100.332311,104.401022,7442.263333,188.841239,7371.756773,7512.769893,330.767259,8.392944,327.633634,333.900884,0.451529,0.006264,0.44919,0.453867,0,0,0,0
D80_balanced_P2-B34_F8_CU_E1,P2,P2-B34,80,concentrated,balanced,8,unlimited,1,0,0,34,30,2692,68.433204,2666.449491,2717.550509,2045.466667,24.204208,2036.429682,2054.503652,0.760165,0.015293,0.754455,0.765875,646.533333,56.45855,625.453732,667.612935,646.533333,56.45855,625.453732,667.612935,733.86302,58.486459,712.026269,755.69977,2103.161667,156.476143,2044.739075,2161.584258,0,0,0,0,0,0,0,0,0.182516,0.002304,0.181656,0.183376,34,0,34,34,6127.493333,65.437277,6103.061396,6151.92527,675.533037,2.908323,674.447173,676.618901,0.07101,0.00061,0.070782,0.071238,0,0,0,0
D80_balanced_P3-D_F8_CU_E1,P3-D,P3-D,80,concentrated,balanced,8,unlimited,1,1,0.6,,30,2692,68.433204,2666.449491,2717.550509,1863.4,0.855006,1863.080772,1863.719228,0.692628,0.017458,0.68611,0.699146,828.6,68.400242,803.061798,854.138202,828.6,68.400242,803.061798,854.138202,835.656683,82.062163,805.017609,866.295758,2670.876667,187.560648,2600.848234,2740.9051,0,0,0,0,0,0,0,0,0.166718,0.000396,0.16657,0.166865,48.253333,5.646588,46.1451,50.361567,5565.88,2.382175,5564.990581,5566.769419,602.272444,0.105874,602.232915,602.311974,0.070977,0.000059,0.070955,0.070999,0.064815,0,0.064815,0.064815
D80_balanced_P0_F8_CU_E1p25,P0,P0,80,concentrated,balanced,8,unlimited,1.25,0,0,,30,2692,68.433204,2666.449491,2717.550509,2689.733333,68.130166,2664.295968,2715.170699,0.99916,0.000535,0.998961,0.99936,2.266667,1.460593,1.721333,2.812,5.8,0.996546,5.427925,6.172075,0.167865,0.023556,0.15907,0.17666,0.266667,0.449776,0.098736,0.434597,0,0,0,0,0,0,0,0,0.223862,0.005723,0.221725,0.225999,179.141667,9.535253,175.581544,182.701789,11092.308333,281.129688,10987.344569,11197.272097,2058.687315,56.388409,2037.633901,2079.740729,0.495186,0.005785,0.493026,0.497346,0,0,0,0
D80_balanced_P1_F8_CU_E1p25,P1,P1,80,concentrated,balanced,8,unlimited,1.25,0,0,,30,2692,68.433204,2666.449491,2717.550509,2689.7,68.182387,2664.243137,2715.156863,0.999148,0.000538,0.998947,0.999349,2.3,1.4657,1.75276,2.84724,6.033333,0.927857,5.686905,6.379762,0.236178,0.036722,0.222467,0.249889,1.353333,0.687064,1.096808,1.609859,0,0,0,0,0,0,0,0,0.243103,0.006121,0.240818,0.245388,127.958333,6.810895,125.415389,130.501278,9302.829167,236.051548,9214.695967,9390.962367,413.459074,10.49118,409.542043,417.376105,0.451529,0.006264,0.44919,0.453867,0,0,0,0
D80_balanced_P2-B34_F8_CU_E1p25,P2,P2-B34,80,concentrated,balanced,8,unlimited,1.25,0,0,34,30,2692,68.433204,2666.449491,2717.550509,1679.3,2.336369,1678.427683,1680.172317,0.624194,0.015587,0.618374,0.630013,1012.7,67.982325,987.317833,1038.082167,1012.7,67.982325,987.317833,1038.082167,1284.275975,103.063098,1245.795903,1322.756047,3336.091667,167.624202,3273.506789,3398.676544,0,0,0,0,0,0,0,0,0.150287,0.00037,0.150149,0.150425,33.75,0,33.75,33.75,6267.6375,7.885246,6264.693431,6270.581569,677.561667,0.350455,677.430819,677.692514,0.072101,0.000308,0.071986,0.072216,0,0,0,0
D80_balanced_P3-D_F8_CU_E1p25,P3-D,P3-D,80,concentrated,balanced,8,unlimited,1.25,1,0.6,,30,2692,68.433204,2666.449491,2717.550509,1489,0,1489,1489,0.553463,0.013959,0.548251,0.558675,1203,68.433204,1177.449491,1228.550509,1203,68.433204,1177.449491,1228.550509,1440.424647,94.279001,1405.224243,1475.625052,3962.96,163.187224,3902.031731,4023.888269,0,0,0,0,0,0,0,0,0.133196,0.000296,0.133085,0.133306,40.15,0.759565,39.866405,40.433595,5559.375,0,5559.375,5559.375,601.458333,0,601.458333,601.458333,0.071001,0,0.071001,0.071001,0.064815,0,0.064815,0.064815
D80_edge-weighted_P0_F2_C1_E0p75,P0,P0,80,concentrated,edge-weighted,2,1,0.75,0,0,,30,2692,68.433204,2666.449491,2717.550509,1536.233333,3.03637,1535.099662,1537.367005,0.571017,0.014323,0.565669,0.576365,1155.766667,68.185691,1130.30857,1181.224763,1155.833333,68.14087,1130.391971,1181.274695,1738.761863,108.196719,1698.36508,1779.158645,4042.996667,162.547891,3982.307102,4103.686231,0.285508,0.012572,0.280814,0.290202,1,0,1,1,0.520177,0.000994,0.519805,0.520548,48.79,2.446722,47.876482,49.703518,3756.0125,13.022058,3751.15053,3760.87447,650.756389,12.044426,646.259431,655.253347,0.453891,0.009011,0.450526,0.457255,0,0,0,0
D80_edge-weighted_P1_F2_C1_E0p75,P1,P1,80,concentrated,edge-weighted,2,1,0.75,0,0,,30,2692,68.433204,2666.449491,2717.550509,1536.233333,3.03637,1535.099662,1537.367005,0.571017,0.014323,0.565669,0.576365,1155.766667,68.185691,1130.30857,1181.224763,1155.833333,68.14087,1130.391971,1181.274695,1738.761863,108.196719,1698.36508,1779.158645,4042.996667,162.547891,3982.307102,4103.686231,0.285508,0.012572,0.280814,0.290202,1,0,1,1,0.520177,0.000994,0.519805,0.520548,27.3325,1.968876,26.597392,28.067608,3386.0725,12.908996,3381.252743,3390.892257,310.617111,8.768287,307.343347,313.890876,0.137653,0.011852,0.133228,0.142078,0,0,0,0
D80_edge-weighted_P2-B34_F2_C1_E0p75,P2,P2-B34,80,concentrated,edge-weighted,2,1,0.75,0,0,34,30,2692,68.433204,2666.449491,2717.550509,1524.533333,3.048271,1523.395218,1525.671449,0.56667,0.014292,0.561334,0.572006,1167.466667,68.360976,1141.943125,1192.990208,1167.5,68.383175,1141.96817,1193.03183,1761.02006,108.207372,1720.6193,1801.42082,4084.168333,164.96398,4022.576687,4145.759979,0.275589,0.012314,0.270991,0.280186,1,0,1,1,0.520547,0.000925,0.520201,0.520892,33.6,0,33.6,33.6,3645.6,6.957863,3643.002183,3648.197817,564.124167,1.563569,563.540386,564.707947,0.354788,0.004605,0.353069,0.356508,0,0,0,0
D80_edge-weighted_P3-D_F2_C1_E0p75,P3-D,P3-D,80,concentrated,edge-weighted,2,1,0.75,1,0.6,,30,2692,68.433204,2666.449491,2717.550509,1515.966667,3.854986,1514.527353,1517.405981,0.563481,0.014044,0.558238,0.568724,1176.033333,67.904844,1150.680095,1201.386572,1176.066667,67.878153,1150.723394,1201.40994,1768.009691,105.629036,1728.571589,1807.447792,4110.105,162.466648,4049.445768,4170.764232,0.279617,0.012868,0.274813,0.284421,1,0,1,1,0.520048,0.001119,0.51963,0.520465,39.445,0.942516,39.093098,39.796902,3578.3175,8.845514,3575.014902,3581.620098,514.251333,0.489013,514.068753,514.433913,0.300216,0.00781,0.2973,0.303132,0.407716,0.013805,0.402562,0.41287
D80_edge-weighted_P0_F2_C1_E1,P0,P0,80,concentrated,edge-weighted,2,1,1,0,0,,30,2692,68.433204,2666.449491,2717.550509,1536.233333,3.03637,1535.099662,1537.367005,0.571017,0.014323,0.565669,0.576365,1155.766667,68.185691,1130.30857,1181.224763,1155.833333,68.14087,1130.391971,1181.274695,1738.761863,108.196719,1698.36508,1779.158645,4042.996667,162.547891,3982.307102,4103.686231,0.285508,0.012572,0.280814,0.290202,1,0,1,1,0.520177,0.000994,0.519805,0.520548,65.053333,3.262296,63.835309,66.271358,5008.016667,17.362744,5001.534039,5014.499294,867.675185,16.059235,861.679242,873.671129,0.453891,0.009011,0.450526,0.457255,0,0,0,0
D80_edge-weighted_P1_F2_C1_E1,P1,P1,80,concentrated,edge-weighted,2,1,1,0,0,,30,2692,68.433204,2666.449491,2717.550509,1458.233333,4.38401,1456.596501,1459.870166,0.542021,0.013514,0.536975,0.547067,1233.766667,67.926778,1208.405239,1259.128094,1233.8,67.946429,1208.431235,1259.168765,1898.071244,102.843963,1859.672989,1936.469499,4321.348333,159.75443,4261.701747,4380.99492,0.290009,0.01865,0.283046,0.296972,1,0,1,1,0.518924,0.001166,0.518488,0.519359,44.233333,2.160513,43.426675,45.039992,4053.77,13.464286,4048.742917,4058.797083,180.167556,0.598413,179.94413,180.390981,0.408044,0.009998,0.404311,0.411776,0,0,0,0
D80_edge-weighted_P2-B34_F2_C1_E1,P2,P2-B34,80,concentrated,edge-weighted,2,1,1,0,0,34,30,2692,68.433204,2666.449491,2717.550509,1503.233333,2.661129,1502.239763,1504.226904,0.558748,0.013877,0.553566,0.563929,1188.766667,67.803816,1163.451148,1214.082185,1188.766667,67.803816,1163.451148,1214.082185,1802.551083,106.526868,1762.777763,1842.324403,4160.436667,167.592167,4097.86375,4223.009584,0.284122,0.011831,0.279704,0.288539,1,0,1,1,0.519886,0.000835,0.519574,0.520197,33.6,0,33.6,33.6,4656.25,7.115682,4653.593259,4658.906741,610.144444,0.316253,610.026367,610.262522,0.239139,0.006545,0.236696,0.241583,0,0,0,0
D80_edge-weighted_P3-D_F2_C1_E1,P3-D,P3-D,80,concentrated,edge-weighted,2,1,1,1,0.6,,30,2692,68.433204,2666.449491,2717.550509,1487.566667,4.057206,1486.051851,1489.081482,0.552919,0.013559,0.547857,0.557982,1204.433333,67.347623,1179.288141,1229.578525,1204.533333,67.318457,1179.399031,1229.667636,1809.019046,104.78032,1769.897825,1848.140268,4205.738333,164.511601,4144.315589,4267.161077,0.308939,0.020087,0.301439,0.316438,1,0,1,1,0.519083,0.00114,0.518657,0.519508,39.2,0,39.2,39.2,4551.063333,10.899778,4546.993746,4555.13292,557.169481,0.484435,556.988611,557.350352,0.178714,0.002238,0.177878,0.179549,0.309259,0.005881,0.307063,0.311455
D80_edge-weighted_P0_F2_C1_E1p25,P0,P0,80,concentrated,edge-weighted,2,1,1.25,0,0,,30,2692,68.433204,2666.449491,2717.550509,1536.233333,3.03637,1535.099662,1537.367005,0.571017,0.014323,0.565669,0.576365,1155.766667,68.185691,1130.30857,1181.224763,1155.833333,68.14087,1130.391971,1181.274695,1738.761863,108.196719,1698.36508,1779.158645,4042.996667,162.547891,3982.307102,4103.686231,0.285508,0.012572,0.280814,0.290202,1,0,1,1,0.520177,0.000994,0.519805,0.520548,81.316667,4.07787,79.794136,82.839197,6260.020833,21.70343,6251.917549,6268.124117,1084.593981,20.074044,1077.099052,1092.088911,0.453891,0.009011,0.450526,0.457255,0,0,0,0
D80_edge-weighted_P1_F2_C1_E1p25,P1,P1,80,concentrated,edge-weighted,2,1,1.25,0,0,,30,2692,68.433204,2666.449491,2717.550509,1458.233333,4.38401,1456.596501,1459.870166,0.542021,0.013514,0.536975,0.547067,1233.766667,67.926778,1208.405239,1259.128094,1233.8,67.946429,1208.431235,1259.168765,1898.071244,102.843963,1859.672989,1936.469499,4321.348333,159.75443,4261.701747,4380.99492,0.290009,0.01865,0.283046,0.296972,1,0,1,1,0.518924,0.001166,0.518488,0.519359,55.291667,2.700641,54.283344,56.299989,5067.2125,16.830358,5060.928647,5073.496353,225.209444,0.748016,224.930162,225.488727,0.408044,0.009998,0.404311,0.411776,0,0,0,0
D80_edge-weighted_P2-B34_F2_C1_E1p25,P2,P2-B34,80,concentrated,edge-weighted,2,1,1.25,0,0,34,30,2692,68.433204,2666.449491,2717.550509,1466.933333,4.25022,1465.346453,1468.520213,0.545263,0.01392,0.540066,0.550461,1225.066667,68.824581,1199.370031,1250.763302,1225.133333,68.824982,1199.436548,1250.830118,1875.534464,103.540187,1836.876264,1914.192664,4282.72,165.038787,4221.100424,4344.339576,0.341863,0.016436,0.335726,0.347999,1,0,1,1,0.517692,0.001098,0.517282,0.518102,33.25,0,33.25,33.25,5550.783333,14.328276,5545.433668,5556.132999,645.701481,0.636812,645.463719,645.939244,0.110593,0.002103,0.109808,0.111379,0,0,0,0
D80_edge-weighted_P3-D_F2_C1_E1p25,P3-D,P3-D,80,concentrated,edge-weighted,2,1,1.25,1,0.6,,30,2692,68.433204,2666.449491,2717.550509,1447.733333,5.06464,1445.842378,1449.624289,0.538124,0.01367,0.53302,0.543228,1244.266667,68.63845,1218.639526,1269.893807,1244.266667,68.63845,1218.639526,1269.893807,1886.084778,104.765685,1846.969021,1925.200535,4343.163333,160.155599,4283.366965,4402.959702,0.381797,0.020378,0.374189,0.389405,1,0,1,1,0.516204,0.001142,0.515777,0.51663,39.691667,0.475401,39.514169,39.869164,5420.1,17.093159,5413.718026,5426.481974,595.268333,0.759696,594.98469,595.551977,0.071452,0.000122,0.071407,0.071498,0.10679,0.004538,0.105096,0.108485
D80_edge-weighted_P0_F2_C2_E0p75,P0,P0,80,concentrated,edge-weighted,2,2,0.75,0,0,,30,2692,68.433204,2666.449491,2717.550509,1566.233333,3.370085,1564.975064,1567.491602,0.582168,0.014618,0.57671,0.587626,1125.766667,68.202378,1100.30234,1151.230994,1125.9,68.066575,1100.486377,1151.313623,1677.915278,109.769347,1636.931332,1718.899223,3937.753333,161.046372,3877.624382,3997.882285,0,0,0,0,0,0,0,0,0.530321,0.000912,0.529981,0.530662,50.12,2.742689,49.095978,51.144022,3829.7075,14.278864,3824.376283,3835.038717,663.884222,12.09076,659.369965,668.398479,0.454204,0.008695,0.450957,0.45745,0,0,0,0
D80_edge-weighted_P1_F2_C2_E0p75,P1,P1,80,concentrated,edge-weighted,2,2,0.75,0,0,,30,2692,68.433204,2666.449491,2717.550509,1566.233333,3.370085,1564.975064,1567.491602,0.582168,0.014618,0.57671,0.587626,1125.766667,68.202378,1100.30234,1151.230994,1125.9,68.066575,1100.486377,1151.313623,1677.915278,109.769347,1636.931332,1718.899223,3937.753333,161.046372,3877.624382,3997.882285,0,0,0,0,0,0,0,0,0.530321,0.000912,0.529981,0.530662,27.8875,1.842187,27.199693,28.575307,3452.2675,14.736751,3446.765325,3457.769675,316.849111,9.346564,313.359439,320.338784,0.137316,0.01209,0.132802,0.14183,0,0,0,0
D80_edge-weighted_P2-B34_F2_C2_E0p75,P2,P2-B34,80,concentrated,edge-weighted,2,2,0.75,0,0,34,30,2692,68.433204,2666.449491,2717.550509,1550.666667,3.632548,1549.310403,1552.02293,0.576385,0.014618,0.570927,0.581843,1141.333333,68.540113,1115.742908,1166.923759,1141.466667,68.471355,1115.901913,1167.03142,1707.55207,109.08001,1666.825498,1748.278642,3988.661667,161.851158,3928.232237,4049.091096,0,0,0,0,0,0,0,0,0.529676,0.000978,0.529311,0.530041,33.6,0,33.6,33.6,3701.015,8.44791,3697.860853,3704.169147,566.919556,1.289739,566.438013,567.401098,0.345957,0.005056,0.344069,0.347845,0,0,0,0
D80_edge-weighted_P3-D_F2_C2_E0p75,P3-D,P3-D,80,concentrated,edge-weighted,2,2,0.75,1,0.6,,30,2692,68.433204,2666.449491,2717.550509,1543.033333,3.368038,1541.775829,1544.290838,0.573543,0.014336,0.56819,0.578896,1148.966667,68.002273,1123.577052,1174.356282,1149.133333,67.971461,1123.755222,1174.511444,1712.684188,107.327819,1672.611822,1752.756554,4015.896667,160.303144,3956.04521,4075.748123,0,0,0,0,0,0,0,0,0.529572,0.000975,0.529208,0.529936,39.585,0.834096,39.273579,39.896421,3635.4375,7.896455,3632.489246,3638.385754,516.79,0.462261,516.617408,516.962592,0.29341,0.008057,0.290402,0.296419,0.392747,0.011149,0.388584,0.396909
D80_edge-weighted_P0_F2_C2_E1,P0,P0,80,concentrated,edge-weighted,2,2,1,0,0,,30,2692,68.433204,2666.449491,2717.550509,1566.233333,3.370085,1564.975064,1567.491602,0.582168,0.014618,0.57671,0.587626,1125.766667,68.202378,1100.30234,1151.230994,1125.9,68.066575,1100.486377,1151.313623,1677.915278,109.769347,1636.931332,1718.899223,3937.753333,161.046372,3877.624382,3997.882285,0,0,0,0,0,0,0,0,0.530321,0.000912,0.529981,0.530662,66.826667,3.656919,65.461304,68.192029,5106.276667,19.038485,5099.168378,5113.384956,885.178963,16.121013,879.159954,891.197972,0.454204,0.008695,0.450957,0.45745,0,0,0,0
D80_edge-weighted_P1_F2_C2_E1,P1,P1,80,concentrated,edge-weighted,2,2,1,0,0,,30,2692,68.433204,2666.449491,2717.550509,1485.333333,2.963378,1484.226914,1486.439753,0.552093,0.013645,0.546998,0.557187,1206.666667,67.647837,1181.409385,1231.923948,1206.8,67.592797,1181.563269,1232.036731,1842.507616,104.434467,1803.515524,1881.499709,4224.421667,162.619213,4163.705473,4285.137861,0,0,0,0,0,0,0,0,0.528558,0.000919,0.528214,0.528901,45.166667,1.876963,44.465876,45.867457,4129.073333,10.183487,4125.271184,4132.875483,183.51437,0.452599,183.345386,183.683355,0.408098,0.00961,0.40451,0.411686,0,0,0,0
D80_edge-weighted_P2-B34_F2_C2_E1,P2,P2-B34,80,concentrated,edge-weighted,2,2,1,0,0,34,30,2692,68.433204,2666.449491,2717.550509,1529.933333,3.150625,1528.757003,1531.109664,0.568671,0.014072,0.563416,0.573925,1162.066667,67.654769,1136.806797,1187.326536,1162.133333,67.644473,1136.877308,1187.389359,1747.403026,104.956808,1708.21591,1786.590142,4060.863333,161.885419,4000.421112,4121.305555,0,0,0,0,0,0,0,0,0.529867,0.000925,0.529522,0.530212,33.6,0,33.6,33.6,4730.333333,8.59195,4727.125407,4733.54126,613.437037,0.381864,613.294463,613.579612,0.231291,0.005481,0.229245,0.233338,0,0,0,0
D80_edge-weighted_P3-D_F2_C2_E1,P3-D,P3-D,80,concentrated,edge-weighted,2,2,1,1,0.6,,30,2692,68.433204,2666.449491,2717.550509,1513.333333,4.071205,1511.813291,1514.853376,0.562496,0.013753,0.557361,0.56763,1178.666667,67.189559,1153.58049,1203.752843,1178.7,67.165852,1153.622675,1203.777325,1756.012556,105.69712,1716.549035,1795.476078,4115.34,162.271353,4054.753685,4175.926315,0,0,0,0,0,0,0,0,0.529232,0.000936,0.528882,0.529581,39.213333,0.07303,39.186067,39.2406,4620.6,10.954483,4616.509988,4624.690012,560.26,0.486866,560.078222,560.441778,0.166123,0.002131,0.165328,0.166919,0.307099,0.005616,0.305002,0.309195
D80_edge-weighted_P0_F2_C2_E1p25,P0,P0,80,concentrated,edge-weighted,2,2,1.25,0,0,,30,2692,68.433204,2666.449491,2717.550509,1566.233333,3.370085,1564.975064,1567.491602,0.582168,0.014618,0.57671,0.587626,1125.766667,68.202378,1100.30234,1151.230994,1125.9,68.066575,1100.486377,1151.313623,1677.915278,109.769347,1636.931332,1718.899223,3937.753333,161.046372,3877.624382,3997.882285,0,0,0,0,0,0,0,0,0.530321,0.000912,0.529981,0.530662,83.533333,4.571149,81.82663,85.240037,6382.845833,23.798107,6373.960472,6391.731195,1106.473704,20.151266,1098.949942,1113.997465,0.454204,0.008695,0.450957,0.45745,0,0,0,0
D80_edge-weighted_P1_F2_C2_E1p25,P1,P1,80,concentrated,edge-weighted,2,2,1.25,0,0,,30,2692,68.433204,2666.449491,2717.550509,1485.333333,2.963378,1484.226914,1486.439753,0.552093,0.013645,0.546998,0.557187,1206.666667,67.647837,1181.409385,1231.923948,1206.8,67.592797,1181.563269,1232.036731,1842.507616,104.434467,1803.515524,1881.499709,4224.421667,162.619213,4163.705473,4285.137861,0,0,0,0,0,0,0,0,0.528558,0.000919,0.528214,0.528901,56.458333,2.346203,55.582345,57.334322,5161.341667,12.729358,5156.58898,5166.094354,229.392963,0.565749,229.181732,229.604193,0.408098,0.00961,0.40451,0.411686,0,0,0,0
D80_edge-weighted_P2-B34_F2_C2_E1p25,P2,P2-B34,80,concentrated,edge-weighted,2,2,1.25,0,0,34,30,2692,68.433204,2666.449491,2717.550509,1495.8,4.188655,1494.236106,1497.363894,0.555977,0.013546,0.55092,0.561035,1196.2,67.083273,1171.153507,1221.246493,1196.2,67.083273,1171.153507,1221.246493,1816.583685,104.961886,1777.394674,1855.772697,4181.21,164.32023,4119.858707,4242.561293,0,0,0,0,0,0,0,0,0.528938,0.001034,0.528552,0.529324,33.25,0,33.25,33.25,5648.275,14.17997,5642.980707,5653.569293,650.034444,0.630221,649.799143,650.269746,0.098223,0.001437,0.097687,0.09876,0,0,0,0
D80_edge-weighted_P3-D_F2_C2_E1p25,P3-D,P3-D,80,concentrated,edge-weighted,2,2,1.25,1,0.6,,30,2692,68.433204,2666.449491,2717.550509,1479.7,3.825054,1478.271862,1481.128138,0.549995,0.013457,0.544971,0.555019,1212.3,67.260251,1187.187429,1237.412571,1212.466667,67.337919,1187.325098,1237.608236,1824.922517,106.532468,1785.147106,1864.697927,4231.518333,161.873838,4171.080436,4291.956231,0,0,0,0,0,0,0,0,0.528497,0.000974,0.528133,0.52886,39.7375,0.419552,39.580854,39.894146,5527.9875,12.909556,5523.167534,5532.807466,600.063333,0.573758,599.849113,600.277554,0.070807,0.000038,0.070793,0.070822,0.079012,0.006762,0.076488,0.081537
D80_edge-weighted_P0_F2_CU_E0p75,P0,P0,80,concentrated,edge-weighted,2,unlimited,0.75,0,0,,30,2692,68.433204,2666.449491,2717.550509,1566.233333,3.370085,1564.975064,1567.491602,0.582168,0.014618,0.57671,0.587626,1125.766667,68.202378,1100.30234,1151.230994,1125.9,68.066575,1100.486377,1151.313623,1677.915278,109.769347,1636.931332,1718.899223,3937.753333,161.046372,3877.624382,3997.882285,0,0,0,0,0,0,0,0,0.530321,0.000912,0.529981,0.530662,50.12,2.742689,49.095978,51.144022,3829.7075,14.278864,3824.376283,3835.038717,663.884222,12.09076,659.369965,668.398479,0.454204,0.008695,0.450957,0.45745,0,0,0,0
D80_edge-weighted_P1_F2_CU_E0p75,P1,P1,80,concentrated,edge-weighted,2,unlimited,0.75,0,0,,30,2692,68.433204,2666.449491,2717.550509,1566.233333,3.370085,1564.975064,1567.491602,0.582168,0.014618,0.57671,0.587626,1125.766667,68.202378,1100.30234,1151.230994,1125.9,68.066575,1100.486377,1151.313623,1677.915278,109.769347,1636.931332,1718.899223,3937.753333,161.046372,3877.624382,3997.882285,0,0,0,0,0,0,0,0,0.530321,0.000912,0.529981,0.530662,27.8875,1.842187,27.199693,28.575307,3452.2675,14.736751,3446.765325,3457.769675,316.849111,9.346564,313.359439,320.338784,0.137316,0.01209,0.132802,0.14183,0,0,0,0
D80_edge-weighted_P2-B34_F2_CU_E0p75,P2,P2-B34,80,concentrated,edge-weighted,2,unlimited,0.75,0,0,34,30,2692,68.433204,2666.449491,2717.550509,1550.666667,3.632548,1549.310403,1552.02293,0.576385,0.014618,0.570927,0.581843,1141.333333,68.540113,1115.742908,1166.923759,1141.466667,68.471355,1115.901913,1167.03142,1707.55207,109.08001,1666.825498,1748.278642,3988.661667,161.851158,3928.232237,4049.091096,0,0,0,0,0,0,0,0,0.529676,0.000978,0.529311,0.530041,33.6,0,33.6,33.6,3701.015,8.44791,3697.860853,3704.169147,566.919556,1.289739,566.438013,567.401098,0.345957,0.005056,0.344069,0.347845,0,0,0,0
D80_edge-weighted_P3-D_F2_CU_E0p75,P3-D,P3-D,80,concentrated,edge-weighted,2,unlimited,0.75,1,0.6,,30,2692,68.433204,2666.449491,2717.550509,1543.033333,3.368038,1541.775829,1544.290838,0.573543,0.014336,0.56819,0.578896,1148.966667,68.002273,1123.577052,1174.356282,1149.133333,67.971461,1123.755222,1174.511444,1712.684188,107.327819,1672.611822,1752.756554,4015.896667,160.303144,3956.04521,4075.748123,0,0,0,0,0,0,0,0,0.529572,0.000975,0.529208,0.529936,39.585,0.834096,39.273579,39.896421,3635.4375,7.896455,3632.489246,3638.385754,516.79,0.462261,516.617408,516.962592,0.29341,0.008057,0.290402,0.296419,0.392747,0.011149,0.388584,0.396909
D80_edge-weighted_P0_F2_CU_E1,P0,P0,80,concentrated,edge-weighted,2,unlimited,1,0,0,,30,2692,68.433204,2666.449491,2717.550509,1566.233333,3.370085,1564.975064,1567.491602,0.582168,0.014618,0.57671,0.587626,1125.766667,68.202378,1100.30234,1151.230994,1125.9,68.066575,1100.486377,1151.313623,1677.915278,109.769347,1636.931332,1718.899223,3937.753333,161.046372,3877.624382,3997.882285,0,0,0,0,0,0,0,0,0.530321,0.000912,0.529981,0.530662,66.826667,3.656919,65.461304,68.192029,5106.276667,19.038485,5099.168378,5113.384956,885.178963,16.121013,879.159954,891.197972,0.454204,0.008695,0.450957,0.45745,0,0,0,0
D80_edge-weighted_P1_F2_CU_E1,P1,P1,80,concentrated,edge-weighted,2,unlimited,1,0,0,,30,2692,68.433204,2666.449491,2717.550509,1485.333333,2.963378,1484.226914,1486.439753,0.552093,0.013645,0.546998,0.557187,1206.666667,67.647837,1181.409385,1231.923948,1206.8,67.592797,1181.563269,1232.036731,1842.507616,104.434467,1803.515524,1881.499709,4224.421667,162.619213,4163.705473,4285.137861,0,0,0,0,0,0,0,0,0.528558,0.000919,0.528214,0.528901,45.166667,1.876963,44.465876,45.867457,4129.073333,10.183487,4125.271184,4132.875483,183.51437,0.452599,183.345386,183.683355,0.408098,0.00961,0.40451,0.411686,0,0,0,0
D80_edge-weighted_P2-B34_F2_CU_E1,P2,P2-B34,80,concentrated,edge-weighted,2,unlimited,1,0,0,34,30,2692,68.433204,2666.449491,2717.550509,1529.933333,3.150625,1528.757003,1531.109664,0.568671,0.014072,0.563416,0.573925,1162.066667,67.654769,1136.806797,1187.326536,1162.133333,67.644473,1136.877308,1187.389359,1747.403026,104.956808,1708.21591,1786.590142,4060.863333,161.885419,4000.421112,4121.305555,0,0,0,0,0,0,0,0,0.529867,0.000925,0.529522,0.530212,33.6,0,33.6,33.6,4730.333333,8.59195,4727.125407,4733.54126,613.437037,0.381864,613.294463,613.579612,0.231291,0.005481,0.229245,0.233338,0,0,0,0
D80_edge-weighted_P3-D_F2_CU_E1,P3-D,P3-D,80,concentrated,edge-weighted,2,unlimited,1,1,0.6,,30,2692,68.433204,2666.449491,2717.550509,1513.333333,4.071205,1511.813291,1514.853376,0.562496,0.013753,0.557361,0.56763,1178.666667,67.189559,1153.58049,1203.752843,1178.7,67.165852,1153.622675,1203.777325,1756.012556,105.69712,1716.549035,1795.476078,4115.34,162.271353,4054.753685,4175.926315,0,0,0,0,0,0,0,0,0.529232,0.000936,0.528882,0.529581,39.213333,0.07303,39.186067,39.2406,4620.6,10.954483,4616.509988,4624.690012,560.26,0.486866,560.078222,560.441778,0.166123,0.002131,0.165328,0.166919,0.307099,0.005616,0.305002,0.309195
D80_edge-weighted_P0_F2_CU_E1p25,P0,P0,80,concentrated,edge-weighted,2,unlimited,1.25,0,0,,30,2692,68.433204,2666.449491,2717.550509,1566.233333,3.370085,1564.975064,1567.491602,0.582168,0.014618,0.57671,0.587626,1125.766667,68.202378,1100.30234,1151.230994,1125.9,68.066575,1100.486377,1151.313623,1677.915278,109.769347,1636.931332,1718.899223,3937.753333,161.046372,3877.624382,3997.882285,0,0,0,0,0,0,0,0,0.530321,0.000912,0.529981,0.530662,83.533333,4.571149,81.82663,85.240037,6382.845833,23.798107,6373.960472,6391.731195,1106.473704,20.151266,1098.949942,1113.997465,0.454204,0.008695,0.450957,0.45745,0,0,0,0
D80_edge-weighted_P1_F2_CU_E1p25,P1,P1,80,concentrated,edge-weighted,2,unlimited,1.25,0,0,,30,2692,68.433204,2666.449491,2717.550509,1485.333333,2.963378,1484.226914,1486.439753,0.552093,0.013645,0.546998,0.557187,1206.666667,67.647837,1181.409385,1231.923948,1206.8,67.592797,1181.563269,1232.036731,1842.507616,104.434467,1803.515524,1881.499709,4224.421667,162.619213,4163.705473,4285.137861,0,0,0,0,0,0,0,0,0.528558,0.000919,0.528214,0.528901,56.458333,2.346203,55.582345,57.334322,5161.341667,12.729358,5156.58898,5166.094354,229.392963,0.565749,229.181732,229.604193,0.408098,0.00961,0.40451,0.411686,0,0,0,0
D80_edge-weighted_P2-B34_F2_CU_E1p25,P2,P2-B34,80,concentrated,edge-weighted,2,unlimited,1.25,0,0,34,30,2692,68.433204,2666.449491,2717.550509,1495.8,4.188655,1494.236106,1497.363894,0.555977,0.013546,0.55092,0.561035,1196.2,67.083273,1171.153507,1221.246493,1196.2,67.083273,1171.153507,1221.246493,1816.583685,104.961886,1777.394674,1855.772697,4181.21,164.32023,4119.858707,4242.561293,0,0,0,0,0,0,0,0,0.528938,0.001034,0.528552,0.529324,33.25,0,33.25,33.25,5648.275,14.17997,5642.980707,5653.569293,650.034444,0.630221,649.799143,650.269746,0.098223,0.001437,0.097687,0.09876,0,0,0,0
D80_edge-weighted_P3-D_F2_CU_E1p25,P3-D,P3-D,80,concentrated,edge-weighted,2,unlimited,1.25,1,0.6,,30,2692,68.433204,2666.449491,2717.550509,1479.7,3.825054,1478.271862,1481.128138,0.549995,0.013457,0.544971,0.555019,1212.3,67.260251,1187.187429,1237.412571,1212.466667,67.337919,1187.325098,1237.608236,1824.922517,106.532468,1785.147106,1864.697927,4231.518333,161.873838,4171.080436,4291.956231,0,0,0,0,0,0,0,0,0.528497,0.000974,0.528133,0.52886,39.7375,0.419552,39.580854,39.894146,5527.9875,12.909556,5523.167534,5532.807466,600.063333,0.573758,599.849113,600.277554,0.070807,0.000038,0.070793,0.070822,0.079012,0.006762,0.076488,0.081537
D80_edge-weighted_P0_F4_C1_E0p75,P0,P0,80,concentrated,edge-weighted,4,1,0.75,0,0,,30,2692,68.433204,2666.449491,2717.550509,1691.566667,4.854314,1689.754239,1693.379094,0.628751,0.015681,0.622896,0.634605,1000.433333,67.844997,975.102439,1025.764227,1000.566667,67.841948,975.236911,1025.896422,1420.834099,108.165547,1380.448955,1461.219243,3488.98,164.762897,3427.463431,3550.496569,12.447226,0.060714,12.424558,12.469894,3,0,3,3,0.286361,0.000694,0.286102,0.28662,53.55,2.743613,52.525633,54.574367,4136.3275,16.428353,4130.193741,4142.461259,717.201778,12.573127,712.507422,721.896133,0.45434,0.008431,0.451193,0.457488,0,0,0,0
D80_edge-weighted_P1_F4_C1_E0p75,P1,P1,80,concentrated,edge-weighted,4,1,0.75,0,0,,30,2692,68.433204,2666.449491,2717.550509,1691.566667,4.854314,1689.754239,1693.379094,0.628751,0.015681,0.622896,0.634605,1000.433333,67.844997,975.102439,1025.764227,1000.566667,67.841948,975.236911,1025.896422,1420.834099,108.165547,1380.448955,1461.219243,3488.98,164.762897,3427.463431,3550.496569,12.447226,0.060714,12.424558,12.469894,3,0,3,3,0.286361,0.000694,0.286102,0.28662,29.5425,1.671763,28.918324,30.166676,3728.9675,17.838605,3722.307203,3735.627797,342.656889,9.80624,338.99559,346.318188,0.136724,0.011582,0.1324,0.141049,0,0,0,0
D80_edge-weighted_P2-B34_F4_C1_E0p75,P2,P2-B34,80,concentrated,edge-weighted,4,1,0.75,0,0,34,30,2692,68.433204,2666.449491,2717.550509,1668.966667,4.567376,1667.261372,1670.671961,0.620349,0.015401,0.614599,0.626099,1023.033333,67.647404,997.776214,1048.290453,1023.133333,67.61949,997.886636,1048.380031,1463.633367,106.220908,1423.974282,1503.292453,3571.833333,164.019735,3510.594235,3633.072432,12.637276,0.06377,12.613467,12.661086,3,0,3,3,0.285924,0.00065,0.285681,0.286167,33.6075,0.041079,33.592163,33.622838,3952.0825,10.628226,3948.114301,3956.050699,578.795611,0.559333,578.586776,579.004446,0.312466,0.004996,0.3106,0.314331,0,0,0,0
D80_edge-weighted_P3-D_F4_C1_E0p75,P3-D,P3-D,80,concentrated,edge-weighted,4,1,0.75,1,0.6,,30,2692,68.433204,2666.449491,2717.550509,1661.2,4.358108,1659.572839,1662.827161,0.61746,0.015239,0.61177,0.62315,1030.8,67.411449,1005.630978,1055.969022,1030.866667,67.36659,1005.714393,1056.01894,1469.543785,104.822881,1430.406673,1508.680897,3596.666667,162.121901,3536.136151,3657.197182,12.698871,0.062899,12.675387,12.722355,3,0,3,3,0.28574,0.000647,0.285498,0.285982,39.795,0.575109,39.580275,40.009725,3885.2,10.016136,3881.460333,3888.939667,528.030556,0.516645,527.837659,528.223452,0.269304,0.008841,0.266004,0.272605,0.348148,0.007435,0.345372,0.350924
D80_edge-weighted_P0_F4_C1_E1,P0,P0,80,concentrated,edge-weighted,4,1,1,0,0,,30,2692,68.433204,2666.449491,2717.550509,1691.566667,4.854314,1689.754239,1693.379094,0.628751,0.015681,0.622896,0.634605,1000.433333,67.844997,975.102439,1025.764227,1000.566667,67.841948,975.236911,1025.896422,1420.834099,108.165547,1380.448955,1461.219243,3488.98,164.762897,3427.463431,3550.496569,12.447226,0.060714,12.424558,12.469894,3,0,3,3,0.286361,0.000694,0.286102,0.28662,71.4,3.658151,70.034177,72.765823,5515.103333,21.904471,5506.924988,5523.281679,956.269037,16.764169,950.009896,962.528178,0.45434,0.008431,0.451193,0.457488,0,0,0,0
D80_edge-weighted_P1_F4_C1_E1,P1,P1,80,concentrated,edge-weighted,4,1,1,0,0,,30,2692,68.433204,2666.449491,2717.550509,1599,3.787457,1597.585899,1600.414101,0.594339,0.014573,0.588898,0.59978,1093,67.26325,1067.88631,1118.11369,1093.1,67.286495,1067.977631,1118.222369,1605.118159,105.909418,1565.575373,1644.660945,3819.805,162.659221,3759.073869,3880.536131,13.255105,0.046999,13.237557,13.272653,3,0,3,3,0.28451,0.000544,0.284307,0.284713,48.066667,2.715642,47.052743,49.08059,4445.1,12.136409,4440.568699,4449.631301,197.56,0.539396,197.358609,197.761391,0.407985,0.008888,0.404667,0.411304,0,0,0,0
D80_edge-weighted_P2-B34_F4_C1_E1,P2,P2-B34,80,concentrated,edge-weighted,4,1,1,0,0,34,30,2692,68.433204,2666.449491,2717.550509,1637.833333,4.691028,1636.081871,1639.584795,0.608789,0.015608,0.602961,0.614616,1054.166667,69.060735,1028.38186,1079.951473,1054.233333,69.008587,1028.467997,1079.99867,1524.705078,108.524505,1484.185911,1565.224244,3679.423333,169.823958,3616.017145,3742.829521,12.909554,0.056112,12.888603,12.930504,3,0,3,3,0.285322,0.000628,0.285088,0.285556,33.6,0,33.6,33.6,5025.263333,12.304344,5020.669332,5029.857335,626.545037,0.54686,626.340859,626.749215,0.189898,0.004214,0.188325,0.191472,0,0,0,0
D80_edge-weighted_P3-D_F4_C1_E1,P3-D,P3-D,80,concentrated,edge-weighted,4,1,1,1,0.6,,30,2692,68.433204,2666.449491,2717.550509,1616.6,4.239388,1615.017164,1618.182836,0.600891,0.015171,0.595227,0.606555,1075.4,68.445095,1049.845051,1100.954949,1075.533333,68.388713,1049.999435,1101.067231,1537.873688,107.629551,1497.688666,1578.05871,3745.831667,164.744474,3684.321976,3807.341357,13.089627,0.066006,13.064982,13.114271,3,0,3,3,0.284847,0.000616,0.284617,0.285077,39.306667,0.179911,39.239494,39.373839,4899.466667,11.418779,4895.203303,4903.73003,572.654074,0.507501,572.464591,572.843557,0.119807,0.001908,0.119094,0.120519,0.288426,0.004238,0.286844,0.290008
D80_edge-weighted_P0_F4_C1_E1p25,P0,P0,80,concentrated,edge-weighted,4,1,1.25,0,0,,30,2692,68.433204,2666.449491,2717.550509,1691.566667,4.854314,1689.754239,1693.379094,0.628751,0.015681,0.622896,0.634605,1000.433333,67.844997,975.102439,1025.764227,1000.566667,67.841948,975.236911,1025.896422,1420.834099,108.165547,1380.448955,1461.219243,3488.98,164.762897,3427.463431,3550.496569,12.447226,0.060714,12.424558,12.469894,3,0,3,3,0.286361,0.000694,0.286102,0.28662,89.25,4.572689,87.542722,90.957278,6893.879167,27.380589,6883.656235,6904.102099,1195.336296,20.955211,1187.51237,1203.160222,0.45434,0.008431,0.451193,0.457488,0,0,0,0
D80_edge-weighted_P1_F4_C1_E1p25,P1,P1,80,concentrated,edge-weighted,4,1,1.25,0,0,,30,2692,68.433204,2666.449491,2717.550509,1599,3.787457,1597.585899,1600.414101,0.594339,0.014573,0.588898,0.59978,1093,67.26325,1067.88631,1118.11369,1093.1,67.286495,1067.977631,1118.222369,1605.118159,105.909418,1565.575373,1644.660945,3819.805,162.659221,3759.073869,3880.536131,13.255105,0.046999,13.237557,13.272653,3,0,3,3,0.28451,0.000544,0.284307,0.284713,60.083333,3.394553,58.815929,61.350738,5556.375,15.170511,5550.710874,5562.039126,246.95,0.674245,246.698261,247.201739,0.407985,0.008888,0.404667,0.411304,0,0,0,0
D80_edge-weighted_P2-B34_F4_C1_E1p25,P2,P2-B34,80,concentrated,edge-weighted,4,1,1.25,0,0,34,30,2692,68.433204,2666.449491,2717.550509,1597.766667,4.280536,1596.168468,1599.364866,0.593883,0.014685,0.5884,0.599366,1094.233333,67.603654,1068.992548,1119.474118,1094.3,67.602362,1069.059698,1119.540302,1602.388375,108.999166,1561.691988,1643.084763,3813.478333,165.642543,3751.633336,3875.323331,13.264085,0.062698,13.240676,13.287494,3,0,3,3,0.284463,0.000554,0.284257,0.28467,33.266667,0.091287,33.232583,33.30075,5992.454167,14.438353,5987.063402,5997.844931,665.331296,0.641705,665.091707,665.570886,0.072803,0.000615,0.072574,0.073033,0,0,0,0
D80_edge-weighted_P3-D_F4_C1_E1p25,P3-D,P3-D,80,concentrated,edge-weighted,4,1,1.25,1,0.6,,30,2692,68.433204,2666.449491,2717.550509,1489,0,1489,1489,0.553463,0.013959,0.548251,0.558675,1203,68.433204,1177.449491,1228.550509,1203,68.433204,1177.449491,1228.550509,1627.362749,106.356221,1587.653142,1667.072356,4118.773333,167.358444,4056.28768,4181.258987,13.192277,0.066294,13.167525,13.217028,3,0,3,3,0.266129,0.000623,0.265897,0.266362,39.883333,0.031714,39.871493,39.895174,5559.375,0,5559.375,5559.375,601.458333,0,601.458333,601.458333,0.071001,0,0.071001,0.071001,0.064815,0,0.064815,0.064815
D80_edge-weighted_P0_F4_C2_E0p75,P0,P0,80,concentrated,edge-weighted,4,2,0.75,0,0,,30,2692,68.433204,2666.449491,2717.550509,2653.1,46.109577,2635.884334,2670.315666,0.985788,0.012431,0.981147,0.990429,38.9,35.072683,25.805115,51.994885,61.366667,31.530482,49.594313,73.13902,74.077064,52.802415,54.362532,93.791596,189.986667,114.647718,147.181312,232.792021,0.324847,0.016887,0.318542,0.331152,2,0,2,2,0.449096,0.007892,0.44615,0.452043,90.3,3.498793,88.993676,91.606324,6487.4175,113.39647,6445.079316,6529.755684,1124.742167,25.167283,1115.345604,1134.13873,0.454289,0.007068,0.45165,0.456928,0,0,0,0
D80_edge-weighted_P1_F4_C2_E0p75,P1,P1,80,concentrated,edge-weighted,4,2,0.75,0,0,,30,2692,68.433204,2666.449491,2717.550509,2653.1,46.109577,2635.884334,2670.315666,0.985788,0.012431,0.981147,0.990429,38.9,35.072683,25.805115,51.994885,61.366667,31.530482,49.594313,73.13902,74.077064,52.802415,54.362532,93.791596,189.986667,114.647718,147.181312,232.792021,0.324847,0.016887,0.318542,0.331152,2,0,2,2,0.449096,0.007892,0.44615,0.452043,50.2225,2.64722,49.234123,51.210877,5849.7775,100.270953,5812.339915,5887.215085,538.467611,13.372393,533.474838,543.460384,0.13567,0.009217,0.132229,0.139111,0,0,0,0
D80_edge-weighted_P2-B34_F4_C2_E0p75,P2,P2-B34,80,concentrated,edge-weighted,4,2,0.75,0,0,34,30,2692,68.433204,2666.449491,2717.550509,2521.066667,27.615505,2510.756026,2531.377308,0.936924,0.0189,0.929868,0.943981,170.933333,55.228637,150.312937,191.55373,174.133333,54.681986,153.717037,194.54963,241.956923,76.947658,213.227421,270.686424,596.308333,196.963992,522.769028,669.847639,0.417309,0.014893,0.411749,0.42287,2,0,2,2,0.446521,0.005165,0.444593,0.44845,33.825,0,33.825,33.825,5707.38,57.747557,5685.819129,5728.940871,656.721333,2.860278,655.653408,657.789259,0.09037,0.003769,0.088963,0.091777,0,0,0,0
D80_edge-weighted_P3-D_F4_C2_E0p75,P3-D,P3-D,80,concentrated,edge-weighted,4,2,0.75,1,0.6,,30,2692,68.433204,2666.449491,2717.550509,2414.566667,14.639774,2409.100699,2420.032634,0.897426,0.020223,0.889875,0.904976,277.433333,61.853934,254.339288,300.527379,277.433333,61.853934,254.339288,300.527379,263.289304,74.171887,235.596177,290.982432,831.036667,216.863779,750.067493,912.00584,0.426481,0.018654,0.419516,0.433445,2,0,2,2,0.430399,0.002791,0.429356,0.431441,44.3,0.651259,44.056843,44.543157,5424.9575,29.704008,5413.867087,5436.047913,596.499222,1.377117,595.985056,597.013389,0.071587,0.00039,0.071441,0.071732,0.123611,0.008524,0.120429,0.126794
D80_edge-weighted_P0_F4_C2_E1,P0,P0,80,concentrated,edge-weighted,4,2,1,0,0,,30,2692,68.433204,2666.449491,2717.550509,2653.1,46.109577,2635.884334,2670.315666,0.985788,0.012431,0.981147,0.990429,38.9,35.072683,25.805115,51.994885,61.366667,31.530482,49.594313,73.13902,74.077064,52.802415,54.362532,93.791596,189.986667,114.647718,147.181312,232.792021,0.324847,0.016887,0.318542,0.331152,2,0,2,2,0.449096,0.007892,0.44615,0.452043,120.4,4.665057,118.658235,122.141765,8649.89,151.195294,8593.439089,8706.340911,1499.656222,33.556378,1487.127472,1512.184973,0.454289,0.007068,0.45165,0.456928,0,0,0,0
D80_edge-weighted_P1_F4_C2_E1,P1,P1,80,concentrated,edge-weighted,4,2,1,0,0,,30,2692,68.433204,2666.449491,2717.550509,2578.066667,29.203133,2567.163262,2588.970071,0.958089,0.018531,0.95117,0.965008,113.933333,52.968392,94.156831,133.709835,125.233333,48.982533,106.945009,143.521658,177.131293,73.308176,149.760644,204.501942,425.391667,177.236959,359.21773,491.565604,0.325905,0.013759,0.320768,0.331042,2,0,2,2,0.458762,0.005195,0.456823,0.460702,82.066667,3.226328,80.862071,83.271262,7167.086667,80.875403,7136.890686,7197.282648,318.537185,3.594462,317.195142,319.879229,0.407599,0.007109,0.404945,0.410253,0,0,0,0
D80_edge-weighted_P2-B34_F4_C2_E1,P2,P2-B34,80,concentrated,edge-weighted,4,2,1,0,0,34,30,2692,68.433204,2666.449491,2717.550509,2045.166667,24.107637,2036.165738,2054.167596,0.760053,0.015277,0.75435,0.765757,646.833333,56.432495,625.76346,667.903207,646.833333,56.432495,625.76346,667.903207,792.982867,58.550741,771.122116,814.843619,2163.935,156.709013,2105.425463,2222.444537,0.457446,0.018797,0.450428,0.464464,2,0,2,2,0.364586,0.004619,0.362861,0.36631,34,0,34,34,6126.616667,65.183323,6102.279547,6150.953787,675.494074,2.897037,674.412424,676.575724,0.071006,0.000597,0.070783,0.071229,0,0,0,0
D80_edge-weighted_P3-D_F4_C2_E1,P3-D,P3-D,80,concentrated,edge-weighted,4,2,1,1,0.6,,30,2692,68.433204,2666.449491,2717.550509,1863.133333,0.681445,1862.878906,1863.387761,0.69253,0.017485,0.686001,0.699058,828.866667,68.481426,803.298153,854.43518,828.866667,68.481426,803.298153,854.43518,883.123282,81.926853,852.534727,913.711837,2724.418333,187.483565,2654.41868,2794.417986,0.478029,0.020227,0.470477,0.485581,2,0,2,2,0.332901,0.00072,0.332633,0.33317,48.386667,5.663174,46.27224,50.501093,5565.113333,1.891311,5564.407185,5565.819481,602.23837,0.084058,602.206986,602.269755,0.070967,0.000052,0.070948,0.070987,0.064815,0,0.064815,0.064815
D80_edge-weighted_P0_F4_C2_E1p25,P0,P0,80,concentrated,edge-weighted,4,2,1.25,0,0,,30,2692,68.433204,2666.449491,2717.550509,2653.1,46.109577,2635.884334,2670.315666,0.985788,0.012431,0.981147,0.990429,38.9,35.072683,25.805115,51.994885,61.366667,31.530482,49.594313,73.13902,74.077064,52.802415,54.362532,93.791596,189.986667,114.647718,147.181312,232.792021,0.324847,0.016887,0.318542,0.331152,2,0,2,2,0.449096,0.007892,0.44615,0.452043,150.5,5.831321,148.322793,152.677207,10812.3625,188.994117,10741.798861,10882.926139,1874.570278,41.945472,1858.90934,1890.231216,0.454289,0.007068,0.45165,0.456928,0,0,0,0
D80_edge-weighted_P1_F4_C2_E1p25,P1,P1,80,concentrated,edge-weighted,4,2,1.25,0,0,,30,2692,68.433204,2666.449491,2717.550509,2578.066667,29.203133,2567.163262,2588.970071,0.958089,0.018531,0.95117,0.965008,113.933333,52.968392,94.156831,133.709835,125.233333,48.982533,106.945009,143.521658,177.131293,73.308176,149.760644,204.501942,425.391667,177.236959,359.21773,491.565604,0.325905,0.013759,0.320768,0.331042,2,0,2,2,0.458762,0.005195,0.456823,0.460702,102.583333,4.032911,101.077589,104.089078,8958.858333,101.094254,8921.113357,8996.60331,398.171481,4.493078,396.493927,399.849036,0.407599,0.007109,0.404945,0.410253,0,0,0,0
D80_edge-weighted_P2-B34_F4_C2_E1p25,P2,P2-B34,80,concentrated,edge-weighted,4,2,1.25,0,0,34,30,2692,68.433204,2666.449491,2717.550509,1679.266667,2.490441,1678.336825,1680.196508,0.624181,0.015579,0.618364,0.629998,1012.733333,67.957864,987.360299,1038.106367,1012.733333,67.957864,987.360299,1038.106367,1343.998265,106.198078,1304.347704,1383.648827,3380.811667,163.447028,3319.786396,3441.836937,0.479409,0.019788,0.472021,0.486797,2,0,2,2,0.300341,0.000799,0.300043,0.30064,33.75,0,33.75,33.75,6267.525,8.40524,6264.386784,6270.663216,677.556667,0.373566,677.41719,677.696143,0.072099,0.000317,0.071981,0.072218,0,0,0,0
D80_edge-weighted_P3-D_F4_C2_E1p25,P3-D,P3-D,80,concentrated,edge-weighted,4,2,1.25,1,0.6,,30,2692,68.433204,2666.449491,2717.550509,1489,0,1489,1489,0.553463,0.013959,0.548251,0.558675,1203,68.433204,1177.449491,1228.550509,1203,68.433204,1177.449491,1228.550509,1486.0394,96.813987,1449.892522,1522.186278,4007.026667,164.235103,3945.707157,4068.346176,0.506873,0.020165,0.499344,0.514401,2,0,2,2,0.265989,0.000548,0.265784,0.266193,40.108333,0.730887,39.835446,40.38122,5559.375,0,5559.375,5559.375,601.458333,0,601.458333,601.458333,0.071001,0,0.071001,0.071001,0.064815,0,0.064815,0.064815
D80_edge-weighted_P0_F4_CU_E0p75,P0,P0,80,concentrated,edge-weighted,4,unlimited,0.75,0,0,,30,2692,68.433204,2666.449491,2717.550509,2668.1,54.593387,2647.716783,2688.483217,0.991271,0.009334,0.987786,0.994757,23.9,26.335174,14.067389,33.732611,49.133333,24.846749,39.856447,58.41022,50.50257,39.624948,35.708032,65.297107,142.303333,88.905543,109.109186,175.497481,0,0,0,0,0,0,0,0,0.451644,0.009327,0.448162,0.455127,91,3.369641,89.741897,92.258103,6523.8675,133.749142,6473.930357,6573.804643,1130.824667,27.819304,1120.437934,1141.211399,0.454171,0.007074,0.45153,0.456812,0,0,0,0
D80_edge-weighted_P1_F4_CU_E0p75,P1,P1,80,concentrated,edge-weighted,4,unlimited,0.75,0,0,,30,2692,68.433204,2666.449491,2717.550509,2668.1,54.593387,2647.716783,2688.483217,0.991271,0.009334,0.987786,0.994757,23.9,26.335174,14.067389,33.732611,49.133333,24.846749,39.856447,58.41022,50.50257,39.624948,35.708032,65.297107,142.303333,88.905543,109.109186,175.497481,0,0,0,0,0,0,0,0,0.451644,0.009327,0.448162,0.455127,50.4675,2.573951,49.506479,51.428521,5882.6875,118.93641,5838.280901,5927.094099,541.295278,14.41383,535.91367,546.676886,0.135859,0.009254,0.132403,0.139314,0,0,0,0
D80_edge-weighted_P2-B34_F4_CU_E0p75,P2,P2-B34,80,concentrated,edge-weighted,4,unlimited,0.75,0,0,34,30,2692,68.433204,2666.449491,2717.550509,2522.033333,27.573705,2511.738299,2532.328368,0.937285,0.01898,0.930199,0.944372,169.966667,55.420327,149.2747,190.658633,172.566667,55.072168,152.00469,193.128643,235.197935,76.912053,206.481727,263.914143,586.046667,197.787269,512.199979,659.893354,0,0,0,0,0,0,0,0,0.446678,0.005169,0.444748,0.448607,33.825,0,33.825,33.825,5709.3175,57.667632,5687.78647,5730.84853,656.807444,2.860314,655.739506,657.875383,0.090136,0.003724,0.088746,0.091526,0,0,0,0
D80_edge-weighted_P3-D_F4_CU_E0p75,P3-D,P3-D,80,concentrated,edge-weighted,4,unlimited,0.75,1,0.6,,30,2692,68.433204,2666.449491,2717.550509,2414.7,14.607863,2409.245947,2420.154053,0.897476,0.020223,0.889925,0.905026,277.3,61.854752,254.205649,300.394351,277.3,61.854752,254.205649,300.394351,238.013519,72.289233,211.023307,265.003732,824.446667,216.932126,743.451975,905.441358,0,0,0,0,0,0,0,0,0.430417,0.002727,0.429399,0.431436,46.075,0.701446,45.813105,46.336895,5425.2275,29.642718,5414.15997,5436.29503,596.511222,1.37719,595.997029,597.025416,0.071581,0.000384,0.071438,0.071725,0.122685,0.008313,0.119581,0.125789
D80_edge-weighted_P0_F4_CU_E1,P0,P0,80,concentrated,edge-weighted,4,unlimited,1,0,0,,30,2692,68.433204,2666.449491,2717.550509,2668.1,54.593387,2647.716783,2688.483217,0.991271,0.009334,0.987786,0.994757,23.9,26.335174,14.067389,33.732611,49.133333,24.846749,39.856447,58.41022,50.50257,39.624948,35.708032,65.297107,142.303333,88.905543,109.109186,175.497481,0,0,0,0,0,0,0,0,0.451644,0.009327,0.448162,0.455127,121.333333,4.492855,119.655862,123.010805,8698.49,178.33219,8631.907143,8765.072857,1507.766222,37.092406,1493.917245,1521.615199,0.454171,0.007074,0.45153,0.456812,0,0,0,0
D80_edge-weighted_P1_F4_CU_E1,P1,P1,80,concentrated,edge-weighted,4,unlimited,1,0,0,,30,2692,68.433204,2666.449491,2717.550509,2607.866667,31.045832,2596.275264,2619.458069,0.969138,0.017687,0.962535,0.975742,84.133333,50.122425,65.419414,102.847253,99.833333,44.328774,83.282556,116.384111,136.61711,70.039104,110.467016,162.767205,329.173333,162.744015,268.410543,389.936124,0,0,0,0,0,0,0,0,0.464064,0.005502,0.46201,0.466118,83.333333,3.427408,82.053662,84.613005,7249.866667,85.997223,7217.758382,7281.974952,322.216296,3.822099,320.789261,323.643331,0.407677,0.007289,0.404956,0.410399,0,0,0,0
D80_edge-weighted_P2-B34_F4_CU_E1,P2,P2-B34,80,concentrated,edge-weighted,4,unlimited,1,0,0,34,30,2692,68.433204,2666.449491,2717.550509,2045.166667,24.107637,2036.165738,2054.167596,0.760053,0.015277,0.75435,0.765757,646.833333,56.432495,625.76346,667.903207,646.833333,56.432495,625.76346,667.903207,789.444477,58.546183,767.585428,811.303526,2158.876667,155.919443,2100.661927,2217.091406,0,0,0,0,0,0,0,0,0.364597,0.004609,0.362876,0.366318,34,0,34,34,6126.623333,65.187521,6102.284646,6150.962021,675.49437,2.897223,674.412651,676.57609,0.071007,0.000596,0.070784,0.07123,0,0,0,0
D80_edge-weighted_P3-D_F4_CU_E1,P3-D,P3-D,80,concentrated,edge-weighted,4,unlimited,1,1,0.6,,30,2692,68.433204,2666.449491,2717.550509,1863.166667,0.698932,1862.905711,1863.427623,0.692542,0.017493,0.686011,0.699073,828.833333,68.503251,803.256671,854.409996,828.833333,68.503251,803.256671,854.409996,879.865779,81.973607,849.259768,910.47179,2719.773333,187.160313,2649.894371,2789.652296,0,0,0,0,0,0,0,0,0.332912,0.000714,0.332645,0.333178,48.286667,5.654094,46.17563,50.397703,5565.203333,1.934707,5564.480983,5565.925684,602.24237,0.085987,602.210266,602.274475,0.070971,0.000055,0.07095,0.070991,0.064815,0,0.064815,0.064815
D80_edge-weighted_P0_F4_CU_E1p25,P0,P0,80,concentrated,edge-weighted,4,unlimited,1.25,0,0,,30,2692,68.433204,2666.449491,2717.550509,2668.1,54.593387,2647.716783,2688.483217,0.991271,0.009334,0.987786,0.994757,23.9,26.335174,14.067389,33.732611,49.133333,24.846749,39.856447,58.41022,50.50257,39.624948,35.708032,65.297107,142.303333,88.905543,109.109186,175.497481,0,0,0,0,0,0,0,0,0.451644,0.009327,0.448162,0.455127,151.666667,5.616069,149.569828,153.763506,10873.1125,222.915237,10789.883929,10956.341071,1884.707778,46.365507,1867.396557,1902.018999,0.454171,0.007074,0.45153,0.456812,0,0,0,0
D80_edge-weighted_P1_F4_CU_E1p25,P1,P1,80,concentrated,edge-weighted,4,unlimited,1.25,0,0,,30,2692,68.433204,2666.449491,2717.550509,2607.866667,31.045832,2596.275264,2619.458069,0.969138,0.017687,0.962535,0.975742,84.133333,50.122425,65.419414,102.847253,99.833333,44.328774,83.282556,116.384111,136.61711,70.039104,110.467016,162.767205,329.173333,162.744015,268.410543,389.936124,0,0,0,0,0,0,0,0,0.464064,0.005502,0.46201,0.466118,104.166667,4.28426,102.567077,105.766256,9062.333333,107.496528,9022.197977,9102.46869,402.77037,4.777623,400.986577,404.554164,0.407677,0.007289,0.404956,0.410399,0,0,0,0
D80_edge-weighted_P2-B34_F4_CU_E1p25,P2,P2-B34,80,concentrated,edge-weighted,4,unlimited,1.25,0,0,34,30,2692,68.433204,2666.449491,2717.550509,1679.266667,2.490441,1678.336825,1680.196508,0.624181,0.015579,0.618364,0.629998,1012.733333,67.957864,987.360299,1038.106367,1012.733333,67.957864,987.360299,1038.106367,1340.050154,106.02306,1300.464938,1379.63537,3376.746667,164.083929,3315.4836,3438.009733,0,0,0,0,0,0,0,0,0.300341,0.000799,0.300043,0.30064,33.75,0,33.75,33.75,6267.525,8.40524,6264.386784,6270.663216,677.556667,0.373566,677.41719,677.696143,0.072099,0.000317,0.071981,0.072218,0,0,0,0
D80_edge-weighted_P3-D_F4_CU_E1p25,P3-D,P3-D,80,concentrated,edge-weighted,4,unlimited,1.25,1,0.6,,30,2692,68.433204,2666.449491,2717.550509,1489,0,1489,1489,0.553463,0.013959,0.548251,0.558675,1203,68.433204,1177.449491,1228.550509,1203,68.433204,1177.449491,1228.550509,1482.580792,96.582315,1446.520413,1518.641172,4002.78,163.953705,3941.565554,4063.994446,0,0,0,0,0,0,0,0,0.265998,0.00054,0.265796,0.266199,40.104167,0.731881,39.830908,40.377425,5559.375,0,5559.375,5559.375,601.458333,0,601.458333,601.458333,0.071001,0,0.071001,0.071001,0.064815,0,0.064815,0.064815
D80_edge-weighted_P0_F8_C1_E0p75,P0,P0,80,concentrated,edge-weighted,8,1,0.75,0,0,,30,2692,68.433204,2666.449491,2717.550509,1695.566667,4.854314,1693.754239,1697.379094,0.630237,0.015718,0.624369,0.636106,996.433333,67.844997,971.102439,1021.764227,996.566667,67.841948,971.236911,1021.896422,1399.650315,108.054955,1359.306462,1439.994167,3472.805,165.868553,3410.875619,3534.734381,39.155277,0.417178,38.999518,39.311036,7,0,7,7,0.143516,0.000351,0.143384,0.143647,53.655,2.345441,52.779296,54.530704,4146.1225,16.388043,4140.003791,4152.241209,718.914611,12.531421,714.235827,723.593395,0.454352,0.008386,0.451222,0.457483,0,0,0,0
D80_edge-weighted_P1_F8_C1_E0p75,P1,P1,80,concentrated,edge-weighted,8,1,0.75,0,0,,30,2692,68.433204,2666.449491,2717.550509,1695.566667,4.854314,1693.754239,1697.379094,0.630237,0.015718,0.624369,0.636106,996.433333,67.844997,971.102439,1021.764227,996.566667,67.841948,971.236911,1021.896422,1399.650315,108.054955,1359.306462,1439.994167,3472.805,165.868553,3410.875619,3534.734381,39.155277,0.417178,38.999518,39.311036,7,0,7,7,0.143516,0.000351,0.143384,0.143647,29.6025,1.317003,29.110778,30.094222,3737.9825,17.742333,3731.358148,3744.606852,343.652556,9.814857,339.988039,347.317072,0.136509,0.011552,0.132195,0.140822,0,0,0,0
D80_edge-weighted_P2-B34_F8_C1_E0p75,P2,P2-B34,80,concentrated,edge-weighted,8,1,0.75,0,0,34,30,2692,68.433204,2666.449491,2717.550509,1672.833333,4.169539,1671.276577,1674.39009,0.621786,0.015436,0.616023,0.62755,1019.166667,67.664529,993.903153,1044.43018,1019.266667,67.642026,994.011555,1044.521778,1442.590389,106.933927,1402.665088,1482.51569,3556.656667,163.72592,3495.527268,3617.786066,39.728803,0.412653,39.574733,39.882873,7,0,7,7,0.143309,0.00032,0.143189,0.143428,33.6,0,33.6,33.6,3960.3325,9.966814,3956.611248,3964.053752,579.179778,0.440492,579.015314,579.344242,0.311629,0.005288,0.309654,0.313603,0,0,0,0
D80_edge-weighted_P3-D_F8_C1_E0p75,P3-D,P3-D,80,concentrated,edge-weighted,8,1,0.75,1,0.6,,30,2692,68.433204,2666.449491,2717.550509,1664.8,4.626759,1663.072534,1666.527466,0.618798,0.015291,0.613089,0.624507,1027.2,67.452359,1002.015703,1052.384297,1027.3,67.522742,1002.089425,1052.510575,1448.492531,105.585407,1409.070719,1487.914343,3581.18,163.665774,3520.073058,3642.286942,39.907939,0.409086,39.755201,40.060677,7,0,7,7,0.143218,0.000337,0.143092,0.143344,39.795,0.575109,39.580275,40.009725,3893.04,10.45402,3889.136843,3896.943157,528.414,0.495106,528.229145,528.598855,0.269387,0.008671,0.26615,0.272624,0.34537,0.006502,0.342943,0.347798
D80_edge-weighted_P0_F8_C1_E1,P0,P0,80,concentrated,edge-weighted,8,1,1,0,0,,30,2692,68.433204,2666.449491,2717.550509,1695.566667,4.854314,1693.754239,1697.379094,0.630237,0.015718,0.624369,0.636106,996.433333,67.844997,971.102439,1021.764227,996.566667,67.841948,971.236911,1021.896422,1399.650315,108.054955,1359.306462,1439.994167,3472.805,165.868553,3410.875619,3534.734381,39.155277,0.417178,38.999518,39.311036,7,0,7,7,0.143516,0.000351,0.143384,0.143647,71.54,3.127255,70.372395,72.707605,5528.163333,21.850724,5520.005055,5536.321612,958.552815,16.708562,952.314436,964.791194,0.454352,0.008386,0.451222,0.457483,0,0,0,0
D80_edge-weighted_P1_F8_C1_E1,P1,P1,80,concentrated,edge-weighted,8,1,1,0,0,,30,2692,68.433204,2666.449491,2717.550509,1603,3.787457,1601.585899,1604.414101,0.595826,0.01461,0.590371,0.60128,1089,67.26325,1063.88631,1114.11369,1089.1,67.286495,1063.977631,1114.222369,1582.948974,105.882571,1543.416211,1622.481736,3805.161667,161.928816,3744.703242,3865.620091,41.655512,0.305191,41.541565,41.76946,7,0,7,7,0.142611,0.000273,0.142509,0.142713,48.8,2.578425,47.837308,49.762692,4456.22,12.093669,4451.704657,4460.735343,198.054222,0.537496,197.85354,198.254904,0.407984,0.008841,0.404683,0.411285,0,0,0,0
D80_edge-weighted_P2-B34_F8_C1_E1,P2,P2-B34,80,concentrated,edge-weighted,8,1,1,0,0,34,30,2692,68.433204,2666.449491,2717.550509,1641.866667,4.508485,1640.18336,1643.549974,0.610289,0.015656,0.604443,0.616134,1050.133333,69.105982,1024.331633,1075.935034,1050.233333,69.081004,1024.440959,1076.025708,1504.402862,108.662958,1463.832002,1544.973721,3663.75,170.979339,3599.912434,3727.587566,40.532934,0.368909,40.395197,40.670672,7,0,7,7,0.143025,0.00029,0.142917,0.143133,33.6,0,33.6,33.6,5035.966667,11.985029,5031.491886,5040.441448,627.020741,0.532668,626.821862,627.21962,0.187577,0.003976,0.186092,0.189061,0,0,0,0
D80_edge-weighted_P3-D_F8_C1_E1,P3-D,P3-D,80,concentrated,edge-weighted,8,1,1,1,0.6,,30,2692,68.433204,2666.449491,2717.550509,1621,4.913037,1619.165648,1622.834352,0.602527,0.015252,0.596832,0.608221,1071,68.530386,1045.413207,1096.586793,1071.133333,68.453726,1045.575162,1096.691505,1518.379105,107.635773,1478.191759,1558.56645,3733.743333,165.043673,3672.121933,3795.364734,41.046516,0.443177,40.88105,41.211983,7,0,7,7,0.142815,0.000311,0.142699,0.142931,39.333333,0.191785,39.261728,39.404939,4911.333333,13.250279,4906.386154,4916.280513,573.181481,0.588901,572.961607,573.401356,0.117905,0.00215,0.117102,0.118707,0.283796,0.006097,0.28152,0.286073
D80_edge-weighted_P0_F8_C1_E1p25,P0,P0,80,concentrated,edge-weighted,8,1,1.25,0,0,,30,2692,68.433204,2666.449491,2717.550509,1695.566667,4.854314,1693.754239,1697.379094,0.630237,0.015718,0.624369,0.636106,996.433333,67.844997,971.102439,1021.764227,996.566667,67.841948,971.236911,1021.896422,1399.650315,108.054955,1359.306462,1439.994167,3472.805,165.868553,3410.875619,3534.734381,39.155277,0.417178,38.999518,39.311036,7,0,7,7,0.143516,0.000351,0.143384,0.143647,89.425,3.909069,87.965494,90.884506,6910.204167,27.313405,6900.006319,6920.402014,1198.191019,20.885702,1190.393045,1205.988992,0.454352,0.008386,0.451222,0.457483,0,0,0,0
D80_edge-weighted_P1_F8_C1_E1p25,P1,P1,80,concentrated,edge-weighted,8,1,1.25,0,0,,30,2692,68.433204,2666.449491,2717.550509,1603,3.787457,1601.585899,1604.414101,0.595826,0.01461,0.590371,0.60128,1089,67.26325,1063.88631,1114.11369,1089.1,67.286495,1063.977631,1114.222369,1582.948974,105.882571,1543.416211,1622.481736,3805.161667,161.928816,3744.703242,3865.620091,41.655512,0.305191,41.541565,41.76946,7,0,7,7,0.142611,0.000273,0.142509,0.142713,61,3.223031,59.796635,62.203365,5570.275,15.117086,5564.630821,5575.919179,247.567778,0.67187,247.316925,247.81863,0.407984,0.008841,0.404683,0.411285,0,0,0,0
D80_edge-weighted_P2-B34_F8_C1_E1p25,P2,P2-B34,80,concentrated,edge-weighted,8,1,1.25,0,0,34,30,2692,68.433204,2666.449491,2717.550509,1601.8,4.196879,1600.233036,1603.366964,0.595386,0.014889,0.589827,0.600945,1090.2,68.038225,1064.796962,1115.603038,1090.333333,68.086321,1064.912338,1115.754329,1582.032209,109.028261,1541.324958,1622.73946,3800.866667,166.384755,3738.744554,3862.988779,41.623993,0.329984,41.500789,41.747197,7,0,7,7,0.142644,0.000263,0.142546,0.142742,33.6,0.233046,33.512989,33.687011,6006.075,14.164467,6000.786495,6011.363505,665.936667,0.629532,665.701622,666.171711,0.072286,0.000536,0.072086,0.072486,0,0,0,0
D80_edge-weighted_P3-D_F8_C1_E1p25,P3-D,P3-D,80,concentrated,edge-weighted,8,1,1.25,1,0.6,,30,2692,68.433204,2666.449491,2717.550509,1489,0,1489,1489,0.553463,0.013959,0.548251,0.558675,1203,68.433204,1177.449491,1228.550509,1203,68.433204,1177.449491,1228.550509,1600.805843,106.944051,1560.876762,1640.734924,4091.373333,167.201994,4028.946093,4153.800574,40.258003,0.403148,40.107482,40.408524,7,0,7,7,0.133075,0.000322,0.132954,0.133195,39.875,0,39.875,39.875,5559.375,0,5559.375,5559.375,601.458333,0,601.458333,601.458333,0.071001,0,0.071001,0.071001,0.064815,0,0.064815,0.064815
D80_edge-weighted_P0_F8_C2_E0p75,P0,P0,80,concentrated,edge-weighted,8,2,0.75,0,0,,30,2692,68.433204,2666.449491,2717.550509,2688.066667,68.401922,2662.527837,2713.605496,0.998539,0.001141,0.998113,0.998965,3.933333,3.084257,2.781782,5.084885,19.5,6.755585,16.977706,22.022294,6.553892,3.983535,5.066583,8.041202,35.861667,18.663618,28.89334,42.829994,6.612699,0.747891,6.333464,6.891935,5.833333,0.379049,5.69181,5.974857,0.227507,0.005822,0.225333,0.229681,95.34,4.31078,93.730509,96.949491,6572.935,166.341114,6510.829181,6635.040819,1139.585444,31.498975,1127.824855,1151.346034,0.454315,0.006864,0.451752,0.456877,0,0,0,0
D80_edge-weighted_P1_F8_C2_E0p75,P1,P1,80,concentrated,edge-weighted,8,2,0.75,0,0,,30,2692,68.433204,2666.449491,2717.550509,2688.066667,68.401922,2662.527837,2713.605496,0.998539,0.001141,0.998113,0.998965,3.933333,3.084257,2.781782,5.084885,19.5,6.755585,16.977706,22.022294,6.553892,3.983535,5.066583,8.041202,35.861667,18.663618,28.89334,42.829994,6.612699,0.747891,6.333464,6.891935,5.833333,0.379049,5.69181,5.974857,0.227507,0.005822,0.225333,0.229681,51.9975,2.352093,51.119313,52.875687,5926.915,150.135133,5870.859915,5982.970085,545.605944,16.680552,539.378023,551.833866,0.135609,0.00901,0.132245,0.138973,0,0,0,0
D80_edge-weighted_P2-B34_F8_C2_E0p75,P2,P2-B34,80,concentrated,edge-weighted,8,2,0.75,0,0,34,30,2692,68.433204,2666.449491,2717.550509,2524.333333,26.780504,2514.334452,2534.332215,0.938145,0.019081,0.931021,0.945269,167.666667,55.638819,146.893123,188.44021,169.333333,55.384757,148.654647,190.012019,211.458135,76.968069,182.721012,240.195257,551.008333,198.469938,476.906762,625.109905,9.82731,0.360953,9.692544,9.962077,6,0,6,6,0.22356,0.002493,0.222629,0.22449,33.825,0,33.825,33.825,5714.02,56.1241,5693.06527,5734.97473,657.016444,2.783998,655.976999,658.05589,0.089745,0.003456,0.088455,0.091035,0,0,0,0
D80_edge-weighted_P3-D_F8_C2_E0p75,P3-D,P3-D,80,concentrated,edge-weighted,8,2,0.75,1,0.6,,30,2692,68.433204,2666.449491,2717.550509,2414.833333,14.767353,2409.319732,2420.346934,0.897522,0.020116,0.890012,0.905033,277.166667,61.573664,254.177264,300.156069,277.166667,61.573664,254.177264,300.156069,188.673617,66.209645,163.953305,213.393929,803.546667,216.292183,722.790907,884.302427,9.492132,0.493072,9.308037,9.676227,6,0,6,6,0.21519,0.001389,0.214671,0.215709,51.05,1.334877,50.551605,51.548395,5425.4975,29.966791,5414.308973,5436.686027,596.523222,1.392458,596.003328,597.043116,0.071576,0.000381,0.071433,0.071718,0.121142,0.007601,0.118304,0.12398
D80_edge-weighted_P0_F8_C2_E1,P0,P0,80,concentrated,edge-weighted,8,2,1,0,0,,30,2692,68.433204,2666.449491,2717.550509,2688.066667,68.401922,2662.527837,2713.605496,0.998539,0.001141,0.998113,0.998965,3.933333,3.084257,2.781782,5.084885,19.5,6.755585,16.977706,22.022294,6.553892,3.983535,5.066583,8.041202,35.861667,18.663618,28.89334,42.829994,6.612699,0.747891,6.333464,6.891935,5.833333,0.379049,5.69181,5.974857,0.227507,0.005822,0.225333,0.229681,127.12,5.747707,124.974012,129.265988,8763.913333,221.788153,8681.105575,8846.721092,1519.447259,41.998633,1503.766473,1535.128046,0.454315,0.006864,0.451752,0.456877,0,0,0,0
D80_edge-weighted_P1_F8_C2_E1,P1,P1,80,concentrated,edge-weighted,8,2,1,0,0,,30,2692,68.433204,2666.449491,2717.550509,2679.166667,61.101997,2656.353368,2701.979965,0.995307,0.005592,0.993219,0.997395,12.833333,15.761331,6.948617,18.71805,35.633333,16.123411,29.613429,41.653238,27.028063,25.530411,17.495921,36.560205,93.296667,59.516794,71.075226,115.518107,8.729825,0.896341,8.395163,9.064487,5.933333,0.253708,5.838608,6.028059,0.238376,0.005414,0.236355,0.240398,87.566667,2.920597,86.47622,88.657113,7447.89,170.12881,7384.369991,7511.410009,331.017333,7.56128,328.194222,333.840445,0.407931,0.0073,0.405206,0.410657,0,0,0,0
D80_edge-weighted_P2-B34_F8_C2_E1,P2,P2-B34,80,concentrated,edge-weighted,8,2,1,0,0,34,30,2692,68.433204,2666.449491,2717.550509,2045.466667,24.204208,2036.429682,2054.503652,0.760165,0.015293,0.754455,0.765875,646.533333,56.45855,625.453732,667.612935,646.533333,56.45855,625.453732,667.612935,773.866334,58.568173,751.999075,795.733594,2137.41,154.989952,2079.542299,2195.277701,9.528366,0.229815,9.442561,9.614171,6,0,6,6,0.182323,0.002319,0.181458,0.183189,34,0,34,34,6127.44,65.470196,6102.995772,6151.884228,675.530667,2.909787,674.444257,676.617077,0.070997,0.000583,0.07078,0.071215,0,0,0,0
D80_edge-weighted_P3-D_F8_C2_E1,P3-D,P3-D,80,concentrated,edge-weighted,8,2,1,1,0.6,,30,2692,68.433204,2666.449491,2717.550509,1863.2,0.805156,1862.899384,1863.500616,0.692555,0.017531,0.68601,0.699101,828.8,68.594963,803.189096,854.410904,828.8,68.594963,803.189096,854.410904,866.561263,82.125702,835.898465,897.224061,2700.626667,187.19268,2630.73562,2770.517714,9.054304,0.197557,8.980543,9.128065,6,0,6,6,0.166459,0.000346,0.16633,0.166589,48.12,5.60827,46.026073,50.213927,5565.3,2.236685,5564.464902,5566.135098,602.246667,0.099408,602.209551,602.283782,0.070971,0.000058,0.07095,0.070993,0.064815,0,0.064815,0.064815
D80_edge-weighted_P0_F8_C2_E1p25,P0,P0,80,concentrated,edge-weighted,8,2,1.25,0,0,,30,2692,68.433204,2666.449491,2717.550509,2688.066667,68.401922,2662.527837,2713.605496,0.998539,0.001141,0.998113,0.998965,3.933333,3.084257,2.781782,5.084885,19.5,6.755585,16.977706,22.022294,6.553892,3.983535,5.066583,8.041202,35.861667,18.663618,28.89334,42.829994,6.612699,0.747891,6.333464,6.891935,5.833333,0.379049,5.69181,5.974857,0.227507,0.005822,0.225333,0.229681,158.9,7.184634,156.217515,161.582485,10954.891667,277.235191,10851.381969,11058.401365,1899.309074,52.498291,1879.708091,1918.910057,0.454315,0.006864,0.451752,0.456877,0,0,0,0
D80_edge-weighted_P1_F8_C2_E1p25,P1,P1,80,concentrated,edge-weighted,8,2,1.25,0,0,,30,2692,68.433204,2666.449491,2717.550509,2679.166667,61.101997,2656.353368,2701.979965,0.995307,0.005592,0.993219,0.997395,12.833333,15.761331,6.948617,18.71805,35.633333,16.123411,29.613429,41.653238,27.028063,25.530411,17.495921,36.560205,93.296667,59.516794,71.075226,115.518107,8.729825,0.896341,8.395163,9.064487,5.933333,0.253708,5.838608,6.028059,0.238376,0.005414,0.236355,0.240398,109.458333,3.650746,108.095275,110.821391,9309.8625,212.661012,9230.462489,9389.262511,413.771667,9.451601,410.242777,417.300556,0.407931,0.0073,0.405206,0.410657,0,0,0,0
D80_edge-weighted_P2-B34_F8_C2_E1p25,P2,P2-B34,80,concentrated,edge-weighted,8,2,1.25,0,0,34,30,2692,68.433204,2666.449491,2717.550509,1679.3,2.336369,1678.427683,1680.172317,0.624194,0.015587,0.618374,0.630013,1012.7,67.982325,987.317833,1038.082167,1012.7,67.982325,987.317833,1038.082167,1323.485513,105.474639,1284.105058,1362.865968,3357.863333,164.811217,3296.328723,3419.397943,11.633267,0.564943,11.422338,11.844197,6,0,6,6,0.150175,0.000386,0.150031,0.150319,33.75,0,33.75,33.75,6267.6375,7.885246,6264.693431,6270.581569,677.561667,0.350455,677.430819,677.692514,0.072101,0.000308,0.071986,0.072216,0,0,0,0
D80_edge-weighted_P3-D_F8_C2_E1p25,P3-D,P3-D,80,concentrated,edge-weighted,8,2,1.25,1,0.6,,30,2692,68.433204,2666.449491,2717.550509,1489,0,1489,1489,0.553463,0.013959,0.548251,0.558675,1203,68.433204,1177.449491,1228.550509,1203,68.433204,1177.449491,1228.550509,1468.957332,95.850747,1433.170093,1504.74457,3985.24,163.539719,3924.180122,4046.299878,10.387038,0.57768,10.171353,10.602723,6,0,6,6,0.133005,0.00027,0.132904,0.133106,40.108333,0.730887,39.835446,40.38122,5559.375,0,5559.375,5559.375,601.458333,0,601.458333,601.458333,0.071001,0,0.071001,0.071001,0.064815,0,0.064815,0.064815
D80_edge-weighted_P0_F8_CU_E0p75,P0,P0,80,concentrated,edge-weighted,8,unlimited,0.75,0,0,,30,2692,68.433204,2666.449491,2717.550509,2689.733333,68.130166,2664.295968,2715.170699,0.99916,0.000535,0.998961,0.99936,2.266667,1.460593,1.721333,2.812,5.833333,0.949894,5.478677,6.18799,0.179236,0.025199,0.169828,0.188645,0.433333,0.568321,0.221143,0.645524,0,0,0,0,0,0,0,0,0.227649,0.005802,0.225482,0.229815,97.755,4.904438,95.923859,99.586141,6576.98,165.601022,6515.150505,6638.809495,1140.255222,31.327618,1128.558611,1151.951833,0.454299,0.006875,0.451732,0.456866,0,0,0,0
D80_edge-weighted_P1_F8_CU_E0p75,P1,P1,80,concentrated,edge-weighted,8,unlimited,0.75,0,0,,30,2692,68.433204,2666.449491,2717.550509,2689.733333,68.130166,2664.295968,2715.170699,0.99916,0.000535,0.998961,0.99936,2.266667,1.460593,1.721333,2.812,5.833333,0.949894,5.478677,6.18799,0.179236,0.025199,0.169828,0.188645,0.433333,0.568321,0.221143,0.645524,0,0,0,0,0,0,0,0,0.227649,0.005802,0.225482,0.229815,53.665,3.338029,52.418699,54.911301,5930.56,149.413052,5874.774514,5986.345486,545.907944,16.522155,539.739163,552.076726,0.135641,0.009004,0.132279,0.139002,0,0,0,0
D80_edge-weighted_P2-B34_F8_CU_E0p75,P2,P2-B34,80,concentrated,edge-weighted,8,unlimited,0.75,0,0,34,30,2692,68.433204,2666.449491,2717.550509,2524.7,26.664131,2514.744568,2534.655432,0.938281,0.019064,0.931164,0.945399,167.3,55.592204,146.543861,188.056139,168.933333,55.256102,148.302683,189.563984,159.736995,71.750887,132.947781,186.526208,487.355,188.361417,417.027588,557.682412,0,0,0,0,0,0,0,0,0.223587,0.002486,0.222658,0.224515,33.825,0,33.825,33.825,5714.7625,55.879817,5693.898976,5735.626024,657.049444,2.774823,656.013425,658.085464,0.089674,0.003461,0.088382,0.090967,0,0,0,0
D80_edge-weighted_P3-D_F8_CU_E0p75,P3-D,P3-D,80,concentrated,edge-weighted,8,unlimited,0.75,1,0.6,,30,2692,68.433204,2666.449491,2717.550509,2414.833333,14.72292,2409.336322,2420.330345,0.897522,0.020091,0.890021,0.905023,277.166667,61.51147,254.200485,300.132848,277.166667,61.51147,254.200485,300.132848,149.920764,58.392793,128.118985,171.722543,753.558333,219.631864,671.555656,835.561011,0,0,0,0,0,0,0,0,0.215163,0.001346,0.214661,0.215665,55.725,4.395996,54.083692,57.366308,5425.4975,29.874198,5414.343544,5436.651456,596.523222,1.386174,596.005675,597.04077,0.071576,0.000377,0.071435,0.071716,0.120833,0.007627,0.117986,0.123681
D80_edge-weighted_P0_F8_CU_E1,P0,P0,80,concentrated,edge-weighted,8,unlimited,1,0,0,,30,2692,68.433204,2666.449491,2717.550509,2689.733333,68.130166,2664.295968,2715.170699,0.99916,0.000535,0.998961,0.99936,2.266667,1.460593,1.721333,2.812,5.833333,0.949894,5.478677,6.18799,0.179236,0.025199,0.169828,0.188645,0.433333,0.568321,0.221143,0.645524,0,0,0,0,0,0,0,0,0.227649,0.005802,0.225482,0.229815,130.34,6.53925,127.898478,132.781522,8769.306667,220.801363,8686.86734,8851.745993,1520.340296,41.770157,1504.744815,1535.935778,0.454299,0.006875,0.451732,0.456866,0,0,0,0
D80_edge-weighted_P1_F8_CU_E1,P1,P1,80,concentrated,edge-weighted,8,unlimited,1,0,0,,30,2692,68.433204,2666.449491,2717.550509,2689.7,68.182387,2664.243137,2715.156863,0.999148,0.000538,0.998947,0.999349,2.3,1.4657,1.75276,2.84724,5.966667,0.927857,5.620238,6.313095,0.220554,0.03422,0.207777,0.23333,1.166667,0.698932,0.905711,1.427623,0,0,0,0,0,0,0,0,0.239316,0.006039,0.237061,0.241571,93.1,4.670893,91.356056,94.843944,7477.11,190.29147,7406.061975,7548.158025,332.316,8.457399,329.15831,335.47369,0.408016,0.007202,0.405327,0.410705,0,0,0,0
D80_edge-weighted_P2-B34_F8_CU_E1,P2,P2-B34,80,concentrated,edge-weighted,8,unlimited,1,0,0,34,30,2692,68.433204,2666.449491,2717.550509,2045.466667,24.204208,2036.429682,2054.503652,0.760165,0.015293,0.754455,0.765875,646.533333,56.45855,625.453732,667.612935,646.533333,56.45855,625.453732,667.612935,734.076399,58.465032,712.247649,755.905149,2103.693333,156.434387,2045.286332,2162.100335,0,0,0,0,0,0,0,0,0.182323,0.002319,0.181458,0.183189,34,0,34,34,6127.44,65.470196,6102.995772,6151.884228,675.530667,2.909787,674.444257,676.617077,0.070997,0.000583,0.07078,0.071215,0,0,0,0
D80_edge-weighted_P3-D_F8_CU_E1,P3-D,P3-D,80,concentrated,edge-weighted,8,unlimited,1,1,0.6,,30,2692,68.433204,2666.449491,2717.550509,1863.166667,0.74664,1862.887898,1863.445435,0.692543,0.017511,0.686005,0.69908,828.833333,68.545018,803.241077,854.42559,828.833333,68.545018,803.241077,854.42559,835.6017,82.076417,804.957303,866.246097,2670.98,187.426671,2601.001589,2740.958411,0,0,0,0,0,0,0,0,0.16646,0.000347,0.16633,0.166589,48.086667,5.593514,45.998249,50.175085,5565.21,2.077191,5564.434451,5565.985549,602.242667,0.09232,602.208198,602.277136,0.070968,0.000054,0.070948,0.070988,0.064815,0,0.064815,0.064815
D80_edge-weighted_P0_F8_CU_E1p25,P0,P0,80,concentrated,edge-weighted,8,unlimited,1.25,0,0,,30,2692,68.433204,2666.449491,2717.550509,2689.733333,68.130166,2664.295968,2715.170699,0.99916,0.000535,0.998961,0.99936,2.266667,1.460593,1.721333,2.812,5.833333,0.949894,5.478677,6.18799,0.179236,0.025199,0.169828,0.188645,0.433333,0.568321,0.221143,0.645524,0,0,0,0,0,0,0,0,0.227649,0.005802,0.225482,0.229815,162.925,8.174063,159.873098,165.976902,10961.633333,276.001704,10858.584175,11064.682492,1900.42537,52.212696,1880.931018,1919.919722,0.454299,0.006875,0.451732,0.456866,0,0,0,0
D80_edge-weighted_P1_F8_CU_E1p25,P1,P1,80,concentrated,edge-weighted,8,unlimited,1.25,0,0,,30,2692,68.433204,2666.449491,2717.550509,2689.7,68.182387,2664.243137,2715.156863,0.999148,0.000538,0.998947,0.999349,2.3,1.4657,1.75276,2.84724,5.966667,0.927857,5.620238,6.313095,0.220554,0.03422,0.207777,0.23333,1.166667,0.698932,0.905711,1.427623,0,0,0,0,0,0,0,0,0.239316,0.006039,0.237061,0.241571,116.375,5.838616,114.19507,118.55493,9346.3875,237.864338,9257.577469,9435.197531,415.395,10.571748,411.447888,419.342112,0.408016,0.007202,0.405327,0.410705,0,0,0,0
D80_edge-weighted_P2-B34_F8_CU_E1p25,P2,P2-B34,80,concentrated,edge-weighted,8,unlimited,1.25,0,0,34,30,2692,68.433204,2666.449491,2717.550509,1679.3,2.336369,1678.427683,1680.172317,0.624194,0.015587,0.618374,0.630013,1012.7,67.982325,987.317833,1038.082167,1012.7,67.982325,987.317833,1038.082167,1284.518228,103.066815,1246.036768,1322.999688,3336.423333,167.621699,3273.83939,3399.007277,0,0,0,0,0,0,0,0,0.150175,0.000386,0.150031,0.150319,33.75,0,33.75,33.75,6267.6375,7.885246,6264.693431,6270.581569,677.561667,0.350455,677.430819,677.692514,0.072101,0.000308,0.071986,0.072216,0,0,0,0
D80_edge-weighted_P3-D_F8_CU_E1p25,P3-D,P3-D,80,concentrated,edge-weighted,8,unlimited,1.25,1,0.6,,30,2692,68.433204,2666.449491,2717.550509,1489,0,1489,1489,0.553463,0.013959,0.548251,0.558675,1203,68.433204,1177.449491,1228.550509,1203,68.433204,1177.449491,1228.550509,1440.594874,94.334051,1405.373915,1475.815832,3963.4,163.130327,3902.492974,4024.307026,0,0,0,0,0,0,0,0,0.133005,0.00027,0.132904,0.133106,40.108333,0.730887,39.835446,40.38122,5559.375,0,5559.375,5559.375,601.458333,0,601.458333,601.458333,0.071001,0,0.071001,0.071001,0.064815,0,0.064815,0.064815
