setting,policy,target,delay,damping,initial_budget,seed,requests,dispatched,completion_rate,final_queue,blocked_dispatch_attempts,head_of_line_blocked_attempts,head_of_line_share,warm_budget_mean,warm_budget_sd,warm_dispatch_mean,warm_dispatch_sd,budget_direction_changes,periods_within_point_one,final_central_budget,final_central_use
p2_b14,P2,14,0,0,14,501,2681,936,0.3491234613950019,1745,424,0,0,14,0,39,0,0,24,14,13.13056940663441
p2_b14,P2,14,0,0,14,502,2595,936,0.3606936416184971,1659,417,0,0,14,0,39,0,0,24,14,13.130546252779874
p2_b14,P2,14,0,0,14,503,2680,936,0.3492537313432836,1744,389,0,0,14,0,39,0,0,24,14,13.130536395624343
p2_b14,P2,14,0,0,14,504,2672,936,0.3502994011976048,1736,418,0,0,14,0,39,0,0,24,14,13.130543134041561
p2_b14,P2,14,0,0,14,505,2723,936,0.34373852368710983,1787,466,0,0,14,0,39,0,0,24,14,13.130530825436255
p2_b14,P2,14,0,0,14,506,2721,936,0.3439911797133407,1785,412,0,0,14,0,39,0,0,24,14,13.130533623369407
p2_b14,P2,14,0,0,14,507,2762,936,0.3388848660391021,1826,453,0,0,14,0,39,0,0,24,14,13.130533400939894
p2_b14,P2,14,0,0,14,508,2805,936,0.3336898395721925,1869,410,0,0,14,0,39,0,0,24,14,13.130553534431765
p2_b14,P2,14,0,0,14,509,2656,936,0.35240963855421686,1720,420,0,0,14,0,39,0,0,24,14,13.130550291639592
p2_b14,P2,14,0,0,14,510,2733,936,0.3424807903402854,1797,395,0,0,14,0,39,0,0,24,14,13.130540780967435
p2_b14,P2,14,0,0,14,511,2668,936,0.35082458770614694,1732,392,0,0,14,0,39,0,0,24,14,13.130538971127981
p2_b14,P2,14,0,0,14,512,2595,936,0.3606936416184971,1659,390,0,0,14,0,39,0,0,24,14,13.130553534431765
p2_b14,P2,14,0,0,14,513,2669,936,0.350693143499438,1733,426,0,0,14,0,39,0,0,24,14,13.130550958928126
p2_b14,P2,14,0,0,14,514,2721,936,0.3439911797133407,1785,418,0,0,14,0,39,0,0,24,14,13.130535629960157
p2_b14,P2,14,0,0,14,515,2654,936,0.35267520723436324,1718,377,0,0,14,0,39,0,0,24,14,13.130562124982518
p2_b14,P2,14,0,0,14,516,2650,936,0.35320754716981134,1714,411,0,0,14,0,39,0,0,24,14,13.130546030350361
p2_b14,P2,14,0,0,14,517,2628,936,0.3561643835616438,1692,396,0,0,14,0,39,0,0,24,14,13.130554077666439
p2_b14,P2,14,0,0,14,518,2684,936,0.34873323397913564,1748,396,0,0,14,0,39,0,0,24,14,13.130548383424488
p2_b14,P2,14,0,0,14,519,2586,936,0.3619489559164733,1650,380,0,0,14,0,39,0,0,24,14,13.13056103851317
p2_b14,P2,14,0,0,14,520,2641,936,0.3544112078758046,1705,425,0,0,14,0,39,0,0,24,14,13.130535852389668
p2_b14,P2,14,0,0,14,521,2703,936,0.3462819089900111,1767,405,0,0,14,0,39,0,0,24,14,13.130546475209387
p2_b14,P2,14,0,0,14,522,2712,936,0.34513274336283184,1776,408,0,0,14,0,39,0,0,24,14,13.130554201720305
p2_b14,P2,14,0,0,14,523,2661,936,0.35174746335963925,1725,380,0,0,14,0,39,0,0,24,14,13.130556973975239
p2_b14,P2,14,0,0,14,524,2669,936,0.350693143499438,1733,424,0,0,14,0,39,0,0,24,14,13.130564157251483
p2_b14,P2,14,0,0,14,525,2621,936,0.3571156047310187,1685,377,0,0,14,0,39,0,0,24,14,13.13053874869847
p2_b14,P2,14,0,0,14,526,2671,936,0.35043055035567205,1735,425,0,0,14,0,39,0,0,24,14,13.130561012834958
p2_b14,P2,14,0,0,14,527,2693,936,0.3475677682881545,1757,423,0,0,14,0,39,0,0,24,14,13.130543801330099
p2_b14,P2,14,0,0,14,528,2647,936,0.35360785795239896,1711,412,0,0,14,0,39,0,0,24,14,13.130546475209387
p2_b14,P2,14,0,0,14,529,2705,936,0.3460258780036969,1769,435,0,0,14,0,39,0,0,24,14,13.130530603006743
p2_b14,P2,14,0,0,14,530,2691,936,0.34782608695652173,1755,399,0,0,14,0,39,0,0,24,14,13.13058473560238
p2_b18,P2,18,0,0,18,501,2681,1096,0.40880268556508764,1585,0,0,0,18,0,45.75,0.5773502691896257,0,24,18,17.135589685900076
p2_b18,P2,18,0,0,18,502,2595,1095,0.42196531791907516,1500,0,0,0,18,0,45.6875,0.47871355387816905,0,24,18,17.14560671369014
p2_b18,P2,18,0,0,18,503,2680,1096,0.408955223880597,1584,0,0,0,18,0,45.6875,0.6020797289396148,0,24,18,17.145605948025953
p2_b18,P2,18,0,0,18,504,2672,1096,0.4101796407185629,1576,0,0,0,18,0,45.6875,0.47871355387816905,0,24,18,17.140593814452014
p2_b18,P2,18,0,0,18,505,2723,1094,0.4017627616599339,1629,0,0,0,18,0,45.5625,0.51234753829798,0,24,18,17.14562125131571
p2_b18,P2,18,0,0,18,506,2721,1096,0.4027930907754502,1625,0,0,0,18,0,45.75,0.5773502691896257,0,24,18,17.145604458991663
p2_b18,P2,18,0,0,18,507,2762,1094,0.39608979000724115,1668,0,0,0,18,0,45.6875,0.47871355387816905,0,24,18,17.145582990922716
p2_b18,P2,18,0,0,18,508,2805,1093,0.38966131907308377,1712,0,0,0,18,0,45.6875,0.47871355387816905,0,24,18,17.145601117823837
p2_b18,P2,18,0,0,18,509,2656,1097,0.4130271084337349,1559,0,0,0,18,0,45.75,0.4472135954999579,0,24,18,17.14059584672098
p2_b18,P2,18,0,0,18,510,2733,1094,0.40029271862422244,1639,0,0,0,18,0,45.625,0.5,0,24,18,17.140602585138204
p2_b18,P2,18,0,0,18,511,2668,1091,0.4089205397301349,1577,0,0,0,18,0,45.5625,0.51234753829798,0,24,18,17.140590918143214
p2_b18,P2,18,0,0,18,512,2595,1094,0.4215799614643545,1501,0,0,0,18,0,45.625,0.6191391873668903,0,24,18,17.14059721170141
p2_b18,P2,18,0,0,18,513,2669,1095,0.41026601723491946,1574,0,0,0,18,0,45.8125,0.4031128874149275,0,24,18,17.14562404924886
p2_b18,P2,18,0,0,18,514,2721,1095,0.402425578831312,1626,0,0,0,18,0,45.625,0.5,0,24,18,17.145617212455992
p2_b18,P2,18,0,0,18,515,2654,1093,0.4118311981914092,1561,0,0,0,18,0,45.5,0.5163977794943222,0,24,18,17.145596980588472
p2_b18,P2,18,0,0,18,516,2650,1095,0.41320754716981134,1555,0,0,0,18,0,45.5625,0.7274384280931732,0,24,18,17.145604138186503
p2_b18,P2,18,0,0,18,517,2628,1096,0.4170471841704718,1532,0,0,0,18,0,45.8125,0.4031128874149275,0,24,18,17.145601785112376
p2_b18,P2,18,0,0,18,518,2684,1095,0.407973174366617,1589,0,0,0,18,0,45.6875,0.47871355387816905,0,24,18,17.145614440201058
p2_b18,P2,18,0,0,18,519,2586,1092,0.4222737819025522,1494,0,0,0,18,0,45.6875,0.47871355387816905,0,24,18,17.145593070507758
p2_b18,P2,18,0,0,18,520,2641,1096,0.4149943203332071,1545,0,0,0,18,0,45.625,0.5,0,24,18,17.145598221515037
p2_b18,P2,18,0,0,18,521,2703,1097,0.4058453570107288,1606,0,0,0,18,0,45.75,0.4472135954999579,0,24,18,17.14559844394455
p2_b18,P2,18,0,0,18,522,2712,1095,0.40376106194690264,1617,0,0,0,18,0,45.6875,0.6020797289396148,0,24,18,17.14561956553012
p2_b18,P2,18,0,0,18,523,2661,1095,0.41149943630214203,1566,0,0,0,18,0,45.6875,0.6020797289396148,0,24,18,17.14559329293727
p2_b18,P2,18,0,0,18,524,2669,1095,0.41026601723491946,1574,0,0,0,18,0,45.625,0.5,0,24,18,17.145608844334753
p2_b18,P2,18,0,0,18,525,2621,1096,0.41816100724914157,1525,0,0,0,18,0,45.75,0.5773502691896257,0,24,18,17.145614414522843
p2_b18,P2,18,0,0,18,526,2671,1095,0.4099588169225009,1576,0,0,0,18,0,45.6875,0.47871355387816905,0,24,18,17.14060580225216
p2_b18,P2,18,0,0,18,527,2693,1093,0.4058670627552915,1600,0,0,0,18,0,45.625,0.5,0,24,18,17.14561666922132
p2_b18,P2,18,0,0,18,528,2647,1094,0.41329807329051754,1553,0,0,0,18,0,45.5625,0.6291528696058958,0,24,18,17.1406141703734
p2_b18,P2,18,0,0,18,529,2705,1096,0.40517560073937153,1609,0,0,0,18,0,45.8125,0.4031128874149275,0,24,18,17.140570215738453
p2_b18,P2,18,0,0,18,530,2691,1096,0.4072835377183203,1595,0,0,0,18,0,45.6875,0.47871355387816905,0,24,18,17.140582870827135
p2_b20,P2,20,0,0,20,501,2681,1100,0.4102946661693398,1581,0,0,0,20,0,45.9375,0.25,0,24,20,19.135579187134223
p2_b20,P2,20,0,0,20,502,2595,1101,0.42427745664739885,1494,0,0,0,20,0,45.9375,0.25,0,24,20,19.135562048326797
p2_b20,P2,20,0,0,20,503,2680,1100,0.41044776119402987,1580,0,0,0,20,0,45.9375,0.25,0,24,20,19.135566211240377
p2_b20,P2,20,0,0,20,504,2672,1101,0.4120508982035928,1571,0,0,0,20,0,45.9375,0.25,0,24,20,19.135551870366104
p2_b20,P2,20,0,0,20,505,2723,1101,0.4043334557473375,1622,0,0,0,20,0,46,0,0,24,20,19.135553432097833
p2_b20,P2,20,0,0,20,506,2721,1101,0.4046306504961411,1620,0,0,0,20,0,46,0,0,24,20,19.13554414385519
p2_b20,P2,20,0,0,20,507,2762,1101,0.39862418537291816,1661,0,0,0,20,0,46,0,0,24,20,19.135553333722182
p2_b20,P2,20,0,0,20,508,2805,1099,0.39180035650623884,1706,0,0,0,20,0,46,0,0,24,20,19.135561060233098
p2_b20,P2,20,0,0,20,509,2656,1102,0.41490963855421686,1554,0,0,0,20,0,45.9375,0.25,0,24,20,19.135574258556456
p2_b20,P2,20,0,0,20,510,2733,1102,0.40321990486644715,1631,0,0,0,20,0,45.9375,0.25,0,24,20,19.135551647936595
p2_b20,P2,20,0,0,20,511,2668,1100,0.4122938530734633,1568,0,0,0,20,0,45.875,0.3415650255319866,0,24,20,19.135556576514357
p2_b20,P2,20,0,0,20,512,2595,1102,0.42466281310211945,1493,0,0,0,20,0,46,0,0,24,20,19.135565988810864
p2_b20,P2,20,0,0,20,513,2669,1102,0.41288872236792806,1567,0,0,0,20,0,46,0,0,24,20,19.135558805534625
p2_b20,P2,20,0,0,20,514,2721,1103,0.4053656743844175,1618,0,0,0,20,0,46,0,0,24,20,19.135541790781062
p2_b20,P2,20,0,0,20,515,2654,1102,0.4152223059532781,1552,0,0,0,20,0,45.9375,0.25,0,24,20,19.13556484625995
p2_b20,P2,20,0,0,20,516,2650,1101,0.41547169811320755,1549,0,0,0,20,0,45.875,0.3415650255319866,0,24,20,19.13557737729477
p2_b20,P2,20,0,0,20,517,2628,1101,0.4189497716894977,1527,0,0,0,20,0,45.9375,0.25,0,24,20,19.135566976904563
p2_b20,P2,20,0,0,20,518,2684,1098,0.4090909090909091,1586,0,0,0,20,0,45.875,0.3415650255319866,0,24,20,19.135569774837716
p2_b20,P2,20,0,0,20,519,2586,1097,0.4242072699149265,1489,0,0,0,20,0,45.9375,0.25,0,24,20,19.13556576638135
p2_b20,P2,20,0,0,20,520,2641,1103,0.41764483150321846,1538,0,0,0,20,0,46,0,0,24,20,19.135565988810864
p2_b20,P2,20,0,0,20,521,2703,1102,0.40769515353311137,1601,0,0,0,20,0,46,0,0,24,20,19.135553778581208
p2_b20,P2,20,0,0,20,522,2712,1102,0.40634218289085544,1610,0,0,0,20,0,46,0,0,24,20,19.13556160346777
p2_b20,P2,20,0,0,20,523,2661,1102,0.4141300263059,1559,0,0,0,20,0,46,0,0,24,20,19.13555870715897
p2_b20,P2,20,0,0,20,524,2669,1102,0.41288872236792806,1567,0,0,0,20,0,46,0,0,24,20,19.13557168305282
p2_b20,P2,20,0,0,20,525,2621,1101,0.4200686760778329,1520,0,0,0,20,0,45.9375,0.25,0,24,20,19.13556707528021
p2_b20,P2,20,0,0,20,526,2671,1102,0.41257955821789594,1569,0,0,0,20,0,46,0,0,24,20,19.13554156835155
p2_b20,P2,20,0,0,20,527,2693,1099,0.40809506126995915,1594,0,0,0,20,0,45.8125,0.4031128874149275,0,24,20,19.13556128266261
p2_b20,P2,20,0,0,20,528,2647,1102,0.4163203626747261,1545,0,0,0,20,0,46,0,0,24,20,19.135556576514357
p2_b20,P2,20,0,0,20,529,2705,1101,0.4070240295748614,1604,0,0,0,20,0,45.9375,0.25,0,24,20,19.13555870715897
p2_b20,P2,20,0,0,20,530,2691,1102,0.40951319212188775,1589,0,0,0,20,0,46,0,0,24,20,19.135554001010718
p3u_t10_d0,P3-U,10,0,1,20,501,2681,586,0.2185751585229392,2095,1311,0,0,10.111836531805583,0.14810346467754396,18.8125,9.509425149117408,0,10,10.002786090645852,10.000011765370633
p3u_t10_d0,P3-U,10,0,1,20,502,2595,586,0.22581888246628132,2009,1282,0,0,10.111999302268806,0.14853245574691556,18.875,9.590794197215022,0,10,10.002765557725882,10.00001647151889
p3u_t10_d0,P3-U,10,0,1,20,503,2680,586,0.21865671641791046,2094,1299,0,0,10.112026419476399,0.14852916911603586,18.875,9.590794197215022,0,10,10.00279745983398,10.000009412296507
p3u_t10_d0,P3-U,10,0,1,20,504,2672,586,0.21931137724550898,2086,1303,0,0,10.111818305203853,0.14811409891717126,18.8125,9.509425149117408,0,10,10.002751480064491,10.00000705922238
p3u_t10_d0,P3-U,10,0,1,20,505,2723,586,0.21520381931692986,2137,1362,0,0,10.111865252964368,0.14809613562532517,18.8125,9.509425149117408,0,10,10.002825675646406,10.000002353074127
p3u_t10_d0,P3-U,10,0,1,20,506,2721,586,0.21536199926497612,2135,1354,0,0,10.111865783399676,0.14809799186596592,18.8125,9.509425149117408,0,10,10.00282221288044,10.000011765370637
p3u_t10_d0,P3-U,10,0,1,20,507,2762,586,0.21216509775524983,2176,1371,0,0,10.11177907409791,0.14810025663533888,18.8125,9.509425149117408,0,10,10.00273260052797,10.000016471518887
p3u_t10_d0,P3-U,10,0,1,20,508,2805,586,0.2089126559714795,2219,1324,0,0,10.111809015993929,0.1481119989606352,18.8125,9.509425149117408,0,10,10.002753236091785,10.00001411844476
p3u_t10_d0,P3-U,10,0,1,20,509,2656,586,0.22063253012048192,2070,1319,0,0,10.111827460116617,0.1481098144365309,18.8125,9.509425149117408,0,10,10.002771097022524,10.000009412296507
p3u_t10_d0,P3-U,10,0,1,20,510,2733,586,0.21441639224295647,2147,1333,0,0,10.111784878725203,0.14810373029930918,18.8125,9.509425149117408,0,10,10.002743109944468,10.000011765370633
p3u_t10_d0,P3-U,10,0,1,20,511,2668,586,0.21964017991004497,2082,1329,0,0,10.11180877376326,0.14811015798904026,18.8125,9.509425149117408,0,10,10.00275235094371,10.000009412296507
p3u_t10_d0,P3-U,10,0,1,20,512,2595,586,0.22581888246628132,2009,1296,0,0,10.112017197747736,0.1485255501480085,18.875,9.590794197215022,0,10,10.002783002876566,10.000009412296507
p3u_t10_d0,P3-U,10,0,1,20,513,2669,586,0.21955788684900712,2083,1340,0,0,10.111793315534577,0.14809827666523803,18.8125,9.509425149117408,0,10,10.002751665413165,10.000009412296507
p3u_t10_d0,P3-U,10,0,1,20,514,2721,586,0.21536199926497612,2135,1346,0,0,10.111831468249825,0.14810020447914723,18.8125,9.509425149117408,0,10,10.002791486515267,10.000014118444762
p3u_t10_d0,P3-U,10,0,1,20,515,2654,586,0.22079879427279578,2068,1315,0,0,10.11180296915636,0.14810855314947005,18.8125,9.509425149117408,0,10,10.00274943458043,10.000011765370633
p3u_t10_d0,P3-U,10,0,1,20,516,2650,586,0.2211320754716981,2064,1321,0,0,10.112023495964475,0.14853462132343023,18.875,9.590794197215022,0,10,10.00278875006323,10.00000705922238
p3u_t10_d0,P3-U,10,0,1,20,517,2628,586,0.22298325722983256,2042,1277,0,0,10.111830047185727,0.1480985751742599,18.8125,9.509425149117408,0,10,10.00278586451381,10.000009412296507
p3u_t10_d0,P3-U,10,0,1,20,518,2684,586,0.21833084947839046,2098,1310,0,0,10.111796933952208,0.14812450635672722,18.8125,9.509425149117408,0,10,10.00273199770224,10.000004706148253
p3u_t10_d0,P3-U,10,0,1,20,519,2586,586,0.2266047950502707,2000,1314,0,0,10.111860163294988,0.1480976828203061,18.8125,9.509425149117408,0,10,10.002819889373377,10.00000705922238
p3u_t10_d0,P3-U,10,0,1,20,520,2641,586,0.22188564937523667,2055,1328,0,0,10.111851645336031,0.14810108004634734,18.8125,9.509425149117408,0,10,10.002804913992069,10.000002353074127
p3u_t10_d0,P3-U,10,0,1,20,521,2703,586,0.21679615242323344,2117,1369,0,0,10.111831403927678,0.14809784787796992,18.8125,9.509425149117408,0,10,10.002790860010109,10.000011765370633
p3u_t10_d0,P3-U,10,0,1,20,522,2712,586,0.21607669616519173,2126,1346,0,0,10.111827829631888,0.14810203473396139,18.8125,9.509425149117408,0,10,10.002780091950692,10.00001411844476
p3u_t10_d0,P3-U,10,0,1,20,523,2661,586,0.22021796317173994,2075,1297,0,0,10.112013582528036,0.14853291531172,18.875,9.590794197215022,0,10,10.00278387805513,10.000009412296507
p3u_t10_d0,P3-U,10,0,1,20,524,2669,586,0.21955788684900712,2083,1308,0,0,10.111857026710362,0.14810040581679818,18.8125,9.509425149117408,0,10,10.00281398335256,10.00000705922238
p3u_t10_d0,P3-U,10,0,1,20,525,2621,586,0.22357878672262496,2035,1260,0,0,10.111819575724521,0.1481145425419314,18.8125,9.509425149117408,0,10,10.002753636464913,10.000009412296507
p3u_t10_d0,P3-U,10,0,1,20,526,2671,586,0.21939348558592286,2085,1331,0,0,10.111829914528306,0.14810300277231211,18.8125,9.509425149117408,0,10,10.00277672615842,10.00000705922238
p3u_t10_d0,P3-U,10,0,1,20,527,2693,586,0.2176011882658745,2107,1308,0,0,10.112007364264182,0.14853397882561198,18.875,9.590794197215022,0,10,10.002768170689725,10.00000705922238
p3u_t10_d0,P3-U,10,0,1,20,528,2647,586,0.2213826973932754,2061,1287,0,0,10.111838789211467,0.14809713450306425,18.8125,9.509425149117408,0,10,10.002795939908237,10.00001411844476
p3u_t10_d0,P3-U,10,0,1,20,529,2705,586,0.2166358595194085,2119,1341,0,0,10.11178696394817,0.148114178580079,18.8125,9.509425149117408,0,10,10.002729050525101,10.000014118444762
p3u_t10_d0,P3-U,10,0,1,20,530,2691,586,0.21776291341508733,2105,1353,0,0,10.112008921917615,0.1485352135859772,18.875,9.590794197215022,0,10,10.00277023725089,10.00000705922238
p3d_025_t10_d0,P3-D0.25,10,0,0.25,20,501,2681,895,0.3338306602014174,1786,515,0,0,11.473900170734774,0.6773919082655926,35.0625,3.9407063664610518,0,0,10.866183923081396,10.105446179137894
p3d_025_t10_d0,P3-D0.25,10,0,0.25,20,502,2595,895,0.3448940269749518,1700,503,0,0,11.473986632599747,0.6775611602679,35.125,4.064070209367287,0,0,10.866176109391754,10.105436544411877
p3d_025_t10_d0,P3-D0.25,10,0,0.25,20,503,2680,895,0.333955223880597,1785,523,0,0,11.4732373387425,0.6771756300585278,35,4.033195589934446,0,0,10.866179667156283,10.105433104868403
p3d_025_t10_d0,P3-D0.25,10,0,0.25,20,504,2672,895,0.33495508982035926,1777,528,0,0,11.473191448737825,0.6770637122062659,34.9375,3.8896229465934957,0,0,10.866185351041574,10.105433425673564
p3d_025_t10_d0,P3-D0.25,10,0,0.25,20,505,2723,895,0.3286816011751744,1828,586,0,0,11.473808343070516,0.6771970946465375,35,3.8297084310253524,0,0,10.866188809363406,10.105453584843652
p3d_025_t10_d0,P3-D0.25,10,0,0.25,20,506,2721,895,0.3289231900036751,1826,510,0,0,11.473244229293849,0.6771755798403534,35,4.033195589934446,0,0,10.866190889913963,10.105448087352999
p3d_025_t10_d0,P3-D0.25,10,0,0.25,20,507,2762,895,0.32404055032585083,1867,538,0,0,11.474028095382682,0.67760015036523,35.125,4.031128874149275,0,0,10.8661721709952,10.105449520305719
p3d_025_t10_d0,P3-D0.25,10,0,0.25,20,508,2805,895,0.31907308377896615,1910,525,0,0,11.473845917183668,0.6773076373845899,35.0625,3.9743972289308642,0,0,10.866175291112265,10.105448977071047
p3d_025_t10_d0,P3-D0.25,10,0,0.25,20,509,2656,895,0.3369728915662651,1761,521,0,0,11.4736194304108,0.6769045546019854,34.9375,3.785388575386504,0,0,10.866192082963796,10.105418096705593
p3d_025_t10_d0,P3-D0.25,10,0,0.25,20,510,2733,895,0.327478960848884,1838,500,0,0,11.47361607038532,0.6769057816614692,34.9375,3.785388575386504,0,0,10.86618304399291,10.105454547259134
p3d_025_t10_d0,P3-D0.25,10,0,0.25,20,511,2668,895,0.33545727136431785,1773,495,0,0,11.473791642980185,0.6772030681030448,35,3.8297084310253524,0,0,10.866164702563212,10.105446080762247
p3d_025_t10_d0,P3-D0.25,10,0,0.25,20,512,2595,895,0.3448940269749518,1700,511,0,0,11.473616273258095,0.6769049372187289,34.9375,3.785388575386504,0,0,10.866184448133925,10.105436223606716
p3d_025_t10_d0,P3-D0.25,10,0,0.25,20,513,2669,895,0.33533158486324466,1774,546,0,0,11.473367069319188,0.6774290124461666,35.0625,4.122600312100766,0,0,10.866170388290298,10.105438576680841
p3d_025_t10_d0,P3-D0.25,10,0,0.25,20,514,2721,895,0.3289231900036751,1826,564,0,0,11.4725776255093,0.6769457142304264,34.875,3.947573094109004,0,0,10.865427773338451,10.100430186839674
p3d_025_t10_d0,P3-D0.25,10,0,0.25,20,515,2654,895,0.3372268274302939,1759,500,0,0,11.473610161797243,0.6769099564134115,34.9375,3.785388575386504,0,0,10.86617209928159,10.105440805701106
p3d_025_t10_d0,P3-D0.25,10,0,0.25,20,516,2650,895,0.33773584905660375,1755,514,0,0,11.473230388954033,0.6771778687774208,35,4.033195589934446,0,0,10.866171488950314,10.105440707325455
p3d_025_t10_d0,P3-D0.25,10,0,0.25,20,517,2628,895,0.3405631659056317,1733,507,0,0,11.473236827082093,0.6771738325769835,35,4.033195589934446,0,0,10.866184964716027,10.105433425673564
p3d_025_t10_d0,P3-D0.25,10,0,0.25,20,518,2684,895,0.3334575260804769,1789,513,0,0,11.47380460513028,0.6771988543991084,35,3.8297084310253524,0,0,10.866184158700516,10.105443406882959
p3d_025_t10_d0,P3-D0.25,10,0,0.25,20,519,2586,895,0.34609435421500384,1691,500,0,0,11.474043027499407,0.6775991979204129,35.125,4.031128874149275,0,0,10.866183860204275,10.105436544411877
p3d_025_t10_d0,P3-D0.25,10,0,0.25,20,520,2641,895,0.33888678530859523,1746,552,0,0,11.473611583471609,0.6769058169372998,34.9375,3.785388575386504,0,0,10.866177996099855,10.105448433836374
p3d_025_t10_d0,P3-D0.25,10,0,0.25,20,521,2703,895,0.3311135775064743,1808,521,0,0,11.473984420320912,0.6775613307244703,35.125,4.064070209367287,0,0,10.866177828568947,10.1054565795281
p3d_025_t10_d0,P3-D0.25,10,0,0.25,20,522,2712,895,0.3300147492625369,1817,522,0,0,11.473234591274458,0.677174211286341,35,4.033195589934446,0,0,10.866180106813687,10.105461285676355
p3d_025_t10_d0,P3-D0.25,10,0,0.25,20,523,2661,895,0.33633972190905675,1766,490,0,0,11.473375647095782,0.677430975914174,35.0625,4.122600312100766,0,0,10.866178267575775,10.1054565795281
p3d_025_t10_d0,P3-D0.25,10,0,0.25,20,524,2669,895,0.33533158486324466,1774,500,0,0,11.473616196640188,0.6769078920213292,34.9375,3.785388575386504,0,0,10.866186071720156,10.105441028130617
p3d_025_t10_d0,P3-D0.25,10,0,0.25,20,525,2621,895,0.3414727203357497,1726,492,0,0,11.47323957728526,0.6771740788724643,35,4.033195589934446,0,0,10.866188468666262,10.105467202347818
p3d_025_t10_d0,P3-D0.25,10,0,0.25,20,526,2671,895,0.33508049419693,1776,542,0,0,11.473795974646283,0.6771999806253198,35,3.8297084310253524,0,0,10.866171736548878,10.105443060399585
p3d_025_t10_d0,P3-D0.25,10,0,0.25,20,527,2693,895,0.3323431117712588,1798,510,0,0,11.47385091580523,0.6773081625475824,35.0625,3.9743972289308642,0,0,10.866179110807453,10.105449297876207
p3d_025_t10_d0,P3-D0.25,10,0,0.25,20,528,2647,895,0.33811862485833016,1752,528,0,0,11.47305304945909,0.67719965954941,34.9375,3.906724971123511,0,0,10.865432581987,10.100422460328756
p3d_025_t10_d0,P3-D0.25,10,0,0.25,20,529,2705,895,0.33086876155268025,1810,532,0,0,11.473794157346058,0.6772006748082255,35,3.8297084310253524,0,0,10.866172697831342,10.10543609955285
p3d_025_t10_d0,P3-D0.25,10,0,0.25,20,530,2691,895,0.3325901151988109,1796,550,0,0,11.473187702922333,0.6770692455525247,34.9375,3.8896229465934957,0,0,10.866176012499617,10.10544125056013
p3d_05_t10_d0,P3-D0.5,10,0,0.5,20,501,2681,809,0.3017530772099963,1872,748,0,0,10.743813684149394,0.14512538286244167,30.375,0.806225774829855,0,0,10.516743477056778,10.10042010725463
p3d_05_t10_d0,P3-D0.5,10,0,0.5,20,502,2595,809,0.3117533718689788,1786,718,0,0,10.743692938170476,0.1449706849678445,30.3125,0.6020797289396148,0,0,10.516706761965969,10.10042010725463
p3d_05_t10_d0,P3-D0.5,10,0,0.5,20,503,2680,809,0.30186567164179107,1871,721,0,0,10.743705456496071,0.14496662787164327,30.3125,0.6020797289396148,0,0,10.516715358787065,10.100414956247352
p3d_05_t10_d0,P3-D0.5,10,0,0.5,20,504,2672,809,0.3027694610778443,1863,740,0,0,10.743702859719908,0.14496165667682814,30.3125,0.6020797289396148,0,0,10.516730453636688,10.10040252358818
p3d_05_t10_d0,P3-D0.5,10,0,0.5,20,505,2723,809,0.2970987881013588,1914,786,0,0,10.74379629113902,0.14513323696194175,30.375,0.806225774829855,0,0,10.516712325790548,10.10042010725463
p3d_05_t10_d0,P3-D0.5,10,0,0.5,20,506,2721,808,0.29694965086365305,1913,735,0,0,10.745179710783734,0.14497330757752658,30.3125,0.6020797289396148,0,0,10.518193774574547,10.100422361953107
p3d_05_t10_d0,P3-D0.5,10,0,0.5,20,507,2762,809,0.29290369297610425,1953,778,0,0,10.74378000099921,0.14512588653100883,30.375,0.806225774829855,0,0,10.516704088559182,10.100411837509041
p3d_05_t10_d0,P3-D0.5,10,0,0.5,20,508,2805,809,0.28841354723707663,1996,768,0,0,10.743710924341162,0.14496472524695886,30.3125,0.6020797289396148,0,0,10.516727528721432,10.100430828449996
p3d_05_t10_d0,P3-D0.5,10,0,0.5,20,509,2656,809,0.3045933734939759,1847,730,0,0,10.743699608886471,0.14496871560285562,30.3125,0.6020797289396148,0,0,10.516715597607321,10.100427388906521
p3d_05_t10_d0,P3-D0.5,10,0,0.5,20,510,2733,809,0.2960117087449689,1924,709,0,0,10.743706646161089,0.14496745299292282,30.3125,0.6020797289396148,0,0,10.516722038028005,10.10044806563307
p3d_05_t10_d0,P3-D0.5,10,0,0.5,20,511,2668,809,0.30322338830584705,1859,719,0,0,10.743706827244354,0.1449668377822823,30.3125,0.6020797289396148,0,0,10.516724719138242,10.100399849708895
p3d_05_t10_d0,P3-D0.5,10,0,0.5,20,512,2595,809,0.3117533718689788,1786,715,0,0,10.743691833883098,0.14496861150358856,30.3125,0.6020797289396148,0,0,10.516705945812788,10.100425356637556
p3d_05_t10_d0,P3-D0.5,10,0,0.5,20,513,2669,809,0.3031097789434245,1860,752,0,0,10.743686704146103,0.14496926078622768,30.3125,0.6020797289396148,0,0,10.51669111646103,10.100417433375343
p3d_05_t10_d0,P3-D0.5,10,0,0.5,20,514,2721,809,0.29731716280779125,1912,756,0,0,10.743715391060457,0.14496664393186195,30.3125,0.6020797289396148,0,0,10.516735787762018,10.100422237899245
p3d_05_t10_d0,P3-D0.5,10,0,0.5,20,515,2654,809,0.3048229088168802,1845,704,0,0,10.743683836400871,0.1449695147348719,30.3125,0.6020797289396148,0,0,10.516702452000219,10.10042010725463
p3d_05_t10_d0,P3-D0.5,10,0,0.5,20,516,2650,809,0.3052830188679245,1841,749,0,0,10.74370955250011,0.14496096940498415,30.3125,0.6020797289396148,0,0,10.516734540305483,10.100425703120933
p3d_05_t10_d0,P3-D0.5,10,0,0.5,20,517,2628,809,0.3078386605783866,1819,711,0,0,10.743687010656721,0.1449680483406214,30.3125,0.6020797289396148,0,0,10.51670194626454,10.100409929293937
p3d_05_t10_d0,P3-D0.5,10,0,0.5,20,518,2684,809,0.3014157973174367,1875,736,0,0,10.743722764918884,0.14496654873899273,30.3125,0.6020797289396148,0,0,10.516741739271497,10.100435436222602
p3d_05_t10_d0,P3-D0.5,10,0,0.5,20,519,2586,809,0.3128383604021655,1777,727,0,0,10.743795124872802,0.1451307178439377,30.375,0.806225774829855,0,0,10.51672007411069,10.100424813402885
p3d_05_t10_d0,P3-D0.5,10,0,0.5,20,520,2641,809,0.3063233623627414,1832,772,0,0,10.743695975910525,0.14496881185135974,30.3125,0.6020797289396148,0,0,10.516710158119444,10.100412504797577
p3d_05_t10_d0,P3-D0.5,10,0,0.5,20,521,2703,809,0.29929707732149463,1894,753,0,0,10.74369458473372,0.14496850029787403,30.3125,0.6020797289396148,0,0,10.516710304265377,10.100427932141196
p3d_05_t10_d0,P3-D0.5,10,0,0.5,20,522,2712,809,0.29830383480825956,1903,757,0,0,10.743707276867557,0.14496533809424308,30.3125,0.6020797289396148,0,0,10.516725250250369,10.100427709711683
p3d_05_t10_d0,P3-D0.5,10,0,0.5,20,523,2661,809,0.30402104472003005,1852,707,0,0,10.74371015192402,0.14496438682871723,30.3125,0.6020797289396148,0,0,10.516730981181597,10.100415178676863
p3d_05_t10_d0,P3-D0.5,10,0,0.5,20,524,2669,809,0.3031097789434245,1860,729,0,0,10.743708942946327,0.1449680886177124,30.3125,0.6020797289396148,0,0,10.516722462929067,10.100406908931273
p3d_05_t10_d0,P3-D0.5,10,0,0.5,20,525,2621,809,0.3086608164822587,1812,686,0,0,10.743693452682159,0.1449648753058137,30.3125,0.6020797289396148,0,0,10.516715307465136,10.100401757923995
p3d_05_t10_d0,P3-D0.5,10,0,0.5,20,526,2671,809,0.3028828154249345,1862,741,0,0,10.743698586634205,0.14496677977166908,30.3125,0.6020797289396148,0,0,10.516718533793258,10.100425356637556
p3d_05_t10_d0,P3-D0.5,10,0,0.5,20,527,2693,809,0.30040846639435576,1884,732,0,0,10.743786148213331,0.14512511855276003,30.375,0.806225774829855,0,0,10.516712518273641,10.100409706864426
p3d_05_t10_d0,P3-D0.5,10,0,0.5,20,528,2647,809,0.3056290139780884,1838,723,0,0,10.743693100467661,0.14497160215657326,30.3125,0.6020797289396148,0,0,10.516706009706557,10.100419564019957
p3d_05_t10_d0,P3-D0.5,10,0,0.5,20,529,2705,809,0.29907578558225506,1896,754,0,0,10.743704475911477,0.14495873970423448,30.3125,0.6020797289396148,0,0,10.51673444763115,10.100422361953107
p3d_05_t10_d0,P3-D0.5,10,0,0.5,20,530,2691,809,0.3006317354143441,1882,765,0,0,10.743673198977312,0.14497363219096884,30.3125,0.6020797289396148,0,0,10.516687758941249,10.100428351322003
p3d_075_t10_d0,P3-D0.75,10,0,0.75,20,501,2681,701,0.26146960089518834,1980,1048,0,0,10.22884657886474,0.18846332855437475,25.0625,7.663495721057504,0,6,10.005863759481532,10.005023398003978
p3d_075_t10_d0,P3-D0.75,10,0,0.75,20,502,2595,701,0.2701348747591522,1894,986,0,0,10.228809586026975,0.18847511284751833,25.0625,7.663495721057504,0,6,10.005808505691085,10.005030457226358
p3d_075_t10_d0,P3-D0.75,10,0,0.75,20,503,2680,701,0.26156716417910447,1979,996,0,0,10.228798731745723,0.18845632845832408,25.0625,7.663495721057504,0,6,10.00581994574431,10.005032810300484
p3d_075_t10_d0,P3-D0.75,10,0,0.75,20,504,2672,701,0.2623502994011976,1971,1018,0,0,10.228813514481041,0.18845560209697565,25.0625,7.663495721057504,0,6,10.005839378654846,10.005021044929851
p3d_075_t10_d0,P3-D0.75,10,0,0.75,20,505,2723,701,0.2574366507528461,2022,1064,0,0,10.228830519553354,0.1884736397949646,25.0625,7.663495721057504,0,6,10.0058349872039,10.005028104152233
p3d_075_t10_d0,P3-D0.75,10,0,0.75,20,506,2721,701,0.25762587284086735,2020,1025,0,0,10.228790553344558,0.18847715761591544,25.0625,7.663495721057504,0,6,10.005797278233162,10.00502788172272
p3d_075_t10_d0,P3-D0.75,10,0,0.75,20,507,2762,701,0.2538015930485156,2061,1050,0,0,10.228773902745683,0.18846506587657477,25.0625,7.663495721057504,0,6,10.005784927736958,10.005028104152233
p3d_075_t10_d0,P3-D0.75,10,0,0.75,20,508,2805,701,0.2499108734402852,2104,1034,0,0,10.228803240188418,0.18846636912922232,25.0625,7.663495721057504,0,6,10.005816743857537,10.005030234796846
p3d_075_t10_d0,P3-D0.75,10,0,0.75,20,509,2656,701,0.26393072289156627,1955,991,0,0,10.228801345923285,0.188472128350275,25.0625,7.663495721057504,0,6,10.005814957811744,10.005030457226358
p3d_075_t10_d0,P3-D0.75,10,0,0.75,20,510,2733,701,0.25649469447493595,2032,999,0,0,10.228810023542925,0.18846837231702987,25.0625,7.663495721057504,0,6,10.005825147544964,10.005025751078106
p3d_075_t10_d0,P3-D0.75,10,0,0.75,20,511,2668,701,0.262743628185907,1967,1014,0,0,10.228805923488336,0.18846773042149853,25.0625,7.663495721057504,0,6,10.00581864240535,10.005030234796846
p3d_075_t10_d0,P3-D0.75,10,0,0.75,20,512,2595,701,0.2701348747591522,1894,981,0,0,10.228800429963695,0.18847107034607669,25.0625,7.663495721057504,0,6,10.005815249935463,10.005021044929851
p3d_075_t10_d0,P3-D0.75,10,0,0.75,20,513,2669,701,0.26264518546272014,1968,1041,0,0,10.228800659266932,0.1884634792665659,25.0625,7.663495721057504,0,6,10.005818116702248,10.005030457226358
p3d_075_t10_d0,P3-D0.75,10,0,0.75,20,514,2721,701,0.25762587284086735,2020,1022,0,0,10.22879698806533,0.18846509634152958,25.0625,7.663495721057504,0,6,10.005815184507776,10.005032810300484
p3d_075_t10_d0,P3-D0.75,10,0,0.75,20,515,2654,701,0.26412961567445364,1953,1007,0,0,10.228814652434332,0.18846857340999718,25.0625,7.663495721057504,0,6,10.005827577146711,10.005032810300484
p3d_075_t10_d0,P3-D0.75,10,0,0.75,20,516,2650,701,0.26452830188679244,1949,1023,0,0,10.22879608265302,0.18846505444062214,25.0625,7.663495721057504,0,6,10.005814972766023,10.00502788172272
p3d_075_t10_d0,P3-D0.75,10,0,0.75,20,517,2628,701,0.2667427701674277,1927,975,0,0,10.228806481058013,0.18847041160098105,25.0625,7.663495721057504,0,6,10.005814970639706,10.005030457226358
p3d_075_t10_d0,P3-D0.75,10,0,0.75,20,518,2684,701,0.261177347242921,1983,1026,0,0,10.228839413007073,0.18846514835669986,25.0625,7.663495721057504,0,6,10.005856817176904,10.005030234796846
p3d_075_t10_d0,P3-D0.75,10,0,0.75,20,519,2586,701,0.2710750193348801,1885,1006,0,0,10.228972474259619,0.18872982997660886,25.125,7.710382610480495,0,6,10.005838697034223,10.00502788172272
p3d_075_t10_d0,P3-D0.75,10,0,0.75,20,520,2641,701,0.2654297614539947,1940,1039,0,0,10.22882221782747,0.18847047322829086,25.0625,7.663495721057504,0,6,10.005827609860559,10.005030234796846
p3d_075_t10_d0,P3-D0.75,10,0,0.75,20,521,2703,701,0.2593414724380318,2002,1062,0,0,10.228805180315867,0.18846783519139015,25.0625,7.663495721057504,0,6,10.005813178389545,10.005023175574465
p3d_075_t10_d0,P3-D0.75,10,0,0.75,20,522,2712,701,0.2584808259587021,2011,1030,0,0,10.228826708149702,0.18845752566690774,25.0625,7.663495721057504,0,6,10.005848679103728,10.005025751078106
p3d_075_t10_d0,P3-D0.75,10,0,0.75,20,523,2661,701,0.263434798947764,1960,993,0,0,10.22881289634364,0.18846530144521784,25.0625,7.663495721057504,0,6,10.005830649625437,10.005032810300484
p3d_075_t10_d0,P3-D0.75,10,0,0.75,20,524,2669,701,0.26264518546272014,1968,1016,0,0,10.228823750741034,0.1884665085125259,25.0625,7.663495721057504,0,6,10.005842143376595,10.005025528648593
p3d_075_t10_d0,P3-D0.75,10,0,0.75,20,525,2621,701,0.26745516978252576,1920,970,0,0,10.22881157716285,0.1884661135541319,25.0625,7.663495721057504,0,6,10.005828747678546,10.005030457226358
p3d_075_t10_d0,P3-D0.75,10,0,0.75,20,526,2671,701,0.26244852115312617,1970,1028,0,0,10.228793690881416,0.18846762025623487,25.0625,7.663495721057504,0,6,10.005800059860944,10.005032810300484
p3d_075_t10_d0,P3-D0.75,10,0,0.75,20,527,2693,701,0.26030449313033793,1992,1010,0,0,10.228790608026356,0.1884613382017563,25.0625,7.663495721057504,0,6,10.005811782434439,10.005025528648593
p3d_075_t10_d0,P3-D0.75,10,0,0.75,20,528,2647,701,0.26482810729127315,1946,1005,0,0,10.228821982334635,0.18846657923377216,25.0625,7.663495721057504,0,6,10.005834605863107,10.005032810300484
p3d_075_t10_d0,P3-D0.75,10,0,0.75,20,529,2705,701,0.25914972273567466,2004,1024,0,0,10.228806476831508,0.18845877377348133,25.0625,7.663495721057504,0,6,10.005829469490156,10.005025751078106
p3d_075_t10_d0,P3-D0.75,10,0,0.75,20,530,2691,701,0.26049795615013005,1990,1045,0,0,10.228775569392257,0.18848256507427494,25.0625,7.663495721057504,0,6,10.005768760014579,10.005028104152233
p3u_t10_d1,P3-U,10,1,1,20,501,2681,763,0.2845953002610966,1918,854,0,0,10.453390783713257,0.46698811299724136,29.625,5.643580423808985,4,0,10.187114970325878,10.100442914625788
p3u_t10_d1,P3-U,10,1,1,20,502,2595,763,0.29402697495183044,1832,836,0,0,10.453336898476996,0.46698688836714775,29.625,5.643580423808985,4,0,10.187061796179298,10.100414857871703
p3u_t10_d1,P3-U,10,1,1,20,503,2680,763,0.2847014925373134,1917,849,0,0,10.452772079474517,0.46604014667090754,29.625,5.58420391222718,4,0,10.187064663486709,10.100417754180503
p3u_t10_d1,P3-U,10,1,1,20,504,2672,762,0.2851796407185629,1910,842,0,0,10.45333625978483,0.46698005389318004,29.5625,5.476845198956543,4,0,10.190057875939194,10.100428377000219
p3u_t10_d1,P3-U,10,1,1,20,505,2723,762,0.27983841351450606,1961,888,0,0,10.453557826462758,0.46609559980379356,29.5625,5.415640928520526,4,0,10.190128339004644,10.100417754180503
p3u_t10_d1,P3-U,10,1,1,20,506,2721,763,0.28041161337743475,1958,835,0,0,10.453347083458873,0.46761469277246603,29.6875,5.300550285897997,4,0,10.187074946771153,10.100445712558942
p3u_t10_d1,P3-U,10,1,1,20,507,2762,762,0.27588703837798695,2000,881,0,0,10.453310357746709,0.46838637958484497,29.625,5.239274758971894,4,0,10.19005604378257,10.10041079333377
p3u_t10_d1,P3-U,10,1,1,20,508,2805,764,0.2723707664884136,2041,841,0,0,10.45259630442012,0.4660764438685693,29.6875,5.758689086936366,4,0,10.18404808331771,10.10041473381784
p3u_t10_d1,P3-U,10,1,1,20,509,2656,764,0.2876506024096386,1892,817,0,0,10.452645299616686,0.46740972636030453,29.6875,5.8505697728227,4,0,10.184106227584156,10.100407798649321
p3u_t10_d1,P3-U,10,1,1,20,510,2733,764,0.2795462861324552,1969,802,0,0,10.452608009596796,0.46741178362345365,29.6875,5.8505697728227,4,0,10.18406842115225,10.100436300262434
p3u_t10_d1,P3-U,10,1,1,20,511,2668,764,0.2863568215892054,1904,817,0,0,10.452612778558798,0.46607836223133287,29.6875,5.758689086936366,4,0,10.18408207736342,10.10041753175099
p3u_t10_d1,P3-U,10,1,1,20,512,2595,764,0.29441233140655104,1831,837,0,0,10.452622017504455,0.46740695715063374,29.6875,5.8505697728227,4,0,10.184107436070702,10.100428377000219
p3u_t10_d1,P3-U,10,1,1,20,513,2669,762,0.2855001873360809,1907,821,0,0,10.453727257977269,0.4681175394341603,29.625,5.149433625814266,4,0,10.190098000440754,10.100425677442717
p3u_t10_d1,P3-U,10,1,1,20,514,2721,764,0.28077912532157295,1957,854,0,0,10.45260245021796,0.4674097961641924,29.6875,5.8505697728227,4,0,10.184054559653397,10.100419760771253
p3u_t10_d1,P3-U,10,1,1,20,515,2654,762,0.28711379050489827,1892,814,0,0,10.453358903874506,0.4669797040055042,29.5625,5.476845198956543,4,0,10.190083980107744,10.10042436854386
p3u_t10_d1,P3-U,10,1,1,20,516,2650,763,0.2879245283018868,1887,842,0,0,10.453163394466351,0.4663882943805616,29.5625,5.988530704605262,4,0,10.187058541303356,10.10041552516024
p3u_t10_d1,P3-U,10,1,1,20,517,2628,763,0.2903348554033486,1865,831,0,0,10.453325550466298,0.4655829150922083,29.5625,5.898799312854552,4,0,10.18706709393697,10.10040477828666
p3u_t10_d1,P3-U,10,1,1,20,518,2684,764,0.2846497764530551,1920,851,0,0,10.452433434700097,0.4668726226383784,29.6875,5.8505697728227,4,0,10.184086210253,10.100417976610016
p3u_t10_d1,P3-U,10,1,1,20,519,2586,763,0.29505027068832174,1823,835,0,0,10.45239972345173,0.46414783551507455,29.5,5.887840577551898,4,0,10.187067918362642,10.100427611336034
p3u_t10_d1,P3-U,10,1,1,20,520,2641,763,0.28890571753123817,1878,865,0,0,10.453550264227891,0.4675192408567119,29.625,5.643580423808985,4,0,10.187070177406913,10.100428252946356
p3u_t10_d1,P3-U,10,1,1,20,521,2703,763,0.2822789493155753,1940,867,0,0,10.453557941745347,0.4675196098722529,29.625,5.643580423808985,4,0,10.187085414266209,10.10041205993855
p3u_t10_d1,P3-U,10,1,1,20,522,2712,763,0.28134218289085544,1949,862,0,0,10.45355875429798,0.46751691175067717,29.625,5.643580423808985,4,0,10.187100441538483,10.100407674595457
p3u_t10_d1,P3-U,10,1,1,20,523,2661,762,0.28635851183765504,1899,820,0,0,10.453522363625968,0.46609653496418685,29.5625,5.415640928520526,4,0,10.190050853200844,10.100417086891966
p3u_t10_d1,P3-U,10,1,1,20,524,2669,762,0.2855001873360809,1907,825,0,0,10.453359568812916,0.46697789735579703,29.5625,5.476845198956543,4,0,10.190087589136002,10.100409929293937
p3u_t10_d1,P3-U,10,1,1,20,525,2621,764,0.2914917970240366,1857,799,0,0,10.452415235706844,0.4668777593039483,29.6875,5.8505697728227,4,0,10.184078558174395,10.100427611336034
p3u_t10_d1,P3-U,10,1,1,20,526,2671,762,0.2852864095844253,1909,853,0,0,10.453365149793452,0.4669753527988079,29.5625,5.476845198956543,4,0,10.19010015400609,10.10042557906707
p3u_t10_d1,P3-U,10,1,1,20,527,2693,762,0.2829558113627924,1931,804,0,0,10.453501087926233,0.46609721722115766,29.5625,5.415640928520526,4,0,10.190037392075112,10.100430285215321
p3u_t10_d1,P3-U,10,1,1,20,528,2647,762,0.28787306384586325,1885,807,0,0,10.453727331715358,0.4681203791562785,29.625,5.149433625814266,4,0,10.190064999624385,10.100425899872228
p3u_t10_d1,P3-U,10,1,1,20,529,2705,762,0.28170055452865067,1943,852,0,0,10.453316007538767,0.46698133694125715,29.5625,5.476845198956543,4,0,10.190030751467868,10.100397051775742
p3u_t10_d1,P3-U,10,1,1,20,530,2691,762,0.2831661092530658,1929,855,0,0,10.453347184388981,0.46697676768867286,29.5625,5.476845198956543,4,0,10.190080024294318,10.100422558704404
p3d_025_t10_d1,P3-D0.25,10,1,0.25,20,501,2681,893,0.3330846698992913,1788,514,0,0,11.1698672637422,0.7062909829167813,35.625,7.7017314070711835,0,0,10.588020748642126,10.115470586955501
p3d_025_t10_d1,P3-D0.25,10,1,0.25,20,502,2595,894,0.3445086705202312,1701,528,0,0,11.169489483456468,0.7062985610923725,35.6875,7.734931587717287,0,0,10.587270630534503,10.115478411842068
p3d_025_t10_d1,P3-D0.25,10,1,0.25,20,503,2680,894,0.3335820895522388,1786,502,0,0,11.169579305865174,0.7068736295764977,35.75,7.576278769950324,0,0,10.587261715534252,10.115467913076214
p3d_025_t10_d1,P3-D0.25,10,1,0.25,20,504,2672,893,0.3342065868263473,1779,547,0,0,11.170190268882408,0.7067276365050239,35.75,7.593857166596345,0,0,10.588017981486178,10.115465435948224
p3d_025_t10_d1,P3-D0.25,10,1,0.25,20,505,2723,894,0.3283143591626882,1829,538,0,0,11.169638929366002,0.7065809454506119,35.6875,7.471891772949249,0,0,10.587284232763231,10.11548817062195
p3d_025_t10_d1,P3-D0.25,10,1,0.25,20,506,2721,895,0.3289231900036751,1826,508,0,0,11.169214950376963,0.7067690390590211,35.75,7.54983443527075,0,0,10.586526437624823,10.115480320057172
p3d_025_t10_d1,P3-D0.25,10,1,0.25,20,507,2762,894,0.3236784938450398,1868,517,0,0,11.170893297574425,0.7073124250254262,35.9375,7.478580524850065,0,0,10.587266530526907,10.115486360782498
p3d_025_t10_d1,P3-D0.25,10,1,0.25,20,508,2805,894,0.31871657754010696,1911,514,0,0,11.170333739597872,0.7071490187277608,35.8125,7.573803535872845,0,0,10.587265841853391,10.115478313466419
p3d_025_t10_d1,P3-D0.25,10,1,0.25,20,509,2656,894,0.3365963855421687,1762,506,0,0,11.169350343795637,0.7062304798472071,35.625,7.675719293112969,0,0,10.587270241065998,10.115468011451862
p3d_025_t10_d1,P3-D0.25,10,1,0.25,20,510,2733,894,0.32711306256860595,1839,489,0,0,11.169622325839264,0.7062329415828542,35.6875,7.709031499914024,0,0,10.587258562052765,10.11550423957589
p3d_025_t10_d1,P3-D0.25,10,1,0.25,20,511,2668,893,0.33470764617691157,1775,502,0,0,11.170051014885434,0.7069378814372557,35.75,7.620148729957092,0,0,10.588023812934948,10.11550047922726
p3d_025_t10_d1,P3-D0.25,10,1,0.25,20,512,2595,894,0.3445086705202312,1701,482,0,0,11.170052403142344,0.7068226737269584,35.75,7.505553499465135,0,0,10.587269564656454,10.115485915923472
p3d_025_t10_d1,P3-D0.25,10,1,0.25,20,513,2669,894,0.3349569127013863,1775,523,0,0,11.169717182930048,0.7065127086337399,35.6875,7.454025757937787,0,0,10.587262532454389,10.115483019614672
p3d_025_t10_d1,P3-D0.25,10,1,0.25,20,514,2721,894,0.32855567805953695,1827,552,0,0,11.169162940951718,0.7059601384383251,35.5625,7.57160264849303,0,0,10.587275014281989,10.115495995508516
p3d_025_t10_d1,P3-D0.25,10,1,0.25,20,515,2654,894,0.33685003767897514,1760,500,0,0,11.169812822280552,0.7066350598090128,35.6875,7.4450766729877715,0,0,10.587263651013716,10.115490720447372
p3d_025_t10_d1,P3-D0.25,10,1,0.25,20,516,2650,894,0.3373584905660377,1756,521,0,0,11.169434560695334,0.7060377247696433,35.625,7.6146788069710025,0,0,10.587258198895798,10.11548022168152
p3d_025_t10_d1,P3-D0.25,10,1,0.25,20,517,2628,893,0.3398021308980213,1735,541,0,0,11.169631603304744,0.7061733213985166,35.625,7.736278174936576,0,0,10.588024798036564,10.115473260834788
p3d_025_t10_d1,P3-D0.25,10,1,0.25,20,518,2684,894,0.3330849478390462,1790,522,0,0,11.169956143593815,0.7068300018761932,35.75,7.505553499465135,0,0,10.587271396841484,10.115475639587132
p3d_025_t10_d1,P3-D0.25,10,1,0.25,20,519,2586,894,0.345707656612529,1692,456,0,0,11.170806122322226,0.7076391475916043,35.9375,7.505275922087519,0,0,10.586519033853559,10.110470120376547
p3d_025_t10_d1,P3-D0.25,10,1,0.25,20,520,2641,894,0.33850814085573644,1747,513,0,0,11.16891923247715,0.7064200367806704,35.625,7.710382610480495,0,0,10.586507593660587,10.110459621610694
p3d_025_t10_d1,P3-D0.25,10,1,0.25,20,521,2703,894,0.33074361820199777,1809,498,0,0,11.169585001214326,0.7063526040618092,35.6875,7.700378778562347,0,0,10.58727180675987,10.115496093884163
p3d_025_t10_d1,P3-D0.25,10,1,0.25,20,522,2712,893,0.32927728613569324,1819,520,0,0,11.16986776903157,0.7064015842410842,35.625,7.517756757615045,0,0,10.588027911809514,10.115501120837576
p3d_025_t10_d1,P3-D0.25,10,1,0.25,20,523,2661,894,0.3359639233370913,1767,468,0,0,11.169297563085705,0.7066178511526903,35.6875,7.534089195118412,0,0,10.587268401119314,10.115495871454652
p3d_025_t10_d1,P3-D0.25,10,1,0.25,20,524,2669,894,0.3349569127013863,1775,492,0,0,11.16991310289985,0.7065659626193294,35.6875,7.427146154479526,0,0,10.5872693689722,10.115480542486681
p3d_025_t10_d1,P3-D0.25,10,1,0.25,20,525,2621,894,0.3410911865700115,1727,503,60,0.11928429423459244,11.169868934456925,0.7065482555460719,35.75,7.7502688125423544,0,0,10.58727370502317,10.115516894664573
p3d_025_t10_d1,P3-D0.25,10,1,0.25,20,526,2671,894,0.33470610258330213,1777,523,0,0,11.169721115316598,0.7065137104059508,35.6875,7.454025757937787,0,0,10.587268283068537,10.115484927829776
p3d_025_t10_d1,P3-D0.25,10,1,0.25,20,527,2693,894,0.3319717786854809,1799,502,0,0,11.16958101551312,0.7068689674834135,35.75,7.576278769950324,0,0,10.587268343453278,10.115483562849345
p3d_025_t10_d1,P3-D0.25,10,1,0.25,20,528,2647,893,0.33736305251227805,1754,509,0,0,11.169639711519743,0.7063741983527271,35.625,7.7190241179396075,0,0,10.588032668909806,10.115473162459141
p3d_025_t10_d1,P3-D0.25,10,1,0.25,20,529,2705,894,0.33049907578558224,1811,500,0,0,11.169950124643483,0.7068312670986111,35.75,7.505553499465135,0,0,10.587263490535697,10.115483438795481
p3d_025_t10_d1,P3-D0.25,10,1,0.25,20,530,2691,894,0.33221850613154963,1797,553,0,0,11.169260910822771,0.706652579830665,35.6875,7.54293267458575,0,0,10.587279294084457,10.115475836338428
p3d_05_t10_d1,P3-D0.5,10,1,0.5,20,501,2681,536,0.1999254009697874,2145,1532,0,0,10.01683588995491,0.03017573502867811,12.8125,6.013526419664256,0,15,10.002319145419609,10.00000705922238
p3d_05_t10_d1,P3-D0.5,10,1,0.5,20,502,2595,536,0.20655105973025048,2059,1450,0,0,10.016816522210513,0.03017480168585263,12.8125,6.013526419664256,0,15,10.00230020000274,10.00000705922238
p3d_05_t10_d1,P3-D0.5,10,1,0.5,20,503,2680,536,0.2,2144,1504,0,0,10.016636552899625,0.02970125662348295,12.75,5.813776741499453,0,15,10.002307220591426,10.000009412296507
p3d_05_t10_d1,P3-D0.5,10,1,0.5,20,504,2672,536,0.20059880239520958,2136,1518,0,0,10.016634794877392,0.02970367811449935,12.75,5.813776741499453,0,15,10.00230343176828,10.00001647151889
p3d_05_t10_d1,P3-D0.5,10,1,0.5,20,505,2723,536,0.19684171869261843,2187,1539,0,0,10.016835739799644,0.030173413427590858,12.8125,6.013526419664256,0,15,10.002318558849318,10.000009412296507
p3d_05_t10_d1,P3-D0.5,10,1,0.5,20,506,2721,536,0.1969864020580669,2185,1536,0,0,10.016833303659114,0.030174199385827324,12.8125,6.013526419664256,0,15,10.002318940248289,10.000009412296507
p3d_05_t10_d1,P3-D0.5,10,1,0.5,20,507,2762,536,0.1940622737146995,2226,1563,0,0,10.01708681104023,0.030723986173297912,12.875,6.13052471924984,0,15,10.002286093397696,10.000011765370633
p3d_05_t10_d1,P3-D0.5,10,1,0.5,20,508,2805,536,0.1910873440285205,2269,1511,0,0,10.016807050255808,0.030176816131533824,12.8125,6.013526419664256,0,15,10.002288053178766,10.00000705922238
p3d_05_t10_d1,P3-D0.5,10,1,0.5,20,509,2656,536,0.20180722891566266,2120,1491,0,0,10.016644820140309,0.02970349126654004,12.75,5.813776741499453,0,15,10.002309589866616,10.000011765370633
p3d_05_t10_d1,P3-D0.5,10,1,0.5,20,510,2733,536,0.19612147822905232,2197,1549,0,0,10.016828620459911,0.030175517443563945,12.8125,6.013526419664256,0,15,10.002310115993984,10.000009412296507
p3d_05_t10_d1,P3-D0.5,10,1,0.5,20,511,2668,536,0.20089955022488756,2132,1497,0,0,10.016636422034338,0.029702203421687924,12.75,5.813776741499453,0,15,10.002308925296786,10.000011765370633
p3d_05_t10_d1,P3-D0.5,10,1,0.5,20,512,2595,536,0.20655105973025048,2059,1453,0,0,10.01681775999339,0.030177004765973316,12.8125,6.013526419664256,0,15,10.002300944558682,10.00000705922238
p3d_05_t10_d1,P3-D0.5,10,1,0.5,20,513,2669,536,0.2008242787560884,2133,1514,0,0,10.016802685863661,0.03017776045891649,12.8125,6.013526419664256,0,15,10.002284866332852,10.000011765370633
p3d_05_t10_d1,P3-D0.5,10,1,0.5,20,514,2721,536,0.1969864020580669,2185,1558,0,0,10.016532138663697,0.02940614447833959,12.75,5.813776741499453,0,15,10.002295880915995,10.00000705922238
p3d_05_t10_d1,P3-D0.5,10,1,0.5,20,515,2654,536,0.20195930670685758,2118,1520,0,0,10.016638033140932,0.029699341805109726,12.75,5.813776741499453,0,15,10.002310870972098,10.00001411844476
p3d_05_t10_d1,P3-D0.5,10,1,0.5,20,516,2650,536,0.20226415094339623,2114,1486,0,0,10.016627861693776,0.02970385619716094,12.75,5.813776741499453,0,15,10.00229992810257,10.000009412296507
p3d_05_t10_d1,P3-D0.5,10,1,0.5,20,517,2628,536,0.2039573820395738,2092,1501,0,0,10.016621384409254,0.0297039977751202,12.75,5.813776741499453,0,15,10.002287204677815,10.000011765370633
p3d_05_t10_d1,P3-D0.5,10,1,0.5,20,518,2684,536,0.19970193740685543,2148,1522,0,0,10.01663534310807,0.02970158837212271,12.75,5.813776741499453,0,15,10.00230522857895,10.00000705922238
p3d_05_t10_d1,P3-D0.5,10,1,0.5,20,519,2586,536,0.20726991492652747,2050,1510,0,0,10.016828590319601,0.030175871884251405,12.8125,6.013526419664256,0,15,10.002313150291675,10.00000705922238
p3d_05_t10_d1,P3-D0.5,10,1,0.5,20,520,2641,536,0.20295342673229838,2105,1514,0,0,10.016821991078851,0.03017468293269871,12.8125,6.013526419664256,0,15,10.00230447275233,10.000004706148253
p3d_05_t10_d1,P3-D0.5,10,1,0.5,20,521,2703,536,0.19829818719940806,2167,1563,0,0,10.016801794556166,0.030176495106273873,12.8125,6.013526419664256,0,15,10.002286389825803,10.000009412296507
p3d_05_t10_d1,P3-D0.5,10,1,0.5,20,522,2712,536,0.1976401179941003,2176,1531,0,0,10.016816662111758,0.030175030075799657,12.8125,6.013526419664256,0,15,10.002297346801098,10.000009412296507
p3d_05_t10_d1,P3-D0.5,10,1,0.5,20,523,2661,536,0.2014280345734686,2125,1496,0,0,10.01663308388238,0.029701479086741023,12.75,5.813776741499453,0,15,10.002304932150842,10.000009412296507
p3d_05_t10_d1,P3-D0.5,10,1,0.5,20,524,2669,536,0.2008242787560884,2133,1479,0,0,10.016637234708444,0.0297030884001085,12.75,5.813776741499453,0,15,10.002306990892171,10.000004706148253
p3d_05_t10_d1,P3-D0.5,10,1,0.5,20,525,2621,536,0.20450209843571157,2085,1450,0,0,10.016820097739826,0.03017511044738309,12.8125,6.013526419664256,0,15,10.002302905640915,10.00000705922238
p3d_05_t10_d1,P3-D0.5,10,1,0.5,20,526,2671,536,0.20067390490453013,2135,1510,0,0,10.01681821324457,0.030177397576358147,12.8125,6.013526419664256,0,15,10.002300341163915,10.000009412296507
p3d_05_t10_d1,P3-D0.5,10,1,0.5,20,527,2693,536,0.19903453397697735,2157,1490,0,0,10.017094510927425,0.0307256333582861,12.875,6.13052471924984,0,15,10.002293052242278,10.000011765370633
p3d_05_t10_d1,P3-D0.5,10,1,0.5,20,528,2647,536,0.20249338874197204,2111,1452,0,0,10.016649722813378,0.029701979202092343,12.75,5.813776741499453,0,15,10.002319471360417,10.000009412296507
p3d_05_t10_d1,P3-D0.5,10,1,0.5,20,529,2705,536,0.19815157116451015,2169,1530,0,0,10.016809563127802,0.030176773089113977,12.8125,6.013526419664256,0,15,10.002293967472081,10.00001411844476
p3d_05_t10_d1,P3-D0.5,10,1,0.5,20,530,2691,536,0.19918246005202528,2155,1577,0,0,10.016825841277956,0.030177374079248812,12.8125,6.013526419664256,0,15,10.002309154996045,10.000009412296507
p3d_075_t10_d1,P3-D0.75,10,1,0.75,20,501,2681,765,0.28534129056322266,1916,840,0,0,10.258350288285301,0.20428228476939486,28.9375,6.495831997006491,2,5,9.985515746058777,9.165686259958727
p3d_075_t10_d1,P3-D0.75,10,1,0.75,20,502,2595,766,0.2951830443159923,1829,815,0,0,10.259021903086973,0.20411884394633195,28.9375,6.371485959596343,2,5,9.983208727036097,9.165675564441578
p3d_075_t10_d1,P3-D0.75,10,1,0.75,20,503,2680,766,0.28582089552238804,1914,825,0,0,10.259036695806724,0.20410254855433563,28.9375,6.371485959596343,2,5,9.983239854058912,9.165694110523509
p3d_075_t10_d1,P3-D0.75,10,1,0.75,20,504,2672,766,0.2866766467065868,1906,844,0,0,10.259041422597665,0.20410163559396574,28.9375,6.371485959596343,2,5,9.98325224457153,9.165694555382533
p3d_075_t10_d1,P3-D0.75,10,1,0.75,20,505,2723,766,0.28130738156445095,1957,881,0,0,10.259046776756975,0.2049797546810867,29,6.643292356454993,2,5,9.985495845221122,9.170712481574073
p3d_075_t10_d1,P3-D0.75,10,1,0.75,20,506,2721,765,0.28114663726571115,1956,859,0,0,10.259005103404805,0.20412232056338883,28.875,6.323237567364786,2,5,9.983194230311955,9.165703942000825
p3d_075_t10_d1,P3-D0.75,10,1,0.75,20,507,2762,766,0.277335264301231,1996,875,0,0,10.259012980941208,0.20410965892201002,28.9375,6.371485959596343,2,5,9.983210711995687,9.16569980476546
p3d_075_t10_d1,P3-D0.75,10,1,0.75,20,508,2805,765,0.2727272727272727,2040,851,0,0,10.259013895935155,0.20411054450747376,28.875,6.323237567364786,2,5,9.983217742838406,9.165675761192874
p3d_075_t10_d1,P3-D0.75,10,1,0.75,20,509,2656,766,0.2884036144578313,1890,838,0,0,10.259036339331104,0.20498046499430997,29,6.643292356454993,2,5,9.985493566186062,9.17070745462066
p3d_075_t10_d1,P3-D0.75,10,1,0.75,20,510,2733,766,0.28027808269301135,1967,833,0,0,10.259045738252333,0.20497391705888537,29,6.643292356454993,2,5,9.985507132755902,9.170733158300619
p3d_075_t10_d1,P3-D0.75,10,1,0.75,20,511,2668,766,0.2871064467766117,1902,816,0,0,10.259031421321952,0.20411436439147246,28.9375,6.371485959596343,2,5,9.983230068097896,9.165689181945744
p3d_075_t10_d1,P3-D0.75,10,1,0.75,20,512,2595,766,0.2951830443159923,1829,793,0,0,10.25901565408815,0.20497711578079836,29,6.643292356454993,2,5,9.985478851515788,9.170720528890152
p3d_075_t10_d1,P3-D0.75,10,1,0.75,20,513,2669,765,0.28662420382165604,1904,837,0,0,10.259030671225737,0.2041053680943212,28.875,6.323237567364786,2,5,9.983237636198917,9.165697327637469
p3d_075_t10_d1,P3-D0.75,10,1,0.75,20,514,2721,766,0.2815141492098493,1955,859,0,0,10.259018139146985,0.20497634057572986,29,6.643292356454993,2,5,9.985477871567065,9.17069187754496
p3d_075_t10_d1,P3-D0.75,10,1,0.75,20,515,2654,766,0.2886209495101733,1888,809,0,0,10.259037977446958,0.20411256294203675,28.9375,6.371485959596343,2,5,9.98323509282237,9.165684129314114
p3d_075_t10_d1,P3-D0.75,10,1,0.75,20,516,2650,765,0.28867924528301886,1885,855,0,0,10.25902615841832,0.2041104876579324,28.875,6.323237567364786,2,5,9.983230193427888,9.165696489275852
p3d_075_t10_d1,P3-D0.75,10,1,0.75,20,517,2628,765,0.2910958904109589,1863,819,0,0,10.259028472211838,0.20411396848684202,28.875,6.323237567364786,2,5,9.983226007514322,9.165668060360174
p3d_075_t10_d1,P3-D0.75,10,1,0.75,20,518,2684,766,0.28539493293591656,1918,841,0,0,10.259048388678371,0.20411163047077438,28.9375,6.371485959596343,2,5,9.98325077375986,9.165699261530788
p3d_075_t10_d1,P3-D0.75,10,1,0.75,20,519,2586,765,0.29582366589327147,1821,816,0,0,10.258342394619447,0.20370548130776936,28.8125,6.503524685378947,2,5,9.985505294110384,9.165676107676251
p3d_075_t10_d1,P3-D0.75,10,1,0.75,20,520,2641,765,0.2896630064369557,1876,859,0,0,10.259039463177688,0.20497506167595955,28.9375,6.506086893568719,2,5,9.985503078376707,9.165706962363489
p3d_075_t10_d1,P3-D0.75,10,1,0.75,20,521,2703,765,0.2830188679245283,1938,873,0,0,10.259049161640062,0.20497448366870807,28.9375,6.506086893568719,2,5,9.985508333875272,9.165693665664485
p3d_075_t10_d1,P3-D0.75,10,1,0.75,20,522,2712,765,0.28207964601769914,1947,851,0,0,10.25905176916869,0.20496664026751965,28.9375,6.506086893568719,2,5,9.985519467444286,9.165686606442105
p3d_075_t10_d1,P3-D0.75,10,1,0.75,20,523,2661,766,0.2878617061255167,1895,797,0,0,10.259022543216544,0.2041103717231588,28.9375,6.371485959596343,2,5,9.983230345267339,9.165663007728543
p3d_075_t10_d1,P3-D0.75,10,1,0.75,20,524,2669,766,0.2869988759835144,1903,825,0,0,10.259051620722472,0.20411009779729483,28.9375,6.371485959596343,2,5,9.983257615971203,9.16567868317989
p3d_075_t10_d1,P3-D0.75,10,1,0.75,20,525,2621,765,0.2918733307897749,1856,789,0,0,10.259049278722946,0.20410994258691922,28.875,6.323237567364786,2,5,9.983254395052086,9.165683166898631
p3d_075_t10_d1,P3-D0.75,10,1,0.75,20,526,2671,766,0.28678397603893674,1905,842,0,0,10.25904347920272,0.2041096738075211,28.9375,6.371485959596343,2,5,9.983244753453402,9.165699039101275
p3d_075_t10_d1,P3-D0.75,10,1,0.75,20,527,2693,767,0.28481247679168215,1926,799,0,0,10.258316118981286,0.20427581454785274,29.0625,6.687986742411102,2,5,9.985494430233684,9.170710004446082
p3d_075_t10_d1,P3-D0.75,10,1,0.75,20,528,2647,766,0.28938420853796754,1881,818,0,0,10.259034899944615,0.20411041995428278,28.9375,6.371485959596343,2,5,9.983236908182933,9.165696463597635
p3d_075_t10_d1,P3-D0.75,10,1,0.75,20,529,2705,766,0.2831792975970425,1939,850,0,0,10.259022870601436,0.20410382184524825,28.9375,6.371485959596343,2,5,9.983236459462704,9.165681233005314
p3d_075_t10_d1,P3-D0.75,10,1,0.75,20,530,2691,766,0.2846525455221107,1925,843,0,0,10.259010320553507,0.20412720628248474,28.9375,6.371485959596343,2,5,9.983196236430196,9.165668158735821
p3u_t10_d3,P3-U,10,3,1,20,501,2681,819,0.30548302872062666,1862,708,0,0,10.600077528046642,5.450339538834752,33.5625,8.914174106444186,3,0,12.088521004784528,12.085341421067591
p3u_t10_d3,P3-U,10,3,1,20,502,2595,801,0.3086705202312139,1794,697,0,0,10.59667730501912,5.268915501996252,32.4375,7.848301302405083,3,0,12.59811240932339,12.085364574922128
p3u_t10_d3,P3-U,10,3,1,20,503,2680,813,0.30335820895522386,1867,694,0,0,10.706194803339367,5.47236538962616,31.4375,8.066132902450839,3,0,12.555953877809571,12.070308400979307
p3u_t10_d3,P3-U,10,3,1,20,504,2672,782,0.2926646706586826,1890,792,0,0,10.673584933605243,5.46213982862209,29.5,10.589302778433211,3,0,12.028271512612216,12.025109708368
p3u_t10_d3,P3-U,10,3,1,20,505,2723,811,0.29783327212633126,1912,750,0,0,10.7069563231776,5.47415340408482,31.375,7.915175298121956,3,0,12.543927229603817,12.060249073936529
p3u_t10_d3,P3-U,10,3,1,20,506,2721,814,0.2991547225284822,1907,719,0,0,10.70263393073951,5.471050812254417,31.5625,8.358379029453019,3,0,12.537900237902717,12.060264723709661
p3u_t10_d3,P3-U,10,3,1,20,507,2762,815,0.2950760318609703,1947,752,0,0,10.706563327302423,5.472028699421881,31.8125,7.044797134528905,3,0,12.549953969796432,12.085369824305054
p3u_t10_d3,P3-U,10,3,1,20,508,2805,816,0.2909090909090909,1989,734,0,0,10.696972127409923,5.466918874920261,31.5625,9.230158900762941,3,0,12.525841649407822,12.050206761647313
p3u_t10_d3,P3-U,10,3,1,20,509,2656,812,0.3057228915662651,1844,723,0,0,10.709006575590486,5.475284903121414,31.375,7.710382610480495,3,0,12.549941473921258,12.06527559067882
p3u_t10_d3,P3-U,10,3,1,20,510,2733,810,0.29637760702524696,1923,702,0,0,10.708082156781137,5.473663355030887,31.3125,7.777906744962511,3,0,12.555977144579241,12.065293371096566
p3u_t10_d3,P3-U,10,3,1,20,511,2668,818,0.3065967016491754,1850,693,0,0,10.700544958372479,5.467780866578453,31.875,7.8814127329221035,3,0,12.531897388149847,12.070308400979304
p3u_t10_d3,P3-U,10,3,1,20,512,2595,778,0.2998073217726397,1817,753,0,0,10.598380787599192,5.270215472810133,31,10.456258094238748,3,0,12.601162698380671,12.085347115309544
p3u_t10_d3,P3-U,10,3,1,20,513,2669,816,0.3057324840764331,1853,745,0,0,10.702242085726542,5.469005171299288,31.75,8.029113691228108,3,0,12.53788661250541,12.065285991069025
p3u_t10_d3,P3-U,10,3,1,20,514,2721,783,0.28776185226019846,1938,818,0,0,10.67848242383379,5.4642349182748005,29.6875,9.748290448415387,3,0,12.040328052787954,12.040159965639358
p3u_t10_d3,P3-U,10,3,1,20,515,2654,814,0.306706857573474,1840,707,0,0,10.709208719963433,5.475104033912425,31.5,7.554248252914824,3,0,12.549966642747775,12.06527269437002
p3u_t10_d3,P3-U,10,3,1,20,516,2650,800,0.3018867924528302,1850,767,0,0,10.630227098147573,5.275423533416937,30.6875,10.202736561008194,3,0,12.637311205703547,12.120509437981314
p3u_t10_d3,P3-U,10,3,1,20,517,2628,811,0.308599695585997,1817,683,0,0,10.706570721358677,5.4724500974796495,31.3125,7.777906744962511,3,0,12.555980828039827,12.06528255152555
p3u_t10_d3,P3-U,10,3,1,20,518,2684,816,0.30402384500745155,1868,697,0,0,10.699797246224643,5.467472153119088,31.6875,8.300351398183894,3,0,12.537901932069534,12.060239216780996
p3u_t10_d3,P3-U,10,3,1,20,519,2586,825,0.3190255220417633,1761,655,0,0,10.698290475612884,5.4719212566093205,32.1875,8.856024314931991,3,0,12.507787935068647,12.050216841232357
p3u_t10_d3,P3-U,10,3,1,20,520,2641,783,0.29647860658841346,1858,822,0,0,10.678123949001494,5.464261944501017,29.6875,9.897600719366284,3,0,12.037321740496484,12.035151130939164
p3u_t10_d3,P3-U,10,3,1,20,521,2703,809,0.29929707732149463,1894,762,0,0,10.707893610706606,5.47364413211623,31.25,8.23407554009556,3,0,12.558966563792872,12.065267543362742
p3u_t10_d3,P3-U,10,3,1,20,522,2712,797,0.29387905604719766,1915,717,0,0,10.60138756590909,5.451646065507535,32.125,11.377609590770813,3,0,12.091526873084415,12.090367839434235
p3u_t10_d3,P3-U,10,3,1,20,523,2661,812,0.3051484404359263,1849,696,0,0,10.703748514911991,5.470872260519145,31.4375,8.008068847522894,3,0,12.543909995178241,12.060259251897222
p3u_t10_d3,P3-U,10,3,1,20,524,2669,805,0.30161109029599104,1864,733,0,0,10.626851947911302,5.274525277663385,31.0625,9.848646269073397,3,0,12.616232917769048,12.115467245787675
p3u_t10_d3,P3-U,10,3,1,20,525,2621,790,0.30141167493323157,1831,741,0,0,10.70639111310604,5.472391749346299,30,10.158740079360236,3,0,12.552959078133451,12.065267320933229
p3u_t10_d3,P3-U,10,3,1,20,526,2671,819,0.306626731561213,1852,718,0,0,10.600079645402392,5.450837477928704,33.5,8.86942313043338,3,0,12.08552155923234,12.085338845563953
p3u_t10_d3,P3-U,10,3,1,20,527,2693,814,0.30226513182324544,1879,713,0,0,10.706392800519392,5.472608737646975,31.625,7.59714858790235,3,0,12.546947449614937,12.06528255152555
p3u_t10_d3,P3-U,10,3,1,20,528,2647,816,0.3082735171892709,1831,685,0,0,10.569359967491309,5.445240306320659,33.3125,11.643131022195018,3,0,11.548790126486704,11.175735533094674
p3u_t10_d3,P3-U,10,3,1,20,529,2705,819,0.3027726432532348,1886,718,0,0,10.600632836457795,5.450364262283791,33.5625,9.047789785356422,3,0,12.094545991784937,12.090375343515639
p3u_t10_d3,P3-U,10,3,1,20,530,2691,811,0.3013749535488666,1880,741,0,0,10.706585968388865,5.472463934304981,31.3125,7.777906744962511,3,0,12.555980368641315,12.065280395202722
p3d_025_t10_d3,P3-D0.25,10,3,0.25,20,501,2681,897,0.33457665050354346,1784,575,0,0,10.565757806377702,0.9795196405435209,33.3125,7.162110955111861,2,3,10.465889929541966,10.110474826524799
p3d_025_t10_d3,P3-D0.25,10,3,0.25,20,502,2595,899,0.3464354527938343,1696,530,0,0,10.565756757478463,0.9795444283113495,33.375,7.154252814468701,2,3,10.466647217161087,10.115486236728632
p3d_025_t10_d3,P3-D0.25,10,3,0.25,20,503,2680,896,0.33432835820895523,1784,556,0,0,10.565802001500886,0.9796279380660184,33.1875,7.194616042569611,2,3,10.466639898076176,10.110454149798255
p3d_025_t10_d3,P3-D0.25,10,3,0.25,20,504,2672,899,0.33645209580838326,1773,545,0,0,10.566269658416058,0.9792713525634026,33.375,7.041543391425869,2,3,10.467393201896675,10.115477868607393
p3d_025_t10_d3,P3-D0.25,10,3,0.25,20,505,2723,898,0.32978332721263315,1825,585,0,0,10.566091561131067,0.9794841927910493,33.3125,6.973461598565426,2,3,10.465899177535906,10.110472054269865
p3d_025_t10_d3,P3-D0.25,10,3,0.25,20,506,2721,896,0.3292907019478133,1825,536,0,0,10.565293348841433,0.9799726272432993,33.25,7.2984016515033385,2,3,10.465147296690816,10.105440262466434
p3d_025_t10_d3,P3-D0.25,10,3,0.25,20,507,2762,899,0.32548877624909484,1863,560,0,0,10.566268221697168,0.9795504135338865,33.5,7.118052168020874,2,3,10.465128076596876,10.110485992579191
p3d_025_t10_d3,P3-D0.25,10,3,0.25,20,508,2805,898,0.32014260249554366,1907,522,0,0,10.567211362258636,0.9795993995890563,33.5,7.183313998427188,2,3,10.46739183817298,10.110477624457952
p3d_025_t10_d3,P3-D0.25,10,3,0.25,20,509,2656,900,0.338855421686747,1756,519,0,0,10.565663559320216,0.9793853169756548,33.5,7.2571803523590805,2,3,10.46664239582432,10.115478189412554
p3d_025_t10_d3,P3-D0.25,10,3,0.25,20,510,2733,900,0.32930845225027444,1833,513,0,0,10.565750895311963,0.9794193210031853,33.5,7.247988226627671,2,3,10.466635148679346,10.115486335104281
p3d_025_t10_d3,P3-D0.25,10,3,0.25,20,511,2668,896,0.335832083958021,1772,510,0,0,10.565796241647925,0.9795623249012988,33.25,7.2984016515033385,2,3,10.466632642094709,10.110467125692098
p3d_025_t10_d3,P3-D0.25,10,3,0.25,20,512,2595,899,0.3464354527938343,1696,494,0,0,10.566035321709315,0.9792981917459057,33.4375,7.201562330494682,2,3,10.467387832396994,10.115480666540545
p3d_025_t10_d3,P3-D0.25,10,3,0.25,20,513,2669,900,0.3372049456725365,1769,534,0,0,10.56583885822253,0.9795727414674618,33.5625,7.357252657525543,2,3,10.466625991007104,10.115486138352985
p3d_025_t10_d3,P3-D0.25,10,3,0.25,20,514,2721,896,0.3292907019478133,1825,567,0,0,10.565514083750234,0.9791465278717295,33.1875,7.194616042569611,2,3,10.466633855536227,10.110475173008176
p3d_025_t10_d3,P3-D0.25,10,3,0.25,20,515,2654,899,0.33873398643556896,1755,503,0,0,10.565800995415291,0.9790565539756614,33.3125,7.02109915421605,2,3,10.467393168532254,10.115477966983043
p3d_025_t10_d3,P3-D0.25,10,3,0.25,20,516,2650,898,0.3388679245283019,1752,510,0,0,10.565238120896476,0.9790130506520568,33.3125,7.068415664065038,2,3,10.465135744140593,10.110464648564108
p3d_025_t10_d3,P3-D0.25,10,3,0.25,20,517,2628,900,0.3424657534246575,1728,535,0,0,10.565281676158483,0.9798200041334005,33.4375,7.266074134863567,2,3,10.466637157231778,10.115477547802232
p3d_025_t10_d3,P3-D0.25,10,3,0.25,20,518,2684,896,0.33383010432190763,1788,520,0,0,10.56683535972006,0.9796727293464891,33.3125,7.217744338318816,2,3,10.467392640336765,10.110464451812812
p3d_025_t10_d3,P3-D0.25,10,3,0.25,20,519,2586,898,0.34725444702242847,1688,524,0,0,10.566508949146975,0.980389174135419,33.5625,7.3481857171231955,2,3,10.464383987632205,10.10544125056013
p3d_025_t10_d3,P3-D0.25,10,3,0.25,20,520,2641,896,0.339265429761454,1745,555,0,0,10.565564102478465,0.9792847713480453,33.1875,7.194616042569611,2,3,10.46663917490521,10.110474728149152
p3d_025_t10_d3,P3-D0.25,10,3,0.25,20,521,2703,896,0.3314835368109508,1807,561,0,0,10.565518423529404,0.9795593453182103,33.125,7.1449282711585,2,3,10.466634987492558,10.110477624457952
p3d_025_t10_d3,P3-D0.25,10,3,0.25,20,522,2712,899,0.3314896755162242,1813,533,0,0,10.56617436842982,0.9793065622338419,33.4375,7.145802963978226,2,3,10.466635883405507,10.11549822452878
p3d_025_t10_d3,P3-D0.25,10,3,0.25,20,523,2661,899,0.3378429161969185,1762,486,0,0,10.565702897770928,0.9795556598366397,33.375,7.154252814468701,2,3,10.466635441255725,10.115490942876885
p3d_025_t10_d3,P3-D0.25,10,3,0.25,20,524,2669,898,0.3364556013488198,1771,522,0,0,10.5659924097516,0.979178739720006,33.3125,6.9447222166668885,2,3,10.46589095120916,10.110459719986341
p3d_025_t10_d3,P3-D0.25,10,3,0.25,20,525,2621,899,0.3429988553987028,1722,506,0,0,10.565853399556577,0.9795042481548578,33.4375,7.266074134863567,2,3,10.467401209428775,10.115504363629755
p3d_025_t10_d3,P3-D0.25,10,3,0.25,20,526,2671,897,0.3358292774241857,1774,534,0,0,10.566173954372273,0.9792025705392394,33.3125,7.0400639201643616,2,3,10.465882808151235,10.110466458403563
p3d_025_t10_d3,P3-D0.25,10,3,0.25,20,527,2693,898,0.33345711102859266,1795,529,0,0,10.56584960965362,0.9792535432425769,33.3125,7.002083023405726,2,3,10.465886537948986,10.110472695880185
p3d_025_t10_d3,P3-D0.25,10,3,0.25,20,528,2647,898,0.33925198337740836,1749,554,0,0,10.564966875403915,0.9798177416346596,33.3125,7.226974931924606,2,3,10.465150301249476,10.110449221220488
p3d_025_t10_d3,P3-D0.25,10,3,0.25,20,529,2705,899,0.3323475046210721,1806,549,0,0,10.565841595317135,0.9796052101601792,33.4375,7.2568932746733985,2,3,10.466632844773649,10.110456823677541
p3d_025_t10_d3,P3-D0.25,10,3,0.25,20,530,2691,899,0.3340765514678558,1792,578,0,0,10.565664616312961,0.9795120005060681,33.375,7.154252814468701,2,3,10.46664652919635,10.110467544872908
p3d_05_t10_d3,P3-D0.5,10,3,0.5,20,501,2681,794,0.2961581499440507,1887,827,0,0,9.671686236793308,2.8604698509833972,28.6875,5.055937104039171,2,1,10.007117196891363,10.005028104152233
p3d_05_t10_d3,P3-D0.5,10,3,0.5,20,502,2595,794,0.30597302504816953,1801,768,0,0,9.671677862043484,2.8604668581907275,28.6875,5.055937104039171,2,1,10.007094186614937,10.005030234796846
p3d_05_t10_d3,P3-D0.5,10,3,0.5,20,503,2680,793,0.2958955223880597,1887,794,0,0,9.6723321424243,2.8598556554146324,28.6875,4.757012367722694,2,1,10.01011174234029,10.010048704223058
p3d_05_t10_d3,P3-D0.5,10,3,0.5,20,504,2672,793,0.2967814371257485,1879,801,0,0,9.672133606123154,2.8597040149827015,28.6875,4.7710061831861,2,1,10.010104180100935,10.010048926652571
p3d_05_t10_d3,P3-D0.5,10,3,0.5,20,505,2723,793,0.2912229159015791,1930,839,0,0,9.67197114414733,2.8592563831794595,28.6875,5.002915816468099,2,1,10.007105316982802,10.005025528648593
p3d_05_t10_d3,P3-D0.5,10,3,0.5,20,506,2721,812,0.2984196986402058,1909,742,0,0,9.67818147138977,2.862687422311766,29.875,5.8977396800243165,2,1,9.995054684814448,9.090393346362896
p3d_05_t10_d3,P3-D0.5,10,3,0.5,20,507,2762,811,0.2936278059377263,1951,764,0,0,9.678429341001921,2.8618890758905136,29.875,5.9651767227244274,2,1,9.991999389838709,9.085359325539201
p3d_05_t10_d3,P3-D0.5,10,3,0.5,20,508,2805,791,0.2819964349376114,2014,817,0,0,9.672408982307749,2.8565029996678466,28.75,4.946379147079878,2,1,10.00706698215749,10.005025528648593
p3d_05_t10_d3,P3-D0.5,10,3,0.5,20,509,2656,790,0.29743975903614456,1866,820,0,0,9.672037751712024,2.859209754344494,28.5625,5.202163011671203,2,1,10.00406914506912,10.000016471518887
p3d_05_t10_d3,P3-D0.5,10,3,0.5,20,510,2733,793,0.2901573362605196,1940,779,0,0,9.671948048963834,2.8592731708727603,28.75,5.026595932305149,2,1,10.005580096720676,10.005035163374611
p3d_05_t10_d3,P3-D0.5,10,3,0.5,20,511,2668,793,0.2972263868065967,1875,790,0,0,9.672133037554627,2.8597012538816484,28.6875,4.7710061831861,2,1,10.01009331308127,10.010044220504316
p3d_05_t10_d3,P3-D0.5,10,3,0.5,20,512,2595,791,0.3048169556840077,1804,789,0,0,9.672150207775745,2.8582340155030685,28.6875,4.935838327984417,2,1,10.00560445709749,10.00502788172272
p3d_05_t10_d3,P3-D0.5,10,3,0.5,20,513,2669,793,0.2971150243536905,1876,806,0,0,9.672600191755683,2.859384089469949,28.75,5.053051883103254,2,1,10.005578529609265,10.005025528648593
p3d_05_t10_d3,P3-D0.5,10,3,0.5,20,514,2721,793,0.2914369717015803,1928,825,0,0,9.672234882982647,2.8594618607323077,28.75,4.973261840415537,2,1,10.005593545041819,10.00502788172272
p3d_05_t10_d3,P3-D0.5,10,3,0.5,20,515,2654,792,0.2984174830444612,1862,795,0,0,9.671580719282083,2.859747380467661,28.625,4.924428900898052,2,1,10.005584577360295,10.005030457226358
p3d_05_t10_d3,P3-D0.5,10,3,0.5,20,516,2650,795,0.3,1855,817,0,0,9.672249622794272,2.861679686053717,28.75,5.092478113191389,2,1,10.005610512551982,10.005030457226358
p3d_05_t10_d3,P3-D0.5,10,3,0.5,20,517,2628,793,0.3017503805175038,1835,747,0,0,9.672221025832505,2.8589401071529195,28.75,5.026595932305149,2,1,10.007075540344884,10.005030457226358
p3d_05_t10_d3,P3-D0.5,10,3,0.5,20,518,2684,790,0.29433681073025336,1894,789,0,0,9.672330329023737,2.8584151034479817,28.5625,4.925697920092136,2,1,10.008605056583363,10.005032810300486
p3d_05_t10_d3,P3-D0.5,10,3,0.5,20,519,2586,793,0.3066511987625677,1793,783,0,0,9.672144341976363,2.857490604336758,28.8125,5.192542729723079,2,1,10.007089528899156,10.00502788172272
p3d_05_t10_d3,P3-D0.5,10,3,0.5,20,520,2641,793,0.30026505111700114,1848,817,0,0,9.672224919352262,2.85926563869249,28.75,4.959838707054898,2,1,10.005576174439826,10.005023175574467
p3d_05_t10_d3,P3-D0.5,10,3,0.5,20,521,2703,793,0.29337772844987053,1910,821,0,0,9.672338490228663,2.8594814955000216,28.75,5.013315602805526,2,1,10.007119552060797,10.005030457226358
p3d_05_t10_d3,P3-D0.5,10,3,0.5,20,522,2712,792,0.2920353982300885,1920,806,0,0,9.67194918450673,2.8592178432376976,28.6875,4.989572459974235,2,1,10.0055817908875,10.005032587870971
p3d_05_t10_d3,P3-D0.5,10,3,0.5,20,523,2661,793,0.29800826756858323,1868,780,0,0,9.671203986502448,2.860072423200456,28.625,5.0182998449009935,2,1,10.005596553510403,10.005028104152233
p3d_05_t10_d3,P3-D0.5,10,3,0.5,20,524,2669,795,0.2978643686774073,1874,800,0,0,9.671873082313095,2.8609426323208336,28.75,5.170428737864331,2,1,10.00560046168549,10.005035163374611
p3d_05_t10_d3,P3-D0.5,10,3,0.5,20,525,2621,793,0.3025562762304464,1828,742,0,0,9.672150497373746,2.8597050957228114,28.6875,4.7710061831861,2,1,10.01011770155323,10.010046351148931
p3d_05_t10_d3,P3-D0.5,10,3,0.5,20,526,2671,795,0.2976413328341445,1876,803,0,0,9.672233024881058,2.8610337978113334,28.75,5.157518783291051,2,1,10.005586582060989,10.005030457226358
p3d_05_t10_d3,P3-D0.5,10,3,0.5,20,527,2693,793,0.29446713702190863,1900,798,0,0,9.67186741456389,2.859354557404853,28.6875,5.002915816468099,2,1,10.007103504765201,10.005032587870971
p3d_05_t10_d3,P3-D0.5,10,3,0.5,20,528,2647,793,0.2995844352096713,1854,786,0,0,9.67206598800342,2.8606672303404768,28.625,5.071160288007732,2,1,10.007108720839748,10.005034940945098
p3d_05_t10_d3,P3-D0.5,10,3,0.5,20,529,2705,793,0.2931608133086876,1912,809,0,0,9.672692662707158,2.858932521950255,28.8125,5.02286438863988,2,1,10.007080511313239,10.005030457226358
p3d_05_t10_d3,P3-D0.5,10,3,0.5,20,530,2691,793,0.2946859903381642,1898,835,0,0,9.671579390569768,2.8595194949309195,28.6875,5.029496329985075,2,1,10.005580760442001,10.005030234796846
p3d_075_t10_d3,P3-D0.75,10,3,0.75,20,501,2681,814,0.30361805296531147,1867,778,0,0,9.910587572752643,4.591266377927726,29.625,7.6408987254990715,3,0,5.393514515164286,5.075317778914166
p3d_075_t10_d3,P3-D0.75,10,3,0.75,20,502,2595,787,0.30327552986512524,1808,741,0,0,9.81280169432548,4.404576565731462,29.5625,5.691733772176395,3,0,5.411576881213699,5.105439440720668
p3d_075_t10_d3,P3-D0.75,10,3,0.75,20,503,2680,814,0.3037313432835821,1866,714,0,0,9.909316134285927,4.590900384146019,29.5625,7.667844112482552,3,0,5.393507672952937,5.0753309772375195
p3d_075_t10_d3,P3-D0.75,10,3,0.75,20,504,2672,794,0.2971556886227545,1878,782,0,0,9.857472822967233,4.414714829463026,28.3125,13.22481883933891,3,0,5.400289593251994,5.06024983960071
p3d_075_t10_d3,P3-D0.75,10,3,0.75,20,505,2723,813,0.2985677561513037,1910,790,0,0,9.910591837493461,4.591268940747007,29.625,7.6408987254990715,3,0,5.39351219721101,5.07531564826955
p3d_075_t10_d3,P3-D0.75,10,3,0.75,20,506,2721,796,0.2925395075339949,1925,805,0,0,9.909317500969642,4.590966624632846,28.4375,9.912744322335769,3,0,5.393508776105336,5.075330754808008
p3d_075_t10_d3,P3-D0.75,10,3,0.75,20,507,2762,792,0.28674873280231716,1970,858,0,0,9.842182466797558,4.405109395497745,28.3125,10.018108603923197,3,0,5.40255086727579,5.080344073226944
p3d_075_t10_d3,P3-D0.75,10,3,0.75,20,508,2805,816,0.2909090909090909,1989,757,0,0,9.903945570421612,4.587361328447158,29.6875,7.622062275613689,3,0,5.393505354999662,5.0753256038007315
p3d_075_t10_d3,P3-D0.75,10,3,0.75,20,509,2656,791,0.29781626506024095,1865,845,0,0,9.843462742089866,4.407277103102249,28.1875,10.489478855818657,3,0,5.4048026059985474,5.080339589508202
p3d_075_t10_d3,P3-D0.75,10,3,0.75,20,510,2733,812,0.2971094035858031,1921,730,0,0,9.912284389049015,4.592604727741464,29.5625,7.667844112482552,3,0,5.3935097907196505,5.0753312980426815
p3d_075_t10_d3,P3-D0.75,10,3,0.75,20,511,2668,814,0.30509745127436283,1854,756,0,0,9.909301647087657,4.590889997610432,29.5625,7.667844112482552,3,0,5.393511238420934,5.075304927074185
p3d_075_t10_d3,P3-D0.75,10,3,0.75,20,512,2595,812,0.31290944123314063,1783,711,0,0,9.91341214193926,4.59349342644341,29.5,7.720103626247513,3,0,5.393503951567422,5.075328080928719
p3d_075_t10_d3,P3-D0.75,10,3,0.75,20,513,2669,815,0.30535781191457473,1854,759,0,0,9.905926614334604,4.588318568681555,29.75,7.558659493146475,3,0,5.393503137139668,5.075328624163393
p3d_075_t10_d3,P3-D0.75,10,3,0.75,20,514,2721,812,0.2984196986402058,1909,782,0,0,9.912287260410661,4.5926069812286645,29.5625,7.667844112482552,3,0,5.393512152941968,5.075307280148311
p3d_075_t10_d3,P3-D0.75,10,3,0.75,20,515,2654,812,0.3059532780708365,1842,738,0,0,9.913412118423382,4.593492179690749,29.5,7.720103626247513,3,0,5.393520354316514,5.0753075025778225
p3d_075_t10_d3,P3-D0.75,10,3,0.75,20,516,2650,770,0.29056603773584905,1880,850,0,0,9.719224501059628,4.306003874430378,28.5,12.58040804849615,3,0,5.402555917236972,5.090373435300525
p3d_075_t10_d3,P3-D0.75,10,3,0.75,20,517,2628,814,0.3097412480974125,1814,703,0,0,9.909316411937724,4.590897905680623,29.5625,7.667844112482552,3,0,5.393511094058611,5.075320157666503
p3d_075_t10_d3,P3-D0.75,10,3,0.75,20,518,2684,815,0.3036512667660209,1869,734,0,0,9.905928886818403,4.588315258589647,29.75,7.558659493146475,3,0,5.39351365646749,5.075323473156115
p3d_075_t10_d3,P3-D0.75,10,3,0.75,20,519,2586,798,0.308584686774942,1788,776,0,0,9.907344684070967,4.589692914818058,28.5625,9.872309760132124,3,0,5.391245884781229,5.070304238065719
p3d_075_t10_d3,P3-D0.75,10,3,0.75,20,520,2641,812,0.3074592957213177,1829,760,0,0,9.91228611620274,4.59260598679319,29.5625,7.667844112482552,3,0,5.393514382357161,5.075325184619919
p3d_075_t10_d3,P3-D0.75,10,3,0.75,20,521,2703,804,0.2974472807991121,1899,770,0,0,9.860717579548375,4.416134199923386,29.0625,12.107676628211266,3,0,5.4002905635972684,5.06025969675624
p3d_075_t10_d3,P3-D0.75,10,3,0.75,20,522,2712,812,0.2994100294985251,1900,733,0,0,9.912281843819423,4.5926044413951805,29.5625,7.667844112482552,3,0,5.393507517035418,5.0753211200819885
p3d_075_t10_d3,P3-D0.75,10,3,0.75,20,523,2661,813,0.3055242390078918,1848,721,0,0,9.909320106123612,4.59090135063156,29.5625,7.667844112482552,3,0,5.393507572859657,5.075330211573335
p3d_075_t10_d3,P3-D0.75,10,3,0.75,20,524,2669,812,0.30423379542899964,1857,738,0,0,9.913418040914495,4.594556955062713,29.5,8.099382692526634,3,0,5.393508631743015,5.075307280148311
p3d_075_t10_d3,P3-D0.75,10,3,0.75,20,525,2621,787,0.3002670736360168,1834,772,0,0,9.812800817758722,4.404578533606125,29.5625,5.691733772176395,3,0,5.411581060922889,5.105455090493798
p3d_075_t10_d3,P3-D0.75,10,3,0.75,20,526,2671,813,0.3043803818794459,1858,768,0,0,9.912137706255596,4.593607610304473,29.5625,8.090889938690305,3,0,5.393510035175255,5.075323250726604
p3d_075_t10_d3,P3-D0.75,10,3,0.75,20,527,2693,789,0.29298180467879686,1904,780,0,0,9.811670959497974,4.404616118384348,29.6875,5.816284610184294,3,0,5.409326515335651,5.100420872918803
p3d_075_t10_d3,P3-D0.75,10,3,0.75,20,528,2647,792,0.29920664903664523,1855,793,0,0,9.842488016154142,4.407513926296534,28.25,10.673955842766699,3,0,5.404793057015999,5.080354794422311
p3d_075_t10_d3,P3-D0.75,10,3,0.75,20,529,2705,812,0.30018484288354896,1893,737,0,0,9.912270690814065,4.592597775016271,29.5625,7.667844112482552,3,0,5.393501589345105,5.075310300510972
p3d_075_t10_d3,P3-D0.75,10,3,0.75,20,530,2691,805,0.29914529914529914,1886,781,0,0,9.857196723356633,4.414964975120338,29,12.334234201333025,3,0,5.400287086667355,5.05523875020204
p3u_t14_d0,P3-U,14,0,1,20,501,2681,741,0.2763894069377098,1940,983,0,0,14.104734883612243,0.1587666312527641,23.875,12.919623317522328,0,11,14.003954843911973,14.000021177667138
p3u_t14_d0,P3-U,14,0,1,20,502,2595,741,0.2855491329479769,1854,930,0,0,14.10468907789749,0.15877972026674042,23.875,12.919623317522328,0,11,14.003891396450449,14.000014118444762
p3u_t14_d0,P3-U,14,0,1,20,503,2680,741,0.2764925373134328,1939,968,0,0,14.104730717520534,0.1587604668044762,23.875,12.919623317522328,0,11,14.003956689778517,14.000011765370633
p3u_t14_d0,P3-U,14,0,1,20,504,2672,741,0.2773203592814371,1931,960,0,0,14.10471525010097,0.15875434633127733,23.875,12.919623317522328,0,11,14.003955308747894,14.00000705922238
p3u_t14_d0,P3-U,14,0,1,20,505,2723,741,0.27212633125229524,1982,995,0,0,14.10473552301615,0.15877319520167088,23.875,12.919623317522328,0,11,14.003953714389848,14.00000705922238
p3u_t14_d0,P3-U,14,0,1,20,506,2721,741,0.2723263506063947,1980,980,0,0,14.104673401003136,0.1587792665704008,23.875,12.919623317522328,0,11,14.003887361672614,14.000023530741265
p3u_t14_d0,P3-U,14,0,1,20,507,2762,741,0.2682838522809558,2021,997,0,0,14.10465608082839,0.1587664485638267,23.875,12.919623317522328,0,11,14.00387570732705,14.000002353074125
p3u_t14_d0,P3-U,14,0,1,20,508,2805,741,0.2641711229946524,2064,958,0,0,14.105074489491923,0.15960929675007057,23.9375,13.015215454741167,0,11,14.003914545169344,14.000021177667142
p3u_t14_d0,P3-U,14,0,1,20,509,2656,741,0.2789909638554217,1915,945,0,0,14.104511249314115,0.15829299253033743,23.8125,12.822993670226413,0,11,14.003925221692484,14.00000705922238
p3u_t14_d0,P3-U,14,0,1,20,510,2733,741,0.2711306256860593,1992,971,0,0,14.1046961411417,0.1587685766593677,23.875,12.919623317522328,0,11,14.00392208203225,14.000009412296507
p3u_t14_d0,P3-U,14,0,1,20,511,2668,741,0.27773613193403296,1927,951,0,0,14.104654263167204,0.15878459791712754,23.875,12.919623317522328,0,11,14.003860747352684,14.000009412296507
p3u_t14_d0,P3-U,14,0,1,20,512,2595,741,0.2855491329479769,1854,969,0,0,14.104700646205139,0.15876516191427828,23.875,12.919623317522328,0,11,14.003926178670563,14.000009412296507
p3u_t14_d0,P3-U,14,0,1,20,513,2669,741,0.2776320719370551,1928,992,0,0,14.104666150154877,0.15876357765078894,23.875,12.919623317522328,0,11,14.003890654729599,14.000004706148253
p3u_t14_d0,P3-U,14,0,1,20,514,2721,741,0.2723263506063947,1980,1019,0,0,14.104508913572177,0.15829487573572687,23.8125,12.822993670226413,0,11,14.003918706270449,14.000014118444758
p3u_t14_d0,P3-U,14,0,1,20,515,2654,741,0.2792012057272042,1913,947,0,0,14.104712365866245,0.15876687940996048,23.875,12.919623317522328,0,11,14.00393362546147,14.000016471518885
p3u_t14_d0,P3-U,14,0,1,20,516,2650,741,0.27962264150943394,1909,923,0,0,14.104515749822895,0.15829173981485284,23.8125,12.822993670226413,0,11,14.003921514552477,14.00000705922238
p3u_t14_d0,P3-U,14,0,1,20,517,2628,741,0.2819634703196347,1887,957,0,0,14.104667893780183,0.15877698130550563,23.875,12.919623317522328,0,11,14.003884011287273,14.000011765370633
p3u_t14_d0,P3-U,14,0,1,20,518,2684,741,0.27608047690014903,1943,938,0,0,14.104709936907625,0.15877173287188556,23.875,12.919623317522328,0,11,14.00392232073614,14.00000705922238
p3u_t14_d0,P3-U,14,0,1,20,519,2586,741,0.2865429234338747,1845,950,0,0,14.105264105579153,0.1600854243861682,24,13.114877048604,0,11,14.003922261710752,14.000014118444758
p3u_t14_d0,P3-U,14,0,1,20,520,2641,741,0.2805755395683453,1900,968,0,0,14.104503433507215,0.1582964625688056,23.8125,12.822993670226413,0,11,14.003897354362236,14.000011765370633
p3u_t14_d0,P3-U,14,0,1,20,521,2703,741,0.2741398446170921,1962,1008,0,0,14.104685435828827,0.15877293619929528,23.875,12.919623317522328,0,11,14.003900919772034,14.000021177667138
p3u_t14_d0,P3-U,14,0,1,20,522,2712,741,0.27323008849557523,1971,960,0,0,14.1046864113868,0.15877347291626429,23.875,12.919623317522328,0,11,14.00390643369224,14.000009412296507
p3u_t14_d0,P3-U,14,0,1,20,523,2661,741,0.27846674182638104,1920,944,0,0,14.104362397526245,0.15900131631065928,23.875,12.940247292845681,0,11,14.003967861046132,14.000016471518885
p3u_t14_d0,P3-U,14,0,1,20,524,2669,741,0.2776320719370551,1928,930,0,0,14.104539048361913,0.15829579901080273,23.8125,12.822993670226413,0,11,14.003952454245091,14.000009412296507
p3u_t14_d0,P3-U,14,0,1,20,525,2621,741,0.28271652041205647,1880,934,0,0,14.104710635451685,0.15876470448265495,23.875,12.919623317522328,0,11,14.003934074890454,14.000023530741268
p3u_t14_d0,P3-U,14,0,1,20,526,2671,741,0.27742418569824034,1930,957,0,0,14.104678228322527,0.1587721951532968,23.875,12.919623317522328,0,11,14.00389820416435,14.000011765370633
p3u_t14_d0,P3-U,14,0,1,20,527,2693,741,0.2751578165614556,1952,977,0,0,14.104701410674558,0.15877005873514766,23.875,12.919623317522328,0,11,14.003921812281753,14.000014118444758
p3u_t14_d0,P3-U,14,0,1,20,528,2647,741,0.2799395542123158,1906,950,0,0,14.104182350435279,0.15853715746763963,23.8125,12.843772810198724,0,11,14.003951434501252,14.000011765370633
p3u_t14_d0,P3-U,14,0,1,20,529,2705,741,0.27393715341959335,1964,1005,0,0,14.104677741684473,0.15877179807811206,23.875,12.919623317522328,0,11,14.003895365068466,14.000011765370633
p3u_t14_d0,P3-U,14,0,1,20,530,2691,741,0.2753623188405797,1950,1019,0,0,14.104691353892328,0.15876949516956856,23.875,12.919623317522328,0,11,14.003912533334216,14.000011765370633
p3d_025_t14_d0,P3-D0.25,14,0,0.25,20,501,2681,1071,0.39947780678851175,1610,53,0,0,15.06126012756012,0.3995456428724089,44.1875,4.369877954054705,0,0,14.693888260487766,14.155632905668984
p3d_025_t14_d0,P3-D0.25,14,0,0.25,20,502,2595,1076,0.4146435452793834,1519,63,0,0,15.059943894907558,0.4003708403074804,44.5,4.704607670500627,0,0,14.690886903048954,14.160667593781218
p3d_025_t14_d0,P3-D0.25,14,0,0.25,20,503,2680,1070,0.39925373134328357,1610,47,0,0,15.061719329603346,0.39886552843177453,44.0625,4.327720724199595,0,0,14.695373911440782,14.160667148922192
p3d_025_t14_d0,P3-D0.25,14,0,0.25,20,504,2672,1071,0.4008233532934132,1601,51,0,0,15.06120159182426,0.39939961464201973,44.125,4.349329450233296,0,0,14.693877747504054,14.155638625589152
p3d_025_t14_d0,P3-D0.25,14,0,0.25,20,505,2723,1071,0.39331619537275064,1652,42,0,0,15.061541139298246,0.3991158044347946,44.125,4.39507299901454,0,0,14.694639101766345,14.160667692156865
p3d_025_t14_d0,P3-D0.25,14,0,0.25,20,506,2721,1073,0.394340316060272,1648,52,0,0,15.06088916006851,0.4001495723477933,44.375,4.410215414239989,0,0,14.692396296936435,14.15566111215515
p3d_025_t14_d0,P3-D0.25,14,0,0.25,20,507,2762,1071,0.387762490948588,1691,50,0,0,15.061770525445013,0.3994338801854399,44.25,4.640402281411961,0,0,14.694635511346155,14.160652264813248
p3d_025_t14_d0,P3-D0.25,14,0,0.25,20,508,2805,1067,0.3803921568627451,1738,42,0,0,15.064441378904723,0.3990683853161327,44.125,4.39507299901454,0,0,14.69762787159075,14.160680223191683
p3d_025_t14_d0,P3-D0.25,14,0,0.25,20,509,2656,1071,0.40323795180722893,1585,59,0,0,15.06124838551147,0.39926350004915157,44.125,4.333974311568232,0,0,14.693875152439515,14.155656183577388
p3d_025_t14_d0,P3-D0.25,14,0,0.25,20,510,2733,1072,0.39224295645810464,1661,48,0,0,15.061108610239653,0.3993272230848112,44.1875,4.369877954054705,0,0,14.693875377578273,14.160652042383735
p3d_025_t14_d0,P3-D0.25,14,0,0.25,20,511,2668,1069,0.4006746626686657,1599,52,0,0,15.062795387591052,0.3993348613807603,44.125,4.333974311568232,0,0,14.696127023911215,14.160672423983335
p3d_025_t14_d0,P3-D0.25,14,0,0.25,20,512,2595,1071,0.41271676300578036,1524,59,0,0,15.061017560056499,0.39930482053765387,44.125,4.6169975814014315,0,0,14.693880872890386,14.15563914314561
p3d_025_t14_d0,P3-D0.25,14,0,0.25,20,513,2669,1068,0.40014986886474335,1601,40,0,0,15.06250889703935,0.39948712005105513,44.125,4.364630568559039,0,0,14.69537140984089,14.150651109225825
p3d_025_t14_d0,P3-D0.25,14,0,0.25,20,514,2721,1073,0.394340316060272,1648,46,0,0,15.060402177612831,0.3994630548522549,44.1875,4.3851073723076235,0,0,14.692375833888281,14.155648803549845
p3d_025_t14_d0,P3-D0.25,14,0,0.25,20,515,2654,1072,0.40391861341371516,1582,29,0,0,15.061013237447172,0.3994949650773562,44.1875,4.354595273960601,0,0,14.693119154053598,14.155645907241045
p3d_025_t14_d0,P3-D0.25,14,0,0.25,20,516,2650,1073,0.4049056603773585,1577,44,0,0,15.059983831021853,0.3996323070088548,44.1875,4.621958459354649,0,0,14.692380561534065,14.155666583967589
p3d_025_t14_d0,P3-D0.25,14,0,0.25,20,517,2628,1067,0.4060121765601218,1561,65,0,0,15.063314528256344,0.39881840575219124,44,4.320493798938574,0,0,14.696131349057563,14.150633452861944
p3d_025_t14_d0,P3-D0.25,14,0,0.25,20,518,2684,1071,0.3990312965722802,1613,51,0,0,15.061865791840368,0.3995840476125977,44.1875,4.3851073723076235,0,0,14.69463505579938,14.160687085662767
p3d_025_t14_d0,P3-D0.25,14,0,0.25,20,519,2586,1068,0.41299303944315546,1518,39,0,0,15.063422831312586,0.39964554069715746,44.1875,4.3851073723076235,0,0,14.69539317687859,14.150633427183728
p3d_025_t14_d0,P3-D0.25,14,0,0.25,20,520,2641,1071,0.405528209011738,1570,51,0,0,15.060729064856341,0.39926782095944163,44.0625,4.625563028792639,0,0,14.693121608665727,14.150634817842372
p3d_025_t14_d0,P3-D0.25,14,0,0.25,20,521,2703,1072,0.3965963743988161,1631,47,0,0,15.060734758528996,0.39914719982670466,44.125,4.364630568559039,0,0,14.693878402813134,14.16066940362067
p3d_025_t14_d0,P3-D0.25,14,0,0.25,20,522,2712,1069,0.3941740412979351,1643,44,0,0,15.062138430809343,0.39882982874109135,44,4.2895221179054435,0,0,14.69537498686409,14.1556416202736
p3d_025_t14_d0,P3-D0.25,14,0,0.25,20,523,2661,1070,0.40210447200300636,1591,55,0,0,15.061439601245072,0.3995125617718088,44.125,4.364630568559039,0,0,14.69462648534801,14.155653706449392
p3d_025_t14_d0,P3-D0.25,14,0,0.25,20,524,2669,1072,0.4016485575121768,1597,51,0,0,15.06073388961711,0.39973741047719336,44.1875,4.354595273960601,0,0,14.693125290342696,14.155654373737931
p3d_025_t14_d0,P3-D0.25,14,0,0.25,20,525,2621,1071,0.40862266310568485,1550,36,0,0,15.061253748336117,0.3994992751777109,44.125,4.333974311568232,0,0,14.693880913249512,14.155659079886188
p3d_025_t14_d0,P3-D0.25,14,0,0.25,20,526,2671,1071,0.4009734181954324,1600,45,0,0,15.061202589614817,0.3998777769367123,44.1875,4.339258769267704,0,0,14.693876372875732,14.155658759081023
p3d_025_t14_d0,P3-D0.25,14,0,0.25,20,527,2693,1072,0.3980690679539547,1621,53,0,0,15.061110194721198,0.39947136369196656,44.1875,4.3851073723076235,0,0,14.693880453850998,14.160665018277578
p3d_025_t14_d0,P3-D0.25,14,0,0.25,20,528,2647,1072,0.40498677748394407,1575,55,0,0,15.061161105435485,0.3993336973576404,44.1875,4.369877954054705,0,0,14.693128158951279,14.155679979042242
p3d_025_t14_d0,P3-D0.25,14,0,0.25,20,529,2705,1072,0.3963031423290203,1633,56,0,0,15.061720361377791,0.40021149310970544,44.3125,4.422951503238533,0,0,14.693132217890986,14.155656504382545
p3d_025_t14_d0,P3-D0.25,14,0,0.25,20,530,2691,1071,0.3979933110367893,1620,52,0,0,15.061298613155133,0.39915330075505495,44.125,4.645786621588784,0,0,14.693875810240977,14.155648581120332
p3d_05_t14_d0,P3-D0.5,14,0,0.5,20,501,2681,1055,0.3935098843715032,1626,91,0,0,14.507205213624372,0.21004246720731223,43.3125,1.4930394055974097,0,0,14.183256861928198,14.14060364592933
p3d_05_t14_d0,P3-D0.5,14,0,0.5,20,502,2595,1056,0.4069364161849711,1539,92,0,0,14.505691429284449,0.2100440909686452,43.25,1.4375905768565218,0,0,14.181740904358174,14.140606567916347
p3d_05_t14_d0,P3-D0.5,14,0,0.5,20,503,2680,1056,0.3940298507462687,1624,80,0,0,14.505882158767905,0.21025560673733804,43.3125,1.4930394055974097,0,0,14.181743983691854,14.140600873674394
p3d_05_t14_d0,P3-D0.5,14,0,0.5,20,504,2672,1055,0.3948353293413174,1617,84,0,0,14.507371826301469,0.21021292021124174,43.25,1.4375905768565218,0,0,14.183232970070904,14.140608920990474
p3d_05_t14_d0,P3-D0.5,14,0,0.5,20,505,2723,1055,0.387440323172971,1668,90,0,0,14.507293554810973,0.21012020038553966,43.25,1.390443574307614,0,0,14.183244640671909,14.140581060987685
p3d_05_t14_d0,P3-D0.5,14,0,0.5,20,506,2721,1055,0.3877251010657846,1666,75,0,0,14.507945500660067,0.2108067359324543,43.375,1.4548768561863463,0,0,14.183246590483453,14.140562934086562
p3d_05_t14_d0,P3-D0.5,14,0,0.5,20,507,2762,1055,0.38196958725561186,1707,93,0,0,14.507936297401645,0.21107537907724175,43.4375,1.631716887208072,0,0,14.1832297214809,14.14059842222462
p3d_05_t14_d0,P3-D0.5,14,0,0.5,20,508,2805,1055,0.3761140819964349,1750,80,0,0,14.509909036108972,0.21235100340710747,43.4375,1.3647344063956182,0,0,14.183226930023347,14.140585544706425
p3d_05_t14_d0,P3-D0.5,14,0,0.5,20,509,2656,1056,0.39759036144578314,1600,94,0,0,14.505591828725912,0.2099473811976268,43.3125,1.5370426148939398,0,0,14.181743692248503,14.140614392802913
p3d_05_t14_d0,P3-D0.5,14,0,0.5,20,510,2733,1056,0.38638858397365533,1677,78,0,0,14.505862687413988,0.21028753795335237,43.3125,1.4476993242152645,0,0,14.181709569729852,14.140582969202786
p3d_05_t14_d0,P3-D0.5,14,0,0.5,20,511,2668,1055,0.3954272863568216,1613,77,0,0,14.508023973619055,0.21094401272441338,43.375,1.4548768561863463,0,0,14.183222206996252,14.14060099772826
p3d_05_t14_d0,P3-D0.5,14,0,0.5,20,512,2595,1055,0.40655105973025046,1540,82,0,0,14.507087418994299,0.20991220639745967,43.25,1.390443574307614,0,0,14.18322276903861,14.14059874302978
p3d_05_t14_d0,P3-D0.5,14,0,0.5,20,513,2669,1055,0.39527913076058446,1614,92,0,0,14.508192992128857,0.21109704494495185,43.375,1.5,0,0,14.183201368527172,14.140581060987685
p3d_05_t14_d0,P3-D0.5,14,0,0.5,20,514,2721,1056,0.3880926130099228,1665,96,0,0,14.505483861632266,0.20976545360695487,43.25,1.390443574307614,0,0,14.181728811574821,14.140570562221832
p3d_05_t14_d0,P3-D0.5,14,0,0.5,20,515,2654,1056,0.39788997739261495,1598,76,0,0,14.505778473551498,0.210076494267555,43.25,1.390443574307614,0,0,14.181719349997332,14.140575045940572
p3d_05_t14_d0,P3-D0.5,14,0,0.5,20,516,2650,1056,0.39849056603773586,1594,86,0,0,14.505316431182687,0.20952299862124257,43.1875,1.3275918047351754,0,0,14.18175533832156,14.140580295323499
p3d_05_t14_d0,P3-D0.5,14,0,0.5,20,517,2628,1055,0.4014459665144597,1573,66,0,0,14.507746631754735,0.210480815839022,43.25,1.2909944487358056,0,0,14.183236862839063,14.140595748345334
p3d_05_t14_d0,P3-D0.5,14,0,0.5,20,518,2684,1055,0.393070044709389,1629,77,0,0,14.50728779958391,0.2102122264723273,43.3125,1.4930394055974097,0,0,14.183232762180875,14.14059785331173
p3d_05_t14_d0,P3-D0.5,14,0,0.5,20,519,2586,1055,0.4079659706109822,1531,81,0,0,14.509264433126264,0.21188388401864097,43.5,1.5491933384829668,0,0,14.183242589634036,14.140600873674394
p3d_05_t14_d0,P3-D0.5,14,0,0.5,20,520,2641,1055,0.39946989776599773,1586,93,0,0,14.506903380076583,0.20962364166661357,43.1875,1.3768926368215255,0,0,14.18323755335437,14.140584680666594
p3d_05_t14_d0,P3-D0.5,14,0,0.5,20,521,2703,1056,0.390677025527192,1647,86,0,0,14.50558103610804,0.2099136221111861,43.25,1.390443574307614,0,0,14.181715528942794,14.14059304878783
p3d_05_t14_d0,P3-D0.5,14,0,0.5,20,522,2712,1055,0.3890117994100295,1657,81,0,0,14.507815089542024,0.21065544960435809,43.3125,1.352466881911223,0,0,14.183190809206296,14.140603671607547
p3d_05_t14_d0,P3-D0.5,14,0,0.5,20,523,2661,1055,0.396467493423525,1606,80,0,0,14.507277921262178,0.21010549528980127,43.25,1.390443574307614,0,0,14.183213757738624,14.140588761820386
p3d_05_t14_d0,P3-D0.5,14,0,0.5,20,524,2669,1056,0.39565380292244284,1613,87,0,0,14.505321835381594,0.2095301858541595,43.1875,1.3275918047351754,0,0,14.181753147423692,14.140604116466573
p3d_05_t14_d0,P3-D0.5,14,0,0.5,20,525,2621,1055,0.40251812285387256,1566,81,0,0,14.507475071760876,0.21013039935587718,43.25,1.2909944487358056,0,0,14.183232523360616,14.140592826358317
p3d_05_t14_d0,P3-D0.5,14,0,0.5,20,526,2671,1056,0.3953575439910146,1615,96,0,0,14.505961218432866,0.21037578249360908,43.3125,1.4930394055974097,0,0,14.181725168897614,14.140596710760816
p3d_05_t14_d0,P3-D0.5,14,0,0.5,20,527,2693,1055,0.39175640549572965,1638,100,0,0,14.506996474303154,0.20979229892204973,43.25,1.4375905768565218,0,0,14.183234144512664,14.14058468066659
p3d_05_t14_d0,P3-D0.5,14,0,0.5,20,528,2647,1056,0.398942198715527,1591,88,0,0,14.505040774638495,0.20916193497560379,43.1875,1.3768926368215255,0,0,14.181751232562245,14.14057066059748
p3d_05_t14_d0,P3-D0.5,14,0,0.5,20,529,2705,1056,0.39038817005545284,1649,86,0,0,14.50624444097049,0.2107926251535709,43.375,1.5438048235879214,0,0,14.181730921638069,14.140575811604759
p3d_05_t14_d0,P3-D0.5,14,0,0.5,20,530,2691,1056,0.39241917502787066,1635,92,0,0,14.505867792845816,0.21026490752162663,43.3125,1.4930394055974097,0,0,14.181713367673991,14.140575268370085
p3d_075_t14_d0,P3-D0.75,14,0,0.75,20,501,2681,810,0.3021260723610593,1871,792,0,0,14.145809355710186,0.17471343126772487,28,13.321661558028964,0,9,14.003854026288321,14.000011765370633
p3d_075_t14_d0,P3-D0.75,14,0,0.75,20,502,2595,810,0.31213872832369943,1785,752,0,0,14.14577904085927,0.17472194064703028,28,13.321661558028964,0,9,14.003820325301431,14.000009412296507
p3d_075_t14_d0,P3-D0.75,14,0,0.75,20,503,2680,810,0.30223880597014924,1870,802,0,0,14.145651002349648,0.17440293542489002,27.9375,13.238674404939491,0,9,14.00383800080196,14.00000705922238
p3d_075_t14_d0,P3-D0.75,14,0,0.75,20,504,2672,810,0.3031437125748503,1862,786,0,0,14.14564090896487,0.17439822075950662,27.9375,13.238674404939491,0,9,14.00384089280544,14.000016471518885
p3d_075_t14_d0,P3-D0.75,14,0,0.75,20,505,2723,810,0.29746603011384504,1913,825,0,0,14.145799088919444,0.1747179529020822,28,13.321661558028964,0,9,14.00384930184369,14.000009412296507
p3d_075_t14_d0,P3-D0.75,14,0,0.75,20,506,2721,810,0.29768467475192945,1911,802,0,0,14.146474436865516,0.1759386939091729,28.125,13.48023244112158,0,9,14.003810168282067,14.00000705922238
p3d_075_t14_d0,P3-D0.75,14,0,0.75,20,507,2762,810,0.2932657494569153,1952,817,0,0,14.146447639341146,0.17593403326743925,28.125,13.48023244112158,0,9,14.003790463552907,14.000011765370633
p3d_075_t14_d0,P3-D0.75,14,0,0.75,20,508,2805,810,0.2887700534759358,1995,788,0,0,14.146904482730635,0.1766338353166451,28.125,13.470337783441067,0,9,14.00383131450813,14.000016471518885
p3d_075_t14_d0,P3-D0.75,14,0,0.75,20,509,2656,810,0.3049698795180723,1846,757,0,0,14.145768978962924,0.17471411237626167,28,13.321661558028964,0,9,14.003824844208681,14.000009412296507
p3d_075_t14_d0,P3-D0.75,14,0,0.75,20,510,2733,810,0.29637760702524696,1923,772,0,0,14.146333290326107,0.17562129790565942,28.0625,13.393872977348014,0,9,14.003810352835366,14.000014118444758
p3d_075_t14_d0,P3-D0.75,14,0,0.75,20,511,2668,810,0.30359820089955025,1858,752,0,0,14.14632086442208,0.17561924871380397,28.0625,13.393872977348014,0,9,14.00380505094145,14.000016471518885
p3d_075_t14_d0,P3-D0.75,14,0,0.75,20,512,2595,810,0.31213872832369943,1785,763,0,0,14.146206753813926,0.17530241290176268,28,13.311649033834989,0,9,14.003832515802053,14.00000705922238
p3d_075_t14_d0,P3-D0.75,14,0,0.75,20,513,2669,810,0.3034844511052829,1859,797,0,0,14.146296729188382,0.1756235634747674,28.0625,13.393872977348014,0,9,14.003778373320136,14.000009412296507
p3d_075_t14_d0,P3-D0.75,14,0,0.75,20,514,2721,810,0.29768467475192945,1911,818,0,0,14.145482226408149,0.17415124298925794,27.9375,13.243709198458465,0,9,14.003809461424733,14.000011765370633
p3d_075_t14_d0,P3-D0.75,14,0,0.75,20,515,2654,810,0.30519969856819895,1844,751,0,0,14.145778758911128,0.17471856427336818,28,13.321661558028964,0,9,14.003827448760289,14.000009412296507
p3d_075_t14_d0,P3-D0.75,14,0,0.75,20,516,2650,810,0.30566037735849055,1840,755,0,0,14.145643121521385,0.17439264722485695,27.9375,13.238674404939491,0,9,14.00385045139144,14.000004706148253
p3d_075_t14_d0,P3-D0.75,14,0,0.75,20,517,2628,810,0.3082191780821918,1818,739,0,0,14.145613679570468,0.17441222616981208,27.9375,13.238674404939491,0,9,14.00379525129892,14.00000705922238
p3d_075_t14_d0,P3-D0.75,14,0,0.75,20,518,2684,810,0.30178837555886734,1874,749,0,0,14.145793050287558,0.1747108897278535,28,13.321661558028964,0,9,14.003848957294805,14.000011765370633
p3d_075_t14_d0,P3-D0.75,14,0,0.75,20,519,2586,810,0.31322505800464034,1776,783,0,0,14.147476472744252,0.17784062162741351,28.3125,13.719663504134008,0,9,14.003830500080374,14.000009412296507
p3d_075_t14_d0,P3-D0.75,14,0,0.75,20,520,2641,810,0.30670200681560017,1831,789,0,0,14.145351441123099,0.17383530918031442,27.875,13.159913880164009,0,9,14.003821372629599,14.000002353074125
p3d_075_t14_d0,P3-D0.75,14,0,0.75,20,521,2703,810,0.29966703662597116,1893,828,0,0,14.145777874834762,0.17471987779776663,28,13.321661558028964,0,9,14.003824127747889,14.000014118444758
p3d_075_t14_d0,P3-D0.75,14,0,0.75,20,522,2712,810,0.29867256637168144,1902,766,0,0,14.145754643353362,0.1747212084574888,28,13.321661558028964,0,9,14.003803089092257,14.000014118444758
p3d_075_t14_d0,P3-D0.75,14,0,0.75,20,523,2661,810,0.3043968432919955,1851,770,0,0,14.145495221031753,0.17415605527945233,27.9375,13.243709198458465,0,9,14.00382211967791,14.000014118444758
p3d_075_t14_d0,P3-D0.75,14,0,0.75,20,524,2669,810,0.3034844511052829,1859,761,0,0,14.145523230206791,0.1741455983609829,27.9375,13.243709198458465,0,9,14.003860423857509,14.000014118444758
p3d_075_t14_d0,P3-D0.75,14,0,0.75,20,525,2621,810,0.3090423502479969,1811,753,0,0,14.145776572027385,0.17471394554660735,28,13.321661558028964,0,9,14.003823068864541,14.000018824593015
p3d_075_t14_d0,P3-D0.75,14,0,0.75,20,526,2671,810,0.30325720703856235,1861,784,0,0,14.1457711355958,0.1747165255830549,28,13.321661558028964,0,9,14.0038252309003,14.000014118444758
p3d_075_t14_d0,P3-D0.75,14,0,0.75,20,527,2693,810,0.30077979948013367,1883,780,0,0,14.146341734891317,0.17561701945455244,28.0625,13.393872977348014,0,9,14.003827930194365,14.000009412296507
p3d_075_t14_d0,P3-D0.75,14,0,0.75,20,528,2647,810,0.3060068001511145,1837,770,0,0,14.145391557658053,0.17383607973551451,27.875,13.159913880164009,0,9,14.003861155098,14.000002353074125
p3d_075_t14_d0,P3-D0.75,14,0,0.75,20,529,2705,810,0.29944547134935307,1895,800,0,0,14.145761235973213,0.17471731909304003,28,13.321661558028964,0,9,14.003804355639305,14.000004706148252
p3d_075_t14_d0,P3-D0.75,14,0,0.75,20,530,2691,810,0.3010033444816054,1881,807,0,0,14.145764910675684,0.17472208325734953,28,13.321661558028964,0,9,14.003808015849762,14.000018824593012
p3u_t14_d1,P3-U,14,1,1,20,501,2681,1029,0.3838120104438642,1652,130,0,0,14.446863829356863,0.3040252092869275,43.0625,4.5235494912734175,4,3,14.49599970478628,14.135565043011248
p3u_t14_d1,P3-U,14,1,1,20,502,2595,1028,0.3961464354527938,1567,140,0,0,14.44624989074415,0.30221590562357337,43,4.33589667773576,4,3,14.492928710264986,14.130530603006742
p3u_t14_d1,P3-U,14,1,1,20,503,2680,1028,0.3835820895522388,1652,141,0,0,14.444248454136826,0.30544256243778406,42.9375,4.850687236533259,4,3,14.4960606236858,14.135583169912369
p3u_t14_d1,P3-U,14,1,1,20,504,2672,1027,0.3843562874251497,1645,142,0,0,14.443118899889868,0.30385814942000106,42.875,4.645786621588784,4,3,14.493044952344304,14.130543134041561
p3u_t14_d1,P3-U,14,1,1,20,505,2723,1027,0.3771575468233566,1696,135,0,0,14.445740352317053,0.30294208386856475,43,4.47213595499958,4,3,14.492995623327548,14.130553756861278
p3u_t14_d1,P3-U,14,1,1,20,506,2721,1028,0.37780227857405363,1693,124,0,0,14.445154516972242,0.303427152654139,42.9375,4.552929459882579,4,3,14.49299542540703,14.130540682591786
p3u_t14_d1,P3-U,14,1,1,20,507,2762,1027,0.3718320057929037,1735,148,0,0,14.446824840227434,0.3020221275462554,43.0625,4.434241761564203,4,3,14.492956587564752,14.130571537279023
p3u_t14_d1,P3-U,14,1,1,20,508,2805,1027,0.3661319073083779,1778,142,0,0,14.442908787828523,0.3055529106458324,42.875,4.978286184354344,4,3,14.493018846478758,14.13055019326394
p3u_t14_d1,P3-U,14,1,1,20,509,2656,1027,0.38667168674698793,1629,155,0,0,14.442556821890197,0.30320240442577245,42.875,4.716990566028302,4,3,14.493048381694075,14.130539095181847
p3u_t14_d1,P3-U,14,1,1,20,510,2733,1028,0.376143432125869,1705,138,0,0,14.445167831517834,0.3036431882596999,43.0625,4.625563028792639,4,3,14.492979710907195,14.130553855236926
p3u_t14_d1,P3-U,14,1,1,20,511,2668,1027,0.3849325337331334,1641,138,0,0,14.44383824566694,0.3032297015235854,42.875,4.6169975814014315,4,3,14.492972577252493,14.130541769061134
p3u_t14_d1,P3-U,14,1,1,20,512,2595,1029,0.3965317919075145,1566,150,0,0,14.445366849056441,0.3056275784677239,43.0625,4.582121051798319,4,3,14.496003996742768,14.135569428354339
p3u_t14_d1,P3-U,14,1,1,20,513,2669,1029,0.38553765455226674,1640,136,0,0,14.444585262448971,0.3035941254976793,43.0625,4.5235494912734175,4,3,14.49596050475193,14.135567297709725
p3u_t14_d1,P3-U,14,1,1,20,514,2721,1028,0.37780227857405363,1693,150,0,0,14.44312216699679,0.30460948768148866,43,5.019960159204453,4,3,14.490038634615425,14.130545611169556
p3u_t14_d1,P3-U,14,1,1,20,515,2654,1029,0.3877166541070083,1625,138,0,0,14.444633028518053,0.3061852312066661,43.0625,4.850687236533259,4,3,14.49905631394741,14.14057066059748
p3u_t14_d1,P3-U,14,1,1,20,516,2650,1027,0.38754716981132076,1623,148,0,0,14.443646458444606,0.30295436086969246,42.875,4.6169975814014315,4,3,14.492966691170711,14.130554077666439
p3u_t14_d1,P3-U,14,1,1,20,517,2628,1028,0.3911719939117199,1600,125,0,0,14.445336324694775,0.3046656938976269,43,4.844240566555986,4,3,14.495996239185242,14.135574677737266
p3u_t14_d1,P3-U,14,1,1,20,518,2684,1028,0.3830104321907601,1656,151,0,0,14.44423637001988,0.3054467299573907,42.9375,4.850687236533259,4,3,14.496026496182388,14.135575443401452
p3u_t14_d1,P3-U,14,1,1,20,519,2586,1028,0.39752513534416084,1558,126,0,0,14.447417744552013,0.29989048173416044,43.125,4.096746676734276,4,3,14.496011350859348,14.13558698634257
p3u_t14_d1,P3-U,14,1,1,20,520,2641,1029,0.3896251419916698,1612,146,0,0,14.444431910301677,0.30621451709915143,43,4.774934554525329,4,3,14.496034967249248,14.135561158608748
p3u_t14_d1,P3-U,14,1,1,20,521,2703,1027,0.3799482056973733,1676,143,0,0,14.44570533286043,0.3031226986157811,42.9375,4.668600789672783,4,3,14.492984708100515,14.130576786661953
p3u_t14_d1,P3-U,14,1,1,20,522,2712,1028,0.37905604719764013,1684,142,0,0,14.443856376223447,0.30321215779798,43,4.718756898449704,4,3,14.490006589080108,14.13052074585121
p3u_t14_d1,P3-U,14,1,1,20,523,2661,1027,0.38594513340849307,1634,127,0,0,14.443294727548919,0.30526879781633887,42.9375,4.999583315970775,4,3,14.493009869792592,14.130563836446322
p3u_t14_d1,P3-U,14,1,1,20,524,2669,1029,0.38553765455226674,1640,134,0,0,14.444977737513579,0.30511732001389663,43,4.531372124791048,4,3,14.495995443876406,14.13559022913475
p3u_t14_d1,P3-U,14,1,1,20,525,2621,1027,0.39183517741320106,1594,134,0,0,14.444426093169193,0.3041601864193858,42.9375,4.682858813445764,4,3,14.49603809863698,14.135564178971412
p3u_t14_d1,P3-U,14,1,1,20,526,2671,1029,0.3852489704230625,1642,141,0,0,14.445939845567452,0.3036875183092808,43.0625,4.538263250774831,4,3,14.49904824325368,14.140590819767567
p3u_t14_d1,P3-U,14,1,1,20,527,2693,1027,0.3813590790939473,1666,141,0,0,14.44404008404362,0.3019506965776839,42.9375,4.697073557013984,4,3,14.496034543196686,14.135585300556986
p3u_t14_d1,P3-U,14,1,1,20,528,2647,1027,0.38798639969777104,1620,153,0,0,14.44388721522752,0.3038651837544209,42.9375,4.682858813445764,4,3,14.496066016720135,14.135551870366106
p3u_t14_d1,P3-U,14,1,1,20,529,2705,1028,0.3800369685767098,1677,148,0,0,14.445704441650232,0.3031470886584466,43,4.575295983139597,4,3,14.492976270682599,14.130565744661423
p3u_t14_d1,P3-U,14,1,1,20,530,2691,1029,0.38238573021181715,1662,132,0,0,14.447062064890856,0.303395296127522,43.0625,4.493977451360135,4,3,14.499048264330769,14.14058309325665
p3d_025_t14_d1,P3-D0.25,14,1,0.25,20,501,2681,1069,0.39873181648638567,1612,40,0,0,14.894699034009042,0.3647497844171541,45.125,0.6191391873668903,0,0,14.56949451669907,14.155632905668984
p3d_025_t14_d1,P3-D0.25,14,1,0.25,20,502,2595,1070,0.4123314065510597,1525,42,0,0,14.894504314617109,0.365248248318419,45.25,0.7745966692414834,0,0,14.5687385780473,14.155638625589152
p3d_025_t14_d1,P3-D0.25,14,1,0.25,20,503,2680,1070,0.39925373134328357,1610,37,0,0,14.893418885641255,0.36533415610528447,45.1875,0.75,0,0,14.568729882550466,14.160667148922192
p3d_025_t14_d1,P3-D0.25,14,1,0.25,20,504,2672,1069,0.4000748502994012,1603,36,0,0,14.894503484172677,0.364830267333585,45.125,0.6191391873668903,0,0,14.569486704142452,14.155656850865922
p3d_025_t14_d1,P3-D0.25,14,1,0.25,20,505,2723,1071,0.39331619537275064,1652,38,0,0,14.894181805273819,0.3653952423939128,45.3125,0.9464847243000456,0,0,14.567991787296194,14.160667692156865
p3d_025_t14_d1,P3-D0.25,14,1,0.25,20,506,2721,1069,0.39287026828371924,1652,33,0,0,14.895867511591637,0.3647163575852334,45.1875,0.6551081335677849,0,0,14.570243879404327,14.160667148922192
p3d_025_t14_d1,P3-D0.25,14,1,0.25,20,507,2762,1070,0.387400434467777,1692,33,0,0,14.895339599777456,0.365125157095393,45.3125,0.704154339142587,0,0,14.56947790535118,14.160654617887374
p3d_025_t14_d1,P3-D0.25,14,1,0.25,20,508,2805,1067,0.3803921568627451,1738,34,0,0,14.895677681496231,0.36450450552692804,45.0625,0.8539125638299665,0,0,14.572488239308017,14.160680223191683
p3d_025_t14_d1,P3-D0.25,14,1,0.25,20,509,2656,1071,0.40323795180722893,1585,31,0,0,14.893142745600658,0.36503098560108665,45.1875,0.8341662504161466,0,0,14.56873703345389,14.155656183577388
p3d_025_t14_d1,P3-D0.25,14,1,0.25,20,510,2733,1068,0.3907793633369923,1665,36,0,0,14.895051858797993,0.3643938874168773,45.0625,0.5737304826019501,0,0,14.570969076283992,14.155653706449392
p3d_025_t14_d1,P3-D0.25,14,1,0.25,20,511,2668,1069,0.4006746626686657,1599,38,0,0,14.893985137853972,0.3650560315237039,45.125,0.7187952884282609,0,0,14.56948665559742,14.155653954557122
p3d_025_t14_d1,P3-D0.25,14,1,0.25,20,512,2595,1071,0.41271676300578036,1524,41,0,0,14.89309315341894,0.36513415688517814,45.1875,0.8341662504161466,0,0,14.567981735128537,14.15563914314561
p3d_025_t14_d1,P3-D0.25,14,1,0.25,20,513,2669,1067,0.39977519670288497,1602,31,0,0,14.895338484075,0.36467874929143607,45.0625,0.8539125638299665,0,0,14.570225284456198,14.155662297000145
p3d_025_t14_d1,P3-D0.25,14,1,0.25,20,514,2721,1074,0.3947078280044101,1647,33,0,0,14.892194890875448,0.36535701549616517,45.3125,0.873212459828649,0,0,14.56572320503391,14.160669848479696
p3d_025_t14_d1,P3-D0.25,14,1,0.25,20,515,2654,1072,0.40391861341371516,1582,31,0,0,14.893046784762447,0.36517712777172806,45.25,0.6831300510639732,0,0,14.567975198408115,14.155645907241045
p3d_025_t14_d1,P3-D0.25,14,1,0.25,20,516,2650,1074,0.4052830188679245,1576,32,0,0,14.891506832831032,0.36565547770044365,45.3125,0.704154339142587,0,0,14.56574395253072,14.155671833350516
p3d_025_t14_d1,P3-D0.25,14,1,0.25,20,517,2628,1069,0.4067732115677321,1559,35,0,0,14.894451554375815,0.36494594827785515,45.125,0.7187952884282609,0,0,14.569483475519876,14.155659426369562
p3d_025_t14_d1,P3-D0.25,14,1,0.25,20,518,2684,1069,0.39828614008941876,1615,31,0,0,14.895813228988189,0.3654715810745964,45.3125,0.7932002689527196,0,0,14.569482259585966,14.160692335045693
p3d_025_t14_d1,P3-D0.25,14,1,0.25,20,519,2586,1066,0.41221964423820573,1520,32,0,0,14.896486386807455,0.36505461617642704,45.125,0.6191391873668903,0,0,14.571752794576438,14.150648533722185
p3d_025_t14_d1,P3-D0.25,14,1,0.25,20,520,2641,1071,0.405528209011738,1570,36,0,0,14.893136858236971,0.365207454523589,45.1875,0.9105858919765157,0,0,14.567979643673365,14.150634817842372
p3d_025_t14_d1,P3-D0.25,14,1,0.25,20,521,2703,1070,0.3958564557898631,1633,37,0,0,14.893795176406606,0.3652495036428126,45.1875,0.6551081335677849,0,0,14.568732611781478,14.160666828117032
p3d_025_t14_d1,P3-D0.25,14,1,0.25,20,522,2712,1069,0.3941740412979351,1643,40,0,0,14.894539346396435,0.364792364254273,45.125,0.6191391873668903,0,0,14.56947200830659,14.1556416202736
p3d_025_t14_d1,P3-D0.25,14,1,0.25,20,523,2661,1068,0.40135287485907556,1593,36,0,0,14.894780962069877,0.36464044461754225,45.0625,0.8539125638299665,0,0,14.57023080151936,14.160662318720075
p3d_025_t14_d1,P3-D0.25,14,1,0.25,20,524,2669,1071,0.4012738853503185,1598,36,0,0,14.894081882020277,0.36517086386835323,45.25,0.6831300510639732,0,0,14.568740228003275,14.160672843164145
p3d_025_t14_d1,P3-D0.25,14,1,0.25,20,525,2621,1071,0.40862266310568485,1550,29,0,0,14.893479679443034,0.36542257801566047,45.25,0.6831300510639732,0,0,14.56799529124642,14.155659079886188
p3d_025_t14_d1,P3-D0.25,14,1,0.25,20,526,2671,1070,0.4005990265818046,1601,42,0,0,14.894079227371712,0.3651496137363857,45.1875,0.6551081335677849,0,0,14.568735760702461,14.155656183577385
p3d_025_t14_d1,P3-D0.25,14,1,0.25,20,527,2693,1070,0.3973264017823988,1623,31,0,0,14.894452820707334,0.3649500430318207,45.1875,0.9105858919765157,0,0,14.568730891244929,14.160677549312396
p3d_025_t14_d1,P3-D0.25,14,1,0.25,20,528,2647,1072,0.40498677748394407,1575,33,0,0,14.893716742163786,0.36533507891343536,45.3125,0.704154339142587,0,0,14.567994281843191,14.155679979042242
p3d_025_t14_d1,P3-D0.25,14,1,0.25,20,529,2705,1071,0.39593345656192236,1634,41,0,0,14.894265364307051,0.36545369418691315,45.3125,0.6020797289396148,0,0,14.568735293600485,14.155659079886185
p3d_025_t14_d1,P3-D0.25,14,1,0.25,20,530,2691,1069,0.3972500929022668,1622,22,0,0,14.894646788885847,0.36469109080429296,45.125,0.806225774829855,0,0,14.570989831484255,14.160661801163617
p3d_05_t14_d1,P3-D0.5,14,1,0.5,20,501,2681,752,0.2804923535994032,1929,911,0,0,14.087472130763482,0.11558830169579859,25.875,13.999404749250353,0,11,14.00046258750579,14.000021177667138
p3d_05_t14_d1,P3-D0.5,14,1,0.5,20,502,2595,752,0.28978805394990365,1843,899,0,0,14.086791993348758,0.11483259996342901,25.8125,13.924648409684654,0,11,14.000429999867155,14.000011765370633
p3d_05_t14_d1,P3-D0.5,14,1,0.5,20,503,2680,751,0.2802238805970149,1929,935,0,0,14.086257744322486,0.11408369026353317,25.6875,14.103043406773352,0,11,14.00198217591332,14.000009412296507
p3d_05_t14_d1,P3-D0.5,14,1,0.5,20,504,2672,752,0.281437125748503,1920,921,0,0,14.086160953526623,0.11448389174461629,25.75,13.93078126548065,0,11,14.000476554250834,14.00000705922238
p3d_05_t14_d1,P3-D0.5,14,1,0.5,20,505,2723,752,0.27616599338964376,1971,953,0,0,14.087379794369918,0.11586188653590766,25.875,14.013683788830592,0,11,14.000464115983505,14.000011765370633
p3d_05_t14_d1,P3-D0.5,14,1,0.5,20,506,2721,752,0.27636898199191473,1969,924,0,0,14.08653284235723,0.11501536074948211,25.8125,14.02482917305353,0,11,14.000469296259435,14.000009412296507
p3d_05_t14_d1,P3-D0.5,14,1,0.5,20,507,2762,752,0.2722664735698769,2010,955,0,0,14.087269547344608,0.11564407058749214,25.875,14.013683788830592,0,11,14.00044971023165,14.000011765370633
p3d_05_t14_d1,P3-D0.5,14,1,0.5,20,508,2805,752,0.26809269162210336,2053,914,0,0,14.087938325994987,0.1164047817138607,25.9375,14.092403390952635,0,11,14.000460795679887,14.000011765370633
p3d_05_t14_d1,P3-D0.5,14,1,0.5,20,509,2656,751,0.28275602409638556,1905,894,0,0,14.08570510100592,0.11349767816152623,25.625,14.07539223846592,0,11,14.001994443506778,14.000004706148253
p3d_05_t14_d1,P3-D0.5,14,1,0.5,20,510,2733,752,0.2751555067691182,1981,919,0,0,14.085687678366765,0.11403244905602017,25.6875,13.855053229778658,0,11,14.000469518255226,14.00000705922238
p3d_05_t14_d1,P3-D0.5,14,1,0.5,20,511,2668,752,0.2818590704647676,1916,892,0,0,14.08690092145162,0.11500011688668556,25.8125,13.924648409684654,0,11,14.0004534491504,14.000016471518888
p3d_05_t14_d1,P3-D0.5,14,1,0.5,20,512,2595,751,0.28940269749518305,1844,937,0,0,14.085508750139509,0.11331471908544538,25.625,14.070655042795034,0,11,14.001985882600671,14.00000705922238
p3d_05_t14_d1,P3-D0.5,14,1,0.5,20,513,2669,752,0.2817534657174972,1917,924,0,0,14.086892983405917,0.11558252998031548,25.875,14.113232561441526,0,11,14.000453194923208,14.000011765370633
p3d_05_t14_d1,P3-D0.5,14,1,0.5,20,514,2721,751,0.27600147004777653,1970,966,17,0.017598343685300208,14.085312652068039,0.11313498999345924,25.5625,13.995088424157956,0,11,14.001978767071613,14.000018824593012
p3d_05_t14_d1,P3-D0.5,14,1,0.5,20,515,2654,751,0.2829691032403919,1903,891,0,0,14.085888243311935,0.11392371588138828,25.6875,14.164362557724463,0,11,14.001989092556984,14.000016471518885
p3d_05_t14_d1,P3-D0.5,14,1,0.5,20,516,2650,751,0.2833962264150943,1899,902,0,0,14.085220830096073,0.11317372217717561,25.625,14.08959426905781,0,11,14.00197582674942,14.000002353074125
p3d_05_t14_d1,P3-D0.5,14,1,0.5,20,517,2628,752,0.2861491628614916,1876,887,0,0,14.086807936981796,0.11552811816981733,25.875,14.113232561441526,0,11,14.000464658935345,14.000009412296507
p3d_05_t14_d1,P3-D0.5,14,1,0.5,20,518,2684,752,0.28017883755588674,1932,892,0,0,14.086996430556422,0.1151290981216556,25.8125,13.919859913088205,0,11,14.00045529858416,14.000009412296507
p3d_05_t14_d1,P3-D0.5,14,1,0.5,20,519,2586,752,0.2907965970610982,1834,923,0,0,14.087852505351208,0.11627803171049741,25.9375,14.097133278318207,0,11,14.00046665094782,14.000011765370633
p3d_05_t14_d1,P3-D0.5,14,1,0.5,20,520,2641,751,0.284361984096933,1890,942,13,0.013800424628450107,14.085222298731445,0.11300564219454948,25.5625,13.999851189685316,0,11,14.0019719171568,14.000009412296507
p3d_05_t14_d1,P3-D0.5,14,1,0.5,20,521,2703,752,0.2782093969663337,1951,963,0,0,14.086903002305013,0.11546021835509143,25.875,14.117955470487455,0,11,14.000462244740516,14.000014118444758
p3d_05_t14_d1,P3-D0.5,14,1,0.5,20,522,2712,752,0.27728613569321536,1960,920,0,0,14.086058565019062,0.11471919480422824,25.75,13.988090172238191,0,11,14.00046378233924,14.000011765370633
p3d_05_t14_d1,P3-D0.5,14,1,0.5,20,523,2661,751,0.28222472754603534,1910,904,0,0,14.086450896476409,0.11446915596028512,25.75,14.196243634614522,0,11,14.001990555723387,14.000014118444758
p3d_05_t14_d1,P3-D0.5,14,1,0.5,20,524,2669,752,0.2817534657174972,1917,890,0,0,14.086446684585582,0.11479867234066675,25.8125,14.02482917305353,0,11,14.000480359898447,14.000014118444758
p3d_05_t14_d1,P3-D0.5,14,1,0.5,20,525,2621,752,0.2869133918351774,1869,881,0,0,14.087096171948543,0.11534355115684057,25.8125,13.919859913088205,0,11,14.000462557993105,14.000011765370633
p3d_05_t14_d1,P3-D0.5,14,1,0.5,20,526,2671,751,0.2811681018345189,1920,937,0,0,14.08597119846456,0.11397462546603611,25.6875,14.164362557724463,0,11,14.001978937745479,14.00000705922238
p3d_05_t14_d1,P3-D0.5,14,1,0.5,20,527,2693,752,0.279242480505013,1941,916,0,0,14.08709883524016,0.11546260700053386,25.875,14.018440236583622,0,11,14.000469383379976,14.000016471518888
p3d_05_t14_d1,P3-D0.5,14,1,0.5,20,528,2647,751,0.2837174159425765,1896,903,0,0,14.086172368498689,0.11403677338304788,25.6875,14.107769726879818,0,11,14.001984003537844,14.00000705922238
p3d_05_t14_d1,P3-D0.5,14,1,0.5,20,529,2705,752,0.27800369685767096,1953,941,0,0,14.086615829554033,0.11510665756270168,25.8125,14.02482917305353,0,11,14.000456510242069,14.000014118444758
p3d_05_t14_d1,P3-D0.5,14,1,0.5,20,530,2691,752,0.2794500185804534,1939,947,0,0,14.086253145183269,0.11453834473716239,25.75,13.925994877685879,0,11,14.000468925399003,14.000016471518885
p3d_075_t14_d1,P3-D0.75,14,1,0.75,20,501,2681,1035,0.38604998135024243,1646,136,0,0,14.352625962751308,0.24255217812781285,42.0625,5.638779418751308,4,4,14.526563572614812,14.150663961065804
p3d_075_t14_d1,P3-D0.75,14,1,0.75,20,502,2595,1009,0.38882466281310213,1586,217,0,0,14.317673934899029,0.2534861834036922,40.4375,8.936582120699166,4,5,14.592058450693212,14.160683243554349
p3d_075_t14_d1,P3-D0.75,14,1,0.75,20,503,2680,1037,0.3869402985074627,1643,151,0,0,14.352195033713205,0.24214146925761587,42.125,5.65538091849995,4,4,14.524316271738357,14.150651776514362
p3d_075_t14_d1,P3-D0.75,14,1,0.75,20,504,2672,1010,0.37799401197604793,1662,212,0,0,14.317524546145863,0.25290423927886757,40.5625,9.010873061659083,4,5,14.589817682144817,14.155656825187705
p3d_075_t14_d1,P3-D0.75,14,1,0.75,20,505,2723,1036,0.38046272493573263,1687,166,0,0,14.35360257640967,0.2429444526390562,42.1875,5.647639624952475,4,4,14.528807950900255,14.155658759081026
p3d_075_t14_d1,P3-D0.75,14,1,0.75,20,506,2721,1033,0.37963983829474457,1688,131,0,0,14.355836529025703,0.24539932946032075,42.0625,5.73258231515257,4,4,14.535567088640601,14.160659448089492
p3d_075_t14_d1,P3-D0.75,14,1,0.75,20,507,2762,1037,0.3754525706010138,1725,158,0,0,14.354116201050518,0.24299682083912405,42.375,5.748912940721924,4,4,14.524244719370158,14.150650467615506
p3d_075_t14_d1,P3-D0.75,14,1,0.75,20,508,2805,1038,0.3700534759358289,1767,133,0,0,14.354554490892424,0.24330980862760127,42.375,5.725673177307043,4,4,14.524255157637041,14.150650664366802
p3d_075_t14_d1,P3-D0.75,14,1,0.75,20,509,2656,1033,0.38893072289156627,1623,153,0,0,14.35414206471355,0.2442540560330994,41.9375,5.709276077869534,4,4,14.53557980271802,14.160678537406096
p3d_075_t14_d1,P3-D0.75,14,1,0.75,20,510,2733,1031,0.37724112696670326,1702,159,0,0,14.354992603845602,0.24527856209993654,41.75,5.579725202313581,4,4,14.54007161468704,14.155651575804779
p3d_075_t14_d1,P3-D0.75,14,1,0.75,20,511,2668,1009,0.37818590704647675,1659,191,0,0,14.317493577816068,0.2530658491773838,40.5,8.97403662424738,4,5,14.589763782166745,14.155657171671082
p3d_075_t14_d1,P3-D0.75,14,1,0.75,20,512,2595,1035,0.3988439306358382,1560,138,0,0,14.352725124671517,0.24280123508677715,42,5.573747990954262,4,4,14.52876405415034,14.150645316608225
p3d_075_t14_d1,P3-D0.75,14,1,0.75,20,513,2669,1010,0.3784188834769577,1659,205,0,0,14.317341567828965,0.2530441331518778,40.5625,9.010873061659083,4,5,14.58976627719619,14.155675371269638
p3d_075_t14_d1,P3-D0.75,14,1,0.75,20,514,2721,1009,0.3708195516354281,1712,228,0,0,14.31623532874666,0.2520240277293135,40.375,8.943340166477698,4,5,14.589784828299528,14.15063781252682
p3d_075_t14_d1,P3-D0.75,14,1,0.75,20,515,2654,1037,0.3907309721175584,1617,136,0,0,14.35216570449137,0.24211059447384167,42.125,5.643580423808985,4,4,14.52651529792091,14.155628101145084
p3d_075_t14_d1,P3-D0.75,14,1,0.75,20,516,2650,1036,0.3909433962264151,1614,157,0,0,14.351610297897775,0.24165498908867775,42.0625,5.638779418751308,4,4,14.524284384160282,14.150643284339258
p3d_075_t14_d1,P3-D0.75,14,1,0.75,20,517,2628,1010,0.3843226788432268,1618,227,0,0,14.316801590742397,0.2525827402268507,40.4375,8.944038983218562,4,5,14.589787202077044,14.160672398305119
p3d_075_t14_d1,P3-D0.75,14,1,0.75,20,518,2684,1009,0.3759314456035768,1675,198,0,0,14.316690603189471,0.2522431025635584,40.4375,8.944038983218562,4,5,14.5875677418766,14.15066344350935
p3d_075_t14_d1,P3-D0.75,14,1,0.75,20,519,2586,1037,0.40100541376643467,1549,135,0,0,14.355420837374773,0.2434328276253226,42.5,5.773502691896258,4,4,14.524284530474358,14.150632118284872
p3d_075_t14_d1,P3-D0.75,14,1,0.75,20,520,2641,1036,0.39227565316168117,1605,137,0,0,14.352021915921897,0.24199878852935883,42.0625,5.626944108483752,4,4,14.524272251610206,14.150624614203464
p3d_075_t14_d1,P3-D0.75,14,1,0.75,20,521,2703,1037,0.3836477987421384,1666,144,0,0,14.351741310155035,0.24185099535337065,42.0625,5.626944108483752,4,4,14.524271830078439,14.150627634566128
p3d_075_t14_d1,P3-D0.75,14,1,0.75,20,522,2712,1009,0.3720501474926254,1703,221,0,0,14.316921234011005,0.25270106531447184,40.4375,8.936582120699166,4,5,14.58976048018669,14.155651477429132
p3d_075_t14_d1,P3-D0.75,14,1,0.75,20,523,2661,1032,0.3878241262683202,1629,167,0,0,14.354574096106951,0.24440329505260983,41.8125,5.6002232098372655,4,4,14.537828347031143,14.160687851326953
p3d_075_t14_d1,P3-D0.75,14,1,0.75,20,524,2669,1010,0.3784188834769577,1659,211,0,0,14.317123266242929,0.25280880816424245,40.4375,8.944038983218562,4,5,14.589842374806539,14.155646869656527
p3d_075_t14_d1,P3-D0.75,14,1,0.75,20,525,2621,1038,0.39603204883632204,1583,123,0,0,14.353160733453542,0.24238623554513472,42.3125,5.712194557844355,4,4,14.524276566078273,14.155653928878905
p3d_075_t14_d1,P3-D0.75,14,1,0.75,20,526,2671,1010,0.3781355297641333,1661,199,0,0,14.316663356248624,0.2522914881570295,40.5,8.981462390204987,4,5,14.58752978011958,14.15061958725005
p3d_075_t14_d1,P3-D0.75,14,1,0.75,20,527,2693,1034,0.38395841069439285,1659,151,0,0,14.35540735652843,0.24485813457432348,42.0625,5.7209410647783,4,4,14.535564733895423,14.1556416202736
p3d_075_t14_d1,P3-D0.75,14,1,0.75,20,528,2647,1037,0.3917642614280317,1610,133,0,0,14.352185825205602,0.24228289915231588,42.125,5.678908345800274,4,4,14.524278947332927,14.15064286515845
p3d_075_t14_d1,P3-D0.75,14,1,0.75,20,529,2705,1009,0.37301293900184845,1696,216,0,0,14.316952056546194,0.25269041354108696,40.4375,8.944038983218562,4,5,14.58754961765585,14.155670121886711
p3d_075_t14_d1,P3-D0.75,14,1,0.75,20,530,2691,1032,0.3835005574136009,1659,149,0,0,14.355406989188285,0.24514767972919838,41.8125,5.588306243099662,4,4,14.540054122467055,14.155651477429132
p3u_t14_d3,P3-U,14,3,1,20,501,2681,1043,0.38903394255874674,1638,145,0,0,13.565691726055567,7.904320284471002,42.5625,5.291108894488312,3,0,11.380097147860308,11.165727639090033
p3u_t14_d3,P3-U,14,3,1,20,502,2595,1045,0.4026974951830443,1550,107,0,0,13.564728666865946,7.903821091067224,42.75,5.335416259924493,3,0,11.380095217591933,11.17070678733212
p3u_t14_d3,P3-U,14,3,1,20,503,2680,1042,0.3888059701492537,1638,129,0,0,13.564538608619882,7.902893481390668,42.5,5.0990195135927845,3,0,11.383096000556275,11.165722834566132
p3u_t14_d3,P3-U,14,3,1,20,504,2672,1045,0.3910928143712575,1627,109,0,0,13.563757682874018,7.903333752325544,42.6875,5.35062301668382,3,0,11.380100756888577,11.17072768648818
p3u_t14_d3,P3-U,14,3,1,20,505,2723,1044,0.3834006610356225,1679,127,0,0,13.56551383919509,7.904888371042055,42.6875,5.237286192931093,3,0,11.37709893163902,11.16571961745217
p3u_t14_d3,P3-U,14,3,1,20,506,2721,1044,0.3836824696802646,1677,101,0,0,13.564919480216577,7.903633998994324,42.6875,5.313112709765027,3,0,11.380098559704784,11.165706962363489
p3u_t14_d3,P3-U,14,3,1,20,507,2762,1043,0.3776249094858798,1719,123,0,0,13.56468751172842,7.902904027579192,42.6875,5.38787218358664,3,0,11.380095854066612,11.16571961745217
p3u_t14_d3,P3-U,14,3,1,20,508,2805,1046,0.37290552584670233,1759,90,0,0,13.566959105616798,7.903770275084926,43,5.033222956847166,3,0,11.383087011065522,11.170735930555553
p3u_t14_d3,P3-U,14,3,1,20,509,2656,1043,0.3926957831325301,1613,109,0,0,13.564536547649052,7.904578563266302,42.5625,4.9661353183335635,3,0,11.383091246598946,11.165707407222513
p3u_t14_d3,P3-U,14,3,1,20,510,2733,1045,0.3823637028905964,1688,104,0,0,13.564714504606757,7.9043947903030745,42.6875,5.016223679223247,3,0,11.383090101669884,11.165721846472437
p3u_t14_d3,P3-U,14,3,1,20,511,2668,1046,0.39205397301349326,1622,107,0,0,13.563384551732634,7.902427130454357,42.8125,5.218157401484423,3,0,11.380096002931246,11.175731271805446
p3u_t14_d3,P3-U,14,3,1,20,512,2595,1043,0.40192678227360307,1552,116,0,0,13.563229321374582,7.903382388225217,42.5,5.378971401051816,3,0,11.380090907626183,11.165716498713861
p3u_t14_d3,P3-U,14,3,1,20,513,2669,1043,0.390783064818284,1626,125,0,0,13.564884553878585,7.903703934455006,42.625,5.289927535735564,3,0,11.38008478544284,11.165752504408376
p3u_t14_d3,P3-U,14,3,1,20,514,2721,1045,0.3840499816244028,1676,117,0,0,13.56433603685934,7.9047200366990635,42.625,5.097384950475424,3,0,11.383099032135252,11.175715844461827
p3u_t14_d3,P3-U,14,3,1,20,515,2654,1043,0.392991710625471,1611,118,0,0,13.564354933398786,7.904618604963404,42.5,5.291502622129181,3,0,11.38010332906904,11.17070688570777
p3u_t14_d3,P3-U,14,3,1,20,516,2650,1044,0.3939622641509434,1606,116,0,0,13.562310036701236,7.904694734926506,42.4375,5.328774092916055,3,0,11.38010292869592,11.170738506059193
p3u_t14_d3,P3-U,14,3,1,20,517,2628,1044,0.3972602739726027,1584,105,0,0,13.564693261606307,7.904289569057089,42.625,5.251983752196243,3,0,11.380092511953757,11.165719395022661
p3u_t14_d3,P3-U,14,3,1,20,518,2684,967,0.3602831594634873,1717,311,0,0,13.565280618585097,7.9037913251667264,37.9375,13.892294027025677,3,0,11.380083507056074,11.17072511098454
p3u_t14_d3,P3-U,14,3,1,20,519,2586,1044,0.4037122969837587,1542,102,0,0,13.567747106697876,7.903431922267334,42.8125,5.256345371707101,3,0,11.380079972460123,11.170733034246753
p3u_t14_d3,P3-U,14,3,1,20,520,2641,981,0.3714502082544491,1660,291,0,0,13.563968388410453,7.904843684791288,38.625,11.672617529928752,3,0,11.377092157574067,11.165717041948533
p3u_t14_d3,P3-U,14,3,1,20,521,2703,1045,0.3866074731779504,1658,113,0,0,13.564901511120162,7.904227832322584,42.6875,5.016223679223247,3,0,11.38308527328024,11.170720503211935
p3u_t14_d3,P3-U,14,3,1,20,522,2712,1045,0.3853244837758112,1667,117,0,0,13.563767000139931,7.903284137367813,42.625,5.162363799656123,3,0,11.380096061956635,11.175738108598313
p3u_t14_d3,P3-U,14,3,1,20,523,2661,1044,0.3923337091319053,1617,100,0,0,13.564903948222305,7.9036303742765135,42.6875,5.055937104039171,3,0,11.380098634137099,11.165715009679566
p3u_t14_d3,P3-U,14,3,1,20,524,2669,1043,0.390783064818284,1626,118,0,0,13.56436674448128,7.904611864662991,42.5,5.291502622129181,3,0,11.380103462526748,11.170735412999097
p3u_t14_d3,P3-U,14,3,1,20,525,2621,1046,0.3990843189622282,1575,98,0,0,13.564908670294825,7.904156113457629,42.875,5.315072906367325,3,0,11.380094768162937,11.17573372325522
p3u_t14_d3,P3-U,14,3,1,20,526,2671,1041,0.3897416697865968,1630,111,0,0,13.5662314802668,7.905637113691261,42.4375,5.26584909265986,3,0,11.38010500782893,11.165714688874406
p3u_t14_d3,P3-U,14,3,1,20,527,2693,1046,0.3884144077237282,1647,96,0,0,13.564535614779937,7.903985514876968,42.8125,5.369279902060113,3,0,11.380089613832489,11.17573661956402
p3u_t14_d3,P3-U,14,3,1,20,528,2647,1042,0.3936531922931621,1605,134,0,0,13.565510815936833,7.904562794965323,42.5,5.266244708835067,3,0,11.380095453693489,11.165729572983354
p3u_t14_d3,P3-U,14,3,1,20,529,2705,1044,0.3859519408502773,1661,99,0,0,13.563759414790184,7.903339901495406,42.625,5.32760108616752,3,0,11.380109612921625,11.165719395022657
p3u_t14_d3,P3-U,14,3,1,20,530,2691,1044,0.3879598662207358,1647,132,0,0,13.564734086647663,7.904285037409904,42.625,4.9916597106239795,3,0,11.380083389005295,11.165730116218024
p3d_025_t14_d3,P3-D0.25,14,3,0.25,20,501,2681,938,0.34986945169712796,1743,404,0,0,14.398423826336753,0.6497585371052711,35.875,11.938034455749685,1,9,14.110324833188557,14.105430529364764
p3d_025_t14_d3,P3-D0.25,14,3,0.25,20,502,2595,972,0.3745664739884393,1623,325,0,0,14.4135950863669,0.6421714745602592,37.875,10.726136303441235,1,8,14.236226655261792,14.160656872585852
p3d_025_t14_d3,P3-D0.25,14,3,0.25,20,503,2680,970,0.3619402985074627,1710,369,0,0,14.413545809177302,0.6425043701471528,37.8125,10.746898777476847,1,8,14.236971703016547,14.160677450936749
p3d_025_t14_d3,P3-D0.25,14,3,0.25,20,504,2672,970,0.3630239520958084,1702,359,0,0,14.413829325786475,0.6422162623093101,37.8125,10.746898777476847,1,8,14.236978055607917,14.160672522358983
p3d_025_t14_d3,P3-D0.25,14,3,0.25,20,505,2723,938,0.3444730077120823,1785,439,6,0.01366742596810934,14.39889786467965,0.6496622004648732,35.8125,11.822119099383155,1,9,14.111083104549946,14.110454149798253
p3d_025_t14_d3,P3-D0.25,14,3,0.25,20,506,2721,972,0.3572216097023153,1749,339,0,0,14.413889041077615,0.6425213712434095,38,10.726913193769523,1,8,14.235487414003625,14.160631339978973
p3d_025_t14_d3,P3-D0.25,14,3,0.25,20,507,2762,939,0.3399710354815351,1823,451,0,0,14.398885420960644,0.6499469977513249,36,11.983321743156194,1,9,14.111066735165283,14.110456725301892
p3d_025_t14_d3,P3-D0.25,14,3,0.25,20,508,2805,938,0.3344028520499109,1867,448,0,0,14.399033513486833,0.6501779347576907,35.9375,12.074594541156788,1,9,14.111078445474812,14.110448998790975
p3d_025_t14_d3,P3-D0.25,14,3,0.25,20,509,2656,969,0.3648343373493976,1687,347,0,0,14.413457960251076,0.6419759302982168,37.75,10.711364681184808,1,8,14.236228725616508,14.160661801163617
p3d_025_t14_d3,P3-D0.25,14,3,0.25,20,510,2733,970,0.35492133186974023,1763,339,0,0,14.413215188732387,0.6421326799560031,37.8125,10.753100328122427,1,8,14.236222978145323,14.160661899539265
p3d_025_t14_d3,P3-D0.25,14,3,0.25,20,511,2668,971,0.3639430284857571,1697,346,0,0,14.41378165715562,0.6422392836362607,37.9375,10.6862450530265,1,8,14.236222819026658,14.160680347245549
p3d_025_t14_d3,P3-D0.25,14,3,0.25,20,512,2595,970,0.3737957610789981,1625,347,0,0,14.413261605943104,0.6423068594769995,37.8125,10.740693646129191,1,8,14.236217678093201,14.160675320292135
p3d_025_t14_d3,P3-D0.25,14,3,0.25,20,513,2669,969,0.3630573248407643,1700,313,0,0,14.413820226511424,0.6421470936477354,37.75,10.636415436289301,1,8,14.237712285538603,14.1606569709615
p3d_025_t14_d3,P3-D0.25,14,3,0.25,20,514,2721,971,0.3568540977581771,1750,352,0,0,14.412648797044918,0.6422937508700154,37.8125,10.919210899449954,1,8,14.23546817280923,14.160666160828493
p3d_025_t14_d3,P3-D0.25,14,3,0.25,20,515,2654,967,0.3643556895252449,1687,332,0,0,14.413071633795056,0.6421418952094906,37.5625,10.582808385931086,1,8,14.236211459610118,14.155669578652036
p3d_025_t14_d3,P3-D0.25,14,3,0.25,20,516,2650,972,0.3667924528301887,1678,349,0,0,14.412790988315537,0.6419337120087828,37.875,10.79428861327446,1,8,14.236220608219545,14.160668958761649
p3d_025_t14_d3,P3-D0.25,14,3,0.25,20,517,2628,971,0.369482496194825,1657,332,0,0,14.41331143788889,0.6424346495831955,37.875,10.788110739760384,1,8,14.236222766345385,14.160654297082212
p3d_025_t14_d3,P3-D0.25,14,3,0.25,20,518,2684,969,0.3610283159463487,1715,341,0,0,14.413782592245852,0.6429246771910855,37.8125,10.740693646129191,1,8,14.236223933734252,14.155659079886185
p3d_025_t14_d3,P3-D0.25,14,3,0.25,20,519,2586,938,0.36272235112142304,1648,435,0,0,14.400541311313084,0.6501038703429591,36.0625,11.918997441060217,1,9,14.111831647842688,14.110456725301892
p3d_025_t14_d3,P3-D0.25,14,3,0.25,20,520,2641,971,0.3676637637258614,1670,336,0,0,14.413211002260105,0.6419661159992555,37.75,10.698909601761605,1,8,14.236214786966624,14.160674653003596
p3d_025_t14_d3,P3-D0.25,14,3,0.25,20,521,2703,969,0.3584905660377358,1734,387,0,0,14.413076420854258,0.6424624486436001,37.6875,10.675322009194852,1,8,14.235473755241896,14.160684830964293
p3d_025_t14_d3,P3-D0.25,14,3,0.25,20,522,2712,969,0.3573008849557522,1743,374,0,0,14.412980969244686,0.6425548253651837,37.6875,10.861054276634475,1,8,14.235468350535987,14.160654741941238
p3d_025_t14_d3,P3-D0.25,14,3,0.25,20,523,2661,971,0.36490041337842916,1690,314,0,0,14.413258746494353,0.6424499152923392,37.875,10.781929326423912,1,8,14.235467346826278,14.160683021124836
p3d_025_t14_d3,P3-D0.25,14,3,0.25,20,524,2669,972,0.36418134132633945,1697,321,0,0,14.41317145401704,0.6424247413431161,37.875,10.781929326423912,1,8,14.235474210364416,14.160661801163617
p3d_025_t14_d3,P3-D0.25,14,3,0.25,20,525,2621,972,0.37085082029759636,1649,324,0,0,14.413222323211711,0.6424094721717133,37.875,10.800462953040485,1,8,14.234726932485705,14.16068483096429
p3d_025_t14_d3,P3-D0.25,14,3,0.25,20,526,2671,972,0.3639086484462748,1699,324,0,0,14.413308485001377,0.642422180837237,37.9375,10.834935778920581,1,8,14.23546590932084,14.160661232250726
p3d_025_t14_d3,P3-D0.25,14,3,0.25,20,527,2693,970,0.3601930932046045,1723,300,0,0,14.41387922187407,0.6421126218000874,37.8125,10.678444018988285,1,8,14.236978379056342,14.160654617887374
p3d_025_t14_d3,P3-D0.25,14,3,0.25,20,528,2647,971,0.3668303740083113,1676,331,0,0,14.413885723117065,0.6421129499120668,37.875,10.719919153924002,1,8,14.236987200307421,14.160634137912124
p3d_025_t14_d3,P3-D0.25,14,3,0.25,20,529,2705,969,0.35822550831792976,1736,330,0,0,14.413728898075458,0.6421686002140105,37.75,10.6426813663976,1,8,14.236216413754008,14.155679658237084
p3d_025_t14_d3,P3-D0.25,14,3,0.25,20,530,2691,968,0.35971757710888147,1723,366,0,0,14.41322577665897,0.6424104796186351,37.625,10.632497354808041,1,8,14.23623215057391,14.16067229992947
p3d_05_t14_d3,P3-D0.5,14,3,0.5,20,501,2681,1059,0.3950018649757553,1622,76,0,0,14.044375976588173,1.524673004146665,43.4375,2.68250504814685,2,0,14.303767862357791,14.135563832488035
p3d_05_t14_d3,P3-D0.5,14,3,0.5,20,502,2595,1060,0.40847784200385356,1535,72,0,0,14.045869593398963,1.5260842274045079,43.5,2.503331114069145,2,0,14.306764353482029,14.140580962612036
p3d_05_t14_d3,P3-D0.5,14,3,0.5,20,503,2680,1060,0.39552238805970147,1620,69,0,0,14.045484996801719,1.5259419710642346,43.5,2.581988897471611,2,0,14.30524418632405,14.14060580225216
p3d_05_t14_d3,P3-D0.5,14,3,0.5,20,504,2672,1059,0.3963323353293413,1613,70,0,0,14.04454020179668,1.5252987462143512,43.375,2.6044833140823407,2,0,14.306747437293788,14.140590918143216
p3d_05_t14_d3,P3-D0.5,14,3,0.5,20,505,2723,1060,0.3892765332354021,1663,87,0,0,14.044373824380134,1.5251426972131028,43.4375,2.5024987512484396,2,0,14.30676541984252,14.140578263054532
p3d_05_t14_d3,P3-D0.5,14,3,0.5,20,506,2721,1059,0.38919514884233736,1662,85,0,0,14.044467278278578,1.5245548887307527,43.5,2.7325202042558927,2,0,14.303757210931613,14.13554156835155
p3d_05_t14_d3,P3-D0.5,14,3,0.5,20,507,2762,1061,0.38414192614047793,1701,81,0,0,14.046609853190766,1.525222854929663,43.6875,2.600480724789169,2,0,14.305235848714904,14.140593493646856
p3d_05_t14_d3,P3-D0.5,14,3,0.5,20,508,2805,1061,0.37825311942959,1744,50,0,0,14.048865825849468,1.5254084205719858,43.75,2.3523038352503134,2,0,14.306738306641863,14.14058789778055
p3d_05_t14_d3,P3-D0.5,14,3,0.5,20,509,2656,1059,0.3987198795180723,1597,71,0,0,14.044450313056746,1.5254977539087982,43.4375,2.6323310328806797,2,0,14.306747914934313,14.140613849568238
p3d_05_t14_d3,P3-D0.5,14,3,0.5,20,510,2733,1059,0.38748627881448955,1674,69,0,0,14.044353118007114,1.525240835093539,43.4375,2.5811818998280613,2,0,14.30673397628443,14.140583290007946
p3d_05_t14_d3,P3-D0.5,14,3,0.5,20,511,2668,1061,0.3976761619190405,1607,70,0,0,14.04501400315372,1.5247574525162937,43.6875,2.7010800309012195,2,0,14.303740553955333,14.140596291580007
p3d_05_t14_d3,P3-D0.5,14,3,0.5,20,512,2595,1059,0.40809248554913297,1536,73,0,0,14.04463318502422,1.5252311701234234,43.4375,2.6575364531836625,2,0,14.306732867270357,14.140596389955656
p3d_05_t14_d3,P3-D0.5,14,3,0.5,20,513,2669,1060,0.39715249156987636,1609,81,0,0,14.044805960174088,1.5254644040971348,43.5625,2.6323310328806797,2,0,14.305213311094237,14.14060173771423
p3d_05_t14_d3,P3-D0.5,14,3,0.5,20,514,2721,1059,0.38919514884233736,1662,74,0,0,14.0439666808894,1.5259747022426926,43.375,2.5787593916455256,2,0,14.306725403991265,14.140575811604759
p3d_05_t14_d3,P3-D0.5,14,3,0.5,20,515,2654,1059,0.3990203466465712,1595,71,0,0,14.043979290277303,1.5260416434274051,43.375,2.5787593916455256,2,0,14.30674994274541,14.140582550021977
p3d_05_t14_d3,P3-D0.5,14,3,0.5,20,516,2650,1059,0.39962264150943394,1591,86,0,0,14.042766552340767,1.525216739415233,43.375,2.5787593916455256,2,0,14.306774030769382,14.14059015247903
p3d_05_t14_d3,P3-D0.5,14,3,0.5,20,517,2628,1060,0.4033485540334855,1568,70,0,0,14.045290251918436,1.5258495876196645,43.5,2.581988897471611,2,0,14.305245813762019,14.14060099772826
p3d_05_t14_d3,P3-D0.5,14,3,0.5,20,518,2684,1061,0.39530551415797316,1623,66,0,0,14.045763378939894,1.524490183340157,43.625,2.4460853078609777,2,0,14.303719661445623,14.140603004319008
p3d_05_t14_d3,P3-D0.5,14,3,0.5,20,519,2586,1061,0.4102861562258314,1525,58,0,0,14.048880159589457,1.5243241837887835,43.875,2.5787593916455256,2,0,14.302231525717197,14.135593125443549
p3d_05_t14_d3,P3-D0.5,14,3,0.5,20,520,2641,1059,0.4009844755774328,1582,76,0,0,14.043971771079873,1.525883694149867,43.375,2.6044833140823407,2,0,14.306741954303828,14.140587799404903
p3d_05_t14_d3,P3-D0.5,14,3,0.5,20,521,2703,1060,0.39215686274509803,1643,76,0,0,14.045108031539295,1.5263958376654823,43.5,2.581988897471611,2,0,14.305242343176216,14.140582648397626
p3d_05_t14_d3,P3-D0.5,14,3,0.5,20,522,2712,1060,0.39085545722713866,1652,69,0,0,14.04632102495018,1.5265089452229956,43.5,2.5298221281347035,2,0,14.306724577299539,14.140593493646856
p3d_05_t14_d3,P3-D0.5,14,3,0.5,20,523,2661,1059,0.3979706877113867,1602,64,0,0,14.044916058886738,1.5256230678810276,43.4375,2.5552234083669996,2,0,14.30674430675456,14.140588761820386
p3d_05_t14_d3,P3-D0.5,14,3,0.5,20,524,2669,1060,0.39715249156987636,1609,65,0,0,14.044084815290859,1.525429325564463,43.4375,2.5552234083669996,2,0,14.305263596124183,14.14060389403706
p3d_05_t14_d3,P3-D0.5,14,3,0.5,20,525,2621,1059,0.40404425791682563,1562,76,0,0,14.04437324870569,1.5253087368224438,43.4375,2.5811818998280613,2,0,14.306774315810435,14.140597754936087
p3d_05_t14_d3,P3-D0.5,14,3,0.5,20,526,2671,1061,0.39722950205915386,1610,67,0,0,14.04660973344807,1.5270188641370612,43.5625,2.5289984842489197,2,0,14.305235505949632,14.14060141690907
p3d_05_t14_d3,P3-D0.5,14,3,0.5,20,527,2693,1060,0.3936130709246194,1633,69,0,0,14.045393001721752,1.5263628075298725,43.4375,2.5024987512484396,2,0,14.306745595563498,14.140585223901267
p3d_05_t14_d3,P3-D0.5,14,3,0.5,20,528,2647,1060,0.4004533434076313,1587,83,0,0,14.044373275870555,1.5255821012921165,43.4375,2.5024987512484396,2,0,14.3067595995247,14.140575811604759
p3d_05_t14_d3,P3-D0.5,14,3,0.5,20,529,2705,1060,0.39186691312384475,1645,71,0,0,14.045755409990752,1.526021371995286,43.5,2.6076809620810595,2,0,14.30523310857927,14.140567986718192
p3d_05_t14_d3,P3-D0.5,14,3,0.5,20,530,2691,1059,0.3935340022296544,1632,76,0,0,14.045021676117097,1.525805810456331,43.375,2.526525941551627,2,0,14.306741879871508,14.140565633644066
p3d_075_t14_d3,P3-D0.75,14,3,0.75,20,501,2681,1014,0.3782170831779187,1667,157,0,0,13.714927316220024,4.361121524360457,41.75,6.202150164795002,2,0,8.407266637126563,8.180765168575277
p3d_075_t14_d3,P3-D0.75,14,3,0.75,20,502,2595,1015,0.3911368015414258,1580,173,0,0,13.715614317446288,4.362495860761871,41.875,6.216912416947821,2,0,8.405001194948767,8.180767744078917
p3d_075_t14_d3,P3-D0.75,14,3,0.75,20,503,2680,1017,0.3794776119402985,1663,178,0,0,13.716043385000802,4.361874733622077,41.9375,6.093370714692047,2,0,8.405003470759318,8.185767791477062
p3d_075_t14_d3,P3-D0.75,14,3,0.75,20,504,2672,1017,0.3806137724550898,1655,184,0,0,13.717876171346173,4.362024132741394,41.9375,5.915727625012272,2,0,8.407274205227576,8.185773237611285
p3d_075_t14_d3,P3-D0.75,14,3,0.75,20,505,2723,1015,0.37275064267352187,1708,194,0,0,13.71579416979709,4.360660582616061,41.875,6.270300364947972,2,0,8.407297606105542,8.185780964122204
p3d_075_t14_d3,P3-D0.75,14,3,0.75,20,506,2721,1015,0.37302462330025726,1706,174,0,0,13.715933280465727,4.360719789601011,41.875,6.510248331157063,2,0,8.409561696597265,8.190786136849411
p3d_075_t14_d3,P3-D0.75,14,3,0.75,20,507,2762,1016,0.36784938450398263,1746,194,0,0,13.717173853168601,4.360870990696131,42.0625,6.297817082132506,2,0,8.40501662735259,8.18075991919235
p3d_075_t14_d3,P3-D0.75,14,3,0.75,20,508,2805,1017,0.3625668449197861,1788,184,0,0,13.718868142090049,4.360159227737813,42.125,6.2809234989768825,2,0,8.407272006399923,8.190770906257088
p3d_075_t14_d3,P3-D0.75,14,3,0.75,20,509,2656,1015,0.3821536144578313,1641,184,0,0,13.716186578305832,4.362055598868595,41.875,6.064926490348695,2,0,8.407278442887316,8.18075189755449
p3d_075_t14_d3,P3-D0.75,14,3,0.75,20,510,2733,1015,0.37138675448225394,1718,160,0,0,13.716463022014498,4.362279518256456,41.875,5.998610950322861,2,0,8.405001015920863,8.18077534653597
p3d_075_t14_d3,P3-D0.75,14,3,0.75,20,511,2668,1015,0.3804347826086957,1653,141,0,0,13.716875355643108,4.362377254137369,41.875,5.998610950322861,2,0,8.404979122646473,8.180762717125504
p3d_075_t14_d3,P3-D0.75,14,3,0.75,20,512,2595,1015,0.3911368015414258,1580,166,0,0,13.718038211268752,4.362625094796354,42,6.0882400303098,2,0,8.407287510435799,8.180773412642651
p3d_075_t14_d3,P3-D0.75,14,3,0.75,20,513,2669,1015,0.3802922442862495,1654,214,0,0,13.713636259019719,4.359885084951284,41.875,6.551081335677848,2,0,8.40726670255425,8.180781139153568
p3d_075_t14_d3,P3-D0.75,14,3,0.75,20,514,2721,1016,0.37339213524439546,1705,211,0,0,13.714644142511856,4.362569360493806,41.9375,6.287222492219173,2,0,8.405043085755008,8.18575994091228
p3d_075_t14_d3,P3-D0.75,14,3,0.75,20,515,2654,1012,0.3813112283345893,1642,178,0,0,13.712964717759418,4.360619833136,41.625,6.427804187019597,2,0,8.407304203861298,8.180780719972761
p3d_075_t14_d3,P3-D0.75,14,3,0.75,20,516,2650,1010,0.38113207547169814,1640,205,0,0,13.713793827331788,4.361789091250276,41.4375,6.153251173160413,2,0,8.407274295891973,8.185784082860513
p3d_075_t14_d3,P3-D0.75,14,3,0.75,20,517,2628,1014,0.3858447488584475,1614,205,0,0,13.716197947980092,4.360617839639978,41.875,6.469157595854347,2,0,8.407300790232746,8.180754002520889
p3d_075_t14_d3,P3-D0.75,14,3,0.75,20,518,2684,1010,0.37630402384500744,1674,176,0,0,13.71845103730076,4.3624210192536585,41.625,5.998610950322861,2,0,8.405023743334306,8.180782431436567
p3d_075_t14_d3,P3-D0.75,14,3,0.75,20,519,2586,1016,0.3928847641144625,1570,183,0,0,13.71747634360941,4.360870504069786,42,6.260990336999411,2,0,8.405036306845028,8.185764967865694
p3d_075_t14_d3,P3-D0.75,14,3,0.75,20,520,2641,1015,0.3843241196516471,1626,194,0,0,13.714767133982775,4.3609749379218625,41.875,6.5306967469022785,2,0,8.407261737732068,8.185778807799371
p3d_075_t14_d3,P3-D0.75,14,3,0.75,20,521,2703,1018,0.3766185719570847,1685,165,0,0,13.71561789580719,4.361156186440927,42.125,6.3966136874651625,2,0,8.405009584954685,8.190760728296395
p3d_075_t14_d3,P3-D0.75,14,3,0.75,20,522,2712,1014,0.37389380530973454,1698,186,0,0,13.716062590801847,4.3625621327976365,41.8125,6.177580432499442,2,0,8.405061706364098,8.180767744078917
p3d_075_t14_d3,P3-D0.75,14,3,0.75,20,523,2661,1012,0.38030815482901165,1649,171,0,0,13.71449586051796,4.360834049765717,41.625,6.427804187019597,2,0,8.409555105045888,8.18075937595768
p3d_075_t14_d3,P3-D0.75,14,3,0.75,20,524,2669,1015,0.3802922442862495,1654,180,0,0,13.714793522358777,4.361216259049081,41.8125,6.5137674710313895,2,0,8.40729671682121,8.185770563731998
p3d_075_t14_d3,P3-D0.75,14,3,0.75,20,525,2621,1016,0.38763830599008015,1605,176,0,0,13.716621960450066,4.362028339804975,41.9375,6.027368137642387,2,0,8.40502158129855,8.185775269880253
p3d_075_t14_d3,P3-D0.75,14,3,0.75,20,526,2671,1010,0.3781355297641333,1661,236,0,0,13.714504096410176,4.360759360300296,41.5625,6.541852438975778,2,0,8.407293703565793,8.1907682323778
p3d_075_t14_d3,P3-D0.75,14,3,0.75,20,527,2693,1008,0.37430375046416636,1685,206,0,0,13.714516328165448,4.360840233185489,41.375,6.469157595854347,2,0,8.409564596077887,8.180741373110422
p3d_075_t14_d3,P3-D0.75,14,3,0.75,20,528,2647,1012,0.38231960710238005,1635,161,0,0,13.713406860905868,4.360056221544607,41.5625,6.37671545546765,2,0,8.407313876047509,8.180765711809949
p3d_075_t14_d3,P3-D0.75,14,3,0.75,20,529,2705,1015,0.3752310536044362,1690,193,0,0,13.717028880928014,4.362247522985872,42,6.282250127674532,2,0,8.405000601866227,8.180768064884077
p3d_075_t14_d3,P3-D0.75,14,3,0.75,20,530,2691,1015,0.3771832032701598,1676,191,0,0,13.716486174693905,4.3620323986801655,41.8125,6.046693311223912,2,0,8.407305509326553,8.180770542012068
p3u_t18_d0,P3-U,18,0,1,20,501,2681,698,0.2603506154419993,1983,1139,0,0,18.018204288527876,0.03547665947100154,20.8125,7.082548976180822,0,15,18.004575208963853,18.000011765370633
p3u_t18_d0,P3-U,18,0,1,20,502,2595,698,0.26897880539499036,1897,1083,0,0,18.017606144711856,0.034528773860897796,20.75,7.066352194260722,0,15,18.00452629028974,18.000023530741263
p3u_t18_d0,P3-U,18,0,1,20,503,2680,698,0.26044776119402985,1982,1114,0,0,18.018200188931246,0.03547650768602802,20.8125,7.082548976180822,0,15,18.00457987851935,18.000014118444756
p3u_t18_d0,P3-U,18,0,1,20,504,2672,698,0.26122754491017963,1974,1096,0,0,18.01816914718878,0.03548417849692852,20.8125,7.082548976180822,0,15,18.004526454561294,18.000002353074127
p3u_t18_d0,P3-U,18,0,1,20,505,2723,698,0.25633492471538744,2025,1148,0,0,18.01821553123718,0.03548039382817262,20.8125,7.082548976180822,0,15,18.00459266668639,18.000014118444756
p3u_t18_d0,P3-U,18,0,1,20,506,2721,698,0.25652333700845276,2023,1127,0,0,18.018235068296026,0.03547624749362898,20.8125,7.082548976180822,0,15,18.00461087179993,18.000011765370633
p3u_t18_d0,P3-U,18,0,1,20,507,2762,698,0.25271542360608257,2064,1149,0,0,18.018530288708966,0.03640646829873899,20.875,7.163565220382004,0,15,18.004517483312554,18.00002117766714
p3u_t18_d0,P3-U,18,0,1,20,508,2805,698,0.24884135472370766,2107,1084,0,0,18.018731297670637,0.037096097686774576,20.9375,7.38889933165511,0,15,18.004528161532726,18.000016471518883
p3u_t18_d0,P3-U,18,0,1,20,509,2656,698,0.2628012048192771,1958,1097,0,0,18.017442530515716,0.03383355755131304,20.6875,6.83831119502469,0,15,18.004568360466585,18.000016471518883
p3u_t18_d0,P3-U,18,0,1,20,510,2733,698,0.25539699963410173,2035,1111,0,0,18.01817752273031,0.03548005594939197,20.8125,7.082548976180822,0,15,18.004560574930277,18.000011765370633
p3u_t18_d0,P3-U,18,0,1,20,511,2668,698,0.2616191904047976,1970,1078,0,0,18.018343830118862,0.036176636969483485,20.875,7.310950690573696,0,15,18.00451223914286,18.000016471518883
p3u_t18_d0,P3-U,18,0,1,20,512,2595,698,0.26897880539499036,1897,1081,0,0,18.01816602495859,0.03548146704657853,20.8125,7.082548976180822,0,15,18.004532967381007,18.000009412296507
p3u_t18_d0,P3-U,18,0,1,20,513,2669,698,0.261521168977145,1971,1080,0,0,18.018149788831177,0.03547732681193253,20.8125,7.082548976180822,0,15,18.00452567205706,18.000021177667136
p3u_t18_d0,P3-U,18,0,1,20,514,2721,698,0.25652333700845276,2023,1168,0,0,18.01761776904646,0.034521295739276994,20.75,7.066352194260722,0,15,18.004561558190098,18.000014118444756
p3u_t18_d0,P3-U,18,0,1,20,515,2654,698,0.2629992464204974,1956,1077,0,0,18.017424892819516,0.033833412626669286,20.6875,6.83831119502469,0,15,18.004545879036232,18.000011765370633
p3u_t18_d0,P3-U,18,0,1,20,516,2650,698,0.26339622641509436,1952,1072,0,0,18.017419272859954,0.03383163346908938,20.6875,6.83831119502469,0,15,18.00453935647975,18.000016471518883
p3u_t18_d0,P3-U,18,0,1,20,517,2628,698,0.2656012176560122,1930,1085,0,0,18.0176111500409,0.03452540713444922,20.75,7.066352194260722,0,15,18.004546872265575,18.00001882459301
p3u_t18_d0,P3-U,18,0,1,20,518,2684,698,0.2600596125186289,1986,1090,0,0,18.0183950146157,0.03616998525186655,20.875,7.310950690573696,0,15,18.004573738094,18.000016471518883
p3u_t18_d0,P3-U,18,0,1,20,519,2586,698,0.2699149265274555,1888,1069,0,0,18.019716046717488,0.03795091342933394,21,7.366591251499344,0,15,18.00458751235595,18.000016471518883
p3u_t18_d0,P3-U,18,0,1,20,520,2641,698,0.2642938280954184,1943,1139,0,0,18.017414062314693,0.033833550361987576,20.6875,6.83831119502469,0,15,18.00453813711839,18.000016471518883
p3u_t18_d0,P3-U,18,0,1,20,521,2703,698,0.2582315945246023,2005,1134,0,0,18.017626774757712,0.03452125666477916,20.75,7.066352194260722,0,15,18.00456500011171,18.000016471518883
p3u_t18_d0,P3-U,18,0,1,20,522,2712,698,0.25737463126843657,2014,1111,0,0,18.017598187785453,0.0345282879376953,20.75,7.066352194260722,0,15,18.004520825425406,18.000011765370633
p3u_t18_d0,P3-U,18,0,1,20,523,2661,698,0.26230740323186774,1963,1061,0,0,18.017608173225867,0.03452203129520153,20.75,7.066352194260722,0,15,18.004555420599818,18.00001882459301
p3u_t18_d0,P3-U,18,0,1,20,524,2669,698,0.261521168977145,1971,1059,0,0,18.01762467385167,0.03452864294479166,20.75,7.066352194260722,0,15,18.00455327960634,18.00000705922238
p3u_t18_d0,P3-U,18,0,1,20,525,2621,698,0.26631056848531093,1923,1048,0,0,18.017629599105966,0.03452714951647704,20.75,7.066352194260722,0,15,18.0045584339368,18.000016471518883
p3u_t18_d0,P3-U,18,0,1,20,526,2671,698,0.2613253463122426,1973,1115,0,0,18.017606079914707,0.034530301429053105,20.75,7.066352194260722,0,15,18.00453684048961,18.000016471518883
p3u_t18_d0,P3-U,18,0,1,20,527,2693,698,0.2591904938730041,1995,1080,0,0,18.01818831877263,0.03548105759867342,20.8125,7.082548976180822,0,15,18.00456100611727,18.000011765370633
p3u_t18_d0,P3-U,18,0,1,20,528,2647,698,0.26369474877219495,1949,1097,0,0,18.017637494089072,0.03452695387297275,20.75,7.066352194260722,0,15,18.004558400287856,18.000014118444756
p3u_t18_d0,P3-U,18,0,1,20,529,2705,698,0.25804066543438076,2007,1095,0,0,18.01834173362109,0.03617209809567316,20.875,7.310950690573696,0,15,18.004524794043412,18.000011765370633
p3u_t18_d0,P3-U,18,0,1,20,530,2691,698,0.25938312894834636,1993,1144,0,0,18.017652142876017,0.03452491136275563,20.75,7.066352194260722,0,15,18.00459167629212,18.000016471518883
p3d_025_t18_d0,P3-D0.25,18,0,0.25,20,501,2681,1099,0.40992167101827676,1582,0,0,0,18.780438322324734,0.1001070668175755,45.875,0.3415650255319866,0,0,18.622517866088,18.13557425855646
p3d_025_t18_d0,P3-D0.25,18,0,0.25,20,502,2595,1099,0.4235067437379576,1496,0,0,0,18.77986889174907,0.09960510129535187,45.8125,0.4031128874149275,0,0,18.623254858189885,18.140580517753012
p3d_025_t18_d0,P3-D0.25,18,0,0.25,20,503,2680,1098,0.4097014925373134,1582,0,0,0,18.780666809404273,0.09951712384117936,45.8125,0.5439056290693574,0,0,18.624008450084446,18.140592727982668
p3d_025_t18_d0,P3-D0.25,18,0,0.25,20,504,2672,1100,0.4116766467065868,1572,0,0,0,18.78047823274063,0.1001436143210046,45.9375,0.25,0,0,18.622509999066494,18.14057291529596
p3d_025_t18_d0,P3-D0.25,18,0,0.25,20,505,2723,1101,0.4043334557473375,1622,0,0,0,18.77992981357589,0.1003957883306175,46,0,0,0,18.62177494066048,18.140577373336484
p3d_025_t18_d0,P3-D0.25,18,0,0.25,20,506,2721,1100,0.40426313855200297,1621,0,0,0,18.780263088338653,0.10006325474308668,45.9375,0.25,0,0,18.62253483246513,18.14056808509384
p3d_025_t18_d0,P3-D0.25,18,0,0.25,20,507,2762,1098,0.39753801593048516,1664,0,0,0,18.780900592016504,0.09994853748140996,45.8125,0.4031128874149275,0,0,18.62401283312316,18.140569450074267
p3d_025_t18_d0,P3-D0.25,18,0,0.25,20,508,2805,1099,0.39180035650623884,1706,0,0,0,18.781423611232448,0.10039641359201558,46,0,0,0,18.623270026821245,18.140577176585186
p3d_025_t18_d0,P3-D0.25,18,0,0.25,20,509,2656,1100,0.4141566265060241,1556,0,0,0,18.77973329003513,0.10011286940012111,45.8125,0.4031128874149275,0,0,18.62176349276405,18.135576834060096
p3d_025_t18_d0,P3-D0.25,18,0,0.25,20,510,2733,1102,0.40321990486644715,1631,0,0,0,18.779020684587973,0.10019240147206135,45.9375,0.25,0,0,18.621005030703163,18.140580517753012
p3d_025_t18_d0,P3-D0.25,18,0,0.25,20,511,2668,1098,0.411544227886057,1570,0,0,0,18.780388369211007,0.0997039208161489,45.75,0.4472135954999579,0,0,18.6240129883901,18.140585446330775
p3d_025_t18_d0,P3-D0.25,18,0,0.25,20,512,2595,1099,0.4235067437379576,1496,0,0,0,18.78015289566343,0.10000055167429169,45.8125,0.4031128874149275,0,0,18.622511691507896,18.13558656716176
p3d_025_t18_d0,P3-D0.25,18,0,0.25,20,513,2669,1100,0.4121393780442113,1569,0,0,0,18.78014760402397,0.0999999467368098,45.875,0.3415650255319866,0,0,18.62251232999252,18.140608574507098
p3d_025_t18_d0,P3-D0.25,18,0,0.25,20,514,2721,1102,0.4049981624402793,1619,0,0,0,18.778737874335953,0.10006561114471918,45.9375,0.25,0,0,18.621004729714556,18.140573013671606
p3d_025_t18_d0,P3-D0.25,18,0,0.25,20,515,2654,1099,0.41409193669932176,1555,0,0,0,18.77991743105574,0.09981959520890625,45.75,0.5773502691896257,0,0,18.62326232027776,18.140604116466573
p3d_025_t18_d0,P3-D0.25,18,0,0.25,20,516,2650,1099,0.41471698113207545,1551,0,0,0,18.780236318534953,0.0993433541067752,45.75,0.4472135954999579,0,0,18.623249840518273,18.140585668760288
p3d_025_t18_d0,P3-D0.25,18,0,0.25,20,517,2628,1101,0.4189497716894977,1527,0,0,0,18.779446192181286,0.10008095574022818,45.9375,0.25,0,0,18.621757804968826,18.140583093256648
p3d_025_t18_d0,P3-D0.25,18,0,0.25,20,518,2684,1097,0.4087183308494784,1587,0,0,0,18.781425210355636,0.09985129900205438,45.8125,0.5439056290693574,0,0,18.624768466934587,18.14058557038464
p3d_025_t18_d0,P3-D0.25,18,0,0.25,20,519,2586,1096,0.4238205723124517,1490,0,0,0,18.78298142773899,0.09985391182076375,45.875,0.3415650255319866,0,0,18.62553296377375,18.140584235807566
p3d_025_t18_d0,P3-D0.25,18,0,0.25,20,520,2641,1100,0.4165088981446422,1541,0,0,0,18.779676218310904,0.09969655352560537,45.8125,0.4031128874149275,0,0,18.62250740329319,18.14058500147175
p3d_025_t18_d0,P3-D0.25,18,0,0.25,20,521,2703,1101,0.40732519422863483,1602,0,0,0,18.7793546313305,0.10014511424587631,45.9375,0.25,0,0,18.62176169773697,18.14057482351106
p3d_025_t18_d0,P3-D0.25,18,0,0.25,20,522,2712,1101,0.4059734513274336,1611,0,0,0,18.779402192249883,0.10010804459747533,45.9375,0.25,0,0,18.62176011272625,18.14058522390126
p3d_025_t18_d0,P3-D0.25,18,0,0.25,20,523,2661,1101,0.4137542277339346,1560,0,0,0,18.77930496061115,0.10019107515397363,45.9375,0.25,0,0,18.621759212961578,18.14057482351106
p3d_025_t18_d0,P3-D0.25,18,0,0.25,20,524,2669,1099,0.4117647058823529,1570,0,0,0,18.780480594037364,0.09946097812430472,45.8125,0.4031128874149275,0,0,18.623264914267466,18.14060000963456
p3d_025_t18_d0,P3-D0.25,18,0,0.25,20,525,2621,1098,0.4189240747806181,1523,0,0,0,18.780625273983052,0.09951948497367426,45.75,0.4472135954999579,0,0,18.623266050075518,18.13556160346777
p3d_025_t18_d0,P3-D0.25,18,0,0.25,20,526,2671,1100,0.4118307749906402,1571,0,0,0,18.77996508421023,0.09985389905160165,45.875,0.3415650255319866,0,0,18.622515743336535,18.140575366745733
p3d_025_t18_d0,P3-D0.25,18,0,0.25,20,527,2693,1098,0.40772372818418123,1595,0,0,0,18.780574554682463,0.09967361120238348,45.75,0.4472135954999579,0,0,18.623259643019264,18.135569107549177
p3d_025_t18_d0,P3-D0.25,18,0,0.25,20,528,2647,1099,0.4151870041556479,1548,0,0,0,18.78006232747038,0.09979289370607052,45.8125,0.4031128874149275,0,0,18.623267755855714,18.140593048787828
p3d_025_t18_d0,P3-D0.25,18,0,0.25,20,529,2705,1099,0.40628465804066544,1606,0,0,0,18.78066713567254,0.10023715638385328,45.875,0.3415650255319866,0,0,18.623263692413687,18.140577176585186
p3d_025_t18_d0,P3-D0.25,18,0,0.25,20,530,2691,1101,0.40914158305462656,1590,0,0,0,18.77926856858517,0.10024870979435486,45.9375,0.25,0,0,18.621770981872235,18.140577942249372
p3d_05_t18_d0,P3-D0.5,18,0,0.5,20,501,2681,1099,0.40992167101827676,1582,0,0,0,18.456355966427324,0.20021413363514684,45.875,0.3415650255319866,0,0,18.140515053953866,18.13557425855646
p3d_05_t18_d0,P3-D0.5,18,0,0.5,20,502,2595,1099,0.4235067437379576,1496,0,0,0,18.455218843061267,0.1992102025907,45.8125,0.4031128874149275,0,0,18.1419907759429,18.140580517753012
p3d_05_t18_d0,P3-D0.5,18,0,0.5,20,503,2680,1098,0.4097014925373134,1582,0,0,0,18.45681763551834,0.19903424768235883,45.8125,0.5439056290693574,0,0,18.143500916878683,18.140592727982668
p3d_05_t18_d0,P3-D0.5,18,0,0.5,20,504,2672,1099,0.41130239520958084,1573,2,0,0,18.4564381347251,0.20028722864200707,45.875,0.3415650255319866,0,0,18.14050166737682,18.135551870366104
p3d_05_t18_d0,P3-D0.5,18,0,0.5,20,505,2723,1100,0.40396621373485125,1623,3,0,0,18.455338339248936,0.20079157666123892,45.9375,0.25,0,0,18.139028593418107,18.135551079023706
p3d_05_t18_d0,P3-D0.5,18,0,0.5,20,506,2721,1099,0.40389562660786477,1622,1,0,0,18.45600636734781,0.20012650948616878,45.875,0.3415650255319866,0,0,18.140549855600767,18.135549615667628
p3d_05_t18_d0,P3-D0.5,18,0,0.5,20,507,2762,1098,0.39753801593048516,1664,0,0,0,18.458318909536857,0.20047614883838033,45.875,0.3415650255319866,0,0,18.143508814063466,18.140569450074267
p3d_05_t18_d0,P3-D0.5,18,0,0.5,20,508,2805,1099,0.39180035650623884,1706,0,0,0,18.458325934562055,0.2007928271840354,46,0,0,0,18.142018765739646,18.140577176585186
p3d_05_t18_d0,P3-D0.5,18,0,0.5,20,509,2656,1100,0.4141566265060241,1556,0,0,0,18.454948249314064,0.20022573880024314,45.8125,0.4031128874149275,0,0,18.13900865477191,18.135576834060096
p3d_05_t18_d0,P3-D0.5,18,0,0.5,20,510,2733,1098,0.40175631174533477,1635,0,0,0,18.4566264447105,0.19959581265638845,45.8125,0.4031128874149275,0,0,18.14350145070952,18.140584903096105
p3d_05_t18_d0,P3-D0.5,18,0,0.5,20,511,2668,1098,0.411544227886057,1570,0,0,0,18.45625458162653,0.19940784163229733,45.75,0.4472135954999579,0,0,18.143503819984712,18.140585446330775
p3d_05_t18_d0,P3-D0.5,18,0,0.5,20,512,2595,1099,0.4235067437379576,1496,0,0,0,18.45588099548243,0.20015922105565007,45.875,0.3415650255319866,0,0,18.140504442578937,18.13558656716176
p3d_05_t18_d0,P3-D0.5,18,0,0.5,20,513,2669,1099,0.4117647058823529,1570,3,0,0,18.456718520977866,0.20063115598473863,45.875,0.3415650255319866,0,0,18.140506938909528,18.13558228019432
p3d_05_t18_d0,P3-D0.5,18,0,0.5,20,514,2721,1099,0.40389562660786477,1622,2,0,0,18.455784100634062,0.19983538301725415,45.8125,0.4031128874149275,0,0,18.1405065498071,18.135562146702448
p3d_05_t18_d0,P3-D0.5,18,0,0.5,20,515,2654,1099,0.41409193669932176,1555,0,0,0,18.455315052781977,0.19963919041780903,45.75,0.5773502691896257,0,0,18.142004831226018,18.140604116466573
p3d_05_t18_d0,P3-D0.5,18,0,0.5,20,516,2650,1099,0.41471698113207545,1551,0,0,0,18.455954306313753,0.1986867082135441,45.75,0.4472135954999579,0,0,18.141981350280396,18.140585668760288
p3d_05_t18_d0,P3-D0.5,18,0,0.5,20,517,2628,1100,0.4185692541856925,1528,1,0,0,18.45437492249905,0.20016191148045628,45.875,0.3415650255319866,0,0,18.138998148074123,18.135562048326797
p3d_05_t18_d0,P3-D0.5,18,0,0.5,20,518,2684,1097,0.4087183308494784,1587,0,0,0,18.45833591599439,0.19970259800411289,45.8125,0.5439056290693574,0,0,18.145022429152284,18.14058557038464
p3d_05_t18_d0,P3-D0.5,18,0,0.5,20,519,2586,1095,0.4234338747099768,1491,0,0,0,18.462291805993956,0.19933971716322174,45.8125,0.4031128874149275,0,0,18.148051562804305,18.14059206069413
p3d_05_t18_d0,P3-D0.5,18,0,0.5,20,520,2641,1099,0.4161302536917834,1542,2,0,0,18.45502211781801,0.19958264123319375,45.75,0.4472135954999579,0,0,18.140496475830208,18.135563956541898
p3d_05_t18_d0,P3-D0.5,18,0,0.5,20,521,2703,1100,0.40695523492415836,1603,3,0,0,18.454187974758177,0.20029022849174746,45.875,0.3415650255319866,0,0,18.139002107571127,18.135553778581208
p3d_05_t18_d0,P3-D0.5,18,0,0.5,20,522,2712,1100,0.4056047197640118,1612,1,0,0,18.454276923091676,0.2002160891949507,45.875,0.3415650255319866,0,0,18.138992764044406,18.13556417897141
p3d_05_t18_d0,P3-D0.5,18,0,0.5,20,523,2661,1100,0.4133784291619692,1561,1,0,0,18.45408689553416,0.20038215030795029,45.875,0.3415650255319866,0,0,18.138995400235018,18.135553778581208
p3d_05_t18_d0,P3-D0.5,18,0,0.5,20,524,2669,1099,0.4117647058823529,1570,0,0,0,18.456442857318542,0.19892195624861328,45.8125,0.4031128874149275,0,0,18.14201149777874,18.14060000963456
p3d_05_t18_d0,P3-D0.5,18,0,0.5,20,525,2621,1098,0.4189240747806181,1523,0,0,0,18.456728391170625,0.19903896994734877,45.75,0.4472135954999579,0,0,18.142009943355554,18.13556160346777
p3d_05_t18_d0,P3-D0.5,18,0,0.5,20,526,2671,1099,0.41145638337701235,1572,2,0,0,18.455503775205468,0.19980256435977758,45.8125,0.4031128874149275,0,0,18.140511067662874,18.13555432181588
p3d_05_t18_d0,P3-D0.5,18,0,0.5,20,527,2693,1098,0.40772372818418123,1595,0,0,0,18.45663016892806,0.1993472224047737,45.75,0.4472135954999579,0,0,18.14200034560164,18.135569107549177
p3d_05_t18_d0,P3-D0.5,18,0,0.5,20,528,2647,1099,0.4151870041556479,1548,0,0,0,18.455606324184586,0.1995857874121371,45.8125,0.4031128874149275,0,0,18.142017180955264,18.140593048787828
p3d_05_t18_d0,P3-D0.5,18,0,0.5,20,529,2705,1099,0.40628465804066544,1606,0,0,0,18.456907079744,0.20063221194446934,45.9375,0.25,0,0,18.14200609692457,18.140577176585186
p3d_05_t18_d0,P3-D0.5,18,0,0.5,20,530,2691,1100,0.4087699739873653,1591,2,0,0,18.454016458948196,0.20049741958870804,45.875,0.3415650255319866,0,0,18.139021285522333,18.135551647936595
p3d_075_t18_d0,P3-D0.75,18,0,0.75,20,501,2681,919,0.34278254382693024,1762,520,0,0,18.20682303209896,0.21290362399746374,34.625,12.558529637926037,0,7,18.00414983510174,18.000016471518883
p3d_075_t18_d0,P3-D0.75,18,0,0.75,20,502,2595,919,0.35414258188824665,1676,489,0,0,18.205123566815374,0.21193047262128495,34.5625,12.543092388508772,0,8,18.0041457364535,18.000021177667136
p3d_075_t18_d0,P3-D0.75,18,0,0.75,20,503,2680,919,0.342910447761194,1761,516,0,0,18.206261461367646,0.21293104100422677,34.625,12.600925891907044,0,8,18.004162278214082,18.000011765370633
p3d_075_t18_d0,P3-D0.75,18,0,0.75,20,504,2672,919,0.343937125748503,1753,502,0,0,18.20694792738339,0.21300469475521422,34.625,12.558529637926037,0,7,18.004137434985665,18.00001882459301
p3d_075_t18_d0,P3-D0.75,18,0,0.75,20,505,2723,919,0.3374954094748439,1804,524,0,0,18.206287946559417,0.21293143775839776,34.625,12.600925891907044,0,8,18.004181762870804,18.000011765370633
p3d_075_t18_d0,P3-D0.75,18,0,0.75,20,506,2721,919,0.33774347666299154,1802,518,0,0,18.206295212252034,0.2129305117018922,34.625,12.600925891907044,0,8,18.004186079465157,18.000009412296507
p3d_075_t18_d0,P3-D0.75,18,0,0.75,20,507,2762,919,0.332729905865315,1843,510,0,0,18.209493300752623,0.21371876475371165,34.6875,12.472469683266421,0,7,18.004146595150292,18.000014118444756
p3d_075_t18_d0,P3-D0.75,18,0,0.75,20,508,2805,919,0.32762923351158646,1886,499,0,0,18.20963496914507,0.2140081773902106,34.75,12.529964086141668,0,7,18.004140919392725,18.000014118444756
p3d_075_t18_d0,P3-D0.75,18,0,0.75,20,509,2656,919,0.3460090361445783,1737,463,0,0,18.205705674383882,0.2119373219167517,34.5,12.484657250668384,0,8,18.004164773243527,18.000030589963647
p3d_075_t18_d0,P3-D0.75,18,0,0.75,20,510,2733,919,0.33626051957555797,1814,495,0,0,18.20667591501935,0.21283840562256195,34.625,12.558529637926037,0,7,18.004150048969812,18.000014118444756
p3d_075_t18_d0,P3-D0.75,18,0,0.75,20,511,2668,919,0.34445277361319343,1749,473,0,0,18.20906165980805,0.21315035367110752,34.6875,12.472469683266421,0,7,18.004129410687288,18.000014118444756
p3d_075_t18_d0,P3-D0.75,18,0,0.75,20,512,2595,919,0.35414258188824665,1676,482,0,0,18.20626022329727,0.21292223729842386,34.625,12.600925891907044,0,8,18.00416764961375,18.000023530741267
p3d_075_t18_d0,P3-D0.75,18,0,0.75,20,513,2669,919,0.3443237167478456,1750,511,0,0,18.207374183810067,0.2135717905441063,34.625,12.558529637926037,0,7,18.004148670774274,18.000023530741263
p3d_075_t18_d0,P3-D0.75,18,0,0.75,20,514,2721,919,0.33774347666299154,1802,515,0,0,18.205969582604062,0.21241325147252996,34.5625,12.543092388508772,0,8,18.00415347415354,18.000014118444756
p3d_075_t18_d0,P3-D0.75,18,0,0.75,20,515,2654,919,0.34626978146194426,1735,497,0,0,18.205687208278487,0.21194140846952955,34.5,12.484657250668384,0,8,18.004142604072463,18.000011765370633
p3d_075_t18_d0,P3-D0.75,18,0,0.75,20,516,2650,919,0.34679245283018867,1731,458,0,0,18.205526073109528,0.21135462173280345,34.5,12.441864811996632,0,7,18.00412362948562,18.000016471518883
p3d_075_t18_d0,P3-D0.75,18,0,0.75,20,517,2628,919,0.3496955859969559,1709,476,0,0,18.20484486080673,0.21210603908572712,34.5625,12.633124448580935,0,8,18.00416289032897,18.000014118444756
p3d_075_t18_d0,P3-D0.75,18,0,0.75,20,518,2684,919,0.3423994038748137,1765,492,0,0,18.209092723202872,0.21314932859744698,34.6875,12.472469683266421,0,7,18.004165485451686,18.00001882459301
p3d_075_t18_d0,P3-D0.75,18,0,0.75,20,519,2586,919,0.3553750966744006,1667,502,0,0,18.212618091825178,0.21474397105473392,34.8125,12.351619327035625,0,7,18.00416401251371,18.00001882459301
p3d_075_t18_d0,P3-D0.75,18,0,0.75,20,520,2641,919,0.3479742521772056,1722,531,0,0,18.205395859642874,0.21155193342466935,34.5,12.484657250668384,0,8,18.004143432181728,18.000016471518883
p3d_075_t18_d0,P3-D0.75,18,0,0.75,20,521,2703,919,0.3399926008139105,1784,528,0,0,18.20484134406853,0.21211794299507788,34.5625,12.633124448580935,0,8,18.00414071172901,18.00000705922238
p3d_075_t18_d0,P3-D0.75,18,0,0.75,20,522,2712,919,0.3388643067846608,1793,485,0,0,18.204835091649077,0.21211181853726446,34.5625,12.633124448580935,0,8,18.00413680171214,18.000011765370633
p3d_075_t18_d0,P3-D0.75,18,0,0.75,20,523,2661,919,0.34535888763622696,1742,486,0,0,18.204840822944746,0.21210463028135093,34.5625,12.633124448580935,0,8,18.00415375132299,18.000016471518883
p3d_075_t18_d0,P3-D0.75,18,0,0.75,20,524,2669,919,0.3443237167478456,1750,477,0,0,18.205965786817437,0.21189139869213233,34.5625,12.5004999900004,0,7,18.00412913351784,18.00001882459301
p3d_075_t18_d0,P3-D0.75,18,0,0.75,20,525,2621,919,0.35062953071346814,1702,520,0,0,18.207243287421,0.21118764627876538,34.5625,12.355666716126652,0,7,18.00414775412693,18.000014118444756
p3d_075_t18_d0,P3-D0.75,18,0,0.75,20,526,2671,919,0.34406589292399853,1752,534,0,0,18.2058256466974,0.2122243707612109,34.5625,12.543092388508772,0,8,18.00413763517224,18.00002823688952
p3d_075_t18_d0,P3-D0.75,18,0,0.75,20,527,2693,919,0.34125510582992946,1774,502,0,0,18.20653795538848,0.21282867112530382,34.625,12.558529637926037,0,7,18.004154244312257,18.000014118444756
p3d_075_t18_d0,P3-D0.75,18,0,0.75,20,528,2647,919,0.3471854930109558,1728,487,0,0,18.2058495652329,0.21221891284547856,34.5625,12.543092388508772,0,8,18.0041780012943,18.000014118444756
p3d_075_t18_d0,P3-D0.75,18,0,0.75,20,529,2705,919,0.3397412199630314,1786,507,0,0,18.207513764726702,0.21385562227982396,34.6875,12.615962111547418,0,7,18.004144602713563,18.000014118444756
p3d_075_t18_d0,P3-D0.75,18,0,0.75,20,530,2691,919,0.34150873281308064,1772,539,0,0,18.204868902098433,0.21210980627985712,34.5625,12.633124448580935,0,8,18.004174903753423,18.000014118444756
p3u_t18_d1,P3-U,18,1,1,20,501,2681,1083,0.4039537486012682,1598,47,0,0,18.46727609957778,0.33101520319613903,44.875,3.721558813185679,4,4,18.8045208013241,18.140589386814842
p3u_t18_d1,P3-U,18,1,1,20,502,2595,1084,0.41772639691714836,1511,41,0,0,18.464444633057475,0.33040247682673574,44.875,3.9812058474788765,4,4,18.801499292956684,18.140590276532894
p3u_t18_d1,P3-U,18,1,1,20,503,2680,1085,0.4048507462686567,1595,43,0,0,18.465198053413864,0.33076682494108756,45,4,4,4,18.798499524298784,18.140582327592462
p3u_t18_d1,P3-U,18,1,1,20,504,2672,1084,0.405688622754491,1588,40,0,0,18.466502668236874,0.32977812493617387,44.9375,3.73217988133834,4,4,18.798493992136578,18.135574703415482
p3u_t18_d1,P3-U,18,1,1,20,505,2723,1084,0.3980903415350716,1639,46,0,0,18.465417143011493,0.33096418339932976,44.9375,3.991136012048032,4,4,18.80153208304795,18.140587354545875
p3u_t18_d1,P3-U,18,1,1,20,506,2721,1084,0.398382947445792,1637,38,0,0,18.466382984335485,0.33090543905382996,44.9375,3.991136012048032,4,4,18.801560810149837,18.140602585138204
p3u_t18_d1,P3-U,18,1,1,20,507,2762,1084,0.3924692251991311,1678,36,0,0,18.469887334076702,0.3299494423948513,45,3.7416573867739413,4,4,18.801499470032844,18.1405850998474
p3u_t18_d1,P3-U,18,1,1,20,508,2805,1084,0.3864527629233512,1721,48,0,0,18.47028399670278,0.33033820967130134,45.0625,3.75,4,4,18.8015370448953,18.140590250854675
p3u_t18_d1,P3-U,18,1,1,20,509,2656,1085,0.4085090361445783,1571,39,0,0,18.4650190577889,0.33055803127462435,45,4,4,4,18.798519833921787,18.14057762144421
p3u_t18_d1,P3-U,18,1,1,20,510,2733,1085,0.39699963410171973,1648,35,0,0,18.465759350905383,0.32968253543124376,45,3.7416573867739413,4,4,18.798515179773233,18.14059453782212
p3u_t18_d1,P3-U,18,1,1,20,511,2668,1084,0.4062968515742129,1584,32,0,0,18.4678333912231,0.32987796016653753,44.9375,3.73217988133834,4,4,18.80151095727177,18.140593716076367
p3u_t18_d1,P3-U,18,1,1,20,512,2595,1083,0.41734104046242776,1512,45,0,0,18.465761729677613,0.33145844852778655,44.875,3.99791612384919,4,4,18.804499978947337,18.140577274960833
p3u_t18_d1,P3-U,18,1,1,20,513,2669,1081,0.4050206069689022,1588,35,0,0,18.47081499657733,0.33111018661834163,44.875,3.721558813185679,4,4,18.807494133876297,18.13557413450259
p3u_t18_d1,P3-U,18,1,1,20,514,2721,1083,0.3980154355016538,1638,33,0,0,18.466320032739084,0.33118564165724496,44.8125,3.970201506221063,4,4,18.80452065789687,18.14059037490854
p3u_t18_d1,P3-U,18,1,1,20,515,2654,1084,0.4084400904295403,1570,36,0,0,18.464260933882045,0.33004035480737826,44.8125,3.970201506221063,4,4,18.801505918157005,18.140595748345334
p3u_t18_d1,P3-U,18,1,1,20,516,2650,1084,0.4090566037735849,1566,40,0,0,18.463854972246985,0.3288110772504558,44.8125,3.709784360309909,4,4,18.798461125010668,18.13557425855646
p3u_t18_d1,P3-U,18,1,1,20,517,2628,1085,0.4128614916286149,1543,34,0,0,18.466504625015634,0.32977664778949367,45,3.7416573867739413,4,4,18.798500414884277,18.140593716076367
p3u_t18_d1,P3-U,18,1,1,20,518,2684,1083,0.4035022354694486,1601,41,0,0,18.469551437014935,0.3302587140283539,44.9375,3.73217988133834,4,4,18.804545903990793,18.14059810141946
p3u_t18_d1,P3-U,18,1,1,20,519,2586,1083,0.41879350348027844,1503,42,0,0,18.47538920230784,0.32847578308736364,45.0625,3.2345787979271736,4,4,18.80455249554217,18.140569450074267
p3u_t18_d1,P3-U,18,1,1,20,520,2641,1085,0.4108292313517607,1556,41,0,0,18.464049749732087,0.32978911528936883,44.875,3.99791612384919,4,4,18.798483208670227,18.14056518878504
p3u_t18_d1,P3-U,18,1,1,20,521,2703,1085,0.40140584535701074,1618,56,0,0,18.463516370662298,0.3306688385855806,44.9375,3.991136012048032,4,4,18.798525301388445,18.140572692866446
p3u_t18_d1,P3-U,18,1,1,20,522,2712,1085,0.4000737463126844,1627,50,0,0,18.46312489953497,0.33120647602465464,44.9375,4.25,4,4,18.798505019976968,18.140588021834414
p3u_t18_d1,P3-U,18,1,1,20,523,2661,1084,0.4073656520105224,1577,38,0,0,18.466877128863143,0.3299496540364444,44.9375,3.73217988133834,4,4,18.798488229542965,18.140600206385855
p3u_t18_d1,P3-U,18,1,1,20,524,2669,1084,0.4061446234544773,1585,34,0,0,18.46669284687765,0.3294586068002082,44.875,3.721558813185679,4,4,18.801475802890064,18.14058061612866
p3u_t18_d1,P3-U,18,1,1,20,525,2621,1083,0.41320106829454406,1538,45,0,0,18.46783705428329,0.33005130510365244,44.8125,3.709784360309909,4,4,18.804513983640682,18.1405877994049
p3u_t18_d1,P3-U,18,1,1,20,526,2671,1085,0.4062149007862224,1586,39,0,0,18.46575230668607,0.32922059461166175,44.9375,3.75,4,4,18.798486647756768,18.140585125525615
p3u_t18_d1,P3-U,18,1,1,20,527,2693,1085,0.40289639806906796,1608,36,0,0,18.465398119664613,0.32965937666541734,44.9375,3.73217988133834,4,4,18.798517633902932,18.140579974518335
p3u_t18_d1,P3-U,18,1,1,20,528,2647,1083,0.40914242538723083,1564,49,0,0,18.466160769072854,0.3298025318883726,44.875,3.721558813185679,4,4,18.798508551737832,18.13558154020835
p3u_t18_d1,P3-U,18,1,1,20,529,2705,1082,0.4,1623,39,0,0,18.47080893420351,0.32928022612122826,44.875,3.461695153148719,4,4,18.80448300860211,18.14057771981986
p3u_t18_d1,P3-U,18,1,1,20,530,2691,1084,0.4028242289111854,1607,49,0,0,18.46486084606791,0.3303881606759014,44.875,3.9812058474788765,4,4,18.79854534693113,18.140590597338054
p3d_025_t18_d1,P3-D0.25,18,1,0.25,20,501,2681,1099,0.40992167101827676,1582,0,0,0,18.652231899290246,0.10008076472635219,45.875,0.3415650255319866,0,0,18.494357227746054,18.13557425855646
p3d_025_t18_d1,P3-D0.25,18,1,0.25,20,502,2595,1099,0.4235067437379576,1496,0,0,0,18.651522130040387,0.0997833523103859,45.8125,0.4031128874149275,0,0,18.49509891863161,18.140580517753012
p3d_025_t18_d1,P3-D0.25,18,1,0.25,20,503,2680,1098,0.4097014925373134,1582,0,0,0,18.652366920088113,0.09961671417659206,45.8125,0.5439056290693574,0,0,18.495849824855433,18.140592727982668
p3d_025_t18_d1,P3-D0.25,18,1,0.25,20,504,2672,1100,0.4116766467065868,1572,0,0,0,18.652176933713204,0.0999597886734755,45.875,0.3415650255319866,0,0,18.494351020876362,18.14057291529596
p3d_025_t18_d1,P3-D0.25,18,1,0.25,20,505,2723,1101,0.4043334557473375,1622,0,0,0,18.651768970715242,0.10039554929448354,46,0,0,0,18.493613615004374,18.140577373336484
p3d_025_t18_d1,P3-D0.25,18,1,0.25,20,506,2721,1100,0.40426313855200297,1621,0,0,0,18.652056060178168,0.10007903345023988,45.9375,0.25,0,0,18.494371961506847,18.14056808509384
p3d_025_t18_d1,P3-D0.25,18,1,0.25,20,507,2762,1100,0.39826212889210716,1662,0,0,0,18.652178284827915,0.10006347768129557,45.9375,0.25,0,0,18.49435274982515,18.140569450074267
p3d_025_t18_d1,P3-D0.25,18,1,0.25,20,508,2805,1099,0.39180035650623884,1706,0,0,0,18.65321619935746,0.10031762773707364,46,0,0,0,18.49510942184373,18.140577176585186
p3d_025_t18_d1,P3-D0.25,18,1,0.25,20,509,2656,1100,0.4141566265060241,1556,0,0,0,18.651432649161368,0.09996054228896499,45.8125,0.4031128874149275,0,0,18.493604514573914,18.135576834060096
p3d_025_t18_d1,P3-D0.25,18,1,0.25,20,510,2733,1102,0.40321990486644715,1631,0,0,0,18.650815579392052,0.10014503152077876,45.9375,0.25,0,0,18.492844812051192,18.140580517753012
p3d_025_t18_d1,P3-D0.25,18,1,0.25,20,511,2668,1098,0.411544227886057,1570,0,0,0,18.65199471541642,0.09973000562677845,45.75,0.4472135954999579,0,0,18.49510267023859,18.140585446330775
p3d_025_t18_d1,P3-D0.25,18,1,0.25,20,512,2595,1099,0.4235067437379576,1496,0,0,0,18.651899507211233,0.09995793045911949,45.8125,0.4031128874149275,0,0,18.49435457821664,18.13558656716176
p3d_025_t18_d1,P3-D0.25,18,1,0.25,20,513,2669,1100,0.4121393780442113,1569,0,0,0,18.651895219365063,0.0999583685640523,45.875,0.3415650255319866,0,0,18.49435299884127,18.140608574507098
p3d_025_t18_d1,P3-D0.25,18,1,0.25,20,514,2721,1102,0.4049981624402793,1619,0,0,0,18.65048497059457,0.10000251629112722,45.9375,0.25,0,0,18.492844964116983,18.140573013671606
p3d_025_t18_d1,P3-D0.25,18,1,0.25,20,515,2654,1099,0.41409193669932176,1555,0,0,0,18.651569891799586,0.09984085770412296,45.75,0.5773502691896257,0,0,18.49510205350502,18.140604116466573
p3d_025_t18_d1,P3-D0.25,18,1,0.25,20,516,2650,1099,0.41471698113207545,1551,0,0,0,18.651842801382816,0.09921193925583344,45.75,0.4472135954999579,0,0,18.495089268905186,18.140585668760288
p3d_025_t18_d1,P3-D0.25,18,1,0.25,20,517,2628,1101,0.4189497716894977,1527,0,0,0,18.65123925241685,0.10010706281326101,45.9375,0.25,0,0,18.49359993763456,18.140583093256648
p3d_025_t18_d1,P3-D0.25,18,1,0.25,20,518,2684,1097,0.4087183308494784,1587,0,0,0,18.653126235714495,0.09995048203402869,45.8125,0.5439056290693574,0,0,18.49660977497672,18.14058557038464
p3d_025_t18_d1,P3-D0.25,18,1,0.25,20,519,2586,1096,0.4238205723124517,1490,0,0,0,18.654728342424228,0.09985423974599149,45.875,0.3415650255319866,0,0,18.49737390409842,18.140584235807566
p3d_025_t18_d1,P3-D0.25,18,1,0.25,20,520,2641,1100,0.4165088981446422,1541,0,0,0,18.65137725501843,0.0996811966076893,45.8125,0.4031128874149275,0,0,18.494349788826767,18.14058500147175
p3d_025_t18_d1,P3-D0.25,18,1,0.25,20,521,2703,1101,0.40732519422863483,1602,0,0,0,18.651148209855524,0.10019221691852788,45.9375,0.25,0,0,18.493603343983878,18.14057482351106
p3d_025_t18_d1,P3-D0.25,18,1,0.25,20,522,2712,1101,0.4059734513274336,1611,0,0,0,18.651197093069065,0.10014440126748057,45.9375,0.25,0,0,18.49360487909022,18.14058522390126
p3d_025_t18_d1,P3-D0.25,18,1,0.25,20,523,2661,1101,0.4137542277339346,1560,0,0,0,18.651098553492375,0.10024874465237206,45.9375,0.25,0,0,18.493597515736276,18.14057482351106
p3d_025_t18_d1,P3-D0.25,18,1,0.25,20,524,2669,1099,0.4117647058823529,1570,0,0,0,18.652181617025924,0.09943503172685358,45.8125,0.4031128874149275,0,0,18.495107867705062,18.14060000963456
p3d_025_t18_d1,P3-D0.25,18,1,0.25,20,525,2621,1099,0.41930560854635635,1522,0,0,0,18.652233231660347,0.09941966349462514,45.8125,0.4031128874149275,0,0,18.495110125273595,18.140582648397626
p3d_025_t18_d1,P3-D0.25,18,1,0.25,20,526,2671,1100,0.4118307749906402,1571,0,0,0,18.65171099245047,0.09985431169304841,45.875,0.3415650255319866,0,0,18.494356493670487,18.140575366745733
p3d_025_t18_d1,P3-D0.25,18,1,0.25,20,527,2693,1098,0.40772372818418123,1595,0,0,0,18.65227467531122,0.09962592362479014,45.75,0.4472135954999579,0,0,18.495100501858722,18.135569107549177
p3d_025_t18_d1,P3-D0.25,18,1,0.25,20,528,2647,1099,0.4151870041556479,1548,0,0,0,18.651763484182432,0.09986152241803181,45.8125,0.4031128874149275,0,0,18.495107250971486,18.140593048787828
p3d_025_t18_d1,P3-D0.25,18,1,0.25,20,529,2705,1101,0.4070240295748614,1604,0,0,0,18.65109787091519,0.10024788088156093,45.9375,0.25,0,0,18.493600123773543,18.140579752088822
p3d_025_t18_d1,P3-D0.25,18,1,0.25,20,530,2691,1101,0.40914158305462656,1590,0,0,0,18.651061547317752,0.10031733176773486,45.9375,0.25,0,0,18.493610042541683,18.140577942249372
p3d_05_t18_d1,P3-D0.5,18,1,0.5,20,501,2681,966,0.360313315926893,1715,371,0,0,18.216039830508993,0.17794838739436594,37.5625,11.71875277777745,0,6,18.001671695821233,18.000021177667136
p3d_05_t18_d1,P3-D0.5,18,1,0.5,20,502,2595,967,0.37263969171483624,1628,364,0,0,18.214246245187194,0.17794268713532133,37.5625,11.71875277777745,0,6,18.000151334762617,18.000014118444756
p3d_05_t18_d1,P3-D0.5,18,1,0.5,20,503,2680,966,0.3604477611940298,1714,365,0,0,18.215562540249863,0.17805601604402935,37.5625,11.724440285147944,0,6,18.001657294205614,18.00000705922238
p3d_05_t18_d1,P3-D0.5,18,1,0.5,20,504,2672,966,0.3615269461077844,1706,370,0,0,18.216120174678792,0.1779981051874347,37.5625,11.71875277777745,0,6,18.001658287434967,18.000009412296507
p3d_05_t18_d1,P3-D0.5,18,1,0.5,20,505,2723,967,0.3551230260741829,1756,375,0,0,18.215111211389566,0.17860123979918624,37.625,11.763644559970915,0,6,18.000179462153337,18.00001882459301
p3d_05_t18_d1,P3-D0.5,18,1,0.5,20,506,2721,966,0.35501653803748623,1755,377,0,0,18.215690523499653,0.177980945249903,37.5625,11.71875277777745,0,6,18.001699292099826,18.000023530741267
p3d_05_t18_d1,P3-D0.5,18,1,0.5,20,507,2762,967,0.3501086169442433,1795,373,0,0,18.21724997778114,0.1791065435489997,37.6875,11.660295879607858,0,6,18.000154538432998,18.000014118444756
p3d_05_t18_d1,P3-D0.5,18,1,0.5,20,508,2805,967,0.3447415329768271,1838,366,0,0,18.21734920776977,0.17925525351694258,37.75,11.704699910719626,0,6,18.000153361272538,18.000011765370633
p3d_05_t18_d1,P3-D0.5,18,1,0.5,20,509,2656,967,0.3640813253012048,1689,339,0,0,18.21453941088591,0.17775859337886293,37.5,11.673331429659088,0,6,18.000170846358085,18.000009412296507
p3d_05_t18_d1,P3-D0.5,18,1,0.5,20,510,2733,967,0.35382363702890596,1766,367,0,0,18.213678715126882,0.17752095037944307,37.5,11.679041056525147,0,6,18.00015475272533,18.000016471518883
p3d_05_t18_d1,P3-D0.5,18,1,0.5,20,511,2668,966,0.3620689655172414,1702,359,0,0,18.21546971912372,0.17767329677342664,37.5,11.673331429659088,0,6,18.001658785467164,18.000016471518883
p3d_05_t18_d1,P3-D0.5,18,1,0.5,20,512,2595,967,0.37263969171483624,1628,348,0,0,18.214999802047068,0.17843237805138057,37.625,11.763644559970915,0,6,18.000160542681947,18.000016471518883
p3d_05_t18_d1,P3-D0.5,18,1,0.5,20,513,2669,966,0.3619333083551892,1703,391,0,0,18.215549431910464,0.17781439837728855,37.5625,11.71875277777745,0,6,18.001648289307933,18.000016471518883
p3d_05_t18_d1,P3-D0.5,18,1,0.5,20,514,2721,966,0.35501653803748623,1755,398,0,0,18.21537413330475,0.17754844878868584,37.5,11.673331429659088,0,6,18.00166515417424,18.000016471518883
p3d_05_t18_d1,P3-D0.5,18,1,0.5,20,515,2654,967,0.3643556895252449,1687,362,0,0,18.214530550930004,0.17776117679414724,37.5,11.673331429659088,0,6,18.000159789004996,18.000021177667136
p3d_05_t18_d1,P3-D0.5,18,1,0.5,20,516,2650,966,0.36452830188679247,1684,351,0,0,18.214887190737784,0.17666843232780666,37.4375,11.627374309504848,0,6,18.001637346438404,18.000021177667136
p3d_05_t18_d1,P3-D0.5,18,1,0.5,20,517,2628,967,0.3679604261796043,1661,339,0,0,18.214059769335318,0.1780509922976296,37.5625,11.724440285147944,0,6,18.0001629631627,18.000014118444756
p3d_05_t18_d1,P3-D0.5,18,1,0.5,20,518,2684,967,0.3602831594634873,1717,350,0,0,18.21698675506972,0.17881480548169834,37.6875,11.660295879607858,0,6,18.00017440406443,18.000021177667136
p3d_05_t18_d1,P3-D0.5,18,1,0.5,20,519,2586,966,0.37354988399071926,1620,347,0,0,18.22009474810134,0.1792300592831242,37.75,11.659045129569288,0,5,18.001679928067826,18.000014118444756
p3d_05_t18_d1,P3-D0.5,18,1,0.5,20,520,2641,967,0.36614918591442636,1674,381,0,0,18.214328566780285,0.1775645848686234,37.5,11.673331429659088,0,6,18.000146841434773,18.000011765370633
p3d_05_t18_d1,P3-D0.5,18,1,0.5,20,521,2703,967,0.3577506474287828,1736,363,0,0,18.21406025734744,0.17805309086595544,37.5625,11.724440285147944,0,6,18.000160711938275,18.000016471518883
p3d_05_t18_d1,P3-D0.5,18,1,0.5,20,522,2712,967,0.35656342182890854,1745,353,0,0,18.214059559168586,0.17805184745656175,37.5625,11.724440285147944,0,6,18.00015968007523,18.000014118444756
p3d_05_t18_d1,P3-D0.5,18,1,0.5,20,523,2661,967,0.36339721909056744,1694,355,0,0,18.214054751777052,0.17804797698228866,37.5625,11.724440285147944,0,6,18.000161276699334,18.00001882459301
p3d_05_t18_d1,P3-D0.5,18,1,0.5,20,524,2669,967,0.3623079805170476,1702,359,0,0,18.215278188251844,0.17747044479855928,37.5625,11.569896283026914,0,6,18.000147592276633,18.000014118444756
p3d_05_t18_d1,P3-D0.5,18,1,0.5,20,525,2621,967,0.368943151468905,1654,380,0,0,18.21556586103496,0.17750129685033822,37.5625,11.569896283026914,0,6,18.00015634294714,18.000014118444756
p3d_05_t18_d1,P3-D0.5,18,1,0.5,20,526,2671,967,0.3620366903781355,1704,398,0,0,18.214716752274743,0.17807301026082736,37.5625,11.71875277777745,0,6,18.00015805892319,18.000021177667136
p3d_05_t18_d1,P3-D0.5,18,1,0.5,20,527,2693,966,0.35870776086149275,1727,368,0,0,18.215657846353356,0.17760976139708665,37.5,11.673331429659088,0,6,18.001658847211267,18.000016471518883
p3d_05_t18_d1,P3-D0.5,18,1,0.5,20,528,2647,967,0.36531922931620703,1680,347,0,0,18.214727285711078,0.17807221937856454,37.5625,11.71875277777745,0,6,18.00017364682028,18.000030589963647
p3d_05_t18_d1,P3-D0.5,18,1,0.5,20,529,2705,966,0.35711645101663586,1739,371,0,0,18.216309512122738,0.17811788551250687,37.5625,11.71875277777745,0,6,18.001665154174244,18.000014118444756
p3d_05_t18_d1,P3-D0.5,18,1,0.5,20,530,2691,967,0.3593459680416202,1724,396,0,0,18.214079145780353,0.1780491377792399,37.5625,11.724440285147944,0,6,18.000188105311597,18.000014118444756
p3d_075_t18_d1,P3-D0.75,18,1,0.75,20,501,2681,1067,0.3979858261842596,1614,101,0,0,18.330603856118415,0.2466030456177361,43.875,5.852349955359813,2,4,18.244069110381893,18.14057705253132
p3d_075_t18_d1,P3-D0.75,18,1,0.75,20,502,2595,1068,0.4115606936416185,1527,102,0,0,18.328496030297426,0.24643195332138262,43.875,6.097813815896098,2,4,18.24183273328445,18.140582772451488
p3d_075_t18_d1,P3-D0.75,18,1,0.75,20,503,2680,1067,0.39813432835820894,1613,78,0,0,18.329896828376942,0.24583908980105518,43.875,5.852349955359813,2,4,18.244054250076534,18.14057224800742
p3d_075_t18_d1,P3-D0.75,18,1,0.75,20,504,2672,1067,0.39932634730538924,1605,72,0,0,18.329742895652913,0.24573661316528206,43.875,5.852349955359813,2,4,18.244049575251772,18.140582772451488
p3d_075_t18_d1,P3-D0.75,18,1,0.75,20,505,2723,1069,0.3925817113477782,1654,81,0,0,18.329066505988433,0.24577240344899628,44,5.887840577551898,2,4,18.239578131872968,18.14056003777776
p3d_075_t18_d1,P3-D0.75,18,1,0.75,20,506,2721,1069,0.39287026828371924,1652,91,0,0,18.329087142328646,0.2457733625860119,44,5.887840577551898,2,4,18.239594615683007,18.140589930049515
p3d_075_t18_d1,P3-D0.75,18,1,0.75,20,507,2762,1069,0.38703837798696594,1693,83,0,0,18.33000764266744,0.24474132110190788,44.0625,5.555402775677026,2,4,18.23952406229587,18.14056518878504
p3d_075_t18_d1,P3-D0.75,18,1,0.75,20,508,2805,1065,0.37967914438502676,1740,106,0,0,18.333558626380785,0.24590498023413473,43.875,5.5362442142665635,2,4,18.24855949988634,18.140582425968113
p3d_075_t18_d1,P3-D0.75,18,1,0.75,20,509,2656,1068,0.40210843373493976,1588,106,0,0,18.328207646372974,0.24659694036125027,43.8125,6.079679267856159,2,4,18.24180394749987,18.14058725617023
p3d_075_t18_d1,P3-D0.75,18,1,0.75,20,510,2733,1067,0.39041346505671426,1666,81,0,0,18.330158585444803,0.24604746989616316,43.875,5.852349955359813,2,4,18.244031231812137,18.14056709700014
p3d_075_t18_d1,P3-D0.75,18,1,0.75,20,511,2668,1066,0.3995502248875562,1602,95,0,0,18.330023267447466,0.246537351449627,43.75,5.813776741499453,2,4,18.24404003995074,18.135571807106682
p3d_075_t18_d1,P3-D0.75,18,1,0.75,20,512,2595,1069,0.4119460500963391,1526,63,0,0,18.32890336596806,0.24584466767905688,44,5.887840577551898,2,4,18.239559871620582,18.140557462274124
p3d_075_t18_d1,P3-D0.75,18,1,0.75,20,513,2669,1068,0.40014986886474335,1601,66,0,0,18.330007979814614,0.2457690975498984,43.9375,5.767365082947324,2,4,18.241778973590645,18.140582648397626
p3d_075_t18_d1,P3-D0.75,18,1,0.75,20,514,2721,1068,0.39250275633958104,1653,94,0,0,18.32918418677704,0.2461082872596761,43.875,5.852349955359813,2,4,18.24180118685617,18.140580196947848
p3d_075_t18_d1,P3-D0.75,18,1,0.75,20,515,2654,1068,0.4024114544084401,1586,99,0,0,18.328353847481562,0.24659016857677327,43.8125,6.079679267856159,2,4,18.241818748581903,18.14059005410338
p3d_075_t18_d1,P3-D0.75,18,1,0.75,20,516,2650,1068,0.4030188679245283,1582,106,0,0,18.329462732588322,0.24737137361981354,43.8125,6.1883627344664704,2,4,18.241808608643122,18.140597977365594
p3d_075_t18_d1,P3-D0.75,18,1,0.75,20,517,2628,1068,0.4063926940639269,1560,86,0,0,18.32834148656729,0.24648114776912128,43.875,6.097813815896098,2,4,18.239544712133597,18.135569454032556
p3d_075_t18_d1,P3-D0.75,18,1,0.75,20,518,2684,1069,0.39828614008941876,1615,89,0,0,18.329644151910507,0.2452837320814287,44.0625,5.801939330947886,2,4,18.239607822749687,18.14059743413092
p3d_075_t18_d1,P3-D0.75,18,1,0.75,20,519,2586,1068,0.41299303944315546,1518,86,0,0,18.331180770312148,0.24401069950609752,44.125,5.4757039121316025,2,3,18.241812953698723,18.140580393699146
p3d_075_t18_d1,P3-D0.75,18,1,0.75,20,520,2641,1068,0.40439227565316166,1573,94,0,0,18.32959876468587,0.24730258868995666,43.8125,6.1883627344664704,2,4,18.241800537949388,18.14058468066659
p3d_075_t18_d1,P3-D0.75,18,1,0.75,20,521,2703,1065,0.3940066592674806,1638,100,0,0,18.331307007942318,0.2477964075999655,43.6875,6.074194048047308,2,4,18.24631902006258,18.140579529659313
p3d_075_t18_d1,P3-D0.75,18,1,0.75,20,522,2712,1068,0.3938053097345133,1644,89,0,0,18.32861781322209,0.2464165052011373,43.875,6.097813815896098,2,4,18.241795580604347,18.14057033979232
p3d_075_t18_d1,P3-D0.75,18,1,0.75,20,523,2661,1068,0.40135287485907556,1593,88,0,0,18.32846091675549,0.24642545715805017,43.875,6.097813815896098,2,4,18.24177898514584,18.140577274960833
p3d_075_t18_d1,P3-D0.75,18,1,0.75,20,524,2669,1069,0.40052454102660173,1600,75,0,0,18.328357656730724,0.2464861977788989,43.9375,6.115213269652444,2,4,18.239570256014957,18.140582870827135
p3d_075_t18_d1,P3-D0.75,18,1,0.75,20,525,2621,1067,0.4070965280427318,1554,77,0,0,18.328783231794834,0.24636428338863228,43.8125,6.079679267856159,2,4,18.24407392744268,18.140590152479028
p3d_075_t18_d1,P3-D0.75,18,1,0.75,20,526,2671,1069,0.40022463496817673,1602,100,0,0,18.3283552161185,0.2464853408462928,43.9375,6.115213269652444,2,4,18.239587378449365,18.14059743413092
p3d_075_t18_d1,P3-D0.75,18,1,0.75,20,527,2693,1068,0.3965837356108429,1625,69,0,0,18.32919679398349,0.24590271371603142,43.875,5.852349955359813,2,4,18.241814626823267,18.140582425968116
p3d_075_t18_d1,P3-D0.75,18,1,0.75,20,528,2647,1068,0.40347563279183984,1579,83,0,0,18.329209973912658,0.2467405835489984,43.875,6.097813815896098,2,4,18.241826191352946,18.140595945096628
p3d_075_t18_d1,P3-D0.75,18,1,0.75,20,529,2705,1069,0.3951940850277264,1636,80,0,0,18.329306601228208,0.24540942804528618,44.0625,5.801939330947886,2,4,18.239526857605153,18.140595624291468
p3d_075_t18_d1,P3-D0.75,18,1,0.75,20,530,2691,1066,0.3961352657004831,1625,92,0,0,18.329489920135423,0.24640314320801618,43.75,6.060803027102377,2,4,18.246325720037923,18.140580196947848
p3u_t18_d3,P3-U,18,3,1,20,501,2681,1039,0.3875419619544946,1642,176,0,0,17.882755811103024,2.055171835122583,42.125,9.358596760910972,3,1,15.430490992963405,15.155646103992341
p3u_t18_d3,P3-U,18,3,1,20,502,2595,1039,0.4003853564547206,1556,172,0,0,17.883488656386753,2.0546152412866396,42.0625,9.28417111719368,3,1,15.433482475903125,15.155633252152361
p3u_t18_d3,P3-U,18,3,1,20,503,2680,1037,0.3869402985074627,1643,158,0,0,17.882923823959793,2.0550378580516973,42,9.316651759081692,3,1,15.430472374904884,15.145607256924814
p3u_t18_d3,P3-U,18,3,1,20,504,2672,1038,0.3884730538922156,1634,184,0,0,17.882734837900955,2.0551694344072198,42.0625,9.334300545122096,3,1,15.430469063605894,15.150622385183201
p3u_t18_d3,P3-U,18,3,1,20,505,2723,1038,0.3811972089607051,1685,176,0,0,17.88314221577125,2.0549147119773865,42.0625,9.334300545122096,3,1,15.430498911957413,15.150627536190479
p3u_t18_d3,P3-U,18,3,1,20,506,2721,1038,0.3814773980154355,1683,173,0,0,17.88446976421046,2.054224666970612,42.0625,9.117519765082314,3,1,15.433516277465726,15.15062496068684
p3u_t18_d3,P3-U,18,3,1,20,507,2762,1038,0.3758146270818248,1724,146,0,0,17.884782017906566,2.0554755209025997,42.0625,9.117519765082314,3,1,15.433443815136984,15.150634817842375
p3u_t18_d3,P3-U,18,3,1,20,508,2805,1038,0.3700534759358289,1767,152,0,0,17.8868843470767,2.0550502923308103,42.1875,9.00532250024025,3,1,15.43349746408902,15.150642839480236
p3u_t18_d3,P3-U,18,3,1,20,509,2656,1037,0.39043674698795183,1619,158,0,0,17.88501522233386,2.056679263384767,41.9375,9.362825428256151,3,1,15.433492420674916,15.14561250630774
p3u_t18_d3,P3-U,18,3,1,20,510,2733,1039,0.3801683132089279,1694,170,0,0,17.88517512703241,2.0566498790231154,42.125,9.429563439877091,3,1,15.433458387542853,15.155642664448866
p3u_t18_d3,P3-U,18,3,1,20,511,2668,1039,0.3894302848575712,1629,191,0,0,17.88630829677911,2.0565192098589336,42.1875,9.282375773475236,3,1,15.433477498648832,15.15562886680927
p3u_t18_d3,P3-U,18,3,1,20,512,2595,1037,0.39961464354527937,1558,150,0,0,17.885737660194014,2.056610041515888,42,9.215928240461366,3,1,15.433467143767137,15.145618479060776
p3u_t18_d3,P3-U,18,3,1,20,513,2669,1036,0.3881603596852754,1633,179,0,0,17.887407377909337,2.0558673162018746,41.9375,9.190348197973785,3,1,15.436443155442998,15.145636704337543
p3u_t18_d3,P3-U,18,3,1,20,514,2721,1039,0.3818449099595737,1682,189,0,0,17.884403361677503,2.05590464075388,42.0625,9.23376954444933,3,1,15.433450815333991,15.155648581120335
p3u_t18_d3,P3-U,18,3,1,20,515,2654,1038,0.3911077618688772,1616,195,0,0,17.88705749039492,2.0569773516742704,42,9.38083151964686,3,1,15.436482814875879,15.155625525641444
p3u_t18_d3,P3-U,18,3,1,20,516,2650,1036,0.3909433962264151,1614,164,0,0,17.885926228351984,2.056927904773321,41.8125,9.318216925284936,3,1,15.436493786525965,15.145627167987172
p3u_t18_d3,P3-U,18,3,1,20,517,2628,1038,0.3949771689497717,1590,170,0,0,17.88593918421967,2.056482500446732,42.0625,9.23376954444933,3,1,15.43349558287652,15.150622064378041
p3u_t18_d3,P3-U,18,3,1,20,518,2684,1039,0.38710879284649774,1645,161,0,0,17.886130171941957,2.054914785818467,42.1875,9.16674242392938,3,1,15.433482835492862,15.155636024407297
p3u_t18_d3,P3-U,18,3,1,20,519,2586,1037,0.40100541376643467,1549,157,0,0,17.891027530325058,2.0549158371257916,42.1875,8.953351327854838,3,1,15.43647901336451,15.150624293398305
p3u_t18_d3,P3-U,18,3,1,20,520,2641,1039,0.3934115865202575,1602,189,0,0,17.88477620660405,2.0567149357834706,42,9.38793552030122,3,1,15.433432597648599,15.155629786930675
p3u_t18_d3,P3-U,18,3,1,20,521,2703,1039,0.3843877173510914,1664,167,0,0,17.8819809183098,2.0550321794280144,42.0625,9.497148694915403,3,1,15.43046521303865,15.155635703602135
p3u_t18_d3,P3-U,18,3,1,20,522,2712,1038,0.3827433628318584,1674,164,0,0,17.88554807665317,2.05644185087343,42,9.215928240461366,3,1,15.4334596377181,15.155638501535288
p3u_t18_d3,P3-U,18,3,1,20,523,2661,1038,0.3900789177001127,1623,159,0,0,17.887409085006865,2.055865777530117,42.0625,9.23376954444933,3,1,15.436442844909125,15.155667127202262
p3u_t18_d3,P3-U,18,3,1,20,524,2669,1039,0.3892843761708505,1630,153,0,0,17.88425896618686,2.0553964872458645,42.0625,9.28417111719368,3,1,15.433521604340237,15.155645907241043
p3u_t18_d3,P3-U,18,3,1,20,525,2621,1039,0.3964135826020603,1582,163,0,0,17.88577790257052,2.056513986337565,42.0625,9.23376954444933,3,1,15.433509341731538,15.155630454219208
p3u_t18_d3,P3-U,18,3,1,20,526,2671,1039,0.38899288655934106,1632,169,0,0,17.885927567184662,2.056482514996728,42.125,9.258329582957536,3,1,15.433470973257283,15.155666806397102
p3u_t18_d3,P3-U,18,3,1,20,527,2693,1039,0.3858150761232826,1654,150,0,0,17.88424798466199,2.055402608528458,42.0625,9.28417111719368,3,1,15.433488048848705,15.155633795387034
p3u_t18_d3,P3-U,18,3,1,20,528,2647,1038,0.3921420476010578,1609,139,0,0,17.884278846006865,2.0554037598789376,42,9.259229629582222,3,1,15.433516115796488,15.150647793736216
p3u_t18_d3,P3-U,18,3,1,20,529,2705,1036,0.3829944547134935,1669,150,0,0,17.887601388372854,2.0561442146926527,41.9375,9.190348197973785,3,1,15.436459902258528,15.145636481908033
p3u_t18_d3,P3-U,18,3,1,20,530,2691,1036,0.3849869936826459,1655,174,0,0,17.885583219876093,2.0564525945992145,41.875,9.171513869948988,3,1,15.433475789075086,15.14562191860425
p3d_025_t18_d3,P3-D0.25,18,3,0.25,20,501,2681,1099,0.40992167101827676,1582,0,0,0,18.489003318430864,0.2690098720764295,45.875,0.3415650255319866,0,0,18.23803917127251,18.13557425855646
p3d_025_t18_d3,P3-D0.25,18,3,0.25,20,502,2595,1099,0.4235067437379576,1496,0,0,0,18.48824958181197,0.26924736274688676,45.8125,0.4031128874149275,0,0,18.238031583430395,18.140580517753012
p3d_025_t18_d3,P3-D0.25,18,3,0.25,20,503,2680,1098,0.4097014925373134,1582,0,0,0,18.488998064320143,0.2690624213302102,45.8125,0.5439056290693574,0,0,18.239530212175094,18.140592727982668
p3d_025_t18_d3,P3-D0.25,18,3,0.25,20,504,2672,1100,0.4116766467065868,1572,0,0,0,18.488950089677935,0.26890717930064223,45.875,0.3415650255319866,0,0,18.23803407525868,18.14057291529596
p3d_025_t18_d3,P3-D0.25,18,3,0.25,20,505,2723,1101,0.4043334557473375,1622,0,0,0,18.488728809979627,0.2694862503362781,46,0,0,0,18.23729601158523,18.140577373336484
p3d_025_t18_d3,P3-D0.25,18,3,0.25,20,506,2721,1100,0.40426313855200297,1621,0,0,0,18.488921521100522,0.2693212326297122,45.9375,0.25,0,0,18.238051442717705,18.14056808509384
p3d_025_t18_d3,P3-D0.25,18,3,0.25,20,507,2762,1100,0.39826212889210716,1662,0,0,0,18.488622131512546,0.26927317042925797,45.9375,0.25,0,0,18.23728046297243,18.140569450074267
p3d_025_t18_d3,P3-D0.25,18,3,0.25,20,508,2805,1099,0.39180035650623884,1706,0,0,0,18.49008212142948,0.2692141045307348,46,0,0,0,18.238787056763794,18.140577176585186
p3d_025_t18_d3,P3-D0.25,18,3,0.25,20,509,2656,1100,0.4141566265060241,1556,0,0,0,18.488205831156655,0.2689075410194463,45.8125,0.4031128874149275,0,0,18.237286447195753,18.135576834060096
p3d_025_t18_d3,P3-D0.25,18,3,0.25,20,510,2733,1102,0.40321990486644715,1631,0,0,0,18.48768181145028,0.26919744277837687,45.9375,0.25,0,0,18.236528234150974,18.140580517753012
p3d_025_t18_d3,P3-D0.25,18,3,0.25,20,511,2668,1098,0.411544227886057,1570,0,0,0,18.488392737806038,0.2691315938551561,45.75,0.4472135954999579,0,0,18.238034933955486,18.140585446330775
p3d_025_t18_d3,P3-D0.25,18,3,0.25,20,512,2595,1101,0.42427745664739885,1494,0,0,0,18.487919525426932,0.2693643835341546,45.9375,0.25,0,0,18.23653416776114,18.13557638920107
p3d_025_t18_d3,P3-D0.25,18,3,0.25,20,513,2669,1102,0.41288872236792806,1567,0,0,0,18.487963169408918,0.2694872986604906,46,0,0,0,18.23653018894729,18.140595500237605
p3d_025_t18_d3,P3-D0.25,18,3,0.25,20,514,2721,1102,0.4049981624402793,1619,0,0,0,18.487258833230264,0.26905020389767537,45.9375,0.25,0,0,18.23652667794418,18.140573013671606
p3d_025_t18_d3,P3-D0.25,18,3,0.25,20,515,2654,1100,0.41446872645064053,1554,0,0,0,18.487405324574738,0.2693251504232572,45.8125,0.4031128874149275,0,0,18.236533193505956,18.140601540962933
p3d_025_t18_d3,P3-D0.25,18,3,0.25,20,516,2650,1099,0.41471698113207545,1551,0,0,0,18.48828953473045,0.26835200660211095,45.75,0.4472135954999579,0,0,18.238772805854595,18.140585668760288
p3d_025_t18_d3,P3-D0.25,18,3,0.25,20,517,2628,1101,0.4189497716894977,1527,0,0,0,18.488061749237687,0.26939717607059716,45.9375,0.25,0,0,18.237283760816233,18.140583093256648
p3d_025_t18_d3,P3-D0.25,18,3,0.25,20,518,2684,1097,0.4087183308494784,1587,0,0,0,18.489898519265655,0.2692067827217712,45.8125,0.5439056290693574,0,0,18.2387910664497,18.14058557038464
p3d_025_t18_d3,P3-D0.25,18,3,0.25,20,519,2586,1096,0.4238205723124517,1490,0,0,0,18.491498606755123,0.26911982684397157,45.875,0.3415650255319866,0,0,18.241049659363256,18.140584235807566
p3d_025_t18_d3,P3-D0.25,18,3,0.25,20,520,2641,1100,0.4165088981446422,1541,0,0,0,18.48805615123829,0.2689339089699003,45.8125,0.4031128874149275,0,0,18.237278141167423,18.14058500147175
p3d_025_t18_d3,P3-D0.25,18,3,0.25,20,521,2703,1101,0.40732519422863483,1602,0,0,0,18.488014083463305,0.2694407657300752,45.9375,0.25,0,0,18.237283211520285,18.14057482351106
p3d_025_t18_d3,P3-D0.25,18,3,0.25,20,522,2712,1101,0.4059734513274336,1611,0,0,0,18.488064402278887,0.26939728603746677,45.9375,0.25,0,0,18.237285333138733,18.14058522390126
p3d_025_t18_d3,P3-D0.25,18,3,0.25,20,523,2661,1101,0.4137542277339346,1560,0,0,0,18.48796699027043,0.26948606588820795,45.9375,0.25,0,0,18.236532684627317,18.14057482351106
p3d_025_t18_d3,P3-D0.25,18,3,0.25,20,524,2669,1100,0.4121393780442113,1569,0,0,0,18.488390273261352,0.26913202030677874,45.875,0.3415650255319866,0,0,18.23803561421676,18.140597656560434
p3d_025_t18_d3,P3-D0.25,18,3,0.25,20,525,2621,1099,0.41930560854635635,1522,0,0,0,18.488723868744305,0.26889928447193084,45.8125,0.5439056290693574,0,0,18.238793465888172,18.140582648397626
p3d_025_t18_d3,P3-D0.25,18,3,0.25,20,526,2671,1102,0.41257955821789594,1569,0,0,0,18.48796758504046,0.26948856171805946,46,0,0,0,18.23653306775172,18.140570438167966
p3d_025_t18_d3,P3-D0.25,18,3,0.25,20,527,2693,1098,0.40772372818418123,1595,0,0,0,18.488907869801924,0.2688641017401946,45.75,0.4472135954999579,0,0,18.238780889178383,18.135569107549177
p3d_025_t18_d3,P3-D0.25,18,3,0.25,20,528,2647,1099,0.4151870041556479,1548,0,0,0,18.488442787895792,0.269163456806982,45.8125,0.4031128874149275,0,0,18.238038433345206,18.140593048787828
p3d_025_t18_d3,P3-D0.25,18,3,0.25,20,529,2705,1101,0.4070240295748614,1604,0,0,0,18.48796594503159,0.26948698719857916,45.9375,0.25,0,0,18.23653320441057,18.140579752088822
p3d_025_t18_d3,P3-D0.25,18,3,0.25,20,530,2691,1101,0.40914158305462656,1590,0,0,0,18.487974622245293,0.26948831203948675,45.9375,0.25,0,0,18.23653973543746,18.140577942249372
p3d_05_t18_d3,P3-D0.5,18,3,0.5,20,501,2681,1088,0.40581872435658334,1593,32,0,0,18.42194752842316,0.37359535226936474,45.1875,2.7378519560658012,2,3,18.583604918579766,18.14060964436058
p3d_05_t18_d3,P3-D0.5,18,3,0.5,20,502,2595,1089,0.41965317919075146,1506,37,0,0,18.419874395907595,0.37279012968482766,45.1875,2.7378519560658012,2,3,18.580590754023135,18.14059562429147
p3d_05_t18_d3,P3-D0.5,18,3,0.5,20,503,2680,1090,0.40671641791044777,1590,29,0,0,18.421091575909028,0.37272305651702725,45.3125,2.75,2,3,18.580587371126903,18.140582550021975
p3d_05_t18_d3,P3-D0.5,18,3,0.5,20,504,2672,1088,0.40718562874251496,1584,40,0,0,18.421842888123855,0.37355278380592083,45.1875,2.7378519560658012,2,3,18.582101623991566,18.13558488137617
p3d_05_t18_d3,P3-D0.5,18,3,0.5,20,505,2723,1086,0.39882482556004406,1637,29,0,0,18.422242391637308,0.3734906286220988,45.0625,2.7195281453467866,2,3,18.585116440429797,18.14059753250657
p3d_05_t18_d3,P3-D0.5,18,3,0.5,20,506,2721,1089,0.4002205071664829,1632,40,0,0,18.421497730432485,0.3728582858849368,45.25,2.74469184669852,2,3,18.582124927977386,18.140582550021975
p3d_05_t18_d3,P3-D0.5,18,3,0.5,20,507,2762,1088,0.3939174511223751,1674,30,0,0,18.421934199114748,0.37359791794179154,45.1875,2.7378519560658012,2,3,18.58359285530911,18.140569450074267
p3d_05_t18_d3,P3-D0.5,18,3,0.5,20,508,2805,1089,0.38823529411764707,1716,18,0,0,18.423262810814844,0.37244769586279836,45.375,2.5,2,3,18.582108315920735,18.14058500147175
p3d_05_t18_d3,P3-D0.5,18,3,0.5,20,509,2656,1090,0.41039156626506024,1566,40,0,0,18.420257419942548,0.37381375225028535,45.1875,2.7378519560658012,2,3,18.580609004056303,18.1405877994049
p3d_05_t18_d3,P3-D0.5,18,3,0.5,20,510,2733,1089,0.39846322722283206,1644,31,0,0,18.419488224134614,0.37344802956266715,45.125,2.7294688127912363,2,3,18.580585905241794,18.140599466399888
p3d_05_t18_d3,P3-D0.5,18,3,0.5,20,511,2668,1088,0.4077961019490255,1580,28,0,0,18.42166534666472,0.37383593632947454,45.125,2.7294688127912363,2,3,18.582101867796577,18.14058331568616
p3d_05_t18_d3,P3-D0.5,18,3,0.5,20,512,2595,1087,0.4188824662813102,1508,38,0,0,18.42108980922121,0.37340401460220524,45.0625,2.7195281453467866,2,3,18.582081067961198,18.140577274960833
p3d_05_t18_d3,P3-D0.5,18,3,0.5,20,513,2669,1087,0.40726863994005247,1582,23,0,0,18.421455246104912,0.3735553251079608,45.0625,2.7195281453467866,2,3,18.583579870522726,18.140589930049515
p3d_05_t18_d3,P3-D0.5,18,3,0.5,20,514,2721,1090,0.4005880191106211,1631,27,0,0,18.419300013527877,0.3738816299870196,45.1875,2.7378519560658012,2,3,18.58058758400169,18.14059552591582
p3d_05_t18_d3,P3-D0.5,18,3,0.5,20,515,2654,1088,0.40994724943481536,1566,21,0,0,18.421564610324367,0.3746683688419823,45.0625,2.7195281453467866,2,3,18.583596175612737,18.140582994881
p3d_05_t18_d3,P3-D0.5,18,3,0.5,20,516,2650,1088,0.41056603773584904,1562,33,0,0,18.419859958767287,0.37432245089623595,45.0625,2.7195281453467866,2,3,18.582069118605077,18.13557480179113
p3d_05_t18_d3,P3-D0.5,18,3,0.5,20,517,2628,1090,0.4147640791476408,1538,39,0,0,18.420525081364485,0.3733947902834427,45.25,2.74469184669852,2,3,18.58058392863627,18.140593493646854
p3d_05_t18_d3,P3-D0.5,18,3,0.5,20,518,2684,1087,0.4049925484351714,1597,32,0,0,18.423165991622483,0.3729969120557117,45.1875,2.482438317461282,2,3,18.58509366398888,18.140595205110664
p3d_05_t18_d3,P3-D0.5,18,3,0.5,20,519,2586,1087,0.4203402938901779,1499,23,0,0,18.425903137681885,0.3728553447261294,45.3125,2.4958298553119898,2,3,18.585115379054066,18.140569450074267
p3d_05_t18_d3,P3-D0.5,18,3,0.5,20,520,2641,1088,0.411965164710337,1553,35,0,0,18.42089390455373,0.37462536535400703,45.0625,2.7195281453467866,2,3,18.58208137979624,18.140572791242093
p3d_05_t18_d3,P3-D0.5,18,3,0.5,20,521,2703,1089,0.40288568257491675,1614,29,0,0,18.42052862806822,0.37338874533102234,45.1875,2.7378519560658012,2,3,18.58209278206428,18.140585446330775
p3d_05_t18_d3,P3-D0.5,18,3,0.5,20,522,2712,1090,0.4019174041297935,1622,27,0,0,18.420721103568447,0.3732881666216567,45.25,2.74469184669852,2,3,18.580601158077062,18.14058812021006
p3d_05_t18_d3,P3-D0.5,18,3,0.5,20,523,2661,1089,0.4092446448703495,1572,39,0,0,18.420146568294538,0.37301898488750673,45.1875,2.7378519560658012,2,3,18.58058377977161,18.14058166030393
p3d_05_t18_d3,P3-D0.5,18,3,0.5,20,524,2669,1089,0.40801798426376923,1580,39,0,0,18.421468803614967,0.37393888186876767,45.1875,2.7378519560658012,2,3,18.58209226364038,18.140575045940572
p3d_05_t18_d3,P3-D0.5,18,3,0.5,20,525,2621,1089,0.41549027088897367,1532,23,0,0,18.421477203515998,0.37407751420918156,45.1875,2.7378519560658012,2,3,18.582097923706506,18.140595624291468
p3d_05_t18_d3,P3-D0.5,18,3,0.5,20,526,2671,1088,0.40733807562710594,1583,32,0,0,18.421468813924147,0.37407405845629926,45.125,2.7294688127912363,2,3,18.583592416302285,18.14059552591582
p3d_05_t18_d3,P3-D0.5,18,3,0.5,20,527,2693,1090,0.40475306349795764,1603,35,0,0,18.42081613175976,0.37312929495059094,45.25,2.74469184669852,2,3,18.58059896587804,18.140582550021975
p3d_05_t18_d3,P3-D0.5,18,3,0.5,20,528,2647,1085,0.40989799773328295,1562,38,0,0,18.422325036484164,0.37464524425969487,44.9375,2.694902595642373,2,3,18.58360457082973,18.13558733282595
p3d_05_t18_d3,P3-D0.5,18,3,0.5,20,529,2705,1089,0.4025878003696858,1616,25,0,0,18.421364889209237,0.37288228957650077,45.25,2.4899799195977463,2,3,18.58058019113504,18.140569894933293
p3d_05_t18_d3,P3-D0.5,18,3,0.5,20,530,2691,1088,0.4043106651802304,1603,29,0,0,18.421580776457116,0.37399156061060346,45.125,2.7294688127912363,2,3,18.58211425615953,18.14058074018252
p3d_075_t18_d3,P3-D0.75,18,3,0.75,20,501,2681,1017,0.3793360686311078,1664,229,0,0,18.14002115634932,0.8086280994000214,40.75,8.820430828479978,2,3,17.000278567262693,17.000016471518883
p3d_075_t18_d3,P3-D0.75,18,3,0.75,20,502,2595,1046,0.4030828516377649,1549,153,0,0,18.138033725920327,0.8083634045726276,42.5,6.3456021516217564,2,3,16.997995670929598,16.150626992955807
p3d_075_t18_d3,P3-D0.75,18,3,0.75,20,503,2680,1046,0.3902985074626866,1634,160,0,0,18.13888084681556,0.8081789535126755,42.5625,6.37671545546765,2,3,16.998012349575358,16.150622928417874
p3d_075_t18_d3,P3-D0.75,18,3,0.75,20,504,2672,1017,0.3806137724550898,1655,230,0,0,18.140002897096867,0.8086232813049199,40.75,8.820430828479978,2,3,17.000263804924305,17.000016471518883
p3d_075_t18_d3,P3-D0.75,18,3,0.75,20,505,2723,1046,0.38413514506059493,1677,162,0,0,18.139041728405186,0.8080556066301465,42.5625,6.37671545546765,2,3,16.99800641568069,16.15064318596361
p3d_075_t18_d3,P3-D0.75,18,3,0.75,20,506,2721,1017,0.3737596471885336,1704,220,0,0,18.13962586511744,0.8075205255285659,40.75,8.820430828479978,2,3,17.000300690038397,17.000014118444756
p3d_075_t18_d3,P3-D0.75,18,3,0.75,20,507,2762,1017,0.36821144098479364,1745,230,0,0,18.140280617210394,0.8088268183300557,40.75,8.820430828479978,2,3,17.000247020834426,17.000011765370633
p3d_075_t18_d3,P3-D0.75,18,3,0.75,20,508,2805,1017,0.3625668449197861,1788,228,0,0,18.141986275977988,0.8083671480036629,40.875,8.823264701911645,2,3,17.0002660227843,17.000021177667136
p3d_075_t18_d3,P3-D0.75,18,3,0.75,20,509,2656,1046,0.3938253012048193,1610,153,0,0,18.13762108940046,0.8089919439877533,42.4375,6.313675633099946,2,3,16.998015514670243,16.15063043249928
p3d_075_t18_d3,P3-D0.75,18,3,0.75,20,510,2733,1046,0.3827296011708745,1687,141,0,0,18.137455615580937,0.8088622824529587,42.4375,6.313675633099946,2,3,16.997978893044092,16.15063234071438
p3d_075_t18_d3,P3-D0.75,18,3,0.75,20,511,2668,1017,0.38118440779610197,1651,229,0,0,18.140575485937138,0.8093086748064923,40.75,8.752142594816426,2,3,17.000255110560502,17.000016471518883
p3d_075_t18_d3,P3-D0.75,18,3,0.75,20,512,2595,1046,0.4030828516377649,1549,142,0,0,18.1384472008215,0.8086022700134382,42.5625,6.37671545546765,2,3,16.997975192817215,16.15064232192378
p3d_075_t18_d3,P3-D0.75,18,3,0.75,20,513,2669,1017,0.3810415886099663,1652,256,0,0,18.13984892806665,0.8084111391328866,40.75,8.752142594816426,2,3,17.000235644936126,17.00002117766714
p3d_075_t18_d3,P3-D0.75,18,3,0.75,20,514,2721,1017,0.3737596471885336,1704,243,0,0,18.138586788539627,0.8085021760846696,40.6875,8.784218804196534,2,3,17.000235486892283,17.000011765370633
p3d_075_t18_d3,P3-D0.75,18,3,0.75,20,515,2654,1017,0.3831951770911831,1637,222,0,0,18.1392967570156,0.8092799891791713,40.6875,8.784218804196534,2,3,17.000238975377396,17.00001882459301
p3d_075_t18_d3,P3-D0.75,18,3,0.75,20,516,2650,1017,0.3837735849056604,1633,227,0,0,18.138023040595712,0.8093975386273269,40.625,8.823264701911645,2,3,17.000237714355734,17.000014118444756
p3d_075_t18_d3,P3-D0.75,18,3,0.75,20,517,2628,1017,0.386986301369863,1611,199,0,0,18.1414080344403,0.8092867410158763,40.75,8.698658900466592,2,3,17.00250672803133,17.000018824593013
p3d_075_t18_d3,P3-D0.75,18,3,0.75,20,518,2684,1017,0.3789120715350224,1667,216,0,0,18.14142180751214,0.8082628953305356,40.8125,8.788012668781644,2,3,17.000245561577938,17.000014118444756
p3d_075_t18_d3,P3-D0.75,18,3,0.75,20,519,2586,1017,0.39327146171693733,1569,223,0,0,18.144964540684406,0.8082921801656021,40.9375,8.675396244552752,2,2,17.002521446100673,17.000023530741263
p3d_075_t18_d3,P3-D0.75,18,3,0.75,20,520,2641,1017,0.3850814085573646,1624,234,0,0,18.138727743039663,0.8091672299682708,40.625,8.830817251723271,2,3,17.00025977170375,17.000021177667136
p3d_075_t18_d3,P3-D0.75,18,3,0.75,20,521,2703,1046,0.38697743248242694,1657,158,0,0,18.13802841281001,0.8083626933506283,42.5,6.3456021516217564,2,3,16.99799247524718,16.150627955371288
p3d_075_t18_d3,P3-D0.75,18,3,0.75,20,522,2712,1046,0.38569321533923306,1666,154,0,0,18.1383093690469,0.808555624389367,42.5,6.3456021516217564,2,3,16.997996133331327,16.150639523990623
p3d_075_t18_d3,P3-D0.75,18,3,0.75,20,523,2661,1017,0.38218714768883877,1644,192,0,0,18.140830299919234,0.8087786504061363,40.6875,8.661937812445126,2,3,17.002477383829795,17.000011765370633
p3d_075_t18_d3,P3-D0.75,18,3,0.75,20,524,2669,1046,0.39190708130385915,1623,148,0,0,18.138316628795366,0.8085574862687882,42.5,6.3456021516217564,2,3,16.997994974354686,16.150622509237067
p3d_075_t18_d3,P3-D0.75,18,3,0.75,20,525,2621,1017,0.3880198397558184,1604,254,0,0,18.139880584247912,0.8089944126998815,40.6875,8.784218804196534,2,3,17.000264726922488,17.000011765370633
p3d_075_t18_d3,P3-D0.75,18,3,0.75,20,526,2671,1017,0.38075627105952825,1654,221,0,0,18.139718550652212,0.809004596338444,40.6875,8.784218804196534,2,3,17.000234539657416,17.000009412296507
p3d_075_t18_d3,P3-D0.75,18,3,0.75,20,527,2693,1046,0.3884144077237282,1647,140,0,0,18.138453235272486,0.8085492246415249,42.5,6.3456021516217564,2,3,16.9979894239271,16.150617777410595
p3d_075_t18_d3,P3-D0.75,18,3,0.75,20,528,2647,1017,0.38420853796751037,1630,213,0,0,18.139886227307187,0.8089912532190063,40.6875,8.784218804196534,2,3,17.000282200110135,17.00002117766714
p3d_075_t18_d3,P3-D0.75,18,3,0.75,20,529,2705,1046,0.3866913123844732,1659,171,0,0,18.13914674652375,0.8088655017827154,42.5625,6.28191849676514,2,3,16.997987350429426,16.1506194888744
p3d_075_t18_d3,P3-D0.75,18,3,0.75,20,530,2691,1017,0.3779264214046823,1674,251,0,0,18.13961262066053,0.808867761057668,40.6875,8.784218804196534,2,3,17.000292402252086,17.00001882459301
