policy,policy_id,seed,periods,requests,dispatched,completion_rate,late_service_ratio,final_queue,late_queue_slope,mean_wait_minutes,late_mean_wait_minutes,late_p95_wait_mean,final_oldest_queue_age,north_completion_rate,central_completion_rate,south_completion_rate,destination_completion_gap,north_route_share,central_route_share,south_route_share,population_weighted_exposure_mean,late_population_weighted_exposure_mean,maximum_mean_receiver_exposure,receiver_exposure_gini,outer_receiver_exposure_mean,central_receiver_exposure_mean,outer_to_central_exposure_ratio,late_central_budget_mean,late_central_budget_sd,late_budget_saturation_share,budget_violations,gate_pass,runtime_ms
P0 shortest path,p0,901,240,11603,11601,0.9998276307851418,0.9991405242801891,2,-0.016717325227963525,1.6230793372270953,1.4255272334109947,8.435428158829685,7,1,0.9997112330349408,1,0.0002887669650591951,0,1,0,35.51193380568859,35.585399960896034,48.337852267336594,0.6567962511013696,0.24125120863679972,48.33763656825288,0.004990959959247331,20,0,0,0,1,166.829833
P0 shortest path,p0,902,240,11504,11501,0.9997392211404729,0.9995733788395904,3,-0.0029852366478506304,1.5456275421939552,1.556521555305177,9.083179833510258,8,1,0.9995637632688672,1,0.0004362367311327997,0,1,0,35.20582255659577,35.860899941770406,47.92118183471594,0.6567962645269011,0.23917137286773152,47.920968441587796,0.004990954495405579,20,0,0,0,1,98.03883399999995
P0 shortest path,p0,903,240,11453,11452,0.9999126866323234,1,1,-0.0047221016066000855,1.4798833611551854,1.4745516791543463,8.578786815569401,2,1,1,0.9995644599303136,0.0004355400696863798,0,1,0,35.05582960661018,35.6160095094045,47.71701742762169,0.6567962149460468,0.23815373475774407,47.71680265092019,0.004990982662857681,20,0,0,0,1,93.74874999999997
P0 shortest path,p0,904,240,11376,11375,0.9999120956399438,0.9995619798510732,1,-0.0264329135909683,1.5731111189607587,1.3608341638758898,8.553483714385948,9,1,1,0.9995559502664298,0.000444049733570151,0,1,0,34.82012109295634,34.92725769419941,47.396173700255325,0.6567963151651272,0.23654955661047583,47.395965287991174,0.004990921804696548,20,0,0,0,1,66.45712500000002
P0 shortest path,p0,905,240,11418,11418,1,1,0,-0.008847155883630048,1.483531700234092,1.7111372709114863,10.183433067572574,0,1,1,1,0,0,1,0,34.951749804252145,36.411897180645006,47.57534428351413,0.6567962817051634,0.2374447150409753,47.57513347305621,0.004990941647603578,20,0,0,0,1,107.57983300000001
P0 shortest path,p0,906,240,11272,11269,0.9997338537970192,1.0004364906154517,3,0.009281372123317408,1.5759729335284367,1.6398912490532502,9.84562996638912,31,1,0.9997046226554424,0.9995600527936648,0.0004399472063352228,0,1,0,34.49564414342025,35.080317044784124,46.954505602526105,0.656796294051767,0.23434585488192605,46.954298066525105,0.004990935112050948,20,0,0,0,1,89.31904200000008
P0 shortest path,p0,907,240,11178,11177,0.9999105385578816,1,1,-0.006241858445505862,1.499989861590357,1.5250606524915973,9.112952702544439,11,1,0.9998517859789536,1,0.00014821402104636672,0,1,0,34.214021135032695,35.09562124580168,46.571167072176294,0.656796324616547,0.23243178078928814,46.570962718393936,0.004990916382698817,20,0,0,0,1,57.45270800000003
P0 shortest path,p0,908,240,11396,11396,1,1.0008775778850374,0,-0.02301346070343031,1.428732460232597,1.6244482550570771,8.790074410833464,0,1,1,1,0,0,1,0,34.884404326287566,34.91195406641851,47.483674152169804,0.6567963195338768,0.23698619980315716,47.48346546319101,0.0049909204707661425,20,0,0,0,1,66.20662500000003
P0 shortest path,p0,909,240,11405,11403,0.9998246383165278,0.9991304347826087,2,0.0026052974381241853,1.4429747605390761,1.6019270449121807,8.616463299721545,5,1,0.9997070026369763,1,0.00029299736302368373,0,1,0,34.90583356114665,35.172153429004446,47.51284488606677,0.6567962699073724,0.23713316099600532,47.512633706655954,0.00499094961689707,20,0,0,0,1,67.30412500000011
P0 shortest path,p0,910,240,11622,11622,1,1.0004336513443193,0,-0.012429439861050804,1.537109315672544,1.6101879007864124,9.106564593347079,0,1,1,1,0,0,1,0,35.57621276840667,35.309896110674195,48.42534149670816,0.656796395810688,0.2416838017173426,48.42513239265738,0.0049908753941576975,20,0,0,0,1,57.20391700000005
P0 shortest path,p0,911,240,11294,11293,0.9999114574110147,1.0008775778850374,1,-0.013297872340425534,1.3923070994931943,1.5306850601724098,9.347145472309421,12,1,1,0.9995648389904265,0.0004351610095735259,0,1,0,34.569111158482706,34.91195994209429,47.05450733486495,0.6567962823633074,0.23484531446806964,47.05429873812438,0.004990942820656533,20,0,0,0,1,62.72974999999997
P0 shortest path,p0,912,240,11499,11497,0.9998260718323333,0.9991107158737217,2,-0.013732088580112895,1.4283427391738444,1.1531909501981115,7.261337462382471,19,1,1,0.9991564740615774,0.000843525938422629,0,1,0,35.19358062887336,34.3915658028157,47.904521645490135,0.6567961770509093,0.23909057144950704,47.90430428611842,0.004991003940303337,20,0,0,0,1,64.67075
P0 shortest path,p0,913,240,11304,11302,0.9998230714791224,1.0004492362982929,2,-0.020788102475032565,1.4145399658525013,1.2726355136597347,7.827271309650011,18,0.9995501574448943,1,0.9995596653456627,0.00044984255510571725,0,1,0,34.59666015340599,34.085457563215364,47.0920049999735,0.6567963147402534,0.23503153472768232,47.09179783292536,0.004990922953537238,20,0,0,0,1,55.38166700000011
P0 shortest path,p0,914,240,11509,11506,0.9997393344339213,0.9995835068721366,3,0.011669561441597918,1.4606078644543221,1.5274148197910835,8.73898862312823,13,1,0.9997074740383209,0.9995766299745978,0.00042337002540215884,0,1,0,35.221129308516495,36.73330775824377,47.942018482088784,0.6567962217351146,0.23927649270755239,47.941803059719746,0.00499097817429796,20,0,0,0,1,61.21466600000008
P0 shortest path,p0,915,240,11685,11684,0.9999144201968335,1,1,0.0008141554494138089,1.5633846709920245,1.5790119208618574,9.490504129049137,12,1,0.9998569998569998,1,0.0001430001430001715,0,1,0,35.76600538289704,36.54964788762802,48.683686730456124,0.6567962726594117,0.2429767520031688,48.68347033958572,0.004990949706508463,20,0,0,0,1,61.729458999999906
P0 shortest path,p0,916,240,11471,11467,0.9996512945689129,0.9987720016373312,4,0.012429439861050804,1.6160247434840038,1.7373245117427984,10.524190430687364,15,0.9995627459554001,0.9997067878610174,0.9995768091409225,0.00014404190561734254,0,1,0,35.10174582105387,37.345538568361015,47.77951674974997,0.6567962297794965,0.23846526162075346,47.77930238812047,0.0049909741185347216,20,0,0,0,1,54.99220799999989
P0 shortest path,p0,917,240,11261,11261,1,1.0008795074758134,0,0.005047763786365608,1.42373178119615,1.6873112608053367,9.755352188610535,0,1,1,1,0,0,1,0,34.4711561606715,34.83542661241821,46.921174378127034,0.6567962623805952,0.2341803378431417,46.9209655507909,0.004990953086624927,20,0,0,0,1,66.77779199999986
P0 shortest path,p0,918,240,11501,11499,0.9998261020780802,0.9991434689507495,2,-0.0060790273556231,1.5795497095877582,1.5730550244626627,9.361513946534009,14,1,0.9997097242380262,1,0.0002902757619738239,0,1,0,35.19969990168639,35.70784603693398,47.912847296277306,0.6567962755452652,0.2391293684229403,47.91263464105494,0.0049909459209332915,20,0,0,0,1,52.9993750000001
P0 shortest path,p0,919,240,11146,11145,0.9999102817154136,1.0017817371937638,1,-0.015957446808510637,1.3423921357699462,1.3493191528328237,7.347145472309118,11,1,1,0.9995583038869258,0.0004416961130742081,0,1,0,34.1160661372215,34.42217277175919,46.43783411543835,0.6567963105609633,0.23176680416436005,46.43762953106047,0.004990926679608819,20,0,0,0,1,88.24420800000007
P0 shortest path,p0,920,240,11349,11346,0.999735659529474,0.9991197183098591,3,0.01514329135909683,1.4316891959434122,1.3072857543814052,7.119417561653184,16,0.9995648389904265,0.9998526377836723,0.9995584988962473,0.0002941388874250217,0,1,0,34.73135045011298,34.74360154962196,47.275343530323326,0.6567962643339181,0.2359479400182234,47.275133181056525,0.0049909524128589735,20,0,0,0,1,53.993790999999874
P0 shortest path,p0,921,240,11440,11438,0.9998251748251749,1.0004315925766076,2,-0.000542770299609205,1.5024697917940615,1.2744546993148314,7.692372603274937,14,1,0.9997053624042428,1,0.0002946375957572078,0,1,0,35.01297408906086,35.47826310169644,47.658683717692924,0.6567962131822718,0.23786261211399587,47.65846917158698,0.0049909830560777805,20,0,0,0,1,73.56633299999999
P0 shortest path,p0,922,240,11385,11384,0.9999121651295564,1,1,-0.006676074685193229,1.4767674107041249,1.5253790009286172,9.320326865204455,7,1,0.9998542274052478,1,0.00014577259475223592,0,1,0,34.84767114836744,34.03953191902859,47.43367415216979,0.6567963140891331,0.23673678260263298,47.433465463191006,0.004990923186633788,20,0,0,0,1,78.33500000000004
P0 shortest path,p0,923,240,11230,11228,0.9998219056099733,0.9995721009841677,2,0.009281372123317411,1.5571160672182405,2.0879125436262482,11.348584228318638,13,1,0.9997055792727808,1,0.0002944207272191912,0,1,0,34.3701373131643,35.75375992976917,46.783667524090774,0.6567963391507108,0.23349196698328,46.783462893593764,0.004990908165869289,20,0,0,0,1,54.52741699999979
P0 shortest path,p0,924,240,11356,11355,0.9999119408242338,1.0008591065292096,1,0.008847155883630048,1.5910408467320007,1.8085141303413197,9.829745986243628,4,1,0.9998542698921598,1,0.00014573010784024731,0,1,0,34.75889841321029,35.661925121949665,47.312838483944994,0.6567963339691949,0.2361331817272523,47.31263122465864,0.0049909120591074465,20,0,0,0,1,67.63933300000008
P0 shortest path,p0,925,240,11400,11399,0.9999122807017544,1.0012520868113524,1,0.010801128962223187,1.6047217905579951,1.870863927152078,10.128357097353728,2,1,0.9998532433225712,1,0.00014675667742880538,0,1,0,34.893589369139406,36.718007569882836,47.49617874663366,0.656796259961353,0.2370502122028886,47.49596724438907,0.0049909545158466585,20,0,0,0,1,70.68508299999985
P0 shortest path,p0,926,240,11213,11208,0.9995540890038348,0.9991345737775854,5,-0.0006513243595310464,1.3704325032650575,1.550445962870548,8.790553996169669,16,1,0.9992547324489491,1,0.0007452675510508655,0,1,0,34.30891727030687,35.34051182147677,46.70033923713577,0.6567962687342714,0.23307809284043723,46.7001315166583,0.004990951529917993,20,0,0,0,1,52.172207999999955
P0 shortest path,p0,927,240,11407,11407,1,1.0022431583669806,0,0.008575770733825448,1.637874931417259,1.5167588245610808,8.694847279867645,0,1,1,1,0,0,1,0,34.9180770939317,34.19259169954079,47.529509293161034,0.6567962980046963,0.2372154846040269,47.52929949732357,0.004990931638228432,20,0,0,0,1,65.74416699999983
P0 shortest path,p0,928,240,11412,11410,0.9998247458815283,1,2,0.018345636126791142,1.4729410032017924,1.4822176598162506,8.620933067572878,12,1,0.9997078159240321,1,0.00029218407596787177,0,1,0,34.92726090432474,35.7078414510407,47.542010648904515,0.6567962833369377,0.2372783281794499,47.541800022923006,0.004990941194171077,20,0,0,0,1,63.54154100000005
P0 shortest path,p0,929,240,11405,11405,1,1.0008673026886383,0,0.024153278332609638,1.5497364272289587,1.6945602706069414,8.90461936921171,0,1,1,1,0,0,1,0,34.91195564281931,35.325205327512556,47.52117791812381,0.6567962747071103,0.23717462180158336,47.52096692318941,0.004990946884244609,20,0,0,0,1,59.46483399999988
P0 shortest path,p0,930,240,11544,11544,1,1.0008877052818463,0,0.007870169344333478,1.5535921278818812,1.3519341049799574,7.414594825496654,0,1,1,1,0,0,1,0,35.337448258399114,34.51401073238033,48.10034450947137,0.6567963264199326,0.24006367719236166,48.100133560656104,0.004990914981340586,20,0,0,0,1,62.63195799999994
P0 shortest path,p0,931,240,11295,11292,0.999734395750332,1,3,0.02637863656100738,1.5219688070882784,1.7149377669705868,9.797498440614314,36,0.9995511669658886,0.9998531786815446,0.9995567375886525,0.00030201171565591434,0,1,0,34.56604888518755,35.90681770395306,47.050337580116015,0.656796319607191,0.23482341524097225,47.05013087425902,0.004990919491138832,20,0,0,0,1,59.23808400000007
P0 shortest path,p0,932,240,11308,11306,0.9998231340643792,0.9995539696699376,2,0.005427702996092056,1.5245402493621705,1.2211818379782773,7.5743170477195845,8,1,0.9997043169722057,1,0.0002956830277942579,0,1,0,34.60890603646135,34.299731854851196,47.10867558323229,0.6567962664449277,0.23511608725647803,47.10846601799039,0.0049909518846716185,20,0,0,0,1,51.46037499999966
P0 shortest path,p0,933,240,11741,11737,0.9996593135167362,0.9995773457311918,4,-0.017042987407729047,1.528251619152224,1.5162510308987438,7.609518855277504,13,0.9995682210708118,0.9995775242923531,1,0.00043177892918822014,0,1,0,35.92824206630051,36.19761844642505,48.90451607187821,0.6567963369627101,0.24407690399490237,48.904302125320754,0.0049909086396824134,20,0,0,0,1,60.74016699999993
P0 shortest path,p0,934,240,11327,11326,0.9999117153703541,1,1,-0.023827616152844112,1.4717078823745773,1.5736362702332884,8.906134875132617,5,1,1,0.9995606326889279,0.0004393673110720808,0,1,0,34.67012822895624,35.049700474126546,47.19200951911829,0.6567962637605431,0.2355320000463705,47.19179958492348,0.0049909518627811915,20,0,0,0,1,56.753416000000016
P0 shortest path,p0,935,240,11315,11311,0.9996464869642068,0.9986754966887417,4,0.0028766825879287888,1.531626747629868,1.4027486668202,7.546059684604491,6,0.9995627459554001,0.999852224028373,0.9991154356479434,0.000736788380429676,0,1,0,34.62421155592326,34.621152464091544,47.129508991884755,0.6567962659144938,0.2352200382719906,47.1292993805237,0.004990951305531096,20,0,0,0,1,93.09762499999988
P0 shortest path,p0,936,240,11406,11405,0.9999123268455199,0.9995625546806649,1,0.004613547546678247,1.557431188040268,1.6201272561291795,8.037120148901826,12,1,1,0.9995590828924162,0.00044091710758376035,0,1,0,34.91195681795447,34.97317545638209,47.52118100620605,0.6567962366776303,0.23717573626197044,47.520968120388126,0.004990970210478812,20,0,0,0,1,56.940250000000106
P0 shortest path,p0,937,240,11250,11249,0.9999111111111111,1,1,-0.02295918367346939,1.4560686911356493,1.6469933557405427,9.313382420758899,1,0.999554565701559,1,1,0.00044543429844101645,0,1,0,34.43442160698334,35.371121513294405,46.871170762811175,0.6567963039814183,0.23392961590850583,46.870964149192424,0.004990928182400881,20,0,0,0,1,50.146834000000126
P0 shortest path,p0,938,240,11326,11326,1,1,0,0.0056990881458966565,1.3872423578467021,1.5167213309337269,8.563382420760414,0,1,1,1,0,0,1,0,34.67012553474394,36.01395370329767,47.19200243912476,0.656796356210068,0.23552944494206826,47.191796840126436,0.004990898010092324,20,0,0,0,1,79.81854199999998
P0 shortest path,p0,939,240,11339,11338,0.9999118088014816,1.0008802816901408,1,0.00407077724706904,1.4374054407060421,1.5108954403687465,9.021715754093748,13,1,0.9998530276308054,1,0.00014697236919458678,0,1,0,34.70686091962522,34.8048143410356,47.242008238693934,0.656796286029541,0.23578095515356337,47.24179908852401,0.004990939373662408,20,0,0,0,1,54.820834000000104
P0 shortest path,p0,940,240,11233,11232,0.9999109765868424,0.9995458673932789,1,-0.00933564915327833,1.354787012210545,1.1597277448523762,7.328786815569401,4,1,1,0.999552171965965,0.0004478280340349805,0,1,0,34.382384113398295,33.68750634717308,46.80034051756015,0.656796259848181,0.23357738933481687,46.800132013057805,0.004990955779134254,20,0,0,0,1,66.48154199999999
P0 shortest path,p0,941,240,11679,11679,1,1.0004251700680271,0,0.003202344767694312,1.6222214598272033,1.664806647473492,9.864468208465647,0,1,1,1,0,0,1,0,35.75069765647399,36.01395270013351,48.66284752223455,0.6567963417786996,0.24287070797668542,48.662634728654844,0.0049909074864306876,20,0,0,0,1,71.77795900000001
P0 shortest path,p0,942,240,11289,11288,0.9999114181947029,1.0004395604395604,1,0.02127659574468085,1.544560182615353,1.5153568137321265,8.117978805641542,1,1,1,0.9995450409463148,0.00045495905368519995,0,1,0,34.55380262952835,34.83542159659742,47.033666017709166,0.6567963808243773,0.2347385093466879,47.0334623095944,0.00499088303985657,20,0,0,0,1,60.1545000000001
P0 shortest path,p0,943,240,11284,11282,0.999822757887274,0.9991247264770241,2,-0.02295918367346939,1.442410092748882,1.5002266685707728,8.400705936607665,6,1,0.9998516760605162,0.9995553579368608,0.0004446420631392112,0,1,0,34.53543959463557,34.94256705434694,47.008675357275074,0.6567962593732212,0.23461717130954762,47.008465930390486,0.004990955706935122,20,0,0,0,1,63.434499999999844
P0 shortest path,p0,944,240,11488,11485,0.9997388579387186,0.9995708154506437,3,0.018562744246634823,1.5966160465112493,1.7022002911491672,9.419064593346775,21,1,0.9997056226081837,0.9995724668661822,0.00042753313381782565,0,1,0,35.156846877716575,35.6466263666804,47.85452013910852,0.6567961910352718,0.23884061060976958,47.85430370211902,0.0049909954201087575,20,0,0,0,1,65.26212499999974
P0 shortest path,p0,945,240,11465,11462,0.9997383340601832,0.9987347110923661,3,-0.005916196265740339,1.482659004574366,1.7066503588708606,9.519241077499222,11,1,0.9997067018624431,0.9995744680851064,0.00042553191489358433,0,1,0,35.08644024426831,36.243541367737656,47.75868319045939,0.6567962296077201,0.23836125624131976,47.75846896718722,0.004990973567538094,20,0,0,0,1,53.41612499999974
P0 shortest path,p0,946,240,11287,11286,0.9999114024984496,1.0004446420631392,1,0.004179331306990882,1.3117803625988695,1.1761898870935676,7.531134875132011,16,1,0.9998533294221179,1,0.00014667057788209092,0,1,0,34.547681923623614,34.43748041219673,47.025336600968004,0.6567963317023874,0.2346983532752215,47.025130494659436,0.004990913386234533,20,0,0,0,1,60.22158399999989
P0 shortest path,p0,947,240,11454,11452,0.999825388510564,1,2,0.014600521059487625,1.6446779326788135,1.945834982139892,9.772674924766457,7,1,0.9997080718143336,1,0.000291928185666368,0,1,0,35.05582805887121,35.75375863998669,47.717013360391356,0.6567962673015699,0.23815226693186853,47.71680107412188,0.004990952066588239,20,0,0,0,1,59.570042000000285
P0 shortest path,p0,948,240,11353,11353,1,1.0004340277777777,0,-0.031046461137646548,1.506080927656377,1.5840186433472234,9.054442885058657,0,1,1,1,0,0,1,0,34.7527789684262,35.27928140303575,47.304512381243306,0.6567962388564342,0.23609422166205504,47.304300694522276,0.004990967379196331,20,0,0,0,1,53.028999999999996
P0 shortest path,p0,949,240,11314,11314,1,1,0,0.009715588363004775,1.50946137366718,1.8112130444872612,9.49641265290908,0,1,1,1,0,0,1,0,34.63339625483309,34.498708824309425,47.142012682519635,0.6567962197460903,0.23528372448819398,47.14180081132216,0.004990978716105501,20,0,0,0,1,60.09550000000036
P0 shortest path,p0,950,240,11290,11289,0.999911426040744,1.0008984725965857,1,0.024641771602257924,1.4272404827561138,1.6275194114576845,9.243937976316678,2,1,0.9998528762689421,1,0.00014712373105785215,0,1,0,34.55686590598766,34.10076420048874,47.03783840862592,0.6567963084258046,0.2347613599424084,47.03763119545868,0.004990926498124204,20,0,0,0,1,54.91100000000006
P0 shortest path,p0,951,240,11454,11452,0.999825388510564,1,2,-0.0009769865392965692,1.656012213775892,1.6396800218490661,9.825276218392597,3,0.9990970654627539,1,1,0.0009029345372461028,0,1,0,35.055822957064905,34.94256361492697,47.7169999535951,0.656796433417174,0.23814742854287074,47.71679587652745,0.00499085121220427,20,0,0,0,1,88.43412499999977
P0 shortest path,p0,952,240,11352,11350,0.9998238195912614,0.9991419991419992,2,-0.02165653495440729,1.6018415338524659,1.7517817157545348,9.417069502089968,7,1,0.9998529195469922,0.9995529727313366,0.0004470272686634136,0,1,0,34.743594584796504,35.646628229699544,47.29200951911829,0.6567962768335144,0.23603083444741882,47.29179958492347,0.004990946348395356,20,0,0,0,1,55.45054100000016
P0 shortest path,p0,953,240,11427,11424,0.9997374639012864,0.9991083370485956,3,0.010041250542770299,1.5529261148411246,1.644292738808315,8.893281906826209,16,0.9995594713656387,0.9997088791848617,1,0.0004405286343612813,0,1,0,34.97011596328472,34.29973242808786,47.600343153727934,0.6567962984182716,0.23756901591182755,47.60013303505667,0.004990931763507091,20,0,0,0,1,49.693333000000166
P0 shortest path,p0,954,240,11293,11291,0.9998228991410608,0.9991107158737217,2,-0.020245332175423358,1.4204588981471582,1.2605286648243548,8.241942885059265,12,1,0.9998532217818875,0.9995621716287215,0.0004378283712784814,0,1,0,34.562987701042026,34.391565946124864,47.046170687492115,0.6567963250002872,0.23480254892837985,47.04596411999244,0.004990917995207993,20,0,0,0,1,81.22350000000006
P0 shortest path,p0,955,240,11449,11448,0.9999126561271727,1,1,-0.014329135909683021,1.6103401438140243,1.7267801350754732,9.623887329502699,14,1,0.9998530708198649,1,0.00014692918013514689,0,1,0,35.04358481270448,36.1517101426473,47.70034970648787,0.6567962250444046,0.23807021514345347,47.70013557545394,0.004990975649678494,20,0,0,0,1,55.1377080000002
P0 shortest path,p0,956,240,11151,11148,0.9997309658326607,0.9991364421416234,3,0.02941815023881893,1.4025540958032858,1.35424296590203,7.903180613201282,14,0.9995431703974418,0.9997058390939844,1,0.0004568296025582175,0,1,0,34.12524699544569,35.41703397303793,46.45032771331655,0.6567963919461011,0.23182684799783504,46.4501270490631,0.004990876510476864,20,0,0,0,1,123.20958299999984
P0 shortest path,p0,957,240,11550,11548,0.9998268398268398,1.0004366812227075,2,0.010746851932262266,1.5871655188772495,1.5253751317441084,8.687423250087098,12,0.9995638901003053,0.9998555539505994,1,0.00043610989969466996,0,1,0,35.3496941414545,35.06500739801827,48.117015092730156,0.6567962800841004,0.24014822972115743,48.11680174572112,0.004990943308955755,20,0,0,0,1,92.19350000000031
P0 shortest path,p0,958,240,11535,11534,0.999913307325531,1.0004351610095736,1,-0.02133087277464178,1.5472782631213633,1.5078214746699252,8.646236168756635,12,1,0.9998559285405562,1,0.0001440714594438397,0,1,0,35.306837850035635,35.18745820325868,48.05867934918628,0.6567963043580968,0.23985637316447128,48.05846747798881,0.0049909284617602,20,0,0,0,1,58.4970000000003
P0 shortest path,p0,959,240,11354,11348,0.9994715518759908,0.9973214285714286,6,0.004450716456795484,1.4112618104827017,1.1733320273459662,7.586690430688577,29,1,0.9992565055762082,0.9995708154506437,0.0007434944237918462,0,1,0,34.737474566775795,34.1926004413999,47.28368191003504,0.656796200369615,0.23599133074300838,47.283468470787746,0.004990990263093886,20,0,0,0,1,54.61725000000024
P0 shortest path,p0,960,240,11420,11417,0.999737302977233,0.999562363238512,3,0.004233608336951803,1.5385065934959072,1.1668585659432424,7.5971454723088145,11,1,0.999562618457501,1,0.0004373815424989491,0,1,0,34.94868841947379,34.95787154198283,47.57117686365664,0.6567962914816563,0.2374236584546584,47.57096651438985,0.004990936191780749,20,0,0,0,1,90.86449999999968
P0 shortest path,p0,961,240,11411,11409,0.9998247305231794,1.0008503401360545,2,-0.006241858445505861,1.5272281835540895,1.7979337645272904,10.079745986242415,10,1,0.9998549883990719,0.999554565701559,0.00044543429844101645,0,1,0,34.924198287087535,36.029257044460245,47.53783999032657,0.656796333343368,0.23725610276882447,47.537631808658006,0.004990911278958855,20,0,0,0,1,57.044707999999446
P0 shortest path,p0,962,240,11521,11520,0.9999132019789949,0.9995773457311918,1,-0.01622883195831524,1.4734800982196077,1.6370792537535064,9.422018855276596,16,1,0.9998560322487763,1,0.00014396775122371697,0,1,0,35.263981931220655,36.197619736207535,48.000344584790454,0.6567963186818253,0.23956486997327386,48.00013358985607,0.004990920900768105,20,0,0,0,1,51.84637500000008
P0 shortest path,p0,963,240,11327,11325,0.999823430740708,0.999537037037037,2,0.008738601823708208,1.461476218484086,1.2715435022195014,7.577271309650314,6,1,0.9998529195469922,0.9995608256477821,0.0004391743522178526,0,1,0,34.66706641425042,33.04467788320812,47.1878409694746,0.6567962886391736,0.2355105357306435,47.187632188257595,0.004990937769266777,20,0,0,0,1,87.00220900000022
P0 shortest path,p0,964,240,11453,11452,0.9999126866323234,0.9995602462620933,1,-0.0010312635692574896,1.533135898665136,1.417244548118313,8.967675704457784,9,0.9995674740484429,1,1,0.0004325259515570723,0,1,0,35.05582863210783,34.78950985339969,47.717014866772914,0.6567962442612104,0.23815281057108165,47.71680165812122,0.004990963398540123,20,0,0,0,1,56.56212499999947
P0 shortest path,p0,965,240,11352,11351,0.9999119097956307,1,1,-0.03918801563178463,1.4601660053562522,1.7901710899417027,10.162120148902735,3,1,1,0.9995584988962473,0.00044150110375273943,0,1,0,34.74665568295654,35.40173966035279,47.29617618578496,0.6567962745093909,0.23605161921412918,47.29596625159015,0.004990946119135325,20,0,0,0,1,72.44045800000004
P0 shortest path,p0,966,240,11280,11279,0.9999113475177305,1.0004448398576513,1,0.008358662613981762,1.58986859882899,1.5461612919508048,8.799013946534311,17,1,0.9998532433225712,1,0.00014675667742880538,0,1,0,34.52625415051805,34.42217692772498,46.99616970834406,0.6567963289544866,0.23455277836236701,46.995963740392845,0.004990913254977466,20,0,0,0,1,92.88870899999984
P0 shortest path,p0,967,240,11435,11430,0.9995627459554001,0.9982646420824295,5,0.015360399478940513,1.3935439302138668,1.2906743188576588,7.842119369212014,13,1,0.9994140911088326,0.9995730145175064,0.000585908891167386,0,1,0,34.988484013998274,35.2180678950763,47.62534699500102,0.6567962546321009,0.23769511079208336,47.62513452425509,0.004990959357207216,20,0,0,0,1,69.02208400000018
P0 shortest path,p0,968,240,11337,11336,0.9999117932433624,1.0004258943781943,1,-0.026758575770733827,1.5364126168412342,1.7415541370708536,9.453786815568796,12,1,0.9998524856173477,1,0.00014751438265225847,0,1,0,34.70073938252733,35.952730880242434,47.23367663769945,0.6567962620424976,0.23574001080523796,47.23346642678994,0.004990952996656003,20,0,0,0,1,71.80483300000014
P0 shortest path,p0,969,240,11436,11435,0.9999125568380552,1.00083857442348,1,-0.00303951367781155,1.5283600665265837,1.579612475261713,9.590680613201584,12,1,0.9998535656757944,1,0.0001464343242055799,0,1,0,35.00378950479832,36.534342253518794,47.64618032833435,0.6567962562704196,0.23779903462563512,47.645967857588424,0.004990958213639512,20,0,0,0,1,56.28725000000031
P0 shortest path,p0,970,240,11481,11477,0.9996515982928317,0.9991578947368421,4,-0.017477203647416412,1.6644677722384618,2.0189047382180476,10.552447793801548,16,0.9991471215351813,0.9998527029017529,0.9995739241585002,0.0007055813665716171,0,1,0,35.132357977789106,36.32006853511964,47.82118650449891,0.6567961910625595,0.23867422374824418,47.820970251985834,0.00499099500680526,20,0,0,0,1,67.42862499999956
P0 shortest path,p0,971,240,11261,11260,0.9999111979397922,1.0004616805170823,1,-0.006458966565349544,1.41794835468329,1.414607268136771,8.77467001602387,5,1,0.9998513895080993,1,0.00014861049190073583,0,1,0,34.46809517715879,33.1671192300436,46.91700801273669,0.6567962578107482,0.23415966180427397,46.9167990009241,0.004990955623371957,20,0,0,0,1,68.34849999999915
P0 shortest path,p0,972,240,11307,11305,0.9998231184222163,0.9991449337323642,2,-0.01308076422058185,1.4795975101983907,1.5630307811255701,9.01828190682651,10,0.9991582491582491,1,1,0.0008417508417508657,0,1,0,34.60584548287616,35.76906742689756,47.10451034762816,0.6567962538405404,0.23509581894702034,47.104299906123146,0.00499096302069145,20,0,0,0,1,53.50737500000014
P0 shortest path,p0,973,240,11373,11373,1,1.000437445319335,0,-0.00998697351280938,1.4724768102857828,1.6099017453810887,8.782650381052008,0,1,1,1,0,0,1,0,34.813999871138634,35.00378543481804,47.38784292777071,0.656796286331293,0.23650891126371765,47.3876329474568,0.004990941656148086,20,0,0,0,1,63.70558299999993
P0 shortest path,p0,974,240,11346,11345,0.9999118632117046,1.0008873114463177,1,-0.008738601823708208,1.4934504322816007,1.6162886230872475,9.565857097354334,3,1,0.9998514557338086,1,0.00014854426619137495,0,1,0,34.7282908710301,34.52932138231035,47.27118085556788,0.6567962140468329,0.23592859589542814,47.270968061988185,0.004990982955670511,20,0,0,0,1,62.69408399999975
P0 shortest path,p0,975,240,11338,11337,0.9999118010231082,1.0004382120946538,1,-0.01590316977854972,1.4825983292061233,1.4177260179189977,9.037120148902735,30,1,1,0.9995567375886525,0.00044326241134751143,0,1,0,34.70379821640253,34.94256275507197,47.23783735415878,0.6567963398788278,0.23575864819705605,47.2376307866591,0.0049909075512660816,20,0,0,0,1,52.2875839999997
P0 shortest path,p0,976,240,11372,11370,0.9998241294407316,0.9991456642460487,2,0.00401650021710812,1.4851339698669503,1.6691232050638058,9.472625057646232,9,0.9995672868887927,1,0.9995661605206074,0.0004338394793925726,0,1,0,34.804818325030425,35.7996782651885,47.37534752223458,0.6567962213114975,0.23644821506318692,47.375134728654864,0.004990977153256962,20,0,0,0,1,59.315708000000086
P0 shortest path,p0,977,240,11291,11289,0.9998228677707909,1,2,-0.0004342162396873643,1.391014031194609,1.6806695470437336,9.507347279867341,15,1,1,0.9991323210412147,0.0008676789587852562,0,1,0,34.55686650788614,35.616006356602846,47.03783999032659,0.6567962905560365,0.2347619307635823,47.03763180865801,0.004990938568475521,20,0,0,0,1,56.10583300000053
P0 shortest path,p0,978,240,11392,11390,0.9998244382022472,0.9995784148397976,2,0.0007598784194528862,1.454606552876911,1.5654350041901353,9.022195339430255,8,0.9995687796463993,1,0.9995541685242978,0.0004458314757022075,0,1,0,34.86603874049163,36.28945655035535,47.458676788337584,0.6567962843518702,0.23686244257151823,47.45846648518989,0.00499094176684859,20,0,0,0,1,91.30070799999976
P0 shortest path,p0,979,240,11651,11647,0.9996566818298859,0.9987261146496815,4,0.01514329135909683,1.6664480602902945,1.6625398492775882,9.439897926680109,29,1,0.9995684074233924,0.9995855781185247,0.0004315925766076312,0,1,0,35.652744951609435,35.998647495951786,48.529520591023,0.6567962526629907,0.2422079059086104,48.52930387731885,0.004990961883997086,20,0,0,0,1,64.87112499999967
P0 shortest path,p0,980,240,11361,11358,0.9997359387377872,0.9987096774193548,3,0.0038536691272253567,1.4567756603082025,1.4608040896896137,8.056917561652577,28,1,0.9998523767345734,0.9991247264770241,0.0008752735229758946,0,1,0,34.768084315917115,35.53948305856837,47.32534533798126,0.6567962451838935,0.23619800958580348,47.32513388185578,0.004990963367910527,20,0,0,0,1,50.824915999999575
P0 shortest path,p0,981,240,11518,11515,0.999739538114256,0.9991300565463245,3,0.013623534520191057,1.6104854770779489,1.6575836317618624,9.579745986242415,11,0.9995621716287215,0.9998547356188263,0.9995744680851064,0.0002925639901047994,0,1,0,35.2486780741451,35.15684349562026,47.97951554464466,0.6567962629743542,0.23946249551147972,47.97930192092095,0.004990954139061039,20,0,0,0,1,86.39099999999962
P0 shortest path,p0,982,240,11409,11407,0.9998246997984047,1,2,-0.0072188449848024335,1.6363428849520063,1.6145717578282959,9.124923250086189,11,1,0.9997090062563655,1,0.0002909937436345045,0,1,0,34.91807672132787,35.47825650947483,47.52950831401301,0.656796318034333,0.23721513123853835,47.52929911772396,0.004990924243401675,20,0,0,0,1,56.259125000000495
P0 shortest path,p0,983,240,11370,11368,0.9998240985048373,0.9995794785534062,2,-0.0038536691272253575,1.4572227347131035,1.8518010548286103,9.82830723023138,15,0.9995598591549296,0.9998545666084933,1,0.0004401408450703803,0,1,0,34.798692660628575,36.38129264795733,47.36700507529258,0.6567963390579382,0.2364033565125262,47.366797862125345,0.0049909085516113205,20,0,0,0,1,73.50137499999983
P0 shortest path,p0,984,240,11418,11416,0.999824837975127,1.000886132033673,2,-0.02236213634389926,1.5159442254362263,1.540503828351882,9.412120148902128,12,1,0.9997117740308402,1,0.00028822596915978327,0,1,0,34.94562497104347,34.575231262488906,47.567004020825415,0.6567963695870306,0.2374006447671738,47.56679745332576,0.004990889811325216,20,0,0,0,1,79.41616700000031
P0 shortest path,p0,985,240,11376,11374,0.9998241912798875,1,2,-0.02105948762483717,1.5079979459530106,1.5172421992983123,9.025226351270248,13,1,0.9998550724637681,0.9995687796463993,0.0004312203536006587,0,1,0,34.817058733675644,34.789505984052234,47.39200371954912,0.6567963640613274,0.2365275758374964,47.391797336525904,0.004990896930072736,20,0,0,0,1,53.87904099999923
P0 shortest path,p0,986,240,11268,11266,0.9998225062122825,0.9991083370485956,2,-0.007870169344333478,1.5119326045791488,1.5074663244997752,8.037599734238634,21,1,0.9997032640949555,1,0.00029673590504453173,0,1,0,34.486461651471544,34.29973615412616,46.942007711460356,0.6567962678436424,0.2342842616766935,46.94179888412424,0.004990951928685644,20,0,0,0,1,69.72283400000015
P0 shortest path,p0,987,240,11461,11459,0.9998254951574906,0.9995657837603127,2,-0.009552757273122017,1.4633590732124178,1.4804177758327646,8.83325658342043,16,0.9995547640249333,0.9998553450021698,1,0.00044523597506673784,0,1,0,35.07725414092863,35.233369516528896,47.746175809189545,0.6567963222048486,0.23829623810904385,47.74596610559032,0.0049909187633160705,20,0,0,0,1,74.03612500000054
P0 shortest path,p0,988,240,11472,11471,0.9999128312412832,1,1,-0.017857142857142856,1.4917652003905768,1.5756573668902918,8.977574410833162,8,1,0.9998539079620161,1,0.00014609203798388037,0,1,0,35.113989611795404,36.044562248641974,47.796181834715945,0.6567962488150438,0.23854782986642098,47.7959684415878,0.004990961322563304,20,0,0,0,1,55.697165999999925
P0 shortest path,p0,989,240,11309,11307,0.9998231497037757,0.9995612110574813,2,0.01726009552757273,1.4291211360894684,1.4052062513362389,8.591160198538091,5,1,0.9998511018463371,0.9995669120831528,0.0004330879168471524,0,1,0,34.61196851038934,34.8660414633658,47.11284586521481,0.6567962187375689,0.23513817675730023,47.11263408625555,0.004990979199481833,20,0,0,0,1,66.13545900000008
P0 shortest path,p0,990,240,11418,11417,0.9999124189875634,1.0008554319931566,1,0.040110725141120275,1.474432083383398,1.5348015085784827,9.060428158829685,13,0.9995657837603127,1,1,0.0004342162396873128,0,1,0,34.948689852565444,35.8149785968586,47.57118062961066,0.6567962425099587,0.23742501755269152,47.57096797438829,0.004990964608509094,20,0,0,0,1,68.3879169999991
P0 shortest path,p0,991,240,11466,11463,0.999738356881214,0.9991564740615774,3,-0.013352149370386455,1.4992902087499147,1.6218485812239778,9.329266400906212,8,0.9995638901003053,0.9998545031281827,0.9995652173913043,0.0002906130278773622,0,1,0,35.08949979468934,36.258840839552775,47.76284578989573,0.656796279328154,0.23838057318215441,47.76263405705557,0.0049909427712339595,20,0,0,0,1,53.98908399999982
P0 shortest path,p0,992,240,11277,11276,0.9999113239336703,0.9995672868887927,1,-0.008195831524099004,1.5432862456419225,1.4634366504092122,8.704266400905302,7,1,0.9998536299765808,1,0.0001463700234192178,0,1,0,34.51707025413952,35.355816595731,46.9836681266434,0.6567963483233067,0.23448985324106217,46.98346312719351,0.004990901854259909,20,0,0,0,1,68.39716700000008
P0 shortest path,p0,993,240,11280,11279,0.9999113475177305,1.0008845643520565,1,-0.006404689535388622,1.4349856758887993,1.4874646861811993,8.102094825496655,11,1,0.9998503442083209,1,0.00014965579167913745,0,1,0,34.52625793388001,34.63645953129242,46.99617965046265,0.6567962056896951,0.23455636638117436,46.99596759478868,0.004990989193021403,20,0,0,0,1,54.80487499999981
P0 shortest path,p0,994,240,11345,11344,0.9999118554429264,1.0004355400696865,1,-0.016771602257924446,1.463911844837293,1.5592012426040285,8.637776218392597,1,0.9995501574448943,1,1,0.00044984255510571725,0,1,0,34.72522762323263,35.15684392554775,47.26700853997024,0.6567962877788133,0.2359057724816682,47.26679920532388,0.0049909402889099595,20,0,0,0,1,74.08045800000036
P0 shortest path,p0,995,240,11498,11497,0.999913028352757,0.9995835068721366,1,-0.016663048198002604,1.4861051060638966,1.778832483800185,9.766766400906514,3,0.9995674740484429,1,1,0.0004325259515570723,0,1,0,35.19357770536639,36.733317789885355,47.904513962943994,0.6567962734444698,0.23908779888951956,47.90430130772162,0.004990946373556259,20,0,0,0,1,80.45204100000046
P0 shortest path,p0,996,240,11488,11488,1,1.0012541806020068,0,-0.0027138514980460248,1.4500598219550809,1.5357116711716627,9.156614460468518,0,1,1,1,0,0,1,0,35.16602879642859,36.65678703977425,47.86701652379272,0.6567962382973381,0.23890166017578882,47.86680230052054,0.004990967616259397,20,0,0,0,1,53.895958000000064
P0 shortest path,p0,997,240,11381,11379,0.9998242685177049,0.9995621716287215,2,-0.006784628745115067,1.4029399199984571,1.6161862511179352,8.7806552897952,14,1,0.9997029997029997,1,0.00029700029700030495,0,1,0,34.832369154310996,34.942573359950224,47.41285000776419,0.6567961935290482,0.23663617496828185,47.41263569225382,0.004990993888301025,20,0,0,0,1,69.8597920000002
P0 shortest path,p0,998,240,11134,11131,0.9997305550565835,0.9990925589836661,3,-0.02914676508901433,1.354295722938131,1.2705768862315852,7.870933067572575,12,1,0.9995523056260259,1,0.0004476943739740724,0,1,0,34.07321067699582,33.70282115306889,46.37950055614776,0.6567963039417093,0.23147573588453318,46.37929611012722,0.004990928179136141,20,0,0,0,1,72.55058300000019
P0 shortest path,p0,999,240,11227,11226,0.9999109290104213,1,1,0.006567520625271387,1.5750621122435322,1.3841885757467198,8.790553996170274,16,0.9995483288166215,1,1,0.0004516711833785214,0,1,0,34.364016721906935,34.65175885979836,46.775338408625906,0.6567962852732449,0.2334519196396563,46.77513119545868,0.004990940990932416,20,0,0,0,1,52.74300000000039
P0 shortest path,p0,1000,240,11318,11316,0.9998232903339813,1.0004468275245755,2,-0.007056013894919669,1.5660595089866074,1.2319923760412836,6.892245986243627,9,1,0.9997029114676174,1,0.0002970885323826389,0,1,0,34.63951822185844,34.269122449651896,47.15034541330032,0.6567962277800208,0.2353250765659294,47.15013391105572,0.004990973663189334,20,0,0,0,1,64.76575000000048
P1 noise aware,p1,901,240,11603,11601,0.9998276307851418,0.9991405242801891,2,-0.016717325227963525,1.7797373214809156,1.5610178196875715,8.980221673128653,7,1,0.9997112330349408,1,0.0002887669650591951,0.7974312559262132,0,0.20256874407378675,6.626964726701879,6.640675109136258,38.553106814418584,0.5253825075495815,24.18610711718995,0.24182203925166576,100.01614076217145,20,0,0,0,1,110.31445799999983
P1 noise aware,p1,902,240,11504,11501,0.9997392211404729,0.9995733788395904,3,-0.0029852366478506304,1.7121920277596185,1.7134860914876815,9.61017102631619,8,1,0.9995637632688672,1,0.0004362367311327997,0.8036692461525085,0,0.19633075384749152,6.569840995011145,6.692086648402289,38.51950538260925,0.5295145933827107,23.9776244782537,0.2397379101956668,100.01599020648796,20,0,0,0,1,77.27583400000003
P1 noise aware,p1,903,240,11453,11452,0.9999126866323234,1,1,-0.0047221016066000855,1.6333711330960419,1.6009571151476405,9.117671806007214,2,1,1,0.9995644599303136,0.0004355400696863798,0.7995983234369543,0,0.20040167656304575,6.5418483963690495,6.6463894704934035,38.16127240671778,0.5268180475396633,23.87546623039643,0.23871463854091055,100.01676636309294,20,0,0,0,1,81.67858400000114
P1 noise aware,p1,904,240,11376,11375,0.9999120956399438,0.9995619798510732,1,-0.027789839339991317,1.7528323845230414,1.5132145337039562,9.197571292073311,9,1,1,0.9995559502664298,0.000444049733570151,0.8021098901098901,0,0.19789010989010988,6.497866719780154,6.51786297200514,38.02365058127604,0.5284815821717566,23.714937802093715,0.2371135989388562,100.01508942643571,20,0,0,0,1,69.21849999999904
P1 noise aware,p1,905,240,11418,11418,1,1,0,-0.008847155883630048,1.6359931271640133,1.892060798060078,10.797671026316493,0,1,1,1,0,0.7990891574706603,0,0.20091084252933963,6.522428821866511,6.794913161077381,38.02377345012798,0.5264806712606389,23.80458435480429,0.23800862807095102,100.0156361882313,20,0,0,0,1,88.25566699999945
P1 noise aware,p1,906,240,11272,11269,0.9997338537970192,1.0004364906154517,3,0.009335649153278332,1.7218982656033828,1.7988455066697115,10.398883431052733,31,1,0.9997046226554424,0.9995600527936648,0.0004399472063352228,0.7983849498624546,0,0.20161505013754547,6.437314335126259,6.5464201384968845,37.49453769862513,0.5260141820525368,23.493945110097087,0.2349031442277767,100.01545610354154,20,0,0,0,1,95.64116599999943
P1 noise aware,p1,907,240,11178,11177,0.9999105385578816,1,1,-0.008358662613981762,1.6451131574002638,1.691606826389456,9.72375681402112,11,1,0.9998517859789536,1,0.00014821402104636672,0.8028093406101816,0,0.1971906593898184,6.384761333394887,6.549278042152935,37.394340590073774,0.5289448909262905,23.302141822824453,0.23298660996595108,100.01494002693912,20,0,0,0,1,126.91312500000095
P1 noise aware,p1,908,240,11396,11396,1,1.0008775778850374,0,-0.02301346070343031,1.5670962317493966,1.7749540956342083,9.294716764385763,0,1,1,1,0,0.8041418041418041,0,0.19585819585819586,6.509862866105141,6.515004345371608,38.190263787315615,0.5298275363171666,23.758719301160294,0.23755143517599064,100.01505267083982,20,0,0,0,1,210.8327079999999
P1 noise aware,p1,909,240,11405,11403,0.9998246383165278,0.9991304347826087,2,0.0026052974381241853,1.5981242133348323,1.749673805229383,9.22671107595185,5,1,0.9997070026369763,1,0.00029299736302368373,0.796983250021924,0,0.20301674997807595,6.513859701805348,6.563553462372329,37.873832054562016,0.5250857192943515,23.77331145989841,0.23769542613514916,100.01585577999869,20,0,0,0,1,131.7612079999999
P1 noise aware,p1,910,240,11622,11622,1,1.0004336513443193,0,-0.01204950065132436,1.7057075087332763,1.7997147521360164,9.806130976680834,0,1,1,1,0,0.802013422818792,0,0.19798657718120805,6.638966259209089,6.589268449968224,38.844645047606036,0.5284175676143045,24.229893413724373,0.2422654757489877,100.01381062991025,20,0,0,0,1,212.3077919999996
P1 noise aware,p1,911,240,11294,11293,0.9999114574110147,1.0008775778850374,1,-0.011398176291793311,1.5277705671356985,1.6659420260147846,9.858252684969253,12,1,1,0.9995648389904265,0.0004351610095735259,0.796599663508368,0,0.20340033649163197,6.4510236330944215,6.51499693485243,37.49044293676777,0.5248316116730356,23.5439805892663,0.23540292175918923,100.01566851133289,20,0,0,0,1,134.12166699999943
P1 noise aware,p1,912,240,11499,11497,0.9998260718323333,0.9991107158737217,2,-0.011832392531480678,1.5846739983517006,1.2823436986321475,7.82648472467766,19,1,1,0.9991564740615774,0.000843525938422629,0.7939462468470035,0,0.20605375315299643,6.567552864642599,6.417892917031143,38.04065086016628,0.5230741140249349,23.969282339292423,0.23965123749720876,100.01735267305513,20,0,0,0,1,214.31987499999923
P1 noise aware,p1,913,240,11304,11302,0.9998230714791224,1.0004492362982929,2,-0.020788102475032565,1.5468149777737537,1.3826622011105985,8.26198963342055,18,0.9995501574448943,1,0.9995596653456627,0.00044984255510571725,0.7991505928154309,0,0.2008494071845691,6.4561660522316116,6.360765389708633,37.64036837367966,0.5265213208658973,23.562745169791416,0.2355918276644081,100.01512108202532,20,0,0,0,1,131.02074999999968
P1 noise aware,p1,914,240,11509,11506,0.9997393344339213,0.9995835068721366,3,0.00906426400347373,1.6138654628239477,1.7274493288039108,9.557492982782,13,1,0.9997074740383209,0.9995766299745978,0.00042337002540215884,0.7948027116287154,0,0.20519728837128454,6.572695681417408,6.854900941732752,38.11146504933352,0.52364138116446,23.988047273993033,0.23984055684445482,100.01664267962045,20,0,0,0,1,208.00374999999985
P1 noise aware,p1,915,240,11685,11684,0.9999144201968335,1,1,0,1.713518107688894,1.7211020340727734,10.020929169122004,12,1,0.9998569998569998,1,0.0001430001430001715,0.8040910647038685,0,0.19590893529613146,6.6743783819503495,6.8206180269885435,39.1529366721567,0.5297939979063199,24.35914856074797,0.243552862387574,100.01585824922239,20,0,0,0,1,145.26458300000013
P1 noise aware,p1,916,240,11471,11467,0.9996512945689129,0.9987720016373312,4,0.013514980460269211,1.770719813594478,1.9388615627345018,11.25352968305621,15,0.9995627459554001,0.9997067878610174,0.9995768091409225,0.00014404190561734254,0.7940176157669835,0,0.20598238423301649,6.550417552579079,6.9691379219407485,37.94480005074191,0.5231213169042352,23.906739157500088,0.23902787806235118,100.01653092223803,20,0,0,0,1,228.73720800000046
P1 noise aware,p1,917,240,11261,11261,1,1.0008795074758134,0,0.007381676074685195,1.5746883148004567,1.8477782177291573,10.419716764385763,0,1,1,1,0,0.7982417192078857,0,0.2017582807921144,6.43274327982703,6.500722960587997,37.46120165380651,0.5259193487256225,23.477265468653503,0.23473521116285379,100.01595138773419,20,0,0,0,1,140.75145800000064
P1 noise aware,p1,918,240,11501,11499,0.9998261020780802,0.9991434689507495,2,-0.004396439426834565,1.7304234872374338,1.738516288643307,9.980701258465464,14,1,0.9997097242380262,1,0.0002902757619738239,0.8012001043569006,0,0.1987998956430994,6.568699062610441,6.663522613624479,38.39458688610489,0.5278789913025037,23.973455308441547,0.23969679139912956,100.01575393857611,20,0,0,0,1,228.24283400000058
P1 noise aware,p1,919,240,11146,11145,0.9999102817154136,1.0017817371937638,1,-0.015957446808510637,1.479372423187529,1.492625305897674,7.871105653275056,11,1,1,0.9995583038869258,0.0004416961130742081,0.7969493046209062,0,0.20305069537909376,6.366480980127504,6.42361053178695,37.01534065419984,0.5250631776155953,23.235426702211665,0.23231889936961583,100.01522375174676,20,0,0,0,1,117.35579199999847
P1 noise aware,p1,920,240,11349,11346,0.999735659529474,0.9991197183098591,3,0.016880156317846288,1.5825541199633548,1.4509670325942874,7.7843384726738805,16,0.9995648389904265,0.9998526377836723,0.9995584988962473,0.0002941388874250217,0.8004583112991362,0,0.19954168870086375,6.481298795178459,6.483575357907312,37.848682584959455,0.527387637014815,23.654476017628152,0.236507077924022,100.01593282221837,20,0,0,0,1,182.8805420000008
P1 noise aware,p1,921,240,11440,11438,0.9998251748251749,1.0004315925766076,2,-0.0013026487190620929,1.647313605772766,1.415808995977244,8.31115707977824,14,1,0.9997053624042428,1,0.0002946375957572078,0.794719356530862,0,0.20528064346913796,6.533851001634603,6.620679182251135,37.88225734069917,0.5235861778960004,23.84627859654982,0.23842278530179298,100.01677719839343,20,0,0,0,1,115.30025000000023
P1 noise aware,p1,922,240,11385,11384,0.9999121651295564,1,1,-0.007815892314372554,1.6130782989787547,1.680160406479654,9.998580329868068,7,1,0.9998542274052478,1,0.00014577259475223592,0.7993675333801827,0,0.2006324666198173,6.503007801409004,6.35220812647816,37.92374562216029,0.5266650247422883,23.733701191301318,0.23730111417543773,100.0151275048582,20,0,0,0,1,176.73725000000013
P1 noise aware,p1,923,240,11230,11228,0.9998219056099733,0.9995721009841677,2,0.010692574902301346,1.7367881344710838,2.3970079622036256,12.089817278319364,13,1,0.9997055792727808,1,0.0002944207272191912,0.8040612753829711,0,0.19593872461702885,6.413895141460207,6.672094697893307,37.623499153378575,0.5297741631394577,23.408468596538484,0.23405024870446803,100.01471361859576,20,0,0,0,1,108.15549999999894
P1 noise aware,p1,924,240,11356,11355,0.9999119408242338,1.0008591065292096,1,0.005264871906209291,1.7524940284967314,2.0021134889792416,10.317065603639398,4,1,0.9998542698921598,1,0.00014573010784024731,0.8050198150594452,0,0.19498018494055483,6.486442515675118,6.654959385829788,38.094377983558914,0.5304091176509227,23.673241757273022,0.23669733691223885,100.01482089361419,20,0,0,0,1,168.40679099999943
P1 noise aware,p1,925,240,11400,11399,0.9999122807017544,1.0012520868113524,1,0.009661311333043857,1.7590734575129228,2.0770309884221376,10.815952933146642,2,1,0.9998532433225712,1,0.00014675667742880538,0.7995438196333011,0,0.20045618036669882,6.511574427197855,6.8520379772343345,37.98207836399759,0.5267818749022009,23.764971864561016,0.23761172270215955,100.01599076973918,20,0,0,0,1,108.6359590000011
P1 noise aware,p1,926,240,11213,11208,0.9995540890038348,0.9991345737775854,5,-0.0006513243595310464,1.5028159750602332,1.698760209314173,9.33534751046894,16,1,0.9992547324489491,1,0.0007452675510508655,0.8031763026409707,0,0.19682369735902927,6.402467611658756,6.594975039317451,37.51517650636684,0.529188056019182,23.366769589522875,0.23363052879907742,100.01590849292786,20,0,0,0,1,165.79529199999888
P1 noise aware,p1,927,240,11407,11407,1,1.0022431583669806,0,0.01204950065132436,1.8091111599784253,1.6954603061917815,9.517898157281403,0,1,1,1,0,0.8008240554045761,0,0.19917594459542387,6.516145807836953,6.380764750736792,38.069544402019254,0.5276298582263033,23.781651795784523,0.237779994037832,100.01536038393853,20,0,0,0,1,104.94966699999895
P1 noise aware,p1,928,240,11412,11410,0.9998247458815283,1,2,0.018345636126791142,1.6253634987226544,1.6380189024781513,9.1746661175733,12,1,0.9997078159240321,1,0.00029218407596787177,0.8014022787028922,0,0.1985977212971078,6.51785892333125,6.663528397444328,38.10702603315605,0.5280129017674904,23.787905743689393,0.23784189774647102,100.01562369404844,20,0,0,0,1,149.75466700000106
P1 noise aware,p1,929,240,11405,11405,1,1.0008673026886383,0,0.024153278332609638,1.7053256578796867,1.8500271824195744,9.36711547076023,0,1,1,1,0,0.8018412976764577,0,0.1981587023235423,6.515002357183539,6.5921200275713225,38.11117448159762,0.5283037257011031,23.777481273665988,0.2377372966444633,100.01578048237533,20,0,0,0,1,101.30899999999929
P1 noise aware,p1,930,240,11544,11544,1,1.0008877052818463,0,0.006947459834997831,1.7203716420177724,1.4893961630251564,8.156307460833583,0,1,1,1,0,0.8024081774081774,0,0.1975918225918226,6.594406892729271,6.440741867474326,38.60291202970104,0.5286791535209261,24.067274411730224,0.24063688581983997,100.01490141353023,20,0,0,0,1,156.52024999999958
P1 noise aware,p1,931,240,11295,11292,0.999734395750332,1,3,0.02637863656100738,1.6633696831020741,1.8571448511944753,10.3621661175733,36,0.9995511669658886,0.9998531786815446,0.9995567375886525,0.00030201171565591434,0.8003010981225647,0,0.19969890187743536,6.450453859806916,6.700653852573122,37.661158609318846,0.5272834170576762,23.541897066886662,0.23538360268700229,100.01502567785546,20,0,0,0,1,106.62829199999942
P1 noise aware,p1,932,240,11308,11306,0.9998231340643792,1,2,0.005427702996092056,1.6728938812798857,1.3557687206476017,8.177217544076788,8,1,0.9997043169722057,1,0.0002956830277942579,0.8016097647266938,0,0.1983902352733062,6.458449194055543,6.403612797458123,37.769453849183165,0.5281503685139618,23.57108286546034,0.23567331354470586,100.01591826810312,20,0,0,0,1,156.34912499999882
P1 noise aware,p1,933,240,11741,11737,0.9996593135167362,0.9995773457311918,4,-0.017042987407729047,1.6969623747744116,1.7135532092640962,8.291129417299393,13,0.9995682210708118,0.9995775242923531,1,0.00043177892918822014,0.8019936951520832,0,0.19800630484791684,6.704656833581922,6.754927633360087,39.22804521726081,0.5284045813496102,24.469646919106975,0.2446604388455413,100.01472667411963,20,0,0,0,1,156.44945800000096
P1 noise aware,p1,934,240,11327,11326,0.9999117153703541,1,1,-0.01818280503690838,1.624072702784698,1.7797421467103058,9.596838472673577,5,1,1,0.9995606326889279,0.0004393673110720808,0.7991347342398022,0,0.20086526576019778,6.469874012691441,6.540714633613875,37.71954669475911,0.5265108866814436,23.612779457643118,0.23609021452718335,100.01591766491597,20,0,0,0,1,58.9470420000016
P1 noise aware,p1,935,240,11315,11311,0.9996464869642068,0.9986754966887417,4,0.0028766825879287888,1.6854469061584283,1.5356543058881316,8.097241308101426,6,0.9995627459554001,0.999852224028373,0.9991154356479434,0.000736788380429676,0.8002829104411635,0,0.19971708955883652,6.46130543486339,6.460731649050863,37.723666787999754,0.5272714472464143,23.581507045703813,0.23577757637596405,100.01590230998654,20,0,0,0,1,69.33012499999859
P1 noise aware,p1,936,240,11406,11405,0.9999123268455199,0.9995625546806649,1,0.002551020408163265,1.7274555431613612,1.8034136230219258,8.77484260172605,12,1,1,0.9995590828924162,0.00044091710758376035,0.8012275317843052,0,0.19877246821569486,6.515000875079702,6.526430176175974,38.08202483910779,0.5278972189751268,23.77747995355738,0.23773575563327076,100.01642323520036,20,0,0,0,1,76.98170800000116
P1 noise aware,p1,937,240,11250,11249,0.9999111111111111,1,1,-0.021927920104211896,1.5980027961607086,1.794426184803799,10.154715205004019,1,0.999554565701559,1,1,0.00044543429844101645,0.8012267757133967,0,0.19877322428660327,6.425889950276853,6.600689219930229,37.56110093082581,0.5278966151844153,23.45224890428754,0.2344866942729653,100.01526516036276,20,0,0,0,1,58.40949999999975
P1 noise aware,p1,938,240,11326,11325,0.99991170757549,0.9995750106247344,1,0.008250108554059922,1.5273322298017866,1.6457561856221985,9.115599964840536,20,1,1,0.9995549621717846,0.00044503782821536664,0.8016777041942604,0,0.1983222958057395,6.469306191443123,6.717794767712117,37.83613711920637,0.5281952393129672,23.610697673943097,0.23607292507949384,100.0144242123173,20,0,0,0,1,53.621000000001004
P1 noise aware,p1,939,240,11339,11338,0.9999118088014816,1.0008802816901408,1,0.00407077724706904,1.5855911544038568,1.6486059652896157,9.464414442892727,13,1,0.9998530276308054,1,0.00014697236919458678,0.7988181337096489,0,0.20118186629035104,6.476729691918425,6.495012033373885,37.744566118088805,0.5263011372074483,23.637798114864207,0.23634117448359657,100.01557353056484,20,0,0,0,1,92.3142910000006
P1 noise aware,p1,940,240,11233,11232,0.9999109765868424,0.9995458673932789,1,-0.00933564915327833,1.482455968806068,1.2655531426095317,7.880524774313017,4,1,1,0.999552171965965,0.0004478280340349805,0.8012820512820513,0,0.1987179487179487,6.416177126520166,6.2865128527517085,37.50691840293667,0.5279332978116811,23.41680526187872,0.2341305318443229,100.01602557947858,20,0,0,0,1,60.692833000000974
P1 noise aware,p1,941,240,11679,11679,1,1.0004251700680271,0,0.006947459834997829,1.7886719174084689,1.8712007995361832,10.47471598469474,0,1,1,1,0,0.8054627964723007,0,0.1945372035276993,6.671524924605794,6.7206521291350585,39.20289332639289,0.5307025411076481,24.348726859732853,0.24345149365050658,100.01469489724032,20,0,0,0,1,65.05954200000087
P1 noise aware,p1,942,240,11289,11288,0.9999114181947029,1.0004395604395604,1,0.02127659574468085,1.6915936999836183,1.6622102610359653,8.817948024403753,1,1,1,0.9995450409463148,0.00045495905368519995,0.8053685329553508,0,0.19463146704464918,6.448171187918344,6.500729286640954,37.885996559362546,0.5306400400002641,23.53355978978877,0.23530260542000936,100.01402129730755,20,0,0,0,1,56.58729200000016
P1 noise aware,p1,943,240,11284,11282,0.999822757887274,0.9991247264770241,2,-0.02295918367346939,1.572229557320354,1.6464116392503152,9.03226663150781,6,1,0.9998516760605162,0.9995553579368608,0.0004446420631392112,0.8007445488388584,0,0.19925545116114163,6.444739173109898,6.52071436886387,37.64863330004817,0.5275772513238149,23.521046742335702,0.23517278430051666,100.01602359003931,20,0,0,0,1,71.35991699999977
P1 noise aware,p1,944,240,11488,11485,0.9997388579387186,0.9995708154506437,3,0.018562744246634823,1.7484037298231576,1.862711068552721,10.088301772400277,21,1,0.9997056226081837,0.9995724668661822,0.00042753313381782565,0.7964301262516326,0,0.20356987374836744,6.560698522923948,6.652094613887672,38.11972906081726,0.5247194369537318,23.94426487338886,0.23940166820943276,100.01711789427465,20,0,0,0,1,84.16758300000038
P1 noise aware,p1,945,240,11465,11462,0.9997383340601832,0.9987347110923661,3,-0.009824142422926618,1.6362235868567276,1.920955713342228,10.29767102631619,11,1,0.9997067018624431,0.9995744680851064,0.00042553191489358433,0.795061943814343,0,0.20493805618565694,6.547561384068984,6.763488330733597,37.97809588210218,0.5238130876265471,23.896315041652162,0.23892369040237074,100.01651573943313,20,0,0,0,1,61.605084000000716
P1 noise aware,p1,946,240,11287,11286,0.9999114024984496,1.0004446420631392,1,0.008630047763786364,1.449676300039767,1.3255215657568704,8.330877742618819,16,1,0.9998533294221179,1,0.00014667057788209092,0.7991316675527201,0,0.2008683324472798,6.447026797394206,6.426464097578116,37.58619361470742,0.5265087612194905,23.529388430528186,0.23525893080003069,100.01485746157746,20,0,0,0,1,60.115999999999985
P1 noise aware,p1,947,240,11454,11452,0.999825388510564,1,2,0.014600521059487625,1.7964472650105896,2.1014657010691797,10.446938206917062,7,1,0.9997080718143336,1,0.000291928185666368,0.7954069158225637,0,0.20459308417743627,6.541850348408245,6.67209632459264,37.96141438656698,0.5240415477484971,23.875467969076045,0.23871666816540796,100.01592328078496,20,0,0,0,1,65.06295800000044
P1 noise aware,p1,948,240,11353,11353,1,1.0004340277777777,0,-0.03186061658706036,1.6513834464439112,1.7561006927177467,9.796078770486929,0,1,1,1,0,0.7966176341055228,0,0.20338236589447722,6.485296534600523,6.583560595408401,37.69047688768983,0.5248435754365608,23.66906898131052,0.23665200852415127,100.01634521895468,20,0,0,0,1,65.96291699999892
P1 noise aware,p1,949,240,11314,11314,1,1,0,0.011289622231871474,1.6602503527231542,2.0276822906974035,10.287215984695044,0,1,1,1,0,0.795739791408874,0,0.20426020859112604,6.463017429742595,6.4378810719083495,37.51964606199724,0.524262112364183,23.587759995477782,0.235838314929799,100.0166576092568,20,0,0,0,1,69.65874999999869
P1 noise aware,p1,950,240,11290,11289,0.999911426040744,1.0008984725965857,1,0.024641771602257924,1.5672568955264057,1.7619804291362522,9.65789971666345,2,1,0.9998528762689421,1,0.00014712373105785215,0.7991850473912658,0,0.20081495260873417,6.448739695995266,6.363620220710394,37.5986920330077,0.5265441525406725,23.53564218524644,0.23532060899483673,100.01521875103955,20,0,0,0,1,56.9654589999991
P1 noise aware,p1,951,240,11454,11452,0.999825388510564,1,2,-0.002768128528006948,1.8439617837691866,1.8428128541620366,10.315070512381984,3,0.9990970654627539,1,1,0.0009029345372461028,0.8068459657701712,0,0.19315403422982885,6.541856782907825,6.5207187067287515,38.50688474015953,0.5316186257112324,23.875473700279255,0.23872335840912182,100.01314433320637,20,0,0,0,1,76.52008299999943
P1 noise aware,p1,952,240,11352,11350,0.9998238195912614,0.9991419991419992,2,-0.022796352583586626,1.7619315664438138,1.9348782409022403,10.03873149061504,7,1,0.9998529195469922,0.9995529727313366,0.0004470272686634136,0.8029955947136563,0,0.1970044052863436,6.483584142083698,6.652092264210861,37.981936448411126,0.5290683407956015,23.662815677361067,0.23659085652828918,100.01576571718317,20,0,0,0,1,90.61554199999955
P1 noise aware,p1,953,240,11427,11424,0.9997374639012864,0.9991083370485956,3,0.009227095093356492,1.7178153820370856,1.8371570735243077,9.714260943073592,16,0.9995594713656387,0.9997088791848617,1,0.0004405286343612813,0.7998074229691877,0,0.20019257703081234,6.525856896447684,6.400755797523922,38.0779215862371,0.5269564323927648,23.81709389270033,0.23813435235581004,100.01536383593184,20,0,0,0,1,64.00991700000122
P1 noise aware,p1,954,240,11293,11291,0.9998228991410608,0.9991107158737217,2,-0.020245332175423358,1.5708893233583583,1.368283536801823,8.739717544076788,12,1,0.9998532217818875,0.9995621716287215,0.0004378283712784814,0.7978035603578071,0,0.2021964396421929,6.449882712862187,6.4178927362867695,37.54040587565269,0.5256290228104389,23.539812320991718,0.23536285536053939,100.01498445849656,20,0,0,0,1,65.73383400000057
P1 noise aware,p1,955,240,11449,11448,0.9999126561271727,1,1,-0.014329135909683021,1.7660013861097381,1.8699770351907286,10.15582787549647,14,1,0.9998530708198649,1,0.00014692918013514689,0.7958595387840671,0,0.2041404612159329,6.539563880887911,6.746348500060826,37.96972716678512,0.5243414266063819,23.86712731121223,0.23863172440633665,100.01657311318687,20,0,0,0,1,57.5776249999999
P1 noise aware,p1,956,240,11151,11148,0.9997309658326607,0.9991364421416234,3,0.029580981328701694,1.5421575283650724,1.4890194967568182,8.530348290160267,14,0.9995431703974418,0.9997058390939844,1,0.0004568296025582175,0.8059741657696448,0,0.19402583423035522,6.36819781895582,6.609263111642757,37.4442266309805,0.5310412002814913,23.24168396648693,0.23238467439905572,100.01384138859277,20,0,0,0,1,68.5650829999995
P1 noise aware,p1,957,240,11550,11548,0.9998268398268398,1.0004366812227075,2,0.012483716891011722,1.7561738209797992,1.690213422307648,9.36320203815679,12,0.9995638901003053,0.9998555539505994,1,0.00043610989969466996,0.7978870800138552,0,0.20211291998614478,6.596690034553207,6.543569103126896,38.39889402624006,0.5256844087569174,24.075612107399124,0.2407183717001379,100.01568196626901,20,0,0,0,1,82.01262500000121
P1 noise aware,p1,958,240,11535,11534,0.999913307325531,1.0004351610095736,1,-0.02187364307425098,1.7097306106620467,1.651672134890523,9.291206167208657,12,1,0.9998559285405562,1,0.0001440714594438397,0.7997225593896307,0,0.20027744061036934,6.588693615838348,6.5664106430509,38.440493092338684,0.5269002099453599,24.046425342892316,0.24042753327326918,100.01527285796017,20,0,0,0,1,61.97916699999951
P1 noise aware,p1,959,240,11354,11348,0.9994715518759908,0.9973214285714286,6,0.0031480677377333914,1.5558482429918843,1.3120841942098393,8.149996101545185,29,1,0.9992565055762082,0.9995708154506437,0.0007434944237918462,0.7947655974621078,0,0.20523440253789213,6.482438883986581,6.380753725330213,37.58636444589692,0.5236168258361661,23.658643545354007,0.2365462798529784,100.01697579035553,20,0,0,0,1,61.298249999999825
P1 noise aware,p1,960,240,11420,11417,0.999737302977233,0.999562363238512,3,0.003419452887537994,1.6978999925344163,1.29382353655567,8.241156300087217,11,1,0.999562618457501,1,0.0004373815424989491,0.7989839712709118,0,0.2010160287290882,6.521857927963905,6.52357191103118,38.01544366784558,0.526410981671707,23.802499834293744,0.23798814384395997,100.01548585504395,20,0,0,0,1,67.8044579999987
P1 noise aware,p1,961,240,11411,11409,0.9998247305231794,1.0008503401360545,2,-0.006241858445505861,1.6797562882476473,1.9721034082673707,10.790649831962279,10,1,0.9998549883990719,0.999554565701559,0.00044543429844101645,0.8033131738101499,0,0.19668682618985012,6.517289583830236,6.723509852046742,38.19446673979446,0.5292786218575125,23.785822607683,0.23782302970195024,100.0147993972341,20,0,0,0,1,66.87770799999998
P1 noise aware,p1,962,240,11521,11520,0.9999132019789949,0.9995773457311918,1,-0.014980460269214069,1.6225649436617775,1.8076354967360704,10.237568953000846,16,1,0.9998560322487763,1,0.00014396775122371697,0.8039930555555556,0,0.19600694444444444,6.580696727188131,6.754926006660759,38.59867739692739,0.529729005024421,24.017238159814486,0.24013620623309528,100.01506451926473,20,0,0,0,1,73.07533299999886
P1 noise aware,p1,963,240,11327,11325,0.999823430740708,0.999537037037037,2,0.006404689535388622,1.621985023472251,1.3927641764762255,8.030425040069531,6,1,0.9998529195469922,0.9995608256477821,0.0004391743522178526,0.7990286975717439,0,0.20097130242825606,6.46930366102194,6.166546509403845,37.71121804226225,0.5264406126176856,23.61069542009915,0.2360702940847749,100.01552932204315,20,0,0,0,1,59.45808299999953
P1 noise aware,p1,964,240,11453,11452,0.9999126866323234,0.9995602462620933,1,0.0003256621797655232,1.6880462948864827,1.563711705493003,9.618151391344327,9,0.9995674740484429,1,1,0.0004325259515570723,0.7981138665735242,0,0.2018861334264757,6.541849625430772,6.492154491206574,38.090490478285,0.5258346832082036,23.875467325120635,0.23871591645263104,100.0162355318201,20,0,0,0,1,54.93174999999974
P1 noise aware,p1,965,240,11352,11351,0.9999119097956307,1,1,-0.03815675206252714,1.6056409557977191,1.9603860195139562,10.960827095806357,3,1,1,0.9995584988962473,0.00044150110375273943,0.8005462073826095,0,0.19945379261739055,6.484155397475042,6.60639273662516,37.869516972759286,0.5274458447390843,23.664900519849326,0.23661171661166847,100.01575939998186,20,0,0,0,1,96.45724999999948
P1 noise aware,p1,966,240,11280,11279,0.9999113475177305,1.0004448398576513,1,0.008358662613981762,1.7477031733963833,1.6832203466660982,9.422671026316493,17,1,0.9998532433225712,1,0.00014675667742880538,0.8021987764872772,0,0.19780122351272275,6.443028118101415,6.423605290200215,37.70692321229863,0.5285404403104489,23.51479462970377,0.23511302297329142,100.01485384488899,20,0,0,0,1,63.79112500000156
P1 noise aware,p1,967,240,11435,11430,0.9995627459554001,0.9982646420824295,5,0.015360399478940513,1.5334470624496837,1.415754037339794,8.360650611653,13,1,0.9994140911088326,0.9995730145175064,0.000585908891167386,0.7951881014873141,0,0.2048118985126859,6.529282585203178,6.572124823663678,37.87807334857952,0.5238966209760568,23.829601305543516,0.2382575959885055,100.01612417298608,20,0,0,0,1,67.08308399999987
P1 noise aware,p1,968,240,11337,11336,0.9999117932433624,1.0004258943781943,1,-0.02382761615284412,1.6899149105684386,1.9456102284182495,10.15431236957708,12,1,0.9998524856173477,1,0.00014751438265225847,0.7986944248412138,0,0.20130557515878617,6.475586349711636,6.709226840563798,37.732067108292576,0.5262192246666455,23.633627689338983,0.23629858984714439,100.01594890865401,20,0,0,0,1,57.34595799999988
P1 noise aware,p1,969,240,11436,11435,0.9999125568380552,1.00083857442348,1,-0.002768128528006948,1.6835702553246172,1.7355167893821422,10.117595056097647,12,1,0.9998535656757944,1,0.0001464343242055799,0.7955400087450809,0,0.20445999125491912,6.532138862159897,6.81776193077619,37.91139843896919,0.5241297246336628,23.84002551798476,0.2383618964054027,100.01609266205017,20,0,0,0,1,74.50074999999924
P1 noise aware,p1,970,240,11481,11477,0.9996515982928317,0.9991578947368421,4,-0.017477203647416412,1.8342045350010336,2.1799204102037577,11.195422700997065,16,0.9991471215351813,0.9998527029017529,0.9995739241585002,0.0007055813665716171,0.7955911823647295,0,0.20440881763527055,6.55612862438869,6.777770077005947,38.05308507831133,0.524163712109216,23.927586262273966,0.2392349378849528,100.0171065054915,20,0,0,0,1,88.66070800000125
P1 noise aware,p1,971,240,11261,11260,0.9999111979397922,1.0004616805170823,1,-0.004667824576639168,1.5595349438588584,1.5542708470707345,9.383958621580254,5,1,0.9998513895080993,1,0.00014861049190073583,0.7983126110124333,0,0.2016873889875666,6.432171879840188,6.189399978456282,37.461198404031734,0.5259663142717045,23.475180497374183,0.2347142007369191,100.01602128746563,20,0,0,0,1,61.83983399999852
P1 noise aware,p1,972,240,11307,11305,0.9998231184222163,0.9991449337323642,2,-0.013623534520191053,1.6289419289973979,1.7249929064921121,9.68855500646229,10,0.9991582491582491,1,1,0.0008417508417508657,0.8063688633348076,0,0.19363113666519238,6.457877251835591,6.674948444428845,37.99013052443676,0.5313028643594906,23.56899741121444,0.2356517393341885,100.0162251201981,20,0,0,0,1,62.11687499999971
P1 noise aware,p1,973,240,11373,11373,1,1.000437445319335,0,-0.00998697351280938,1.616017622677511,1.7823787139710072,9.403276448993287,0,1,1,1,0,0.804800844104458,0,0.19519915589554207,6.4967229799357415,6.532143995300011,38.144392134556156,0.5302641421736417,23.710767022393018,0.23707060086037665,100.01563642367252,20,0,0,0,1,75.0604170000006
P1 noise aware,p1,974,240,11346,11345,0.9999118632117046,1.0008873114463177,1,-0.008738601823708208,1.6416241731059917,1.755490144890981,10.043278008375031,3,1,0.9998514557338086,1,0.00014854426619137495,0.7992066989863376,0,0.2007933010136624,6.480725623896783,6.44359163763372,37.78621874224613,0.5265586327741922,23.652389468658058,0.23648422580178396,100.01677443164004,20,0,0,0,1,67.84495900000002
P1 noise aware,p1,975,240,11338,11337,0.9999118010231082,1.0004382120946538,1,-0.01590316977854972,1.6218342204516962,1.553634859854126,9.634994542163744,30,1,1,0.9995567375886525,0.00044326241134751143,0.8010937637823057,0,0.19890623621769427,6.476160460864029,6.520719791194973,37.8486622246325,0.5278084563926456,23.63571507545112,0.23632241919599226,100.01469668372434,20,0,0,0,1,57.59183299999859
P1 noise aware,p1,976,240,11372,11370,0.9998241294407316,0.9991456642460487,2,0.00401650021710812,1.6183854092017738,1.8094477497251995,9.878606432965475,9,0.9995672868887927,1,0.9995661605206074,0.0004338394793925726,0.7973614775725594,0,0.20263852242744063,6.4950070086804,6.680661179086663,37.78212866122522,0.5253363277159228,23.70451053086425,0.23700572788626909,100.01661454460388,20,0,0,0,1,74.2399579999983
P1 noise aware,p1,977,240,11291,11289,0.9998228677707909,1,2,0.00027138514980460374,1.5291955938469013,1.8666712301452766,10.323376962927796,15,1,1,0.9991323210412147,0.0008676789587852562,0.795996102400567,0,0.20400389759943308,6.448738936868907,6.646393446869545,37.448793885773945,0.5244317971832553,23.535641509093242,0.2353198196964211,100.01555134393632,20,0,0,0,1,86.87729200000103
P1 noise aware,p1,978,240,11392,11390,0.9998244382022472,0.9995784148397976,2,0.0007598784194528862,1.5948566177374202,1.7080899017303803,9.606660429139387,8,0.9995687796463993,1,0.9995541685242978,0.0004458314757022075,0.8031606672519754,0,0.1968393327480246,6.506434068546478,6.7720587883030925,38.12362276436461,0.5291776750361551,23.74620911930884,0.2374249591783548,100.0156394739888,20,0,0,0,1,60.50787499999933
P1 noise aware,p1,979,240,11651,11647,0.9996566818298859,0.9987261146496815,4,0.011126791141988711,1.8418253640410684,1.837075274118755,10.086939766298807,29,1,0.9995684074233924,0.9995855781185247,0.0004315925766076312,0.7929080449901262,0,0.2070919550098738,6.653241679428489,6.717795490689596,38.486620092544634,0.5223862977639013,24.2820091632984,0.24278077620306396,100.01619379859267,20,0,0,0,1,64.56712499999776
P1 noise aware,p1,980,240,11361,11357,0.9996479183170496,0.9982795698924731,4,0.006404689535388624,1.6007505050424726,1.6188079114766079,8.682569732691567,30,1,0.9997047534691468,0.9991247264770241,0.0008752735229758946,0.7989786035044466,0,0.2010213964955534,6.487581736910272,6.629250543542482,37.81540286289132,0.526407493006138,23.67740851225238,0.2367356367858633,100.01624104303963,20,0,0,0,1,56.09099999999671
P1 noise aware,p1,981,240,11518,11515,0.999739538114256,0.9991300565463245,3,0.015306122448979591,1.7762760151559518,1.80450717682403,10.25049867121561,11,0.9995621716287215,0.9998547356188263,0.9995744680851064,0.0002925639901047994,0.7960052105948763,0,0.20399478940512375,6.577838389745595,6.560702788491082,38.19893418649188,0.5244378684739883,24.00681211210033,0.2400297634347844,100.01598038746113,20,0,0,0,1,73.60087500000009
P1 noise aware,p1,982,240,11409,11407,0.9998246997984047,1,2,-0.009824142422926617,1.8198919142327856,1.8637061406437603,10.60761959981331,11,1,0.9997090062563655,1,0.0002909937436345045,0.7940738143245376,0,0.20592618567546245,6.516146277772314,6.620687496492162,37.74893328266345,0.5231584220214275,23.781652214355546,0.23778048265113694,100.01515662346073,20,0,0,0,1,86.08366599999863
P1 noise aware,p1,983,240,11370,11368,0.9998240985048373,0.9995794785534062,2,-0.0039622231871472,1.6286700138891859,2.0730077913542226,10.630524774312713,15,0.9995598591549296,0.9998545666084933,1,0.0004401408450703803,0.8045390570021111,0,0.1954609429978888,6.493868871911469,6.78919247366728,38.115235356795644,0.5300906507469523,23.700344741818014,0.23696855558181015,100.01472424739406,20,0,0,0,1,60.49595799999952
P1 noise aware,p1,984,240,11418,11416,0.999824837975127,1.000886132033673,2,-0.02236213634389926,1.6654982081302896,1.6631309629117113,9.938631756371555,12,1,0.9997117740308402,1,0.00028822596915978327,0.802645409950946,0,0.19735459004905395,6.521289636780233,6.452168782744912,38.1861624284771,0.5288362366528052,23.800417632022715,0.23797036578296557,100.01420787716586,20,0,0,0,1,61.66387500000201
P1 noise aware,p1,985,240,11376,11374,0.9998241912798875,1,2,-0.022904906643508468,1.6706571172172873,1.7000349767403906,9.660777228684614,13,1,0.9998550724637681,0.9995687796463993,0.0004312203536006587,0.796201863900123,0,0.2037981360998769,6.497297054939264,6.492159371304569,37.74051298969516,0.5245679938999558,23.71285437630738,0.2370943926235857,100.01440402664534,20,0,0,0,1,56.38287499999933
P1 noise aware,p1,986,240,11268,11266,0.9998225062122825,0.9991083370485956,2,-0.00922709509335649,1.6686877501001067,1.664659021577416,8.762392468847793,21,1,0.9997032640949555,1,0.00029673590504453173,0.8029469199360909,0,0.19705308006390912,6.435599556783753,6.400751098170297,37.698552625061936,0.529036111893876,23.48768968109475,0.23483951157975094,100.01591948090211,20,0,0,0,1,67.90233300000182
P1 noise aware,p1,987,240,11461,11459,0.9998254951574906,0.9995657837603127,2,-0.008304385584020843,1.6112426050932056,1.6127680415366645,9.317142353548661,16,0.9995547640249333,0.9998553450021698,1,0.00044523597506673784,0.7991098699712017,0,0.20089013002879832,6.545851160484602,6.574985980718393,38.161301331302155,0.5264943354582717,23.890063669568956,0.23886479354483903,100.01500562318901,20,0,0,0,1,75.61583299999984
P1 noise aware,p1,988,240,11472,11471,0.9999128312412832,1,1,-0.017151541467650893,1.642036270795673,1.7340265545914209,9.534818058010691,8,1,0.9998539079620161,1,0.00014609203798388037,0.7973149681806294,0,0.2026850318193706,6.55270333327081,6.726366490492203,38.11552895940551,0.5253054808571185,23.91507920360628,0.2391121076942845,100.01617832829601,20,0,0,0,1,83.52491699999882
P1 noise aware,p1,989,240,11309,11307,0.9998231497037757,0.9995612110574813,2,0.01726009552757273,1.5726658925782548,1.530393186210638,9.121585238611564,5,1,0.9998511018463371,0.9995669120831528,0.0004330879168471524,0.7958786592376405,0,0.2041213407623596,6.459018714300933,6.50643063440345,37.50297039919656,0.5243541008120467,23.57316616245559,0.2356923695174208,100.01667092881094,20,0,0,0,1,73.68999999999869
P1 noise aware,p1,990,240,11418,11417,0.9999124189875634,1.0008554319931566,1,0.040110725141120275,1.6247773936836922,1.6907525192421642,9.574010048083741,13,0.9995657837603127,1,1,0.0004342162396873128,0.7977577297013226,0,0.20224227029867742,6.521856120520207,6.683523962840707,37.95714679307502,0.5255987779818581,23.80249822440521,0.23798626456201796,100.01626887253572,20,0,0,0,1,60.14783299999908
P1 noise aware,p1,991,240,11466,11463,0.999738356881214,0.9991564740615774,3,-0.014817629179331307,1.6444001111379263,1.7807375094005904,9.825525554003738,8,0.9995638901003053,0.9998545031281827,0.9995652173913043,0.0002906130278773622,0.7994416819331763,0,0.2005583180668237,6.54813459149952,6.766352198953864,38.190456365668574,0.5267141892777217,23.898401622820028,0.2389465801102475,100.01566714950911,20,0,0,0,1,53.50995899999907
P1 noise aware,p1,992,240,11277,11276,0.9999113239336703,0.9995672868887927,1,-0.007327399044724273,1.6992887729419874,1.6356022486701312,9.673630196990112,7,1,0.9998536299765808,1,0.0001463700234192178,0.8032103582830791,0,0.1967896417169209,6.441315111053738,6.597832219996024,37.74439008988591,0.5292104928305238,23.508540778392202,0.235051232021569,100.01453970781566,20,0,0,0,1,93.43679200000042
P1 noise aware,p1,993,240,11280,11279,0.9999113475177305,1.0008845643520565,1,-0.006404689535388622,1.576971113871241,1.6215355454874394,8.621105653274753,11,1,0.9998503442083209,1,0.00014965579167913745,0.8006915506693856,0,0.19930844933061442,6.443023346450045,6.46358593781951,37.636128780906034,0.527542226865222,23.514790379598026,0.23510806166896436,100.01694630406676,20,0,0,0,1,61.6361250000009
P1 noise aware,p1,994,240,11345,11344,0.9999118554429264,1.0004355400696865,1,-0.016771602257924446,1.6121201585250153,1.7311257654471393,9.229185752545769,1,0.9995501574448943,1,1,0.00044984255510571725,0.7957510578279267,0,0.20424894217207334,6.480157079671001,6.560702246257975,37.61966970319286,0.5242694817208471,23.65030704100261,0.2364661846413176,100.01559874988656,20,0,0,0,1,64.47983399999794
P1 noise aware,p1,995,240,11498,11497,0.999913028352757,0.9995835068721366,1,-0.016663048198002604,1.6372047172952358,1.9384932979678584,10.283302552090694,3,0.9995674740484429,1,1,0.0004325259515570723,0.799947812472819,0,0.200052187527181,6.5675565518277494,6.854888289626838,38.32796029331469,0.527049463363356,23.969285623465044,0.2396550712323707,100.01576641048547,20,0,0,0,1,57.785124999998516
P1 noise aware,p1,996,240,11488,11488,1,1.0012541806020068,0,-0.0027138514980460248,1.5904953998223972,1.6807863730683874,9.643934077864893,0,1,1,1,0,0.7989206128133705,0,0.20107938718662952,6.5624140242439335,6.840611061963746,38.24881911972563,0.5263690892847448,23.950520946346604,0.23946605257023534,100.01635175124424,20,0,0,0,1,74.7900410000002
P1 noise aware,p1,997,240,11381,11379,0.9998242685177049,0.9995621716287215,2,-0.005427702996092056,1.5438271165777135,1.7783698473314227,9.423227361562567,14,1,0.9997029997029997,1,0.00029700029700030495,0.7951489586079621,0,0.20485104139203797,6.5001471142896525,6.520706416111583,37.70720442941789,0.5238707764654826,23.723273050732043,0.23719222831060197,100.01707568456477,20,0,0,0,1,86.12020800000028
P1 noise aware,p1,998,240,11134,11131,0.9997305550565835,0.9990925589836661,3,-0.02811550151975684,1.4923549614301264,1.4022836895768487,8.469766631507506,12,1,0.9995523056260259,1,0.0004476943739740724,0.8005570029646932,0,0.1994429970353068,6.3584835130953,6.289357381324373,37.13604961230055,0.5274529519061024,23.206239003969515,0.23202697095922056,100.0152650704046,20,0,0,0,1,56.88300000000163
P1 noise aware,p1,999,240,11227,11226,0.9999109290104213,1,1,0.006567520625271387,1.7171021296379962,1.5056716663239251,9.273883431052127,16,0.9995483288166215,1,1,0.0004516711833785214,0.7969000534473544,0,0.20309994655264565,6.412750606340571,6.466449986784149,37.282057972576766,0.5250305881186349,23.404297108486816,0.234006423741934,100.01561809387526,20,0,0,0,1,56.59325000000172
P1 noise aware,p1,1000,240,11318,11316,0.9998232903339813,1.0004468275245755,2,-0.007056013894919669,1.7066357182695606,1.3413882458797985,7.304212635333594,9,1,0.9997029114676174,1,0.0002970885323826389,0.796571226581831,0,0.20342877341816895,6.464160229716269,6.3950419783998855,37.5654542899044,0.5248128500085603,23.591929938036433,0.23588033578166864,100.01651837511871,20,0,0,0,1,53.877667000000656
P2 fixed,p2,901,240,11603,11335,0.9769025252089977,0.9901160292221745,268,0.7101606600086843,1090.545833677433,2324.7179105978503,2429.9989640794147,2478,0.975504941985389,0.976609875830205,0.9791489361702128,0.003643994184823862,0.333480370533745,0.3338332598147331,0.3326863696515218,15.896680565882743,16.141781371220063,15.924623986056837,0.0017086817118331548,15.821240090231905,15.924113466119415,0.9935397737458738,16.29999999999999,0,0,0,0,152.68216600000233
P2 fixed,p2,902,240,11504,11366,0.9880041724617524,0.9829351535836177,138,1.8112787668258792,579.5202674369916,867.0641390886883,966.149267180599,1681,0.9877585479105108,0.9883670205031264,0.9871567759078831,0.001210244595243326,0.33336266056660213,0.33353862396621503,0.33309871546718284,15.931819363106014,16.141793797642976,15.95429306491192,0.0012427190605117625,15.87142269738924,15.95378178700303,0.9948376447219002,16.29999999999999,0,0,0,0,125.47929199999999
P2 fixed,p2,903,240,11453,11342,0.9903082161878983,0.9901160292221745,111,0.6605514546244029,548.9268749220265,968.2493420147179,1069.6125498671192,1163,0.9915325994919559,0.990728476821192,0.9878048780487805,0.003727721443175458,0.33327455475224826,0.3337153941103862,0.33301005113736554,15.90316831633128,16.141801092427862,15.928915930748396,0.0014172889869966756,15.833769163751851,15.928404371814715,0.9940587138640001,16.29999999999999,0,0,0,0,134.5010829999992
P2 fixed,p2,904,240,11376,11253,0.9891877637130801,1.0091984231274638,123,-0.5206252713851498,601.0318744106435,1296.6522944689139,1399.080302321491,1218,0.9920634920634921,0.9894982497082847,0.9853463587921847,0.006717133271307407,0.33315560295032437,0.3337776592908558,0.3330667377588199,15.780127027309694,16.141807969502498,15.806829088115157,0.0014206199014679263,15.708081098828565,15.806325546757392,0.9937844853544104,16.29999999999999,0,0,0,0,112.84549999999945
P2 fixed,p2,905,240,11418,11300,0.9896654405324925,0.9684741488020177,118,0.8679439861050804,273.5901598351635,731.4352767970524,832.4532304803239,1265,0.9903381642512077,0.9887541989192347,0.9917175239755885,0.0029633250563538827,0.3333628318584071,0.3338938053097345,0.3327433628318584,15.849299774023478,16.14179649937391,15.878288967676623,0.001710684586082549,15.77097649880902,15.877780965010553,0.9932733379785944,16.29999999999999,0,0,0,0,126.0467499999977
P2 fixed,p2,906,240,11272,11258,0.9987579843860894,1.0030554343081624,14,-0.9167390360399479,302.9936426789572,186.94684669832063,269.118450673063,123,1,0.998227735932654,0.9991201055873296,0.0017722640673459855,0.3332741161840469,0.33371824480369516,0.33300763901225794,15.785465435927511,16.099762650707326,15.811077041292304,0.001420752034539204,15.716434255473212,15.81056768336544,0.994046170271845,16.29999999999999,0,0,0,0,129.06483300000036
P2 fixed,p2,907,240,11178,11147,0.9972266952943282,0.9877889228085478,31,0.627062527138515,56.17814299368264,88.03715494574561,158.57925868299148,347,0.9982038616973506,0.9971839336001186,0.9963702359346642,0.0018336257626864194,0.33282497532968514,0.3341706288687539,0.33300439580156094,15.642385016116068,15.893463598068479,15.676092113469156,0.0018382093597339448,15.551070065488645,15.675590452707853,0.992056414870312,16.29999999999999,0,0,0,0,120.8694170000017
P2 fixed,p2,908,240,11396,11371,0.9978062478062478,1.0109697235629662,25,-0.35931393834129394,418.95243822743214,276.59713532980345,386.3000498671193,239,0.9982555604012211,0.9976713724348713,0.9977598566308243,0.0005841879663498473,0.33321607598276315,0.3337437340603289,0.33304018995690793,15.944633694563413,16.14178594540476,15.970980204506583,0.0014159415085383971,15.873589435856688,15.970467970456776,0.9939338950631065,16.29999999999999,0,0,0,0,122.82887499999924
P2 fixed,p2,909,240,11405,11347,0.9949145111793073,1.0017391304347827,58,0.021493703864524535,247.28432843736456,369.7762373680024,474.31537751201876,538,0.9942579505300353,0.9951655435101084,0.994816414686825,0.0009075929800731464,0.3332158279721512,0.33383273111835726,0.33295144090949147,15.913499629567045,16.141795288623523,15.94145946279544,0.0015329948935898718,15.83800617377497,15.940951795309628,0.993542065564432,16.29999999999999,0,0,0,0,263.83491700000013
P2 fixed,p2,910,240,11622,11368,0.9781448976079848,0.9991326973113617,254,0.9336734693877553,1311.4179380606042,2326.9892669120295,2427.8417165337864,2637,0.9798477384684281,0.9778498871331829,0.9774011299435028,0.0024466085249252867,0.3332160450387051,0.3335679099225897,0.3332160450387051,15.935452508080699,16.141801147313785,15.958480809245616,0.0011872142394196965,15.873528930145932,15.95797017278426,0.9947085223418741,16.29999999999999,0,0,0,0,177.79504199999792
P2 fixed,p2,911,240,11294,11281,0.9988489463431911,1.0109697235629662,13,-0.28077507598784196,135.71418117955778,183.94274897348913,291.27426718059905,147,0.9991015274034142,0.9988183161004431,0.9986945169712794,0.00040701043213475785,0.333126495878025,0.3338356528676536,0.33303785125432145,15.82101562766685,16.14179421890834,15.848870804076812,0.001477757803180709,15.745811616123971,15.848362540955186,0.993529241613056,16.29999999999999,0,0,0,0,123.25904100000116
P2 fixed,p2,912,240,11499,11351,0.9871293155926603,1.0244553134726546,148,-1.1080112896222318,928.9886268446504,1911.5781493881207,2018.2107312600153,1653,0.9880546075085325,0.9879127358490566,0.9839730071699705,0.004081600338561975,0.33327460135670867,0.3336269932164567,0.33309840542683467,15.913286058244244,16.141792977453676,15.937394719175106,0.001300871322663489,15.848401707694782,15.936880367534968,0.9944481819653722,16.29999999999999,0,0,0,0,144.88287499999933
P2 fixed,p2,913,240,11304,11302,0.9998230714791224,1.022911051212938,2,-1.3789079461571863,219.22340692798815,203.40815580740986,291.1412868155706,18,0.9995501574448943,1,0.9995596653456627,0.00044984255510571725,0.3333923199433729,0.3336577596885507,0.33294992036807647,15.845461976118292,15.952631737840955,15.870039094473208,0.0014192624535034812,15.779273694831774,15.869530442040675,0.9943125760690563,16.29999999999999,0,0,0,0,103.50708299999678
P2 fixed,p2,914,240,11509,11325,0.9840125119471718,0.9596001665972511,184,1.647524967433782,464.066730677835,1169.4840771279332,1263.3724485734947,1914,0.9796536796536797,0.9844961240310077,0.9868755292125317,0.007221849558852078,0.3332450331125828,0.33350993377483446,0.3332450331125828,15.873537990893665,16.141797981605347,15.895394225235977,0.0011300191841962005,15.814839075449662,15.894883051055126,0.9949641670625471,16.29999999999999,0,0,0,0,113.10491700000057
P2 fixed,p2,915,240,11685,11368,0.9728712023962345,0.964824120603015,317,2.5813069908814588,1648.063541471755,2514.537283115368,2612.0604281588307,3279,0.9712858926342073,0.9732589732589733,0.9733508082131935,0.0020649155789862483,0.3333040112596763,0.33365587614356085,0.33304011259676286,15.937944984374887,16.1417931325109,15.962627464608127,0.0013583717619764426,15.871467375939297,15.962118660169656,0.9943208488697329,16.29999999999999,0,0,0,0,152.98783299999923
P2 fixed,p2,916,240,11471,11252,0.9809083776479819,0.9431027425296766,219,3.402355623100304,538.5589975461446,1693.8190590127624,1787.2082565834219,2282,0.9833843463052033,0.9805013927576601,0.9796868387642826,0.003697507540920686,0.3331852115179524,0.3336295769640953,0.3331852115179524,15.774568324999406,16.141790821041784,15.798514301579875,0.0012480525475011789,15.710117375026712,15.798005034080399,0.9944367875017074,16.29999999999999,0,0,0,0,118.16854200000307
P2 fixed,p2,917,240,11261,11254,0.9993783855785454,1.0114335971855761,7,-0.8130156317846288,167.75142649102068,150.80763283574393,237.19588320045264,104,0.9995567375886525,0.9995544333877915,0.9986795774647887,0.0008771601238637405,0.3332148569397548,0.33401457259641015,0.33277057046383507,15.788163521289617,16.130371363546445,15.819285937507958,0.0017718880147700338,15.703969906380086,15.818779381256737,0.9927422039267653,16.29999999999999,0,0,0,0,100.59554199999911
P2 fixed,p2,918,240,11501,11388,0.9901747674115294,0.9867237687366167,113,0.5065675206252714,439.07173161728383,976.0179066176416,1077.9012622718562,1096,0.9905376344086021,0.9898403483309144,0.9908136482939632,0.0009732999630488459,0.3333333333333333,0.3333333333333333,0.3333333333333333,15.956835934429167,16.141789884002943,15.975481970847333,0.0009557989077971939,15.906968701262501,15.974969473762515,0.9957432924919388,16.29999999999999,0,0,0,0,109.98366700000042
P2 fixed,p2,919,240,11146,11119,0.9975776063161672,0.9964365256124722,27,-0.12022362136343899,62.1419915312037,44.614519852222884,96.21767570445961,229,0.9972388403129314,0.9980623043672678,0.9964664310954063,0.0015958732718615032,0.33321341847288427,0.33393290763557876,0.332853673891537,15.596512759480913,15.688996020923822,15.625757701526055,0.001663358879075128,15.51746409893943,15.625257726950542,0.993101321597711,16.29999999999999,0,0,0,0,81.86120899999878
P2 fixed,p2,920,240,11349,11330,0.9983258436866684,1.0004401408450705,19,-0.012429439861050818,170.86089155362626,46.125607173074336,107.43294576432042,113,0.9969538729329852,0.9988211022693781,0.9982339955849889,0.0018672293363929393,0.33318623124448365,0.3338040600176522,0.33300970873786406,15.888843927065876,15.953658109189718,15.916227664840275,0.001475660818747831,15.814943361295784,15.915716860073195,0.9936683028692088,16.29999999999999,0,0,0,0,126.58112500000061
P2 fixed,p2,921,240,11440,11305,0.9881993006993007,0.9943892965041001,135,-0.04472427268779851,400.0524874811881,992.748326276965,1095.2523979266816,1173,0.9826388888888888,0.9892457277548615,0.9906303236797275,0.007991434790838636,0.33330384785493145,0.33383458646616543,0.3328615656789031,15.854644464509105,16.14179890239568,15.882538907643045,0.0015936626666578258,15.779335397279914,15.882029579865199,0.9935339383377375,16.29999999999999,0,0,0,0,142.40816600000107
P2 fixed,p2,922,240,11385,11378,0.999385155906895,1.0359712230215827,7,-1.8805362570560138,809.1670058066941,483.75462357325523,592.4731046429843,114,0.9991075412762159,0.9995626822157434,0.999124343257443,0.00045514093952747636,0.3332747407277202,0.3336262963613992,0.33309896291088065,15.951121662813977,16.141799745568438,15.975272193957125,0.0013000404439145747,15.886118678104902,15.974759111799122,0.9944512193846635,16.29999999999999,0,0,0,0,116.06083399999989
P2 fixed,p2,923,240,11230,11125,0.9906500445235975,0.9858793324775353,105,1.3965479808944854,299.6518471267404,850.2847879868871,952.4244858139558,1188,0.9901654000894055,0.9911673781834242,0.9895454545454545,0.0016219236379696467,0.3329438202247191,0.3342022471910112,0.33285393258426965,15.612388857694452,16.1417955967673,15.646611736821253,0.001839831678065062,15.519652257116071,15.646111257904773,0.9919175443211289,16.29999999999999,0,0,0,0,93.8971249999995
P2 fixed,p2,924,240,11356,11290,0.9941880943994365,0.9896907216494846,66,0.5866261398176292,248.70501365932452,432.8602555588457,534.0644106234276,533,0.9925438596491228,0.9947537161177499,0.9941282746160794,0.002209856468627036,0.333303808680248,0.33356953055801597,0.333126660761736,15.826160043997238,16.141799265728675,15.84906003852173,0.0012444958168762446,15.764577999652046,15.848553514668225,0.9947013766941911,16.29999999999999,0,0,0,0,114.62816699999894
P2 fixed,p2,925,240,11400,11300,0.9912280701754386,0.9607679465776294,100,2.060844550586192,199.28115570504843,391.7587162600052,477.94684237112597,1099,0.9917427205562799,0.9914881127091283,0.9899343544857768,0.0018083660705030535,0.3334513274336283,0.334070796460177,0.33247787610619467,15.854276173623935,16.1360762202789,15.886579436899222,0.002002375805339135,15.766845400325165,15.886069182096213,0.9924950734883231,16.29999999999999,0,0,0,0,116.65350000000035
P2 fixed,p2,926,240,11213,11184,0.9974137162222421,0.99524015577672,29,0.36490447242726876,79.8585461883858,204.55308053675915,300.8392418571927,255,0.9978241949521323,0.997317036816217,0.9972801450589301,0.0005440498932021143,0.33369098712446355,0.33386981402002863,0.3324391988555079,15.685935436045074,16.117917620074795,15.714179645288125,0.0018961493400781499,15.609637693338058,15.713680069756736,0.9933788663154138,16.29999999999999,0,0,0,0,80.53970900000058
P2 fixed,p2,927,240,11407,11383,0.9978960287542737,1.0331987438313144,24,-0.804656969170647,488.18590413082904,284.0171169291498,392.7980547758619,305,0.9964866051822574,0.9982502187226596,0.9982394366197183,0.0017636135404022202,0.33330404989897217,0.3334797505051392,0.3332161995958886,15.953978152504662,16.126489001047336,15.975376877388623,0.0011263903473261046,15.896543099158784,15.974863626448629,0.9950972647328159,16.29999999999999,0,0,0,0,145.66100000000006
P2 fixed,p2,928,240,11412,11328,0.9926393270241851,0.9785683669095585,84,1.4260746851932262,392.81669895091153,218.4564570187479,297.4160335815083,791,0.9943502824858758,0.9922571219868517,0.9920564872021183,0.002293795283757505,0.3332450564971751,0.3336864406779661,0.3330685028248588,15.88272452607933,16.007114375960146,15.907895205022527,0.0013596336901019763,15.814904337057769,15.907386412996283,0.9941862180538371,16.29999999999999,0,0,0,0,186.83912500000224
P2 fixed,p2,929,240,11405,11335,0.9938623410784744,0.9991326973113617,70,-0.17091836734693872,424.00321355462273,457.6636283533552,565.1675490874283,719,0.9943844492440604,0.9935578330893119,0.9942477876106195,0.0008266161547485495,0.33321570357300395,0.333480370533745,0.333303925893251,15.886719247203173,16.141794208618286,15.908040382331075,0.0011270956601889396,15.829494535775744,15.907528233176796,0.9950945428945834,16.29999999999999,0,0,0,0,141.59195900000122
P2 fixed,p2,930,240,11544,11360,0.9840609840609841,1.022636484687084,184,-0.7383304385584022,1356.791138336894,2083.2340434558637,2191.7440147262264,1976,0.9834278238116005,0.9845050215208034,0.9833406400701447,0.0011643814506587802,0.3330985915492958,0.3335387323943662,0.333362676056338,15.923411657181175,16.141782534674903,15.94587585437608,0.0012428319940698048,15.863041266212198,15.945364526624457,0.9948371666088409,16.29999999999999,0,0,0,0,138.1757080000025
P2 fixed,p2,931,240,11295,11241,0.9952191235059761,0.9820971867007673,54,0.04184759009986971,167.8029399814687,211.64495692954085,303.2781806132022,547,0.9964093357271095,0.995008075172515,0.9946808510638298,0.0017284846632797946,0.3333333333333333,0.3337781336180055,0.3328885330486612,15.76330532668779,16.14177685634278,15.789992775344839,0.0015388115152640525,15.691312604124677,15.789484498528916,0.9937824509461733,16.29999999999999,0,0,0,0,122.14320799999768
P2 fixed,p2,932,240,11308,11290,0.9984082065794128,1.0066904549509366,18,-0.005427702996092044,424.2941168911152,51.20621976073563,110.9626496013625,202,0.9991308126901347,0.9976345357776464,1,0.0023654642223536193,0.33348095659876,0.33356953055801597,0.3329495128432241,15.8261552500991,15.820807950324175,15.849058582012862,0.0013616770539476575,15.764573689311723,15.84854854493088,0.9947014166388116,16.29999999999999,0,0,0,0,131.1858749999992
P2 fixed,p2,933,240,11741,11342,0.9660165232944383,0.9737954353338969,399,1.1978397742075553,2003.2010510259342,3326.9323992149184,3426.466716533785,3574,0.9645941278065631,0.9660611181523729,0.9672977624784854,0.0027036346719223614,0.33327455475224826,0.333539058367131,0.3331863868806207,15.898191627384522,16.141802187140655,15.92062529226204,0.0011850002858559729,15.837899899877968,15.920115891932388,0.9948357164851994,16.29999999999999,0,0,0,0,150.76108399999794
P2 fixed,p2,934,240,11327,11260,0.9940849298137194,0.9812227074235808,67,0.3228940512375163,183.8487238769745,114.40969482804333,180.7801757044599,598,0.9920948616600791,0.9945379391792146,0.9947275922671354,0.002632730607056266,0.33357015985790406,0.3336589698046181,0.3327708703374778,15.78661057297092,15.767355442435841,15.811119722240658,0.0015384948649332668,15.720606351512862,15.810612108046586,0.994307256675539,16.29999999999999,0,0,0,0,122.71016600000075
P2 fixed,p2,935,240,11315,11281,0.9969951391957579,0.98719646799117,34,0.1519756838905775,80.49114176738786,28.187749711726152,74.75638039127928,271,0.9965019676432006,0.9970444805674598,0.9973463069438302,0.0008443393006295485,0.33330378512543213,0.33374700824395,0.33294920663061783,15.818521165535016,15.673681461089755,15.844723616182383,0.0014782713249014954,15.747871472651708,15.844211962947123,0.9939195151819028,16.29999999999999,0,0,0,0,96.82345899999927
P2 fixed,p2,936,240,11406,11324,0.992810801332632,1.0078740157480315,82,-0.10698002605297437,582.050693596999,746.4362631101917,853.5078268652065,797,0.9919114516815666,0.993813521873619,0.9907407407407407,0.003072781132878344,0.3331861533027199,0.3336276933945602,0.3331861533027199,15.875457999431804,16.141791141623155,15.89951948338737,0.0012461963670184562,15.81069145432039,15.89900947038141,0.9944450617363585,16.29999999999999,0,0,0,0,137.93870900000184
P2 fixed,p2,937,240,11250,11225,0.9977777777777778,0.9948074426655128,25,-0.004179331306990879,113.56779074846082,61.52130864830124,142.90516798654275,193,0.998218262806236,0.9974885507460481,0.998211091234347,0.0007297120601879037,0.3330957683741648,0.33398663697104675,0.33291759465478843,15.746700337477698,16.115065879564288,15.777222255870855,0.0016563198184182104,15.664151513744017,15.77671809156268,0.9928650193807504,16.29999999999999,0,0,0,0,89.85987499999828
P2 fixed,p2,938,240,11326,11255,0.9937312378597917,0.9791755206119847,71,0.9024641771602258,222.92209625812043,393.6328969966014,497.6100674726088,572,0.9954771596562642,0.9933022714036109,0.9933244325767691,0.0021748882526532176,0.3332741003998223,0.33354064860062194,0.33318525099955576,15.776287620981735,16.141798927310344,15.798578716663927,0.001186793645101028,15.716376839258269,15.798073359790271,0.9948287035595151,16.29999999999999,0,0,0,0,144.0210420000003
P2 fixed,p2,939,240,11339,11301,0.9966487344563013,0.9929577464788732,38,0.26650021710811983,105.40012990061688,40.133832994181766,89.38482195646186,333,0.9968944099378882,0.9966196355085244,0.9964927663305567,0.0004016436073315255,0.33315635784443853,0.3333333333333333,0.3335103088222281,15.834931905264938,15.793060243297461,15.853435388118125,0.00106992393970663,15.785445619665227,15.85292691821031,0.9957432908829241,16.29999999999999,0,0,0,0,94.98854199999914
P2 fixed,p2,940,240,11233,11217,0.9985756253894774,0.9990917347865577,16,-0.1582718193660443,225.19019359878715,15.611795221742108,51.05595067306391,176,0.9991262560069899,0.9985099091044554,0.9982086878638603,0.000917568143129599,0.3331550325398948,0.33413568690380674,0.33270928055629845,15.739635186389082,15.471272499820076,15.772907510280984,0.001891870850110535,15.649532056108669,15.772399961036518,0.9922099423530105,16.29999999999999,0,0,0,1,144.36295900000187
P2 fixed,p2,941,240,11679,11371,0.973627879099238,0.9795918367346939,308,0.9427920104211898,1517.02483649266,2810.8011198545496,2912.9394183413447,2929,0.9760888129803587,0.972965322009908,0.9731514084507042,0.0031234909704506153,0.3333040189956908,0.33356784803447365,0.33312813296983557,15.939654447872755,16.14179492065965,15.962688841100489,0.0012424219124391798,15.877717940037442,15.96217681435833,0.9947088122564264,16.29999999999999,0,0,0,0,146.30641699999978
P2 fixed,p2,942,240,11289,11288,0.9999114181947029,1.0035164835164836,1,0.005156317846287463,158.32749985860082,43.045743198757926,101.52419043068949,1,1,1,0.9995450409463148,0.00045495905368519995,0.3333628632175762,0.3336286321757619,0.3330085046066619,15.825018002934764,15.994666473507687,15.84901830813613,0.0013614076989166746,15.760408696477121,15.848512296192093,0.9944408914812692,16.29999999999999,0,0,0,0,98.36354100000244
P2 fixed,p2,943,240,11284,11229,0.9951258419000355,0.9912472647702407,55,0.582066869300912,101.73994398776395,130.2828191143125,193.9596876215152,645,0.9943305713039686,0.995550281815485,0.9946642952423299,0.0012197105115163698,0.3333333333333333,0.33386766408406804,0.33279900258259865,15.748984390888063,15.881008609067443,15.777305664666976,0.0016567440999919036,15.672490036712638,15.776800519679135,0.993388362688849,16.29999999999999,0,0,0,0,81.82308299999931
P2 fixed,p2,944,240,11488,11332,0.9864206128133705,0.9888412017167382,156,1.093465045592705,704.3692137587606,1114.9535483855461,1216.195326865206,1704,0.9842887473460722,0.9871945834559905,0.9863189397178281,0.002905836109918347,0.3333039181080127,0.33356865513589834,0.333127426756089,15.885008867582043,16.141804329700438,15.907978723508874,0.0012434146157210121,15.82324314246428,15.90746913126123,0.9947052552419272,16.29999999999999,0,0,0,0,147.0726250000007
P2 fixed,p2,945,240,11465,11303,0.9858700392498909,0.9717418810628426,162,1.4722101606600089,597.2058723272281,1263.7290605328744,1362.9647137246118,1751,0.985191637630662,0.9856283912597155,0.9872340425531915,0.002042404922529495,0.3335397682031319,0.33362824029018845,0.33283199150667964,15.846031689964267,16.141788866473995,15.870059590809477,0.0014779032214138812,15.78135720583406,15.869549684193444,0.9944426603076693,16.29999999999999,0,0,0,0,101.80133299999943
P2 fixed,p2,946,240,11287,11286,0.9999114024984496,1.0217874610938196,1,-0.473349978289188,309.44880458226044,151.86915904710173,246.0316912103796,16,1,0.9998533294221179,1,0.00014667057788209092,0.33324472798157007,0.33395357079567606,0.3328017012227539,15.831339996648085,16.11220845574799,15.861412159696478,0.0017112967767858567,15.750042301220697,15.860902794985314,0.9930104550038812,16.29999999999999,0,0,0,0,130.24633299999914
P2 fixed,p2,947,240,11454,11303,0.9868168325475817,0.9863013698630136,151,1.0908597481545808,728.9557500399778,1383.5091070231765,1485.5182819068277,1632,0.9867256637168141,0.9867172675521821,0.9871959026888605,0.00047863513667834034,0.33292046359373617,0.33362824029018845,0.3334512961160754,15.846036564702594,16.14180074950508,15.870061101121049,0.0014193589913957985,15.78136162619514,15.869554724159855,0.9944426230289595,16.29999999999999,0,0,0,0,128.3325420000001
P2 fixed,p2,948,240,11353,11293,0.9947150532898793,1,60,0.3157837603126357,259.08589144321434,343.20689797374337,450.52825736311297,608,0.9951775537045155,0.9942333284045541,0.9956691208315288,0.0014357924269746691,0.33330381652351015,0.3335694678119189,0.33312671566457097,15.830362363467248,16.141795020141423,15.8532682078029,0.001244412422949017,15.76876737380156,15.8527605415275,0.9947016693082625,16.29999999999999,0,0,0,0,141.57479199999943
P2 fixed,p2,949,240,11314,11309,0.9995580696482235,1.0164152617568767,5,-1.0708858011289621,151.95028677817845,171.27676779616593,255.63033675277862,82,0.9991239597021463,0.999702380952381,0.9995672868887927,0.000578421250234662,0.3330975329383677,0.3336280838270404,0.3332743832345919,15.854436972439734,16.067312347806453,15.878476005652598,0.001302138640347856,15.789736387185584,15.877964457986707,0.9944433638811464,16.29999999999999,0,0,0,0,108.13008300000001
P2 fixed,p2,950,240,11290,11238,0.9953941541186891,1.0350404312668464,52,-1.4472970039079462,500.16117332906407,807.1037946161382,920.7286103314178,600,0.995507637017071,0.9948506694129763,0.9969122187913542,0.0020615493783778804,0.3336892685531233,0.33342231713828085,0.33288841430859584,15.74914183787561,16.141788521237775,15.769201127339118,0.0013055484841831442,15.695377903376311,15.768692359511718,0.9953506318429008,16.29999999999999,0,0,0,0,110.14325000000099
P2 fixed,p2,951,240,11454,11308,0.9872533612711717,1.0091984231274638,146,-0.6430742509769866,871.6354214309189,1571.440941003504,1674.5832565834214,1551,0.9882618510158013,0.986907641952469,0.9873417721518988,0.001354209063332279,0.33348072161301734,0.33348072161301734,0.3330385567739653,15.8488884614865,16.141792982770088,15.870164215358118,0.0012445339908351031,15.791781701193273,15.86965455613859,0.9950929710114456,16.29999999999999,0,0,0,0,114.72029200000179
P2 fixed,p2,952,240,11352,11285,0.9940979563072586,0.9884169884169884,67,0.28815675206252717,203.51919431459012,393.3479549914994,496.58628759526255,534,0.9935233160621761,0.9945580232387116,0.9932945909700491,0.0012634322686624344,0.3330970314576872,0.3338945502879929,0.33300841825431987,15.828283038027267,16.14178886424351,15.857246825091485,0.001535855726518488,15.750025328576392,15.856740386918505,0.9932700507331159,16.29999999999999,0,0,0,0,112.04275000000052
P2 fixed,p2,953,240,11427,11360,0.9941366937953968,1.0271957200178332,67,-0.49913156752062526,517.4596293089631,680.3804695572469,784.1110343611994,728,0.9938325991189427,0.9940320232896652,0.994752951464801,0.0009203523458582996,0.3334507042253521,0.333362676056338,0.3331866197183099,15.918434846726747,16.14179006436107,15.93758528156141,0.0010691736227255598,15.867172019578371,15.937075874780708,0.9956137590263371,16.29999999999999,0,0,0,0,133.676958
P2 fixed,p2,954,240,11293,11234,0.9947755246612946,1.0244553134726546,59,-1.387320885801129,410.258849792307,745.800566895177,854.2702769980851,513,0.9959016393442623,0.9947159841479525,0.9938704028021016,0.0020312365421607526,0.3330069432081182,0.33371906711767846,0.3332739896742033,15.751840225645077,16.141790238287548,15.777410094953076,0.0014217256485660782,15.68291380280756,15.776904379404186,0.9940425209954796,16.29999999999999,0,0,0,0,138.83695799999987
P2 fixed,p2,955,240,11449,11334,0.989955454624858,0.9754445385266723,115,1.3097590099869736,610.9468984272116,731.8941137939977,832.3243170477195,1189,0.9900260190806591,0.9914781075521598,0.985451433461703,0.006026674090456763,0.3333333333333333,0.33359802364566793,0.33306864302099876,15.888637007486766,16.141788045555693,15.912164964248328,0.0013015609455620182,15.825344899869217,15.911652319347704,0.9945758355105873,16.29999999999999,0,0,0,0,180.09520799999882
P2 fixed,p2,956,240,11151,11118,0.9970406241592682,0.9948186528497409,33,-0.1572405557967868,123.08398569217191,222.33758664145978,323.49449431156364,299,0.9958885335769758,0.997058390939844,0.9981507165973186,0.002262183020342756,0.3331534448641842,0.334232775679079,0.3326137794567368,15.603410810725041,16.141796109112107,15.63817389355278,0.002018702925652491,15.509186814250064,15.637674082170506,0.9917834796117834,16.29999999999999,0,0,0,0,98.81979099999808
P2 fixed,p2,957,240,11550,11353,0.9829437229437229,1.006113537117904,197,0.06589231437255753,1457.6224415954553,1795.5623966217843,1897.8327769980845,2076,0.9821194941125163,0.9833887043189369,0.982433590402742,0.001269210206420568,0.3333039725182771,0.33356821985378315,0.33312780762793975,15.914435708236145,16.141798811615512,15.937438733719171,0.0012428678231386262,15.85257781423107,15.93692948787435,0.9947071565004125,16.29999999999999,0,0,0,0,243.0161659999976
P2 fixed,p2,958,240,11535,11394,0.98777633289987,1.0026109660574412,141,-0.4603234910985671,680.6909129333944,1632.4487317252633,1740.5431054226756,1420,0.9838003502626971,0.9899149978389281,0.9852813852813853,0.006114647576231036,0.3333333333333333,0.3335088643145515,0.3331578023521152,15.970222476877819,16.141790543471835,15.992190339391676,0.0011841081034465524,15.911221164071135,15.991677499716625,0.9949688620442154,16.29999999999999,0,0,0,0,223.86437500000102
P2 fixed,p2,959,240,11354,11339,0.9986788796899772,1.025,15,-0.8480785931393834,183.25419646994612,125.28785676135895,207.87890571468628,61,1,0.9980669144981412,0.9991416309012876,0.0019330855018587778,0.33336273039950615,0.33380368639209806,0.3328335832083958,15.901452859555997,16.106487660536725,15.92885264461547,0.0015919140311769018,15.827513103549338,15.928340043558427,0.9936699656252087,16.29999999999999,0,0,0,0,98.83641699999862
P2 fixed,p2,960,240,11420,11293,0.9888791593695272,1.0083150984682714,127,-0.873643074250977,606.3702233416884,1324.4359679783681,1431.5822974127475,1253,0.9929390997352162,0.9873159352675317,0.9895424836601308,0.005623164467684516,0.3334809173824493,0.33365801824138847,0.3328610643761622,15.832851019583641,16.141789880999973,15.857413550778723,0.0014782086803088953,15.766702197681994,15.856905136638792,0.9943114410927277,16.29999999999999,0,0,0,0,102.80058300000019
P2 fixed,p2,961,240,11411,11324,0.9923757777583034,0.9795918367346939,87,1.2044615718627876,477.6637038068721,514.6923355998508,611.7722720893416,924,0.992511013215859,0.9915893271461717,0.9946547884187082,0.003065461272536596,0.333362769339456,0.3334510773578241,0.3331861533027199,15.870477527375211,16.141793701932645,15.891227686093485,0.0011274615925557798,15.814818779893992,15.890717071913848,0.9952237339777446,16.29999999999999,0,0,0,0,201.28437499999927
P2 fixed,p2,962,240,11521,11335,0.9838555680930475,0.9737954353338969,186,1.36262483716891,536.1451348495659,1345.667705581786,1444.6408072302338,1876,0.9840310746655158,0.9845954506190613,0.9813994685562445,0.0031959820628167934,0.33321570357300395,0.33365681517423906,0.33312748125275693,15.891699918759135,16.141791298568105,15.916332142609855,0.001301201750553867,15.82536726650038,15.915820883216895,0.9943167482607261,16.29999999999999,0,0,0,0,118.96312500000204
P2 fixed,p2,963,240,11327,11323,0.9996468614814161,1.0486111111111112,4,-2.864795918367347,526.6914697761231,531.2769488751238,613.4880217345399,32,0.9995557529986673,0.9997058390939844,0.9995608256477821,0.00015008609531708128,0.3333038947275457,0.3334805263622715,0.33321557891018283,15.869905114173216,15.88100491322073,15.891206422630718,0.0011273077679672713,15.812732906175471,15.890695007990573,0.9950938519821884,16.29999999999999,0,0,0,0,155.3571669999983
P2 fixed,p2,964,240,11453,11351,0.9910940364969877,1.0131926121372032,102,-0.7231871471993053,1095.8771508367781,1131.7117442330537,1243.3372467659353,967,0.9926470588235294,0.9909210718992532,0.9900519031141869,0.002595155709342545,0.33345079728658267,0.3335388952515197,0.33301030746189764,15.910800115728158,16.141793364712512,15.933250150179173,0.0013013692736763933,15.850469259049758,15.93273860906577,0.9948364589393816,16.29999999999999,0,0,0,0,258.2374579999996
P2 fixed,p2,965,240,11352,11276,0.9933051444679352,0.9961089494163424,76,0.06203864524533216,265.97138794040836,675.3849154519065,775.5455800992689,893,0.9943181818181818,0.9932342991616414,0.9924944812362031,0.0018237005819786711,0.333185526782547,0.3335402625044342,0.3332742107130188,15.805709911946568,16.14179519145519,15.828037406217415,0.0011863338765414648,15.74570749617817,15.827528972226007,0.9948304327105376,16.29999999999999,0,0,0,0,133.19658399999753
P2 fixed,p2,966,240,11280,11279,0.9999113475177305,1.0062277580071175,1,-0.19132653061224492,273.24884337566243,93.37681434731543,161.5892341392764,17,1,0.9998532433225712,1,0.00014675667742880538,0.33318556609628514,0.3338061884918876,0.3330082454118273,15.817382335144865,15.872437972984057,15.844682885376434,0.0014780251084796075,15.743705087560814,15.844174061539071,0.993658932703716,16.29999999999999,0,0,0,0,235.93920900000012
P2 fixed,p2,967,240,11435,11322,0.9901180585920419,0.9995661605206074,113,-0.6077941815023883,363.52161658247377,880.702303324832,987.6710596846054,940,0.9880847308031774,0.9909184121869049,0.9897523484201537,0.0028336813837275265,0.3333333333333333,0.33359830418653946,0.33306836248012717,15.871825601327044,16.14179364258575,15.895331871299112,0.0013019218063136109,15.808585774602404,15.894821901954197,0.9945745773130562,16.29999999999999,0,0,0,0,223.90129100000195
P2 fixed,p2,968,240,11337,11197,0.9876510540707418,0.9812606473594548,140,1.1022036474164134,481.0344677106392,1090.3978332674053,1191.1869436647512,1430,0.9890158172231986,0.9868712199439446,0.9886064855390009,0.00214459727925409,0.33285701527194783,0.3341966598195945,0.3329463249084576,15.713272720639084,16.141790788536756,15.747615148692955,0.0018340990050317004,15.620221102286806,15.74710967276719,0.9919421040992796,16.29999999999999,0,0,0,0,252.5371669999986
P2 fixed,p2,969,240,11436,11344,0.9919552291010842,0.9660377358490566,92,1.3204515848892748,254.07523889194687,383.4022225595793,478.94779382388305,806,0.9925077126487439,0.99136037487187,0.9931565440547476,0.001796169182877616,0.33321579689703806,0.3335684062059238,0.33321579689703806,15.901822607631736,16.1417909907671,15.924812518682518,0.0011877028407991693,15.840004365747049,15.92430196831709,0.9947063549323695,16.29999999999999,0,0,0,0,105.93437500000073
P2 fixed,p2,970,240,11481,11266,0.9812734082397003,0.9701052631578947,215,1.4274316109422494,881.6494667577506,1648.714928974984,1748.5842157540956,2031,0.9778251599147122,0.9821770511120931,0.9821048146570089,0.004351891197380886,0.3331262204864193,0.3338363216758388,0.33303745783774186,15.799995011083483,16.141792932857822,15.827827504646336,0.0014784624465011464,15.724856987022122,15.827317928923987,0.9935263231356072,16.29999999999999,0,0,0,0,123.17299999999886
P2 fixed,p2,971,240,11261,11252,0.9992007814581298,1.0383194829178208,9,-1.9376899696048633,346.5266453483962,312.1609963157425,396.48155687543203,109,0.9995577178239717,0.9989597265566948,0.9995596653456627,0.0005999387889678021,0.3329185922502666,0.3340739424102382,0.3330074653394952,15.787019660803626,15.785515747173186,15.819243679841184,0.0017128867862071654,15.699799002878656,15.818736263685446,0.9924812413062458,16.29999999999999,0,0,0,0,215.79866599999878
P2 fixed,p2,972,240,11307,11249,0.9948704342442735,0.9752030782385634,58,1.146330872774642,207.58976067728005,137.78535654328505,204.44189301793935,475,0.9957912457912458,0.9943636902996144,0.9954317039744175,0.001427555491631427,0.33336296559694195,0.3338074495510712,0.3328295848519868,15.775349060579652,16.00140751898827,15.802598738001494,0.0015970357793876617,15.701803026784994,15.802093072868628,0.9936533694858546,16.29999999999999,0,0,0,0,97.74204100000134
P2 fixed,p2,973,240,11373,11355,0.9984173041413875,1.0078740157480315,18,-0.37744246634824136,295.1247590682478,198.39374845252587,298.48850903779265,281,0.9987141020145736,0.9982404692082112,0.9986486486486487,0.0004736328063623674,0.3333333333333333,0.33350946719506824,0.33315719947159844,15.915570408100102,16.14178753698233,15.937478122153887,0.0011849184350867694,15.856740377076326,15.936963146654202,0.9949662448962419,16.29999999999999,0,0,0,0,241.98766700000124
P2 fixed,p2,974,240,11346,11329,0.9985016745989777,1.0221827861579413,17,-0.8430851063829787,307.26007160623135,338.76101237458784,450.15868630163703,128,0.9991438356164384,0.9983660130718954,0.9982440737489026,0.0008997618675358199,0.33348044840674373,0.33365698649483627,0.33286256509842,15.88328966133298,16.141786720225724,15.907914245931632,0.0014765462896131757,15.816983650138331,15.907400938131047,0.9943160238215923,16.29999999999999,0,0,0,0,112.83645899999829
P2 fixed,p2,975,240,11338,11301,0.9967366378550009,1.0096406660823838,37,-0.6731437255753365,239.88652161141124,322.4473833875541,426.9568178274115,325,0.9973021582733813,0.9960629921259843,0.99822695035461,0.0021639582286256953,0.33315635784443853,0.3337757720555703,0.33306787009999117,15.847381579977876,16.141797551721336,15.874164223994166,0.0014186321942129146,15.775125703552538,15.87365644413255,0.993792813840542,16.29999999999999,0,0,0,0,239.177249999997
P2 fixed,p2,976,240,11372,11315,0.9949876890608512,0.9841947885519009,57,0.9980460269214069,151.3478859933455,259.0172144465821,353.1655539961712,528,0.9935093033318909,0.9952634695085849,0.9956616052060737,0.002152301874182805,0.33327441449403444,0.333716305788776,0.3330092797171896,15.865339810816275,16.141798721265072,15.891040584988037,0.0014183865552929197,15.796058538992144,15.890533000570509,0.9940546700620443,16.29999999999999,0,0,0,0,88.7868329999983
P2 fixed,p2,977,240,11291,11221,0.9938003719776813,0.9901160292221745,70,0.991098567086409,237.1303080935548,467.1104977946348,571.1408072302338,568,0.994572591587517,0.9938007380073801,0.993058568329718,0.0015140232577990353,0.3332145085108279,0.33392745744586044,0.33285803404331166,15.73943304691863,16.141780380836256,15.768846282056451,0.001656900988548973,15.659937921252359,15.76834036534275,0.9931253104905924,16.29999999999999,0,0,0,0,233.14220800000112
P2 fixed,p2,978,240,11392,11235,0.9862183988764045,0.9713322091062394,157,1.1045918367346939,405.78798516706127,1275.2158217029992,1376.4319943115645,1629,0.9866321690383786,0.9859443631039532,0.9866250557289344,0.0006878059344254117,0.33324432576769025,0.334045393858478,0.33271028037383177,15.76237162683741,16.14178822630006,15.794014266532162,0.0018319861503582333,15.67674314962157,15.793509254915898,0.9926067029556472,16.29999999999999,0,0,0,0,197.81695899999977
P2 fixed,p2,979,240,11651,11380,0.9767401939747661,0.978343949044586,271,0.838851498046027,1225.6974873788201,2269.743854449935,2368.067928938522,2649,0.9777000437254044,0.9762624082865775,0.9772067965188562,0.001437635438826912,0.3333919156414763,0.33321616871704746,0.3333919156414763,15.942309348943585,16.141804156116727,15.958732520751482,0.0008402042124193149,15.898548784370652,15.95822228151556,0.9962606425645526,16.29999999999999,0,0,0,0,250.9358749999992
P2 fixed,p2,980,240,11361,11291,0.9938385705483672,0.9879569892473118,70,-0.4793747286148502,194.5938615160912,199.99315775190098,287.3000498671193,500,0.9960903562119896,0.9927664599940951,0.9947483588621444,0.0033238962178945286,0.33353998760074394,0.3338056859445576,0.33265432645469845,15.834198152832407,16.096899095947236,15.861517420728209,0.0017117996534657266,15.760468309159613,15.86100900507706,0.9936611412372779,16.29999999999999,0,0,0,0,138.8554170000025
P2 fixed,p2,981,240,11518,11391,0.9889737801701685,1.0021748586341888,127,-0.33488927485887965,812.9755956775551,1390.1596624944152,1497.8704534822375,1292,0.9908056042031523,0.9879430563625798,0.9902127659574468,0.0028625478405724936,0.3331577561232552,0.3335966991484505,0.33324554472829426,15.968506311250994,16.1417858463487,15.992126869605453,0.0012417182876366345,15.904964508353649,15.991612421395514,0.9945816650154716,16.29999999999999,0,0,0,0,223.16100000000006
P2 fixed,p2,982,240,11409,11353,0.9950915943553336,0.993960310612597,56,0.2330655666521928,243.59686050265873,296.02523662914285,402.5480547758628,455,0.9945130315500685,0.995489596973665,0.9944657300979141,0.0010238668757509561,0.3332158900731084,0.33356821985378315,0.3332158900731084,15.914426300463704,16.141789760717735,15.937435759669984,0.001187522595387434,15.852569214687087,15.936919786200669,0.9947072224341231,16.29999999999999,0,0,0,0,124.92495800000324
P2 fixed,p2,983,240,11370,11212,0.986103781882146,0.9688814129520605,158,0.7970581849761181,344.4657040825573,1258.7019488882397,1355.4855547758623,1482,0.9863556338028169,0.9851657940663177,0.9887488748874887,0.003583080821171092,0.3333927934356047,0.33383874420264004,0.3327684623617553,15.724337642690042,16.14179382941902,15.752076627437662,0.0016579800184376172,15.64943532322438,15.751574849768469,0.9935155990738544,16.29999999999999,0,0,0,0,148.96737500000017
P2 fixed,p2,984,240,11418,11357,0.9946575582413733,1.0208241027913159,61,-1.077290490664351,572.5015285619253,761.3370454299412,868.8546462520007,691,0.9941599281221922,0.9948119325551232,0.9946737683089214,0.0006520044329310082,0.333274632385313,0.3336268380734349,0.3330985295412521,15.921701850024228,16.14179592232232,15.945814299837481,0.001300680983135866,15.856790302445068,15.945306049143928,0.994448789729965,16.29999999999999,0,0,0,0,190.62983299999905
P2 fixed,p2,985,240,11376,11320,0.9950773558368495,1.0136383633963924,56,-0.25749023013460703,392.09070752247703,840.3536994549197,948.9275245437135,583,0.9944367176634215,0.996231884057971,0.9922380336351876,0.00399385042278344,0.3330388692579505,0.3336572438162544,0.33330388692579505,15.87068013197926,16.141793389240934,15.895289027310984,0.0013600729059316228,15.804413302261215,15.894777160967662,0.9943148709924446,16.29999999999999,0,0,0,0,250.2202499999985
P2 fixed,p2,986,240,11268,11259,0.9992012779552716,1.0098082924654481,9,-0.7189535388623535,125.51150762603315,79.8290402260717,139.70122767115086,171,0.9982668977469671,0.9994065281899109,0.9995495495495496,0.0012826518025824685,0.3329780619948486,0.33377742250643927,0.33324451549871215,15.78852831249265,15.881013586763494,15.8152442862389,0.0014790861293762728,15.716456687563452,15.814736176103267,0.9937855752100172,16.29999999999999,0,0,0,0,146.26691700000083
P2 fixed,p2,987,240,11461,11345,0.989878719134456,1.0004342162396873,116,0.2847915762049501,652.2156680652571,1161.0423115416008,1268.0187614921651,1239,0.9893143365983972,0.9898741501518877,0.9904430929626412,0.0011287563642440324,0.3332745702952843,0.3337152930806523,0.3330101366240635,15.907371898421017,16.141791844616144,15.933124358022761,0.0014171560294438594,15.837959517688581,15.932612764141913,0.9940591510096599,16.29999999999999,0,0,0,0,120.40250000000015
P2 fixed,p2,988,240,11472,11282,0.9834379358437936,0.978343949044586,190,1.3992075553625705,655.3327505094251,1687.8074992848206,1785.832776998085,2162,0.9839270199826238,0.9807158509861212,0.9909677419354839,0.01025189094936263,0.3334515156887077,0.3338060627548307,0.3327424215564616,15.82158286567076,16.141785913285965,15.84889049792364,0.001653774067932574,15.747892839649081,15.848379238769567,0.9936595157393339,16.29999999999999,0,0,0,0,195.14145899999858
P2 fixed,p2,989,240,11309,11288,0.9981430718896455,1.002632733655112,21,-0.8230026052974381,354.1065627079162,110.7898879488374,179.51675868299057,214,0.9969352014010507,0.9983621203097082,0.9987007362494587,0.0017655348484079125,0.3336286321757619,0.33345145287030475,0.33291991495393336,15.820034011960338,16.012827643073674,15.840725576785653,0.001303811654225326,15.764533027101594,15.840216188272601,0.9952220878634827,16.29999999999999,0,0,0,0,229.64791600000171
P2 fixed,p2,990,240,11418,11347,0.9937817481170083,0.9854576561163387,71,0.198762483716891,256.6436476937586,289.47380211747924,392.0787868155706,660,0.9930525401650022,0.994122832794593,0.9935036812472932,0.0010702926295907966,0.33330395699303783,0.3333920860139244,0.33330395699303783,15.901044320286315,16.141791016879946,15.920728841306776,0.0010137609969165442,15.848320932936796,15.920216461140695,0.9954840106364515,16.29999999999999,0,0,0,0,122.25529200000165
P2 fixed,p2,991,240,11466,11328,0.9879644165358451,0.9717418810628426,138,1.177648719062093,496.9984428463886,750.977316413119,853.5059085238587,1320,0.9912778020061055,0.9876327658955333,0.9856521739130435,0.005625628093061996,0.3333333333333333,0.3336864406779661,0.3329802259887006,15.882726112040997,16.14180190360825,15.907895700489942,0.0014180217056826933,15.814905777603387,15.9073880518365,0.9941862061872291,16.29999999999999,0,0,0,0,243.83050000000003
P2 fixed,p2,992,240,11277,11184,0.9917531258313381,0.9969710082215492,93,0.18199088145896655,260.03662706428076,669.0927893796636,773.398787595262,875,0.9932614555256065,0.9910714285714286,0.9923388913925192,0.002190026954177915,0.3332439198855508,0.33378040057224606,0.33297567954220314,15.683441474997156,16.141791261519145,15.710032552957788,0.0014826495328525767,15.611697930264045,15.709530036718292,0.9937724358255415,16.29999999999999,0,0,0,0,100.6014159999977
P2 fixed,p2,993,240,11280,11270,0.999113475177305,1.0026536930561698,10,-0.10296352583586625,282.54220248455124,60.386053397935434,129.05148090521288,91,1,0.9988027536665669,0.9991103202846975,0.0011972463334330996,0.3333629103815439,0.3336291038154392,0.3330079858030169,15.799792198428106,15.886715796954226,15.823766070679675,0.0013620725252989668,15.735262241067048,15.823257637468506,0.9944388571293252,16.29999999999999,0,0,0,0,104.88666599999851
P2 fixed,p2,994,240,11345,11230,0.989863375936536,1.0034843205574913,115,-0.5111810681719497,451.0333206251811,1230.4032384176683,1332.4096454723106,1160,0.99055330634278,0.9892725936811169,0.9909365558912386,0.0016639622101217721,0.3333926981300089,0.3337488869100623,0.33285841495992874,15.747062033479356,16.141789393569823,15.773179648111661,0.0015395467715565235,15.676635491952146,15.77267168494381,0.9939112285534137,16.29999999999999,0,0,0,0,111.33641699999862
P2 fixed,p2,995,240,11498,11354,0.9874760827970082,0.9596001665972511,144,2.9369843682153713,379.3982950378283,921.6943928185522,1017.5941912103802,1630,0.9883217993079585,0.9882370026139994,0.9843478260869565,0.003973973221002014,0.33353884093711467,0.3337149903117844,0.3327461687511009,15.919984958246683,16.141794271823578,15.945750618919107,0.0015915698420413973,15.850533005149316,15.945240213918451,0.9940604714950317,16.29999999999999,0,0,0,0,117.57837499999732
P2 fixed,p2,996,240,11488,11369,0.989641364902507,0.9632107023411371,119,2.221070343030829,256.6755693147847,581.5194676364061,674.3655041290504,1240,0.9888650963597431,0.9894782989916703,0.990909090909091,0.002043994549347894,0.33318673586067377,0.33371448676224824,0.333098777377078,15.941005464128454,16.141796852929513,15.966793967444438,0.0013579974626328015,15.871487637241046,15.96628467390571,0.9940626740283797,16.29999999999999,0,0,0,0,215.96704100000352
P2 fixed,p2,997,240,11381,11320,0.9946401897900009,1.0087565674255692,61,-0.20044507164567954,462.98708118264517,581.080307128481,689.1685850080115,622,0.9948186528497409,0.9949509949509949,0.9935649935649936,0.001386001386001312,0.33330388692579505,0.3336572438162544,0.3330388692579505,15.87068170925431,16.14179152090938,15.895289634553613,0.0013600902817437765,15.804414877983637,15.89477873880728,0.994314871423594,16.29999999999999,0,0,0,0,115.26483399999415
P2 fixed,p2,998,240,11134,11131,0.9997305550565835,1.0113430127041743,3,-0.6996309161962658,104.98897787820268,84.18158245321777,145.29701113736215,12,1,0.9995523056260259,1,0.0004476943739740724,0.3331237085616746,0.334381457191627,0.3324948342466984,15.625773985987859,15.653693098323027,15.663319704998942,0.002194884414960831,15.523903480035024,15.662817806334337,0.9911309492316809,16.29999999999999,0,0,0,0,108.52737499999785
P2 fixed,p2,999,240,11227,11208,0.9983076511980048,1.0017667844522968,19,0.6829135909683022,155.85666045753777,246.7696046835613,332.8888121389767,236,0.9986449864498645,0.9982177335511659,0.9982456140350877,0.0004272528986986046,0.33315488936473947,0.3343147751605996,0.33253033547466093,15.732008834168033,15.926918952368062,15.768574960389664,0.002127663471478374,15.632836873640338,15.768071365269007,0.9914235236196014,16.29999999999999,0,0,0,0,99.43345799999952
P2 fixed,p2,1000,240,11318,11304,0.9987630323378689,1.0004468275245755,14,-0.012049500651324353,171.0711901054496,17.63990366854162,63.05745846106705,113,0.9995621716287215,0.9989601901366607,0.9973935708079931,0.00216860082072845,0.3332448690728945,0.3337756546355273,0.3329794762915782,15.85158277205897,15.719597935720413,15.878372054988741,0.001477028670100763,15.779314074608779,15.877862298404493,0.9937933569429169,16.29999999999999,0,0,0,1,249.76337500000227
P3-U,p3u,901,240,11603,11548,0.9952598465913988,1.0012892135797165,55,0.16505644811115935,103.15299877825746,342.92926610952554,446.5981813928938,455,0.9957026214009455,0.9943690441813456,0.9974468085106383,0.0030777643292926316,0.33391063387599584,0.3330446830620021,0.3330446830620021,16.172763324491953,16.290816490015363,16.186127572364132,0.0009544657364824832,16.137372193799195,16.185632826562035,0.9970183042405583,16.79786894317734,0.3085653246774978,0,0,0,152.68770800000493
P3-U,p3u,902,240,11504,11501,0.9997392211404729,0.9995733788395904,3,-0.0029852366478506304,1.6466885215776916,1.6601208930016755,9.509629867060235,8,1,0.9995637632688672,1,0.0004362367311327997,0.33327536735936003,0.33371011216415963,0.3330145204764803,16.125969356930433,16.45238871934532,16.151970040567896,0.0014108527688335227,16.05587309146051,16.151458908010415,0.9940819081982433,34.50832930689055,5.7534220882088745,0.0625,0,0,56.64508299999579
P3-U,p3u,903,240,11453,11452,0.9999126866323234,1,1,-0.0047221016066000855,1.583603245047541,1.5483051169520137,8.949140394151073,2,1,1,0.9995644599303136,0.0004355400696863798,0.33374083129584353,0.33312958435207823,0.33312958435207823,16.040711039293367,16.269740647099834,16.05559264391773,0.0009540291428392724,16.001188771297972,16.055082773109874,0.9966431813168745,33.46098389234292,1.806102688100617,0,0,0,127.79649999999674
P3-U,p3u,904,240,11376,11375,0.9999120956399438,0.9995619798510732,1,-0.0264329135909683,1.6921602448863582,1.453820398023102,8.945629796974876,9,1,1,0.9995559502664298,0.000444049733570151,0.3333626373626374,0.3331868131868132,0.33345054945054947,15.934487823229528,15.966944413154408,15.950340991394482,0.0008373648726038763,15.892265921558428,15.949841242019014,0.996390226110282,26.35719821996067,3.0504617577897988,0,0,0,180.61266700000124
P3-U,p3u,905,240,11418,11418,1,1,0,-0.008847155883630048,1.5789039335702504,1.826270647351035,10.532473727483799,0,1,1,1,0,0.3331581713084603,0.33368365738307937,0.3331581713084603,16.00883834785433,16.642372953497865,16.03415228940036,0.0013013964939291244,15.940623611948816,16.03364370636542,0.9941984432160186,28.923168138704497,3.026232098130628,0,0,0,98.81650000000081
P3-U,p3u,906,240,11272,11269,0.9997338537970192,1.0004364906154517,3,0.009335649153278332,1.6776225391752473,1.7556294969461363,10.240807060818042,31,1,0.9997046226554424,0.9995600527936648,0.0004399472063352228,0.3331262756233916,0.33383618777176327,0.33303753660484514,15.80421140121028,16.045282880449786,15.832040017040649,0.0014782955190729486,15.72905911681894,15.831539504625312,0.993526821079123,35.9995089878879,2.7722885078000785,0.16666666666666666,0,0,129.95545799999672
P3-U,p3u,907,240,11178,11177,0.9999105385578816,1,1,-0.008358662613981762,1.5995134952486445,1.640638087957741,9.55626132274756,11,1,0.9998517859789536,1,0.00014821402104636672,0.33282633980495663,0.33524201485192806,0.3319316453431153,15.714301745007475,16.110382640626565,15.767926989518141,0.003131747356485114,15.56820844814422,15.767426580230486,0.9873652094669622,37.26066817219313,2.0672690176664545,0.125,0,0,73.85516699999425
P3-U,p3u,908,240,11396,11396,1,1.0008775778850374,0,-0.02301346070343031,1.5199152044488387,1.7211185310593318,9.078556565842518,0,1,1,1,0,0.33353808353808356,0.33353808353808356,0.33292383292383293,15.9738649882184,16.013856254366882,15.996381181747571,0.0013580130972185695,15.913336156214639,15.995875472583421,0.9948399625572072,37.593844731894286,1.7583027283818498,0.20833333333333334,0,0,64.94554100000096
P3-U,p3u,909,240,11405,11403,0.9998246383165278,0.9991304347826087,2,0.0026052974381241853,1.5436564816680547,1.6963321043123878,9.010612191484142,5,1,0.9997070026369763,1,0.00029299736302368373,0.33324563711304045,0.33377181443479786,0.3329825484521617,15.990303852907802,16.09975943766388,16.017253506836443,0.0014724657214548347,15.917601452972582,16.016741089247876,0.9938102491809743,37.4271964081703,2.03039930598932,0.16666666666666666,0,0,55.52141699999629
P3-U,p3u,910,240,11622,11613,0.999225606608157,1.0121422376409366,9,0.3254993486756405,20.732230462526125,86.18129162075084,157.79502376402252,82,1,0.9988713318284425,0.9995654063450674,0.0011286681715575453,0.33367777490743133,0.33264445018513733,0.33367777490743133,16.25222152504028,16.32713000178101,16.257964812363777,0.0002761607096747835,16.237797223678005,16.25746672553564,0.9987901250428678,16.926264259330747,0.4768373804952726,0,0,0,138.54704100000527
P3-U,p3u,911,240,11294,11293,0.9999114574110147,1.0008775778850374,1,-0.011398176291793311,1.480684258462709,1.6253681391768011,9.719006838894225,12,1,1,0.9995648389904265,0.0004351610095735259,0.33330381652351015,0.33445497210661473,0.33224121136987517,15.855260988197067,15.988948908502259,15.894725734202297,0.0024108429845458917,15.748127001093808,15.894218801689163,0.9908084944332194,37.73794260622409,1.6578530294438638,0.125,0,0,76.34037499999977
P3-U,p3u,912,240,11499,11497,0.9998260718323333,1.0062249888839485,2,-0.6061115935735998,11.292216374250334,46.96428182364648,98.91251526641584,19,1,1,0.9991564740615774,0.000843525938422629,0.33356527789858226,0.33269548577889885,0.3337392363225189,16.09133363326258,15.825549506764014,16.097997154400755,0.0003811083716568654,16.074382297549615,16.097497755340004,0.998564034103827,18.52995824374999,3.0602039384372106,0,0,0,84.09424999999464
P3-U,p3u,913,240,11304,11302,0.9998230714791224,1.0004492362982929,2,-0.020788102475032565,1.5031467794088604,1.350339377147146,8.03503287190415,18,0.9995501574448943,1,0.9995596653456627,0.00044984255510571725,0.33374623960361,0.3338347195186693,0.3324190408777208,15.85044449800559,15.61063231742566,15.878331527159512,0.001886457626860239,15.77514824758029,15.877824952705703,0.9935333267981447,37.39500968093535,3.128342854168039,0.2708333333333333,0,0,88.78591700000106
P3-U,p3u,914,240,11509,11487,0.9980884525154227,0.9916701374427322,22,0.3931828050369084,4.731483361697548,16.979397753787783,37.73482950496327,144,0.996969696969697,0.998391107210765,0.9983065198983911,0.0014214102410680107,0.3333333333333333,0.3334203882649952,0.3332462784016715,16.098060959183076,16.635655793124034,16.118513699113176,0.0010675261333680124,16.043205019821478,16.118008573496397,0.995359007700373,20.355777379100335,2.559083510954563,0,0,0,115.50162500000442
P3-U,p3u,915,240,11685,11609,0.9934959349593496,0.9765494137353434,76,1.9745440729483283,134.06560217087565,351.6635738545449,437.61254986711964,719,0.9908447773616313,0.993993993993994,0.9947575360419397,0.003912758680308381,0.33387888707037644,0.3325006460504781,0.3336204668791455,16.24247504960396,16.296517330662507,16.245446529864225,0.00021681730793646345,16.2356575232201,16.244954150107194,0.9994277221836892,16.858026477745465,0.40715200064957213,0,0,0,111.85016600000381
P3-U,p3u,916,240,11471,11443,0.9975590619823904,0.9889480147359804,28,1.375108554059922,43.00612395782748,197.41133147855675,270.24082249665145,251,0.9973764757324005,0.9978009089576308,0.9970376639864579,0.0007632449711729716,0.333391593113694,0.33330420344315304,0.33330420344315304,16.033084761857573,16.872581614686453,16.05126012679455,0.0009530176873891733,15.984493669827048,16.050754249868678,0.995871808949902,20.494911632295672,5.759973688229857,0,0,0,65.93491699999868
P3-U,p3u,917,240,11261,11261,1,1.0008795074758134,0,0.007381676074685195,1.5156070094295375,1.8002872027571386,10.17734789014321,0,1,1,1,0,0.33318532989965366,0.3345173608027706,0.3322973092975757,15.812081902521417,15.974681107204226,15.852598664821215,0.0024146492514718976,15.702052194713785,15.85209270536054,0.9905349714113129,36.8394263329288,2.5195511180541668,0.10416666666666667,0,0,197.11541600000055
P3-U,p3u,918,240,11501,11499,0.9998261020780802,0.9991434689507495,2,-0.004396439426834565,1.6748305810159867,1.68181748411535,9.806748626001536,14,1,0.9997097242380262,1,0.0002902757619738239,0.3335942255848335,0.3333333333333333,0.3330724410818332,16.11237187049798,16.311787459066572,16.13119763562889,0.0011254470054115524,16.0620184055413,16.13068222139132,0.9957432788701914,26.95208328462938,1.3882724824217085,0,0,0,102.7691249999989
P3-U,p3u,919,240,11146,11145,0.9999102817154136,1.0017817371937638,1,-0.015957446808510637,1.4297338976727034,1.438765624068844,7.558279567755259,11,1,1,0.9995583038869258,0.0004416961130742081,0.3333333333333333,0.3345895020188425,0.33207716464782416,15.651204677705595,15.797960374614568,15.692634182789515,0.0026075768755660826,15.53864677889848,15.69213482272636,0.9902187914160928,38.20933347620027,1.9404551577735631,0.2916666666666667,0,0,133.12425000000076
P3-U,p3u,920,240,11349,11346,0.999735659529474,0.9991197183098591,3,0.01199522362136344,1.5278009835928572,1.422488503302105,7.872751505262386,16,0.9995648389904265,0.9998526377836723,0.9995584988962473,0.0002941388874250217,0.3332451965450379,0.33412656442799227,0.33262823902696986,15.920396997272254,15.969998176276926,15.953875542193563,0.0019394728558855938,15.829728408922755,15.9533673930357,0.9922499757532746,38.42722179462019,1.4955765485256305,0.20833333333333334,0,0,58.654207999999926
P3-U,p3u,921,240,11440,11438,0.9998251748251749,1.0004315925766076,2,-0.0015740338688666952,1.6040143434415506,1.3749763962820858,8.090527113384573,14,1,0.9997053624042428,1,0.0002946375957572078,0.3332750480853296,0.3338870431893688,0.3328379087253016,16.042682169892508,16.231616498748064,16.071885662398604,0.0016436808510353286,15.96375325451667,16.07138359366556,0.9933029823772416,24.239232023688334,3.428725467732551,0,0,0,62.38079200000357
P3-U,p3u,922,240,11385,11384,0.9999121651295564,1,1,-0.006676074685193229,1.5663592069674073,1.6141201456955236,9.677827475480322,7,1,0.9998542274052478,1,0.00014577259475223592,0.3333626141953619,0.33318692902319047,0.33345045678144764,15.947096560661636,15.639413616909785,15.962965868798554,0.000837466957931331,15.904835436645676,15.96246424212199,0.9963897300189878,38.447598124380654,1.6744413858683913,0.3333333333333333,0,0,55.389665999995486
P3-U,p3u,923,240,11230,11228,0.9998219056099733,0.9995721009841677,2,0.010692574902301346,1.6851668394564574,2.335883074633392,11.990250725570755,13,1,0.9997055792727808,1,0.0002944207272191912,0.33300676879230495,0.3339864624153901,0.33300676879230495,15.75090822501213,16.332817003024488,15.781432139504764,0.001600127576100704,15.668345944056973,15.780930872632185,0.9928657612479337,29.001331537659652,3.796452869440581,0,0,0,117.54587500000343
P3-U,p3u,924,240,11356,11355,0.9999119408242338,1.0008591065292096,1,0.007490230134607036,1.694016448429132,1.9304054268883566,10.155006768807349,4,1,0.9998542698921598,1,0.00014573010784024731,0.33315719947159844,0.3337736679876706,0.33306913254073095,15.923050600243394,16.303207369855215,15.949918721518843,0.0014164097117456327,15.850557960828802,15.949411560030521,0.9938020535221846,36.954656977809485,1.8925760085498449,0.020833333333333332,0,0,170.59074999999575
P3-U,p3u,925,240,11400,11399,0.9999122807017544,1.0012520868113524,1,0.010801128962223187,1.7039746469954842,2.0071899352453983,10.599359027508399,2,1,0.9998532433225712,1,0.00014675667742880538,0.333362575664532,0.3339766646197035,0.33266075971576453,15.990511555567968,16.786625790815894,16.02131648999979,0.0018196585792607774,15.90720067749929,16.020806420320223,0.9929088623980351,32.18456896253066,4.915608442211452,0.0625,0,0,93.74683299999742
P3-U,p3u,926,240,11213,11208,0.9995540890038348,0.9991345737775854,5,-0.0006513243595310464,1.4575025759496745,1.647182283857814,9.09299407206072,16,1,0.9992547324489491,1,0.0007452675510508655,0.33342255531763026,0.33458244111349034,0.3319950035688794,15.739479384981017,16.180981300696697,15.781012566974569,0.002657300743015987,15.626645707333813,15.78050981321636,0.9902497379550004,35.381314089296254,3.2925627185992776,0.041666666666666664,0,0,117.24937499999942
P3-U,p3u,927,240,11407,11407,1,1.0022431583669806,0,0.01204950065132436,1.7894425730619254,1.6314770901631275,9.25910440348101,0,1,1,1,0,0.3334794424476199,0.3332164460419041,0.333304111510476,15.980149536830451,15.667967303420951,15.996611565216512,0.0008955399780231699,15.936270124111957,15.996105686909894,0.996259366875345,36.65299527275333,2.8810249050250776,0.20833333333333334,0,0,60.01833400000032
P3-U,p3u,928,240,11412,11410,0.9998247458815283,1,2,0.018345636126791142,1.5854176428328732,1.5831606963295193,8.943170556213468,12,1,0.9997078159240321,1,0.00029218407596787177,0.33400525854513585,0.3333917616126205,0.33260297984224363,15.989338040804517,16.37402627239158,16.00911320739364,0.0014742838119119058,15.936337232936324,16.008611061847486,0.9954853154572911,35.341699790724505,5.375015544092802,0.3125,0,0,60.187917000002926
P3-U,p3u,929,240,11405,11405,1,1.0008673026886383,0,0.024153278332609638,1.6553791910363778,1.793994346678962,9.167852019195683,0,1,1,1,0,0.3333625602805787,0.3332748794388426,0.3333625602805787,15.979002802289468,16.165675706639412,15.99656841037736,0.0008981240559106516,15.932096604264402,15.99605960157131,0.9960013278957384,36.151267351854955,2.3396163548335775,0.08333333333333333,0,0,57.45220799999515
P3-U,p3u,930,240,11544,11544,1,1.0102086107412338,0,-0.21927920104211898,15.587583370611334,18.102836540819936,54.66793648702272,0,1,1,1,0,0.33359320859320857,0.3327269577269577,0.33367983367983367,16.158033481580805,15.924928565256629,16.165316503725357,0.00038324794195286496,16.139357080709022,16.164824900079626,0.9984244914789966,19.002276036322026,3.273503120575463,0,0,0,150.23512499999924
P3-U,p3u,931,240,11295,11292,0.999734395750332,1,3,0.02637863656100738,1.6083602363569192,1.8020748090436411,10.228905545268995,36,0.9995511669658886,0.9998531786815446,0.9995567375886525,0.00030201171565591434,0.3332447750619908,0.3338646829613886,0.3328905419766206,15.837260636394985,16.436045864941004,15.865684512183854,0.0015942268870503555,15.760490361587756,15.865177099961258,0.9934014768499648,35.233043266741454,2.9554339622736983,0.041666666666666664,0,0,82.77908300000126
P3-U,p3u,932,240,11308,11306,0.9998231340643792,0.9995539696699376,2,0.005427702996092056,1.644449078206009,1.3058913349135612,7.914418171929356,8,1,0.9997043169722057,1,0.0002956830277942579,0.33380505926056964,0.333628162037856,0.33256677870157436,15.850250966393789,15.750203851504516,15.874273061115657,0.0016532657080348058,15.785562035383686,15.87377421403381,0.9944428982382691,38.21519698648744,1.441982780964442,0.20833333333333334,0,0,104.91362500000105
P3-U,p3u,933,240,11741,11575,0.9858615109445533,0.9847844463229078,166,0.6470907511940946,565.9727847337357,1164.434472409713,1268.195326865206,1559,0.9870466321243523,0.985917476411773,0.9845094664371773,0.0025371656871749915,0.3337365010799136,0.3327861771058315,0.3334773218142549,16.20315078537772,16.29082696803833,16.211574574320572,0.0004987284870673321,16.181300900386734,16.211096198101718,0.9981620430012331,16.740471277345282,0.3207383122387957,0,0,0,164.15262499999517
P3-U,p3u,934,240,11327,11326,0.9999117153703541,1,1,-0.0221993052540165,1.5682517548510058,1.6810002244455908,9.271074951022456,5,1,1,0.9995606326889279,0.0004393673110720808,0.3333921949496733,0.3339219494967332,0.3326858555535935,15.886565299431595,16.064459970301836,15.916146040412997,0.0017671724569920486,15.806609904363151,15.915639988547388,0.9931495004748352,36.743187273264354,2.852686312508605,0.20833333333333334,0,0,76.50179099999514
P3-U,p3u,935,240,11315,11311,0.9996464869642068,0.9986754966887417,4,0.0028766825879287888,1.6269809903362575,1.4859575624848218,7.856936557108686,6,0.9995627459554001,0.999852224028373,0.9991154356479434,0.000736788380429676,0.3332154539828486,0.3345415966758023,0.3322429493413491,15.88297425500009,15.909794043295213,15.924123110236367,0.0024665025599893814,15.771207406229417,15.923616745462146,0.990428723469738,38.64694525311386,1.544088733120282,0.2916666666666667,0,0,57.448333000000275
P3-U,p3u,936,240,11406,11405,0.9999123268455199,0.9995625546806649,1,0.002279635258358664,1.6719359444324478,1.7212315399946936,8.470445594903444,12,1,1,0.9995590828924162,0.00044091710758376035,0.33353792196405085,0.33318719859710655,0.3332748794388426,15.976516849697894,16.0003849430659,15.992423918010935,0.0008957023574089014,15.934164249338584,15.991917795283099,0.996388579113285,36.59505508032297,1.7591721887509226,0.08333333333333333,0,0,74.09995799999888
P3-U,p3u,937,240,11250,11249,0.9999111111111111,1,1,-0.021927920104211896,1.5518398327480583,1.7528079248447592,10.001580470040002,1,0.999554565701559,1,1,0.00044543429844101645,0.3328295848519868,0.33460752066850385,0.33256289447950926,15.797763453291818,16.199138543452037,15.839912265822893,0.0022980984090720897,15.683231807162665,15.839411324611495,0.9901398155368214,37.790301194620696,1.5765919128769286,0.125,0,0,80.18991599999572
P3-U,p3u,938,240,11326,11326,1,1,0,0.0056990881458966565,1.476152402742776,1.597760515435431,8.966942715644109,0,1,1,1,0,0.33330390252516334,0.3337453646477132,0.33295073282712345,15.881582474078037,16.468493787973454,15.907853493687304,0.0014761639221652512,15.810735068460893,15.907345167029723,0.9939266987951536,34.87367497996738,2.262319837708662,0.020833333333333332,0,0,56.48791699999856
P3-U,p3u,939,240,11339,11338,0.9999118088014816,1.0008802816901408,1,0.00407077724706904,1.5451007993803154,1.6038250048222515,9.230436487022416,13,1,0.9998530276308054,1,0.00014697236919458678,0.3334803316281531,0.3340095254895043,0.33251014288234254,15.905872470010989,15.944068450147228,15.937126730742538,0.0019408270213706997,15.821310369044854,15.936622324907773,0.9927643415579539,38.476233965635345,1.5653855486638388,0.3125,0,0,72.14445900000283
P3-U,p3u,940,240,11233,11232,0.9999109765868424,0.9995458673932789,1,-0.00933564915327833,1.4349035125334775,1.2353322203798622,7.643600274428839,4,1,1,0.999552171965965,0.0004478280340349805,0.3336894586894587,0.33422364672364674,0.3320868945868946,15.763153120459235,15.511478832607457,15.798099005666009,0.002361218373116262,15.668429587784415,15.797598041431895,0.9918235384069962,39.1545958412022,1.0833142890925183,0.3958333333333333,0,0,78.0058330000029
P3-U,p3u,941,240,11679,11610,0.9940919599280761,0.9897959183673469,69,0.4058293530178029,172.0909188588715,577.7118482824809,672.9900245437135,754,0.9944491887275833,0.9939136588818117,0.9942781690140845,0.0005355298457715429,0.33376399655469424,0.3326442721791559,0.3335917312661499,16.248016361817307,16.285087005777303,16.253755861191188,0.00033002901038230853,16.233605397331598,16.253256712539372,0.9987909306082261,16.78944795991539,0.30435025852054576,0,0,0,88.01633299999958
P3-U,p3u,942,240,11289,11288,0.9999114181947029,1.0004395604395604,1,0.02127659574468085,1.6474246586246946,1.6136942184394525,8.504680513872396,1,1,1,0.9995450409463148,0.00045495905368519995,0.3333628632175762,0.3349574769666903,0.3316796598157335,15.862369339931224,16.036931563469064,15.9112057009845,0.003111822609514079,15.729451277084221,15.910703180966498,0.9886081776637563,37.896976181369475,1.570398829490878,0.0625,0,0,74.25325000000157
P3-U,p3u,943,240,11284,11282,0.999822757887274,0.9991247264770241,2,-0.02295918367346939,1.5220730830529532,1.594822934003185,8.823599494738422,6,1,0.9998516760605162,0.9995553579368608,0.0004446420631392112,0.3338060627548307,0.33416060982095375,0.33203332742421554,15.831551609059927,16.019571004787636,15.865476450171196,0.002355308779297872,15.739645202817982,15.86497212042063,0.9921004010185853,36.542860521045114,3.5183700500382793,0.16666666666666666,0,0,81.1948329999941
P3-U,p3u,944,240,11488,11485,0.9997388579387186,0.9995708154506437,3,0.018562744246634823,1.7166316543541351,1.8138408882348702,9.931192290756067,21,1,0.9997056226081837,0.9995724668661822,0.00042753313381782565,0.3336525903352199,0.3330430996952547,0.3333043099695255,16.08446845645973,16.275456489577188,16.097742901252897,0.00078171934463656,16.049354933264066,16.09723701034906,0.9970254474693881,30.72707556427183,3.3553668608556984,0,0,0,58.25945800000045
P3-U,p3u,945,240,11465,11462,0.9997383340601832,0.9987347110923661,3,-0.009824142422926618,1.588027788256146,1.858078588898639,10.069129726887391,11,1,0.9997067018624431,0.9995744680851064,0.00042553191489358433,0.3338858837899145,0.333536904554179,0.3325772116559065,16.066356167125576,16.5487165237376,16.0889721615486,0.0015864974671119332,16.005537344298286,16.08847210269914,0.9948450817534786,24.911758964581214,3.6945190832300825,0,0,0,51.738665999997465
P3-U,p3u,946,240,11287,11286,0.9999114024984496,1.0004446420631392,1,0.008630047763786364,1.402497067187835,1.271905267649285,8.090998980803912,16,1,0.9998533294221179,1,0.00014667057788209092,0.3335105440368598,0.33413078149920256,0.33235867446393763,15.836328479429074,15.763472656704714,15.869706464128766,0.002120542580935853,15.745922287651156,15.869203458257415,0.9922314203778066,36.529649437460144,2.5427497904050806,0.125,0,0,87.98170799999934
P3-U,p3u,947,240,11454,11452,0.999825388510564,1,2,0.014600521059487625,1.7470079350225565,2.041765018669195,10.178733049994966,7,1,0.9997080718143336,1,0.000291928185666368,0.3332169053440447,0.3332169053440447,0.33356618931191057,16.04320724335589,16.3452559449296,16.059740362947643,0.0009535195546607077,15.999130486799045,16.059235154831097,0.9962573144080296,28.417689175944616,3.3172100777349915,0,0,0,59.15991699999722
P3-U,p3u,948,240,11353,11353,1,1.0004340277777777,0,-0.03186061658706036,1.6000120092219294,1.6937843939305612,9.587944815213328,0,1,1,1,0,0.3330397251827711,0.3340967145247952,0.3328635602924337,15.929376025922029,16.21934524642587,15.962313683018618,0.001764232366184702,15.840194735353286,15.961805586128834,0.9923811344450135,36.94642306951339,2.2446602162043945,0.14583333333333334,0,0,73.59625000000233
P3-U,p3u,949,240,11314,11314,1,1,0,0.009715588363004775,1.6034707298428346,1.9303046433887148,9.930766301577023,0,1,1,1,0,0.3334806434505922,0.33418773201343466,0.33233162453597315,15.877214240062557,15.849577645726235,15.911747332906588,0.0021757878414116493,15.783650269714911,15.911237502007154,0.9919813130640437,38.80832808639155,1.2926418173966965,0.3125,0,0,54.153707999998005
P3-U,p3u,950,240,11290,11289,0.999911426040744,1.0008984725965857,1,0.024641771602257924,6.658223026880302,1.7132876469178973,9.595994212234169,2,1,0.9998528762689421,1,0.00014712373105785215,0.3334219151386305,0.3336876605545221,0.3328904243068474,15.82809344360468,15.625948804863247,15.853189604743843,0.0014781896280459655,15.760442741610548,15.852693698875273,0.994180739310489,32.14690003138042,5.578373562023385,0.020833333333333332,0,0,65.79629099999875
P3-U,p3u,951,240,11454,11452,0.999825388510564,1,2,-0.002768128528006948,1.789292483827842,1.791071601774074,10.171354898456533,3,0.9990970654627539,1,1,0.0009029345372461028,0.33391547327977644,0.33278030038421236,0.3333042263360112,16.03076144574706,15.957334257480598,16.039012585635263,0.0006094279903681023,16.009453736563568,16.03850970363199,0.9981883624098913,25.857701773532185,3.38760107243584,0,0,0,75.49358300000313
P3-U,p3u,952,240,11352,11350,0.9998238195912614,0.9991419991419992,2,-0.02165653495440729,1.706022165452907,1.8627073255362028,9.805225402164675,7,1,0.9998529195469922,0.9995529727313366,0.0004470272686634136,0.333215859030837,0.33409691629955945,0.33268722466960354,15.925173911123624,16.3127892612678,15.958105614500445,0.0018810110672365498,15.836005590107126,15.957598755129629,0.9923802342139091,36.46185324305943,2.695993303855412,0.0625,0,0,58.038250000005064
P3-U,p3u,953,240,11427,11424,0.9997374639012864,0.9991083370485956,3,0.009227095093356492,1.6633337332758578,1.7771974775307078,9.537354048679239,16,0.9995594713656387,0.9997088791848617,1,0.0004405286343612813,0.3335959383753501,0.3331582633053221,0.3332457983193277,16.002313377098506,15.687962032722288,16.017696997942885,0.0008959521182796062,15.961395175864931,16.017192723001624,0.9965163965932329,35.00755090235749,4.173082984203244,0.020833333333333332,0,0,74.75658300000214
P3-U,p3u,954,240,11293,11291,0.9998228991410608,0.9991107158737217,2,-0.020245332175423358,1.5087908274177253,1.3246123675778894,8.579577050592283,12,1,0.9998532217818875,0.9995621716287215,0.0004378283712784814,0.3332742892569303,0.33353998760074394,0.33318572314232575,15.826742936880079,15.754914011071355,15.849084684439449,0.0011860189763781973,15.766673561652867,15.848586346053617,0.9948315400116966,34.92600398830731,4.3692877060380555,0.125,0,0,81.94024999999965
P3-U,p3u,955,240,11449,11448,0.9999126561271727,1,1,-0.014329135909683021,1.7128677469385636,1.8287230683598263,9.963996171629939,14,1,0.9998530708198649,1,0.00014692918013514689,0.3338574423480084,0.3330712788259958,0.3330712788259958,16.033444448349762,16.531551318053314,16.04721686889606,0.0009543558450042625,15.996975789923871,16.04670577868646,0.9969009222547945,34.11881096221975,3.2524547642420725,0.0625,0,0,57.726833000000624
P3-U,p3u,956,240,11151,11148,0.9997309658326607,0.9991364421416234,3,0.029580981328701694,1.4937681364783233,1.4402458271000176,8.285999760494633,14,0.9995431703974418,0.9997058390939844,1,0.0004568296025582175,0.3329745245783997,0.3349479727305346,0.3320775026910657,15.665371522556494,16.232610857534826,15.713426835000897,0.002842434452873425,15.534584476703637,15.712930448321138,0.9886497320023104,37.02386596975917,1.8840470678663082,0.08333333333333333,0,0,50.43983399999706
P3-U,p3u,957,240,11550,11548,0.9998268398268398,1.005240174672489,2,0.012863656100738167,147.4293578831339,2.126163608351723,10.995284546585632,12,0.9995638901003053,0.9998555539505994,1,0.00043610989969466996,0.3335642535503983,0.3328714928992033,0.3335642535503983,16.16779164447875,16.123665205816078,16.177838592383186,0.0005001406151491512,16.14150761165632,16.177349474595985,0.9977844415739457,22.502109358064292,2.567547085554344,0,0,0,119.49412499999744
P3-U,p3u,958,240,11535,11534,0.999913307325531,1.0004351610095736,1,-0.2845744680851064,5.914768979759951,22.563616565221174,62.42887111398037,12,1,0.9998559285405562,1,0.0001440714594438397,0.3336223339691347,0.3330154326339518,0.33336223339691345,16.152295789950003,16.090198133280552,16.165099373070017,0.0007252646247954463,16.11848569216052,16.164590370964365,0.9971477978874947,18.20288410778703,2.5264649940787858,0,0,0,59.117458000000624
P3-U,p3u,959,240,11354,11348,0.9994715518759908,0.9973214285714286,6,0.003528006947459835,1.505109403016083,1.2549144746586134,8.012196729398056,29,1,0.9992565055762082,0.9995708154506437,0.0007434944237918462,0.3331864645752555,0.33406767712372226,0.3327458583010222,15.921540451984015,15.717776218758848,15.953917738168213,0.001823042363283638,15.833899030952159,15.953410059631972,0.9925087471435201,37.273916863666756,2.8782056496473176,0.1875,0,0,54.86324999999488
P3-U,p3u,960,240,11420,11417,0.999737302977233,0.999562363238512,3,0.003419452887537994,1.638011831736234,1.256258572837243,8.145579929852525,11,1,0.999562618457501,1,0.0004373815424989491,0.33345011824472276,0.3333625295611807,0.3331873521940965,15.998321274731763,15.97267120170696,16.01755265892403,0.0010685522122270126,15.946807385735275,16.017053598003216,0.9956142862457114,23.94676961928761,3.947136525338295,0,0,0,91.97249999999622
P3-U,p3u,961,240,11411,11409,0.9998247305231794,1.0008503401360545,2,-0.006241858445505861,1.631723800627353,1.9190239553846153,10.593396907488264,10,1,0.9998549883990719,0.999554565701559,0.00044543429844101645,0.3333333333333333,0.3335962836357262,0.3330703830309405,15.993742971207688,16.483813007759277,16.017382646162698,0.0012992406219726005,15.930121045283158,16.016878216998425,0.9945833906870071,33.81303918423605,2.6660931253557494,0,0,0,59.870709000002535
P3-U,p3u,962,240,11521,11520,0.9999132019789949,0.9995773457311918,1,0.008467216673903604,1.659718312289849,2.192496717151441,11.7253717943413,16,1,0.9998560322487763,1,0.00014396775122371697,0.33359375,0.3333333333333333,0.33307291666666666,16.141809796097245,16.552610157011483,16.16066117265874,0.0011251178550941566,16.091363245700418,16.16015399624155,0.9957431871901016,21.702383213848538,3.0500841372132816,0,0,0,57.54641600000468
P3-U,p3u,963,240,11327,11325,0.999823430740708,0.999537037037037,2,0.0103126356925749,1.5677690463223766,1.3508973644265228,7.874205697107148,6,1,0.9998529195469922,0.9995608256477821,0.0004391743522178526,0.33350993377483446,0.3334216335540839,0.33306843267108166,15.871056454679314,15.167422864046003,15.891251102623553,0.0011860015655892164,15.81691074618206,15.890745803223767,0.9953535813890668,38.22195962757211,2.2843169593827,0.4791666666666667,0,0,53.05633399999351
P3-U,p3u,964,240,11453,11452,0.9999126866323234,0.9995602462620933,1,-0.0010312635692574896,77.6193683168495,1.5020641433540822,9.316731800203039,9,0.9995674740484429,1,1,0.0004325259515570723,0.33374083129584353,0.3330422633601118,0.3332169053440447,16.0382446174303,15.903868317431934,16.051454254671558,0.0008389545106516162,16.003274190627423,16.050961136267716,0.997029028652213,33.14995976646475,3.657819660654826,0.0625,0,0,68.6391669999939
P3-U,p3u,965,240,11352,11351,0.9999119097956307,1,1,-0.03918801563178463,1.5514331258851652,1.8968954712365167,10.539433607762172,3,1,1,0.9995584988962473,0.00044150110375273943,0.3333626993216457,0.3333626993216457,0.33327460135670867,15.905829391207414,16.167506397964967,15.924961512663339,0.0010109765591379803,15.854605616254508,15.924456218463028,0.9956136271625066,32.09579042602128,1.9522792953583725,0,0,0,83.12783299999865
P3-U,p3u,966,240,11280,11279,0.9999113475177305,1.0004448398576513,1,0.008195831524099,1.6955080266369669,1.6484485781105143,9.218465939481272,17,1,0.9998532433225712,1,0.00014675667742880538,0.3335402074652008,0.3338948488341165,0.3325649437006827,15.819882843406818,15.79796460283404,15.848832033563987,0.0018293760659879987,15.741650839226068,15.848330844927089,0.9932686914006993,37.22349198492724,2.607269604333401,0.16666666666666666,0,0,68.60974999999598
P3-U,p3u,967,240,11435,11430,0.9995627459554001,0.9982646420824295,5,0.015360399478940513,1.486671106321626,1.3765872049889236,8.226377272516098,13,1,0.9994140911088326,0.9995730145175064,0.000585908891167386,0.33359580052493437,0.3336832895888014,0.33272090988626424,16.02565231948844,16.1083385039864,16.050986211207714,0.001587458742291077,15.957385111935288,16.05047675859868,0.9942000696886764,31.36846821513264,4.091421528846269,0,0,0,72.6716249999954
P3-U,p3u,968,240,11337,11336,0.9999117932433624,1.0004258943781943,1,-0.02529309596178897,1.6353234273970145,1.867093586256017,9.872195170015098,12,1,0.9998524856173477,1,0.00014751438265225847,0.332833450952717,0.3340684544812985,0.3330980945659845,15.904736862172067,16.4321907238338,15.937087079096015,0.001765584110649081,15.81714700781284,15.936587718302684,0.9925052519020323,27.309995802599147,3.4742997994009945,0,0,0,57.950457999999344
P3-U,p3u,969,240,11436,11435,0.9999125568380552,1.00083857442348,1,-0.002768128528006948,1.6278807884432676,1.683286889789547,9.869743647172376,12,1,0.9998535656757944,1,0.0001464343242055799,0.3331875819851334,0.33423699169217314,0.3325754263226935,16.04842756937107,16.702544777013195,16.084256838879877,0.002046810206208647,15.95129704842941,16.083747758804396,0.9917649348670939,33.79324556423019,3.2341415484394966,0,0,0,71.64100000000326
P3-U,p3u,970,240,11481,11477,0.9996515982928317,0.9991578947368421,4,-0.01937689969604863,1.7805353145201683,2.141076868819273,10.980290705120145,16,0.9991471215351813,0.9998527029017529,0.9995739241585002,0.0007055813665716171,0.3333623769277686,0.3331881153611571,0.33344950771107434,16.07741097226965,16.600342017581116,16.093430542983345,0.0008383920295113018,16.034742443662356,16.092926800854137,0.9963844763658098,23.823614536035233,3.4477563345090823,0,0,0,76.88549999999668
P3-U,p3u,971,240,11261,11260,0.9999111979397922,1.0004616805170823,1,-0.003745115067303514,1.5123788374902425,1.515088926903417,9.105916072358317,5,1,0.9998513895080993,1,0.00014861049190073583,0.333303730017762,0.33401420959147426,0.33268206039076376,15.796581281007962,15.252523117359468,15.82770632855656,0.0018301818037380461,15.712360556648681,15.827206998956788,0.9927437328446089,38.204885445067426,2.0426806946153957,0.3541666666666667,0,0,56.3836669999946
P3-U,p3u,972,240,11307,11305,0.9998231184222163,0.9991449337323642,2,-0.015740338688666956,1.584355844431768,1.6930642048017643,9.50023389977226,10,0.9991582491582491,1,1,0.0008417508417508657,0.3331269349845201,0.33383458646616543,0.33303847854931445,15.85465516658078,16.39791344968323,15.882542311565196,0.0014766404363531348,15.779345230446774,15.882040597902227,0.9935338682191117,36.50545454918665,3.1445069296564765,0.20833333333333334,0,0,71.70379099999991
P3-U,p3u,973,240,11373,11373,1,1.000437445319335,0,-0.00998697351280938,1.564764848560493,1.7170990008146172,9.146539100525539,0,1,1,1,0,0.33359711597643543,0.33368504352413614,0.3327178404994285,15.945785474464826,16.043448631739476,15.971025043968911,0.0015906554366598273,15.87776770221857,15.970519209827101,0.994192329855409,36.076993288508795,3.1947505630458366,0.14583333333333334,0,0,78.82525000000169
P3-U,p3u,974,240,11346,11345,0.9999118632117046,1.0008873114463177,1,-0.008738601823708208,1.5861657635448232,1.7011409343633515,9.864855608060376,3,1,0.9998514557338086,1,0.00014854426619137495,0.33353900396650504,0.3338915821947995,0.3325694138386955,15.912358023550988,15.855304821068424,15.941418006954938,0.0018242758751645255,15.833837464537574,15.940910954101327,0.9932831009550176,38.090266910183225,1.7762102918997753,0.16666666666666666,0,0,57.56612500000483
P3-U,p3u,975,240,11338,11337,0.9999118010231082,1.0004382120946538,1,-0.01590316977854972,1.5759913605415767,1.5026064630738134,9.350425819759039,30,1,1,0.9995567375886525,0.00044326241134751143,0.3330687130634207,0.33377436711652114,0.33315691982005824,15.897830552566527,16.019572543792723,15.924668166013506,0.0014171176104165878,15.82541659785222,15.924162899735363,0.9937989643471442,37.554052598955096,2.1256083398216035,0.1875,0,0,73.58283300000039
P3-U,p3u,976,240,11372,11370,0.9998241294407316,0.9991456642460487,2,0.00401650021710812,1.5666262308130419,1.7598549968020525,9.723020175158126,9,0.9995672868887927,1,0.9995661605206074,0.0004338394793925726,0.3333333333333333,0.33412489006156554,0.33254177660510115,15.954025255082142,16.353811602682907,15.987543466285654,0.001995562455140972,15.863251670677029,15.987033831229468,0.9922573404260495,34.835127721944964,2.2377472103458036,0.020833333333333332,0,0,79.26545800000167
P3-U,p3u,977,240,11291,11289,0.9998228677707909,1,2,-0.0004342162396873643,1.4829237502660384,1.7959768751355965,9.899439766297291,15,1,1,0.9991323210412147,0.0008676789587852562,0.3337762423598193,0.33413056958100806,0.33209318805917265,15.840530391545325,16.282199078480335,15.873914475731114,0.0022960038734716392,15.750111257311836,15.873410076721148,0.992232367285078,32.37659150082742,2.632025291783337,0,0,0,54.30733300000429
P3-U,p3u,978,240,11392,11390,0.9998244382022472,0.9995784148397976,2,0.03696265740338689,3.273389072892934,9.948040766898492,30.6664055452693,8,0.9995687796463993,1,0.9995541685242978,0.0004458314757022075,0.3329236172080773,0.334503950834065,0.3325724319578578,15.992852177821044,16.58220214185231,16.033569315442698,0.0022238511710853024,15.882256202846806,16.03306889599349,0.9905936477835274,20.34714062678132,3.169994695093494,0,0,0,74.1553750000021
P3-U,p3u,979,240,11651,11622,0.9975109432666723,0.9923566878980892,29,0.28826530612244894,17.454141163245378,71.68601235618459,149.11103436119961,164,0.9991254919108001,0.9969788519637462,0.997513468711148,0.0021466399470538855,0.33384959559456207,0.3323008088108759,0.33384959559456207,16.254876681470446,16.335700128053368,16.259196958319187,0.00007700398186654848,16.25862837167608,16.253512430486584,1.000314759115076,16.791880210834133,0.3627952997701135,0,0,0,99.2965419999964
P3-U,p3u,980,240,11361,11357,0.9996479183170496,0.9982795698924731,4,0.006404689535388624,1.5457567346551884,1.5657938264118834,8.394490413110058,30,1,0.9997047534691468,0.9991247264770241,0.0008752735229758946,0.33345073522937396,0.33397904376155674,0.3325702210090693,15.931661930951938,16.277494047122854,15.962397639247731,0.0018811070087924814,15.848534903333851,15.961889940994887,0.9928983949845497,37.601668014193244,2.1816166717330403,0.14583333333333334,0,0,59.2835419999974
P3-U,p3u,981,240,11518,11515,0.999739538114256,0.9991300565463245,3,0.013623534520191057,1.7244103003507492,1.7451397924069525,9.946117100227033,11,0.9995621716287215,0.9998547356188263,0.9995744680851064,0.0002925639901047994,0.33365175857577073,0.3330438558402084,0.33330438558402087,16.12650383936743,16.08446491434204,16.139827732569024,0.0007821634864918316,16.09125894700745,16.139320163861957,0.9970221040064549,29.23399860884277,2.9190851640478632,0,0,0,56.40533300000243
P3-U,p3u,982,240,11409,11407,0.9998246997984047,1,2,-0.009498480243161094,1.7628936610919135,1.756182022981688,9.767077050591373,11,1,0.9997090062563655,1,0.0002909937436345045,0.33365477338476374,0.3334794424476199,0.33286578416761636,15.987611879965398,16.2440247897846,16.009046527316112,0.0013579518855527317,15.930071374185706,16.008535700248913,0.9950985944290965,37.356603400340056,1.6254078035222335,0.0625,0,0,84.01662500000384
P3-U,p3u,983,240,11370,11365,0.9995602462620933,0.9983179142136249,5,-0.027301346070343024,4.279427436636898,15.00840598048259,41.299888649383625,47,0.9995598591549296,0.9995636998254799,0.9995499549954996,0.00001374482998028892,0.3329520457545095,0.3344478662560493,0.33260008798944124,15.956164251666989,16.603220608946412,15.995735177157828,0.002168783392776925,15.848713469224704,15.995237263464183,0.9908395360552629,18.992934322992127,2.758416895828368,0,0,0,73.34033400000044
P3-U,p3u,984,240,11418,11416,0.999824837975127,1.000886132033673,2,-0.02236213634389926,1.6195090678359265,1.6239182023448917,9.784948404078023,12,1,0.9997117740308402,1,0.00028822596915978327,0.33347932725998597,0.33347932725998597,0.333041345480028,16.000225202685606,15.851423360100155,16.021672791531696,0.001241760613096468,15.942644998790966,16.02116345864731,0.9950990787866929,37.55096065228425,2.417474782341376,0.16666666666666666,0,0,56.64050000000134
P3-U,p3u,985,240,11376,11374,0.9998241912798875,1,2,-0.022904906643508468,1.6078003590289127,1.6477629903591404,9.534948404078628,13,1,0.9998550724637681,0.9995687796463993,0.0004312203536006587,0.33312818709337083,0.33356778617900473,0.3333040267276244,15.943864750057891,15.903875157800377,15.966899493535198,0.0012423188248281152,15.881914585112014,15.96639208276549,0.994709042768362,31.85884455760693,3.4554820974755933,0.041666666666666664,0,0,76.61612499999319
P3-U,p3u,986,240,11268,11266,0.9998225062122825,0.9991083370485956,2,-0.00922709509335649,1.611784255739694,1.6189882108565545,8.49424862600093,21,1,0.9997032640949555,1,0.00029673590504453173,0.33321498313509673,0.334280134919226,0.33250488194567723,15.81245193019983,15.737767975396325,15.848558658408958,0.0021217819849968763,15.714543749923427,15.848054904845796,0.9915755494460368,38.343714806463176,1.673789355308598,0.2708333333333333,0,0,83.80654199999844
P3-U,p3u,987,240,11461,11459,0.9998254951574906,0.9995657837603127,2,-0.008304385584020843,1.5593778505274667,1.568685611984599,9.184779637842135,16,0.9995547640249333,0.9998553450021698,1,0.00044523597506673784,0.3337114931494895,0.33292608430054976,0.33336242254996074,16.044717233495202,16.098748446572117,16.05574134615513,0.000666537251935414,16.01578933326104,16.05523646994398,0.9975430360831627,31.63654732904342,1.8150347585878652,0,0,0,56.83308399999805
P3-U,p3u,988,240,11472,11471,0.9999128312412832,1,1,0.47975466782457665,12.700396763825374,55.783077940493925,116.33522852092847,8,1,0.9998539079620161,1,0.00014609203798388037,0.3331880394037137,0.3337982739081161,0.33301368668817016,16.086437118326316,16.46181385656988,16.11403510463978,0.0014691820988604297,16.01191711668176,16.1135353007425,0.993693613340329,17.695356971698576,2.033125622917901,0,0,0,56.230374999999185
P3-U,p3u,989,240,11309,11307,0.9998231497037757,0.9995612110574813,2,0.01726009552757273,1.5218794625128906,1.4864309909818787,8.958079929852223,5,1,0.9998511018463371,0.9995669120831528,0.0004330879168471524,0.33368709648890066,0.33386397806668433,0.33244892544441496,15.8582887208576,16.005293129872907,15.88673029072413,0.0018858619095430229,15.78145196834094,15.886229358136381,0.9934045148516141,38.889519873374965,1.2150094537817786,0.375,0,0,54.75999999999476
P3-U,p3u,990,240,11418,11417,0.9999124189875634,1.0008554319931566,1,0.040110725141120275,1.5753726417265446,1.6436059016446745,9.416413263185555,13,0.9995657837603127,1,1,0.0004342162396873128,0.3332749408776386,0.33345011824472276,0.3332749408776386,16.00079592589646,16.394016122749637,16.021693638048706,0.00107100214183741,15.944729473296398,16.021183726841937,0.995227927296193,34.893690400430756,3.0260189104743187,0.0625,0,0,68.6496249999982
P3-U,p3u,991,240,11466,11463,0.999738356881214,0.9991564740615774,3,-0.013352149370386455,1.5900934601805177,1.7186901978362314,9.668416072359529,8,0.9995638901003053,0.9998545031281827,0.9995652173913043,0.0002906130278773622,0.3335950449271569,0.33324609613539213,0.33315885893745095,16.059442192219,16.58889383677722,16.07655086981655,0.001011068708545659,16.013799986688888,16.076039357866325,0.9961284387409153,34.60876188696712,3.843143888058371,0.041666666666666664,0,0,74.14229199999681
P3-U,p3u,992,240,11277,11276,0.9999113239336703,0.9995672868887927,1,-0.009227095093356492,1.649229483502406,1.5857103262052232,9.391589747337699,7,1,0.9998536299765808,1,0.0001463700234192178,0.3330968428520752,0.3338949982263214,0.3330081589216034,15.815681019300882,16.146503807303095,15.844624072649584,0.0015362947779460527,15.737461981212801,15.844124305878381,0.9932680202069605,30.50708673044589,2.1220355281706085,0,0,0,56.91504200000054
P3-U,p3u,993,240,11280,11279,0.9999113475177305,1.0008845643520565,1,-0.006404689535388622,1.5333950696965604,1.5756928473550063,8.41642098110242,11,1,0.9998503442083209,1,0.00014965579167913745,0.33327422643851407,0.3338948488341165,0.33283092472736947,15.819879830778866,15.87529775278639,15.848831180171963,0.0016534428450530579,15.741648210150784,15.848327692825436,0.9932687230638886,37.61584213514873,1.7292928365142868,0.1875,0,0,69.53137499999866
P3-U,p3u,994,240,11345,11344,0.9999118554429264,1.0004355400696865,1,-0.016771602257924446,1.5608446082398313,1.6769853013638936,8.990342911314656,1,0.9995501574448943,1,1,0.00044984255510571725,0.3336565585331453,0.3336565585331453,0.33268688293370946,15.904323797807908,16.084483445595904,15.928961857642673,0.0015924321865186158,15.83795070991669,15.928459466131985,0.9943177959922779,25.13449083004983,3.2478471134763316,0,0,0,74.15016699999978
P3-U,p3u,995,240,11498,11497,0.999913028352757,0.9995835068721366,1,-0.012863656100738165,1.589489009998011,1.9113169369919585,10.191655050293775,3,0.9995674740484429,1,1,0.0004325259515570723,0.3336522571105506,0.33382621553448727,0.33252152735496215,16.12368398919178,16.801958289801934,16.151886222078158,0.0018130775191168554,16.04753336816081,16.15137512411212,0.9935707173442906,29.261804635269712,7.423483580557213,0.020833333333333332,0,0,57.72475000000122
P3-U,p3u,996,240,11488,11488,1,1.0012541806020068,0,-0.0027138514980460248,1.542962539487671,1.6320506132938992,9.396554536359266,0,1,1,1,0,0.33356545961002787,0.3336525069637883,0.33278203342618384,16.10609175499058,16.76275958943626,16.13096868398151,0.0015268517086109185,16.039088528691973,16.130456564553715,0.994335681975517,31.919416498486594,5.767323670579323,0.041666666666666664,0,0,73.68833399999858
P3-U,p3u,997,240,11381,11379,0.9998242685177049,0.9995621716287215,2,-0.005427702996092056,1.49268544941944,1.7239866856735735,9.211049627616376,14,1,0.9997029997029997,1,0.00029700029700030495,0.3337727392565252,0.33350909570261006,0.33271816504086477,15.949210051232786,16.01956909644363,15.971149698968329,0.001475050949643015,15.89027413171677,15.970641294693158,0.9949678186684281,37.80175383686608,1.779872223046752,0.20833333333333334,0,0,80.48729199999798
P3-U,p3u,998,240,11134,11131,0.9997305550565835,0.9990925589836661,3,-0.02914676508901433,1.4428666204929992,1.34341788554543,8.216463130306996,12,1,0.9995523056260259,1,0.0004476943739740724,0.3333932261252358,0.3351900098823107,0.3314167639924535,15.648186180103107,15.464528959044104,15.700632589897209,0.003438214448851039,15.505330316954334,15.700133766702654,0.9875922426749341,38.397815543397634,1.7293017749590398,0.3541666666666667,0,0,53.72358399999939
P3-U,p3u,999,240,11227,11226,0.9999109290104213,1,1,0.006567520625271387,1.6655073974461903,1.4654856692960483,9.15698642423043,16,0.9995483288166215,1,1,0.0004516711833785214,0.33324425440940675,0.33458043826830575,0.33217530732228756,15.764702423514247,15.89061569685123,15.806264066443429,0.0025367121851137702,15.65178981113805,15.805761555287406,0.9902585051906058,35.090924292170996,4.111682320299976,0.20833333333333334,0,0,58.621375000002445
P3-U,p3u,1000,240,11318,11316,0.9998232903339813,1.0004468275245755,2,-0.007056013894919669,1.6595290394808757,1.3099918386714757,7.402493502630326,9,1,0.9997029114676174,1,0.0002970885323826389,0.3328914810887239,0.33465889006716154,0.33244962884411455,15.89330306667508,15.794297131608515,15.936665929059497,0.0024067043149788693,15.775442228900976,15.936161553138382,0.9899148032792279,38.9007344984071,1.0880143826216255,0.2916666666666667,0,0,76.82558300000528
P3-D0.10,p3d_01,901,240,11603,11601,0.9998276307851418,0.9991405242801891,2,-0.016717325227963525,1.7223283224248058,1.5076195952085958,8.669862546286216,7,1,0.9997112330349408,1,0.0002887669650591951,0.3337643306611499,0.3325575381432635,0.3336781311955866,16.232886645898553,16.251573343713513,16.23697542389956,0.0002160320751678108,16.223071472699207,16.236455799789237,0.9991756620253169,21.077620247771126,0.2730737487905292,0,0,1,62.99662499999977
P3-D0.10,p3d_01,902,240,11504,11501,0.9997392211404729,0.9995733788395904,3,-0.0029852366478506304,1.649146262178579,1.6585554734341428,9.532450573733513,8,1,0.9995637632688672,1,0.0004362367311327997,0.33379706112511953,0.33257977567168073,0.33362316320319974,16.09359566531136,16.390134353294837,16.098073500273294,0.0002669870748360043,16.082700538755773,16.097557529513388,0.9990770655280855,23.288698013455917,0.47056330919951245,0,0,1,54.19458299999678
P3-D0.10,p3d_01,903,240,11453,11452,0.9999126866323234,1,1,-0.0047221016066000855,1.5801712180368972,1.5506608300473526,8.925832384223819,2,1,1,0.9995644599303136,0.0004355400696863798,0.33374083129584353,0.33260565840027945,0.3336535103038771,16.025765782119112,16.269737299271988,16.030716173260764,0.0002638861023194527,16.01356738438541,16.03020156311319,0.9989623225470815,23.620377455670063,0.1804657445905846,0,0,1,92.35145799999736
P3-D0.10,p3d_01,904,240,11376,11375,0.9999120956399438,0.9995619798510732,1,-0.0264329135909683,1.6879888716036906,1.4439166404417871,8.86732256673804,9,1,1,0.9995559502664298,0.000444049733570151,0.33362637362637365,0.33274725274725275,0.33362637362637365,15.92202390905177,15.966916482929484,15.929607587608709,0.0003776064800272836,15.902572712933912,15.929097071276445,0.9983348485966376,24.751928635908858,0.29615345795334724,0,0,1,61.513374999994994
P3-D0.10,p3d_01,905,240,11418,11418,1,1,0,-0.008847155883630048,1.579075947448633,1.8191816823046583,10.583567233105896,0,1,1,1,0,0.33368365738307937,0.3327202662462778,0.33359607637064287,15.981441784190249,16.654790477031966,15.988546436106173,0.00037703599676166606,15.96332061046923,15.988031301906977,0.998454425628076,24.92243776027981,0.3042434330370403,0,0,1,59.82987499999581
P3-D0.10,p3d_01,906,240,11272,11269,0.9997338537970192,1.0004364906154517,3,0.009281372123317408,1.6747009802781323,1.7426358683739047,10.131706476797262,31,1,0.9997046226554424,0.9995600527936648,0.0004399472063352228,0.3336587097346703,0.3327713195492058,0.3335699707161239,15.77432611376493,16.045272968664722,15.782288785815352,0.0004277800171127723,15.753821219711126,15.781782438875396,0.9982282597499638,26.777885537976385,0.5077359351536359,0,0,1,53.428334000003815
P3-D0.10,p3d_01,907,240,11178,11177,0.9999105385578816,1,1,-0.006241858445505862,1.593856915263409,1.6288154912156385,9.46550395963277,11,1,0.9998517859789536,1,0.00014821402104636672,0.33363156482061374,0.33282633980495663,0.33354209537442964,15.647075715931827,16.04813717384532,15.655991753787434,0.0004823138159022577,15.623937728633265,15.655489529494934,0.9979846174211144,29.087784099775593,0.3056566214051805,0,0,1,59.97212499999296
P3-D0.10,p3d_01,908,240,11396,11396,1,1.0008775778850374,0,-0.02301346070343031,1.52299295187888,1.72214243964721,9.127159959036968,0,1,1,1,0,0.3338890838890839,0.3326605826605827,0.3334503334503334,15.948957432854854,15.964056102153728,15.95492081707233,0.0004343127475902695,15.933968344494097,15.954408010440586,0.9987188703001005,24.406033916871948,0.291799128143462,0,0,1,59.57095899999695
P3-D0.10,p3d_01,909,240,11405,11403,0.9998246383165278,0.9991304347826087,2,0.0026052974381241853,1.5600425243548874,1.6889706708097882,9.004155050293472,5,1,0.9997070026369763,1,0.00029299736302368373,0.33377181443479786,0.3325440673506972,0.33368411821450494,15.955447607283997,16.062410001636422,15.959213524296645,0.0002032470637610581,15.946499626041572,15.95870141864488,0.9992354144436181,24.7028325534173,0.27635689345761993,0,0,1,54.162209000001894
P3-D0.10,p3d_01,910,240,11622,11622,1,1.0004336513443193,0,-0.010963960052105948,1.7094547127559798,1.7203559654652654,9.514594656082105,0,1,1,1,0,0.33376355188435725,0.3325589399414903,0.3336775081741525,16.262309698064954,16.125478402105113,16.26643420709736,0.00021737075478930846,16.252402646203308,16.26591226237829,0.9991694522903442,20.388576752962884,0.2620609729027993,0,0,1,66.19408400000248
P3-D0.10,p3d_01,911,240,11294,11293,0.9999114574110147,1.0008775778850374,1,-0.011398176291793311,1.487029733776987,1.622636305620567,9.62480791059473,12,1,1,0.9995648389904265,0.0004351610095735259,0.3335694678119189,0.33277251394669266,0.33365801824138847,15.807955726979968,15.9640517366745,15.815957100046369,0.00042888102383333975,15.787345666884278,15.815450294287507,0.9982229638182746,26.382430721293847,0.27362149386610607,0,0,1,66.69270799999504
P3-D0.10,p3d_01,912,240,11499,11497,0.9998260718323333,0.9991107158737217,2,-0.011832392531480678,1.5333543830693799,1.2386117108316737,7.649516516207768,19,1,1,0.9991564740615774,0.000843525938422629,0.3336522571105506,0.33269548577889885,0.3336522571105506,16.09130917285107,15.730000533612868,16.097989405226198,0.0003265335280824663,16.074359888950465,16.09747254881493,0.9985642056667978,21.61489973862926,0.44982533820085907,0,0,1,56.67479199999798
P3-D0.10,p3d_01,913,240,11304,11302,0.9998230714791224,1.0004492362982929,2,-0.020788102475032565,1.5040394617262343,1.343938032884212,8.058325445997676,18,0.9995501574448943,1,0.9995596653456627,0.00044984255510571725,0.3336577596885507,0.3326844806228986,0.3336577596885507,15.81807079788026,15.573276708431798,15.824434997004573,0.000315678532361735,15.801975707990593,15.823923557840132,0.9986129957106205,25.461973287518404,0.6418440173319065,0,0,1,68.85008399999788
P3-D0.10,p3d_01,914,240,11509,11506,0.9997393344339213,0.9995835068721366,3,0.011506730351715153,1.550048262797402,1.6507976771891724,9.161394878005012,13,1,0.9997074740383209,0.9995766299745978,0.00042337002540215884,0.33365200764818354,0.3326959847036329,0.33365200764818354,16.10391781415203,16.80191858756637,16.110614222932465,0.00032702462467224387,16.08692928059617,16.11009546271781,0.9985620083893822,23.5029400955909,0.3755611543491192,0,0,1,69.1136669999978
P3-D0.10,p3d_01,915,240,11685,11684,0.9999144201968335,1,1,-0.0014112027789839308,1.8963057754878165,2.15591959814852,12.860385840210256,12,1,0.9998569998569998,1,0.0001430001430001715,0.3337042108866826,0.3325915782266347,0.3337042108866826,16.350018193819377,16.717861733906584,16.354793311678257,0.00022402580252210445,16.33832140078516,16.354271573104544,0.9990247090952301,19.872286987772714,0.588429863636357,0,0,1,59.972374999997555
P3-D0.10,p3d_01,916,240,11471,11467,0.9996512945689129,0.9987720016373312,4,0.013514980460269211,1.7203138959039002,1.8829866209190678,11.009096685564751,15,0.9995627459554001,0.9997067878610174,0.9995768091409225,0.00014404190561734254,0.33391471178163423,0.332519403505712,0.3335658847126537,16.044290800056082,17.028219191435454,16.047611970211882,0.0002652757883492311,16.036580888851827,16.04709440413038,0.9993448337117125,23.882927222745092,0.972160208771228,0,0,1,74.41570900000079
P3-D0.10,p3d_01,917,240,11261,11261,1,1.0008795074758134,0,0.007381676074685195,1.5147888819477429,1.7963025541241977,10.146608132517636,0,1,1,1,0,0.33354053814048484,0.3327413195986147,0.33371814226090046,15.762283957062149,15.91243005394279,15.769683388849103,0.000427566098173992,15.743332321655942,15.769175460846215,0.998361161035056,26.9048641175722,0.44842175197609374,0,0,1,85.71920800000225
P3-D0.10,p3d_01,918,240,11501,11499,0.9998261020780802,0.9991434689507495,2,-0.005536257056013893,1.6868296020515785,1.7101387291216756,9.957051727185595,14,1,0.9997097242380262,1,0.0002902757619738239,0.33376815375250024,0.33263762066266633,0.3335942255848335,16.09245157651673,16.324231504002572,16.098031153722673,0.00032406053694262186,16.078529404749798,16.097514184431976,0.9988206390462113,22.66226420471791,0.14243337784826007,0,0,1,80.3998750000028
P3-D0.10,p3d_01,919,240,11146,11145,0.9999102817154136,1.0017817371937638,1,-0.015957446808510637,1.4337933587386522,1.4413479852601923,7.5156537304146696,11,1,1,0.9995583038869258,0.0004416961130742081,0.33360251233737104,0.332794975325258,0.33360251233737104,15.601408429648883,15.735717952873275,15.609719445614278,0.00042468224272761807,15.579928462573227,15.609219326767297,0.9981234894852274,29.134576168836364,0.5720036270753145,0,0,1,74.97541700000147
P3-D0.10,p3d_01,920,240,11349,11346,0.999735659529474,0.9991197183098591,3,0.014437689969604863,1.5653054109288442,1.3890730717639175,7.626262102438886,16,0.9995648389904265,0.9998526377836723,0.9995584988962473,0.0002941388874250217,0.3337740172748105,0.33262823902696986,0.33359774369821965,15.878063610089752,15.895293948276036,15.883395936712851,0.0003155923115358092,15.864811822737643,15.882882441854159,0.9988622582089447,25.49191052152615,0.4198700319946417,0,0,1,57.21441700000287
P3-D0.10,p3d_01,921,240,11440,11438,0.9998251748251749,1.0004315925766076,2,-0.0013026487190620929,1.5965795608562725,1.3693363357098054,8.150065133536978,14,1,0.9997053624042428,1,0.0002946375957572078,0.3337996153173632,0.33257562510928484,0.33362475957335197,16.00532109427748,16.206682095802527,16.009695209468436,0.0002632020552913835,15.994701793179898,16.00918265831297,0.9990954650563905,24.311133582233253,0.3423947850351071,0,0,1,70.54325000000244
P3-D0.10,p3d_01,922,240,11385,11384,0.9999121651295564,1,1,-0.010149804602692141,1.5702787005148835,1.6600762787645422,9.936759293265217,7,1,0.9998542274052478,1,0.00014577259475223592,0.3336261419536191,0.33274771609276177,0.3336261419536191,15.934630688775203,15.589617867571583,15.942231845340388,0.00037806211965177506,15.91514043540902,15.941718053635642,0.9983328259766481,23.882908896080156,0.6699734292612253,0,0,1,75.95429100000183
P3-D0.10,p3d_01,923,240,11230,11228,0.9998219056099733,0.9995721009841677,2,0.009281372123317411,1.655224542018611,2.2239566736605236,11.747256484090636,13,1,0.9997055792727808,1,0.0002944207272191912,0.3335411471321696,0.3326505165657285,0.3338083363021019,15.713555010196519,16.320345573994558,15.719244168662094,0.0003676011681326731,15.699301670691016,15.71873804274397,0.9987634903005508,28.145454776738475,0.37759790312977226,0,0,1,56.50879200000054
P3-D0.10,p3d_01,924,240,11356,11355,0.9999119408242338,1.0008591065292096,1,0.007490230134607036,1.6918181926515157,1.9383655556700257,10.16146390999802,4,1,0.9998542698921598,1,0.00014573010784024731,0.33359753412593574,0.3328049317481286,0.33359753412593574,15.895660104137427,16.3032140889526,15.904314788849044,0.0004345067623844256,15.873260515324832,15.903805409160212,0.9980793971600164,25.724397474570527,0.16605341166560486,0,0,1,72.55649999999878
P3-D0.10,p3d_01,925,240,11400,11399,0.9999122807017544,1.0012520868113524,1,0.010801128962223187,1.6994614083902426,1.9907913793441674,10.473392138917612,2,1,0.9998532433225712,1,0.00014675667742880538,0.3337134836389157,0.33266075971576453,0.33362575664531974,15.9531544263983,16.774156619527883,15.959127278544894,0.000318390425370206,15.93815281726968,15.958609556990533,0.9987181377144545,25.655814512515715,0.4524296012810449,0,0,1,79.35199999999895
P3-D0.10,p3d_01,926,240,11213,11208,0.9995540890038348,0.9991345737775854,5,-0.0006513243595310464,1.464406002093021,1.6453320424966873,9.045898466869403,16,1,0.9992547324489491,1,0.0007452675510508655,0.3336009992862241,0.3327980014275517,0.3336009992862241,15.689687034072987,16.156081865810602,15.698099051804133,0.0004276680440543999,15.667930940677422,15.697598340762283,0.99811006757589,28.263146480667064,0.28571315144625914,0,0,1,56.12350000000151
P3-D0.10,p3d_01,927,240,11407,11407,1,1.0022431583669806,0,0.012592270950933565,1.7621985656271915,1.636433878256132,9.316167747039193,0,1,1,1,0,0.33374243885333565,0.3326904532304725,0.3335671079161918,15.965200965803872,15.630623443240873,15.9717340573764,0.00037665101236615805,15.948645721948118,15.971221054478695,0.9985864992755675,24.13967557440967,0.6096134661379318,0,0,1,74.0267079999976
P3-D0.10,p3d_01,928,240,11412,11410,0.9998247458815283,1,2,0.018345636126791142,1.5768118329437797,1.5810112915591383,8.90597365739753,12,1,0.9997078159240321,1,0.00029218407596787177,0.3339176161262051,0.3325153374233129,0.333567046450482,15.964428632705346,16.299321926465385,15.967652254382251,0.00026184594377397886,15.956967721643958,15.96714169127314,0.9993628183537231,25.24031202750231,0.4191027758726772,0,0,1,79.73029200000019
P3-D0.10,p3d_01,929,240,11405,11405,1,1.0008673026886383,0,0.024153278332609638,1.6550394430777746,1.7964974341229425,9.175816948389487,0,1,1,1,0,0.33362560280578696,0.33266111354669003,0.333713283647523,15.961569109478235,16.153224111812417,15.96754664859768,0.000318688941029959,15.946540578404166,15.967034029868818,0.9987165148250879,24.76489720530537,0.29094912777207027,0,0,1,56.81333299999824
P3-D0.10,p3d_01,930,240,11544,11544,1,1.0008877052818463,0,0.008250108554059924,1.72895045331638,1.4544787739617275,7.863255634314252,0,1,1,1,0,0.33367983367983367,0.33255370755370756,0.3337664587664588,16.15302146463494,15.777752710924899,16.157014773768502,0.00021236753548752038,16.143455583443806,16.156499966886244,0.9991926231876228,21.088154782995776,0.4154333156211452,0,0,1,52.63754099999642
P3-D0.10,p3d_01,931,240,11295,11292,0.999734395750332,1,3,0.02719279201042119,1.6115600892023128,1.8104916962634416,10.296903515785743,36,0.9995511669658886,0.9998531786815446,0.9995567375886525,0.00030201171565591434,0.333599008147361,0.3327134254339355,0.3336875664187035,15.80489239694635,16.398691701985054,15.811789706828923,0.0003705959001263999,15.787322816197557,15.811281335400457,0.9984847199480754,27.146772824418267,0.3556419239961152,0,0,1,91.79287499999919
P3-D0.10,p3d_01,932,240,11308,11306,0.9998231340643792,1,2,0.005427702996092056,1.6262063791409613,1.316428823038698,8.085562324363613,8,1,0.9997043169722057,1,0.0002956830277942579,0.333628162037856,0.332743675924288,0.333628162037856,15.825338736153055,15.690811091774691,15.832811228006731,0.0003740768244567202,15.806189961437505,15.832301926958701,0.9983507157934669,26.158652817108646,0.6120469968982242,0,0,1,60.30366700000013
P3-D0.10,p3d_01,933,240,11741,11737,0.9996593135167362,1.0025359256128488,4,0.07783326096396005,2.6558618829343734,5.066653792421984,24.35639565769543,13,0.9995682210708118,0.9995775242923531,1,0.00043177892918822014,0.3337309363551163,0.3325381272897674,0.3337309363551163,16.422617202868068,16.60991214100338,16.426378250202756,0.0001712935013976183,16.41372461575642,16.425850870908665,0.9992617578688893,18.90552549852968,0.27459404251507347,0,0,1,59.53595800000039
P3-D0.10,p3d_01,934,240,11327,11326,0.9999117153703541,1,1,-0.0206252713851498,1.5692797179309603,1.7078261195850066,9.407009577980716,5,1,1,0.9995606326889279,0.0004393673110720808,0.33356877979869326,0.33277414797810345,0.33365707222320323,15.854192717665587,16.027109412290006,15.862249859163452,0.0004304089381323385,15.833438380530955,15.861739749350894,0.9982157462379814,26.548239536408442,0.7109856765778233,0,0,1,62.709666999995534
P3-D0.10,p3d_01,935,240,11315,11311,0.9996464869642068,0.9986754966887417,4,0.0028766825879287888,1.6344659533283832,1.4840418536725442,7.870825445997677,6,0.9995627459554001,0.999852224028373,0.9991154356479434,0.000736788380429676,0.3336575015471665,0.33268499690566705,0.3336575015471665,15.830685599584617,15.822643199195676,15.837061811918248,0.0003161868111205566,15.814550793237458,15.836552801892672,0.998610681950141,26.05054892596029,0.7116642065171911,0,0,1,63.70358399999532
P3-D0.10,p3d_01,936,240,11406,11405,0.9999123268455199,0.9995625546806649,1,0.002551020408163265,1.6965891144134138,1.749656006231898,8.48090063652459,12,1,1,0.9995590828924162,0.00044091710758376035,0.33362560280578696,0.33274879438842614,0.33362560280578696,15.964059924878908,16.000387098831748,15.97169272468263,0.0003791270255654197,15.944477437586736,15.971180829348782,0.9983280264591973,24.420003671162316,0.28568234016544913,0,0,1,66.08341700000165
P3-D0.10,p3d_01,937,240,11250,11249,0.9999111111111111,1,1,-0.021927920104211896,1.547982613457892,1.7492853401659727,9.943070652553615,1,0.999554565701559,1,1,0.00044543429844101645,0.33354075917859366,0.33274068806116097,0.33371855276024537,15.74547406731798,16.149341184478978,15.752850743081302,0.00042699316232542217,15.726574536330977,15.752346624040522,0.9983639207335488,27.733838819145063,0.23611072676462524,0,0,1,54.874833999994735
P3-D0.10,p3d_01,938,240,11326,11325,0.99991170757549,0.9995750106247344,1,0.008250108554059922,1.4765305841808787,1.5952944317639988,8.94164733237661,20,1,1,0.9995549621717846,0.00044503782821536664,0.33350993377483446,0.3327152317880795,0.3337748344370861,15.851134950802097,16.440739486151873,15.858084178095822,0.00043069543162269774,15.833420558233387,15.857576548099798,0.9984766909500238,26.494729307826674,0.19499013439652668,0,0,1,64.72533300000214
P3-D0.10,p3d_01,939,240,11339,11338,0.9999118088014816,1.0008802816901408,1,0.00407077724706904,1.5388671894282882,1.6032311317887231,9.243845790574293,13,1,0.9998530276308054,1,0.00014697236919458678,0.3336567295819369,0.3327747398130182,0.333568530605045,15.871008151515065,15.919165233911203,15.879084205977673,0.00043097627683327436,15.850201171341157,15.87857432612376,0.9982131169839397,25.86863953768149,0.44342761895948907,0,0,1,67.1518750000032
P3-D0.10,p3d_01,940,240,11233,11232,0.9999109765868424,0.9995458673932789,1,-0.00933564915327833,1.4375875028596685,1.237384862162105,7.643112971175166,4,1,1,0.999552171965965,0.0004478280340349805,0.333511396011396,0.3327991452991453,0.3336894586894587,15.723307838480482,15.399434410991466,15.731764596234056,0.00048475938384308554,15.701447353484577,15.731257105751718,0.9981050622930674,27.03349332063453,1.0260208637233317,0,0,0,53.754541000002064
P3-D0.10,p3d_01,941,240,11679,11679,1,1.0004251700680271,0,-0.004342162396873641,2.1036644750741673,2.7781201881052313,13.315672725869566,0,1,1,1,0,0.33376145217912495,0.33247709564175015,0.33376145217912495,16.339688503329313,16.456045078624733,16.34225020690624,0.0001110832579627922,16.334085770192793,16.341725860833503,0.9995324795737138,19.30633928829365,0.28583403383423317,0,0,1,69.4250419999953
P3-D0.10,p3d_01,942,240,11289,11288,0.9999114181947029,1.0004395604395604,1,0.02127659574468085,1.635214162681499,1.609629623139678,8.489832454309786,1,1,1,0.9995450409463148,0.00045495905368519995,0.3336286321757619,0.3327427356484763,0.3336286321757619,15.800123881221031,15.912439636480336,15.807562231776274,0.00037314575975306636,15.78105324444852,15.807058658229215,0.9983548227192062,26.396905192138377,0.3086230644269306,0,0,1,72.33466700000281
P3-D0.10,p3d_01,943,240,11284,11282,0.999822757887274,0.9991247264770241,2,-0.02295918367346939,1.520075881679784,1.5916551489564095,8.753195879620156,6,1,0.9998516760605162,0.9995553579368608,0.0004446420631392112,0.3336287892217692,0.33265378478993085,0.33371742598829995,15.789221417369216,15.969772354916849,15.794997846937235,0.0003117806372843581,15.774731527623628,15.7944904681858,0.9987489979115204,27.176916570921804,0.5020998618687447,0,0,1,55.93645800000377
P3-D0.10,p3d_01,944,240,11488,11485,0.9997388579387186,0.9995708154506437,3,0.018562744246634823,1.6985526477796038,1.8064465680395534,9.835972877707112,21,1,0.9997056226081837,0.9995724668661822,0.00042753313381782565,0.3336525903352199,0.3326077492381367,0.33373966042664344,16.072006112189687,16.287897556410503,16.077009992657604,0.000265843217171893,16.059663159333926,16.076494458682678,0.9989530491618052,23.49033993263329,0.34538336474496534,0,0,1,71.05083300000115
P3-D0.10,p3d_01,945,240,11465,11462,0.9997383340601832,0.9987347110923661,3,-0.009824142422926618,1.5816908762068818,1.8401393625981348,10.033920201411698,11,1,0.9997067018624431,0.9995744680851064,0.00042553191489358433,0.33371139417204676,0.33248996684697263,0.3337986389809806,16.036458978095173,16.536229055627825,16.0392171627497,0.0001497063673498121,16.030288548678406,16.038702770610353,0.999475380144374,23.77319494408467,0.3700284096565501,0,0,1,76.22029200000543
P3-D0.10,p3d_01,946,240,11287,11286,0.9999114024984496,1.0004446420631392,1,0.006513243595310464,1.4007714620917202,1.2620448173962069,8.109357637543326,16,1,0.9998533294221179,1,0.00014667057788209092,0.3336877547403863,0.3327130958709906,0.33359914938862306,15.796489216775058,15.751019307735506,15.803373954583243,0.000370296005865222,15.77894555624926,15.802868729693513,0.9984861499609055,26.258841158171716,0.39982300345715255,0,0,1,55.97925000000396
P3-D0.10,p3d_01,947,240,11454,11452,0.999825388510564,1,2,0.01726009552757273,1.7716335285268467,2.1729356249981087,11.138574171331433,7,1,0.9997080718143336,1,0.000291928185666368,0.3336535103038771,0.3326929793922459,0.3336535103038771,16.028257703358552,16.332790348863313,16.034862543269057,0.0003240582956558577,16.011505189021097,16.03434952675399,0.9985752875291402,23.53982051674883,0.30602053918115063,0,0,1,73.14404099999956
P3-D0.10,p3d_01,948,240,11353,11353,1,1.0004340277777777,0,-0.03186061658706036,1.5977427414236434,1.6912971252365918,9.586506059202597,0,1,1,1,0,0.33356821985378315,0.332775477847265,0.3336563022989518,15.892023678293945,16.144654253631906,15.90012598887583,0.00043165442498535036,15.871151259642991,15.899613648712487,0.9982098691390655,25.82566141633254,0.21979053851068645,0,0,1,78.63908299999457
P3-D0.10,p3d_01,949,240,11314,11314,1,1,0,0.011289622231871474,1.6123297952830569,1.9747477513194185,10.072137584976494,0,1,1,1,0,0.3339225738023687,0.332861940958105,0.33321548523952627,15.839864992087536,15.787336123891867,15.849560618344274,0.0007217012027970593,15.814609629732766,15.849048760216547,0.9978270537869611,25.642624979297235,0.5074309643543841,0,0,1,57.008208999999624
P3-D0.10,p3d_01,950,240,11290,11289,0.999911426040744,1.0008984725965857,1,0.024641771602257924,1.5154948842156988,1.7123999804798897,9.56725726378257,2,1,0.9998528762689421,1,0.00014712373105785215,0.3335990787492249,0.3328018425015502,0.3335990787492249,15.803176937983839,15.601037872963218,15.811726413741106,0.00043146006384008073,15.781066745323324,15.811217008042211,0.9980931092968016,26.000166174001237,0.605158108371036,0,0,1,73.35891599999741
P3-D0.10,p3d_01,951,240,11454,11452,0.999825388510564,1,2,-0.002768128528006948,1.7777967312415428,1.7842871259460409,10.14111787991836,3,0.9990970654627539,1,1,0.0009029345372461028,0.33374083129584353,0.33260565840027945,0.3336535103038771,16.025765109174408,15.957319819578844,16.030715810320388,0.0002638856076736418,16.013566583218765,16.030200936794657,0.9989623115991197,23.104084236558013,0.33567945979488034,0,0,1,81.1058750000011
P3-D0.10,p3d_01,952,240,11352,11350,0.9998238195912614,0.9991419991419992,2,-0.02165653495440729,1.7058146496456723,1.8563967842906464,9.751672655782386,7,1,0.9998529195469922,0.9995529727313366,0.0004470272686634136,0.33365638766519823,0.33268722466960354,0.33365638766519823,15.8853349965434,16.300338592929787,15.891773198559253,0.0003183856275828684,15.869029150430302,15.891264395129994,0.9986007881974133,25.926011812911394,0.23736643759673753,0,0,1,56.82387499999459
P3-D0.10,p3d_01,953,240,11427,11424,0.9997374639012864,0.9991083370485956,3,0.009227095093356492,1.6863305170924519,1.7720924594551266,9.423829575049544,16,0.9995594713656387,0.9997088791848617,1,0.0004405286343612813,0.3337710084033613,0.3326330532212885,0.3335959383753501,15.987362355589235,15.6755098567255,15.99281871461225,0.0003199305777484839,15.97376853013087,15.992305564846822,0.9988408779058913,23.821468424127943,0.43818792297279036,0,0,1,52.40875000000233
P3-D0.10,p3d_01,954,240,11293,11291,0.9998228991410608,0.9991107158737217,2,-0.020245332175423358,1.5046660576240798,1.3251309234874806,8.639594656081803,12,1,0.9998532217818875,0.9995621716287215,0.0004378283712784814,0.33353998760074394,0.33265432645469845,0.3338056859445576,15.801835890867856,15.705108478506224,15.807624475380145,0.00037087456832747144,15.787306207192467,15.807119412204358,0.9987465644754607,26.213217153732398,0.5564127778605442,0,0,1,91.31291600000259
P3-D0.10,p3d_01,955,240,11449,11448,0.9999126561271727,1,1,-0.014329135909683021,1.7116760815049192,1.8202015571362073,9.910992042577163,14,1,0.9998530708198649,1,0.00014692918013514689,0.3335953878406709,0.33254716981132076,0.3338574423480084,16.01849621901732,16.50664371489156,16.022339462265027,0.0002639610176115335,16.009351689321367,16.021821502543123,0.9992216981558697,24.24294887172482,0.31801793787530047,0,0,1,93.6493330000012
P3-D0.10,p3d_01,956,240,11151,11148,0.9997309658326607,0.9991364421416234,3,0.029580981328701694,1.4924725556984102,1.438428476551207,8.275613750865887,14,0.9995431703974418,0.9997058390939844,1,0.0004568296025582175,0.33342303552206676,0.3329745245783997,0.33360243989953353,15.610594207542375,16.207712461746613,15.622220160477793,0.0006582099206484135,15.579992996570438,15.621721920623065,0.9973287884482479,29.543491018278456,0.2511887092052053,0,0,1,79.14204099999915
P3-D0.10,p3d_01,957,240,11550,11548,0.9998268398268398,1.0004366812227075,2,0.010746851932262266,1.922478595077042,1.6227489945526425,8.990342911314352,12,0.9995638901003053,0.9998555539505994,1,0.00043610989969466996,0.3336508486317977,0.33269830273640455,0.3336508486317977,16.16276933345612,16.042418234831302,16.16953362345571,0.0003293116572081922,16.145596720044868,16.169013920151116,0.9985517236720871,21.732616571152025,0.2385790151759065,0,0,1,61.79804200000217
P3-D0.10,p3d_01,958,240,11535,11534,0.999913307325531,1.0004351610095736,1,-0.02187364307425098,1.6855661759259168,1.6107498334578048,9.012676314733048,12,1,0.9998559285405562,1,0.0001440714594438397,0.3336223339691347,0.3326686318709901,0.33370903415987513,16.142323464176886,16.102612282404763,16.148512274465183,0.0003257846263645029,16.12673003562473,16.14799380183221,0.9986831945523121,21.293868039284934,0.3382795134072712,0,0,1,75.8003749999989
P3-D0.10,p3d_01,959,240,11354,11348,0.9994715518759908,0.9973214285714286,6,0.003528006947459835,1.504275965413646,1.2567563412749312,8.026093336203909,29,1,0.9992565055762082,0.9995708154506437,0.0007434944237918462,0.3337151921043356,0.3326577370461755,0.3336270708494889,15.881697825552912,15.630623698087192,15.887584153159441,0.0003155294810805283,15.866919201967955,15.887071870492884,0.9987315051704173,25.217361167712554,0.5256783287427186,0,0,1,85.83599999999569
P3-D0.10,p3d_01,960,240,11420,11417,0.999737302977233,0.999562363238512,3,0.003419452887537994,1.6400088682582579,1.2458939718631887,7.997356387750794,11,1,0.999562618457501,1,0.0004373815424989491,0.3336252956118069,0.332661820092844,0.33371288429534907,15.978382793154928,15.972625226460124,15.984380436286981,0.0003193636658685684,15.963301757490493,15.983866806123823,0.9987133871369942,23.889364854902215,0.3864981761128324,0,0,1,57.815583000003244
P3-D0.10,p3d_01,961,240,11411,11409,0.9998247305231794,1.0008503401360545,2,-0.0060790273556231,1.6379851301368278,1.9379845075073256,10.772985574453438,10,1,0.9998549883990719,0.999554565701559,0.00044543429844101645,0.3337715838373214,0.3326321325269524,0.3335962836357262,15.966345665724354,16.458897879112516,15.97177656230994,0.0003190990998875582,15.952817371464894,15.97126504545507,0.9988449459740557,24.892004361528166,0.25795034469580286,0,0,1,53.54991600000358
P3-D0.10,p3d_01,962,240,11521,11520,0.9999132019789949,0.9995773457311918,1,-0.014980460269214069,1.6808931606143331,1.758354324387564,9.94512705788596,16,1,0.9998560322487763,1,0.00014396775122371697,0.33368055555555554,0.3326388888888889,0.33368055555555554,16.12187850575429,16.527669854165026,16.127491213214196,0.0002706992094883173,16.10786418099185,16.126974623849705,0.9988150013686018,22.978791288631005,0.29404965403310307,0,0,1,92.29287499999919
P3-D0.10,p3d_01,963,240,11327,11325,0.999823430740708,0.999537037037037,2,0.007978723404255319,1.5684682087303905,1.3558177901281951,7.922337222881349,6,1,0.9998529195469922,0.9995608256477821,0.0004391743522178526,0.3337748344370861,0.3327152317880795,0.33350993377483446,15.851131817317404,15.10517862122522,15.858083246090148,0.00043071510090356293,15.833417768587926,15.857573289582659,0.998476720204686,24.235410149999215,1.116470490075301,0,0,0,59.879916999998386
P3-D0.10,p3d_01,964,240,11453,11452,0.9999126866323234,0.9995602462620933,1,-0.0010312635692574896,1.777550510530875,1.5031143375347047,9.298921760792837,9,0.9995674740484429,1,1,0.0004325259515570723,0.33374083129584353,0.3326929793922459,0.33356618931191057,16.028254691611096,15.91630762480662,16.03486159508776,0.00037891034536781604,16.011502434498418,16.03434642147026,0.9985753091288302,23.13925451083411,0.3772165194320072,0,0,1,58.68475000000035
P3-D0.10,p3d_01,965,240,11352,11351,0.9999119097956307,1,1,-0.038808076422058184,1.5516438924481848,1.9037971181669588,10.45960315368878,3,1,1,0.9995584988962473,0.00044150110375273943,0.3336269932164567,0.3327460135670866,0.3336269932164567,15.888393714975901,16.17994993398484,15.895939122743481,0.0003763815616184891,15.869047773702365,15.895428602711734,0.9983403511997866,25.50855977082692,0.20403462066852115,0,0,1,53.375082999998995
P3-D0.10,p3d_01,966,240,11280,11279,0.9999113475177305,1.0004448398576513,1,0.008195831524099,1.689316789219905,1.6496866126872758,9.179761252661896,17,1,0.9998532433225712,1,0.00014675667742880538,0.33362886780742973,0.33274226438514054,0.33362886780742973,15.78750809185943,15.723266419241432,15.794935172504482,0.00037268279571012647,15.768477339979851,15.79442836527018,0.9983569506480278,26.159379882789633,0.5225416124885114,0,0,1,60.873124999998254
P3-D0.10,p3d_01,967,240,11435,11430,0.9995627459554001,0.9982646420824295,5,0.015360399478940513,1.4806708362597822,1.3706936970882357,8.147034121696379,13,1,0.9994140911088326,0.9995730145175064,0.000585908891167386,0.3337707786526684,0.3326334208223972,0.33359580052493437,15.995766320623796,16.095869013961266,16.001234732744738,0.0003202590278800503,15.982146527478937,16.00071897267648,0.998839274333281,24.211189286243563,0.4166546731336374,0,0,1,60.476957999999286
P3-D0.10,p3d_01,968,240,11337,11336,0.9999117932433624,1.0004258943781943,1,-0.02529309596178897,1.6355822194203102,1.8612729184719765,9.795342131622723,12,1,0.9998524856173477,1,0.00014751438265225847,0.33371559633027525,0.33256880733944955,0.33371559633027525,15.862399312025506,16.419716512196587,15.866606138185567,0.00020155792977847954,15.85222658085136,15.866098486997918,0.9991256888920785,26.265808208639807,0.3243619433609855,0,0,1,54.60966699999699
P3-D0.10,p3d_01,969,240,11436,11435,0.9999125568380552,1.00083857442348,1,-0.002768128528006948,1.6327533731515294,1.6835590023667386,9.917867455029713,12,1,0.9998535656757944,1,0.0001464343242055799,0.33362483602973325,0.33266287713161347,0.3337122868386533,16.00360382518738,16.690084164991656,16.0096313183973,0.0003203607782355197,15.988444038370467,16.00911647493898,0.9987087084661496,24.763358541401654,0.3136980184672566,0,0,1,64.45816699999705
P3-D0.10,p3d_01,970,240,11481,11477,0.9996515982928317,0.9991578947368421,4,-0.017477203647416412,1.7721966897626769,2.1220803046192582,10.906932828070845,16,0.9991471215351813,0.9998527029017529,0.9995739241585002,0.0007055813665716171,0.3337109000609915,0.3325781998780169,0.3337109000609915,16.059960634995665,16.5878554653275,16.064403528463007,0.00021082887790591543,16.049171202602817,16.063884064956696,0.9990841030541315,23.762537231345785,0.3539686732166483,0,0,1,66.20474999999715
P3-D0.10,p3d_01,971,240,11261,11260,0.9999111979397922,1.0004616805170823,1,-0.003745115067303514,1.5109974889331712,1.513982674761926,9.114368304806097,5,1,0.9998513895080993,1,0.00014861049190073583,0.33357015985790406,0.33285968028419183,0.33357015985790406,15.764206535840264,15.190281343725252,15.773809459892318,0.0004885173095655224,15.739187047566192,15.773304531576288,0.997837011011751,25.747199529694324,0.8605392103441545,0,0,1,56.7286249999961
P3-D0.10,p3d_01,972,240,11307,11305,0.9998231184222163,0.9991449337323642,2,-0.014817629179331304,1.5798229982474472,1.6738230202777782,9.379711385539546,10,0.9991582491582491,1,1,0.0008417508417508657,0.33356921716054844,0.33277310924369746,0.3336576735957541,15.824767185987204,16.360550973944253,15.832790222504226,0.0004294273152075739,15.804104858551868,15.832280759600039,0.9982203510993775,27.122359979359434,0.25885529136177937,0,0,1,64.346083000004
P3-D0.10,p3d_01,973,240,11373,11373,1,1.000437445319335,0,-0.00998697351280938,1.5634902031091675,1.7142148186816275,9.147026403779213,0,1,1,1,0,0.33368504352413614,0.3326299129517278,0.33368504352413614,15.915902268405073,15.993652563664151,15.921274461015122,0.00026184295841354783,15.902531693786509,15.920764295539094,0.9988547910505972,24.889955233523178,0.38010318341654276,0,0,1,66.2911249999961
P3-D0.10,p3d_01,974,240,11346,11345,0.9999118632117046,1.0008873114463177,1,-0.008738601823708208,1.5866996731983454,1.7097244543686667,9.852954092511633,3,1,0.9998514557338086,1,0.00014854426619137495,0.3337152930806523,0.33265755839576905,0.33362714852357866,15.877491967490139,15.780602815770656,15.883374932592703,0.00031536684750245296,15.862726676440703,15.882861164235406,0.9987323135556935,25.15943927133422,0.42422194798757223,0,0,1,54.913250000005064
P3-D0.10,p3d_01,975,240,11338,11337,0.9999118010231082,1.0004382120946538,1,-0.01590316977854972,1.5768358211180147,1.4987297845910912,9.31969378005033,30,1,1,0.9995567375886525,0.00044326241134751143,0.3336861603598836,0.33262767928023285,0.3336861603598836,15.865462395569173,15.96977071500744,15.870773379724678,0.00025963758108935524,15.852249116504439,15.870267224319994,0.9988646626070704,25.695591456098807,0.3697915690641602,0,0,1,88.8692499999961
P3-D0.10,p3d_01,976,240,11372,11370,0.9998241294407316,0.9991456642460487,2,0.00401650021710812,1.5678590599589772,1.7635149990544081,9.777052506876922,9,0.9995672868887927,1,0.9995661605206074,0.0004338394793925726,0.3337730870712401,0.3326297273526825,0.33359718557607737,15.91169784749723,16.353812231700392,15.917065729813812,0.00031692223094427003,15.898340521197149,15.916555057060885,0.9988556232301251,25.585509791044753,0.19400421711012575,0,0,1,72.84120800000528
P3-D0.10,p3d_01,977,240,11291,11289,0.9998228677707909,1,2,-0.0004342162396873643,1.4803807981024526,1.7876534148868535,9.890020645259028,15,1,1,0.9991323210412147,0.0008676789587852562,0.3336876605545221,0.3328018425015502,0.3335104969439277,15.803177590242303,16.28218036094535,15.811726637838127,0.0004871379684143403,15.781067365943414,15.811217671805542,0.9980931066482064,27.02902313766293,0.2806177972221403,0,0,1,56.01654200000485
P3-D0.10,p3d_01,978,240,11392,11390,0.9998244382022472,0.9995784148397976,2,0.0007598784194528862,1.5476454945004092,1.6575500882533927,9.318178274130029,8,0.9995687796463993,1,0.9995541685242978,0.0004458314757022075,0.33353819139596136,0.33274802458296754,0.3337137840210711,15.943041078542867,16.594591826504757,15.950649886989936,0.0004335055718644992,15.92352430331745,15.950138087715738,0.9983314386212878,25.092059299386523,0.3832678409139028,0,0,1,69.77820800000336
P3-D0.10,p3d_01,979,240,11651,11647,0.9996566818298859,0.9991507430997877,4,-0.012212331741207125,1.9481341845761624,2.1923640662151493,11.59649695132066,29,1,0.9995684074233924,0.9995855781185247,0.0004315925766076312,0.33364814973813,0.33253198248476,0.33381986777711,16.296517930108756,16.456055504421993,16.300125856962495,0.00021908557300179415,16.288018778677742,16.299608530629115,0.9992889551960961,20.243103301486748,0.1534753247336412,0,0,1,76.98295800000051
P3-D0.10,p3d_01,980,240,11361,11358,0.9997359387377872,0.9987096774193548,3,0.0038536691272253567,1.5445571093249053,1.5661083520541754,8.377647262290338,28,1,0.9998523767345734,0.9991247264770241,0.0008752735229758946,0.3337735516816341,0.3326289839760521,0.3335974643423138,15.894884354007411,16.23055122691353,15.900231976120725,0.0003162536708554388,15.881579484558737,15.899722488352388,0.9988589106629413,26.09059687324886,0.4743807592175045,0,0,1,55.98170900000696
P3-D0.10,p3d_01,981,240,11518,11515,0.999739538114256,0.9991300565463245,3,0.013623534520191057,1.7452482311208894,1.7488617529754311,9.878188161702383,11,0.9995621716287215,0.9998547356188263,0.9995744680851064,0.0002925639901047994,0.33365175857577073,0.33260963960052103,0.3337386018237082,16.114041556718224,16.071998988905797,16.119094848311843,0.0002676369954542009,16.101567237375175,16.11857767284298,0.9989446689519965,21.815759017775097,0.29824520743489125,0,0,1,78.4807079999955
P3-D0.10,p3d_01,982,240,11409,11407,0.9998246997984047,1,2,-0.010041250542770299,1.750901813227192,1.7666098925225553,10.009173435473409,11,1,0.9997090062563655,1,0.0002909937436345045,0.33365477338476374,0.3326904532304725,0.33365477338476374,15.965197994392067,16.206684561130682,15.971733116093333,0.00032156819114599323,15.948643003229648,15.971217991178404,0.998586520579631,24.706824040658518,0.1735522438993384,0,0,1,88.84183299999859
P3-D0.10,p3d_01,983,240,11370,11368,0.9998240985048373,0.9995794785534062,2,-0.004559270516717326,1.5679507825227854,2.004977658796989,10.29787040437562,15,0.9995598591549296,0.9998545666084933,1,0.0004401408450703803,0.33374384236453203,0.3326002814919071,0.33365587614356085,15.908069546032644,16.611737914106204,15.912879335396063,0.00025879597792095605,15.896238489695037,15.912371748337234,0.9989861185436494,25.604605743861857,0.3538489639881459,0,0,1,59.389625000003434
P3-D0.10,p3d_01,984,240,11418,11416,0.999824837975127,1.000886132033673,2,-0.02236213634389926,1.6568888350255857,1.6238028464134315,9.796842201709902,12,1,0.9997117740308402,1,0.00028822596915978327,0.33374211632796075,0.3326909600560617,0.33356692361597756,15.977811757399776,15.814076511184576,15.98435952045892,0.00037710316480756007,15.961217032272828,15.9838462029005,0.9985842474745805,23.754037215875467,0.4686910211851686,0,0,1,56.614958999998635
P3-D0.10,p3d_01,985,240,11376,11374,0.9998241912798875,1,2,-0.021982197134172814,1.6104006281203695,1.6284386117228633,9.482895727782912,13,1,0.9998550724637681,0.9995687796463993,0.0004312203536006587,0.33365570599613154,0.33268858800773693,0.33365570599613154,15.918961386995091,15.90387064231651,15.925440448878037,0.00031972649454195794,15.902550600797355,15.924928945612441,0.9985947601467162,24.311101941886918,0.3325536982753045,0,0,1,93.34312499999942
P3-D0.10,p3d_01,986,240,11268,11266,0.9998225062122825,0.9991083370485956,2,-0.007870169344333478,1.611375848521449,1.602404009549615,8.47094061607398,21,1,0.9997032640949555,1,0.00029673590504453173,0.3335700337298065,0.3327711698917096,0.33365879637848395,15.770123506038798,15.68797028705333,15.778080608170317,0.0004276129760865682,15.749631682644504,15.777575078182181,0.9982289169660603,26.444675739043543,0.5393503482959604,0,0,1,58.634500000000116
P3-D0.10,p3d_01,987,240,11461,11459,0.9998254951574906,0.9995657837603127,2,-0.006621797655232307,1.5584013519137494,1.5772864268176263,9.312802931765267,16,0.9995547640249333,0.9998553450021698,1,0.00044523597506673784,0.3337114931494895,0.3326642813509032,0.3336242254996073,16.037236686740908,16.111196077362635,16.043300599331214,0.0003216948451919826,16.02197138097857,16.042787707018125,0.9987024495729974,23.2069484793707,0.18067108229138626,0,0,1,57.86974999999802
P3-D0.10,p3d_01,988,240,11472,11471,0.9999128312412832,1,1,-0.017151541467650893,1.5977671601295664,1.6786888402369247,9.33555460644584,8,1,0.9998539079620161,1,0.00014609203798388037,0.3339726266236597,0.3325778048993113,0.33344956847702906,16.051558164499525,16.461762326741287,16.055987963742222,0.0003805190341352449,16.04079454455044,16.05547220811738,0.9990858155165615,23.380972956636853,0.3540198464590875,0,0,1,97.64370900000358
P3-D0.10,p3d_01,989,240,11309,11307,0.9998231497037757,0.9995612110574813,2,0.01726009552757273,1.52763575232331,1.4839958982381678,8.969501860064156,5,1,0.9998511018463371,0.9995669120831528,0.0004330879168471524,0.33359865570000885,0.3327142478110905,0.33368709648890066,15.825910813980778,15.918143190996721,15.83283243821839,0.00037136170867111047,15.808275591764536,15.832323622059407,0.9984810801706097,26.147400277278724,0.5005953894680713,0,0,1,61.17729200000031
P3-D0.10,p3d_01,990,240,11418,11417,0.9999124189875634,1.0008554319931566,1,0.040110725141120275,1.5724021093765344,1.6384669924145674,9.348484324661209,13,0.9995657837603127,1,1,0.0004342162396873128,0.3336252956118069,0.332661820092844,0.33371288429534907,15.978380069227008,16.369102603737744,15.984379603553373,0.0003193586524563661,15.963299298508,15.983863985852103,0.9987134095133501,24.87317808104021,0.32630491895405894,0,0,1,59.914834000002884
P3-D0.10,p3d_01,991,240,11466,11463,0.999738356881214,0.9991564740615774,3,-0.011995223621363437,1.5959441966000751,1.7225935912933188,9.996800052505327,8,0.9995638901003053,0.9998545031281827,0.9995652173913043,0.0002906130278773622,0.33368228212509815,0.3326354357498037,0.33368228212509815,16.042005908042775,16.56398428397784,16.04752828533977,0.0002672925436049627,16.028241584000018,16.047011116785598,0.9988303408872231,24.298786363764847,0.28242189232260767,0,0,1,54.45141600000352
P3-D0.10,p3d_01,992,240,11277,11276,0.9999113239336703,0.9995672868887927,1,-0.009227095093356492,1.6433495917666237,1.5769434999030998,9.436195240101673,7,1,0.9998536299765808,1,0.0001463700234192178,0.33371763036537777,0.3326534231997162,0.333628946434906,15.780816916695583,16.146482034095346,15.78658162302953,0.00031145545821533837,15.766352992285581,15.78607652557195,0.9987505740736516,27.334885678852615,0.22416277730707454,0,0,1,70.8021249999947
P3-D0.10,p3d_01,993,240,11280,11279,0.9999113475177305,1.0008845643520565,1,-0.006404689535388622,1.529163078400266,1.5757579468971703,8.485857707630203,11,1,0.9998503442083209,1,0.00014965579167913745,0.3335402074652008,0.33283092472736947,0.33362886780742973,15.789996250305599,15.837949294235955,15.79908047633646,0.0004865339020237709,15.766411855021156,15.798572394045408,0.9979643389148013,26.40419560533626,0.38771984763159834,0,0,1,57.78725000000122
P3-D0.10,p3d_01,994,240,11345,11344,0.9999118554429264,1.0004355400696865,1,-0.016771602257924446,1.5554811329059832,1.6584207779016193,8.94324730612334,1,0.9995501574448943,1,1,0.00044984255510571725,0.3336565585331453,0.3327750352609309,0.3335684062059238,15.879411907134743,16.071998714421774,15.88750012827771,0.00043125874224038304,15.858578940810608,15.886987531252599,0.9982118327728208,25.326694889244013,0.3266698409571611,0,0,1,54.91504200000054
P3-D0.10,p3d_01,995,240,11498,11497,0.999913028352757,0.9995835068721366,1,-0.016663048198002604,1.5775757686835359,1.877189027226262,10.182228211339256,3,0.9995674740484429,1,1,0.0004325259515570723,0.3336522571105506,0.33260850656693053,0.3337392363225189,16.088819698534035,16.764574271389428,16.09384370324618,0.0002665611950183191,16.076424191258127,16.09332715572528,0.9989496911170951,23.452364218176527,0.7158044678244193,0,0,1,63.235415999995894
P3-D0.10,p3d_01,996,240,11488,11488,1,1.0012541806020068,0,-0.0027138514980460248,1.5404319441834067,1.6313184204671325,9.44122906111564,0,1,1,1,0,0.33373955431754876,0.33260793871866295,0.3336525069637883,16.076210040640383,16.737846975647695,16.08121857208231,0.00026604300815163756,16.063853884354362,16.08070318838075,0.9989522035305918,23.825302436944323,0.5373691211914622,0,0,1,62.389750000002095
P3-D0.10,p3d_01,997,240,11381,11379,0.9998242685177049,0.9995621716287215,2,-0.005427702996092056,1.493205966533824,1.7209644295614361,9.210570042279565,14,1,0.9997029997029997,1,0.00029700029700030495,0.33359697688724843,0.33271816504086477,0.3336848580718868,15.926796168849295,15.969764597659966,15.933836283943176,0.00037504304655344023,15.908845755842577,15.933323591760846,0.998463733208122,24.838987601578363,0.25180482144380384,0,0,1,54.59229200000118
P3-D0.10,p3d_01,998,240,11134,11131,0.9997305550565835,0.9990925589836661,3,-0.02811550151975684,1.441440658198812,1.3585878334643604,8.226910454011582,12,1,0.9995523056260259,1,0.0004476943739740724,0.3335729045009433,0.33285419099811336,0.3335729045009433,15.583449526733716,15.414735030785401,15.59284295246228,0.0004831038481506175,15.558995112843517,15.592342040875602,0.997861326544488,28.535437733091836,0.7717155078669249,0,0,1,60.766583000004175
P3-D0.10,p3d_01,999,240,11227,11226,0.9999109290104213,1,1,0.006567520625271387,1.6621111433686493,1.4572951053958174,9.096481515487236,16,0.9995483288166215,1,1,0.0004516711833785214,0.3337787279529663,0.33262070194192056,0.3336005701051131,15.709922863710453,15.815908418493974,15.715056684172106,0.0003087670951005915,15.697196280072776,15.71455071230597,0.9988956456629966,27.649330267272763,0.3933713182584448,0,0,1,60.886124999997264
P3-D0.10,p3d_01,1000,240,11318,11316,0.9998232903339813,1.0004468275245755,2,-0.007056013894919669,1.659716065507194,1.3115414689594507,7.377677704699939,9,1,0.9997029114676174,1,0.0002970885323826389,0.33359844468009897,0.33271474019088015,0.3336868151290209,15.838525977749201,15.657365958865958,15.845459337083753,0.00037182055838063906,15.820850973682587,15.844953251955232,0.9984788671894838,25.50904556822418,0.6040646237101676,0,0,1,53.53508300000249
