demand,target,policy,policy_id,seed,periods,requests,dispatched,completion_rate,first24_completion_rate,late24_service_ratio,final_queue,mean_wait_minutes,late_mean_wait_minutes,late_p95_wait_mean,final_oldest_queue_age,north_completion_rate,central_completion_rate,south_completion_rate,north_route_share,central_route_share,south_route_share,population_weighted_exposure_mean,late_population_weighted_exposure_mean,late_central_use_mean,late_central_budget_mean,late_central_budget_sd,late_target_gap,late_budget_direction_changes,final_central_budget,runtime_ms
45,14,P2 fixed,p2,501,120,8431,4680,0.5550942948641917,0.6050420168067226,0.5467289719626168,3751,11956.50242622711,22468.017404267965,22534.790121838698,25029,0.5485854858548586,0.5545757397609249,0.5628672150411281,0.3333333333333333,0.3333333333333333,0.3333333333333333,13.115210500876218,13.115206380746189,13.130532697924204,14,0,0,0,14,130.66670800000003
45,14,P2 fixed,p2,502,120,8488,4680,0.5513666352497644,0.6303030303030303,0.5410404624277456,3808,11820.405073190575,22476.12882964799,22544.555913633103,25126,0.5425055928411633,0.5510978043912176,0.5615384615384615,0.3333333333333333,0.3333333333333333,0.3333333333333333,13.11520532916037,13.115207453894072,13.130533264447168,14,0,0,0,14,108.87958400000002
45,14,P2 fixed,p2,503,120,8433,4680,0.5549626467449307,0.6174142480211082,0.5151348376444689,3753,11820.282613538468,22267.57033993879,22340.416326265677,24858,0.5729166666666666,0.5462780622292241,0.563551944283227,0.3333333333333333,0.3333333333333333,0.3333333333333333,13.115207705499472,13.115200138694975,13.130530794792492,14,0,0,0,14,86.65141700000004
45,14,P2 fixed,p2,504,120,8458,4680,0.5533222984157011,0.6149802890932983,0.5473684210526316,3778,11932.840618474538,22690.480108073956,22760.26939612694,25360,0.5567190226876091,0.5557306025994486,0.5424443106562312,0.3333333333333333,0.3333333333333333,0.3333333333333333,13.115203381494013,13.115202898960844,13.130531568993431,14,0,0,0,14,80.391166
45,14,P2 fixed,p2,505,120,8451,4677,0.5534256301029464,0.5973111395646606,0.5422943221320974,3774,12017.425842970795,22554.084765863867,22629.921866905086,25410,0.5647123893805309,0.5500303214069133,0.5512971698113207,0.3333333333333333,0.3333333333333333,0.3333333333333333,13.106793699756654,13.115203382233304,13.13053186508683,14,0,0,0,14,79.38216699999998
45,14,P2 fixed,p2,506,120,8485,4680,0.5515615792575133,0.6153846153846154,0.5294117647058824,3805,11952.962671602632,22569.807738123065,22640.878649781516,25100,0.5555555555555556,0.5498392282958199,0.5524355300859599,0.3333333333333333,0.3333333333333333,0.3333333333333333,13.115207890180889,13.115206377057698,13.130532886327357,14,0,0,0,14,80.23670800000002
45,14,P2 fixed,p2,507,120,8459,4677,0.5529022343066556,0.6257545271629779,0.5360824742268041,3782,12020.422476864587,22721.92390014169,22792.11777646864,25317,0.5423327412670219,0.5547689282202557,0.5578635014836796,0.3333333333333333,0.3333333333333333,0.3333333333333333,13.10680064776685,13.115205187446518,13.130532449948703,14,0,0,0,14,77.233292
45,14,P2 fixed,p2,508,120,8258,4680,0.5667231775248244,0.6133682830930537,0.5662431941923775,3578,11674.532849420531,21941.153056331277,22015.970493022778,24696,0.5634771732332708,0.5693577612240789,0.5620567375886525,0.3333333333333333,0.3333333333333333,0.3333333333333333,13.115207399636535,13.115212081459193,13.130534366942745,14,0,0,0,14,80.05599999999993
45,14,P2 fixed,p2,509,120,8403,4680,0.5569439485897894,0.6042608134280181,0.5401038661281016,3723,11971.498303154745,22604.865328723958,22677.803005249418,25234,0.549346016646849,0.5617038216560509,0.5503830288744844,0.3333333333333333,0.3333333333333333,0.3333333333333333,13.115208181739469,13.115219790731006,13.130536673975959,14,0,0,0,14,81.53170800000021
45,14,P2 fixed,p2,510,120,8479,4680,0.5519518811180564,0.6081871345029239,0.5267304445694991,3799,11865.243168286977,22315.535383968996,22383.223877341752,25064,0.5600475624256838,0.5514018691588785,0.5454545454545454,0.3333333333333333,0.3333333333333333,0.3333333333333333,13.11520560850521,13.115203407959912,13.130531743140493,14,0,0,0,14,79.96458299999995
45,14,P2 fixed,p2,511,120,8471,4680,0.5524731436666274,0.5980830670926518,0.515702479338843,3791,11981.449166283377,22468.31232408468,22533.925143173226,24980,0.5563656758272574,0.5528049510880415,0.5473496128648004,0.3333333333333333,0.3333333333333333,0.3333333333333333,13.11520858454849,13.115209554813468,13.130533751067404,14,0,0,0,14,77.75675000000001
45,14,P2 fixed,p2,512,120,8386,4677,0.5577152396851897,0.6106020942408377,0.5483304042179262,3709,11737.198368988003,21982.776364636964,22049.60754074949,24625,0.5398920215956808,0.5632092375074657,0.5589622641509434,0.3333333333333333,0.3333333333333333,0.3333333333333333,13.106797798189117,13.115204163442433,13.130532014639975,14,0,0,0,14,77.66791699999999
45,14,P2 fixed,p2,513,120,8393,4678,0.5573692362683188,0.6345108695652174,0.5594739988045427,3715,11775.277614979808,22362.044611003465,22428.243535832004,24916,0.5596330275229358,0.5592417061611374,0.5495867768595041,0.3334758443779393,0.33326207781103034,0.33326207781103034,13.107941700484755,13.1152171862119,13.130536005325418,14,0,0,0,14,76.35704099999998
45,14,P2 fixed,p2,514,120,8461,4679,0.5530079186857345,0.6192052980132451,0.5451368666278392,3782,11804.249945365185,22400.626266846913,22476.669096585378,25248,0.5680612846199175,0.5507843137254902,0.5444711538461539,0.33340457362684334,0.33340457362684334,0.3331908527463133,13.114068780857211,13.115201822896955,13.130531282679536,14,0,0,0,14,73.91049999999996
45,14,P2 fixed,p2,515,120,8440,4680,0.5545023696682464,0.6054333764553687,0.5394812680115274,3760,11724.803248271895,21940.01612098487,22016.027237569473,24631,0.5511945392491467,0.5580838323353293,0.5472488038277512,0.3333333333333333,0.3333333333333333,0.3333333333333333,13.115205528522663,13.11520676727602,13.130532915200972,14,0,0,0,14,81.37762500000008
45,14,P2 fixed,p2,516,120,8354,4680,0.5602106775197511,0.6007702182284981,0.5584725536992841,3674,11908.900583533292,22271.082752961967,22338.099544948625,24859,0.5590361445783133,0.559154651392455,0.5646842427958307,0.3333333333333333,0.3333333333333333,0.3333333333333333,13.115208550654591,13.1152033202262,13.130531794845764,14,0,0,0,14,73.55929100000003
45,14,P2 fixed,p2,517,120,8496,4667,0.5493173258003766,0.5845471817606079,0.5252525252525253,3829,12078.14835372617,22518.003900989577,22587.095953522225,25259,0.5443856554967667,0.5458300550747442,0.5645821157218002,0.3334047568030855,0.3334047568030855,0.33319048639382903,13.080436421614062,13.115211512770472,13.130534397972374,14,0,0,0,14,75.63866700000017
45,14,P2 fixed,p2,518,120,8390,4669,0.5564958283671037,0.6401384083044983,0.5413533834586466,3721,11539.426494982517,22229.86339339612,22304.44088866014,25002,0.5614849187935035,0.5614909308351604,0.5360824742268041,0.33304776183336904,0.33369029770828873,0.33326194045834223,13.0926817350679,13.115216477642692,13.130535913338782,14,0,0,0,14,82.5982919999999
45,14,P2 fixed,p2,519,120,8388,4672,0.5569861707200763,0.6373626373626373,0.5336374002280502,3716,11557.784132485405,22159.77704279458,22225.56404749795,24857,0.5354719309068476,0.5631797508404193,0.5590643274853802,0.3332619863013699,0.3334760273972603,0.3332619863013699,13.096107186784659,13.115206557758585,13.130532778125493,14,0,0,0,14,72.96654099999978
45,14,P2 fixed,p2,520,120,8555,4677,0.546697837521917,0.6086105675146771,0.549618320610687,3878,12190.05942223298,23105.951318486394,23187.166978436722,25980,0.5428233904311872,0.5484624367458155,0.5452436194895591,0.3333333333333333,0.3333333333333333,0.3333333333333333,13.106799622117089,13.115206035123721,13.130532573145686,14,0,0,0,14,77.10829200000035
45,14,P2 fixed,p2,521,120,8583,4674,0.5445648374694163,0.6070496083550914,0.5194228634850167,3909,12079.38900482472,22753.713596387817,22828.32077712851,25517,0.5436507936507936,0.5469395788230663,0.5385500575373993,0.3333333333333333,0.3333333333333333,0.3333333333333333,13.098391801510349,13.115211333527588,13.130534366069702,14,0,0,0,14,75.16004199999998
45,14,P2 fixed,p2,522,120,8415,4673,0.5553178847296494,0.6152317880794702,0.5631768953068592,3742,11974.592508811525,22625.065361319546,22697.692093945618,25411,0.5432464454976303,0.5524795857398924,0.5756154747948418,0.3331906698052643,0.3334046650973679,0.3334046650973679,13.09724474017209,13.115193634128138,13.130528814866148,14,0,0,0,14,74.31266699999969
45,14,P2 fixed,p2,523,120,8540,4680,0.5480093676814989,0.600384862091084,0.5330296127562643,3860,12069.454353203677,22573.247010734973,22638.895400746598,25214,0.5520894643908181,0.5513651541936752,0.5342857142857143,0.3333333333333333,0.3333333333333333,0.3333333333333333,13.115206247726286,13.115210920664564,13.130534175841431,14,0,0,0,14,77.01354100000026
45,14,P2 fixed,p2,524,120,8484,4676,0.5511551155115512,0.6087524493794906,0.5416666666666666,3808,11914.81292910952,22483.27543142344,22556.464722562898,25248,0.5738396624472574,0.5437366062731346,0.5514184397163121,0.33340461933276305,0.33340461933276305,0.3331907613344739,13.10566122945917,13.11520830396767,13.130533336253608,14,0,0,0,14,74.76249999999982
45,14,P2 fixed,p2,525,120,8516,4680,0.5495537811178958,0.618229854689564,0.519134775374376,3836,11869.223332695994,22479.716094224583,22549.516165307796,25129,0.5420118343195266,0.5509967098896845,0.5527426160337553,0.3333333333333333,0.3333333333333333,0.3333333333333333,13.115210437976918,13.115214087787512,13.130535053256033,14,0,0,0,14,75.51516600000014
45,14,P2 fixed,p2,526,120,8461,4675,0.5525351613284482,0.6273584905660378,0.5451368666278392,3786,11777.005351288246,22416.865924941707,22487.695929769805,25101,0.5406839622641509,0.5539638932496075,0.5602156980227682,0.333475935828877,0.3332620320855615,0.3332620320855615,13.099537050500611,13.115213367813004,13.13053488213803,14,0,0,0,14,83.23695799999996
45,14,P2 fixed,p2,527,120,8470,4679,0.5524203069657615,0.614323258869908,0.5460910151691949,3791,11786.255710900386,22389.216164949506,22464.293198299525,25177,0.5356932153392331,0.5527409459726895,0.5679442508710801,0.33340457362684334,0.33340457362684334,0.3331908527463133,13.114064634294463,13.115208575492206,13.130533543570147,14,0,0,0,14,74.33750000000009
45,14,P2 fixed,p2,528,120,8546,4680,0.5476246197051252,0.600384862091084,0.5300113250283126,3866,12150.103605198085,22902.964031309763,22977.39133424344,25604,0.5404304828388597,0.5523734797959984,0.5407750144592249,0.3333333333333333,0.3333333333333333,0.3333333333333333,13.115207387990209,13.11520243086914,13.130531487344618,14,0,0,0,14,76.5590000000002
45,14,P2 fixed,p2,529,120,8502,4680,0.5504587155963303,0.6358695652173914,0.5454545454545454,3822,11719.838015916226,22404.280649244352,22478.416249086513,25232,0.5525087514585765,0.5439549776829031,0.5688073394495413,0.3333333333333333,0.3333333333333333,0.3333333333333333,13.115207096226555,13.115208466571794,13.130533293816228,14,0,0,0,14,75.15879200000018
45,14,P2 fixed,p2,530,120,8533,4676,0.5479901558654635,0.6032362459546926,0.5333333333333333,3857,12262.869894854093,23239.802363744893,23311.545055756058,25849,0.542305508233958,0.5466118292205249,0.5582232893157263,0.33340461933276305,0.33340461933276305,0.3331907613344739,13.105658789174077,13.115204375190359,13.130532103416835,14,0,0,0,14,80.31500000000005
45,14.05,P2 fixed,p2,501,120,8431,4680,0.5550942948641917,0.6050420168067226,0.5467289719626168,3751,11956.50242622711,22468.017404267965,22534.790121838698,25029,0.5485854858548586,0.5545757397609249,0.5628672150411281,0.3333333333333333,0.3333333333333333,0.3333333333333333,13.115210500876218,13.115206380746189,13.130532697924204,14.050000000000006,5.443687297790758e-15,5.329070518200751e-15,0,14.05,87.20216600000003
45,14.05,P2 fixed,p2,502,120,8488,4680,0.5513666352497644,0.6303030303030303,0.5410404624277456,3808,11820.405073190575,22476.12882964799,22544.555913633103,25126,0.5425055928411633,0.5510978043912176,0.5615384615384615,0.3333333333333333,0.3333333333333333,0.3333333333333333,13.11520532916037,13.115207453894072,13.130533264447168,14.050000000000006,5.443687297790758e-15,5.329070518200751e-15,0,14.05,77.47204200000033
45,14.05,P2 fixed,p2,503,120,8433,4680,0.5549626467449307,0.6174142480211082,0.5151348376444689,3753,11820.282613538468,22267.57033993879,22340.416326265677,24858,0.5729166666666666,0.5462780622292241,0.563551944283227,0.3333333333333333,0.3333333333333333,0.3333333333333333,13.115207705499472,13.115200138694975,13.130530794792492,14.050000000000006,5.443687297790758e-15,5.329070518200751e-15,0,14.05,75.3715830000001
45,14.05,P2 fixed,p2,504,120,8458,4680,0.5533222984157011,0.6149802890932983,0.5473684210526316,3778,11932.840618474538,22690.480108073956,22760.26939612694,25360,0.5567190226876091,0.5557306025994486,0.5424443106562312,0.3333333333333333,0.3333333333333333,0.3333333333333333,13.115203381494013,13.115202898960844,13.130531568993431,14.050000000000006,5.443687297790758e-15,5.329070518200751e-15,0,14.05,75.60266699999966
45,14.05,P2 fixed,p2,505,120,8451,4677,0.5534256301029464,0.5973111395646606,0.5422943221320974,3774,12017.425842970795,22554.084765863867,22629.921866905086,25410,0.5647123893805309,0.5500303214069133,0.5512971698113207,0.3333333333333333,0.3333333333333333,0.3333333333333333,13.106793699756654,13.115203382233304,13.13053186508683,14.050000000000006,5.443687297790758e-15,5.329070518200751e-15,0,14.05,91.06799999999976
45,14.05,P2 fixed,p2,506,120,8485,4680,0.5515615792575133,0.6153846153846154,0.5294117647058824,3805,11952.962671602632,22569.807738123065,22640.878649781516,25100,0.5555555555555556,0.5498392282958199,0.5524355300859599,0.3333333333333333,0.3333333333333333,0.3333333333333333,13.115207890180889,13.115206377057698,13.130532886327357,14.050000000000006,5.443687297790758e-15,5.329070518200751e-15,0,14.05,85.40220799999997
45,14.05,P2 fixed,p2,507,120,8459,4677,0.5529022343066556,0.6257545271629779,0.5360824742268041,3782,12020.422476864587,22721.92390014169,22792.11777646864,25317,0.5423327412670219,0.5547689282202557,0.5578635014836796,0.3333333333333333,0.3333333333333333,0.3333333333333333,13.10680064776685,13.115205187446518,13.130532449948703,14.050000000000006,5.443687297790758e-15,5.329070518200751e-15,0,14.05,74.51579100000026
45,14.05,P2 fixed,p2,508,120,8258,4680,0.5667231775248244,0.6133682830930537,0.5662431941923775,3578,11674.532849420531,21941.153056331277,22015.970493022778,24696,0.5634771732332708,0.5693577612240789,0.5620567375886525,0.3333333333333333,0.3333333333333333,0.3333333333333333,13.115207399636535,13.115212081459193,13.130534366942745,14.050000000000006,5.443687297790758e-15,5.329070518200751e-15,0,14.05,74.21633399999973
45,14.05,P2 fixed,p2,509,120,8403,4680,0.5569439485897894,0.6042608134280181,0.5401038661281016,3723,11971.498303154745,22604.865328723958,22677.803005249418,25234,0.549346016646849,0.5617038216560509,0.5503830288744844,0.3333333333333333,0.3333333333333333,0.3333333333333333,13.115208181739469,13.115219790731006,13.130536673975959,14.050000000000006,5.443687297790758e-15,5.329070518200751e-15,0,14.05,74.00495799999999
45,14.05,P2 fixed,p2,510,120,8479,4680,0.5519518811180564,0.6081871345029239,0.5267304445694991,3799,11865.243168286977,22315.535383968996,22383.223877341752,25064,0.5600475624256838,0.5514018691588785,0.5454545454545454,0.3333333333333333,0.3333333333333333,0.3333333333333333,13.11520560850521,13.115203407959912,13.130531743140493,14.050000000000006,5.443687297790758e-15,5.329070518200751e-15,0,14.05,76.02266700000018
45,14.05,P2 fixed,p2,511,120,8471,4680,0.5524731436666274,0.5980830670926518,0.515702479338843,3791,11981.449166283377,22468.31232408468,22533.925143173226,24980,0.5563656758272574,0.5528049510880415,0.5473496128648004,0.3333333333333333,0.3333333333333333,0.3333333333333333,13.11520858454849,13.115209554813468,13.130533751067404,14.050000000000006,5.443687297790758e-15,5.329070518200751e-15,0,14.05,78.04612499999985
45,14.05,P2 fixed,p2,512,120,8386,4677,0.5577152396851897,0.6106020942408377,0.5483304042179262,3709,11737.198368988003,21982.776364636964,22049.60754074949,24625,0.5398920215956808,0.5632092375074657,0.5589622641509434,0.3333333333333333,0.3333333333333333,0.3333333333333333,13.106797798189117,13.115204163442433,13.130532014639975,14.050000000000006,5.443687297790758e-15,5.329070518200751e-15,0,14.05,75.90049999999974
45,14.05,P2 fixed,p2,513,120,8393,4678,0.5573692362683188,0.6345108695652174,0.5594739988045427,3715,11775.277614979808,22362.044611003465,22428.243535832004,24916,0.5596330275229358,0.5592417061611374,0.5495867768595041,0.3334758443779393,0.33326207781103034,0.33326207781103034,13.107941700484755,13.1152171862119,13.130536005325418,14.050000000000006,5.443687297790758e-15,5.329070518200751e-15,0,14.05,76.175792
45,14.05,P2 fixed,p2,514,120,8461,4679,0.5530079186857345,0.6192052980132451,0.5451368666278392,3782,11804.249945365185,22400.626266846913,22476.669096585378,25248,0.5680612846199175,0.5507843137254902,0.5444711538461539,0.33340457362684334,0.33340457362684334,0.3331908527463133,13.114068780857211,13.115201822896955,13.130531282679536,14.050000000000006,5.443687297790758e-15,5.329070518200751e-15,0,14.05,73.87641600000006
45,14.05,P2 fixed,p2,515,120,8440,4680,0.5545023696682464,0.6054333764553687,0.5394812680115274,3760,11724.803248271895,21940.01612098487,22016.027237569473,24631,0.5511945392491467,0.5580838323353293,0.5472488038277512,0.3333333333333333,0.3333333333333333,0.3333333333333333,13.115205528522663,13.11520676727602,13.130532915200972,14.050000000000006,5.443687297790758e-15,5.329070518200751e-15,0,14.05,72.68012499999986
45,14.05,P2 fixed,p2,516,120,8354,4680,0.5602106775197511,0.6007702182284981,0.5584725536992841,3674,11908.900583533292,22271.082752961967,22338.099544948625,24859,0.5590361445783133,0.559154651392455,0.5646842427958307,0.3333333333333333,0.3333333333333333,0.3333333333333333,13.115208550654591,13.1152033202262,13.130531794845764,14.050000000000006,5.443687297790758e-15,5.329070518200751e-15,0,14.05,74.44225000000006
45,14.05,P2 fixed,p2,517,120,8496,4667,0.5493173258003766,0.5845471817606079,0.5252525252525253,3829,12078.14835372617,22518.003900989577,22587.095953522225,25259,0.5443856554967667,0.5458300550747442,0.5645821157218002,0.3334047568030855,0.3334047568030855,0.33319048639382903,13.080436421614062,13.115211512770472,13.130534397972374,14.050000000000006,5.443687297790758e-15,5.329070518200751e-15,0,14.05,74.18608399999994
45,14.05,P2 fixed,p2,518,120,8390,4669,0.5564958283671037,0.6401384083044983,0.5413533834586466,3721,11539.426494982517,22229.86339339612,22304.44088866014,25002,0.5614849187935035,0.5614909308351604,0.5360824742268041,0.33304776183336904,0.33369029770828873,0.33326194045834223,13.0926817350679,13.115216477642692,13.130535913338782,14.050000000000006,5.443687297790758e-15,5.329070518200751e-15,0,14.05,71.52170899999965
45,14.05,P2 fixed,p2,519,120,8388,4672,0.5569861707200763,0.6373626373626373,0.5336374002280502,3716,11557.784132485405,22159.77704279458,22225.56404749795,24857,0.5354719309068476,0.5631797508404193,0.5590643274853802,0.3332619863013699,0.3334760273972603,0.3332619863013699,13.096107186784659,13.115206557758585,13.130532778125493,14.050000000000006,5.443687297790758e-15,5.329070518200751e-15,0,14.05,74.16675000000032
45,14.05,P2 fixed,p2,520,120,8555,4677,0.546697837521917,0.6086105675146771,0.549618320610687,3878,12190.05942223298,23105.951318486394,23187.166978436722,25980,0.5428233904311872,0.5484624367458155,0.5452436194895591,0.3333333333333333,0.3333333333333333,0.3333333333333333,13.106799622117089,13.115206035123721,13.130532573145686,14.050000000000006,5.443687297790758e-15,5.329070518200751e-15,0,14.05,74.84812500000044
45,14.05,P2 fixed,p2,521,120,8583,4674,0.5445648374694163,0.6070496083550914,0.5194228634850167,3909,12079.38900482472,22753.713596387817,22828.32077712851,25517,0.5436507936507936,0.5469395788230663,0.5385500575373993,0.3333333333333333,0.3333333333333333,0.3333333333333333,13.098391801510349,13.115211333527588,13.130534366069702,14.050000000000006,5.443687297790758e-15,5.329070518200751e-15,0,14.05,75.15458300000046
45,14.05,P2 fixed,p2,522,120,8415,4673,0.5553178847296494,0.6152317880794702,0.5631768953068592,3742,11974.592508811525,22625.065361319546,22697.692093945618,25411,0.5432464454976303,0.5524795857398924,0.5756154747948418,0.3331906698052643,0.3334046650973679,0.3334046650973679,13.09724474017209,13.115193634128138,13.130528814866148,14.050000000000006,5.443687297790758e-15,5.329070518200751e-15,0,14.05,74.70579100000032
45,14.05,P2 fixed,p2,523,120,8540,4680,0.5480093676814989,0.600384862091084,0.5330296127562643,3860,12069.454353203677,22573.247010734973,22638.895400746598,25214,0.5520894643908181,0.5513651541936752,0.5342857142857143,0.3333333333333333,0.3333333333333333,0.3333333333333333,13.115206247726286,13.115210920664564,13.130534175841431,14.050000000000006,5.443687297790758e-15,5.329070518200751e-15,0,14.05,74.12504100000024
45,14.05,P2 fixed,p2,524,120,8484,4676,0.5511551155115512,0.6087524493794906,0.5416666666666666,3808,11914.81292910952,22483.27543142344,22556.464722562898,25248,0.5738396624472574,0.5437366062731346,0.5514184397163121,0.33340461933276305,0.33340461933276305,0.3331907613344739,13.10566122945917,13.11520830396767,13.130533336253608,14.050000000000006,5.443687297790758e-15,5.329070518200751e-15,0,14.05,75.45029199999954
45,14.05,P2 fixed,p2,525,120,8516,4680,0.5495537811178958,0.618229854689564,0.519134775374376,3836,11869.223332695994,22479.716094224583,22549.516165307796,25129,0.5420118343195266,0.5509967098896845,0.5527426160337553,0.3333333333333333,0.3333333333333333,0.3333333333333333,13.115210437976918,13.115214087787512,13.130535053256033,14.050000000000006,5.443687297790758e-15,5.329070518200751e-15,0,14.05,73.81933299999946
45,14.05,P2 fixed,p2,526,120,8461,4675,0.5525351613284482,0.6273584905660378,0.5451368666278392,3786,11777.005351288246,22416.865924941707,22487.695929769805,25101,0.5406839622641509,0.5539638932496075,0.5602156980227682,0.333475935828877,0.3332620320855615,0.3332620320855615,13.099537050500611,13.115213367813004,13.13053488213803,14.050000000000006,5.443687297790758e-15,5.329070518200751e-15,0,14.05,73.05566699999963
45,14.05,P2 fixed,p2,527,120,8470,4679,0.5524203069657615,0.614323258869908,0.5460910151691949,3791,11786.255710900386,22389.216164949506,22464.293198299525,25177,0.5356932153392331,0.5527409459726895,0.5679442508710801,0.33340457362684334,0.33340457362684334,0.3331908527463133,13.114064634294463,13.115208575492206,13.130533543570147,14.050000000000006,5.443687297790758e-15,5.329070518200751e-15,0,14.05,82.20316600000024
45,14.05,P2 fixed,p2,528,120,8546,4680,0.5476246197051252,0.600384862091084,0.5300113250283126,3866,12150.103605198085,22902.964031309763,22977.39133424344,25604,0.5404304828388597,0.5523734797959984,0.5407750144592249,0.3333333333333333,0.3333333333333333,0.3333333333333333,13.115207387990209,13.11520243086914,13.130531487344618,14.050000000000006,5.443687297790758e-15,5.329070518200751e-15,0,14.05,74.55391700000018
45,14.05,P2 fixed,p2,529,120,8502,4680,0.5504587155963303,0.6358695652173914,0.5454545454545454,3822,11719.838015916226,22404.280649244352,22478.416249086513,25232,0.5525087514585765,0.5439549776829031,0.5688073394495413,0.3333333333333333,0.3333333333333333,0.3333333333333333,13.115207096226555,13.115208466571794,13.130533293816228,14.050000000000006,5.443687297790758e-15,5.329070518200751e-15,0,14.05,75.07041700000082
45,14.05,P2 fixed,p2,530,120,8533,4676,0.5479901558654635,0.6032362459546926,0.5333333333333333,3857,12262.869894854093,23239.802363744893,23311.545055756058,25849,0.542305508233958,0.5466118292205249,0.5582232893157263,0.33340461933276305,0.33340461933276305,0.3331907613344739,13.105658789174077,13.115204375190359,13.130532103416835,14.050000000000006,5.443687297790758e-15,5.329070518200751e-15,0,14.05,75.18645800000013
45,14.1,P2 fixed,p2,501,120,8431,4920,0.5835606689597912,0.6360698125404007,0.5747663551401869,3511,11156.310940156394,20979.95027950632,21047.48628395867,23356,0.577490774907749,0.5837742504409171,0.5887191539365453,0.34146341463414637,0.3170731707317073,0.34146341463414637,13.389413320502285,13.389416403422743,13.140577167709646,14.100000000000001,1.8145624325969195e-15,1.7763568394002505e-15,0,14.1,71.99495800000022
45,14.1,P2 fixed,p2,502,120,8488,4920,0.5796418473138548,0.6626262626262627,0.5687861271676301,3568,11037.741139920257,21040.0783903334,21109.70276659268,23615,0.5782997762863534,0.5756487025948104,0.5928994082840237,0.34146341463414637,0.3170731707317073,0.34146341463414637,13.389404371893898,13.389403966840206,13.140573635856923,14.100000000000001,1.8145624325969195e-15,1.7763568394002505e-15,0,14.1,74.7206670000005
45,14.1,P2 fixed,p2,503,120,8433,4919,0.5833036878928021,0.6484168865435356,0.5415520088057237,3514,11029.1378981979,20828.899056703787,20898.19784896967,23307,0.5998774509803921,0.576211106734935,0.5885084155542658,0.34132953852409026,0.3171376295995121,0.34153283187639766,13.388265593373102,13.389402317452692,13.140572829737144,14.100000000000001,1.8145624325969195e-15,1.7763568394002505e-15,0,14.1,71.69370899999922
45,14.1,P2 fixed,p2,504,120,8458,4920,0.5816978008985576,0.6465177398160316,0.5754385964912281,3538,11154.474364257161,21255.000514892356,21328.902068633823,23922,0.5817335660267597,0.5854667191807799,0.5701384708007224,0.34146341463414637,0.3170731707317073,0.34146341463414637,13.38940919526013,13.389419745327602,13.140578173624158,14.100000000000001,1.8145624325969195e-15,1.7763568394002505e-15,0,14.1,169.01708300000064
45,14.1,P2 fixed,p2,505,120,8451,4915,0.581587977754112,0.6267605633802817,0.5701042873696408,3536,11250.959901886295,21204.425351934053,21277.13819518077,23789,0.5934734513274337,0.5783303011926421,0.5784198113207547,0.3414038657171923,0.31719226856561544,0.3414038657171923,13.37871301212593,13.389404128671847,13.140573501613625,14.100000000000001,1.8145624325969195e-15,1.7763568394002505e-15,0,14.1,77.61520800000017
45,14.1,P2 fixed,p2,506,120,8485,4919,0.5797289334119033,0.646285338593031,0.5565610859728507,3566,11169.479082822305,21110.591963695795,21186.053825497595,23579,0.5861678004535147,0.577572347266881,0.5793696275071634,0.34132953852409026,0.3171376295995121,0.34153283187639766,13.388267704261578,13.389416809594309,13.140577502833766,14.100000000000001,1.8145624325969195e-15,1.7763568394002505e-15,0,14.1,82.15162499999951
45,14.1,P2 fixed,p2,507,120,8459,4915,0.5810379477479608,0.6566063044936284,0.563573883161512,3544,11249.866802474558,21272.05950517632,21338.72061479241,23667,0.5725281231497927,0.5823008849557522,0.5857566765578635,0.3414038657171923,0.31719226856561544,0.3414038657171923,13.37871229758673,13.389406399746278,13.140574216422928,14.100000000000001,1.8145624325969195e-15,1.7763568394002505e-15,0,14.1,72.66170799999963
45,14.1,P2 fixed,p2,508,120,8258,4919,0.5956648098813272,0.6441677588466579,0.5952813067150635,3339,10887.099253695866,20570.428061470004,20647.071612812517,23272,0.5934959349593496,0.5977451177773304,0.5916075650118203,0.34132953852409026,0.3171376295995121,0.34153283187639766,13.388265770180437,13.389409009498843,13.140574880282157,14.100000000000001,1.8145624325969195e-15,1.7763568394002505e-15,0,14.1,77.35691700000007
45,14.1,P2 fixed,p2,509,120,8403,4917,0.585148161370939,0.6333118140735958,0.5678015002885171,3486,11211.361623411478,21202.266301822696,21270.978242708832,23769,0.5820451843043996,0.5903662420382165,0.572775486152033,0.3412649989831198,0.3172666259914582,0.341468375025422,13.385982725611596,13.389411099785418,13.14057537957695,14.100000000000001,1.8145624325969195e-15,1.7763568394002505e-15,0,14.1,72.41183300000012
45,14.1,P2 fixed,p2,510,120,8479,4918,0.5800212289185045,0.6380766731643924,0.5537422622397299,3561,11092.833438458627,20913.838586663136,20985.497203579052,23427,0.5820451843043996,0.5788551401869159,0.5815773630343167,0.34139894265961773,0.31720211468076454,0.34139894265961773,13.387121594113987,13.389404595991065,13.140573491456523,14.100000000000001,1.8145624325969195e-15,1.7763568394002505e-15,0,14.1,72.61070800000016
45,14.1,P2 fixed,p2,511,120,8471,4920,0.5808050997520954,0.6287539936102237,0.5421487603305785,3551,11181.567072228629,20982.124801461814,21045.306903675446,23455,0.5844083006169377,0.5809542822918746,0.5765336509827278,0.34146341463414637,0.3170731707317073,0.34146341463414637,13.389403183638395,13.389392039855297,13.14056972252443,14.100000000000001,1.8145624325969195e-15,1.7763568394002505e-15,0,14.1,79.59458300000006
45,14.1,P2 fixed,p2,512,120,8386,4915,0.5860958740758407,0.6407068062827225,0.5764499121265377,3471,10951.177742903192,20551.989577513727,20621.604400828306,23119,0.5680863827234554,0.5902846904240494,0.5913915094339622,0.3414038657171923,0.31719226856561544,0.3414038657171923,13.378715541295339,13.389417036436017,13.140577482338841,14.100000000000001,1.8145624325969195e-15,1.7763568394002505e-15,0,14.1,71.88087499999983
45,14.1,P2 fixed,p2,513,120,8393,4912,0.5852496127725485,0.6630434782608695,0.5881649731022116,3481,11034.071093193777,20941.657703502126,21008.66515185186,23379,0.5859327217125382,0.5888625592417062,0.5737898465171193,0.34140879478827363,0.31718241042345274,0.34140879478827363,13.370308244935957,13.389408433259208,13.140574640685342,14.100000000000001,1.8145624325969195e-15,1.7763568394002505e-15,0,14.1,72.43166700000074
45,14.1,P2 fixed,p2,514,120,8461,4915,0.5809006027656305,0.6483443708609271,0.5730926033779848,3546,11061.137514073673,21063.750602267064,21135.515267021936,23655,0.601060695344726,0.5766666666666667,0.5733173076923077,0.3414038657171923,0.31719226856561544,0.3414038657171923,13.378719079836944,13.38940372181476,13.140573398399958,14.100000000000001,1.8145624325969195e-15,1.7763568394002505e-15,0,14.1,82.96537499999977
45,14.1,P2 fixed,p2,515,120,8440,4919,0.5828199052132701,0.6358344113842174,0.5671469740634005,3521,10934.566014092707,20560.025126247278,20632.100442375962,23243,0.5813424345847554,0.5872255489021956,0.5711722488038278,0.34132953852409026,0.3171376295995121,0.34153283187639766,13.388265739940671,13.389400499376167,13.140572305848442,14.100000000000001,1.8145624325969195e-15,1.7763568394002505e-15,0,14.1,74.50170799999978
45,14.1,P2 fixed,p2,516,120,8354,4920,0.5889394302130716,0.631578947368421,0.5871121718377088,3434,11104.90315888921,20818.45113244438,20888.80602082543,23231,0.594578313253012,0.585818684574363,0.5928877988963825,0.34146341463414637,0.3170731707317073,0.34146341463414637,13.389407576132982,13.389409955629553,13.140575262815682,14.100000000000001,1.8145624325969195e-15,1.7763568394002505e-15,0,14.1,73.06454200000007
45,14.1,P2 fixed,p2,517,120,8496,4897,0.5763888888888888,0.6086130462317922,0.5521885521885522,3599,11371.260751720014,21158.965247036584,21230.34541584361,23687,0.5790711346266901,0.573170731707317,0.5832846288720047,0.3414335307331019,0.3173371451909332,0.3412293240759649,13.333253482266523,13.38941504974943,13.140576913872904,14.100000000000001,1.8145624325969195e-15,1.7763568394002505e-15,0,14.1,84.68962499999998
45,14.1,P2 fixed,p2,518,120,8390,4894,0.5833134684147795,0.6629757785467129,0.5691150954308849,3496,10890.592150817281,20958.330064680726,21032.273155630483,23609,0.5887470997679815,0.5887980865058801,0.5609460278956944,0.34102983244789536,0.3179403351042092,0.34102983244789536,13.33977975705049,13.389398479412064,13.140571588702409,14.100000000000001,1.8145624325969195e-15,1.7763568394002505e-15,0,14.1,71.23429100000067
45,14.1,P2 fixed,p2,519,120,8388,4910,0.5853600381497377,0.6689560439560439,0.5610034207525656,3478,10783.118679569176,20730.22421160935,20801.01820541878,23143,0.5737199259716225,0.5902709116076725,0.5818713450292398,0.34134419551934825,0.31731160896130345,0.34134419551934825,13.36802864860075,13.389414431144429,13.140576721882384,14.100000000000001,1.8145624325969195e-15,1.7763568394002505e-15,0,14.1,72.01129199999923
45,14.1,P2 fixed,p2,520,120,8555,4915,0.5745178258328463,0.6386170906718852,0.5778038755137992,3640,11447.582067165113,21791.2258944896,21868.413885681555,24542,0.5717660956881275,0.5776566757493188,0.5678654292343387,0.3414038657171923,0.31719226856561544,0.3414038657171923,13.37871685721598,13.389410000225405,13.140575166910779,14.100000000000001,1.8145624325969195e-15,1.7763568394002505e-15,0,14.1,86.5303329999997
45,14.1,P2 fixed,p2,521,120,8583,4910,0.5720610509145986,0.6357702349869452,0.5460599334073252,3673,11332.583831567019,21362.105548698273,21430.60671878427,23803,0.5719954648526077,0.5750836449517811,0.5632911392405063,0.34134419551934825,0.31731160896130345,0.34134419551934825,13.36802149503464,13.389415936103523,13.140577177866751,14.100000000000001,1.8145624325969195e-15,1.7763568394002505e-15,0,14.1,75.56374999999935
45,14.1,P2 fixed,p2,522,120,8415,4911,0.5836007130124777,0.6456953642384106,0.592057761732852,3504,11207.552399334392,21210.641766101417,21284.398523514927,23729,0.5728672985781991,0.5811591316470822,0.6014067995310668,0.3412746894726125,0.31724699653838323,0.3414783139890043,13.369162082491922,13.38940799844503,13.140574707716631,14.100000000000001,1.8145624325969195e-15,1.7763568394002505e-15,0,14.1,73.90008299999954
45,14.1,P2 fixed,p2,523,120,8540,4916,0.5756440281030445,0.6286080821039127,0.5603644646924829,3624,11310.90219033353,21151.112436366828,21222.638394988087,23600,0.5821071218363744,0.5786682380671774,0.5605714285714286,0.34133441822620014,0.31733116354759966,0.34133441822620014,13.384836946147173,13.389407727692975,13.140574592206006,14.100000000000001,1.8145624325969195e-15,1.7763568394002505e-15,0,14.1,87.88379200000054
45,14.1,P2 fixed,p2,524,120,8484,4912,0.578972182932579,0.6374918354016982,0.5694444444444444,3572,11171.178373732779,21156.321064709056,21230.634036921118,23808,0.596745027124774,0.5729592830703293,0.5797872340425532,0.34140879478827363,0.31718241042345274,0.34140879478827363,13.370310027423931,13.389404690503206,13.14057361857177,14.100000000000001,1.8145624325969195e-15,1.7763568394002505e-15,0,14.1,72.78729199999998
45,14.1,P2 fixed,p2,525,120,8516,4920,0.5777360263034288,0.6499339498018494,0.5457570715474209,3596,11077.980900432818,21012.914434616425,21081.480177344518,23394,0.5698224852071005,0.5790594155215792,0.5816757082579868,0.34146341463414637,0.3170731707317073,0.34146341463414637,13.389403896169133,13.38939508073355,13.14057050775552,14.100000000000001,1.8145624325969195e-15,1.7763568394002505e-15,0,14.1,74.68354199999976
45,14.1,P2 fixed,p2,526,120,8461,4913,0.5806642240869874,0.6583557951482479,0.5730926033779848,3548,11010.76191173974,21016.290629622006,21088.99036589767,23536,0.5707547169811321,0.5806514913657771,0.5907729179149191,0.34154284551190717,0.3171178506004478,0.341339303887645,13.371448911346503,13.389407548450087,13.140574560303335,14.100000000000001,1.8145624325969195e-15,1.7763568394002505e-15,0,14.1,72.27337500000067
45,14.1,P2 fixed,p2,527,120,8470,4917,0.5805194805194805,0.6445466491458607,0.574095682613769,3553,11024.519475969226,21023.159276174545,21099.686883041784,23730,0.5646017699115045,0.5796556501088462,0.5987224157955865,0.341468375025422,0.3172666259914582,0.3412649989831198,13.385985661723465,13.389409818066513,13.140575415217171,14.100000000000001,1.8145624325969195e-15,1.7763568394002505e-15,0,14.1,72.48833300000024
45,14.1,P2 fixed,p2,528,120,8546,4918,0.5754739059208986,0.6298909557408595,0.5571913929784824,3628,11386.957353887445,21504.817536012357,21578.087880542207,23968,0.568935427574171,0.580423695566889,0.56737998843262,0.34139894265961773,0.31720211468076454,0.34139894265961773,13.387121178629334,13.389413330039446,13.140576325604377,14.100000000000001,1.8145624325969195e-15,1.7763568394002505e-15,0,14.1,74.83874999999989
45,14.1,P2 fixed,p2,529,120,8502,4919,0.5785697482945189,0.6677989130434783,0.5734265734265734,3583,10953.835678981895,21031.60163410537,21110.755943307442,23748,0.5793465577596266,0.571317679021929,0.600611620795107,0.34132953852409026,0.3171376295995121,0.34153283187639766,13.388270682655065,13.38941295113946,13.140576052145752,14.100000000000001,1.8145624325969195e-15,1.7763568394002505e-15,0,14.1,72.76087499999994
45,14.1,P2 fixed,p2,530,120,8533,4914,0.5758818703855619,0.6330097087378641,0.5606837606837607,3619,11506.496565836744,21803.848291331724,21873.7581077636,24184,0.5701306076093129,0.5742264003133568,0.5870348139255702,0.34147334147334146,0.31725681725681726,0.3412698412698413,13.377572719108876,13.389404565030995,13.140573618194175,14.100000000000001,1.8145624325969195e-15,1.7763568394002505e-15,0,14.1,73.18449999999939
45,14.15,P2 fixed,p2,501,120,8431,5039,0.597675246115526,0.6509372979961215,0.5887850467289719,3392,10764.268863514199,20239.96151602778,20306.843512938103,22468,0.5897908979089791,0.5984714873603763,0.6028202115158637,0.33339948402460806,0.33339948402460806,0.3332010319507839,14.122929260968903,14.124075446948254,14.140575799756535,14.149999999999999,1.8145624325969195e-15,-1.7763568394002505e-15,0,14.15,73.5727079999997
45,14.15,P2 fixed,p2,502,120,8488,5040,0.5937794533459001,0.6787878787878788,0.5826589595375723,3448,10645.978535068787,20315.116184865943,20387.01640970557,22799,0.5917225950782998,0.5900199600798404,0.6071005917159763,0.3333333333333333,0.3333333333333333,0.3333333333333333,14.124067387747493,14.12407269200281,14.140575344480661,14.149999999999999,1.8145624325969195e-15,-1.7763568394002505e-15,0,14.15,72.02608300000065
45,14.15,P2 fixed,p2,503,120,8433,5038,0.5974149175856753,0.6635883905013192,0.5547605943863512,3395,10639.195603219705,20107.453006542364,20172.623531492693,22498,0.6127450980392157,0.5903899172902718,0.6035983749274522,0.333267169511711,0.333465660976578,0.333267169511711,14.121785989697086,14.124070488247881,14.140574368312812,14.149999999999999,1.8145624325969195e-15,-1.7763568394002505e-15,0,14.15,71.29395899999872
45,14.15,P2 fixed,p2,504,120,8458,5040,0.5958855521399858,0.6622864651773982,0.5894736842105263,3418,10767.234537747188,20548.623257301104,20619.769940247163,23080,0.5991855730075626,0.5980701063410792,0.5857916917519567,0.3333333333333333,0.3333333333333333,0.3333333333333333,14.124064964236664,14.124063545776925,14.140572088194077,14.149999999999999,1.8145624325969195e-15,-1.7763568394002505e-15,0,14.15,73.58174999999937
45,14.15,P2 fixed,p2,505,120,8451,5034,0.5956691515796947,0.6414852752880922,0.5840092699884125,3417,10866.56523998539,20521.945990145112,20597.107386391155,23052,0.6061946902654868,0.5914695775217303,0.5966981132075472,0.3333333333333333,0.3333333333333333,0.3333333333333333,14.107247947393912,14.12406885018673,14.1405739681327,14.149999999999999,1.8145624325969195e-15,-1.7763568394002505e-15,0,14.15,72.58649999999943
45,14.15,P2 fixed,p2,506,120,8485,5038,0.593753682969947,0.6614069690992768,0.5701357466063348,3447,10781.192716068694,20374.63478901576,20443.159257905314,22656,0.6065759637188208,0.5888263665594855,0.5948424068767908,0.333267169511711,0.333267169511711,0.333465660976578,14.116804118468846,14.12407408658349,14.140575690815647,14.149999999999999,1.8145624325969195e-15,-1.7763568394002505e-15,0,14.15,85.66766700000153
45,14.15,P2 fixed,p2,507,120,8459,5034,0.5951058044686133,0.6720321931589537,0.5773195876288659,3425,10863.630754332073,20538.85627196938,20609.18787308413,22907,0.5885139135583185,0.5958702064896755,0.599406528189911,0.3333333333333333,0.3333333333333333,0.3333333333333333,14.107254328668452,14.124063349209761,14.140572213861807,14.149999999999999,1.8145624325969195e-15,-1.7763568394002505e-15,0,14.15,73.96179200000006
45,14.15,P2 fixed,p2,508,120,8258,5038,0.6100750787115524,0.6592398427260813,0.6098003629764065,3220,10499.496472401604,19892.566845307425,19966.871228972548,22388,0.6078799249530957,0.6126434467485403,0.6046099290780141,0.333267169511711,0.333267169511711,0.333465660976578,14.116806681238955,14.124068754902105,14.140573749211526,14.149999999999999,1.8145624325969195e-15,-1.7763568394002505e-15,0,14.15,83.09320799999841
45,14.15,P2 fixed,p2,509,120,8403,5034,0.5990717600856836,0.6468689477081988,0.5816503173687247,3369,10846.082243290239,20515.177083380695,20589.024843292853,23046,0.5951248513674198,0.6033041401273885,0.5904537418974661,0.333134684147795,0.3333333333333333,0.3335319825188717,14.107255328711311,14.124079447593006,14.140576998353906,14.149999999999999,1.8145624325969195e-15,-1.7763568394002505e-15,0,14.15,72.11137500000041
45,14.15,P2 fixed,p2,510,120,8479,5037,0.5940559028187287,0.6530214424951267,0.5672481710748453,3442,10704.076551346194,20209.656319724938,20279.722503120614,22606,0.5980975029726516,0.5940420560747663,0.5900060204695966,0.3333333333333333,0.3333333333333333,0.3333333333333333,14.11566040124853,14.124068395643851,14.140573593600264,14.149999999999999,1.8145624325969195e-15,-1.7763568394002505e-15,0,14.15,73.18704200000138
45,14.15,P2 fixed,p2,511,120,8471,5040,0.5949710777948294,0.6440894568690095,0.5553719008264463,3431,10783.324854432925,20249.13988854378,20316.884006049455,22599,0.5973079080201907,0.5955280495108805,0.5908278737343657,0.3333333333333333,0.3333333333333333,0.3333333333333333,14.124069315138343,14.124061889619007,14.14057175377845,14.149999999999999,1.8145624325969195e-15,-1.7763568394002505e-15,0,14.15,83.57716699999946
45,14.15,P2 fixed,p2,512,120,8386,5034,0.6002861912711662,0.6557591623036649,0.5905096660808435,3352,10558.880560591097,19839.07661891317,19906.86637137584,22338,0.5860827834433113,0.6052160063706948,0.5996462264150944,0.3333333333333333,0.3333333333333333,0.3333333333333333,14.107254765628195,14.124077461678908,14.140576521693886,14.149999999999999,1.8145624325969195e-15,-1.7763568394002505e-15,0,14.15,71.625
45,14.15,P2 fixed,p2,513,120,8393,5028,0.5990706541165257,0.6766304347826086,0.602510460251046,3365,10672.163953984495,20238.4817488298,20309.62622463323,22645,0.5969418960244648,0.6042654028436019,0.5855962219598583,0.3333333333333333,0.3333333333333333,0.3333333333333333,14.090442209598839,14.124073920116942,14.140575274223428,14.149999999999999,1.8145624325969195e-15,-1.7763568394002505e-15,0,14.15,70.87541600000077
45,14.15,P2 fixed,p2,514,120,8461,5033,0.5948469448055785,0.6629139072847682,0.5870704717530577,3428,10687.533427362496,20390.086428821476,20468.8754807057,22903,0.6146140247495581,0.5898039215686275,0.5901442307692307,0.33339956288495926,0.33339956288495926,0.3332008742300815,14.106114503194695,14.124054007961677,14.140569266854792,14.149999999999999,1.8145624325969195e-15,-1.7763568394002505e-15,0,14.15,77.85924999999952
45,14.15,P2 fixed,p2,515,120,8440,5038,0.5969194312796209,0.6507115135834411,0.5809798270893372,3402,10545.13042697173,19872.153288568377,19948.10753989097,22482,0.5944254835039818,0.6023952095808384,0.5831339712918661,0.333267169511711,0.333465660976578,0.333267169511711,14.1217858576733,14.124070817231582,14.140574418751276,14.149999999999999,1.8145624325969195e-15,-1.7763568394002505e-15,0,14.15,72.09566599999926
45,14.15,P2 fixed,p2,516,120,8354,5040,0.6033038065597318,0.6469833119383825,0.6014319809069213,3314,10700.542707345887,20074.003695784442,20141.827598515545,22291,0.6108433734939759,0.5998419909144775,0.6063764561618639,0.3333333333333333,0.3333333333333333,0.3333333333333333,14.12407150736344,14.124073865660755,14.140575474608807,14.149999999999999,1.8145624325969195e-15,-1.7763568394002505e-15,0,14.15,71.3114999999998
45,14.15,P2 fixed,p2,517,120,8496,5012,0.589924670433145,0.6206459784673845,0.5656565656565656,3484,11017.870301149058,20493.886849425522,20566.778104125155,23058,0.5908289241622575,0.5875295043273013,0.5961426066627703,0.3333998403830806,0.3332003192338388,0.3333998403830806,14.04228260312804,14.124078592285954,14.140576931338773,14.149999999999999,1.8145624325969195e-15,-1.7763568394002505e-15,0,14.15,73.74495800000113
45,14.15,P2 fixed,p2,518,120,8390,5006,0.5966626936829559,0.6740484429065744,0.582995951417004,3384,10568.480841662502,20317.64970223017,20394.77390041652,22793,0.6026682134570766,0.6023520031891568,0.5730745906610066,0.3333999200958849,0.33359968038353977,0.3330003995205753,14.03542858296671,14.124063182057697,14.140572029180044,14.149999999999999,1.8145624325969195e-15,-1.7763568394002505e-15,0,14.15,70.69741700000122
45,14.15,P2 fixed,p2,519,120,8388,5029,0.5995469718645684,0.6847527472527473,0.5746864310148233,3359,10394.751101533271,20012.169189596563,20077.158130657506,22344,0.5928439235040098,0.6035198734427526,0.5941520467836258,0.3332670511035991,0.3334658977928017,0.3332670511035991,14.096561491745577,14.124060762787416,14.140571479446782,14.149999999999999,1.8145624325969195e-15,-1.7763568394002505e-15,0,14.15,70.61883300000045
45,14.15,P2 fixed,p2,520,120,8555,5034,0.588427819988311,0.6536203522504892,0.5918966529653552,3521,11075.322768581336,21122.89273109067,21196.90264448422,23680,0.5859421145894861,0.5928376800311406,0.5777262180974478,0.3333333333333333,0.3333333333333333,0.3333333333333333,14.107254833072222,14.124066063334801,14.140572900355808,14.149999999999999,1.8145624325969195e-15,-1.7763568394002505e-15,0,14.15,76.04866599999878
45,14.15,P2 fixed,p2,521,120,8583,5028,0.5858091576371898,0.6501305483028721,0.5593784683684795,3555,10955.79487350224,20658.1249775069,20729.060862127782,23013,0.5856009070294784,0.5902381420980122,0.57307249712313,0.3333333333333333,0.3333333333333333,0.3333333333333333,14.090441484512187,14.124080265855113,14.140577431900374,14.149999999999999,1.8145624325969195e-15,-1.7763568394002505e-15,0,14.15,84.67791699999907
45,14.15,P2 fixed,p2,522,120,8415,5030,0.5977421271538919,0.6609271523178808,0.6064981949458483,3385,10823.493892975164,20507.86780037936,20581.87624006906,23010,0.5906398104265402,0.5945030870344553,0.6143024618991794,0.3332007952286282,0.3333996023856859,0.3333996023856859,14.097699629415406,14.124059961164072,14.140571120240367,14.149999999999999,1.8145624325969195e-15,-1.7763568394002505e-15,0,14.15,72.34587500000089
45,14.15,P2 fixed,p2,523,120,8540,5034,0.5894613583138173,0.6427196921103271,0.5740318906605922,3506,10929.721697225194,20440.033990124415,20509.413931130537,22827,0.6003531489111242,0.5904537418974661,0.576,0.3333333333333333,0.3333333333333333,0.3333333333333333,14.107254515321925,14.124075788882228,14.140576112938206,14.149999999999999,1.8145624325969195e-15,-1.7763568394002505e-15,0,14.15,73.64079100000163
45,14.15,P2 fixed,p2,524,120,8484,5030,0.5928807166430928,0.6518615284128021,0.5833333333333334,3454,10797.610825374804,20485.98864883439,20562.226585059612,23055,0.6094032549728752,0.5864017143970388,0.5963356973995272,0.3333996023856859,0.3333996023856859,0.3332007952286282,14.097709072633586,14.124072524078263,14.140575067992975,14.149999999999999,1.8145624325969195e-15,-1.7763568394002505e-15,0,14.15,81.08870899999965
45,14.15,P2 fixed,p2,525,120,8516,5040,0.5918271488961954,0.665785997357992,0.5590682196339434,3476,10679.416313327529,20274.913045788962,20343.63122029392,22491,0.585207100591716,0.5931875362879814,0.594333936106088,0.3333333333333333,0.3333333333333333,0.3333333333333333,14.124072029793235,14.124074509992367,14.140575544652991,14.149999999999999,1.8145624325969195e-15,-1.7763568394002505e-15,0,14.15,75.26512500000172
45,14.15,P2 fixed,p2,526,120,8461,5032,0.5947287554662569,0.6738544474393531,0.5870704717530577,3429,10626.986214585777,20314.098514047382,20386.81687784396,22846,0.5860849056603774,0.5947802197802198,0.603355302576393,0.3334658187599364,0.3332670906200318,0.3332670906200318,14.099991541806022,14.124067690077615,14.140573545120924,14.149999999999999,1.8145624325969195e-15,-1.7763568394002505e-15,0,14.15,72.56825000000026
45,14.15,P2 fixed,p2,527,120,8470,5036,0.5945690672963401,0.6596583442838371,0.588098016336056,3434,10645.146122704902,20341.778052076737,20415.084910415182,23050,0.575811209439528,0.5943004155946963,0.6138211382113821,0.3333995234312947,0.3333995234312947,0.33320095313741066,14.114518336070553,14.124064780070926,14.140572752384196,14.149999999999999,1.8145624325969195e-15,-1.7763568394002505e-15,0,14.15,81.72991700000057
45,14.15,P2 fixed,p2,528,120,8546,5037,0.5893985490287854,0.6446440025657473,0.5707814269535674,3509,11005.562270796776,20806.137605602078,20878.09942146196,23242,0.58347876672484,0.594743036484896,0.5795257374204743,0.3333333333333333,0.3333333333333333,0.3333333333333333,14.115662768343684,14.124066875590962,14.140573246887678,14.149999999999999,1.8145624325969195e-15,-1.7763568394002505e-15,0,14.15,73.44187500000044
45,14.15,P2 fixed,p2,529,120,8502,5038,0.5925664549517761,0.6834239130434783,0.5874125874125874,3464,10576.403480960522,20359.090014343426,20432.0298698252,22964,0.5939323220536756,0.5856782456821269,0.6128440366972477,0.333267169511711,0.333465660976578,0.333267169511711,14.12178395414252,14.124067324040931,14.140573210689135,14.149999999999999,1.8145624325969195e-15,-1.7763568394002505e-15,0,14.15,72.46533400000044
45,14.15,P2 fixed,p2,530,120,8533,5032,0.5897105355677956,0.6472491909385113,0.5743589743589743,3501,11134.632339034824,21089.133232910754,21159.054908154936,23400,0.5820556501987507,0.5879357618488054,0.6032412965186075,0.3334658187599364,0.3334658187599364,0.33306836248012717,14.104973733767359,14.124067914688844,14.140573572924618,14.149999999999999,1.8145624325969195e-15,-1.7763568394002505e-15,0,14.15,74.79908299999988
45,14.2,P2 fixed,p2,501,120,8431,5039,0.597675246115526,0.6509372979961215,0.5887850467289719,3392,10764.268863514199,20239.96151602778,20306.843512938103,22468,0.5897908979089791,0.5984714873603763,0.6028202115158637,0.33339948402460806,0.33339948402460806,0.3332010319507839,14.122929260968903,14.124075446948254,14.140575799756535,14.199999999999994,5.443687297790758e-15,-5.329070518200751e-15,0,14.2,73.4507080000003
45,14.2,P2 fixed,p2,502,120,8488,5040,0.5937794533459001,0.6787878787878788,0.5826589595375723,3448,10645.978535068787,20315.116184865943,20387.01640970557,22799,0.5917225950782998,0.5900199600798404,0.6071005917159763,0.3333333333333333,0.3333333333333333,0.3333333333333333,14.124067387747493,14.12407269200281,14.140575344480661,14.199999999999994,5.443687297790758e-15,-5.329070518200751e-15,0,14.2,71.86574999999903
45,14.2,P2 fixed,p2,503,120,8433,5038,0.5974149175856753,0.6635883905013192,0.5547605943863512,3395,10639.195603219705,20107.453006542364,20172.623531492693,22498,0.6127450980392157,0.5903899172902718,0.6035983749274522,0.333267169511711,0.333465660976578,0.333267169511711,14.121785989697086,14.124070488247881,14.140574368312812,14.199999999999994,5.443687297790758e-15,-5.329070518200751e-15,0,14.2,72.40012500000012
45,14.2,P2 fixed,p2,504,120,8458,5040,0.5958855521399858,0.6622864651773982,0.5894736842105263,3418,10767.234537747188,20548.623257301104,20619.769940247163,23080,0.5991855730075626,0.5980701063410792,0.5857916917519567,0.3333333333333333,0.3333333333333333,0.3333333333333333,14.124064964236664,14.124063545776925,14.140572088194077,14.199999999999994,5.443687297790758e-15,-5.329070518200751e-15,0,14.2,88.52016600000024
45,14.2,P2 fixed,p2,505,120,8451,5034,0.5956691515796947,0.6414852752880922,0.5840092699884125,3417,10866.56523998539,20521.945990145112,20597.107386391155,23052,0.6061946902654868,0.5914695775217303,0.5966981132075472,0.3333333333333333,0.3333333333333333,0.3333333333333333,14.107247947393912,14.12406885018673,14.1405739681327,14.199999999999994,5.443687297790758e-15,-5.329070518200751e-15,0,14.2,72.56924999999865
45,14.2,P2 fixed,p2,506,120,8485,5038,0.593753682969947,0.6614069690992768,0.5701357466063348,3447,10781.192716068694,20374.63478901576,20443.159257905314,22656,0.6065759637188208,0.5888263665594855,0.5948424068767908,0.333267169511711,0.333267169511711,0.333465660976578,14.116804118468846,14.12407408658349,14.140575690815647,14.199999999999994,5.443687297790758e-15,-5.329070518200751e-15,0,14.2,73.95487500000127
45,14.2,P2 fixed,p2,507,120,8459,5034,0.5951058044686133,0.6720321931589537,0.5773195876288659,3425,10863.630754332073,20538.85627196938,20609.18787308413,22907,0.5885139135583185,0.5958702064896755,0.599406528189911,0.3333333333333333,0.3333333333333333,0.3333333333333333,14.107254328668452,14.124063349209761,14.140572213861807,14.199999999999994,5.443687297790758e-15,-5.329070518200751e-15,0,14.2,87.77470800000083
45,14.2,P2 fixed,p2,508,120,8258,5038,0.6100750787115524,0.6592398427260813,0.6098003629764065,3220,10499.496472401604,19892.566845307425,19966.871228972548,22388,0.6078799249530957,0.6126434467485403,0.6046099290780141,0.333267169511711,0.333267169511711,0.333465660976578,14.116806681238955,14.124068754902105,14.140573749211526,14.199999999999994,5.443687297790758e-15,-5.329070518200751e-15,0,14.2,71.02787499999977
45,14.2,P2 fixed,p2,509,120,8403,5034,0.5990717600856836,0.6468689477081988,0.5816503173687247,3369,10846.082243290239,20515.177083380695,20589.024843292853,23046,0.5951248513674198,0.6033041401273885,0.5904537418974661,0.333134684147795,0.3333333333333333,0.3335319825188717,14.107255328711311,14.124079447593006,14.140576998353906,14.199999999999994,5.443687297790758e-15,-5.329070518200751e-15,0,14.2,74.21191700000054
45,14.2,P2 fixed,p2,510,120,8479,5037,0.5940559028187287,0.6530214424951267,0.5672481710748453,3442,10704.076551346194,20209.656319724938,20279.722503120614,22606,0.5980975029726516,0.5940420560747663,0.5900060204695966,0.3333333333333333,0.3333333333333333,0.3333333333333333,14.11566040124853,14.124068395643851,14.140573593600264,14.199999999999994,5.443687297790758e-15,-5.329070518200751e-15,0,14.2,72.70120900000074
45,14.2,P2 fixed,p2,511,120,8471,5040,0.5949710777948294,0.6440894568690095,0.5553719008264463,3431,10783.324854432925,20249.13988854378,20316.884006049455,22599,0.5973079080201907,0.5955280495108805,0.5908278737343657,0.3333333333333333,0.3333333333333333,0.3333333333333333,14.124069315138343,14.124061889619007,14.14057175377845,14.199999999999994,5.443687297790758e-15,-5.329070518200751e-15,0,14.2,71.98891600000024
45,14.2,P2 fixed,p2,512,120,8386,5034,0.6002861912711662,0.6557591623036649,0.5905096660808435,3352,10558.880560591097,19839.07661891317,19906.86637137584,22338,0.5860827834433113,0.6052160063706948,0.5996462264150944,0.3333333333333333,0.3333333333333333,0.3333333333333333,14.107254765628195,14.124077461678908,14.140576521693886,14.199999999999994,5.443687297790758e-15,-5.329070518200751e-15,0,14.2,74.40762499999983
45,14.2,P2 fixed,p2,513,120,8393,5028,0.5990706541165257,0.6766304347826086,0.602510460251046,3365,10672.163953984495,20238.4817488298,20309.62622463323,22645,0.5969418960244648,0.6042654028436019,0.5855962219598583,0.3333333333333333,0.3333333333333333,0.3333333333333333,14.090442209598839,14.124073920116942,14.140575274223428,14.199999999999994,5.443687297790758e-15,-5.329070518200751e-15,0,14.2,74.72283299999981
45,14.2,P2 fixed,p2,514,120,8461,5033,0.5948469448055785,0.6629139072847682,0.5870704717530577,3428,10687.533427362496,20390.086428821476,20468.8754807057,22903,0.6146140247495581,0.5898039215686275,0.5901442307692307,0.33339956288495926,0.33339956288495926,0.3332008742300815,14.106114503194695,14.124054007961677,14.140569266854792,14.199999999999994,5.443687297790758e-15,-5.329070518200751e-15,0,14.2,74.12820900000042
45,14.2,P2 fixed,p2,515,120,8440,5038,0.5969194312796209,0.6507115135834411,0.5809798270893372,3402,10545.13042697173,19872.153288568377,19948.10753989097,22482,0.5944254835039818,0.6023952095808384,0.5831339712918661,0.333267169511711,0.333465660976578,0.333267169511711,14.1217858576733,14.124070817231582,14.140574418751276,14.199999999999994,5.443687297790758e-15,-5.329070518200751e-15,0,14.2,71.18104200000016
45,14.2,P2 fixed,p2,516,120,8354,5040,0.6033038065597318,0.6469833119383825,0.6014319809069213,3314,10700.542707345887,20074.003695784442,20141.827598515545,22291,0.6108433734939759,0.5998419909144775,0.6063764561618639,0.3333333333333333,0.3333333333333333,0.3333333333333333,14.12407150736344,14.124073865660755,14.140575474608807,14.199999999999994,5.443687297790758e-15,-5.329070518200751e-15,0,14.2,72.52808300000106
45,14.2,P2 fixed,p2,517,120,8496,5012,0.589924670433145,0.6206459784673845,0.5656565656565656,3484,11017.870301149058,20493.886849425522,20566.778104125155,23058,0.5908289241622575,0.5875295043273013,0.5961426066627703,0.3333998403830806,0.3332003192338388,0.3333998403830806,14.04228260312804,14.124078592285954,14.140576931338773,14.199999999999994,5.443687297790758e-15,-5.329070518200751e-15,0,14.2,74.4469169999993
45,14.2,P2 fixed,p2,518,120,8390,5006,0.5966626936829559,0.6740484429065744,0.582995951417004,3384,10568.480841662502,20317.64970223017,20394.77390041652,22793,0.6026682134570766,0.6023520031891568,0.5730745906610066,0.3333999200958849,0.33359968038353977,0.3330003995205753,14.03542858296671,14.124063182057697,14.140572029180044,14.199999999999994,5.443687297790758e-15,-5.329070518200751e-15,0,14.2,70.41833299999962
45,14.2,P2 fixed,p2,519,120,8388,5029,0.5995469718645684,0.6847527472527473,0.5746864310148233,3359,10394.751101533271,20012.169189596563,20077.158130657506,22344,0.5928439235040098,0.6035198734427526,0.5941520467836258,0.3332670511035991,0.3334658977928017,0.3332670511035991,14.096561491745577,14.124060762787416,14.140571479446782,14.199999999999994,5.443687297790758e-15,-5.329070518200751e-15,0,14.2,70.64970800000083
45,14.2,P2 fixed,p2,520,120,8555,5034,0.588427819988311,0.6536203522504892,0.5918966529653552,3521,11075.322768581336,21122.89273109067,21196.90264448422,23680,0.5859421145894861,0.5928376800311406,0.5777262180974478,0.3333333333333333,0.3333333333333333,0.3333333333333333,14.107254833072222,14.124066063334801,14.140572900355808,14.199999999999994,5.443687297790758e-15,-5.329070518200751e-15,0,14.2,75.41541700000016
45,14.2,P2 fixed,p2,521,120,8583,5028,0.5858091576371898,0.6501305483028721,0.5593784683684795,3555,10955.79487350224,20658.1249775069,20729.060862127782,23013,0.5856009070294784,0.5902381420980122,0.57307249712313,0.3333333333333333,0.3333333333333333,0.3333333333333333,14.090441484512187,14.124080265855113,14.140577431900374,14.199999999999994,5.443687297790758e-15,-5.329070518200751e-15,0,14.2,75.30983300000116
45,14.2,P2 fixed,p2,522,120,8415,5030,0.5977421271538919,0.6609271523178808,0.6064981949458483,3385,10823.493892975164,20507.86780037936,20581.87624006906,23010,0.5906398104265402,0.5945030870344553,0.6143024618991794,0.3332007952286282,0.3333996023856859,0.3333996023856859,14.097699629415406,14.124059961164072,14.140571120240367,14.199999999999994,5.443687297790758e-15,-5.329070518200751e-15,0,14.2,72.50779200000034
45,14.2,P2 fixed,p2,523,120,8540,5034,0.5894613583138173,0.6427196921103271,0.5740318906605922,3506,10929.721697225194,20440.033990124415,20509.413931130537,22827,0.6003531489111242,0.5904537418974661,0.576,0.3333333333333333,0.3333333333333333,0.3333333333333333,14.107254515321925,14.124075788882228,14.140576112938206,14.199999999999994,5.443687297790758e-15,-5.329070518200751e-15,0,14.2,72.42374999999993
45,14.2,P2 fixed,p2,524,120,8484,5030,0.5928807166430928,0.6518615284128021,0.5833333333333334,3454,10797.610825374804,20485.98864883439,20562.226585059612,23055,0.6094032549728752,0.5864017143970388,0.5963356973995272,0.3333996023856859,0.3333996023856859,0.3332007952286282,14.097709072633586,14.124072524078263,14.140575067992975,14.199999999999994,5.443687297790758e-15,-5.329070518200751e-15,0,14.2,73.31904199999917
45,14.2,P2 fixed,p2,525,120,8516,5040,0.5918271488961954,0.665785997357992,0.5590682196339434,3476,10679.416313327529,20274.913045788962,20343.63122029392,22491,0.585207100591716,0.5931875362879814,0.594333936106088,0.3333333333333333,0.3333333333333333,0.3333333333333333,14.124072029793235,14.124074509992367,14.140575544652991,14.199999999999994,5.443687297790758e-15,-5.329070518200751e-15,0,14.2,76.11595900000066
45,14.2,P2 fixed,p2,526,120,8461,5032,0.5947287554662569,0.6738544474393531,0.5870704717530577,3429,10626.986214585777,20314.098514047382,20386.81687784396,22846,0.5860849056603774,0.5947802197802198,0.603355302576393,0.3334658187599364,0.3332670906200318,0.3332670906200318,14.099991541806022,14.124067690077615,14.140573545120924,14.199999999999994,5.443687297790758e-15,-5.329070518200751e-15,0,14.2,71.37241600000016
45,14.2,P2 fixed,p2,527,120,8470,5036,0.5945690672963401,0.6596583442838371,0.588098016336056,3434,10645.146122704902,20341.778052076737,20415.084910415182,23050,0.575811209439528,0.5943004155946963,0.6138211382113821,0.3333995234312947,0.3333995234312947,0.33320095313741066,14.114518336070553,14.124064780070926,14.140572752384196,14.199999999999994,5.443687297790758e-15,-5.329070518200751e-15,0,14.2,71.89141600000039
45,14.2,P2 fixed,p2,528,120,8546,5037,0.5893985490287854,0.6446440025657473,0.5707814269535674,3509,11005.562270796776,20806.137605602078,20878.09942146196,23242,0.58347876672484,0.594743036484896,0.5795257374204743,0.3333333333333333,0.3333333333333333,0.3333333333333333,14.115662768343684,14.124066875590962,14.140573246887678,14.199999999999994,5.443687297790758e-15,-5.329070518200751e-15,0,14.2,89.05895899999996
45,14.2,P2 fixed,p2,529,120,8502,5038,0.5925664549517761,0.6834239130434783,0.5874125874125874,3464,10576.403480960522,20359.090014343426,20432.0298698252,22964,0.5939323220536756,0.5856782456821269,0.6128440366972477,0.333267169511711,0.333465660976578,0.333267169511711,14.12178395414252,14.124067324040931,14.140573210689135,14.199999999999994,5.443687297790758e-15,-5.329070518200751e-15,0,14.2,75.00654199999917
45,14.2,P2 fixed,p2,530,120,8533,5032,0.5897105355677956,0.6472491909385113,0.5743589743589743,3501,11134.632339034824,21089.133232910754,21159.054908154936,23400,0.5820556501987507,0.5879357618488054,0.6032412965186075,0.3334658187599364,0.3334658187599364,0.33306836248012717,14.104973733767359,14.124067914688844,14.140573572924618,14.199999999999994,5.443687297790758e-15,-5.329070518200751e-15,0,14.2,75.05500000000029
45,14.25,P2 fixed,p2,501,120,8431,5039,0.597675246115526,0.6509372979961215,0.5887850467289719,3392,10764.268863514199,20239.96151602778,20306.843512938103,22468,0.5897908979089791,0.5984714873603763,0.6028202115158637,0.33339948402460806,0.33339948402460806,0.3332010319507839,14.122929260968903,14.124075446948254,14.140575799756535,14.25,0,0,0,14.25,72.41033299999981
45,14.25,P2 fixed,p2,502,120,8488,5040,0.5937794533459001,0.6787878787878788,0.5826589595375723,3448,10645.978535068787,20315.116184865943,20387.01640970557,22799,0.5917225950782998,0.5900199600798404,0.6071005917159763,0.3333333333333333,0.3333333333333333,0.3333333333333333,14.124067387747493,14.12407269200281,14.140575344480661,14.25,0,0,0,14.25,72.97508299999936
45,14.25,P2 fixed,p2,503,120,8433,5038,0.5974149175856753,0.6635883905013192,0.5547605943863512,3395,10639.195603219705,20107.453006542364,20172.623531492693,22498,0.6127450980392157,0.5903899172902718,0.6035983749274522,0.333267169511711,0.333465660976578,0.333267169511711,14.121785989697086,14.124070488247881,14.140574368312812,14.25,0,0,0,14.25,74.69033399999898
45,14.25,P2 fixed,p2,504,120,8458,5040,0.5958855521399858,0.6622864651773982,0.5894736842105263,3418,10767.234537747188,20548.623257301104,20619.769940247163,23080,0.5991855730075626,0.5980701063410792,0.5857916917519567,0.3333333333333333,0.3333333333333333,0.3333333333333333,14.124064964236664,14.124063545776925,14.140572088194077,14.25,0,0,0,14.25,76.48687500000051
45,14.25,P2 fixed,p2,505,120,8451,5034,0.5956691515796947,0.6414852752880922,0.5840092699884125,3417,10866.56523998539,20521.945990145112,20597.107386391155,23052,0.6061946902654868,0.5914695775217303,0.5966981132075472,0.3333333333333333,0.3333333333333333,0.3333333333333333,14.107247947393912,14.12406885018673,14.1405739681327,14.25,0,0,0,14.25,74.3958330000005
45,14.25,P2 fixed,p2,506,120,8485,5038,0.593753682969947,0.6614069690992768,0.5701357466063348,3447,10781.192716068694,20374.63478901576,20443.159257905314,22656,0.6065759637188208,0.5888263665594855,0.5948424068767908,0.333267169511711,0.333267169511711,0.333465660976578,14.116804118468846,14.12407408658349,14.140575690815647,14.25,0,0,0,14.25,72.44599999999991
45,14.25,P2 fixed,p2,507,120,8459,5034,0.5951058044686133,0.6720321931589537,0.5773195876288659,3425,10863.630754332073,20538.85627196938,20609.18787308413,22907,0.5885139135583185,0.5958702064896755,0.599406528189911,0.3333333333333333,0.3333333333333333,0.3333333333333333,14.107254328668452,14.124063349209761,14.140572213861807,14.25,0,0,0,14.25,86.52308300000004
45,14.25,P2 fixed,p2,508,120,8258,5038,0.6100750787115524,0.6592398427260813,0.6098003629764065,3220,10499.496472401604,19892.566845307425,19966.871228972548,22388,0.6078799249530957,0.6126434467485403,0.6046099290780141,0.333267169511711,0.333267169511711,0.333465660976578,14.116806681238955,14.124068754902105,14.140573749211526,14.25,0,0,0,14.25,70.96454200000153
45,14.25,P2 fixed,p2,509,120,8403,5034,0.5990717600856836,0.6468689477081988,0.5816503173687247,3369,10846.082243290239,20515.177083380695,20589.024843292853,23046,0.5951248513674198,0.6033041401273885,0.5904537418974661,0.333134684147795,0.3333333333333333,0.3335319825188717,14.107255328711311,14.124079447593006,14.140576998353906,14.25,0,0,0,14.25,71.52704199999971
45,14.25,P2 fixed,p2,510,120,8479,5037,0.5940559028187287,0.6530214424951267,0.5672481710748453,3442,10704.076551346194,20209.656319724938,20279.722503120614,22606,0.5980975029726516,0.5940420560747663,0.5900060204695966,0.3333333333333333,0.3333333333333333,0.3333333333333333,14.11566040124853,14.124068395643851,14.140573593600264,14.25,0,0,0,14.25,71.99295899999925
45,14.25,P2 fixed,p2,511,120,8471,5040,0.5949710777948294,0.6440894568690095,0.5553719008264463,3431,10783.324854432925,20249.13988854378,20316.884006049455,22599,0.5973079080201907,0.5955280495108805,0.5908278737343657,0.3333333333333333,0.3333333333333333,0.3333333333333333,14.124069315138343,14.124061889619007,14.14057175377845,14.25,0,0,0,14.25,75.52024999999958
45,14.25,P2 fixed,p2,512,120,8386,5034,0.6002861912711662,0.6557591623036649,0.5905096660808435,3352,10558.880560591097,19839.07661891317,19906.86637137584,22338,0.5860827834433113,0.6052160063706948,0.5996462264150944,0.3333333333333333,0.3333333333333333,0.3333333333333333,14.107254765628195,14.124077461678908,14.140576521693886,14.25,0,0,0,14.25,71.42779100000007
45,14.25,P2 fixed,p2,513,120,8393,5028,0.5990706541165257,0.6766304347826086,0.602510460251046,3365,10672.163953984495,20238.4817488298,20309.62622463323,22645,0.5969418960244648,0.6042654028436019,0.5855962219598583,0.3333333333333333,0.3333333333333333,0.3333333333333333,14.090442209598839,14.124073920116942,14.140575274223428,14.25,0,0,0,14.25,71.13795799999934
45,14.25,P2 fixed,p2,514,120,8461,5033,0.5948469448055785,0.6629139072847682,0.5870704717530577,3428,10687.533427362496,20390.086428821476,20468.8754807057,22903,0.6146140247495581,0.5898039215686275,0.5901442307692307,0.33339956288495926,0.33339956288495926,0.3332008742300815,14.106114503194695,14.124054007961677,14.140569266854792,14.25,0,0,0,14.25,72.59954199999993
45,14.25,P2 fixed,p2,515,120,8440,5038,0.5969194312796209,0.6507115135834411,0.5809798270893372,3402,10545.13042697173,19872.153288568377,19948.10753989097,22482,0.5944254835039818,0.6023952095808384,0.5831339712918661,0.333267169511711,0.333465660976578,0.333267169511711,14.1217858576733,14.124070817231582,14.140574418751276,14.25,0,0,0,14.25,72.86587500000132
45,14.25,P2 fixed,p2,516,120,8354,5040,0.6033038065597318,0.6469833119383825,0.6014319809069213,3314,10700.542707345887,20074.003695784442,20141.827598515545,22291,0.6108433734939759,0.5998419909144775,0.6063764561618639,0.3333333333333333,0.3333333333333333,0.3333333333333333,14.12407150736344,14.124073865660755,14.140575474608807,14.25,0,0,0,14.25,71.21270899999945
45,14.25,P2 fixed,p2,517,120,8496,5012,0.589924670433145,0.6206459784673845,0.5656565656565656,3484,11017.870301149058,20493.886849425522,20566.778104125155,23058,0.5908289241622575,0.5875295043273013,0.5961426066627703,0.3333998403830806,0.3332003192338388,0.3333998403830806,14.04228260312804,14.124078592285954,14.140576931338773,14.25,0,0,0,14.25,71.78874999999971
45,14.25,P2 fixed,p2,518,120,8390,5006,0.5966626936829559,0.6740484429065744,0.582995951417004,3384,10568.480841662502,20317.64970223017,20394.77390041652,22793,0.6026682134570766,0.6023520031891568,0.5730745906610066,0.3333999200958849,0.33359968038353977,0.3330003995205753,14.03542858296671,14.124063182057697,14.140572029180044,14.25,0,0,0,14.25,71.44966600000043
45,14.25,P2 fixed,p2,519,120,8388,5029,0.5995469718645684,0.6847527472527473,0.5746864310148233,3359,10394.751101533271,20012.169189596563,20077.158130657506,22344,0.5928439235040098,0.6035198734427526,0.5941520467836258,0.3332670511035991,0.3334658977928017,0.3332670511035991,14.096561491745577,14.124060762787416,14.140571479446782,14.25,0,0,0,14.25,78.95016600000054
45,14.25,P2 fixed,p2,520,120,8555,5034,0.588427819988311,0.6536203522504892,0.5918966529653552,3521,11075.322768581336,21122.89273109067,21196.90264448422,23680,0.5859421145894861,0.5928376800311406,0.5777262180974478,0.3333333333333333,0.3333333333333333,0.3333333333333333,14.107254833072222,14.124066063334801,14.140572900355808,14.25,0,0,0,14.25,73.66404200000034
45,14.25,P2 fixed,p2,521,120,8583,5028,0.5858091576371898,0.6501305483028721,0.5593784683684795,3555,10955.79487350224,20658.1249775069,20729.060862127782,23013,0.5856009070294784,0.5902381420980122,0.57307249712313,0.3333333333333333,0.3333333333333333,0.3333333333333333,14.090441484512187,14.124080265855113,14.140577431900374,14.25,0,0,0,14.25,72.55279200000041
45,14.25,P2 fixed,p2,522,120,8415,5030,0.5977421271538919,0.6609271523178808,0.6064981949458483,3385,10823.493892975164,20507.86780037936,20581.87624006906,23010,0.5906398104265402,0.5945030870344553,0.6143024618991794,0.3332007952286282,0.3333996023856859,0.3333996023856859,14.097699629415406,14.124059961164072,14.140571120240367,14.25,0,0,0,14.25,73.38395900000069
45,14.25,P2 fixed,p2,523,120,8540,5034,0.5894613583138173,0.6427196921103271,0.5740318906605922,3506,10929.721697225194,20440.033990124415,20509.413931130537,22827,0.6003531489111242,0.5904537418974661,0.576,0.3333333333333333,0.3333333333333333,0.3333333333333333,14.107254515321925,14.124075788882228,14.140576112938206,14.25,0,0,0,14.25,75.81633399999919
45,14.25,P2 fixed,p2,524,120,8484,5030,0.5928807166430928,0.6518615284128021,0.5833333333333334,3454,10797.610825374804,20485.98864883439,20562.226585059612,23055,0.6094032549728752,0.5864017143970388,0.5963356973995272,0.3333996023856859,0.3333996023856859,0.3332007952286282,14.097709072633586,14.124072524078263,14.140575067992975,14.25,0,0,0,14.25,72.4601249999996
45,14.25,P2 fixed,p2,525,120,8516,5040,0.5918271488961954,0.665785997357992,0.5590682196339434,3476,10679.416313327529,20274.913045788962,20343.63122029392,22491,0.585207100591716,0.5931875362879814,0.594333936106088,0.3333333333333333,0.3333333333333333,0.3333333333333333,14.124072029793235,14.124074509992367,14.140575544652991,14.25,0,0,0,14.25,72.0059999999994
45,14.25,P2 fixed,p2,526,120,8461,5032,0.5947287554662569,0.6738544474393531,0.5870704717530577,3429,10626.986214585777,20314.098514047382,20386.81687784396,22846,0.5860849056603774,0.5947802197802198,0.603355302576393,0.3334658187599364,0.3332670906200318,0.3332670906200318,14.099991541806022,14.124067690077615,14.140573545120924,14.25,0,0,0,14.25,73.60233399999925
45,14.25,P2 fixed,p2,527,120,8470,5036,0.5945690672963401,0.6596583442838371,0.588098016336056,3434,10645.146122704902,20341.778052076737,20415.084910415182,23050,0.575811209439528,0.5943004155946963,0.6138211382113821,0.3333995234312947,0.3333995234312947,0.33320095313741066,14.114518336070553,14.124064780070926,14.140572752384196,14.25,0,0,0,14.25,71.7517910000006
45,14.25,P2 fixed,p2,528,120,8546,5037,0.5893985490287854,0.6446440025657473,0.5707814269535674,3509,11005.562270796776,20806.137605602078,20878.09942146196,23242,0.58347876672484,0.594743036484896,0.5795257374204743,0.3333333333333333,0.3333333333333333,0.3333333333333333,14.115662768343684,14.124066875590962,14.140573246887678,14.25,0,0,0,14.25,72.75554099999863
45,14.25,P2 fixed,p2,529,120,8502,5038,0.5925664549517761,0.6834239130434783,0.5874125874125874,3464,10576.403480960522,20359.090014343426,20432.0298698252,22964,0.5939323220536756,0.5856782456821269,0.6128440366972477,0.333267169511711,0.333465660976578,0.333267169511711,14.12178395414252,14.124067324040931,14.140573210689135,14.25,0,0,0,14.25,73.12024999999994
45,14.25,P2 fixed,p2,530,120,8533,5032,0.5897105355677956,0.6472491909385113,0.5743589743589743,3501,11134.632339034824,21089.133232910754,21159.054908154936,23400,0.5820556501987507,0.5879357618488054,0.6032412965186075,0.3334658187599364,0.3334658187599364,0.33306836248012717,14.104973733767359,14.124067914688844,14.140573572924618,14.25,0,0,0,14.25,74.47379199999887
45,14.3,P2 fixed,p2,501,120,8431,5039,0.597675246115526,0.6509372979961215,0.5887850467289719,3392,10764.268863514199,20239.96151602778,20306.843512938103,22468,0.5897908979089791,0.5984714873603763,0.6028202115158637,0.33339948402460806,0.33339948402460806,0.3332010319507839,14.122929260968903,14.124075446948254,14.140575799756535,14.300000000000006,5.443687297790758e-15,5.329070518200751e-15,0,14.3,72.64850000000115
45,14.3,P2 fixed,p2,502,120,8488,5040,0.5937794533459001,0.6787878787878788,0.5826589595375723,3448,10645.978535068787,20315.116184865943,20387.01640970557,22799,0.5917225950782998,0.5900199600798404,0.6071005917159763,0.3333333333333333,0.3333333333333333,0.3333333333333333,14.124067387747493,14.12407269200281,14.140575344480661,14.300000000000006,5.443687297790758e-15,5.329070518200751e-15,0,14.3,73.11874999999964
45,14.3,P2 fixed,p2,503,120,8433,5038,0.5974149175856753,0.6635883905013192,0.5547605943863512,3395,10639.195603219705,20107.453006542364,20172.623531492693,22498,0.6127450980392157,0.5903899172902718,0.6035983749274522,0.333267169511711,0.333465660976578,0.333267169511711,14.121785989697086,14.124070488247881,14.140574368312812,14.300000000000006,5.443687297790758e-15,5.329070518200751e-15,0,14.3,72.44824999999946
45,14.3,P2 fixed,p2,504,120,8458,5040,0.5958855521399858,0.6622864651773982,0.5894736842105263,3418,10767.234537747188,20548.623257301104,20619.769940247163,23080,0.5991855730075626,0.5980701063410792,0.5857916917519567,0.3333333333333333,0.3333333333333333,0.3333333333333333,14.124064964236664,14.124063545776925,14.140572088194077,14.300000000000006,5.443687297790758e-15,5.329070518200751e-15,0,14.3,75.16179100000045
45,14.3,P2 fixed,p2,505,120,8451,5034,0.5956691515796947,0.6414852752880922,0.5840092699884125,3417,10866.56523998539,20521.945990145112,20597.107386391155,23052,0.6061946902654868,0.5914695775217303,0.5966981132075472,0.3333333333333333,0.3333333333333333,0.3333333333333333,14.107247947393912,14.12406885018673,14.1405739681327,14.300000000000006,5.443687297790758e-15,5.329070518200751e-15,0,14.3,72.06179200000042
45,14.3,P2 fixed,p2,506,120,8485,5038,0.593753682969947,0.6614069690992768,0.5701357466063348,3447,10781.192716068694,20374.63478901576,20443.159257905314,22656,0.6065759637188208,0.5888263665594855,0.5948424068767908,0.333267169511711,0.333267169511711,0.333465660976578,14.116804118468846,14.12407408658349,14.140575690815647,14.300000000000006,5.443687297790758e-15,5.329070518200751e-15,0,14.3,72.09158299999945
45,14.3,P2 fixed,p2,507,120,8459,5034,0.5951058044686133,0.6720321931589537,0.5773195876288659,3425,10863.630754332073,20538.85627196938,20609.18787308413,22907,0.5885139135583185,0.5958702064896755,0.599406528189911,0.3333333333333333,0.3333333333333333,0.3333333333333333,14.107254328668452,14.124063349209761,14.140572213861807,14.300000000000006,5.443687297790758e-15,5.329070518200751e-15,0,14.3,73.2508749999979
45,14.3,P2 fixed,p2,508,120,8258,5038,0.6100750787115524,0.6592398427260813,0.6098003629764065,3220,10499.496472401604,19892.566845307425,19966.871228972548,22388,0.6078799249530957,0.6126434467485403,0.6046099290780141,0.333267169511711,0.333267169511711,0.333465660976578,14.116806681238955,14.124068754902105,14.140573749211526,14.300000000000006,5.443687297790758e-15,5.329070518200751e-15,0,14.3,73.75454199999876
45,14.3,P2 fixed,p2,509,120,8403,5034,0.5990717600856836,0.6468689477081988,0.5816503173687247,3369,10846.082243290239,20515.177083380695,20589.024843292853,23046,0.5951248513674198,0.6033041401273885,0.5904537418974661,0.333134684147795,0.3333333333333333,0.3335319825188717,14.107255328711311,14.124079447593006,14.140576998353906,14.300000000000006,5.443687297790758e-15,5.329070518200751e-15,0,14.3,71.34866700000202
45,14.3,P2 fixed,p2,510,120,8479,5037,0.5940559028187287,0.6530214424951267,0.5672481710748453,3442,10704.076551346194,20209.656319724938,20279.722503120614,22606,0.5980975029726516,0.5940420560747663,0.5900060204695966,0.3333333333333333,0.3333333333333333,0.3333333333333333,14.11566040124853,14.124068395643851,14.140573593600264,14.300000000000006,5.443687297790758e-15,5.329070518200751e-15,0,14.3,71.81054199999926
45,14.3,P2 fixed,p2,511,120,8471,5040,0.5949710777948294,0.6440894568690095,0.5553719008264463,3431,10783.324854432925,20249.13988854378,20316.884006049455,22599,0.5973079080201907,0.5955280495108805,0.5908278737343657,0.3333333333333333,0.3333333333333333,0.3333333333333333,14.124069315138343,14.124061889619007,14.14057175377845,14.300000000000006,5.443687297790758e-15,5.329070518200751e-15,0,14.3,74.20208300000013
45,14.3,P2 fixed,p2,512,120,8386,5034,0.6002861912711662,0.6557591623036649,0.5905096660808435,3352,10558.880560591097,19839.07661891317,19906.86637137584,22338,0.5860827834433113,0.6052160063706948,0.5996462264150944,0.3333333333333333,0.3333333333333333,0.3333333333333333,14.107254765628195,14.124077461678908,14.140576521693886,14.300000000000006,5.443687297790758e-15,5.329070518200751e-15,0,14.3,70.97629199999938
45,14.3,P2 fixed,p2,513,120,8393,5028,0.5990706541165257,0.6766304347826086,0.602510460251046,3365,10672.163953984495,20238.4817488298,20309.62622463323,22645,0.5969418960244648,0.6042654028436019,0.5855962219598583,0.3333333333333333,0.3333333333333333,0.3333333333333333,14.090442209598839,14.124073920116942,14.140575274223428,14.300000000000006,5.443687297790758e-15,5.329070518200751e-15,0,14.3,78.16495799999757
45,14.3,P2 fixed,p2,514,120,8461,5033,0.5948469448055785,0.6629139072847682,0.5870704717530577,3428,10687.533427362496,20390.086428821476,20468.8754807057,22903,0.6146140247495581,0.5898039215686275,0.5901442307692307,0.33339956288495926,0.33339956288495926,0.3332008742300815,14.106114503194695,14.124054007961677,14.140569266854792,14.300000000000006,5.443687297790758e-15,5.329070518200751e-15,0,14.3,81.18537500000093
45,14.3,P2 fixed,p2,515,120,8440,5038,0.5969194312796209,0.6507115135834411,0.5809798270893372,3402,10545.13042697173,19872.153288568377,19948.10753989097,22482,0.5944254835039818,0.6023952095808384,0.5831339712918661,0.333267169511711,0.333465660976578,0.333267169511711,14.1217858576733,14.124070817231582,14.140574418751276,14.300000000000006,5.443687297790758e-15,5.329070518200751e-15,0,14.3,76.67808399999922
45,14.3,P2 fixed,p2,516,120,8354,5040,0.6033038065597318,0.6469833119383825,0.6014319809069213,3314,10700.542707345887,20074.003695784442,20141.827598515545,22291,0.6108433734939759,0.5998419909144775,0.6063764561618639,0.3333333333333333,0.3333333333333333,0.3333333333333333,14.12407150736344,14.124073865660755,14.140575474608807,14.300000000000006,5.443687297790758e-15,5.329070518200751e-15,0,14.3,74.53895900000134
45,14.3,P2 fixed,p2,517,120,8496,5012,0.589924670433145,0.6206459784673845,0.5656565656565656,3484,11017.870301149058,20493.886849425522,20566.778104125155,23058,0.5908289241622575,0.5875295043273013,0.5961426066627703,0.3333998403830806,0.3332003192338388,0.3333998403830806,14.04228260312804,14.124078592285954,14.140576931338773,14.300000000000006,5.443687297790758e-15,5.329070518200751e-15,0,14.3,72.79637500000172
45,14.3,P2 fixed,p2,518,120,8390,5006,0.5966626936829559,0.6740484429065744,0.582995951417004,3384,10568.480841662502,20317.64970223017,20394.77390041652,22793,0.6026682134570766,0.6023520031891568,0.5730745906610066,0.3333999200958849,0.33359968038353977,0.3330003995205753,14.03542858296671,14.124063182057697,14.140572029180044,14.300000000000006,5.443687297790758e-15,5.329070518200751e-15,0,14.3,70.5992499999993
45,14.3,P2 fixed,p2,519,120,8388,5029,0.5995469718645684,0.6847527472527473,0.5746864310148233,3359,10394.751101533271,20012.169189596563,20077.158130657506,22344,0.5928439235040098,0.6035198734427526,0.5941520467836258,0.3332670511035991,0.3334658977928017,0.3332670511035991,14.096561491745577,14.124060762787416,14.140571479446782,14.300000000000006,5.443687297790758e-15,5.329070518200751e-15,0,14.3,74.34633400000166
45,14.3,P2 fixed,p2,520,120,8555,5034,0.588427819988311,0.6536203522504892,0.5918966529653552,3521,11075.322768581336,21122.89273109067,21196.90264448422,23680,0.5859421145894861,0.5928376800311406,0.5777262180974478,0.3333333333333333,0.3333333333333333,0.3333333333333333,14.107254833072222,14.124066063334801,14.140572900355808,14.300000000000006,5.443687297790758e-15,5.329070518200751e-15,0,14.3,78.83295799999905
45,14.3,P2 fixed,p2,521,120,8583,5028,0.5858091576371898,0.6501305483028721,0.5593784683684795,3555,10955.79487350224,20658.1249775069,20729.060862127782,23013,0.5856009070294784,0.5902381420980122,0.57307249712313,0.3333333333333333,0.3333333333333333,0.3333333333333333,14.090441484512187,14.124080265855113,14.140577431900374,14.300000000000006,5.443687297790758e-15,5.329070518200751e-15,0,14.3,74.73283399999855
45,14.3,P2 fixed,p2,522,120,8415,5030,0.5977421271538919,0.6609271523178808,0.6064981949458483,3385,10823.493892975164,20507.86780037936,20581.87624006906,23010,0.5906398104265402,0.5945030870344553,0.6143024618991794,0.3332007952286282,0.3333996023856859,0.3333996023856859,14.097699629415406,14.124059961164072,14.140571120240367,14.300000000000006,5.443687297790758e-15,5.329070518200751e-15,0,14.3,71.7143329999999
45,14.3,P2 fixed,p2,523,120,8540,5034,0.5894613583138173,0.6427196921103271,0.5740318906605922,3506,10929.721697225194,20440.033990124415,20509.413931130537,22827,0.6003531489111242,0.5904537418974661,0.576,0.3333333333333333,0.3333333333333333,0.3333333333333333,14.107254515321925,14.124075788882228,14.140576112938206,14.300000000000006,5.443687297790758e-15,5.329070518200751e-15,0,14.3,89.63229199999842
45,14.3,P2 fixed,p2,524,120,8484,5030,0.5928807166430928,0.6518615284128021,0.5833333333333334,3454,10797.610825374804,20485.98864883439,20562.226585059612,23055,0.6094032549728752,0.5864017143970388,0.5963356973995272,0.3333996023856859,0.3333996023856859,0.3332007952286282,14.097709072633586,14.124072524078263,14.140575067992975,14.300000000000006,5.443687297790758e-15,5.329070518200751e-15,0,14.3,72.53558300000077
45,14.3,P2 fixed,p2,525,120,8516,5040,0.5918271488961954,0.665785997357992,0.5590682196339434,3476,10679.416313327529,20274.913045788962,20343.63122029392,22491,0.585207100591716,0.5931875362879814,0.594333936106088,0.3333333333333333,0.3333333333333333,0.3333333333333333,14.124072029793235,14.124074509992367,14.140575544652991,14.300000000000006,5.443687297790758e-15,5.329070518200751e-15,0,14.3,92.10554100000081
45,14.3,P2 fixed,p2,526,120,8461,5032,0.5947287554662569,0.6738544474393531,0.5870704717530577,3429,10626.986214585777,20314.098514047382,20386.81687784396,22846,0.5860849056603774,0.5947802197802198,0.603355302576393,0.3334658187599364,0.3332670906200318,0.3332670906200318,14.099991541806022,14.124067690077615,14.140573545120924,14.300000000000006,5.443687297790758e-15,5.329070518200751e-15,0,14.3,83.04904200000237
45,14.3,P2 fixed,p2,527,120,8470,5036,0.5945690672963401,0.6596583442838371,0.588098016336056,3434,10645.146122704902,20341.778052076737,20415.084910415182,23050,0.575811209439528,0.5943004155946963,0.6138211382113821,0.3333995234312947,0.3333995234312947,0.33320095313741066,14.114518336070553,14.124064780070926,14.140572752384196,14.300000000000006,5.443687297790758e-15,5.329070518200751e-15,0,14.3,100.43641600000046
45,14.3,P2 fixed,p2,528,120,8546,5037,0.5893985490287854,0.6446440025657473,0.5707814269535674,3509,11005.562270796776,20806.137605602078,20878.09942146196,23242,0.58347876672484,0.594743036484896,0.5795257374204743,0.3333333333333333,0.3333333333333333,0.3333333333333333,14.115662768343684,14.124066875590962,14.140573246887678,14.300000000000006,5.443687297790758e-15,5.329070518200751e-15,0,14.3,79.14650000000256
45,14.3,P2 fixed,p2,529,120,8502,5038,0.5925664549517761,0.6834239130434783,0.5874125874125874,3464,10576.403480960522,20359.090014343426,20432.0298698252,22964,0.5939323220536756,0.5856782456821269,0.6128440366972477,0.333267169511711,0.333465660976578,0.333267169511711,14.12178395414252,14.124067324040931,14.140573210689135,14.300000000000006,5.443687297790758e-15,5.329070518200751e-15,0,14.3,73.71616600000198
45,14.3,P2 fixed,p2,530,120,8533,5032,0.5897105355677956,0.6472491909385113,0.5743589743589743,3501,11134.632339034824,21089.133232910754,21159.054908154936,23400,0.5820556501987507,0.5879357618488054,0.6032412965186075,0.3334658187599364,0.3334658187599364,0.33306836248012717,14.104973733767359,14.124067914688844,14.140573572924618,14.300000000000006,5.443687297790758e-15,5.329070518200751e-15,0,14.3,74.85849999999846
45,14.35,P2 fixed,p2,501,120,8431,5039,0.597675246115526,0.6509372979961215,0.5887850467289719,3392,10764.268863514199,20239.96151602778,20306.843512938103,22468,0.5897908979089791,0.5984714873603763,0.6028202115158637,0.33339948402460806,0.33339948402460806,0.3332010319507839,14.122929260968903,14.124075446948254,14.140575799756535,14.350000000000003,3.629124865193839e-15,3.552713678800501e-15,0,14.35,75.08829200000037
45,14.35,P2 fixed,p2,502,120,8488,5040,0.5937794533459001,0.6787878787878788,0.5826589595375723,3448,10645.978535068787,20315.116184865943,20387.01640970557,22799,0.5917225950782998,0.5900199600798404,0.6071005917159763,0.3333333333333333,0.3333333333333333,0.3333333333333333,14.124067387747493,14.12407269200281,14.140575344480661,14.350000000000003,3.629124865193839e-15,3.552713678800501e-15,0,14.35,72.11895900000309
45,14.35,P2 fixed,p2,503,120,8433,5038,0.5974149175856753,0.6635883905013192,0.5547605943863512,3395,10639.195603219705,20107.453006542364,20172.623531492693,22498,0.6127450980392157,0.5903899172902718,0.6035983749274522,0.333267169511711,0.333465660976578,0.333267169511711,14.121785989697086,14.124070488247881,14.140574368312812,14.350000000000003,3.629124865193839e-15,3.552713678800501e-15,0,14.35,71.09820799999943
45,14.35,P2 fixed,p2,504,120,8458,5040,0.5958855521399858,0.6622864651773982,0.5894736842105263,3418,10767.234537747188,20548.623257301104,20619.769940247163,23080,0.5991855730075626,0.5980701063410792,0.5857916917519567,0.3333333333333333,0.3333333333333333,0.3333333333333333,14.124064964236664,14.124063545776925,14.140572088194077,14.350000000000003,3.629124865193839e-15,3.552713678800501e-15,0,14.35,73.86425000000236
45,14.35,P2 fixed,p2,505,120,8451,5034,0.5956691515796947,0.6414852752880922,0.5840092699884125,3417,10866.56523998539,20521.945990145112,20597.107386391155,23052,0.6061946902654868,0.5914695775217303,0.5966981132075472,0.3333333333333333,0.3333333333333333,0.3333333333333333,14.107247947393912,14.12406885018673,14.1405739681327,14.350000000000003,3.629124865193839e-15,3.552713678800501e-15,0,14.35,72.11866699999882
45,14.35,P2 fixed,p2,506,120,8485,5038,0.593753682969947,0.6614069690992768,0.5701357466063348,3447,10781.192716068694,20374.63478901576,20443.159257905314,22656,0.6065759637188208,0.5888263665594855,0.5948424068767908,0.333267169511711,0.333267169511711,0.333465660976578,14.116804118468846,14.12407408658349,14.140575690815647,14.350000000000003,3.629124865193839e-15,3.552713678800501e-15,0,14.35,72.50725000000239
45,14.35,P2 fixed,p2,507,120,8459,5034,0.5951058044686133,0.6720321931589537,0.5773195876288659,3425,10863.630754332073,20538.85627196938,20609.18787308413,22907,0.5885139135583185,0.5958702064896755,0.599406528189911,0.3333333333333333,0.3333333333333333,0.3333333333333333,14.107254328668452,14.124063349209761,14.140572213861807,14.350000000000003,3.629124865193839e-15,3.552713678800501e-15,0,14.35,73.16858299999876
45,14.35,P2 fixed,p2,508,120,8258,5038,0.6100750787115524,0.6592398427260813,0.6098003629764065,3220,10499.496472401604,19892.566845307425,19966.871228972548,22388,0.6078799249530957,0.6126434467485403,0.6046099290780141,0.333267169511711,0.333267169511711,0.333465660976578,14.116806681238955,14.124068754902105,14.140573749211526,14.350000000000003,3.629124865193839e-15,3.552713678800501e-15,0,14.35,73.59925000000294
45,14.35,P2 fixed,p2,509,120,8403,5034,0.5990717600856836,0.6468689477081988,0.5816503173687247,3369,10846.082243290239,20515.177083380695,20589.024843292853,23046,0.5951248513674198,0.6033041401273885,0.5904537418974661,0.333134684147795,0.3333333333333333,0.3335319825188717,14.107255328711311,14.124079447593006,14.140576998353906,14.350000000000003,3.629124865193839e-15,3.552713678800501e-15,0,14.35,80.27266600000075
45,14.35,P2 fixed,p2,510,120,8479,5037,0.5940559028187287,0.6530214424951267,0.5672481710748453,3442,10704.076551346194,20209.656319724938,20279.722503120614,22606,0.5980975029726516,0.5940420560747663,0.5900060204695966,0.3333333333333333,0.3333333333333333,0.3333333333333333,14.11566040124853,14.124068395643851,14.140573593600264,14.350000000000003,3.629124865193839e-15,3.552713678800501e-15,0,14.35,72.89600000000064
45,14.35,P2 fixed,p2,511,120,8471,5040,0.5949710777948294,0.6440894568690095,0.5553719008264463,3431,10783.324854432925,20249.13988854378,20316.884006049455,22599,0.5973079080201907,0.5955280495108805,0.5908278737343657,0.3333333333333333,0.3333333333333333,0.3333333333333333,14.124069315138343,14.124061889619007,14.14057175377845,14.350000000000003,3.629124865193839e-15,3.552713678800501e-15,0,14.35,74.20637499999793
45,14.35,P2 fixed,p2,512,120,8386,5034,0.6002861912711662,0.6557591623036649,0.5905096660808435,3352,10558.880560591097,19839.07661891317,19906.86637137584,22338,0.5860827834433113,0.6052160063706948,0.5996462264150944,0.3333333333333333,0.3333333333333333,0.3333333333333333,14.107254765628195,14.124077461678908,14.140576521693886,14.350000000000003,3.629124865193839e-15,3.552713678800501e-15,0,14.35,74.62174999999843
45,14.35,P2 fixed,p2,513,120,8393,5028,0.5990706541165257,0.6766304347826086,0.602510460251046,3365,10672.163953984495,20238.4817488298,20309.62622463323,22645,0.5969418960244648,0.6042654028436019,0.5855962219598583,0.3333333333333333,0.3333333333333333,0.3333333333333333,14.090442209598839,14.124073920116942,14.140575274223428,14.350000000000003,3.629124865193839e-15,3.552713678800501e-15,0,14.35,71.65783299999748
45,14.35,P2 fixed,p2,514,120,8461,5033,0.5948469448055785,0.6629139072847682,0.5870704717530577,3428,10687.533427362496,20390.086428821476,20468.8754807057,22903,0.6146140247495581,0.5898039215686275,0.5901442307692307,0.33339956288495926,0.33339956288495926,0.3332008742300815,14.106114503194695,14.124054007961677,14.140569266854792,14.350000000000003,3.629124865193839e-15,3.552713678800501e-15,0,14.35,72.18566700000156
45,14.35,P2 fixed,p2,515,120,8440,5038,0.5969194312796209,0.6507115135834411,0.5809798270893372,3402,10545.13042697173,19872.153288568377,19948.10753989097,22482,0.5944254835039818,0.6023952095808384,0.5831339712918661,0.333267169511711,0.333465660976578,0.333267169511711,14.1217858576733,14.124070817231582,14.140574418751276,14.350000000000003,3.629124865193839e-15,3.552713678800501e-15,0,14.35,73.70337500000096
45,14.35,P2 fixed,p2,516,120,8354,5040,0.6033038065597318,0.6469833119383825,0.6014319809069213,3314,10700.542707345887,20074.003695784442,20141.827598515545,22291,0.6108433734939759,0.5998419909144775,0.6063764561618639,0.3333333333333333,0.3333333333333333,0.3333333333333333,14.12407150736344,14.124073865660755,14.140575474608807,14.350000000000003,3.629124865193839e-15,3.552713678800501e-15,0,14.35,71.35416700000133
45,14.35,P2 fixed,p2,517,120,8496,5012,0.589924670433145,0.6206459784673845,0.5656565656565656,3484,11017.870301149058,20493.886849425522,20566.778104125155,23058,0.5908289241622575,0.5875295043273013,0.5961426066627703,0.3333998403830806,0.3332003192338388,0.3333998403830806,14.04228260312804,14.124078592285954,14.140576931338773,14.350000000000003,3.629124865193839e-15,3.552713678800501e-15,0,14.35,72.51204200000211
45,14.35,P2 fixed,p2,518,120,8390,5006,0.5966626936829559,0.6740484429065744,0.582995951417004,3384,10568.480841662502,20317.64970223017,20394.77390041652,22793,0.6026682134570766,0.6023520031891568,0.5730745906610066,0.3333999200958849,0.33359968038353977,0.3330003995205753,14.03542858296671,14.124063182057697,14.140572029180044,14.350000000000003,3.629124865193839e-15,3.552713678800501e-15,0,14.35,70.33912500000224
45,14.35,P2 fixed,p2,519,120,8388,5029,0.5995469718645684,0.6847527472527473,0.5746864310148233,3359,10394.751101533271,20012.169189596563,20077.158130657506,22344,0.5928439235040098,0.6035198734427526,0.5941520467836258,0.3332670511035991,0.3334658977928017,0.3332670511035991,14.096561491745577,14.124060762787416,14.140571479446782,14.350000000000003,3.629124865193839e-15,3.552713678800501e-15,0,14.35,72.73408299999937
45,14.35,P2 fixed,p2,520,120,8555,5034,0.588427819988311,0.6536203522504892,0.5918966529653552,3521,11075.322768581336,21122.89273109067,21196.90264448422,23680,0.5859421145894861,0.5928376800311406,0.5777262180974478,0.3333333333333333,0.3333333333333333,0.3333333333333333,14.107254833072222,14.124066063334801,14.140572900355808,14.350000000000003,3.629124865193839e-15,3.552713678800501e-15,0,14.35,73.59312499999942
45,14.35,P2 fixed,p2,521,120,8583,5028,0.5858091576371898,0.6501305483028721,0.5593784683684795,3555,10955.79487350224,20658.1249775069,20729.060862127782,23013,0.5856009070294784,0.5902381420980122,0.57307249712313,0.3333333333333333,0.3333333333333333,0.3333333333333333,14.090441484512187,14.124080265855113,14.140577431900374,14.350000000000003,3.629124865193839e-15,3.552713678800501e-15,0,14.35,72.29058300000179
45,14.35,P2 fixed,p2,522,120,8415,5030,0.5977421271538919,0.6609271523178808,0.6064981949458483,3385,10823.493892975164,20507.86780037936,20581.87624006906,23010,0.5906398104265402,0.5945030870344553,0.6143024618991794,0.3332007952286282,0.3333996023856859,0.3333996023856859,14.097699629415406,14.124059961164072,14.140571120240367,14.350000000000003,3.629124865193839e-15,3.552713678800501e-15,0,14.35,73.02845800000068
45,14.35,P2 fixed,p2,523,120,8540,5034,0.5894613583138173,0.6427196921103271,0.5740318906605922,3506,10929.721697225194,20440.033990124415,20509.413931130537,22827,0.6003531489111242,0.5904537418974661,0.576,0.3333333333333333,0.3333333333333333,0.3333333333333333,14.107254515321925,14.124075788882228,14.140576112938206,14.350000000000003,3.629124865193839e-15,3.552713678800501e-15,0,14.35,74.47075000000041
45,14.35,P2 fixed,p2,524,120,8484,5030,0.5928807166430928,0.6518615284128021,0.5833333333333334,3454,10797.610825374804,20485.98864883439,20562.226585059612,23055,0.6094032549728752,0.5864017143970388,0.5963356973995272,0.3333996023856859,0.3333996023856859,0.3332007952286282,14.097709072633586,14.124072524078263,14.140575067992975,14.350000000000003,3.629124865193839e-15,3.552713678800501e-15,0,14.35,71.96812499999942
45,14.35,P2 fixed,p2,525,120,8516,5040,0.5918271488961954,0.665785997357992,0.5590682196339434,3476,10679.416313327529,20274.913045788962,20343.63122029392,22491,0.585207100591716,0.5931875362879814,0.594333936106088,0.3333333333333333,0.3333333333333333,0.3333333333333333,14.124072029793235,14.124074509992367,14.140575544652991,14.350000000000003,3.629124865193839e-15,3.552713678800501e-15,0,14.35,72.60829099999683
45,14.35,P2 fixed,p2,526,120,8461,5032,0.5947287554662569,0.6738544474393531,0.5870704717530577,3429,10626.986214585777,20314.098514047382,20386.81687784396,22846,0.5860849056603774,0.5947802197802198,0.603355302576393,0.3334658187599364,0.3332670906200318,0.3332670906200318,14.099991541806022,14.124067690077615,14.140573545120924,14.350000000000003,3.629124865193839e-15,3.552713678800501e-15,0,14.35,73.18812500000058
45,14.35,P2 fixed,p2,527,120,8470,5036,0.5945690672963401,0.6596583442838371,0.588098016336056,3434,10645.146122704902,20341.778052076737,20415.084910415182,23050,0.575811209439528,0.5943004155946963,0.6138211382113821,0.3333995234312947,0.3333995234312947,0.33320095313741066,14.114518336070553,14.124064780070926,14.140572752384196,14.350000000000003,3.629124865193839e-15,3.552713678800501e-15,0,14.35,75.37487500000134
45,14.35,P2 fixed,p2,528,120,8546,5037,0.5893985490287854,0.6446440025657473,0.5707814269535674,3509,11005.562270796776,20806.137605602078,20878.09942146196,23242,0.58347876672484,0.594743036484896,0.5795257374204743,0.3333333333333333,0.3333333333333333,0.3333333333333333,14.115662768343684,14.124066875590962,14.140573246887678,14.350000000000003,3.629124865193839e-15,3.552713678800501e-15,0,14.35,72.81679200000144
45,14.35,P2 fixed,p2,529,120,8502,5038,0.5925664549517761,0.6834239130434783,0.5874125874125874,3464,10576.403480960522,20359.090014343426,20432.0298698252,22964,0.5939323220536756,0.5856782456821269,0.6128440366972477,0.333267169511711,0.333465660976578,0.333267169511711,14.12178395414252,14.124067324040931,14.140573210689135,14.350000000000003,3.629124865193839e-15,3.552713678800501e-15,0,14.35,72.11325000000215
45,14.35,P2 fixed,p2,530,120,8533,5032,0.5897105355677956,0.6472491909385113,0.5743589743589743,3501,11134.632339034824,21089.133232910754,21159.054908154936,23400,0.5820556501987507,0.5879357618488054,0.6032412965186075,0.3334658187599364,0.3334658187599364,0.33306836248012717,14.104973733767359,14.124067914688844,14.140573572924618,14.350000000000003,3.629124865193839e-15,3.552713678800501e-15,0,14.35,74.87275000000227
45,14.4,P2 fixed,p2,501,120,8431,5039,0.597675246115526,0.6509372979961215,0.5887850467289719,3392,10764.268863514199,20239.96151602778,20306.843512938103,22468,0.5897908979089791,0.5984714873603763,0.6028202115158637,0.33339948402460806,0.33339948402460806,0.3332010319507839,14.122929260968903,14.124075446948254,14.140575799756535,14.399999999999997,3.629124865193839e-15,-3.552713678800501e-15,0,14.4,71.64662499999758
45,14.4,P2 fixed,p2,502,120,8488,5040,0.5937794533459001,0.6787878787878788,0.5826589595375723,3448,10645.978535068787,20315.116184865943,20387.01640970557,22799,0.5917225950782998,0.5900199600798404,0.6071005917159763,0.3333333333333333,0.3333333333333333,0.3333333333333333,14.124067387747493,14.12407269200281,14.140575344480661,14.399999999999997,3.629124865193839e-15,-3.552713678800501e-15,0,14.4,71.90887499999735
45,14.4,P2 fixed,p2,503,120,8433,5038,0.5974149175856753,0.6635883905013192,0.5547605943863512,3395,10639.195603219705,20107.453006542364,20172.623531492693,22498,0.6127450980392157,0.5903899172902718,0.6035983749274522,0.333267169511711,0.333465660976578,0.333267169511711,14.121785989697086,14.124070488247881,14.140574368312812,14.399999999999997,3.629124865193839e-15,-3.552713678800501e-15,0,14.4,72.12591700000121
45,14.4,P2 fixed,p2,504,120,8458,5040,0.5958855521399858,0.6622864651773982,0.5894736842105263,3418,10767.234537747188,20548.623257301104,20619.769940247163,23080,0.5991855730075626,0.5980701063410792,0.5857916917519567,0.3333333333333333,0.3333333333333333,0.3333333333333333,14.124064964236664,14.124063545776925,14.140572088194077,14.399999999999997,3.629124865193839e-15,-3.552713678800501e-15,0,14.4,92.3782919999976
45,14.4,P2 fixed,p2,505,120,8451,5034,0.5956691515796947,0.6414852752880922,0.5840092699884125,3417,10866.56523998539,20521.945990145112,20597.107386391155,23052,0.6061946902654868,0.5914695775217303,0.5966981132075472,0.3333333333333333,0.3333333333333333,0.3333333333333333,14.107247947393912,14.12406885018673,14.1405739681327,14.399999999999997,3.629124865193839e-15,-3.552713678800501e-15,0,14.4,74.75091600000087
45,14.4,P2 fixed,p2,506,120,8485,5038,0.593753682969947,0.6614069690992768,0.5701357466063348,3447,10781.192716068694,20374.63478901576,20443.159257905314,22656,0.6065759637188208,0.5888263665594855,0.5948424068767908,0.333267169511711,0.333267169511711,0.333465660976578,14.116804118468846,14.12407408658349,14.140575690815647,14.399999999999997,3.629124865193839e-15,-3.552713678800501e-15,0,14.4,71.95533299999806
45,14.4,P2 fixed,p2,507,120,8459,5034,0.5951058044686133,0.6720321931589537,0.5773195876288659,3425,10863.630754332073,20538.85627196938,20609.18787308413,22907,0.5885139135583185,0.5958702064896755,0.599406528189911,0.3333333333333333,0.3333333333333333,0.3333333333333333,14.107254328668452,14.124063349209761,14.140572213861807,14.399999999999997,3.629124865193839e-15,-3.552713678800501e-15,0,14.4,72.1371250000011
45,14.4,P2 fixed,p2,508,120,8258,5038,0.6100750787115524,0.6592398427260813,0.6098003629764065,3220,10499.496472401604,19892.566845307425,19966.871228972548,22388,0.6078799249530957,0.6126434467485403,0.6046099290780141,0.333267169511711,0.333267169511711,0.333465660976578,14.116806681238955,14.124068754902105,14.140573749211526,14.399999999999997,3.629124865193839e-15,-3.552713678800501e-15,0,14.4,71.49720800000068
45,14.4,P2 fixed,p2,509,120,8403,5034,0.5990717600856836,0.6468689477081988,0.5816503173687247,3369,10846.082243290239,20515.177083380695,20589.024843292853,23046,0.5951248513674198,0.6033041401273885,0.5904537418974661,0.333134684147795,0.3333333333333333,0.3335319825188717,14.107255328711311,14.124079447593006,14.140576998353906,14.399999999999997,3.629124865193839e-15,-3.552713678800501e-15,0,14.4,73.29354200000307
45,14.4,P2 fixed,p2,510,120,8479,5037,0.5940559028187287,0.6530214424951267,0.5672481710748453,3442,10704.076551346194,20209.656319724938,20279.722503120614,22606,0.5980975029726516,0.5940420560747663,0.5900060204695966,0.3333333333333333,0.3333333333333333,0.3333333333333333,14.11566040124853,14.124068395643851,14.140573593600264,14.399999999999997,3.629124865193839e-15,-3.552713678800501e-15,0,14.4,72.6899169999997
45,14.4,P2 fixed,p2,511,120,8471,5040,0.5949710777948294,0.6440894568690095,0.5553719008264463,3431,10783.324854432925,20249.13988854378,20316.884006049455,22599,0.5973079080201907,0.5955280495108805,0.5908278737343657,0.3333333333333333,0.3333333333333333,0.3333333333333333,14.124069315138343,14.124061889619007,14.14057175377845,14.399999999999997,3.629124865193839e-15,-3.552713678800501e-15,0,14.4,72.79229100000157
45,14.4,P2 fixed,p2,512,120,8386,5034,0.6002861912711662,0.6557591623036649,0.5905096660808435,3352,10558.880560591097,19839.07661891317,19906.86637137584,22338,0.5860827834433113,0.6052160063706948,0.5996462264150944,0.3333333333333333,0.3333333333333333,0.3333333333333333,14.107254765628195,14.124077461678908,14.140576521693886,14.399999999999997,3.629124865193839e-15,-3.552713678800501e-15,0,14.4,73.6185000000005
45,14.4,P2 fixed,p2,513,120,8393,5028,0.5990706541165257,0.6766304347826086,0.602510460251046,3365,10672.163953984495,20238.4817488298,20309.62622463323,22645,0.5969418960244648,0.6042654028436019,0.5855962219598583,0.3333333333333333,0.3333333333333333,0.3333333333333333,14.090442209598839,14.124073920116942,14.140575274223428,14.399999999999997,3.629124865193839e-15,-3.552713678800501e-15,0,14.4,74.27462500000183
45,14.4,P2 fixed,p2,514,120,8461,5033,0.5948469448055785,0.6629139072847682,0.5870704717530577,3428,10687.533427362496,20390.086428821476,20468.8754807057,22903,0.6146140247495581,0.5898039215686275,0.5901442307692307,0.33339956288495926,0.33339956288495926,0.3332008742300815,14.106114503194695,14.124054007961677,14.140569266854792,14.399999999999997,3.629124865193839e-15,-3.552713678800501e-15,0,14.4,71.87691700000141
45,14.4,P2 fixed,p2,515,120,8440,5038,0.5969194312796209,0.6507115135834411,0.5809798270893372,3402,10545.13042697173,19872.153288568377,19948.10753989097,22482,0.5944254835039818,0.6023952095808384,0.5831339712918661,0.333267169511711,0.333465660976578,0.333267169511711,14.1217858576733,14.124070817231582,14.140574418751276,14.399999999999997,3.629124865193839e-15,-3.552713678800501e-15,0,14.4,71.18291600000157
45,14.4,P2 fixed,p2,516,120,8354,5040,0.6033038065597318,0.6469833119383825,0.6014319809069213,3314,10700.542707345887,20074.003695784442,20141.827598515545,22291,0.6108433734939759,0.5998419909144775,0.6063764561618639,0.3333333333333333,0.3333333333333333,0.3333333333333333,14.12407150736344,14.124073865660755,14.140575474608807,14.399999999999997,3.629124865193839e-15,-3.552713678800501e-15,0,14.4,73.06720800000039
45,14.4,P2 fixed,p2,517,120,8496,5012,0.589924670433145,0.6206459784673845,0.5656565656565656,3484,11017.870301149058,20493.886849425522,20566.778104125155,23058,0.5908289241622575,0.5875295043273013,0.5961426066627703,0.3333998403830806,0.3332003192338388,0.3333998403830806,14.04228260312804,14.124078592285954,14.140576931338773,14.399999999999997,3.629124865193839e-15,-3.552713678800501e-15,0,14.4,71.75054100000125
45,14.4,P2 fixed,p2,518,120,8390,5006,0.5966626936829559,0.6740484429065744,0.582995951417004,3384,10568.480841662502,20317.64970223017,20394.77390041652,22793,0.6026682134570766,0.6023520031891568,0.5730745906610066,0.3333999200958849,0.33359968038353977,0.3330003995205753,14.03542858296671,14.124063182057697,14.140572029180044,14.399999999999997,3.629124865193839e-15,-3.552713678800501e-15,0,14.4,70.21700000000055
45,14.4,P2 fixed,p2,519,120,8388,5029,0.5995469718645684,0.6847527472527473,0.5746864310148233,3359,10394.751101533271,20012.169189596563,20077.158130657506,22344,0.5928439235040098,0.6035198734427526,0.5941520467836258,0.3332670511035991,0.3334658977928017,0.3332670511035991,14.096561491745577,14.124060762787416,14.140571479446782,14.399999999999997,3.629124865193839e-15,-3.552713678800501e-15,0,14.4,71.10124999999971
45,14.4,P2 fixed,p2,520,120,8555,5034,0.588427819988311,0.6536203522504892,0.5918966529653552,3521,11075.322768581336,21122.89273109067,21196.90264448422,23680,0.5859421145894861,0.5928376800311406,0.5777262180974478,0.3333333333333333,0.3333333333333333,0.3333333333333333,14.107254833072222,14.124066063334801,14.140572900355808,14.399999999999997,3.629124865193839e-15,-3.552713678800501e-15,0,14.4,75.51695899999686
45,14.4,P2 fixed,p2,521,120,8583,5028,0.5858091576371898,0.6501305483028721,0.5593784683684795,3555,10955.79487350224,20658.1249775069,20729.060862127782,23013,0.5856009070294784,0.5902381420980122,0.57307249712313,0.3333333333333333,0.3333333333333333,0.3333333333333333,14.090441484512187,14.124080265855113,14.140577431900374,14.399999999999997,3.629124865193839e-15,-3.552713678800501e-15,0,14.4,72.28662500000064
45,14.4,P2 fixed,p2,522,120,8415,5030,0.5977421271538919,0.6609271523178808,0.6064981949458483,3385,10823.493892975164,20507.86780037936,20581.87624006906,23010,0.5906398104265402,0.5945030870344553,0.6143024618991794,0.3332007952286282,0.3333996023856859,0.3333996023856859,14.097699629415406,14.124059961164072,14.140571120240367,14.399999999999997,3.629124865193839e-15,-3.552713678800501e-15,0,14.4,71.76958299999751
45,14.4,P2 fixed,p2,523,120,8540,5034,0.5894613583138173,0.6427196921103271,0.5740318906605922,3506,10929.721697225194,20440.033990124415,20509.413931130537,22827,0.6003531489111242,0.5904537418974661,0.576,0.3333333333333333,0.3333333333333333,0.3333333333333333,14.107254515321925,14.124075788882228,14.140576112938206,14.399999999999997,3.629124865193839e-15,-3.552713678800501e-15,0,14.4,73.77833299999838
45,14.4,P2 fixed,p2,524,120,8484,5030,0.5928807166430928,0.6518615284128021,0.5833333333333334,3454,10797.610825374804,20485.98864883439,20562.226585059612,23055,0.6094032549728752,0.5864017143970388,0.5963356973995272,0.3333996023856859,0.3333996023856859,0.3332007952286282,14.097709072633586,14.124072524078263,14.140575067992975,14.399999999999997,3.629124865193839e-15,-3.552713678800501e-15,0,14.4,75.71229099999982
45,14.4,P2 fixed,p2,525,120,8516,5040,0.5918271488961954,0.665785997357992,0.5590682196339434,3476,10679.416313327529,20274.913045788962,20343.63122029392,22491,0.585207100591716,0.5931875362879814,0.594333936106088,0.3333333333333333,0.3333333333333333,0.3333333333333333,14.124072029793235,14.124074509992367,14.140575544652991,14.399999999999997,3.629124865193839e-15,-3.552713678800501e-15,0,14.4,72.19654199999786
45,14.4,P2 fixed,p2,526,120,8461,5032,0.5947287554662569,0.6738544474393531,0.5870704717530577,3429,10626.986214585777,20314.098514047382,20386.81687784396,22846,0.5860849056603774,0.5947802197802198,0.603355302576393,0.3334658187599364,0.3332670906200318,0.3332670906200318,14.099991541806022,14.124067690077615,14.140573545120924,14.399999999999997,3.629124865193839e-15,-3.552713678800501e-15,0,14.4,71.95133300000089
45,14.4,P2 fixed,p2,527,120,8470,5036,0.5945690672963401,0.6596583442838371,0.588098016336056,3434,10645.146122704902,20341.778052076737,20415.084910415182,23050,0.575811209439528,0.5943004155946963,0.6138211382113821,0.3333995234312947,0.3333995234312947,0.33320095313741066,14.114518336070553,14.124064780070926,14.140572752384196,14.399999999999997,3.629124865193839e-15,-3.552713678800501e-15,0,14.4,73.61591599999883
45,14.4,P2 fixed,p2,528,120,8546,5037,0.5893985490287854,0.6446440025657473,0.5707814269535674,3509,11005.562270796776,20806.137605602078,20878.09942146196,23242,0.58347876672484,0.594743036484896,0.5795257374204743,0.3333333333333333,0.3333333333333333,0.3333333333333333,14.115662768343684,14.124066875590962,14.140573246887678,14.399999999999997,3.629124865193839e-15,-3.552713678800501e-15,0,14.4,75.70508400000108
45,14.4,P2 fixed,p2,529,120,8502,5038,0.5925664549517761,0.6834239130434783,0.5874125874125874,3464,10576.403480960522,20359.090014343426,20432.0298698252,22964,0.5939323220536756,0.5856782456821269,0.6128440366972477,0.333267169511711,0.333465660976578,0.333267169511711,14.12178395414252,14.124067324040931,14.140573210689135,14.399999999999997,3.629124865193839e-15,-3.552713678800501e-15,0,14.4,83.52666700000191
45,14.4,P2 fixed,p2,530,120,8533,5032,0.5897105355677956,0.6472491909385113,0.5743589743589743,3501,11134.632339034824,21089.133232910754,21159.054908154936,23400,0.5820556501987507,0.5879357618488054,0.6032412965186075,0.3334658187599364,0.3334658187599364,0.33306836248012717,14.104973733767359,14.124067914688844,14.140573572924618,14.399999999999997,3.629124865193839e-15,-3.552713678800501e-15,0,14.4,72.69054200000028
45,14.5,P2 fixed,p2,501,120,8431,5039,0.597675246115526,0.6509372979961215,0.5887850467289719,3392,10764.268863514199,20239.96151602778,20306.843512938103,22468,0.5897908979089791,0.5984714873603763,0.6028202115158637,0.33339948402460806,0.33339948402460806,0.3332010319507839,14.122929260968903,14.124075446948254,14.140575799756535,14.5,0,0,0,14.5,74.23495800000092
45,14.5,P2 fixed,p2,502,120,8488,5040,0.5937794533459001,0.6787878787878788,0.5826589595375723,3448,10645.978535068787,20315.116184865943,20387.01640970557,22799,0.5917225950782998,0.5900199600798404,0.6071005917159763,0.3333333333333333,0.3333333333333333,0.3333333333333333,14.124067387747493,14.12407269200281,14.140575344480661,14.5,0,0,0,14.5,72.15650000000096
45,14.5,P2 fixed,p2,503,120,8433,5038,0.5974149175856753,0.6635883905013192,0.5547605943863512,3395,10639.195603219705,20107.453006542364,20172.623531492693,22498,0.6127450980392157,0.5903899172902718,0.6035983749274522,0.333267169511711,0.333465660976578,0.333267169511711,14.121785989697086,14.124070488247881,14.140574368312812,14.5,0,0,0,14.5,71.25954199999978
45,14.5,P2 fixed,p2,504,120,8458,5040,0.5958855521399858,0.6622864651773982,0.5894736842105263,3418,10767.234537747188,20548.623257301104,20619.769940247163,23080,0.5991855730075626,0.5980701063410792,0.5857916917519567,0.3333333333333333,0.3333333333333333,0.3333333333333333,14.124064964236664,14.124063545776925,14.140572088194077,14.5,0,0,0,14.5,73.24537500000224
45,14.5,P2 fixed,p2,505,120,8451,5034,0.5956691515796947,0.6414852752880922,0.5840092699884125,3417,10866.56523998539,20521.945990145112,20597.107386391155,23052,0.6061946902654868,0.5914695775217303,0.5966981132075472,0.3333333333333333,0.3333333333333333,0.3333333333333333,14.107247947393912,14.12406885018673,14.1405739681327,14.5,0,0,0,14.5,74.0178330000017
45,14.5,P2 fixed,p2,506,120,8485,5038,0.593753682969947,0.6614069690992768,0.5701357466063348,3447,10781.192716068694,20374.63478901576,20443.159257905314,22656,0.6065759637188208,0.5888263665594855,0.5948424068767908,0.333267169511711,0.333267169511711,0.333465660976578,14.116804118468846,14.12407408658349,14.140575690815647,14.5,0,0,0,14.5,72.32954199999949
45,14.5,P2 fixed,p2,507,120,8459,5034,0.5951058044686133,0.6720321931589537,0.5773195876288659,3425,10863.630754332073,20538.85627196938,20609.18787308413,22907,0.5885139135583185,0.5958702064896755,0.599406528189911,0.3333333333333333,0.3333333333333333,0.3333333333333333,14.107254328668452,14.124063349209761,14.140572213861807,14.5,0,0,0,14.5,72.07220900000175
45,14.5,P2 fixed,p2,508,120,8258,5038,0.6100750787115524,0.6592398427260813,0.6098003629764065,3220,10499.496472401604,19892.566845307425,19966.871228972548,22388,0.6078799249530957,0.6126434467485403,0.6046099290780141,0.333267169511711,0.333267169511711,0.333465660976578,14.116806681238955,14.124068754902105,14.140573749211526,14.5,0,0,0,14.5,71.56170799999745
45,14.5,P2 fixed,p2,509,120,8403,5034,0.5990717600856836,0.6468689477081988,0.5816503173687247,3369,10846.082243290239,20515.177083380695,20589.024843292853,23046,0.5951248513674198,0.6033041401273885,0.5904537418974661,0.333134684147795,0.3333333333333333,0.3335319825188717,14.107255328711311,14.124079447593006,14.140576998353906,14.5,0,0,0,14.5,76.95416699999987
45,14.5,P2 fixed,p2,510,120,8479,5037,0.5940559028187287,0.6530214424951267,0.5672481710748453,3442,10704.076551346194,20209.656319724938,20279.722503120614,22606,0.5980975029726516,0.5940420560747663,0.5900060204695966,0.3333333333333333,0.3333333333333333,0.3333333333333333,14.11566040124853,14.124068395643851,14.140573593600264,14.5,0,0,0,14.5,72.21470799999952
45,14.5,P2 fixed,p2,511,120,8471,5040,0.5949710777948294,0.6440894568690095,0.5553719008264463,3431,10783.324854432925,20249.13988854378,20316.884006049455,22599,0.5973079080201907,0.5955280495108805,0.5908278737343657,0.3333333333333333,0.3333333333333333,0.3333333333333333,14.124069315138343,14.124061889619007,14.14057175377845,14.5,0,0,0,14.5,71.57612499999959
45,14.5,P2 fixed,p2,512,120,8386,5034,0.6002861912711662,0.6557591623036649,0.5905096660808435,3352,10558.880560591097,19839.07661891317,19906.86637137584,22338,0.5860827834433113,0.6052160063706948,0.5996462264150944,0.3333333333333333,0.3333333333333333,0.3333333333333333,14.107254765628195,14.124077461678908,14.140576521693886,14.5,0,0,0,14.5,72.544332999998
45,14.5,P2 fixed,p2,513,120,8393,5028,0.5990706541165257,0.6766304347826086,0.602510460251046,3365,10672.163953984495,20238.4817488298,20309.62622463323,22645,0.5969418960244648,0.6042654028436019,0.5855962219598583,0.3333333333333333,0.3333333333333333,0.3333333333333333,14.090442209598839,14.124073920116942,14.140575274223428,14.5,0,0,0,14.5,70.80695800000103
45,14.5,P2 fixed,p2,514,120,8461,5033,0.5948469448055785,0.6629139072847682,0.5870704717530577,3428,10687.533427362496,20390.086428821476,20468.8754807057,22903,0.6146140247495581,0.5898039215686275,0.5901442307692307,0.33339956288495926,0.33339956288495926,0.3332008742300815,14.106114503194695,14.124054007961677,14.140569266854792,14.5,0,0,0,14.5,71.4942919999994
45,14.5,P2 fixed,p2,515,120,8440,5038,0.5969194312796209,0.6507115135834411,0.5809798270893372,3402,10545.13042697173,19872.153288568377,19948.10753989097,22482,0.5944254835039818,0.6023952095808384,0.5831339712918661,0.333267169511711,0.333465660976578,0.333267169511711,14.1217858576733,14.124070817231582,14.140574418751276,14.5,0,0,0,14.5,71.1909999999989
45,14.5,P2 fixed,p2,516,120,8354,5040,0.6033038065597318,0.6469833119383825,0.6014319809069213,3314,10700.542707345887,20074.003695784442,20141.827598515545,22291,0.6108433734939759,0.5998419909144775,0.6063764561618639,0.3333333333333333,0.3333333333333333,0.3333333333333333,14.12407150736344,14.124073865660755,14.140575474608807,14.5,0,0,0,14.5,72.12895900000149
45,14.5,P2 fixed,p2,517,120,8496,5012,0.589924670433145,0.6206459784673845,0.5656565656565656,3484,11017.870301149058,20493.886849425522,20566.778104125155,23058,0.5908289241622575,0.5875295043273013,0.5961426066627703,0.3333998403830806,0.3332003192338388,0.3333998403830806,14.04228260312804,14.124078592285954,14.140576931338773,14.5,0,0,0,14.5,71.84279099999912
45,14.5,P2 fixed,p2,518,120,8390,5006,0.5966626936829559,0.6740484429065744,0.582995951417004,3384,10568.480841662502,20317.64970223017,20394.77390041652,22793,0.6026682134570766,0.6023520031891568,0.5730745906610066,0.3333999200958849,0.33359968038353977,0.3330003995205753,14.03542858296671,14.124063182057697,14.140572029180044,14.5,0,0,0,14.5,70.98025000000052
45,14.5,P2 fixed,p2,519,120,8388,5029,0.5995469718645684,0.6847527472527473,0.5746864310148233,3359,10394.751101533271,20012.169189596563,20077.158130657506,22344,0.5928439235040098,0.6035198734427526,0.5941520467836258,0.3332670511035991,0.3334658977928017,0.3332670511035991,14.096561491745577,14.124060762787416,14.140571479446782,14.5,0,0,0,14.5,71.46954199999891
45,14.5,P2 fixed,p2,520,120,8555,5034,0.588427819988311,0.6536203522504892,0.5918966529653552,3521,11075.322768581336,21122.89273109067,21196.90264448422,23680,0.5859421145894861,0.5928376800311406,0.5777262180974478,0.3333333333333333,0.3333333333333333,0.3333333333333333,14.107254833072222,14.124066063334801,14.140572900355808,14.5,0,0,0,14.5,74.82758299999841
45,14.5,P2 fixed,p2,521,120,8583,5028,0.5858091576371898,0.6501305483028721,0.5593784683684795,3555,10955.79487350224,20658.1249775069,20729.060862127782,23013,0.5856009070294784,0.5902381420980122,0.57307249712313,0.3333333333333333,0.3333333333333333,0.3333333333333333,14.090441484512187,14.124080265855113,14.140577431900374,14.5,0,0,0,14.5,72.5803339999984
45,14.5,P2 fixed,p2,522,120,8415,5030,0.5977421271538919,0.6609271523178808,0.6064981949458483,3385,10823.493892975164,20507.86780037936,20581.87624006906,23010,0.5906398104265402,0.5945030870344553,0.6143024618991794,0.3332007952286282,0.3333996023856859,0.3333996023856859,14.097699629415406,14.124059961164072,14.140571120240367,14.5,0,0,0,14.5,71.62083300000086
45,14.5,P2 fixed,p2,523,120,8540,5034,0.5894613583138173,0.6427196921103271,0.5740318906605922,3506,10929.721697225194,20440.033990124415,20509.413931130537,22827,0.6003531489111242,0.5904537418974661,0.576,0.3333333333333333,0.3333333333333333,0.3333333333333333,14.107254515321925,14.124075788882228,14.140576112938206,14.5,0,0,0,14.5,73.77300000000105
45,14.5,P2 fixed,p2,524,120,8484,5030,0.5928807166430928,0.6518615284128021,0.5833333333333334,3454,10797.610825374804,20485.98864883439,20562.226585059612,23055,0.6094032549728752,0.5864017143970388,0.5963356973995272,0.3333996023856859,0.3333996023856859,0.3332007952286282,14.097709072633586,14.124072524078263,14.140575067992975,14.5,0,0,0,14.5,74.43762499999866
45,14.5,P2 fixed,p2,525,120,8516,5040,0.5918271488961954,0.665785997357992,0.5590682196339434,3476,10679.416313327529,20274.913045788962,20343.63122029392,22491,0.585207100591716,0.5931875362879814,0.594333936106088,0.3333333333333333,0.3333333333333333,0.3333333333333333,14.124072029793235,14.124074509992367,14.140575544652991,14.5,0,0,0,14.5,82.52437500000087
45,14.5,P2 fixed,p2,526,120,8461,5032,0.5947287554662569,0.6738544474393531,0.5870704717530577,3429,10626.986214585777,20314.098514047382,20386.81687784396,22846,0.5860849056603774,0.5947802197802198,0.603355302576393,0.3334658187599364,0.3332670906200318,0.3332670906200318,14.099991541806022,14.124067690077615,14.140573545120924,14.5,0,0,0,14.5,72.28808299999946
45,14.5,P2 fixed,p2,527,120,8470,5036,0.5945690672963401,0.6596583442838371,0.588098016336056,3434,10645.146122704902,20341.778052076737,20415.084910415182,23050,0.575811209439528,0.5943004155946963,0.6138211382113821,0.3333995234312947,0.3333995234312947,0.33320095313741066,14.114518336070553,14.124064780070926,14.140572752384196,14.5,0,0,0,14.5,74.05495900000096
45,14.5,P2 fixed,p2,528,120,8546,5037,0.5893985490287854,0.6446440025657473,0.5707814269535674,3509,11005.562270796776,20806.137605602078,20878.09942146196,23242,0.58347876672484,0.594743036484896,0.5795257374204743,0.3333333333333333,0.3333333333333333,0.3333333333333333,14.115662768343684,14.124066875590962,14.140573246887678,14.5,0,0,0,14.5,76.29220799999894
45,14.5,P2 fixed,p2,529,120,8502,5038,0.5925664549517761,0.6834239130434783,0.5874125874125874,3464,10576.403480960522,20359.090014343426,20432.0298698252,22964,0.5939323220536756,0.5856782456821269,0.6128440366972477,0.333267169511711,0.333465660976578,0.333267169511711,14.12178395414252,14.124067324040931,14.140573210689135,14.5,0,0,0,14.5,72.73087499999747
45,14.5,P2 fixed,p2,530,120,8533,5032,0.5897105355677956,0.6472491909385113,0.5743589743589743,3501,11134.632339034824,21089.133232910754,21159.054908154936,23400,0.5820556501987507,0.5879357618488054,0.6032412965186075,0.3334658187599364,0.3334658187599364,0.33306836248012717,14.104973733767359,14.124067914688844,14.140573572924618,14.5,0,0,0,14.5,73.2635420000006
45,14.75,P2 fixed,p2,501,120,8431,5039,0.597675246115526,0.6509372979961215,0.5887850467289719,3392,10764.268863514199,20239.96151602778,20306.843512938103,22468,0.5897908979089791,0.5984714873603763,0.6028202115158637,0.33339948402460806,0.33339948402460806,0.3332010319507839,14.122929260968903,14.124075446948254,14.140575799756535,14.75,0,0,0,14.75,73.96720800000185
45,14.75,P2 fixed,p2,502,120,8488,5040,0.5937794533459001,0.6787878787878788,0.5826589595375723,3448,10645.978535068787,20315.116184865943,20387.01640970557,22799,0.5917225950782998,0.5900199600798404,0.6071005917159763,0.3333333333333333,0.3333333333333333,0.3333333333333333,14.124067387747493,14.12407269200281,14.140575344480661,14.75,0,0,0,14.75,72.04887500000041
45,14.75,P2 fixed,p2,503,120,8433,5038,0.5974149175856753,0.6635883905013192,0.5547605943863512,3395,10639.195603219705,20107.453006542364,20172.623531492693,22498,0.6127450980392157,0.5903899172902718,0.6035983749274522,0.333267169511711,0.333465660976578,0.333267169511711,14.121785989697086,14.124070488247881,14.140574368312812,14.75,0,0,0,14.75,71.57508400000006
45,14.75,P2 fixed,p2,504,120,8458,5040,0.5958855521399858,0.6622864651773982,0.5894736842105263,3418,10767.234537747188,20548.623257301104,20619.769940247163,23080,0.5991855730075626,0.5980701063410792,0.5857916917519567,0.3333333333333333,0.3333333333333333,0.3333333333333333,14.124064964236664,14.124063545776925,14.140572088194077,14.75,0,0,0,14.75,73.57683399999951
45,14.75,P2 fixed,p2,505,120,8451,5034,0.5956691515796947,0.6414852752880922,0.5840092699884125,3417,10866.56523998539,20521.945990145112,20597.107386391155,23052,0.6061946902654868,0.5914695775217303,0.5966981132075472,0.3333333333333333,0.3333333333333333,0.3333333333333333,14.107247947393912,14.12406885018673,14.1405739681327,14.75,0,0,0,14.75,74.27625000000262
45,14.75,P2 fixed,p2,506,120,8485,5038,0.593753682969947,0.6614069690992768,0.5701357466063348,3447,10781.192716068694,20374.63478901576,20443.159257905314,22656,0.6065759637188208,0.5888263665594855,0.5948424068767908,0.333267169511711,0.333267169511711,0.333465660976578,14.116804118468846,14.12407408658349,14.140575690815647,14.75,0,0,0,14.75,76.0040409999965
45,14.75,P2 fixed,p2,507,120,8459,5034,0.5951058044686133,0.6720321931589537,0.5773195876288659,3425,10863.630754332073,20538.85627196938,20609.18787308413,22907,0.5885139135583185,0.5958702064896755,0.599406528189911,0.3333333333333333,0.3333333333333333,0.3333333333333333,14.107254328668452,14.124063349209761,14.140572213861807,14.75,0,0,0,14.75,76.30529199999728
45,14.75,P2 fixed,p2,508,120,8258,5038,0.6100750787115524,0.6592398427260813,0.6098003629764065,3220,10499.496472401604,19892.566845307425,19966.871228972548,22388,0.6078799249530957,0.6126434467485403,0.6046099290780141,0.333267169511711,0.333267169511711,0.333465660976578,14.116806681238955,14.124068754902105,14.140573749211526,14.75,0,0,0,14.75,87.69250000000102
45,14.75,P2 fixed,p2,509,120,8403,5034,0.5990717600856836,0.6468689477081988,0.5816503173687247,3369,10846.082243290239,20515.177083380695,20589.024843292853,23046,0.5951248513674198,0.6033041401273885,0.5904537418974661,0.333134684147795,0.3333333333333333,0.3335319825188717,14.107255328711311,14.124079447593006,14.140576998353906,14.75,0,0,0,14.75,88.50379199999952
45,14.75,P2 fixed,p2,510,120,8479,5037,0.5940559028187287,0.6530214424951267,0.5672481710748453,3442,10704.076551346194,20209.656319724938,20279.722503120614,22606,0.5980975029726516,0.5940420560747663,0.5900060204695966,0.3333333333333333,0.3333333333333333,0.3333333333333333,14.11566040124853,14.124068395643851,14.140573593600264,14.75,0,0,0,14.75,79.19054200000028
45,14.75,P2 fixed,p2,511,120,8471,5040,0.5949710777948294,0.6440894568690095,0.5553719008264463,3431,10783.324854432925,20249.13988854378,20316.884006049455,22599,0.5973079080201907,0.5955280495108805,0.5908278737343657,0.3333333333333333,0.3333333333333333,0.3333333333333333,14.124069315138343,14.124061889619007,14.14057175377845,14.75,0,0,0,14.75,97.21274999999878
45,14.75,P2 fixed,p2,512,120,8386,5034,0.6002861912711662,0.6557591623036649,0.5905096660808435,3352,10558.880560591097,19839.07661891317,19906.86637137584,22338,0.5860827834433113,0.6052160063706948,0.5996462264150944,0.3333333333333333,0.3333333333333333,0.3333333333333333,14.107254765628195,14.124077461678908,14.140576521693886,14.75,0,0,0,14.75,89.16541700000016
45,14.75,P2 fixed,p2,513,120,8393,5028,0.5990706541165257,0.6766304347826086,0.602510460251046,3365,10672.163953984495,20238.4817488298,20309.62622463323,22645,0.5969418960244648,0.6042654028436019,0.5855962219598583,0.3333333333333333,0.3333333333333333,0.3333333333333333,14.090442209598839,14.124073920116942,14.140575274223428,14.75,0,0,0,14.75,72.49108400000114
45,14.75,P2 fixed,p2,514,120,8461,5033,0.5948469448055785,0.6629139072847682,0.5870704717530577,3428,10687.533427362496,20390.086428821476,20468.8754807057,22903,0.6146140247495581,0.5898039215686275,0.5901442307692307,0.33339956288495926,0.33339956288495926,0.3332008742300815,14.106114503194695,14.124054007961677,14.140569266854792,14.75,0,0,0,14.75,72.21954099999857
45,14.75,P2 fixed,p2,515,120,8440,5038,0.5969194312796209,0.6507115135834411,0.5809798270893372,3402,10545.13042697173,19872.153288568377,19948.10753989097,22482,0.5944254835039818,0.6023952095808384,0.5831339712918661,0.333267169511711,0.333465660976578,0.333267169511711,14.1217858576733,14.124070817231582,14.140574418751276,14.75,0,0,0,14.75,75.09512499999983
45,14.75,P2 fixed,p2,516,120,8354,5040,0.6033038065597318,0.6469833119383825,0.6014319809069213,3314,10700.542707345887,20074.003695784442,20141.827598515545,22291,0.6108433734939759,0.5998419909144775,0.6063764561618639,0.3333333333333333,0.3333333333333333,0.3333333333333333,14.12407150736344,14.124073865660755,14.140575474608807,14.75,0,0,0,14.75,73.76195799999914
45,14.75,P2 fixed,p2,517,120,8496,5012,0.589924670433145,0.6206459784673845,0.5656565656565656,3484,11017.870301149058,20493.886849425522,20566.778104125155,23058,0.5908289241622575,0.5875295043273013,0.5961426066627703,0.3333998403830806,0.3332003192338388,0.3333998403830806,14.04228260312804,14.124078592285954,14.140576931338773,14.75,0,0,0,14.75,73.08075000000099
45,14.75,P2 fixed,p2,518,120,8390,5006,0.5966626936829559,0.6740484429065744,0.582995951417004,3384,10568.480841662502,20317.64970223017,20394.77390041652,22793,0.6026682134570766,0.6023520031891568,0.5730745906610066,0.3333999200958849,0.33359968038353977,0.3330003995205753,14.03542858296671,14.124063182057697,14.140572029180044,14.75,0,0,0,14.75,70.57150000000183
45,14.75,P2 fixed,p2,519,120,8388,5029,0.5995469718645684,0.6847527472527473,0.5746864310148233,3359,10394.751101533271,20012.169189596563,20077.158130657506,22344,0.5928439235040098,0.6035198734427526,0.5941520467836258,0.3332670511035991,0.3334658977928017,0.3332670511035991,14.096561491745577,14.124060762787416,14.140571479446782,14.75,0,0,0,14.75,72.1013329999987
45,14.75,P2 fixed,p2,520,120,8555,5034,0.588427819988311,0.6536203522504892,0.5918966529653552,3521,11075.322768581336,21122.89273109067,21196.90264448422,23680,0.5859421145894861,0.5928376800311406,0.5777262180974478,0.3333333333333333,0.3333333333333333,0.3333333333333333,14.107254833072222,14.124066063334801,14.140572900355808,14.75,0,0,0,14.75,76.49091699999917
45,14.75,P2 fixed,p2,521,120,8583,5028,0.5858091576371898,0.6501305483028721,0.5593784683684795,3555,10955.79487350224,20658.1249775069,20729.060862127782,23013,0.5856009070294784,0.5902381420980122,0.57307249712313,0.3333333333333333,0.3333333333333333,0.3333333333333333,14.090441484512187,14.124080265855113,14.140577431900374,14.75,0,0,0,14.75,73.03512499999852
45,14.75,P2 fixed,p2,522,120,8415,5030,0.5977421271538919,0.6609271523178808,0.6064981949458483,3385,10823.493892975164,20507.86780037936,20581.87624006906,23010,0.5906398104265402,0.5945030870344553,0.6143024618991794,0.3332007952286282,0.3333996023856859,0.3333996023856859,14.097699629415406,14.124059961164072,14.140571120240367,14.75,0,0,0,14.75,91.57999999999811
45,14.75,P2 fixed,p2,523,120,8540,5034,0.5894613583138173,0.6427196921103271,0.5740318906605922,3506,10929.721697225194,20440.033990124415,20509.413931130537,22827,0.6003531489111242,0.5904537418974661,0.576,0.3333333333333333,0.3333333333333333,0.3333333333333333,14.107254515321925,14.124075788882228,14.140576112938206,14.75,0,0,0,14.75,75.58337500000198
45,14.75,P2 fixed,p2,524,120,8484,5030,0.5928807166430928,0.6518615284128021,0.5833333333333334,3454,10797.610825374804,20485.98864883439,20562.226585059612,23055,0.6094032549728752,0.5864017143970388,0.5963356973995272,0.3333996023856859,0.3333996023856859,0.3332007952286282,14.097709072633586,14.124072524078263,14.140575067992975,14.75,0,0,0,14.75,75.23912500000006
45,14.75,P2 fixed,p2,525,120,8516,5040,0.5918271488961954,0.665785997357992,0.5590682196339434,3476,10679.416313327529,20274.913045788962,20343.63122029392,22491,0.585207100591716,0.5931875362879814,0.594333936106088,0.3333333333333333,0.3333333333333333,0.3333333333333333,14.124072029793235,14.124074509992367,14.140575544652991,14.75,0,0,0,14.75,72.2835419999974
45,14.75,P2 fixed,p2,526,120,8461,5032,0.5947287554662569,0.6738544474393531,0.5870704717530577,3429,10626.986214585777,20314.098514047382,20386.81687784396,22846,0.5860849056603774,0.5947802197802198,0.603355302576393,0.3334658187599364,0.3332670906200318,0.3332670906200318,14.099991541806022,14.124067690077615,14.140573545120924,14.75,0,0,0,14.75,71.85124999999971
45,14.75,P2 fixed,p2,527,120,8470,5036,0.5945690672963401,0.6596583442838371,0.588098016336056,3434,10645.146122704902,20341.778052076737,20415.084910415182,23050,0.575811209439528,0.5943004155946963,0.6138211382113821,0.3333995234312947,0.3333995234312947,0.33320095313741066,14.114518336070553,14.124064780070926,14.140572752384196,14.75,0,0,0,14.75,74.3427499999998
45,14.75,P2 fixed,p2,528,120,8546,5037,0.5893985490287854,0.6446440025657473,0.5707814269535674,3509,11005.562270796776,20806.137605602078,20878.09942146196,23242,0.58347876672484,0.594743036484896,0.5795257374204743,0.3333333333333333,0.3333333333333333,0.3333333333333333,14.115662768343684,14.124066875590962,14.140573246887678,14.75,0,0,0,14.75,73.61795800000255
45,14.75,P2 fixed,p2,529,120,8502,5038,0.5925664549517761,0.6834239130434783,0.5874125874125874,3464,10576.403480960522,20359.090014343426,20432.0298698252,22964,0.5939323220536756,0.5856782456821269,0.6128440366972477,0.333267169511711,0.333465660976578,0.333267169511711,14.12178395414252,14.124067324040931,14.140573210689135,14.75,0,0,0,14.75,73.48183399999834
45,14.75,P2 fixed,p2,530,120,8533,5032,0.5897105355677956,0.6472491909385113,0.5743589743589743,3501,11134.632339034824,21089.133232910754,21159.054908154936,23400,0.5820556501987507,0.5879357618488054,0.6032412965186075,0.3334658187599364,0.3334658187599364,0.33306836248012717,14.104973733767359,14.124067914688844,14.140573572924618,14.75,0,0,0,14.75,76.42854199999783
45,15,P2 fixed,p2,501,120,8431,5039,0.597675246115526,0.6509372979961215,0.5887850467289719,3392,10764.268863514199,20239.96151602778,20306.843512938103,22468,0.5897908979089791,0.5984714873603763,0.6028202115158637,0.33339948402460806,0.33339948402460806,0.3332010319507839,14.122929260968903,14.124075446948254,14.140575799756535,15,0,0,0,15,74.66983400000026
45,15,P2 fixed,p2,502,120,8488,5040,0.5937794533459001,0.6787878787878788,0.5826589595375723,3448,10645.978535068787,20315.116184865943,20387.01640970557,22799,0.5917225950782998,0.5900199600798404,0.6071005917159763,0.3333333333333333,0.3333333333333333,0.3333333333333333,14.124067387747493,14.12407269200281,14.140575344480661,15,0,0,0,15,73.28612499999872
45,15,P2 fixed,p2,503,120,8433,5038,0.5974149175856753,0.6635883905013192,0.5547605943863512,3395,10639.195603219705,20107.453006542364,20172.623531492693,22498,0.6127450980392157,0.5903899172902718,0.6035983749274522,0.333267169511711,0.333465660976578,0.333267169511711,14.121785989697086,14.124070488247881,14.140574368312812,15,0,0,0,15,72.12666700000045
45,15,P2 fixed,p2,504,120,8458,5040,0.5958855521399858,0.6622864651773982,0.5894736842105263,3418,10767.234537747188,20548.623257301104,20619.769940247163,23080,0.5991855730075626,0.5980701063410792,0.5857916917519567,0.3333333333333333,0.3333333333333333,0.3333333333333333,14.124064964236664,14.124063545776925,14.140572088194077,15,0,0,0,15,77.0477499999979
45,15,P2 fixed,p2,505,120,8451,5034,0.5956691515796947,0.6414852752880922,0.5840092699884125,3417,10866.56523998539,20521.945990145112,20597.107386391155,23052,0.6061946902654868,0.5914695775217303,0.5966981132075472,0.3333333333333333,0.3333333333333333,0.3333333333333333,14.107247947393912,14.12406885018673,14.1405739681327,15,0,0,0,15,84.3950420000001
45,15,P2 fixed,p2,506,120,8485,5038,0.593753682969947,0.6614069690992768,0.5701357466063348,3447,10781.192716068694,20374.63478901576,20443.159257905314,22656,0.6065759637188208,0.5888263665594855,0.5948424068767908,0.333267169511711,0.333267169511711,0.333465660976578,14.116804118468846,14.12407408658349,14.140575690815647,15,0,0,0,15,76.67625000000044
45,15,P2 fixed,p2,507,120,8459,5034,0.5951058044686133,0.6720321931589537,0.5773195876288659,3425,10863.630754332073,20538.85627196938,20609.18787308413,22907,0.5885139135583185,0.5958702064896755,0.599406528189911,0.3333333333333333,0.3333333333333333,0.3333333333333333,14.107254328668452,14.124063349209761,14.140572213861807,15,0,0,0,15,75.59258399999817
45,15,P2 fixed,p2,508,120,8258,5038,0.6100750787115524,0.6592398427260813,0.6098003629764065,3220,10499.496472401604,19892.566845307425,19966.871228972548,22388,0.6078799249530957,0.6126434467485403,0.6046099290780141,0.333267169511711,0.333267169511711,0.333465660976578,14.116806681238955,14.124068754902105,14.140573749211526,15,0,0,0,15,76.34366699999737
45,15,P2 fixed,p2,509,120,8403,5034,0.5990717600856836,0.6468689477081988,0.5816503173687247,3369,10846.082243290239,20515.177083380695,20589.024843292853,23046,0.5951248513674198,0.6033041401273885,0.5904537418974661,0.333134684147795,0.3333333333333333,0.3335319825188717,14.107255328711311,14.124079447593006,14.140576998353906,15,0,0,0,15,71.82274999999936
45,15,P2 fixed,p2,510,120,8479,5037,0.5940559028187287,0.6530214424951267,0.5672481710748453,3442,10704.076551346194,20209.656319724938,20279.722503120614,22606,0.5980975029726516,0.5940420560747663,0.5900060204695966,0.3333333333333333,0.3333333333333333,0.3333333333333333,14.11566040124853,14.124068395643851,14.140573593600264,15,0,0,0,15,80.63908300000185
45,15,P2 fixed,p2,511,120,8471,5040,0.5949710777948294,0.6440894568690095,0.5553719008264463,3431,10783.324854432925,20249.13988854378,20316.884006049455,22599,0.5973079080201907,0.5955280495108805,0.5908278737343657,0.3333333333333333,0.3333333333333333,0.3333333333333333,14.124069315138343,14.124061889619007,14.14057175377845,15,0,0,0,15,75.38904099999854
45,15,P2 fixed,p2,512,120,8386,5034,0.6002861912711662,0.6557591623036649,0.5905096660808435,3352,10558.880560591097,19839.07661891317,19906.86637137584,22338,0.5860827834433113,0.6052160063706948,0.5996462264150944,0.3333333333333333,0.3333333333333333,0.3333333333333333,14.107254765628195,14.124077461678908,14.140576521693886,15,0,0,0,15,72.76825000000099
45,15,P2 fixed,p2,513,120,8393,5028,0.5990706541165257,0.6766304347826086,0.602510460251046,3365,10672.163953984495,20238.4817488298,20309.62622463323,22645,0.5969418960244648,0.6042654028436019,0.5855962219598583,0.3333333333333333,0.3333333333333333,0.3333333333333333,14.090442209598839,14.124073920116942,14.140575274223428,15,0,0,0,15,71.17304200000217
45,15,P2 fixed,p2,514,120,8461,5033,0.5948469448055785,0.6629139072847682,0.5870704717530577,3428,10687.533427362496,20390.086428821476,20468.8754807057,22903,0.6146140247495581,0.5898039215686275,0.5901442307692307,0.33339956288495926,0.33339956288495926,0.3332008742300815,14.106114503194695,14.124054007961677,14.140569266854792,15,0,0,0,15,71.75508300000001
45,15,P2 fixed,p2,515,120,8440,5038,0.5969194312796209,0.6507115135834411,0.5809798270893372,3402,10545.13042697173,19872.153288568377,19948.10753989097,22482,0.5944254835039818,0.6023952095808384,0.5831339712918661,0.333267169511711,0.333465660976578,0.333267169511711,14.1217858576733,14.124070817231582,14.140574418751276,15,0,0,0,15,72.5091250000005
45,15,P2 fixed,p2,516,120,8354,5040,0.6033038065597318,0.6469833119383825,0.6014319809069213,3314,10700.542707345887,20074.003695784442,20141.827598515545,22291,0.6108433734939759,0.5998419909144775,0.6063764561618639,0.3333333333333333,0.3333333333333333,0.3333333333333333,14.12407150736344,14.124073865660755,14.140575474608807,15,0,0,0,15,74.10370799999873
45,15,P2 fixed,p2,517,120,8496,5012,0.589924670433145,0.6206459784673845,0.5656565656565656,3484,11017.870301149058,20493.886849425522,20566.778104125155,23058,0.5908289241622575,0.5875295043273013,0.5961426066627703,0.3333998403830806,0.3332003192338388,0.3333998403830806,14.04228260312804,14.124078592285954,14.140576931338773,15,0,0,0,15,72.03904200000034
45,15,P2 fixed,p2,518,120,8390,5006,0.5966626936829559,0.6740484429065744,0.582995951417004,3384,10568.480841662502,20317.64970223017,20394.77390041652,22793,0.6026682134570766,0.6023520031891568,0.5730745906610066,0.3333999200958849,0.33359968038353977,0.3330003995205753,14.03542858296671,14.124063182057697,14.140572029180044,15,0,0,0,15,74.2768329999999
45,15,P2 fixed,p2,519,120,8388,5029,0.5995469718645684,0.6847527472527473,0.5746864310148233,3359,10394.751101533271,20012.169189596563,20077.158130657506,22344,0.5928439235040098,0.6035198734427526,0.5941520467836258,0.3332670511035991,0.3334658977928017,0.3332670511035991,14.096561491745577,14.124060762787416,14.140571479446782,15,0,0,0,15,87.99474999999802
45,15,P2 fixed,p2,520,120,8555,5034,0.588427819988311,0.6536203522504892,0.5918966529653552,3521,11075.322768581336,21122.89273109067,21196.90264448422,23680,0.5859421145894861,0.5928376800311406,0.5777262180974478,0.3333333333333333,0.3333333333333333,0.3333333333333333,14.107254833072222,14.124066063334801,14.140572900355808,15,0,0,0,15,74.93320799999856
45,15,P2 fixed,p2,521,120,8583,5028,0.5858091576371898,0.6501305483028721,0.5593784683684795,3555,10955.79487350224,20658.1249775069,20729.060862127782,23013,0.5856009070294784,0.5902381420980122,0.57307249712313,0.3333333333333333,0.3333333333333333,0.3333333333333333,14.090441484512187,14.124080265855113,14.140577431900374,15,0,0,0,15,75.2789159999993
45,15,P2 fixed,p2,522,120,8415,5030,0.5977421271538919,0.6609271523178808,0.6064981949458483,3385,10823.493892975164,20507.86780037936,20581.87624006906,23010,0.5906398104265402,0.5945030870344553,0.6143024618991794,0.3332007952286282,0.3333996023856859,0.3333996023856859,14.097699629415406,14.124059961164072,14.140571120240367,15,0,0,0,15,145.3060000000005
45,15,P2 fixed,p2,523,120,8540,5034,0.5894613583138173,0.6427196921103271,0.5740318906605922,3506,10929.721697225194,20440.033990124415,20509.413931130537,22827,0.6003531489111242,0.5904537418974661,0.576,0.3333333333333333,0.3333333333333333,0.3333333333333333,14.107254515321925,14.124075788882228,14.140576112938206,15,0,0,0,15,74.72233299999789
45,15,P2 fixed,p2,524,120,8484,5030,0.5928807166430928,0.6518615284128021,0.5833333333333334,3454,10797.610825374804,20485.98864883439,20562.226585059612,23055,0.6094032549728752,0.5864017143970388,0.5963356973995272,0.3333996023856859,0.3333996023856859,0.3332007952286282,14.097709072633586,14.124072524078263,14.140575067992975,15,0,0,0,15,75.62787499999831
45,15,P2 fixed,p2,525,120,8516,5040,0.5918271488961954,0.665785997357992,0.5590682196339434,3476,10679.416313327529,20274.913045788962,20343.63122029392,22491,0.585207100591716,0.5931875362879814,0.594333936106088,0.3333333333333333,0.3333333333333333,0.3333333333333333,14.124072029793235,14.124074509992367,14.140575544652991,15,0,0,0,15,75.8248330000024
45,15,P2 fixed,p2,526,120,8461,5032,0.5947287554662569,0.6738544474393531,0.5870704717530577,3429,10626.986214585777,20314.098514047382,20386.81687784396,22846,0.5860849056603774,0.5947802197802198,0.603355302576393,0.3334658187599364,0.3332670906200318,0.3332670906200318,14.099991541806022,14.124067690077615,14.140573545120924,15,0,0,0,15,71.77683400000024
45,15,P2 fixed,p2,527,120,8470,5036,0.5945690672963401,0.6596583442838371,0.588098016336056,3434,10645.146122704902,20341.778052076737,20415.084910415182,23050,0.575811209439528,0.5943004155946963,0.6138211382113821,0.3333995234312947,0.3333995234312947,0.33320095313741066,14.114518336070553,14.124064780070926,14.140572752384196,15,0,0,0,15,72.31908399999884
45,15,P2 fixed,p2,528,120,8546,5037,0.5893985490287854,0.6446440025657473,0.5707814269535674,3509,11005.562270796776,20806.137605602078,20878.09942146196,23242,0.58347876672484,0.594743036484896,0.5795257374204743,0.3333333333333333,0.3333333333333333,0.3333333333333333,14.115662768343684,14.124066875590962,14.140573246887678,15,0,0,0,15,73.95087499999863
45,15,P2 fixed,p2,529,120,8502,5038,0.5925664549517761,0.6834239130434783,0.5874125874125874,3464,10576.403480960522,20359.090014343426,20432.0298698252,22964,0.5939323220536756,0.5856782456821269,0.6128440366972477,0.333267169511711,0.333465660976578,0.333267169511711,14.12178395414252,14.124067324040931,14.140573210689135,15,0,0,0,15,72.18975000000137
45,15,P2 fixed,p2,530,120,8533,5032,0.5897105355677956,0.6472491909385113,0.5743589743589743,3501,11134.632339034824,21089.133232910754,21159.054908154936,23400,0.5820556501987507,0.5879357618488054,0.6032412965186075,0.3334658187599364,0.3334658187599364,0.33306836248012717,14.104973733767359,14.124067914688844,14.140573572924618,15,0,0,0,15,73.5872500000005
45,18,P2 fixed,p2,501,120,8431,5489,0.6510496975447753,0.7032967032967034,0.6413551401869159,2942,9309.679126327012,17466.709982146924,17540.26296418991,19501,0.6549815498154982,0.6502057613168725,0.6498237367802585,0.3302969575514666,0.33958826744397885,0.33011477500455455,15.553314475288893,15.534549249560287,15.65187355280723,18,0,0,0,18,71.77891699999964
45,18,P2 fixed,p2,502,120,8488,5486,0.6463242224316682,0.731986531986532,0.6364161849710983,3002,9267.427320527433,17730.82373712997,17815.839109900015,20012,0.6448545861297539,0.6427145708582834,0.6585798816568047,0.3315712723295662,0.33703973751367117,0.33138899015676265,15.475184197037487,15.626358651451694,15.776866489777943,18,0,0,0,18,71.99487500000032
45,18,P2 fixed,p2,503,120,8433,5493,0.6513696193525436,0.7209762532981531,0.6053935057787562,2940,9143.8329445419,17278.55357900199,17357.604243940285,19234,0.6605392156862745,0.6474990153603781,0.6540917005223448,0.3309666848716548,0.3384307300200255,0.3306025851083197,15.532982101800915,15.620655888694307,15.776660050276474,18,0,0,0,18,75.50083399999858
45,18,P2 fixed,p2,504,120,8458,5492,0.6493260818160321,0.716819973718791,0.6432748538011696,2966,9341.253990678002,17876.60504671654,17953.22870459048,19917,0.6463059918557301,0.6508467900748326,0.6478025285972305,0.3310269482884195,0.3395848506919155,0.329388201019665,15.561720328590754,15.496155090397451,15.569370175000685,18,0,0,0,18,70.63141600000017
45,18,P2 fixed,p2,505,120,8451,5495,0.6502189090048515,0.6984635083226632,0.6384704519119351,2956,9382.860255078112,17837.809698791138,17914.7892948141,19839,0.6548672566371682,0.647260966242167,0.6538915094339622,0.33121019108280253,0.3375796178343949,0.33121019108280253,15.515341675194454,15.532473795685817,15.611244664313935,18,0,0,0,18,70.95429100000183
45,18,P2 fixed,p2,506,120,8485,5488,0.6467884502062463,0.7172912557527942,0.6221719457013575,2997,9337.139040329854,17647.931449850636,17729.306924259505,19785,0.6570294784580499,0.6440916398713826,0.6441260744985673,0.3321793002915452,0.3356413994169096,0.3321793002915452,15.442620554983685,15.545966121792018,15.652289649608184,18,0,0,0,18,72.59354099999837
45,18,P2 fixed,p2,507,120,8459,5466,0.6461756708830831,0.716297786720322,0.6311569301260023,2993,9571.88282027618,17904.535448079965,17979.02522968945,19786,0.6494967436352872,0.6454277286135693,0.6451038575667656,0.3311379436516648,0.3375411635565313,0.3313208927918039,15.432418519545049,15.48267389265579,15.528328787339815,18,0,0,0,18,73.98083400000178
45,18,P2 fixed,p2,508,120,8258,5486,0.6643255025429886,0.7142857142857143,0.6654567453115547,2772,9046.501249828276,17243.989641799202,17322.87317954485,19314,0.6797998749218261,0.6603583652103886,0.6613475177304965,0.3308421436383522,0.33849799489609916,0.33065986146554865,15.515034117784806,15.595754179651875,15.735201798246308,18,0,0,0,18,69.07387499999822
45,18,P2 fixed,p2,509,120,8403,5476,0.6516720218969416,0.6952872821174951,0.6335833814195038,2927,9479.636344675782,17868.407019689093,17947.1401530532,19833,0.6516052318668252,0.6536624203821656,0.6458456098998232,0.3319941563184806,0.3363769174579985,0.3316289262235208,15.428907988120015,15.484744393063345,15.568956239598066,18,0,0,0,18,70.70687499999985
45,18,P2 fixed,p2,510,120,8479,5480,0.6463026300271258,0.6998050682261209,0.618458075407991,2999,9338.746829037476,17643.627577912415,17721.58486551282,19874,0.6492271105826397,0.6464174454828661,0.6429861529199278,0.33138686131386863,0.3374087591240876,0.3312043795620438,15.468332715582736,15.5651519161469,15.693537659476988,18,0,0,0,18,71.77758299999914
45,18,P2 fixed,p2,511,120,8471,5497,0.6489198441742415,0.6996805111821086,0.6066115702479339,2974,9284.713700455004,17425.84754596229,17496.388315279222,19320,0.6517106001121705,0.6498303054501896,0.6432400238237046,0.3307258504638894,0.338184464253229,0.3310896852828816,15.537551545984183,15.52676896691046,15.611037743675867,18,0,0,0,18,72.55866600000081
45,18,P2 fixed,p2,512,120,8386,5494,0.6551395182446935,0.7133507853403142,0.6444053895723492,2892,9041.867331167288,17129.84914059381,17212.07785498388,19174,0.644871025794841,0.6613577543300816,0.6468160377358491,0.3318165271204951,0.33764106297779395,0.33054240990171097,15.514202356987113,15.471262387526489,15.527914408808089,18,0,0,0,18,70.05225000000064
45,18,P2 fixed,p2,513,120,8393,5463,0.6508995591564399,0.7221467391304348,0.6569037656903766,2930,9367.920168887107,17666.364499482428,17741.074331765336,19876,0.6501529051987768,0.6538309636650869,0.6428571428571429,0.3304045396302398,0.338458722313747,0.3311367380560132,15.448912565613046,15.565143346247604,15.693534966503593,18,0,0,0,18,70.00837500000125
45,18,P2 fixed,p2,514,120,8461,5475,0.6470866327857228,0.714569536423841,0.6400698893418754,2986,9312.017543512346,17829.753376113742,17908.954579959518,19939,0.6700058927519151,0.64,0.6454326923076923,0.3315068493150685,0.3382648401826484,0.33022831050228313,15.477564284166675,15.465547633720535,15.527704681464423,18,0,0,0,18,71.88387499999953
45,18,P2 fixed,p2,515,120,8440,5492,0.6507109004739337,0.7063389391979301,0.6345821325648415,2948,9081.542136402386,17329.941800679488,17413.160007985487,19656,0.6450511945392492,0.656686626746507,0.638755980861244,0.3319373634377276,0.3372177713037145,0.3308448652585579,15.496980087350698,15.526775969843554,15.611039910423827,18,0,0,0,18,71.16825000000244
45,18,P2 fixed,p2,516,120,8354,5481,0.6560928896337084,0.6919127086007703,0.655727923627685,2873,9319.578707932553,17364.42123089212,17442.819102037465,19432,0.6692771084337349,0.6521825004937783,0.6548129981606376,0.33077905491698595,0.33807699324940704,0.331143951833607,15.489391812875937,15.515358800447645,15.610624051969047,18,0,0,0,18,80.90266700000211
45,18,P2 fixed,p2,517,120,8496,5453,0.641831450094162,0.6662444585180494,0.6167227833894501,3043,9642.70935657269,17885.936906732157,17962.960026289835,19851,0.6460905349794238,0.6390637293469709,0.6458211572180012,0.33174399413167066,0.3374289381991564,0.3308270676691729,15.392669612606287,15.5402599484312,15.652082278846985,18,0,0,0,18,71.46500000000015
45,18,P2 fixed,p2,518,120,8390,5431,0.6473182359952324,0.714878892733564,0.6373626373626373,2959,9339.35682433422,17865.15559977101,17940.04598374318,19947,0.6583526682134571,0.652182579230616,0.6209824135839903,0.33161480390351683,0.33713864849935554,0.3312465475971276,15.322721734768718,15.482685838422976,15.528332402997364,18,0,0,0,18,69.73466600000029
45,18,P2 fixed,p2,519,120,8388,5467,0.6517644253695756,0.7342032967032966,0.6265678449258837,2921,9038.909488568226,17379.844633580815,17458.39113581834,19443,0.6434299814929056,0.6571089578801661,0.643859649122807,0.3305286263032742,0.33766233766233766,0.33180903603438816,15.438545858509169,15.490451441372945,15.569163795221742,18,0,0,0,18,70.99708299999838
45,18,P2 fixed,p2,520,120,8555,5489,0.6416130917592051,0.7103718199608611,0.6465061655901351,3066,9641.426616747802,18498.752284299157,18577.797326211217,20582,0.6396928529238038,0.6469443363176334,0.6276102088167054,0.3306613226452906,0.33885953725633083,0.3304791400983786,15.533392280410178,15.601468019998064,15.735411196838706,18,0,0,0,18,74.3747499999954
45,18,P2 fixed,p2,521,120,8583,5469,0.6371897937783991,0.6951697127937336,0.6109877913429522,3114,9622.1971416155,18038.586197767952,18118.22194237125,20159,0.6298185941043084,0.6443613461916945,0.6237054085155351,0.3309562991406107,0.33808740171877855,0.3309562991406107,15.45576506251345,15.626366029422352,15.776868470954929,18,0,0,0,18,71.72333400000207
45,18,P2 fixed,p2,522,120,8415,5491,0.6525252525252525,0.7185430463576159,0.6630565583634176,2924,9364.59336349502,17815.790195155183,17900.882097203114,20042,0.6427725118483413,0.6510655247958574,0.6664712778429074,0.33163358222545986,0.33946457840101985,0.3289018393735203,15.55559095162072,15.65697612844383,15.818535008940977,18,0,0,0,18,75.36858300000313
45,18,P2 fixed,p2,523,120,8540,5477,0.6413348946135832,0.6946760744066709,0.6258542141230068,3063,9512.135407670423,17809.896859269113,17888.50232239159,20049,0.646262507357269,0.6417206835592222,0.6354285714285715,0.33156837684863977,0.3377761548292861,0.33065546832207415,15.469891486340504,15.515352612001204,15.610622183454339,18,0,0,0,18,71.66033299999981
45,18,P2 fixed,p2,524,120,8484,5473,0.6450966525223951,0.7067276290006531,0.6348379629629629,3011,9381.473553542846,17936.0973872051,18014.748150390224,20032,0.6534056660638939,0.6427040716929671,0.6442080378250591,0.33126256166636214,0.33930202813813265,0.3294354101955052,15.500179219107128,15.578624123496397,15.734576220118056,18,0,0,0,18,73.0625
45,18,P2 fixed,p2,525,120,8516,5470,0.6423203381869422,0.7067371202113606,0.6112035496394898,3046,9402.504008677952,17645.357193957418,17717.56718403092,19611,0.6319526627218935,0.6460228372363074,0.6413502109704642,0.3314442413162706,0.33711151736745887,0.3314442413162706,15.432011646820182,15.632071810247387,15.77707553742475,18,0,0,0,18,75.04541600000084
45,18,P2 fixed,p2,526,120,8461,5468,0.6462593074104716,0.7210242587601078,0.638905066977286,2993,9307.040679300011,17806.831959632178,17892.27348333715,20179,0.6344339622641509,0.6473704866562009,0.6548831635710006,0.3306510607168983,0.33997805413313825,0.32937088514996343,15.50442086482672,15.528832647403265,15.65166319640206,18,0,0,0,18,70.33674999999494
45,18,P2 fixed,p2,527,120,8470,5483,0.6473435655253837,0.7109067017082786,0.6423570595099183,2987,9293.244186257338,17889.41000810257,17976.583716341727,20222,0.6377581120943953,0.6451612903225806,0.6631823461091754,0.3326645996717126,0.33667700164143716,0.33065839868685026,15.456822611905114,15.551666747262546,15.652495086585638,18,0,0,0,18,70.8480419999978
45,18,P2 fixed,p2,528,120,8546,5478,0.6410016381933068,0.6933932007697242,0.6223103057757644,3068,9642.554608492914,18117.64849360919,18191.0622699621,19882,0.6335078534031413,0.6486857591212241,0.6257952573742047,0.3313253012048193,0.3388097845929171,0.3298649142022636,15.500908958868058,15.490461361942565,15.569166698524576,18,0,0,0,18,72.92437500000233
45,18,P2 fixed,p2,529,120,8502,5478,0.644318983768525,0.7323369565217391,0.6404428904428905,3024,9258.74562885493,17857.928455140485,17943.521573990027,20025,0.6487747957992999,0.638074907820687,0.6593272171253822,0.33150784958013874,0.3378970427163198,0.33059510770354145,15.47600806274991,15.614945959714186,15.77645171837487,18,0,0,0,18,74.40708300000551
45,18,P2 fixed,p2,530,120,8533,5480,0.6422125864291574,0.6990291262135923,0.6273504273504273,3053,9745.15507197359,18367.188376460024,18436.170130929237,20401,0.637137989778535,0.6378770074422249,0.6608643457382953,0.33138686131386863,0.33813868613138687,0.3304744525547445,15.488252929741643,15.601468618882402,15.735411597790176,18,0,0,0,18,72.17141700000502
45,14,P3-U,p3u,501,120,8431,5033,0.5969635867631361,0.665158371040724,0.5852803738317757,3398,10644.15072020108,20268.26783872654,20333.408675636234,22491,0.5897908979089791,0.5972957084068196,0.6028202115158637,0.3337969401947149,0.33240611961057026,0.3337969401947149,14.081266155992433,14.040042020643988,14.05641791104432,14.586205988693594,0.28688307394251394,0.5862059886935942,2,14.246170763308498,77.82758300000569
45,14,P3-U,p3u,502,120,8488,5032,0.592836946277097,0.6922558922558922,0.5780346820809249,3456,10534.971606989477,20348.1179260212,20416.01346403153,22839,0.5911633109619687,0.5892215568862276,0.6053254437869823,0.3338632750397456,0.3322734499205087,0.3338632750397456,14.075142877179863,13.978827286454106,13.973087282682767,14.511276220165671,0.3423683127966039,0.5112762201656711,4,14.846222276471677,79.34833300000173
45,14,P3-U,p3u,503,120,8433,5032,0.5967034270129254,0.679419525065963,0.550357732526142,3401,10506.377495744518,20127.78290624315,20193.748891241423,22524,0.6121323529411765,0.5894052776683734,0.6035983749274522,0.3338632750397456,0.3322734499205087,0.3338632750397456,14.075154559176898,13.978838649975723,13.973090571728903,14.51104018933336,0.34237016275765997,0.5110401893333592,4,14.845959140612953,78.15183299999626
45,14,P3-U,p3u,504,120,8458,5033,0.5950579333175692,0.676084099868594,0.5859649122807018,3425,10654.996649880233,20581.719675657423,20650.26343315986,23131,0.5986038394415357,0.5976762504923198,0.5833835039133053,0.3337969401947149,0.33240611961057026,0.3337969401947149,14.081254985792382,14.040030229078589,14.05641421732532,14.586443892596128,0.2868856816177146,0.5864438925961277,2,14.246417836976955,72.87679200000275
45,14,P3-U,p3u,505,120,8451,5032,0.5954324931960715,0.6594110115236875,0.5793742757821553,3419,10699.785888085727,20516.63045338483,20586.395255405416,23063,0.605641592920354,0.5912674348089751,0.5966981132075472,0.3338632750397456,0.3322734499205087,0.3338632750397456,14.07513988178966,13.978827239540792,13.973087103169917,14.511334419768607,0.3423743505955877,0.5113344197686072,4,14.846265865436193,72.97924999999668
45,14,P3-U,p3u,506,120,8485,5032,0.5930465527401296,0.6771860618014465,0.5656108597285068,3453,10648.349838888867,20395.367514375346,20459.715020568296,22720,0.6054421768707483,0.5880225080385852,0.5948424068767908,0.3338632750397456,0.3322734499205087,0.3338632750397456,14.075144807882682,13.978830121756284,13.973088063059672,14.511222376766895,0.34236960419762136,0.5112223767668951,4,14.846170367001967,74.31087499999558
45,14,P3-U,p3u,507,120,8459,5032,0.5948693699018797,0.6901408450704225,0.572737686139748,3427,10713.164352200212,20531.466243022776,20596.773285558742,22912,0.5879218472468917,0.5958702064896755,0.598813056379822,0.3338632750397456,0.3322734499205087,0.3338632750397456,14.075140520666956,13.978822319430336,13.973085488806676,14.511322093438984,0.3423774042966924,0.5113220934389844,4,14.84627079953756,76.61891599999944
45,14,P3-U,p3u,508,120,8258,5032,0.6093485105352385,0.6749672346002621,0.6049606775559588,3226,10368.9286236668,19912.886996687645,19985.394126440584,22425,0.6066291432145091,0.6118381316690155,0.6046099290780141,0.3338632750397456,0.3322734499205087,0.3338632750397456,14.075154671112859,13.978847296975907,13.973093225671581,14.511063047099425,0.34237210074396646,0.5110630470994248,4,14.84598347074492,70.51820800000132
45,14,P3-U,p3u,509,120,8403,5032,0.5988337498512436,0.6636539703034215,0.5770340450086555,3371,10690.55781308969,20508.159411985416,20578.11937967465,23049,0.5945303210463734,0.6033041401273885,0.5898644667059517,0.3338632750397456,0.3322734499205087,0.3338632750397456,14.07514021048016,13.978819363195855,13.97308428464664,14.511308261302068,0.3423744922295623,0.5113082613020676,4,14.8462847799925,71.8964580000029
45,14,P3-U,p3u,510,120,8479,5032,0.5934662106380469,0.6679662118258609,0.5627462014631401,3447,10572.172986754873,20223.430140282566,20294.69593792844,22686,0.5975029726516052,0.5932632398753894,0.5900060204695966,0.3338632750397456,0.3322734499205087,0.3338632750397456,14.075135124150597,13.978822411625025,13.973085340504172,14.511446765661356,0.34237641945223957,0.5114467656613559,4,14.84641201705498,74.3504580000008
45,14,P3-U,p3u,511,120,8471,5032,0.5940266792586472,0.65814696485623,0.5509641873278237,3439,10667.254946807338,20283.202948434384,20347.974735761705,22704,0.5961862030286035,0.5945298462767019,0.5902322811197142,0.3338632750397456,0.3322734499205087,0.3338632750397456,14.075150160230274,13.978831328691747,13.973088341867923,14.511105188638773,0.3423740398666771,0.5111051886387727,4,14.846063372497357,72.23904200000106
45,14,P3-U,p3u,512,120,8386,5032,0.6000476985451944,0.6740837696335078,0.5858230814294083,3354,10394.555851099816,19831.69650036023,19898.315879665905,22344,0.5860827834433113,0.604817837945451,0.5996462264150944,0.3338632750397456,0.3322734499205087,0.3338632750397456,14.075148185309729,13.978833887842507,13.973089014617448,14.51118013188622,0.3423701161890261,0.5111801318862206,4,14.846088220147923,74.1316250000018
45,14,P3-U,p3u,513,120,8393,5033,0.5996663886572143,0.6983695652173914,0.5989240884638374,3360,10480.12487218031,20190.64536242129,20258.780016047815,22624,0.5975535168195719,0.6050552922590837,0.5855962219598583,0.3337969401947149,0.33240611961057026,0.3337969401947149,14.081264197589324,14.040038964584971,14.056416911368641,14.586258035127711,0.2868858052281778,0.5862580351277114,2,14.24622431245177,73.07895799999824
45,14,P3-U,p3u,514,120,8461,5032,0.5947287554662569,0.680794701986755,0.5824111822947,3429,10521.812176736863,20379.019374590112,20453.95402462727,22909,0.6146140247495581,0.5896078431372549,0.5901442307692307,0.3338632750397456,0.3322734499205087,0.3338632750397456,14.075146596439739,13.978836152059577,13.973089877414528,14.511201099785326,0.3423748039474798,0.5112010997853265,4,14.84614517846916,85.13299999999435
45,14,P3-U,p3u,515,120,8440,5032,0.5962085308056873,0.666235446313066,0.5763688760806917,3408,10415.04918364076,19891.514602547162,19962.81076223559,22507,0.5938566552901023,0.6013972055888224,0.5831339712918661,0.3338632750397456,0.3322734499205087,0.3338632750397456,14.0751472873425,13.978835489544231,13.973089549418454,14.511194763341827,0.34237342270654103,0.5111947633418268,4,14.846106409621802,71.88554199999635
45,14,P3-U,p3u,516,120,8354,5032,0.6023461814699546,0.6598202824133504,0.5966587112171837,3322,10593.439987550817,20109.417639921998,20173.14927474257,22337,0.6108433734939759,0.5984594114161564,0.6057633353770693,0.3338632750397456,0.3322734499205087,0.3338632750397456,14.07514913560981,13.978846213282168,13.973092995539544,14.511171993261236,0.342369567163282,0.511171993261236,4,14.846085747776252,72.69391700000415
45,14,P3-U,p3u,517,120,8496,5033,0.5923964218455744,0.6510449651678277,0.5622895622895623,3463,10701.898180856693,20343.915780493408,20412.787189883467,22865,0.5937683715461494,0.5900865460267506,0.597895967270602,0.3337969401947149,0.33240611961057026,0.3337969401947149,14.081256035474103,14.040048213638366,14.056420006678165,14.586448942151684,0.28688715432200734,0.5864489421516836,2,14.246400329965802,73.22045799999614
45,14,P3-U,p3u,518,120,8390,5032,0.599761620977354,0.71280276816609,0.578368999421631,3358,10224.136249490675,20131.33509861682,20200.41387840435,22670,0.6067285382830626,0.6055411600558103,0.5748938750758035,0.3338632750397456,0.3322734499205087,0.3338632750397456,14.075143327261333,13.978821225789298,13.973085039438741,14.511244740267955,0.3423721977885774,0.511244740267955,4,14.846199235161492,71.91683400000329
45,14,P3-U,p3u,519,120,8388,5032,0.5999046256556986,0.7067307692307693,0.5701254275940707,3356,10198.521553706849,19971.226296853547,20036.33097384028,22297,0.5934608266502159,0.6037176191417837,0.5947368421052631,0.3338632750397456,0.3322734499205087,0.3338632750397456,14.075146177130664,13.978830849967222,13.973088272893664,14.51122279219244,0.3423724520835248,0.5112227921924397,4,14.846141630396076,70.60441700000229
45,14,P3-U,p3u,520,120,8555,5032,0.5881940385739334,0.6718851924331376,0.5871990604815033,3523,10910.020475846644,21117.610936137015,21191.398300994577,23692,0.5853514471352629,0.5926430517711172,0.5777262180974478,0.3338632750397456,0.3322734499205087,0.3338632750397456,14.07514590941476,13.97882639940647,13.973086600074707,14.511216148937045,0.342375490570882,0.511216148937045,4,14.846169915203417,135.8467909999963
45,14,P3-U,p3u,521,120,8583,5032,0.5862751951532098,0.6723237597911227,0.5549389567147613,3551,10758.897352639638,20611.62505930465,20679.847832856194,22985,0.5856009070294784,0.5904349537492619,0.5747986191024166,0.3338632750397456,0.3322734499205087,0.3338632750397456,14.075140820921087,13.978830660942942,13.973088018663164,14.511328006198992,0.3423756768323042,0.5113280061989922,4,14.846261402306487,182.5445000000036
45,14,P3-U,p3u,522,120,8415,5032,0.597979797979798,0.680794701986755,0.601684717208183,3383,10628.914705092266,20474.91551302847,20547.96476073468,22975,0.5906398104265402,0.594901414060944,0.6143024618991794,0.3338632750397456,0.3322734499205087,0.3338632750397456,14.075141745046855,13.978825155339097,13.973086364081427,14.511302642805953,0.34237940842815984,0.5113026428059531,4,14.846253785573825,108.26191600000311
45,14,P3-U,p3u,523,120,8540,5032,0.5892271662763466,0.659397049390635,0.5694760820045558,3508,10770.94080404178,20433.598181084322,20500.760447597015,22831,0.5997645673925839,0.5902573168336279,0.576,0.3338632750397456,0.3322734499205087,0.3338632750397456,14.075139906590895,13.97883547445044,13.973089658690236,14.511375804096076,0.3423745094624801,0.5113758040960761,4,14.846294305011108,83.63916700000118
45,14,P3-U,p3u,524,120,8484,5032,0.5931164545025931,0.6714565643370346,0.5787037037037037,3452,10604.310968755744,20455.342550423913,20530.043512599274,23048,0.6094032549728752,0.586791350087668,0.5963356973995272,0.3338632750397456,0.3322734499205087,0.3338632750397456,14.075146153425083,13.97881886714706,13.973084373242786,14.511181913366704,0.3423765167354071,0.5111819133667037,4,14.846135596122197,81.15162500000588
45,14,P3-U,p3u,525,120,8516,5032,0.5908877407233443,0.678996036988111,0.5546311702717692,3484,10574.042776419881,20310.38939720781,20375.054032605036,22557,0.5846153846153846,0.5920263208825237,0.5937311633514165,0.3338632750397456,0.3322734499205087,0.3338632750397456,14.075145944541426,13.978843855325442,13.973092097433133,14.511242056955433,0.342372553137232,0.5112420569554335,4,14.846157097127803,83.9250419999953
45,14,P3-U,p3u,526,120,8461,5032,0.5947287554662569,0.692722371967655,0.5824111822947,3429,10456.39452280286,20294.049568710994,20364.357731562563,22846,0.5860849056603774,0.5947802197802198,0.603355302576393,0.3338632750397456,0.3322734499205087,0.3338632750397456,14.075144224490872,13.978829900833547,13.973087846852836,14.511244962924872,0.3423759898640549,0.5112449629248719,4,14.846175316510221,83.29370899999776
45,14,P3-U,p3u,527,120,8470,5032,0.5940968122786304,0.6754270696452037,0.5834305717619603,3438,10500.368971828408,20347.802206790428,20417.778311232574,23063,0.575811209439528,0.5937067088858105,0.6132404181184669,0.3338632750397456,0.3322734499205087,0.3338632750397456,14.07515013752082,13.978841594804893,13.973091696757576,14.511141458853524,0.3423692636299743,0.5111414588535244,4,14.846047780580385,81.22433399999863
45,14,P3-U,p3u,528,120,8546,5032,0.5888134799906389,0.659397049390635,0.5662514156285391,3514,10872.06511268441,20819.885872510007,20888.06317194804,23271,0.5828970331588132,0.5941545704197725,0.5789473684210527,0.3338632750397456,0.3322734499205087,0.3338632750397456,14.0751461602177,13.978835770929107,13.973089652254524,14.511217403395273,0.34237211254854855,0.511217403395273,4,14.846150553494246,75.6417500000025
45,14,P3-U,p3u,529,120,8502,5032,0.5918607386497294,0.6983695652173914,0.5827505827505828,3470,10449.20531206801,20378.510846413938,20448.500564326474,23009,0.5921820303383898,0.5852901222588783,0.6122324159021407,0.3338632750397456,0.3322734499205087,0.3338632750397456,14.075146851875534,13.978832938708834,13.973088588576617,14.511199233355377,0.34237670898459416,0.5111992333553772,4,14.846134781666034,79.08520799999678
45,14,P3-U,p3u,530,120,8533,5032,0.5897105355677956,0.6660194174757281,0.5698005698005698,3501,10959.843562690967,21069.422253664197,21135.759627348838,23400,0.5820556501987507,0.5879357618488054,0.6032412965186075,0.3338632750397456,0.3322734499205087,0.3338632750397456,14.075153917895603,13.978828076751087,13.973087235949523,14.51102113210843,0.34237355043354073,0.5110211321084304,4,14.845970933853632,80.63116599999921
45,14,P3-D0.50,p3d_05,501,120,8431,5059,0.600047443956826,0.6832579185520362,0.5841121495327103,3372,10415.278184730498,20058.08272342027,20132.399382793403,22373,0.5928659286592866,0.6010190084264159,0.6039952996474736,0.3338604467286025,0.332279106542795,0.3338604467286025,14.150795851041995,13.97880723964378,13.97308049698188,14.314503818613176,0.14650522511182035,0.31450381861317567,2,14.096125464718051,76.50716699999612
45,14,P3-D0.50,p3d_05,502,120,8488,5060,0.5961357210179077,0.7111111111111111,0.5780346820809249,3428,10315.813305021018,20149.570712787703,20220.495891101244,22700,0.5945190156599552,0.5924151696606786,0.6088757396449704,0.33379446640316207,0.3324110671936759,0.33379446640316207,14.156923619949612,14.003719179465293,14.014542650952949,14.314576095397202,0.14677040138277175,0.3145760953972019,2,14.09455795533823,76.91812500000378
45,14,P3-D0.50,p3d_05,503,120,8433,5060,0.600023716352425,0.6978891820580475,0.550357732526142,3373,10279.866002699202,19927.343568195618,19998.280245868275,22369,0.6145833333333334,0.5935407640803466,0.6053395240858966,0.33379446640316207,0.3324110671936759,0.33379446640316207,14.156912853449162,13.978802280943407,13.97307906553815,14.352045434532783,0.16915897265273439,0.3520454345327835,4,14.39618102801926,80.07583399999567
45,14,P3-D0.50,p3d_05,504,120,8458,5059,0.5981319460865453,0.6944809461235217,0.5847953216374269,3399,10428.541477983417,20380.29664298691,20456.174682673784,22923,0.6015125072716696,0.6006301693580149,0.5869957856712824,0.3338604467286025,0.332279106542795,0.3338604467286025,14.150794527640025,13.978799425392916,13.973078072416044,14.314509415188837,0.14650518421819386,0.31450941518883724,2,14.096142010498491,83.89379100000224
45,14,P3-D0.50,p3d_05,505,120,8451,5060,0.5987457105667968,0.677336747759283,0.5793742757821553,3391,10476.757072083981,20331.820543857004,20415.222741099704,22931,0.6095132743362832,0.5949060036385688,0.5984669811320755,0.33379446640316207,0.3324110671936759,0.33379446640316207,14.156910252807831,13.978810112771425,13.973081653158028,14.352073660198348,0.1691571658162646,0.3520736601983483,4,14.396195779534583,104.36545800000022
45,14,P3-D0.50,p3d_05,506,120,8485,5061,0.5964643488509134,0.6955950032873109,0.5656108597285068,3424,10425.376784245338,20197.781059642068,20260.929539411973,22531,0.608843537414966,0.5922427652733119,0.5959885386819485,0.33372851215174865,0.332345386287295,0.3339261015609563,14.158066238019613,13.978823410068403,13.973085894667312,14.352088199421411,0.1691200693303928,0.3520881994214111,4,14.39455081216668,90.21591700000135
45,14,P3-D0.50,p3d_05,507,120,8459,5060,0.5981794538361509,0.7075788061703555,0.5721649484536082,3399,10504.87316118754,20334.460505938052,20401.83403572379,22759,0.5938425103611604,0.5984267453294002,0.6017804154302671,0.33379446640316207,0.3324110671936759,0.33379446640316207,14.156905604582652,13.997997882494552,14.014330476077776,14.314886098686605,0.14704641018373138,0.3148860986866051,2,14.093243375243993,82.83658399999695
45,14,P3-D0.50,p3d_05,508,120,8258,5059,0.612618067328651,0.6926605504587156,0.6049606775559588,3199,10145.211139184592,19716.649610385888,19798.50373340229,22224,0.610381488430269,0.6146567344473526,0.6087470449172577,0.3338604467286025,0.332279106542795,0.3338604467286025,14.150797305933514,13.978812184188754,13.973082126411384,14.314494829042642,0.14650830012352992,0.31449482904264237,2,14.096114670713138,78.14529200000106
45,14,P3-D0.50,p3d_05,509,120,8403,5061,0.6022848982506248,0.6810845706907682,0.5770340450086555,3342,10480.085431048625,20320.422935981314,20387.737696351593,22837,0.5992865636147443,0.6062898089171974,0.5934001178550383,0.3339261015609563,0.3321477968780873,0.3339261015609563,14.153074782235866,13.978810635319322,13.973081534421462,14.314813458878918,0.14704528890054736,0.314813458878918,2,14.093173849670237,80.50470900000073
45,14,P3-D0.50,p3d_05,510,120,8479,5061,0.5968864252860007,0.6855100714749838,0.5627462014631401,3418,10360.805707067333,20036.529707201487,20108.951876465453,22479,0.6016646848989299,0.5963785046728972,0.5936183022275737,0.3339261015609563,0.3321477968780873,0.3339261015609563,14.153077939476702,13.978824179099746,13.973085873283177,14.314802067546173,0.147046154190289,0.31480206754617335,2,14.09315430913109,84.39345800000592
45,14,P3-D0.50,p3d_05,511,120,8471,5060,0.5973320741352851,0.676038338658147,0.5509641873278237,3411,10440.601570718967,20080.99120747909,20147.931028984054,22420,0.6006730229949523,0.5979237372729088,0.5920190589636688,0.33379446640316207,0.3324110671936759,0.33379446640316207,14.156916693549995,13.978807391702054,13.973080790935429,14.351997976083235,0.16915902865577795,0.3519979760832346,4,14.396135461880176,107.30808300000353
45,14,P3-D0.50,p3d_05,512,120,8386,5059,0.6032673503458145,0.6917539267015707,0.5858230814294083,3327,10169.215624554392,19630.175325542277,19708.48187958421,22183,0.5884823035392921,0.6086004379852678,0.6020047169811321,0.3338604467286025,0.332279106542795,0.3338604467286025,14.15079660532332,13.978821201686593,13.973085018188618,14.314515020978417,0.1465086649232214,0.3145150209784173,2,14.09612413229062,84.25858300000255
45,14,P3-D0.50,p3d_05,513,120,8393,5061,0.6030025020850709,0.7167119565217391,0.5977286312014346,3332,10271.86883489702,19996.19531104429,20059.331004711945,22395,0.6012232415902141,0.6084123222748815,0.588547815820543,0.3339261015609563,0.3321477968780873,0.3339261015609563,14.153076530675426,13.97881206841098,13.973082024645242,14.314806513459702,0.14704728273436593,0.31480651345970223,2,14.093164283695092,74.61662499999511
45,14,P3-D0.50,p3d_05,514,120,8461,5060,0.5980380569672615,0.6986754966887417,0.5818287711124054,3401,10309.181505807464,20196.720266573117,20268.858659861577,22733,0.6187389510901591,0.5923529411764706,0.5943509615384616,0.33379446640316207,0.3324110671936759,0.33379446640316207,14.156916007638069,13.998002344373644,14.01433190431173,14.31476778339475,0.14704288502150542,0.31476778339474976,2,14.09313352911837,119.69170800000575
45,14,P3-D0.50,p3d_05,515,120,8440,5060,0.5995260663507109,0.6836998706338939,0.5763688760806917,3380,10192.687922102892,19702.1788090246,19774.83932208976,22388,0.59613196814562,0.6049900199600798,0.5867224880382775,0.33379446640316207,0.3324110671936759,0.33379446640316207,14.156915850040553,14.003730387240148,14.014545834448688,14.314686671638443,0.14677588692630375,0.31468667163844266,2,14.094650096369103,77.54066700000112
45,14,P3-D0.50,p3d_05,516,120,8354,5060,0.6056978692841752,0.6771501925545571,0.5960620525059666,3294,10375.772734735923,19909.444406959472,19969.70120885858,22135,0.6132530120481928,0.6024096385542169,0.6082158185162477,0.33379446640316207,0.3324110671936759,0.33379446640316207,14.156906207133696,13.99799715111474,14.014330225828411,14.314883178022036,0.1470461219114754,0.31488317802203625,2,14.093241852599563,75.15241699999751
45,14,P3-D0.50,p3d_05,517,120,8496,5061,0.5956920903954802,0.6637112096263458,0.5611672278338945,3435,10505.004706702368,20158.5067313118,20225.455973840282,22678,0.5967078189300411,0.5938237608182534,0.6002337814143776,0.33372851215174865,0.332345386287295,0.3339261015609563,14.158065957697213,13.97882825076051,13.973087272643513,14.352094507536178,0.16911870743677768,0.35209450753617766,4,14.394559093981385,74.0661670000045
45,14,P3-D0.50,p3d_05,518,120,8390,5059,0.6029797377830751,0.7134948096885814,0.578368999421631,3331,10038.878410688158,19933.701088869264,20012.94922963241,22458,0.6096287703016241,0.6089296392266295,0.5779260157671315,0.3338604467286025,0.332279106542795,0.3338604467286025,14.150787105464218,13.978802203070027,13.97307901276295,14.314599284786402,0.14650631884329574,0.31459928478640187,2,14.096228683829922,73.37658300000476
45,14,P3-D0.50,p3d_05,519,120,8388,5060,0.603242727706247,0.7245879120879121,0.5695553021664767,3328,9989.913625040133,19774.31247953521,19839.25977913162,22157,0.595311536088834,0.6076725331224045,0.5976608187134503,0.33379446640316207,0.3324110671936759,0.33379446640316207,14.156918005970994,13.998015895783917,14.014336186991578,14.314769581531989,0.1470525455498388,0.31476958153198886,2,14.093106147701134,73.76666700000351
45,14,P3-D0.50,p3d_05,520,120,8555,5059,0.5913500876680304,0.6894977168949772,0.5871990604815033,3496,10686.96104980104,20925.307364399374,21011.003948645437,23529,0.5900767867690491,0.5957571039314908,0.5794663573085846,0.3338604467286025,0.332279106542795,0.3338604467286025,14.150789575785604,13.978804759990304,13.97307973381109,14.314576557737,0.14650497396486864,0.31457655773700033,2,14.096201129299587,77.70379200000025
45,14,P3-D0.50,p3d_05,521,120,8583,5060,0.5895374577653502,0.6886422976501305,0.5543840177580466,3523,10553.233957130828,20418.655991453194,20485.559350701176,22821,0.5895691609977324,0.5933871285180082,0.5782508630609896,0.33379446640316207,0.3324110671936759,0.33379446640316207,14.156908331194472,13.99799157226439,14.014328418782322,14.314847682947148,0.14704674359899877,0.31484768294714804,2,14.093214923213642,76.90641699999833
45,14,P3-D0.50,p3d_05,522,120,8415,5060,0.6013071895424836,0.6986754966887417,0.6010830324909747,3355,10413.011431696523,20287.227766561296,20354.165558766603,22780,0.5941943127962085,0.5970922127066322,0.6207502930832356,0.33379446640316207,0.3324110671936759,0.33379446640316207,14.156909178201943,13.997991982896933,14.014328657309209,14.31484104166399,0.14704499140347935,0.31484104166399085,2,14.093201394057868,79.68100000000413
45,14,P3-D0.50,p3d_05,523,120,8540,5060,0.5925058548009368,0.6767158434894163,0.5689066059225513,3480,10549.948662370834,20240.071593955014,20303.420139376827,22607,0.6050618010594467,0.5928108426635239,0.5794285714285714,0.33379446640316207,0.3324110671936759,0.33379446640316207,14.156913167288506,13.998004787061113,14.014332707205567,14.314805060017031,0.1470485912411015,0.3148050600170311,2,14.093159380756724,76.1822500000053
45,14,P3-D0.50,p3d_05,524,120,8484,5060,0.5964167845355964,0.6890920966688439,0.578125,3424,10388.361455009845,20274.23810850735,20348.487666338435,22858,0.6124171187462327,0.5902980713033313,0.599290780141844,0.33379446640316207,0.3324110671936759,0.33379446640316207,14.156909674903517,13.997988270494416,14.01432741356014,14.314833185842113,0.14704518403301,0.3148331858421134,2,14.093199862861448,74.2589580000058
45,14,P3-D0.50,p3d_05,525,120,8516,5060,0.5941756693283231,0.6968295904887715,0.5540765391014975,3456,10362.396836896352,20111.83077835733,20176.076208858576,22367,0.5887573964497042,0.5953164311979873,0.5961422543701025,0.33379446640316207,0.3324110671936759,0.33379446640316207,14.156912924528337,13.998003288186899,14.0143320114275,14.314815261251512,0.14704732563953835,0.31481526125151227,2,14.093165340086063,74.60900000000402
45,14,P3-D0.50,p3d_05,526,120,8461,5060,0.5980380569672615,0.7109164420485176,0.5818287711124054,3401,10248.019325634368,20104.8892108429,20173.889575843514,22712,0.589622641509434,0.598116169544741,0.6063511084481725,0.33379446640316207,0.3324110671936759,0.33379446640316207,14.156905422937388,13.998000380410696,14.014331170392152,14.314900567273034,0.1470457656063141,0.3149005672730336,2,14.093259096598798,75.3292919999949
45,14,P3-D0.50,p3d_05,527,120,8470,5061,0.5975206611570248,0.6931668856767411,0.5834305717619603,3409,10287.152901939078,20167.61803428789,20241.78514891397,22888,0.5811209439528023,0.5968731446665347,0.6155632984901278,0.3339261015609563,0.3321477968780873,0.3339261015609563,14.153075824937304,13.978808262962351,13.97308116420106,14.31479865747498,0.1470475659001612,0.3147986574749808,2,14.093160595981873,76.58104199999798
45,14,P3-D0.50,p3d_05,528,120,8546,5060,0.5920898666042593,0.6767158434894163,0.5656851642129105,3486,10655.326156947014,20629.717406835924,20697.017576842198,23071,0.5852239674229203,0.5970969007453903,0.5841526894158473,0.33379446640316207,0.3324110671936759,0.33379446640316207,14.156909104840112,13.997993077223489,14.01432887476669,14.314839963036391,0.14704584154092126,0.31483996303639117,2,14.093203698021753,74.9696249999979
45,14,P3-D0.50,p3d_05,529,120,8502,5060,0.5951540813926135,0.7167119565217391,0.5821678321678322,3442,10239.057383360918,20194.95425485311,20268.0481858245,22848,0.5974329054842473,0.5885891713564914,0.6134556574923548,0.33379446640316207,0.3324110671936759,0.33379446640316207,14.15691479488873,13.99800232318695,14.014331602852538,14.314798575132917,0.14704648784935026,0.314798575132917,2,14.093145597373795,73.75541599999997
45,14,P3-D0.50,p3d_05,530,120,8533,5061,0.5931091058244463,0.6828478964401294,0.5698005698005698,3472,10747.466991975558,20877.283528165757,20941.37684679112,23224,0.5843270868824532,0.591461026243635,0.6074429771908764,0.3339261015609563,0.3321477968780873,0.3339261015609563,14.15307520465183,13.978807465799981,13.973080708397402,14.314798963256905,0.14704426302482426,0.31479896325690504,2,14.09316286901551,76.60058299999946
45,14.05,P3-U,p3u,501,120,8431,5050,0.598979954928241,0.6670976082740788,0.5870327102803738,3381,10587.106429060788,20161.562990893886,20223.949696573458,22416,0.5910209102091021,0.6000391926317852,0.6034077555816686,0.3338613861386139,0.3324752475247525,0.3336633663366337,14.130593453396619,14.057226447022288,14.057060208531544,14.550761198128106,0.33478814168899107,0.5007611981281048,2,14.152466876840375,76.74612499999785
45,14.05,P3-U,p3u,502,120,8488,5049,0.5948397737983034,0.6956228956228956,0.5803468208092486,3439,10477.916205634527,20247.856628191217,20316.322034304583,22756,0.5928411633109619,0.5910179640718562,0.6082840236686391,0.3337294513765102,0.3325410972469796,0.3337294513765102,14.129416984438594,14.051462448073465,14.056835286148475,14.552510973866019,0.3336378478219296,0.5025109738660181,2,14.156228201270364,74.22008300000016
45,14.05,P3-U,p3u,503,120,8433,5050,0.5988378987311751,0.6807387862796834,0.5531095211887727,3383,10452.311624310481,20023.464655554515,20089.51381562163,22442,0.6133578431372549,0.5921622686096889,0.6047591410330818,0.3338613861386139,0.3324752475247525,0.3336633663366337,14.130591345270082,14.0572067027046,14.057054153934216,14.550759236695827,0.33479200242755647,0.500759236695826,2,14.152514945479629,74.44729099999677
45,14.05,P3-U,p3u,504,120,8458,5049,0.5969496334830929,0.6787122207621551,0.5877192982456141,3409,10597.04187795837,20476.917850576916,20550.806164472495,23010,0.6003490401396161,0.5992516738873572,0.5863937387116195,0.3337294513765102,0.3323430382253912,0.33392751039809865,14.124450536282904,14.05721065197507,14.057055269615956,14.601196644135143,0.32175138583372476,0.5511966441351426,2,14.7529529027307,77.62229099999968
45,14.05,P3-U,p3u,505,120,8451,5050,0.5975624186486806,0.6600512163892446,0.5828505214368482,3401,10647.709004840031,20412.901920442175,20490.657471209255,22971,0.6084070796460177,0.5934910046492824,0.597877358490566,0.3338613861386139,0.3322772277227723,0.3338613861386139,14.125572246995484,14.062885733275893,14.05725295555145,14.60042124407748,0.3206983725697577,0.55042124407748,2,14.75035589172007,78.85429199999635
45,14.05,P3-U,p3u,506,120,8485,5050,0.5951679434295816,0.6785009861932939,0.5690045248868778,3435,10594.269143953868,20282.207481390516,20350.85223723065,22583,0.6082766439909297,0.5902331189710611,0.5959885386819485,0.3338613861386139,0.3322772277227723,0.3338613861386139,14.125599566179416,14.062880980317495,14.057251525869974,14.599794342232949,0.32069980276904175,0.5497943422329481,2,14.749752763187088,74.46566700000403
45,14.05,P3-U,p3u,507,120,8459,5049,0.5968790637191157,0.6928236083165661,0.5756013745704467,3410,10657.840330432375,20423.413088207,20495.872778570938,22839,0.5920663114268798,0.5972468043264504,0.600593471810089,0.33392751039809865,0.3323430382253912,0.3337294513765102,14.12444277738802,14.057212166715566,14.057055947928156,14.601359779723419,0.32174759488418403,0.551359779723418,2,14.753099295422903,81.20870800000557
45,14.05,P3-U,p3u,508,120,8258,5049,0.6114071203681278,0.6769331585845347,0.6073805202661827,3209,10311.497370444242,19816.653437754336,19889.439100247055,22306,0.6091307066916823,0.6136500905979464,0.6069739952718676,0.3337294513765102,0.3325410972469796,0.3337294513765102,14.129426212718199,14.05146705136998,14.056836370485854,14.552311486652904,0.33364487209704097,0.5023114866529035,2,14.156009567176792,79.73454099999799
45,14.05,P3-U,p3u,509,120,8403,5049,0.6008568368439843,0.6668818592640413,0.5799192152336988,3354,10635.072724393503,20404.421172827053,20476.485685395244,22930,0.5969084423305588,0.6050955414012739,0.5922215674720094,0.3337294513765102,0.3323430382253912,0.33392751039809865,14.124444609667744,14.057203262512147,14.057052885591231,14.601306933938803,0.3217532819892389,0.5513069339388021,2,14.753062100994505,79.1147920000003
45,14.05,P3-U,p3u,510,120,8479,5049,0.5954711640523647,0.6712150747238467,0.5649971862689926,3430,10514.722494150668,20125.77148694186,20192.204723964325,22543,0.5998810939357907,0.5952102803738317,0.5918121613485852,0.3337294513765102,0.3325410972469796,0.3337294513765102,14.129414458406035,14.051467656339192,14.056836531643633,14.552585241475294,0.3336491399212473,0.5025852414752929,2,14.156279803274057,74.1516249999986
45,14.05,P3-U,p3u,511,120,8471,5050,0.5961515759650573,0.6594249201277955,0.5542699724517907,3421,10613.3278491277,20171.237851723014,20234.294271962634,22533,0.5989904655075715,0.5967258933918946,0.5914234663490173,0.3338613861386139,0.3322772277227723,0.3338613861386139,14.125600624007834,14.062893711069272,14.0572554263939,14.599806546966358,0.3207007468432868,0.5498065469663569,2,14.749744777127974,148.23108299999876
45,14.05,P3-U,p3u,512,120,8386,5049,0.6020748867159552,0.6760471204188482,0.5881663737551259,3337,10336.863991812514,19732.978861003878,19800.65300423295,22243,0.587882423515297,0.6070077642842923,0.6014150943396226,0.3337294513765102,0.3325410972469796,0.3337294513765102,14.129421688336947,14.05148505925998,14.056842089282902,14.552459221384387,0.333645922745986,0.5024592213843864,2,14.156137791239505,223.51833299999998
45,14.05,P3-U,p3u,513,120,8393,5050,0.6016918860955558,0.7010869565217391,0.6007172743574417,3343,10424.679712426005,20086.836740119008,20148.765535014187,22501,0.6012232415902141,0.6068325434439179,0.5867768595041323,0.3338613861386139,0.3324752475247525,0.3336633663366337,14.130585948648205,14.057205418581281,14.057053590440313,14.550872795309141,0.3347929059047696,0.5008727953091405,2,14.152629440036906,115.5993329999983
45,14.05,P3-U,p3u,514,120,8461,5049,0.5967379742347241,0.6841059602649007,0.5847408270238789,3412,10465.628063708984,20284.74580370786,20359.034327807276,22798,0.6175604007071303,0.5907843137254902,0.59375,0.3337294513765102,0.3325410972469796,0.3337294513765102,14.12941639034322,14.051462837519303,14.056835223216169,14.552523838110865,0.3336388444765834,0.5025238381108643,2,14.156245924444061,102.42116600000008
45,14.05,P3-U,p3u,515,120,8440,5050,0.5983412322274881,0.6675291073738681,0.579250720461095,3390,10361.30309413165,19793.76357268537,19869.01043130267,22426,0.5955631399317406,0.604191616766467,0.583732057416268,0.3336633663366337,0.3324752475247525,0.3338613861386139,14.13058721750423,14.05721861450875,14.057057852822124,14.550863826944719,0.3347841394390192,0.5008638269447179,2,14.152602533192344,104.6171669999967
45,14.05,P3-U,p3u,516,120,8354,5050,0.6045008379219535,0.6623876765083441,0.5996420047732697,3304,10537.20758731623,20003.039098951143,20069.736644565914,22215,0.6126506024096385,0.6010270590558957,0.6069895769466584,0.3336633663366337,0.3324752475247525,0.3338613861386139,14.13058608399974,14.057216831940243,14.057057429314904,14.550894409303504,0.3347862185960928,0.5008944093035037,2,14.15262618946033,77.33804200000304
45,14.05,P3-U,p3u,517,120,8496,5050,0.59439736346516,0.6529449018366055,0.563973063973064,3446,10647.208442045721,20243.962342993964,20317.59195348697,22764,0.5955320399764844,0.5922501966955154,0.5996493278784336,0.3338613861386139,0.3324752475247525,0.3336633663366337,14.130582141069802,14.057216534082508,14.057057249046855,14.55098391395732,0.3347892003609457,0.5009839139573184,2,14.15271792263448,78.35320800000045
45,14.05,P3-U,p3u,518,120,8390,5050,0.601907032181168,0.7134948096885814,0.5818392134181608,3340,10173.123025962177,20024.786541096677,20100.102690452895,22496,0.6084686774941995,0.608331672314132,0.5755003032140691,0.3338613861386139,0.3322772277227723,0.3338613861386139,14.125575393001299,14.06288201470153,14.057251627879701,14.600343125813872,0.32070095760386064,0.5503431258138711,2,14.750305508079027,81.76120799999626
45,14.05,P3-U,p3u,519,120,8388,5050,0.6020505484024797,0.7087912087912088,0.572976054732041,3338,10145.54439495447,19866.44531412811,19934.15153009671,22195,0.595311536088834,0.6060905675301562,0.5964912280701754,0.3336633663366337,0.3324752475247525,0.3338613861386139,14.130591419555692,14.057217140596697,14.057057593816468,14.550759303310288,0.3347733982832282,0.5007593033102875,2,14.152518968823664,80.6114579999994
45,14.05,P3-U,p3u,520,120,8555,5050,0.5902980713033313,0.6731898238747553,0.5901350557839108,3505,10857.963623461057,21021.170763772927,21095.693573664965,23581,0.5894861193148258,0.5943947061113274,0.5788863109048724,0.3336633663366337,0.3324752475247525,0.3338613861386139,14.130590463631005,14.057206131698427,14.05705390954609,14.550753384665624,0.3347797158071424,0.5007533846656234,2,14.152515351522911,78.08862500000396
45,14.05,P3-U,p3u,521,120,8583,5050,0.5883723639753,0.6736292428198434,0.5577136514983352,3533,10706.247462879926,20509.488439368197,20577.50056346796,22870,0.5890022675736961,0.5920094469592599,0.5771001150747986,0.3336633663366337,0.3324752475247525,0.3338613861386139,14.130587329612094,14.057226667945029,14.057060424738387,14.550876888161197,0.3347837010956624,0.500876888161196,2,14.15259617037533,75.74770799999533
45,14.05,P3-U,p3u,522,120,8415,5049,0.6,0.6841059602649007,0.6040914560770156,3366,10571.730184224234,20378.22432883167,20448.072157791245,22836,0.5936018957345972,0.5962955586536547,0.6172332942555686,0.3337294513765102,0.3325410972469796,0.3337294513765102,14.129419763381646,14.051463471990582,14.056835397740826,14.552447197601134,0.33363879122888146,0.5024471976011338,2,14.156174673204227,75.69162499999948
45,14.05,P3-U,p3u,523,120,8540,5049,0.5912177985948478,0.6626042334830019,0.571753986332574,3491,10713.016981621366,20334.023249288563,20402.470806464014,22738,0.6032960565038258,0.591632292280495,0.5782857142857143,0.3337294513765102,0.3325410972469796,0.3337294513765102,14.12942116971418,14.05147271426555,14.056838314229823,14.55244643107944,0.3336508587932209,0.5024464310794396,2,14.15614510457272,78.40841699999874
45,14.05,P3-U,p3u,524,120,8484,5049,0.5951202263083452,0.67472240365774,0.5810185185185185,3435,10547.846028618924,20362.29492630944,20435.54280684353,22929,0.6118143459915611,0.5885447106954997,0.5986997635933806,0.3337294513765102,0.3325410972469796,0.3337294513765102,14.129419795747976,14.05146743550342,14.056836639153163,14.552440458964005,0.333630876907897,0.5024404589640046,2,14.156159638797527,78.77049999999872
45,14.05,P3-U,p3u,525,120,8516,5049,0.5928839830906529,0.6822985468956407,0.5568496949528563,3467,10516.725614586878,20207.307188141618,20272.462581701202,22418,0.58698224852071,0.5943487516934391,0.594333936106088,0.3337294513765102,0.3325410972469796,0.3337294513765102,14.129414976737191,14.051468036697182,14.05683666499772,14.552569362929644,0.33364148403812527,0.502569362929643,2,14.156269355718072,81.77866599999834
45,14.05,P3-U,p3u,526,120,8461,5050,0.5968561635740456,0.6954177897574124,0.5853232382061736,3411,10404.184050850079,20194.393484152562,20264.65739317159,22772,0.5878537735849056,0.5975274725274725,0.6039544637507489,0.3338613861386139,0.3324752475247525,0.3336633663366337,14.130583605138922,14.057206598332128,14.057054131299433,14.550916709403545,0.3347868294081114,0.500916709403544,2,14.152665353243409,80.43691699999908
45,14.05,P3-U,p3u,527,120,8470,5050,0.5962219598583235,0.6780551905387647,0.5869311551925321,3420,10447.08213810831,20244.495926331194,20321.34283719551,22962,0.5787610619469027,0.5958836334850584,0.6144018583042973,0.3338613861386139,0.3322772277227723,0.3338613861386139,14.125606942985268,14.062880870545664,14.057251511118439,14.599632006823624,0.3207017830811149,0.5496320068236233,2,14.749598744025455,83.28116699999373
45,14.05,P3-U,p3u,528,120,8546,5050,0.5909197285279663,0.6619627966645285,0.5690826727066818,3496,10818.091100902448,20719.43482941393,20788.083881365463,23148,0.5840605002908668,0.5965084346802668,0.5812608444187392,0.3338613861386139,0.3324752475247525,0.3336633663366337,14.130583731587079,14.05721734016683,14.057057511656042,14.550951329432337,0.33478755756820955,0.5009513294323362,2,14.152685293307151,77.70120799999859
45,14.05,P3-U,p3u,529,120,8502,5049,0.5938602681721947,0.701766304347826,0.585081585081585,3453,10393.34074618562,20283.808989777328,20356.257340264525,22904,0.5962660443407235,0.5868426159518727,0.6134556574923548,0.3337294513765102,0.3325410972469796,0.3337294513765102,14.129425228525825,14.051471003477515,14.056837532766826,14.552331581976503,0.3336428285612825,0.5023315819765024,2,14.15603656362786,80.65800000000309
45,14.05,P3-U,p3u,530,120,8533,5050,0.5918199929684753,0.6679611650485436,0.5732193732193732,3483,10907.14315813797,20959.421939486172,21030.869855609915,23297,0.5831913685406019,0.5900900900900901,0.6062424969987995,0.3338613861386139,0.3322772277227723,0.3338613861386139,14.125597501105378,14.06288252909996,14.057251794143518,14.599839496899934,0.32070597592675043,0.5498394968999332,2,14.74981097837822,83.01129199999559
45,14.05,P3-D0.50,p3d_05,501,120,8431,5078,0.602301031906061,0.6839043309631545,0.5876168224299065,3353,10369.082905618438,19962.982954816238,20029.645930289502,22202,0.5971709717097171,0.6025867136978248,0.6063454759106933,0.33379283182355257,0.33241433635289486,0.33379283182355257,14.207356020523124,14.062870264894926,14.057247791656573,14.373107110685092,0.1582150244687788,0.32310711068509157,2,14.348103040540229,82.36504199999763
45,14.05,P3-D0.50,p3d_05,502,120,8488,5078,0.5982563619227145,0.7124579124579125,0.5815028901734104,3410,10268.224969521116,20053.776387886915,20124.52229637492,22583,0.5956375838926175,0.5950099800399201,0.6106508875739645,0.33379283182355257,0.33241433635289486,0.33379283182355257,14.207353034979077,14.06287561159116,14.057249950797209,14.373143563072352,0.15821433204386248,0.32314356307235137,2,14.34812912804737,96.74225000000297
45,14.05,P3-D0.50,p3d_05,503,120,8433,5078,0.6021581880706748,0.6978891820580475,0.5536598789212989,3355,10232.162761821472,19827.842362307572,19891.22195000617,22222,0.6170343137254902,0.5959038991729028,0.6065002901915264,0.33379283182355257,0.33241433635289486,0.33379283182355257,14.207355990471036,14.062881703980494,14.057251508584821,14.373117770130166,0.1582119315842608,0.32311777013016574,2,14.348110314391217,80.75479199999972
45,14.05,P3-D0.50,p3d_05,504,120,8458,5078,0.6003783400331048,0.695137976346912,0.5883040935672514,3380,10384.087688384127,20290.666334502377,20361.48069059307,22845,0.6032577079697499,0.6027963765261914,0.5900060204695966,0.33379283182355257,0.33241433635289486,0.33379283182355257,14.207354775886731,14.06288266520499,14.057251781846565,14.37313872274259,0.1582131585600901,0.3231387227425895,2,14.348116071663776,76.44012500000099
45,14.05,P3-D0.50,p3d_05,505,120,8451,5078,0.600875636019406,0.677336747759283,0.5828505214368482,3373,10429.85101478715,20240.090369192047,20313.899582600716,22824,0.610066371681416,0.5977360016171417,0.6002358490566038,0.33379283182355257,0.33241433635289486,0.33379283182355257,14.207349719727803,14.06287375122821,14.057249147706493,14.373182237269512,0.1582100163821694,0.3231822372695117,2,14.348166796885314,74.77391600000556
45,14.05,P3-D0.50,p3d_05,506,120,8485,5078,0.5984678845020625,0.6955950032873109,0.5690045248868778,3407,10375.271512848754,20091.232778738857,20160.46406225614,22452,0.6099773242630385,0.5952572347266881,0.5959885386819485,0.33379283182355257,0.33241433635289486,0.33379283182355257,14.207355511300422,14.062879276473781,14.057250920135578,14.373123838925073,0.15821111049703163,0.32312383892507235,2,14.34810701164416,74.84900000000198
45,14.05,P3-D0.50,p3d_05,507,120,8459,5078,0.6003073649367537,0.7095908786049631,0.5761741122565864,3381,10457.097911784842,20233.60527620976,20305.149474549882,22669,0.5968028419182948,0.6005899705014749,0.6029673590504451,0.33379283182355257,0.33241433635289486,0.33379283182355257,14.207349362457402,14.06288132739796,14.057251510543962,14.373196004824626,0.15820858774611693,0.3231960048246254,2,14.348177392237583,74.12062499999593
45,14.05,P3-D0.50,p3d_05,508,120,8258,5078,0.6149188665536449,0.6933158584534731,0.6085904416212946,3180,10099.673132706728,19629.668242109783,19704.451101666262,22055,0.6147592245153221,0.6166700221461647,0.6099290780141844,0.33379283182355257,0.33241433635289486,0.33379283182355257,14.207362583031612,14.062884738167293,14.057252438711759,14.37305165415004,0.1582109026242655,0.32305165415003856,2,14.348027966548827,71.24137499999779
45,14.05,P3-D0.50,p3d_05,509,120,8403,5078,0.6043079852433655,0.6830213040671401,0.5804962492787075,3325,10429.515826585684,20219.405372010016,20291.07911724227,22694,0.6022592152199763,0.6084792993630573,0.5939893930465527,0.33379283182355257,0.33241433635289486,0.33379283182355257,14.207357034080468,14.062888944388119,14.057253642163305,14.3731189243428,0.15820612712930177,0.32311892434279876,2,14.348098573041487,72.93450000000303
45,14.05,P3-D0.50,p3d_05,510,120,8479,5078,0.5988913787003184,0.6874593892137751,0.566122678671919,3401,10309.615606495458,19935.62695009069,20006.10173128222,22363,0.6040428061831153,0.5983255451713395,0.5954244431065623,0.33379283182355257,0.33241433635289486,0.33379283182355257,14.207354507895014,14.062889869253185,14.05725405004594,14.373155103226042,0.15821016734098026,0.3231551032260409,2,14.348129198180349,77.37608400000317
45,14.05,P3-D0.50,p3d_05,511,120,8471,5078,0.5994569708416952,0.676038338658147,0.5542699724517907,3393,10392.664972949908,19980.056370838436,20046.671298354817,22271,0.6023555804823332,0.6007187063286085,0.5926146515783204,0.33379283182355257,0.33241433635289486,0.33379283182355257,14.207355604576577,14.062872955610802,14.057248875514675,14.373109833984929,0.158208112249717,0.3231098339849279,2,14.34810753103297,76.8663330000054
45,14.05,P3-D0.50,p3d_05,512,120,8386,5078,0.6055330312425471,0.6924083769633508,0.5893380199179847,3308,10123.535042622081,19540.763073949627,19611.06612663923,22060,0.5896820635872826,0.611188532749353,0.6043632075471698,0.33379283182355257,0.33241433635289486,0.33379283182355257,14.207359401913315,14.062887156586152,14.057253223447399,14.373094240712218,0.15820763825445774,0.3230942407122175,2,14.34806979875393,74.20845900000131
45,14.05,P3-D0.50,p3d_05,513,120,8393,5078,0.6050279995234124,0.71875,0.6013150029886432,3315,10221.473103997958,19891.846794172667,19960.316963181755,22266,0.6030581039755352,0.6105845181674565,0.5903187721369539,0.33379283182355257,0.33241433635289486,0.33379283182355257,14.207355119965829,14.062873143941545,14.057248711130955,14.37312610905982,0.15821405191816829,0.3231261090598192,2,14.348113187648288,92.95833399999538
45,14.05,P3-D0.50,p3d_05,514,120,8461,5078,0.6001654650750502,0.7006622516556291,0.5859056493884682,3383,10261.11581361976,20100.644746711772,20178.924406545815,22629,0.6234531526222746,0.5937254901960785,0.5961538461538461,0.33379283182355257,0.33241433635289486,0.33379283182355257,14.207356826090606,14.062869217481682,14.057247753711943,14.373088543676145,0.15821447487479093,0.32308854367614437,2,14.348093180739282,74.6160830000008
45,14.05,P3-D0.50,p3d_05,515,120,8440,5078,0.6016587677725118,0.684346701164295,0.5798270893371757,3362,10144.943840080407,19609.667053883124,19684.29167057858,22212,0.5984072810011376,0.6071856287425149,0.5885167464114832,0.33379283182355257,0.33241433635289486,0.33379283182355257,14.207354990841086,14.062882802082507,14.057251861355532,14.373139924984251,0.15821022076921432,0.32313992498425037,2,14.348117630106831,73.65595800000301
45,14.05,P3-D0.50,p3d_05,516,120,8354,5078,0.6078525257361743,0.6790757381258024,0.6002386634844868,3276,10325.07684417716,19804.875302754488,19871.326907337116,22002,0.6156626506024097,0.6047797748370531,0.6094420600858369,0.33379283182355257,0.33241433635289486,0.33379283182355257,14.207348763613838,14.06287432669536,14.057249295497384,14.37319646295802,0.15821210786411638,0.32319646295801974,2,14.348179604375659,75.31787500000064
45,14.05,P3-D0.50,p3d_05,517,120,8496,5077,0.597575329566855,0.6637112096263458,0.5645342312008979,3419,10451.540021160039,20053.1588716527,20129.901731621045,22568,0.599647266313933,0.5955940204563336,0.6014026884862653,0.33385857790033485,0.3322828441993303,0.33385857790033485,14.201228866978125,14.062851733684544,14.057242099790171,14.385659038665189,0.16686443784896474,0.3356590386651881,2,14.648165776978376,72.29474999999366
45,14.05,P3-D0.50,p3d_05,518,120,8390,5077,0.6051251489868892,0.7134948096885814,0.5818392134181608,3313,9991.311803996148,19842.381311690406,19924.114768192754,22369,0.6119489559164734,0.6111221845724537,0.5797453001819285,0.33385857790033485,0.3322828441993303,0.33385857790033485,14.201226215236705,14.062857777623627,14.05724394497777,14.385691606177184,0.16686700198990143,0.33569160617718374,2,14.648198175817514,71.40479200000118
45,14.05,P3-D0.50,p3d_05,519,120,8388,5078,0.6053886504530281,0.7266483516483516,0.5735461801596351,3310,9941.4570078453,19672.415052277902,19741.216272161284,22058,0.595311536088834,0.6108364643069013,0.5988304093567252,0.33379283182355257,0.33241433635289486,0.33379283182355257,14.207360100688541,14.06288399246617,14.057252389540102,14.373089371095055,0.15821209755541873,0.32308937109505464,2,14.348061901569142,95.71629200000461
45,14.05,P3-D0.50,p3d_05,520,120,8555,5078,0.5935710111046172,0.690150032615786,0.5907222548443922,3477,10644.005061634263,20839.858186017893,20914.12653979149,23359,0.5924394565859421,0.5982872713117945,0.5806264501160093,0.33379283182355257,0.33241433635289486,0.33379283182355257,14.207355411471069,14.062870990875373,14.057248049789179,14.373114468438699,0.15821285973758428,0.32311446843869795,2,14.348120104744586,76.92591700000048
45,14.05,P3-D0.50,p3d_05,521,120,8583,5078,0.5916346265874403,0.6906005221932114,0.55826859045505,3505,10505.26857347409,20317.826097940586,20387.503051218097,22684,0.590702947845805,0.5959456799842551,0.5799769850402762,0.33379283182355257,0.33241433635289486,0.33379283182355257,14.207354052617651,14.06287591415471,14.05724970456779,14.373132183052434,0.15820974689151487,0.32313218305243296,2,14.348123473535058,72.6139589999948
45,14.05,P3-D0.50,p3d_05,522,120,8415,5078,0.6034462269756388,0.7006622516556291,0.605294825511432,3337,10364.63803393688,20189.323151451663,20265.808222594856,22688,0.5953791469194313,0.5992830113523202,0.6236811254396248,0.33379283182355257,0.33241433635289486,0.33379283182355257,14.207353510238738,14.0628746110832,14.057249441840751,14.37314886547464,0.15821137169535782,0.3231488654746393,2,14.348138175715018,71.94254099999671
45,14.05,P3-D0.50,p3d_05,523,120,8540,5078,0.5946135831381733,0.6786401539448365,0.5728929384965832,3462,10500.586088097609,20138.82715000749,20207.56419200354,22512,0.6068275456150677,0.5953643684934198,0.5805714285714285,0.33379283182355257,0.33241433635289486,0.33379283182355257,14.207353646052168,14.062889731690156,14.057254202447432,14.373153645223256,0.1582087477397788,0.32315364522325574,2,14.348134326565345,74.75062500000058
45,14.05,P3-D0.50,p3d_05,524,120,8484,5078,0.5985384252710986,0.6910516002612671,0.5821759259259259,3406,10340.233786862547,20179.632019041837,20255.61079344607,22730,0.6142254370102471,0.592635885447107,0.601063829787234,0.33379283182355257,0.33241433635289486,0.33379283182355257,14.207354885868023,14.062873488106005,14.057248976014014,14.373118237861254,0.15821025184665724,0.3231182378612534,2,14.348113261115685,77.01908399999957
45,14.05,P3-D0.50,p3d_05,525,120,8516,5078,0.5962893377172381,0.6988110964332893,0.5579589572933998,3438,10313.364929529256,20007.935374058263,20074.497717686114,22255,0.591715976331361,0.5972517902070834,0.5979505726341169,0.33379283182355257,0.33241433635289486,0.33379283182355257,14.207355262467946,14.062873487333517,14.057248884208093,14.373128716496161,0.15821282600343034,0.3231287164961607,2,14.348112567998058,71.8708340000012
45,14.05,P3-D0.50,p3d_05,526,120,8461,5078,0.6001654650750502,0.7129380053908356,0.5859056493884682,3383,10200.734722407275,20007.141538078708,20081.722863727857,22625,0.5908018867924528,0.6006671899529042,0.6081485919712403,0.33379283182355257,0.33241433635289486,0.33379283182355257,14.20735599815583,14.062877620228903,14.057250262003576,14.373118670382915,0.1582095337870293,0.32311867038291453,2,14.34810375688464,71.68924999999581
45,14.05,P3-D0.50,p3d_05,527,120,8470,5078,0.5995277449822904,0.695137976346912,0.5869311551925321,3392,10237.139688892385,20072.186314410377,20146.884703669482,22799,0.5846607669616519,0.5990500692657827,0.6155632984901278,0.33379283182355257,0.33241433635289486,0.33379283182355257,14.20735976611342,14.062883256625382,14.057252235887965,14.37308177230534,0.1582118698307274,0.32308177230533985,2,14.348067149306042,73.53291599999648
45,14.05,P3-D0.50,p3d_05,528,120,8546,5079,0.5943131289492161,0.6779987171263631,0.5696489241223103,3467,10613.533528789569,20523.954617093954,20596.625840454435,22921,0.585805700988947,0.6000392310710082,0.5858877964141121,0.3337271116361488,0.33234888757629455,0.33392400078755663,14.208508308175345,14.062899125163952,14.05725699736768,14.37153781833708,0.1582092548217743,0.3215378183370792,2,14.346497139692167,76.09641700000066
45,14.05,P3-D0.50,p3d_05,529,120,8502,5078,0.5972712302987533,0.71875,0.5862470862470862,3424,10191.997269337251,20099.764203113667,20173.35460879425,22712,0.5997666277712952,0.59033572676111,0.6165137614678899,0.33379283182355257,0.33241433635289486,0.33379283182355257,14.207360801282944,14.062883189297859,14.05725184672184,14.373077078397772,0.15821231294960328,0.32307707839777144,2,14.348059188111119,71.94804200000362
45,14.05,P3-D0.50,p3d_05,530,120,8533,5078,0.5951013711473104,0.684789644012945,0.5732193732193732,3455,10697.313513459916,20774.248860556574,20843.338771550847,23121,0.5854628052243044,0.5932236584410497,0.6110444177671068,0.33379283182355257,0.33241433635289486,0.33379283182355257,14.207355597921087,14.06286724811937,14.057247027675606,14.373103336359746,0.15821209762927715,0.3231033363597451,2,14.348097754901753,73.03620799999771
45,14.1,P3-U,p3u,501,120,8431,5067,0.6009963230933459,0.669683257918552,0.5887850467289719,3364,10531.003387418152,20045.85872627377,20116.325886423114,22298,0.5940959409594095,0.6016068979031942,0.6057579318448884,0.3337280442076179,0.3323465561476219,0.3339253996447602,14.174912101136021,14.099245817143588,14.099140043708653,14.414131797747869,0.2434938310605787,0.31413179774786926,1,15.25638137842477,74.54179200000362
45,14.1,P3-U,p3u,502,120,8488,5068,0.5970782280867106,0.6983164983164983,0.5832369942196531,3420,10428.235666001949,20133.408340188504,20203.541180065975,22656,0.5950782997762863,0.5936127744510978,0.6094674556213018,0.3338595106550908,0.3322809786898185,0.3338595106550908,14.176023625840932,14.104932472342908,14.09934157128805,14.414371373677385,0.2431235614905828,0.31437137367738544,1,15.254043297880806,71.85662500000035
45,14.1,P3-U,p3u,503,120,8433,5068,0.6009723704494249,0.6840369393139841,0.5553109521188773,3365,10397.1952704441,19909.33550924218,19979.641448735878,22301,0.6158088235294118,0.5945254037022449,0.6059199071387116,0.3338595106550908,0.3322809786898185,0.3338595106550908,14.176021815498178,14.104923085639518,14.099338304663648,14.414400561571648,0.24312191351186507,0.31440056157164875,1,15.254089651741635,71.81945799999812
45,14.1,P3-U,p3u,504,120,8458,5068,0.5991960274296524,0.6813403416557161,0.5900584795321637,3390,10546.851993151764,20370.305240427137,20439.567116681577,22884,0.6020942408376964,0.601811736904293,0.588199879590608,0.3338595106550908,0.3322809786898185,0.3338595106550908,14.17602191848178,14.1049315050255,14.099340887295334,14.414424726617346,0.24312120732523032,0.31442472661734655,1,15.254088665879529,73.76916699999856
45,14.1,P3-U,p3u,505,120,8451,5067,0.5995740149094781,0.6632522407170295,0.5840092699884125,3384,10591.559001051648,20314.62484718195,20397.35268959438,22864,0.610066371681416,0.5959167172023448,0.5990566037735849,0.3337280442076179,0.3323465561476219,0.3339253996447602,14.174906809490425,14.099227171700397,14.09913443368795,14.414175589686648,0.24349852143656953,0.3141755896866485,1,15.25646148239704,74.86712499999703
45,14.1,P3-U,p3u,506,120,8485,5068,0.5972893341190336,0.6817882971729126,0.5707013574660633,3417,10539.502366732702,20173.479484783908,20240.813946747236,22487,0.608843537414966,0.5936495176848875,0.5959885386819485,0.3338595106550908,0.3322809786898185,0.3338595106550908,14.176026150979682,14.104925679612775,14.099339309705115,14.414311325680465,0.2431237754848007,0.3143113256804657,1,15.253999613406874,73.00508299999638
45,14.1,P3-U,p3u,507,120,8459,5068,0.5991251921030855,0.6955063715627096,0.5778923253150057,3391,10609.09322943761,20313.738925462876,20381.96191323581,22703,0.5950266429840142,0.5992133726647001,0.6029673590504451,0.3338595106550908,0.3322809786898185,0.3338595106550908,14.176021763765922,14.10493672092911,14.099342727133306,14.414442836616091,0.24312629170855926,0.3144428366160916,1,15.254098954601375,72.56270799999766
45,14.1,P3-U,p3u,508,120,8258,5068,0.6137079195931219,0.6795543905635649,0.6104053236539625,3190,10260.216978922588,19706.23817407398,19781.51551957835,22169,0.6128830519074422,0.6154620495268774,0.609338061465721,0.3338595106550908,0.3322809786898185,0.3338595106550908,14.176026873476276,14.104943149853057,14.099344605985834,14.41433865245942,0.2431260434878176,0.31433865245942094,1,15.253988660464309,78.55687499999476
45,14.1,P3-U,p3u,509,120,8403,5068,0.6031179340711651,0.6694641704325371,0.5822273514137334,3335,10585.991820581487,20297.948908464718,20370.356573443092,22781,0.6004756242568371,0.6070859872611465,0.5939893930465527,0.3338595106550908,0.3322809786898185,0.3338595106550908,14.176021077562407,14.104914423458574,14.099335436276386,14.414391402104757,0.24312396690134816,0.31439140210475713,1,15.254114356870321,73.27641600000061
45,14.1,P3-U,p3u,510,120,8479,5068,0.597711994338955,0.6738141650422352,0.5678109172763084,3411,10464.839168419365,20013.191886558725,20088.34359741738,22434,0.6028537455410226,0.5971573208722741,0.5942203491872367,0.3338595106550908,0.3322809786898185,0.3338595106550908,14.176017370377556,14.104921247921263,14.09933766292759,14.414477550239289,0.24312893263028287,0.3144775502392889,1,15.254184449471198,72.07179099999485
45,14.1,P3-U,p3u,511,120,8471,5068,0.5982764726714673,0.6626198083067093,0.5559228650137741,3403,10557.564787822323,20062.30603511894,20130.749606014306,22374,0.6017947279865395,0.5991215811539229,0.5920190589636688,0.3338595106550908,0.3322809786898185,0.3338595106550908,14.176017606791214,14.104917786550134,14.099336743650086,14.414475765559613,0.24312410085379327,0.31447576555961376,1,15.254182593402364,87.37354200000118
45,14.1,P3-U,p3u,512,120,8386,5068,0.6043405676126878,0.6786649214659686,0.591095489162273,3318,10285.412319589057,19619.676582599965,19691.641326107725,22121,0.5890821835632873,0.6095958590483774,0.6037735849056604,0.3338595106550908,0.3322809786898185,0.3338595106550908,14.176023603438852,14.104928291761725,14.099339922173796,14.414363417203353,0.24312350251964063,0.3143634172033529,1,15.254041514107522,73.67841699999553
45,14.1,P3-U,p3u,513,120,8393,5067,0.6037173835338973,0.7038043478260869,0.602510460251046,3326,10369.883566555392,19973.37421281014,20044.097785690185,22341,0.6030581039755352,0.6088072669826224,0.58913813459268,0.3339253996447602,0.3323465561476219,0.3337280442076179,14.174901596914568,14.09923451570801,14.099136498095286,14.414334734698862,0.24349386766127132,0.3143347346988623,1,15.256609670668476,73.70962499999587
45,14.1,P3-U,p3u,514,120,8461,5068,0.5989835716818342,0.6867549668874172,0.5876528829353523,3393,10416.919773826019,20175.683557683307,20252.89546893154,22667,0.6205067766647024,0.5929411764705882,0.5955528846153846,0.3338595106550908,0.3322809786898185,0.3338595106550908,14.17602409453322,14.10491944202253,14.09933730997617,14.414332851866595,0.24312436986746835,0.3143328518665953,1,15.254040301880563,72.52204200000415
45,14.1,P3-U,p3u,515,120,8440,5068,0.6004739336492891,0.6707632600258733,0.5815561959654179,3372,10307.262863793652,19686.744389121566,19756.078672178646,22304,0.5972696245733788,0.6059880239520958,0.5873205741626795,0.3338595106550908,0.3322809786898185,0.3338595106550908,14.17602523198184,14.104927681393148,14.099339768899261,14.414342641137097,0.24312080832658092,0.3143426411370971,1,15.254008952750626,71.93787499999598
45,14.1,P3-U,p3u,516,120,8354,5068,0.6066554943739526,0.665596919127086,0.6020286396181385,3286,10483.332925168768,19887.172510171553,19949.68495656472,22100,0.6144578313253012,0.603594706695635,0.6082158185162477,0.3338595106550908,0.3322809786898185,0.3338595106550908,14.176020731493832,14.104941824909332,14.099344273710061,14.414488610423405,0.24312464453804872,0.31448861042340504,1,15.25412485801432,72.63945899999817
45,14.1,P3-U,p3u,517,120,8496,5067,0.5963983050847458,0.656111462951235,0.5656565656565656,3429,10595.392798376442,20135.030885367425,20210.74846161364,22641,0.5990593768371546,0.5942171518489379,0.6002337814143776,0.3339253996447602,0.3323465561476219,0.3337280442076179,14.174902949544398,14.099235122222195,14.099136842864901,14.41430752301357,0.2434941490537912,0.3143075230135697,1,15.256579482433454,74.80462500000431
45,14.1,P3-U,p3u,518,120,8390,5068,0.6040524433849821,0.7134948096885814,0.5835743204164257,3322,10125.796134326392,19923.16325645866,19995.952989135938,22410,0.6102088167053364,0.6101255730516245,0.5791388720436629,0.3338595106550908,0.3322809786898185,0.3338595106550908,14.176016232807616,14.104924303980276,14.099338662603266,14.414529643012763,0.24312454560707444,0.3145296430127633,1,15.254204473936774,70.68120800000179
45,14.1,P3-U,p3u,519,120,8388,5068,0.6041964711492609,0.7122252747252747,0.5752565564424174,3320,10093.628890016522,19752.79096779228,19819.39152419801,22104,0.595311536088834,0.6088590073165908,0.5988304093567252,0.3338595106550908,0.3322809786898185,0.3338595106550908,14.17602550950911,14.10494433500326,14.099345138961722,14.414342841825045,0.24313479442687136,0.3143428418250451,1,15.253995619877916,71.13662499999919
45,14.1,P3-U,p3u,520,120,8555,5067,0.5922852133255406,0.6757990867579908,0.5918966529653552,3488,10805.26346091923,20915.270987896536,20994.341631910018,23462,0.5912581216774956,0.596924873491631,0.5794663573085846,0.3337280442076179,0.3323465561476219,0.3339253996447602,14.174915370005447,14.099242847360282,14.099139132432244,14.41405417795496,0.24349617380044458,0.3140541779549597,1,15.256311853303666,74.83008300000074
45,14.1,P3-U,p3u,521,120,8583,5068,0.5904695327973902,0.6762402088772846,0.5599334073251943,3515,10655.215401893076,20397.406588297923,20467.42505871686,22758,0.5901360544217688,0.594371186774257,0.5794016110471807,0.3338595106550908,0.3322809786898185,0.3338595106550908,14.176021163617248,14.104933527992578,14.099341647948672,14.414438686114126,0.24313017934980305,0.3144386861141264,1,15.254106550256886,74.25137499999983
45,14.1,P3-U,p3u,522,120,8415,5068,0.6022578728461081,0.6867549668874172,0.6070998796630566,3347,10522.191857856315,20266.46738387623,20336.704178985594,22736,0.5947867298578199,0.5982871937860984,0.6213364595545134,0.3338595106550908,0.3322809786898185,0.3338595106550908,14.176019844077269,14.104921956577437,14.099338078630597,14.41443853418857,0.24312411445288437,0.3144385341885698,1,15.254128006506006,72.10408399999869
45,14.1,P3-U,p3u,523,120,8540,5068,0.5934426229508196,0.6651699807568955,0.5746013667425968,3472,10662.492065051418,20218.629008247546,20284.817023208063,22569,0.6062389640965273,0.5935965429188764,0.5805714285714285,0.3338595106550908,0.3322809786898185,0.3338595106550908,14.176021357509443,14.104935210736558,14.099342275940247,14.414439823382919,0.24312444654935322,0.3144398233829193,1,15.254090247432973,73.0633749999979
45,14.1,P3-U,p3u,524,120,8484,5068,0.5973597359735974,0.6773350751143044,0.5839120370370371,3416,10499.196013095005,20254.333716166733,20330.124359040987,22823,0.6130198915009042,0.5914669783752192,0.5998817966903073,0.3338595106550908,0.3322809786898185,0.3338595106550908,14.176023480594248,14.104941369680931,14.099344131088076,14.414386150675172,0.2431369203200261,0.3143861506751726,1,15.254043728395255,73.4966659999991
45,14.1,P3-U,p3u,525,120,8516,5068,0.5951150775011742,0.6849405548216645,0.5596228508042151,3448,10466.873466566973,20089.58037339326,20156.067146694728,22303,0.5905325443786982,0.5960905748016257,0.596745027124774,0.3338595106550908,0.3322809786898185,0.3338595106550908,14.176021476838605,14.10494394770094,14.099344829879035,14.414460872692409,0.2431276740434093,0.3144608726924094,1,15.25410789787136,73.77337499999703
45,14.1,P3-U,p3u,526,120,8461,5068,0.5989835716818342,0.6987870619946092,0.5876528829353523,3393,10353.327119036769,20085.36266617289,20156.62759071865,22659,0.5908018867924528,0.5989010989010989,0.6075494307968844,0.3338595106550908,0.3322809786898185,0.3338595106550908,14.176018855817839,14.104929754355451,14.099340425764451,14.414481579788342,0.24312323683467604,0.31448157978834246,1,15.254144674589895,71.73125000000437
45,14.1,P3-U,p3u,527,120,8470,5067,0.5982290436835891,0.6806833114323259,0.588098016336056,3403,10393.76814975599,20146.266248162978,20228.7011308209,22873,0.5817109144542773,0.5978626558480111,0.6155632984901278,0.3337280442076179,0.3323465561476219,0.3339253996447602,14.174906350729195,14.099232319590959,14.099136116270254,14.414221932995511,0.2434913093543682,0.3142219329955118,1,15.25650089792137,72.74970800000301
45,14.1,P3-U,p3u,528,120,8546,5068,0.5930259770652937,0.6651699807568955,0.571347678369196,3478,10765.838765148492,20608.624411111166,20681.640489565205,23025,0.5852239674229203,0.5984699882306787,0.584731058415269,0.3338595106550908,0.3322809786898185,0.3338595106550908,14.17601556550651,14.104932153905056,14.09934118445866,14.414550977870336,0.24313398521428964,0.31455097787033637,1,15.254234569264685,74.00254100000166
45,14.1,P3-U,p3u,529,120,8502,5068,0.5960950364620089,0.704483695652174,0.587995337995338,3434,10344.987589514585,20175.15608552668,20250.64718832409,22778,0.5991831971995333,0.5893654182029886,0.6140672782874618,0.3338595106550908,0.3322809786898185,0.3338595106550908,14.176027450040689,14.104926016911842,14.09933907205127,14.414269087994853,0.24312325076518868,0.31426908799485354,1,15.253959027137237,74.30183300000499
45,14.1,P3-U,p3u,530,120,8533,5068,0.593929450369155,0.6711974110032363,0.5749287749287749,3465,10855.0570411557,20853.88306328818,20923.518168128423,23184,0.5848949460533788,0.5922444183313749,0.6086434573829532,0.3338595106550908,0.3322809786898185,0.3338595106550908,14.176025709919701,14.10492671716568,14.099339452130216,14.414297179972564,0.2431290792148544,0.3142971799725647,1,15.253981963434,73.04875000000175
45,14.1,P3-D0.50,p3d_05,501,120,8431,5093,0.6040801802870359,0.6858435681965094,0.5876168224299065,3338,10330.484926258247,19855.457681629072,19921.13677551065,22140,0.5984009840098401,0.6047423084460122,0.6075205640423031,0.3337914784999018,0.33241704300019637,0.3337914784999018,14.249395680500092,14.06287945339922,14.057250676620491,14.380507919868231,0.22285208675607454,0.2805079198682314,2,14.603000419141305,72.09700000000157
45,14.1,P3-D0.50,p3d_05,502,120,8488,5093,0.6000235626767201,0.7144781144781145,0.5815028901734104,3395,10231.384441282979,19951.4224475823,20023.641663120503,22468,0.5978747203579419,0.5970059880239521,0.6112426035502958,0.3337914784999018,0.33241704300019637,0.3337914784999018,14.249390472644064,14.06288083658262,14.05725159434879,14.380566971612353,0.22284820590251397,0.28056697161235356,2,14.603051992863811,73.14766699999745
45,14.1,P3-D0.50,p3d_05,503,120,8433,5093,0.6039369145025495,0.6998680738786279,0.5536598789212989,3340,10193.385616215995,19721.636006590983,19791.641771171333,22132,0.6194852941176471,0.5978731784166995,0.6070806732443412,0.3337914784999018,0.33241704300019637,0.3337914784999018,14.249391162515913,14.062877825970887,14.057250263765829,14.380564720601322,0.22284758259550116,0.28056472060132265,2,14.603059241002075,73.71612499999901
45,14.1,P3-D0.50,p3d_05,504,120,8458,5093,0.6021518089382832,0.6971090670170828,0.5883040935672514,3365,10346.525141040247,20187.372443672753,20258.70503096395,22722,0.6055846422338569,0.6039779440724695,0.5930162552679109,0.3337914784999018,0.33241704300019637,0.3337914784999018,14.24939062602002,14.062877148361748,14.05725004504154,14.38056953598587,0.22284872494460176,0.28056953598587064,2,14.60305729402562,72.15004200000112
45,14.1,P3-D0.50,p3d_05,505,120,8451,5093,0.6026505738965803,0.6792573623559539,0.5828505214368482,3358,10392.701719984618,20142.567211797636,20219.013571223848,22727,0.6117256637168141,0.5989488578936729,0.6037735849056604,0.3337914784999018,0.33241704300019637,0.3337914784999018,14.249384345465426,14.062872256901933,14.057248679047563,14.380635663431171,0.22285149954192954,0.2806356634311715,2,14.603128028305825,72.27625000000262
45,14.1,P3-D0.50,p3d_05,506,120,8485,5093,0.6002357100766058,0.6975673898750822,0.5690045248868778,3392,10337.138727050788,19984.657450405015,20054.229839473224,22364,0.6122448979591837,0.5966639871382636,0.5982808022922637,0.3337914784999018,0.33241704300019637,0.3337914784999018,14.24939192544221,14.062869370225465,14.057247815755039,14.380546631409368,0.22285515027299402,0.28054663140936853,2,14.603042578924656,73.73216700000194
45,14.1,P3-D0.50,p3d_05,507,120,8459,5093,0.6020806241872562,0.7116029510395707,0.5761741122565864,3366,10421.071309110428,20129.106539286095,20199.9532052376,22537,0.5985790408525755,0.6019665683382498,0.6059347181008902,0.3337914784999018,0.33241704300019637,0.3337914784999018,14.249386290831723,14.062868574608066,14.057247543563227,14.380606604514446,0.22285781974045657,0.2806066045144462,2,14.603106862711162,74.97158299999865
45,14.1,P3-D0.50,p3d_05,508,120,8258,5093,0.6167352869944297,0.6952817824377457,0.6085904416212946,3165,10061.456817177079,19529.158767939127,19603.156403987756,21992,0.616635397123202,0.6184819810750957,0.6117021276595744,0.3337914784999018,0.33241704300019637,0.3337914784999018,14.24939711286982,14.062885129158095,14.057252559391292,14.380506077752946,0.22284792539637205,0.2805060777529462,2,14.602986433305764,70.53287500000442
45,14.1,P3-D0.50,p3d_05,509,120,8403,5093,0.606093062001666,0.6849580374435119,0.5804962492787075,3310,10393.646616068647,20116.952422412855,20185.873585100304,22615,0.603448275862069,0.6102707006369427,0.5963464938126105,0.3337914784999018,0.33241704300019637,0.3337914784999018,14.249396934073038,14.062885149485352,14.057252445328196,14.380507411177355,0.2228450567006517,0.28050741117735534,2,14.602989921564525,73.00862499999494
45,14.1,P3-D0.50,p3d_05,510,120,8479,5093,0.6006604552423634,0.6894087069525666,0.566122678671919,3386,10272.258247790176,19833.781606964923,19904.431012689714,22273,0.6058263971462544,0.5996884735202492,0.5984346779048766,0.3337914784999018,0.33241704300019637,0.3337914784999018,14.249391505961238,14.062892702931457,14.057254973619303,14.380582240635556,0.22284380340333926,0.2805822406355567,2,14.603050421848929,74.24845900000219
45,14.1,P3-D0.50,p3d_05,511,120,8471,5092,0.6011096682800142,0.6773162939297125,0.5542699724517907,3379,10350.446839130065,19879.719805079123,19941.853756815883,22173,0.604038137969714,0.602315831503294,0.5944014294222751,0.33385703063629224,0.33248232521602517,0.33366064414768265,14.2482548951907,14.062888807431667,14.057253889462638,14.382020542963057,0.2228447990752719,0.2820205429630569,2,14.604490125431996,75.54833299999882
45,14.1,P3-D0.50,p3d_05,512,120,8386,5093,0.6073217266873361,0.694371727748691,0.5893380199179847,3293,10085.223907355896,19438.031042965184,19509.979854050547,21953,0.5914817036592681,0.6127812064503285,0.6067216981132075,0.3337914784999018,0.33241704300019637,0.3337914784999018,14.249391233870883,14.06288152173464,14.057251433174846,14.380567031983405,0.22285004363504032,0.2805670319834057,2,14.603053833409327,86.26762500000041
45,14.1,P3-D0.50,p3d_05,513,120,8393,5093,0.6068152031454783,0.7194293478260869,0.6013150029886432,3300,10185.054272222926,19785.679345277724,19849.68639252919,22151,0.6055045871559633,0.6119668246445498,0.5926800472255017,0.3337914784999018,0.33241704300019637,0.3337914784999018,14.24939363907828,14.062875602495284,14.057249496558923,14.380536196531104,0.22285013293202466,0.28053619653110395,2,14.603021357988215,72.17233300000225
45,14.1,P3-D0.50,p3d_05,514,120,8461,5093,0.6019383051648741,0.7026490066225165,0.5859056493884682,3368,10224.908593338378,20002.958415902725,20080.17148186778,22517,0.6252209781968179,0.5958823529411764,0.5967548076923077,0.3337914784999018,0.33241704300019637,0.3337914784999018,14.249395766142028,14.062872998748661,14.057248919714306,14.380496703060025,0.22285279139415481,0.2804967030600256,2,14.60300066968491,73.77183300000615
45,14.1,P3-D0.50,p3d_05,515,120,8440,5093,0.603436018957346,0.6862871927554981,0.5798270893371757,3347,10107.001110914302,19510.01257649119,19587.630713486968,22147,0.6001137656427759,0.6089820359281437,0.590311004784689,0.3337914784999018,0.33241704300019637,0.3337914784999018,14.249390374479384,14.062869561559175,14.057247694878626,14.380571354776079,0.22285231208150838,0.28057135477607886,2,14.603058420712658,74.81324999999924
45,14.1,P3-D0.50,p3d_05,516,120,8354,5093,0.6096480727795068,0.6810012836970475,0.6002386634844868,3261,10286.971516594464,19697.787917652317,19765.942906916596,21899,0.6180722891566265,0.6063598656922773,0.6112814224402208,0.3337914784999018,0.33241704300019637,0.3337914784999018,14.249391435343956,14.062878675965544,14.057250662380566,14.380562960830057,0.22284843662908754,0.28056296083005705,2,14.603044066282727,72.19991700000537
45,14.1,P3-D0.50,p3d_05,517,120,8496,5094,0.5995762711864406,0.6637112096263458,0.5656565656565656,3402,10423.141051405504,19957.35202590213,20031.317132117405,22443,0.6049382716049383,0.5969708890637293,0.6019871420222093,0.3337259521005104,0.3325480957989792,0.3337259521005104,14.255509479867774,14.124076396688508,14.140576320695216,14.443098370094765,0.08607238541229026,0.34309837009476496,0,14.303103101587283,72.15045899999677
45,14.1,P3-D0.50,p3d_05,518,120,8390,5094,0.6071513706793802,0.7134948096885814,0.582995951417004,3296,9965.264286081956,19748.40415506411,19824.70006617493,22253,0.6136890951276102,0.6129160853099462,0.5827774408732566,0.3337259521005104,0.3325480957989792,0.3337259521005104,14.255508684575146,14.124079320330985,14.140577144264691,14.443105658161159,0.08607450859840914,0.3431056581611589,0,14.303107215050083,71.66124999999738
45,14.1,P3-D0.50,p3d_05,519,120,8388,5092,0.6070577014783023,0.728021978021978,0.5735461801596351,3296,9902.14642232611,19575.18452648518,19647.992507640796,21956,0.5959284392350401,0.6120229385010876,0.6029239766081871,0.33366064414768265,0.33248232521602517,0.33385703063629224,14.24825633510653,14.062893515960111,14.057255411957092,14.382005369022925,0.22284360387087226,0.28200536902292583,2,14.604473087742155,83.54758399999992
45,14.1,P3-D0.50,p3d_05,520,120,8555,5093,0.5953243717124489,0.6921069797782127,0.5907222548443922,3462,10607.70036400582,20740.521711799403,20817.73240998562,23259,0.5948021264028353,0.600233553912028,0.5812064965197216,0.3337914784999018,0.33241704300019637,0.3337914784999018,14.249388433501709,14.062871505107905,14.057248219144924,14.380585025106756,0.22285803800405163,0.2805850251067561,2,14.603091197267187,89.56566600000224
45,14.1,P3-D0.50,p3d_05,521,120,8583,5093,0.5933822672725154,0.6906005221932114,0.55826859045505,3490,10469.533464975213,20213.64297828297,20284.41024067045,22590,0.5924036281179138,0.5977169848455028,0.5817031070195627,0.3337914784999018,0.33241704300019637,0.3337914784999018,14.249390242885903,14.062872502612892,14.057248684594073,14.38055836256705,0.22285270330553808,0.28055836256705113,2,14.603058374375504,99.36612500000047
45,14.1,P3-D0.50,p3d_05,522,120,8415,5093,0.6052287581699346,0.7026490066225165,0.605294825511432,3322,10327.789289049042,20088.891975368133,20162.637551168355,22585,0.5959715639810427,0.6016729735112527,0.6248534583821805,0.3337914784999018,0.33241704300019637,0.3337914784999018,14.24939095437156,14.06287060443251,14.057248156228788,14.380564381109968,0.22285336335679679,0.2805643811099685,2,14.603058870990159,81.28629200000432
45,14.1,P3-D0.50,p3d_05,523,120,8540,5093,0.5963700234192038,0.6805644644002565,0.5728929384965832,3447,10462.596248051928,20035.6310789342,20109.08804134213,22443,0.607416127133608,0.5973286191318012,0.5828571428571429,0.3337914784999018,0.33241704300019637,0.3337914784999018,14.24939159582312,14.062888282732226,14.057253729689515,14.380563828765618,0.22284525212907227,0.2805638287656187,2,14.60304627887346,112.11279099999956
45,14.1,P3-D0.50,p3d_05,524,120,8484,5093,0.6003064592173503,0.6930111038536904,0.5821759259259259,3391,10303.56413532088,20081.65080172118,20159.042277300636,22646,0.6148282097649186,0.5951685174361971,0.6016548463356974,0.3337914784999018,0.33241704300019637,0.3337914784999018,14.24939190846127,14.06285989132739,14.057244697433143,14.380537256896915,0.22285712161352442,0.2805372568969151,2,14.603041191271835,77.85658300000068
45,14.1,P3-D0.50,p3d_05,525,120,8516,5092,0.5979333020197276,0.7001321003963011,0.5579589572933998,3424,10273.423552491988,19908.59446311526,19977.62099829357,22169,0.5928994082840237,0.59899361331527,0.5997588908981314,0.33385703063629224,0.33248232521602517,0.33366064414768265,14.248257306639065,14.062894199654131,14.057255390887684,14.381993787061054,0.22284193274646769,0.2819937870610545,2,14.6044649858387,75.63475000000471
45,14.1,P3-D0.50,p3d_05,526,120,8461,5093,0.6019383051648741,0.7149595687331537,0.5859056493884682,3368,10164.497120218364,19905.45599935919,19978.905537432074,22501,0.5955188679245284,0.6018445839874411,0.6087477531455961,0.3337914784999018,0.33241704300019637,0.3337914784999018,14.24939254569289,14.062872132887728,14.057248538565432,14.380546458027359,0.22284931099214392,0.28054645802735934,2,14.603040005559418,74.16312499999913
45,14.1,P3-D0.50,p3d_05,527,120,8470,5093,0.6012987012987013,0.6971090670170828,0.5869311551925321,3377,10200.800379980086,19975.277038281256,20053.66447696777,22723,0.5870206489675516,0.600039580447259,0.6190476190476191,0.3337914784999018,0.33241704300019637,0.3337914784999018,14.249395327623127,14.06287194455699,14.057248702949153,14.38050678446893,0.22285404519357696,0.28050678446892974,2,14.60300803615343,74.53020800000377
45,14.1,P3-D0.50,p3d_05,528,120,8546,5093,0.5959513222560262,0.6805644644002565,0.5696489241223103,3453,10570.433025639923,20427.817761036025,20499.62877970979,22829,0.5881326352530541,0.6014123185562966,0.5876229034123771,0.3337914784999018,0.33241704300019637,0.3337914784999018,14.249391613215371,14.062870480418303,14.057248015746657,14.380548034441857,0.22285589483673796,0.28054803444185694,2,14.603045737339153,72.66670800000429
45,14.1,P3-D0.50,p3d_05,529,120,8502,5093,0.5990355210538697,0.7207880434782609,0.5862470862470862,3409,10156.353431467762,20001.278162075225,20079.734695352905,22622,0.6021003500583431,0.5918882204541044,0.618348623853211,0.3337914784999018,0.33241704300019637,0.3337914784999018,14.249397234172665,14.062886949465108,14.05725303498138,14.38051522223701,0.22284560124090072,0.2805152222370104,2,14.602984368162145,72.5767909999995
45,14.1,P3-D0.50,p3d_05,530,120,8533,5093,0.5968592523145435,0.6867313915857605,0.5732193732193732,3440,10661.116549195118,20670.45090978492,20740.906512038582,23015,0.5865985235661556,0.5953779866823345,0.6122448979591837,0.3337914784999018,0.33241704300019637,0.3337914784999018,14.249392533721778,14.062867649743,14.057247135680585,14.380530565286072,0.22285197210923693,0.2805305652860728,2,14.603028439751945,74.5399999999936
45,14.15,P3-U,p3u,501,120,8431,5084,0.6030126912584509,0.6716224951519069,0.5905373831775701,3347,10478.964670112402,19946.599190732628,20011.010493046,22179,0.5984009840098401,0.6033705663335293,0.6063454759106933,0.3337922895357986,0.3322187254130606,0.33398898505114083,14.219218450592026,14.14127730318711,14.141223722732386,14.95368423622022,0.34412285496956024,0.803684236220219,2,14.55753424254159,75.22037499999715
45,14.15,P3-U,p3u,502,120,8488,5084,0.5989632422243166,0.6983164983164983,0.584393063583815,3404,10375.866587082603,20038.87811694454,20108.790236331133,22520,0.5961968680089486,0.5960079840319361,0.6106508875739645,0.3337922895357986,0.3322187254130606,0.33398898505114083,14.219201617687284,14.141262775545515,14.141219599778951,14.954027808888297,0.3441143086977272,0.8040278088882964,2,14.557898193393227,72.72904099999869
45,14.15,P3-U,p3u,503,120,8433,5084,0.6028696786434247,0.6846965699208444,0.5558613098514034,3349,10336.947681376592,19804.870066356754,19869.36159911693,22194,0.6182598039215687,0.5966916108704214,0.6065002901915264,0.3337922895357986,0.3324154209284028,0.3337922895357986,14.224175920805928,14.135526107708918,14.141002431631454,14.503856577180235,0.03809245451197793,0.35385657718023467,2,14.558043495882467,71.92804199999955
45,14.15,P3-U,p3u,504,120,8458,5084,0.6010877275951761,0.6819973718791065,0.5906432748538012,3374,10487.791198111005,20268.559667291425,20337.22274109971,22798,0.6038394415357766,0.6031902323749507,0.5918121613485852,0.3337922895357986,0.3324154209284028,0.3337922895357986,14.224177428183188,14.135519032135909,14.14100020731699,14.503796426520134,0.03809251585004331,0.3537964265201339,2,14.557985691499496,74.38570800000161
45,14.15,P3-U,p3u,505,120,8451,5084,0.6015856111702758,0.6645326504481434,0.5851680185399768,3367,10534.10186614203,20219.224678239716,20291.93803388406,22810,0.6111725663716814,0.5981402870426521,0.6014150943396226,0.3337922895357986,0.3324154209284028,0.3337922895357986,14.22417311872471,14.135529861018803,14.141003767878773,14.503926486529885,0.03808262196179995,0.35392648652988434,2,14.558082091953027,76.57154099999752
45,14.15,P3-U,p3u,506,120,8485,5084,0.5991750147318798,0.6824457593688363,0.5712669683257918,3401,10479.436000011543,20068.044382092303,20136.510878083307,22442,0.6111111111111112,0.5960610932475884,0.5959885386819485,0.3337922895357986,0.3324154209284028,0.3337922895357986,14.22418082029593,14.135519349801273,14.14100050234046,14.503713910815181,0.03809520221944898,0.35371391081518055,2,14.557903042627228,77.85220799999661
45,14.15,P3-U,p3u,507,120,8459,5084,0.6010166686369547,0.6968477531857814,0.5790378006872853,3375,10555.439118296643,20218.073989850494,20285.964407427553,22625,0.5979869745411486,0.6013765978367748,0.6029673590504451,0.3337922895357986,0.3322187254130606,0.33398898505114083,14.21919768969664,14.141265867025568,14.14122037611974,14.95413150111385,0.3441215860571657,0.804131501113849,2,14.55798623529984,73.76462500000343
45,14.15,P3-U,p3u,508,120,8258,5084,0.6156454347299588,0.6802096985583224,0.6116152450090744,3174,10207.113508552166,19614.418843513107,19683.584810522978,22020,0.6153846153846154,0.6172740084558084,0.6111111111111112,0.33398898505114083,0.3322187254130606,0.3337922895357986,14.219212004565836,14.141278420930847,14.141224193350446,14.953848637920784,0.3441316649265552,0.8038486379207832,2,14.557673501579119,74.34975000000122
45,14.15,P3-U,p3u,509,120,8403,5084,0.6050220159466857,0.6701097482246611,0.582804385458742,3319,10525.987091942583,20197.2422335466,20267.034127999967,22656,0.6028537455410226,0.6090764331210191,0.5951679434295816,0.3337922895357986,0.3324154209284028,0.3337922895357986,14.224189392320175,14.135531888525797,14.141004105126575,14.50355469117708,0.038077196950739245,0.35355469117707905,2,14.557723511594356,76.31216700000368
45,14.15,P3-U,p3u,510,120,8479,5084,0.5995990093171365,0.6751137102014295,0.5683736634777715,3395,10404.540377209794,19913.390996717928,19980.9676845542,22319,0.6058263971462544,0.5987149532710281,0.5960264900662252,0.3337922895357986,0.3324154209284028,0.3337922895357986,14.224179250276192,14.135529650728882,14.141003538997376,14.50379882226258,0.03808638450667945,0.3537988222625792,2,14.55797625711185,72.82304199999635
45,14.15,P3-U,p3u,511,120,8471,5084,0.6001652697438319,0.663258785942492,0.5564738292011019,3387,10497.055380584321,19956.583054192164,20021.502728782634,22238,0.6029164329781268,0.6013176282691156,0.5938058368076236,0.3337922895357986,0.3324154209284028,0.3337922895357986,14.224179267548726,14.135524662526441,14.141002094186765,14.503766136630944,0.038092240155679205,0.35376613663094325,2,14.55795522637959,75.9453330000033
45,14.15,P3-U,p3u,512,120,8386,5084,0.6062485094204627,0.6793193717277487,0.5916813122437024,3302,10224.983729356944,19518.736481831533,19586.898984037292,22019,0.590881823635273,0.6117857853872188,0.6049528301886793,0.3337922895357986,0.3324154209284028,0.3337922895357986,14.224172180069365,14.135529109997265,14.14100339978205,14.503956319980439,0.03808800090539909,0.35395631998043875,2,14.558114374960711,74.27054199999839
45,14.15,P3-U,p3u,513,120,8393,5084,0.6057428809722387,0.7058423913043478,0.6037059175134489,3309,10311.203964943019,19868.947326529746,19936.614721885257,22222,0.6042813455657492,0.6111769352290679,0.5909090909090909,0.3337922895357986,0.3324154209284028,0.3337922895357986,14.224183978427364,14.135535335575618,14.141005225481786,14.50369289075413,0.03807034189274908,0.3536928907541288,2,14.55784775446719,73.20149999999558
45,14.15,P3-U,p3u,514,120,8461,5084,0.6008746011109798,0.6867549668874172,0.5882352941176471,3377,10357.493920732653,20079.656774590832,20154.925394871134,22571,0.624042427813789,0.5947058823529412,0.5961538461538461,0.3337922895357986,0.3324154209284028,0.3337922895357986,14.22419229620282,14.135539890508847,14.141006920935522,14.50351195019058,0.03807450899632772,0.3535119501905797,2,14.557679891583197,87.51533300000301
45,14.15,P3-U,p3u,515,120,8440,5084,0.6023696682464454,0.6714100905562742,0.5821325648414986,3356,10247.28634099306,19588.265552529876,19663.083759595826,22190,0.5989761092150171,0.6077844311377245,0.5897129186602871,0.3337922895357986,0.3324154209284028,0.3337922895357986,14.224176075400472,14.135519570637044,14.141000394830925,14.503842032397786,0.03809844181102737,0.353842032397786,2,14.558036745496942,71.70241700000042
45,14.15,P3-U,p3u,516,120,8354,5084,0.6085707445535073,0.6662387676508345,0.6026252983293556,3270,10421.50141718469,19780.940191870188,19847.531358538767,21959,0.6156626506024097,0.6055698202646652,0.6106683016554261,0.3337922895357986,0.3324154209284028,0.3337922895357986,14.22418334841866,14.135528433160607,14.141003272863678,14.503687366315758,0.038085857025673166,0.35368736631575715,2,14.557869810706986,73.54537500000151
45,14.15,P3-U,p3u,517,120,8496,5084,0.5983992467043314,0.6580113996200126,0.5667789001122334,3412,10536.59315596622,20035.465141405028,20105.438049319888,22540,0.6019988242210464,0.5961841070023604,0.6014026884862653,0.3337922895357986,0.3324154209284028,0.3337922895357986,14.224170050913841,14.135519222784092,14.14100031835102,14.503972683554586,0.03809191968830027,0.353972683554586,2,14.558147316518932,76.31937499999913
45,14.15,P3-U,p3u,518,120,8390,5084,0.6059594755661502,0.71280276816609,0.5841526894158473,3306,10067.597926306813,19824.990530594543,19897.837919572496,22310,0.6131090487238979,0.6117201514849512,0.5809581564584597,0.3337922895357986,0.3324154209284028,0.3337922895357986,14.224172380462555,14.135522119927474,14.14100117206092,14.503905877364156,0.03809389609673326,0.3539058773641557,2,14.558097668928578,70.83595900000364
45,14.15,P3-U,p3u,519,120,8388,5084,0.6061039580352885,0.7135989010989011,0.5758266818700114,3304,10032.719199993002,19649.937092919234,19718.218933571654,22024,0.595311536088834,0.6114297014039944,0.6005847953216374,0.3337922895357986,0.3324154209284028,0.3337922895357986,14.224190119363113,14.135542274192183,14.141007697095596,14.503584614230588,0.03806008470591095,0.35358461423058785,2,14.557705722493631,71.04370899999776
45,14.15,P3-U,p3u,520,120,8555,5084,0.5942723553477498,0.6771037181996086,0.5936582501467997,3471,10755.906112669796,20825.13513525223,20895.662949246827,23308,0.5942114589486119,0.5988711560918646,0.5806264501160093,0.33398898505114083,0.3322187254130606,0.3337922895357986,14.21921719720675,14.141255600139933,14.141216929424173,14.953675236648015,0.3441136670394595,0.8036752366480151,2,14.557556082965172,76.04124999999476
45,14.15,P3-U,p3u,521,120,8583,5084,0.5923336828614704,0.6781984334203656,0.560488346281909,3499,10594.099484894092,20294.92302243043,20363.273347302074,22643,0.5912698412698413,0.596732926589254,0.5805523590333717,0.3337922895357986,0.3324154209284028,0.3337922895357986,14.224173137658715,14.135524043148955,14.141001810390323,14.503919128309052,0.03808904084496342,0.3539191283090517,2,14.558099848775651,76.66929200000595
45,14.15,P3-U,p3u,522,120,8415,5084,0.6041592394533571,0.6867549668874172,0.6077015643802648,3331,10462.198148556532,20167.433111513783,20242.336975837658,22670,0.5953791469194313,0.6002788289185421,0.6242672919109027,0.3337922895357986,0.3324154209284028,0.3337922895357986,14.224179881333193,14.135510024419466,14.140997537867575,14.503726889126746,0.03811000975829064,0.35372688912674555,2,14.55793943744742,72.5389589999977
45,14.15,P3-U,p3u,523,120,8540,5084,0.5953161592505855,0.6658114175753689,0.5751708428246014,3456,10601.485449193984,20116.13796632705,20188.346781070515,22488,0.607416127133608,0.5961500687487723,0.5811428571428572,0.3337922895357986,0.3324154209284028,0.3337922895357986,14.22418070005557,14.13553811780067,14.141006392947835,14.503793743061763,0.03807556286065577,0.3537937430617628,2,14.55793829535344,73.50745900000038
45,14.15,P3-U,p3u,524,120,8484,5084,0.5992456388495992,0.6779882429784455,0.5844907407407407,3400,10439.7418261534,20158.278102383963,20234.367553948297,22705,0.6142254370102471,0.5938047925189948,0.601063829787234,0.3337922895357986,0.3324154209284028,0.3337922895357986,14.224176902993067,14.135511576977388,14.140997941454343,14.503795764244545,0.038106635780113536,0.35379576424454484,2,14.558009603575305,74.61554099999921
45,14.15,P3-U,p3u,525,120,8516,5084,0.5969938938468765,0.6856010568031704,0.5601774819744869,3432,10405.892708689995,19984.496327384353,20050.625795005453,22199,0.5923076923076923,0.5980259338107219,0.5985533453887885,0.3337922895357986,0.3324154209284028,0.3337922895357986,14.224177956513389,14.13553410437155,14.141004928515338,14.503831055044538,0.038076612406089894,0.3538310550445374,2,14.557981774772427,76.31116699999984
45,14.15,P3-U,p3u,526,120,8461,5084,0.6008746011109798,0.7008086253369272,0.5882352941176471,3377,10293.316806856346,19985.603774411615,20058.94703516309,22562,0.5931603773584906,0.6008634222919937,0.6087477531455961,0.3337922895357986,0.3324154209284028,0.3337922895357986,14.22417730020907,14.135531957311324,14.14100435418817,14.503848279507205,0.03807909268855673,0.3538482795072042,2,14.55800219133867,72.14483400000609
45,14.15,P3-U,p3u,527,120,8470,5084,0.6002361275088548,0.6813403416557161,0.5892648774795799,3386,10336.706594197001,20051.720265800777,20126.229884922206,22761,0.5858407079646017,0.5996437759746686,0.616144018583043,0.3337922895357986,0.3324154209284028,0.3337922895357986,14.224188535743979,14.135527925706505,14.14100328232846,14.503563936265907,0.03808107473559282,0.3535639362659069,2,14.557736419509167,72.7109580000033
45,14.15,P3-U,p3u,528,120,8546,5084,0.5948981979873625,0.6664528543938422,0.5719139297848245,3462,10705.857763000613,20507.90952509777,20579.466924332326,22881,0.5863874345549738,0.6004315417810906,0.5870445344129555,0.3337922895357986,0.3324154209284028,0.3337922895357986,14.224185073631935,14.13553549209486,14.141005422838104,14.503690674020286,0.03808033682925782,0.3536906740202852,2,14.557837676237678,75.39058300000033
45,14.15,P3-U,p3u,529,120,8502,5084,0.5979769466007998,0.7051630434782609,0.5885780885780886,3418,10285.787877063538,20078.563347946456,20152.581887561977,22653,0.6003500583430572,0.590917911895983,0.617737003058104,0.3337922895357986,0.3324154209284028,0.3337922895357986,14.224184739640007,14.135526562164832,14.14100248244752,14.503654525405901,0.03808793691758922,0.3536545254059007,2,14.557827587133353,76.42041600000084
45,14.15,P3-U,p3u,530,120,8533,5084,0.5958045236142037,0.6718446601941748,0.5754985754985755,3449,10795.490384244053,20751.487996455537,20819.913210797473,23074,0.5854628052243044,0.5942028985507246,0.6116446578631453,0.3337922895357986,0.3324154209284028,0.3337922895357986,14.224176734862276,14.135523968278546,14.141001801122428,14.503810609929387,0.03808284459078838,0.3538106099293863,2,14.558004340371888,73.43687499999942
45,14.15,P3-D0.50,p3d_05,501,120,8431,5108,0.605859328668011,0.6877828054298643,0.5911214953271028,3323,10278.907598283151,19756.766209964408,19829.68005437755,22041,0.6002460024600246,0.6065059768763472,0.6092831962397179,0.33379013312451056,0.33241973375097883,0.33379013312451056,14.291423246063097,14.146953748187473,14.141421554932224,14.826674403602437,0.018418756886625857,0.676674403602437,2,14.85803108635316,71.99008299999696
45,14.15,P3-D0.50,p3d_05,502,120,8488,5108,0.6017907634307257,0.7164983164983165,0.584971098265896,3380,10181.17594243547,19857.5028089177,19938.258851691124,22364,0.598434004474273,0.5992015968063872,0.6130177514792899,0.33379013312451056,0.33241973375097883,0.33379013312451056,14.291418707667914,14.146950631753292,14.141420992343692,14.82672586572029,0.01842037022600174,0.6767258657202895,2,14.858080845592008,74.48666700000467
45,14.15,P3-D0.50,p3d_05,503,120,8433,5108,0.6057156409344243,0.7018469656992085,0.5569620253164557,3325,10143.98761831675,19624.790428916876,19701.26329509589,21965,0.6207107843137255,0.6002363135092557,0.6076610562971562,0.33379013312451056,0.33241973375097883,0.33379013312451056,14.29142463429888,14.146952117756172,14.141421098570254,14.826665850206817,0.01842155462206873,0.6766658502068168,2,14.85802793847721,71.81908300000214
45,14.15,P3-D0.50,p3d_05,504,120,8458,5108,0.6039252778434618,0.6990801576872536,0.591812865497076,3350,10296.391251974243,20092.567432313066,20170.402413805245,22573,0.6079115764979639,0.6057502953918865,0.5942203491872367,0.33379013312451056,0.33241973375097883,0.33379013312451056,14.291423539215625,14.146969231055657,14.141426514657462,14.826695415092239,0.018404316223293984,0.6766954150922384,2,14.858031856738219,72.25774999999703
45,14.15,P3-D0.50,p3d_05,505,120,8451,5108,0.6044255117737546,0.6811779769526248,0.5863267670915412,3343,10342.47990601522,20051.744748637273,20139.888464031534,22645,0.6139380530973452,0.6005659995957146,0.6055424528301887,0.33379013312451056,0.33241973375097883,0.33379013312451056,14.291415505538016,14.146954647491837,14.141422081669269,14.826763604727523,0.018418167601366504,0.6767636047275225,2,14.858122834365192,72.49166700000205
45,14.15,P3-D0.50,p3d_05,506,120,8485,5108,0.6020035356511491,0.6995397764628534,0.5723981900452488,3377,10285.93701583406,19887.394623656997,19963.568228493554,22249,0.6150793650793651,0.5982717041800643,0.5994269340974212,0.33379013312451056,0.33241973375097883,0.33379013312451056,14.291425367277004,14.146961667063687,14.14142432275728,14.826662022810327,0.01841422254674424,0.6766620228103264,2,14.858004434188434,73.64495899999747
45,14.15,P3-D0.50,p3d_05,507,120,8459,5108,0.6038538834377586,0.7122736418511066,0.579610538373425,3351,10371.617527138298,20032.694206832013,20106.450049880586,22377,0.6003552397868561,0.6039331366764995,0.6071216617210683,0.33379013312451056,0.33241973375097883,0.33379013312451056,14.291415025593299,14.146956913166905,14.141422804361815,14.826772907928172,0.018415323010104432,0.6767729079281715,2,14.858124654519038,71.92641600000206
45,14.15,P3-D0.50,p3d_05,508,120,8258,5108,0.6185517074352144,0.6972477064220184,0.6122202056866304,3150,10010.166058740848,19436.09855112667,19519.511760074816,21913,0.6191369606003753,0.6202939400040266,0.6128841607565012,0.33379013312451056,0.33241973375097883,0.33379013312451056,14.29142872559816,14.146960280798377,14.141423688329981,14.826629511855927,0.0184130968768977,0.6766295118559267,2,14.857975695479615,70.625
45,14.15,P3-D0.50,p3d_05,509,120,8403,5108,0.6078781387599667,0.6868947708198838,0.5839584535487594,3295,10344.227778868355,20022.835055912426,20102.114614692935,22532,0.6046373365041617,0.6118630573248408,0.5992928697701827,0.33379013312451056,0.33241973375097883,0.33379013312451056,14.2914241455737,14.146962556333778,14.141424306542055,14.82667967141601,0.018415306251700663,0.676679671416009,2,14.858032575348652,72.00270900000032
45,14.15,P3-D0.50,p3d_05,510,120,8479,5108,0.6024295317844085,0.691358024691358,0.5694991558806978,3371,10222.190641531131,19739.783664002523,19822.784419563763,22206,0.6076099881093936,0.6014408099688473,0.6002408187838651,0.33379013312451056,0.33241973375097883,0.33379013312451056,14.291419987380404,14.146954035578291,14.141421744782896,14.826727965776312,0.01842289963093263,0.6767279657763119,2,14.858071809996847,73.79741700000159
45,14.15,P3-D0.50,p3d_05,511,120,8471,5108,0.6029984653523787,0.6798722044728435,0.5575757575757576,3363,10300.726980893653,19774.1252803383,19848.897403567233,22088,0.6057206954570948,0.6047115192653224,0.5949970220369267,0.33379013312451056,0.33241973375097883,0.33379013312451056,14.291417690303549,14.14694661292481,14.14141953579444,14.826730699689591,0.01842313884592187,0.6767306996895908,2,14.858094705220688,71.71599999999307
45,14.15,P3-D0.50,p3d_05,512,120,8386,5108,0.609110422132125,0.6963350785340314,0.5928529584065613,3278,10033.621948661195,19343.639153590848,19423.844939908337,21826,0.5944811037792441,0.6141747959386821,0.6084905660377359,0.33379013312451056,0.33241973375097883,0.33379013312451056,14.29142100078325,14.146961255658667,14.141423992424471,14.826712827853802,0.01841458048347895,0.6767128278538017,2,14.858057535436627,71.2143750000032
45,14.15,P3-D0.50,p3d_05,513,120,8393,5109,0.6087215536756821,0.720108695652174,0.6049013747758517,3284,10137.322950478154,19695.20040969857,19768.377590718646,22070,0.6091743119266055,0.6135466034755134,0.5938606847697757,0.33372479937365435,0.33235466823253085,0.33392053239381486,14.292568040012647,14.146949843678774,14.141420340253646,14.826915435910385,0.018243807624613625,0.6769154359103844,0,14.856512069561665,74.90012500000012
45,14.15,P3-D0.50,p3d_05,514,120,8461,5109,0.6038293345940197,0.7039735099337748,0.5894001164822364,3352,10178.16138384806,19919.169925188737,19998.87369143411,22436,0.6269888037713612,0.597843137254902,0.5985576923076923,0.33392053239381486,0.33235466823253085,0.33372479937365435,14.292577315481383,14.146968600359829,14.141426475446027,14.826831889985352,0.018225820773646626,0.6768318899853512,0,14.856403846737749,73.10708299999533
45,14.15,P3-D0.50,p3d_05,515,120,8440,5108,0.6052132701421801,0.6882276843467011,0.58328530259366,3332,10055.982280685594,19418.767806918997,19499.077091708597,22048,0.602957906712173,0.6101796407185629,0.5927033492822966,0.33379013312451056,0.33241973375097883,0.33379013312451056,14.291421904189017,14.14694836899423,14.14141998944208,14.826695082022143,0.018419777921680792,0.6766950820221425,2,14.858047188990554,71.6140000000014
45,14.15,P3-D0.50,p3d_05,516,120,8354,5108,0.6114436198228393,0.6829268292682927,0.60381861575179,3246,10235.5672969908,19599.743706866346,19672.84020493978,21805,0.6210843373493976,0.6079399565475014,0.6125076640098099,0.33379013312451056,0.33241973375097883,0.33379013312451056,14.291414653229108,14.14695769214555,14.141423002213577,14.826783949721174,0.018411994904104768,0.6767839497211732,2,14.858125868895637,71.48112499999843
45,14.15,P3-D0.50,p3d_05,517,120,8496,5110,0.6014595103578154,0.6637112096263458,0.5679012345679012,3386,10374.945457644548,19874.961781224378,19942.09026754163,22304,0.6067019400352733,0.5985444531864673,0.6049094097019287,0.3338551859099804,0.33228962818003915,0.3338551859099804,14.293702783444767,14.146930712732633,14.14141448243816,14.827237823881285,0.01818927316487738,0.6772378238812848,2,14.855092414739348,97.19858400000521
45,14.15,P3-D0.50,p3d_05,518,120,8390,5110,0.6090584028605482,0.7134948096885814,0.5853094274146906,3280,9920.040048703815,19668.25618035358,19739.17251907613,22127,0.6154292343387471,0.6153079529599362,0.5833838690115222,0.3338551859099804,0.33228962818003915,0.3338551859099804,14.293704172367667,14.146935186702548,14.141415757893016,14.827222369323849,0.018187225828643915,0.6772223693238484,2,14.855080801862574,72.58283300000039
45,14.15,P3-D0.50,p3d_05,519,120,8388,5108,0.60896518836433,0.7307692307692307,0.5769669327251995,3280,9854.694441533442,19472.204287506964,19546.72195000617,21806,0.5996298581122764,0.613604904093336,0.604093567251462,0.33379013312451056,0.33241973375097883,0.33379013312451056,14.29142653673239,14.146967510660152,14.141426158299389,14.826668979530348,0.01840887665443096,0.6766689795303478,2,14.858004234234645,74.79262500000186
45,14.15,P3-D0.50,p3d_05,520,120,8555,5108,0.5970777323202805,0.6940639269406392,0.5942454492072813,3447,10558.637081730576,20648.672739579197,20733.659266063947,23133,0.596574128765505,0.6019852082522382,0.5829466357308585,0.33379013312451056,0.33241973375097883,0.33379013312451056,14.291421116355961,14.146965553388666,14.141425279483961,14.82671908715666,0.018413315174402284,0.6767190871566591,2,14.858068549171277,73.75137499999983
45,14.15,P3-D0.50,p3d_05,521,120,8583,5110,0.5953629267156006,0.6912532637075718,0.5615982241953386,3473,10424.328922441775,20131.40868179465,20198.28353757225,22513,0.5929705215419501,0.5996851013580003,0.5851553509781358,0.3338551859099804,0.33228962818003915,0.3338551859099804,14.293705521427107,14.146940061610566,14.141417373263318,14.827218228477795,0.018185431877097046,0.6772182284777948,2,14.85507445173377,73.32433400000446
45,14.15,P3-D0.50,p3d_05,522,120,8415,5108,0.6070112893642305,0.704635761589404,0.6089049338146811,3307,10277.964088812856,19995.590957889963,20074.687274520697,22463,0.5965639810426541,0.6038637721569409,0.6266119577960141,0.33379013312451056,0.33241973375097883,0.33379013312451056,14.291417971379433,14.146952287911207,14.14142132675932,14.826746066243544,0.018419820501755602,0.6767460662435436,2,14.858096143463273,74.62754099999438
45,14.15,P3-D0.50,p3d_05,523,120,8540,5108,0.5981264637002341,0.6824887748556767,0.5763097949886105,3432,10412.969643900311,19940.571545310115,20016.566172088213,22355,0.6085932901706886,0.5989000196425064,0.5857142857142857,0.33379013312451056,0.33241973375097883,0.33379013312451056,14.291422469877984,14.146955057351896,14.141422228390239,14.826690134477893,0.01841740963769925,0.6766901344778926,2,14.858041277415932,76.58220900000015
45,14.15,P3-D0.50,p3d_05,524,120,8484,5108,0.6020744931636021,0.6949706074461136,0.5856481481481481,3376,10253.6977042319,19990.89783970646,20075.391525915038,22517,0.6172393007836046,0.5971166958893435,0.6022458628841607,0.33379013312451056,0.33241973375097883,0.33379013312451056,14.291417005316996,14.146943425387645,14.141418448726567,14.826739432343787,0.018424399222850236,0.676739432343787,2,14.858105418959989,72.90237499999785
45,14.15,P3-D0.50,p3d_05,525,120,8516,5108,0.5998121183654298,0.702774108322325,0.5612867443150305,3408,10226.216054772121,19804.11513612754,19880.23201764819,22034,0.5946745562130178,0.6007354364234565,0.6021699819168174,0.33379013312451056,0.33241973375097883,0.33379013312451056,14.291423286043493,14.14696399782777,14.141424832389893,14.826695308002066,0.018407625599519275,0.6766953080020652,2,14.858031751944676,72.41620899999543
45,14.15,P3-D0.50,p3d_05,526,120,8461,5108,0.603711145254698,0.7169811320754716,0.5894001164822364,3353,10115.947861904995,19812.446476204663,19893.229961242858,22383,0.5966981132075472,0.6040031397174255,0.609946075494308,0.33379013312451056,0.33241973375097883,0.33379013312451056,14.291421239272895,14.146959268972077,14.141423423958537,14.826711176715078,0.018413892111001758,0.6767111767150773,2,14.858061613832936,73.71575000000303
45,14.15,P3-D0.50,p3d_05,527,120,8470,5108,0.6030696576151121,0.6990801576872536,0.5904317386231038,3362,10151.789268973254,19886.36028436192,19975.029484787894,22652,0.5893805309734513,0.6018207005739165,0.6202090592334495,0.33379013312451056,0.33241973375097883,0.33379013312451056,14.29142393866371,14.146959956362615,14.141423865010657,14.826679943686415,0.018413542528696106,0.6766799436864144,2,14.858031742254639,76.08783300000505
45,14.15,P3-D0.50,p3d_05,528,120,8546,5108,0.5977065293704658,0.6824887748556767,0.5730464326160816,3438,10520.488178995416,20333.04228351318,20410.634304913372,22702,0.5898778359511344,0.6035700274617497,0.5882012724117988,0.33379013312451056,0.33241973375097883,0.33379013312451056,14.291419016960921,14.146957463758872,14.141422839096668,14.826728541171263,0.018415333126713573,0.6767285411712631,2,14.85808317776744,73.14137499999924
45,14.15,P3-D0.50,p3d_05,529,120,8502,5108,0.6007998118089861,0.7228260869565217,0.5897435897435898,3394,10107.518130417802,19910.335735204873,19995.929325027344,22537,0.6044340723453909,0.5934407141470988,0.6201834862385321,0.33379013312451056,0.33241973375097883,0.33379013312451056,14.291427733378807,14.146960044781844,14.14142358139493,14.82664566512318,0.018414268840509663,0.6766456651231803,2,14.857983025184613,72.26949999999488
45,14.15,P3-D0.50,p3d_05,530,120,8533,5108,0.5986171334817766,0.6886731391585761,0.5766381766381766,3425,10611.843402605211,20574.629316097624,20650.634551028183,22951,0.5877342419080068,0.5971406188797493,0.6146458583433373,0.33379013312451056,0.33241973375097883,0.33379013312451056,14.291422367031476,14.14694563506155,14.14141918819265,14.826677850221273,0.01842027622183017,0.6766778502212727,2,14.858039956828254,75.86408300000039
45,18,P3-U,p3u,501,120,8431,5486,0.6506938678685802,0.7013574660633484,0.643107476635514,2945,9351.904289654447,17496.792618478754,17573.177090403176,19524,0.6549815498154982,0.6500097981579464,0.6486486486486487,0.33138899015676265,0.33703973751367117,0.3315712723295662,15.475193952363975,15.551672754921135,15.652496739585828,40,0,22,0,40,74.63804099999834
45,18,P3-U,p3u,502,120,8488,5483,0.6459707822808671,0.7292929292929293,0.6358381502890174,3005,9292.656023256333,17754.048373899208,17836.74890075935,20036,0.6442953020134228,0.642315369261477,0.6585798816568047,0.33157030822542405,0.3359474740105782,0.33248221776399783,15.436900958618645,15.446361621611794,15.486456495804148,40,0,22,0,40,71.74216600000364
45,18,P3-U,p3u,503,120,8433,5487,0.6506581287797937,0.7176781002638523,0.6053935057787562,2946,9189.791324589152,17322.9087569067,17400.946876580976,19258,0.6587009803921569,0.6471051595116187,0.6535113174695298,0.33132859486057953,0.338071806087115,0.33059959905230546,15.506212859526546,15.496165303591347,15.569373263362879,40,0,22,0,40,70.87212500000169
45,18,P3-U,p3u,504,120,8458,5492,0.6493260818160321,0.716819973718791,0.6432748538011696,2966,9341.881671392583,17876.60504671654,17953.22870459048,19917,0.6463059918557301,0.6508467900748326,0.6478025285972305,0.3312090313182811,0.33885651857246907,0.3299344501092498,15.541802051377257,15.496155090397451,15.569370175000685,40,0,22,0,40,73.31687500000407
45,18,P3-U,p3u,505,120,8451,5495,0.6502189090048515,0.6984635083226632,0.6384704519119351,2956,9383.915904577341,17837.809698791138,17914.7892948141,19839,0.6548672566371682,0.647260966242167,0.6538915094339622,0.33157415832575066,0.33721565059144676,0.33121019108280253,15.50538365175718,15.532473795685817,15.611244664313935,40,0,22,0,40,73.21695900000486
45,18,P3-U,p3u,506,120,8485,5488,0.6467884502062463,0.7146614069690993,0.6221719457013575,2997,9342.487361079653,17647.931449850636,17729.306924259505,19785,0.6570294784580499,0.6440916398713826,0.6441260744985673,0.3310860058309038,0.3363702623906705,0.33254373177842567,15.462542070605979,15.545966121792018,15.652289649608184,40,0,22,0,40,71.79770799999824
45,18,P3-U,p3u,507,120,8459,5466,0.6461756708830831,0.716297786720322,0.6311569301260023,2993,9571.799647880447,17904.535448079965,17979.02522968945,19786,0.6494967436352872,0.6454277286135693,0.6451038575667656,0.3311379436516648,0.33735821441639224,0.33150384193194293,15.427438702259735,15.48267389265579,15.528328787339815,40,0,22,0,40,71.750082999999
45,18,P3-U,p3u,508,120,8258,5486,0.6643255025429886,0.7123197903014417,0.6654567453115547,2772,9063.754966277462,17243.989641799202,17322.87317954485,19314,0.6797998749218261,0.6603583652103886,0.6613475177304965,0.33029529711994166,0.33868027706890264,0.33102442581115565,15.5200145007259,15.595754179651875,15.735201798246308,40,0,22,0,40,69.89679099999921
45,18,P3-U,p3u,509,120,8403,5476,0.6516720218969416,0.6939961265332473,0.6335833814195038,2927,9483.966641796902,17868.407019689093,17947.1401530532,19833,0.6516052318668252,0.6536624203821656,0.6458456098998232,0.3319941563184806,0.33674214755295834,0.331263696128561,15.438866760384299,15.484744393063345,15.568956239598066,40,0,22,0,40,73.13912500000151
45,18,P3-U,p3u,510,120,8479,5474,0.6455949994103078,0.6978557504873294,0.618458075407991,3005,9373.834140225039,17686.51384191264,17765.046926619518,19901,0.6492271105826397,0.6456386292834891,0.641782059000602,0.3308366824990866,0.33631713554987214,0.33284618195104126,15.421643037486255,15.49046062610178,15.569166544872443,40,0,22,0,40,75.87429200000042
45,18,P3-U,p3u,511,120,8471,5491,0.6482115452721048,0.6984025559105431,0.6066115702479339,2980,9315.91766863801,17468.136713723386,17538.941796987627,19380,0.6511497476163769,0.6492313835096826,0.6420488385944014,0.33163358222545986,0.33873611364050266,0.3296303041340375,15.535682687997802,15.551672694458999,15.652496852956604,40,0,22,0,40,71.20154200000252
45,18,P3-U,p3u,512,120,8386,5486,0.6541855473408061,0.7094240837696335,0.6438195664909198,2900,9092.14652473332,17192.339180113413,17272.573668905963,19256,0.6436712657468506,0.6605614174795938,0.6456367924528302,0.33175355450236965,0.33649289099526064,0.33175355450236965,15.460252476341374,15.440662281635616,15.486251158499691,40,0,22,0,40,70.54762499999924
45,18,P3-U,p3u,513,120,8393,5463,0.6508995591564399,0.7221467391304348,0.6569037656903766,2930,9367.995659467186,17666.364499482428,17741.074331765336,19876,0.6501529051987768,0.6538309636650869,0.6428571428571429,0.33058758923668313,0.338458722313747,0.33095368844956985,15.44891334334153,15.565143346247604,15.693534966503593,40,0,22,0,40,71.76870800000324
45,18,P3-U,p3u,514,120,8461,5469,0.6463774967497932,0.7125827814569536,0.6400698893418754,2992,9341.724410446048,17865.838953624832,17944.506821910745,19977,0.6694166175604007,0.6392156862745098,0.6448317307692307,0.3311391479246663,0.33808740171877855,0.33077345035655514,15.455772694189308,15.515345032828478,15.610619777109568,40,0,22,0,40,72.86833299999853
45,18,P3-U,p3u,515,120,8440,5492,0.6507109004739337,0.704398447606727,0.6340057636887608,2948,9099.016049349982,17327.607498423335,17410.778341792364,19656,0.6450511945392492,0.656686626746507,0.638755980861244,0.331755280407866,0.33776402039329934,0.33048069919883466,15.511920071707818,15.570862729857197,15.693746398568898,40,0,22,0,40,70.78766699999687
45,18,P3-U,p3u,516,120,8354,5481,0.6560928896337084,0.6919127086007703,0.655727923627685,2873,9319.61121775357,17364.42123089212,17442.819102037465,19432,0.6692771084337349,0.6521825004937783,0.6548129981606376,0.3309615033752965,0.337712096332786,0.3313264002919175,15.47943264749428,15.515358800447645,15.610624051969047,40,0,22,0,40,72.55937499999709
45,18,P3-U,p3u,517,120,8496,5453,0.641831450094162,0.6662444585180494,0.6167227833894501,3043,9642.710263908688,17885.936906732157,17962.960026289835,19851,0.6460905349794238,0.6390637293469709,0.6458211572180012,0.3315606088391711,0.337612323491656,0.3308270676691729,15.397649660232958,15.5402599484312,15.652082278846985,40,0,22,0,40,72.83054200000333
45,18,P3-U,p3u,518,120,8390,5431,0.6473182359952324,0.714878892733564,0.6373626373626373,2959,9339.362832055302,17865.15559977101,17940.04598374318,19947,0.6583526682134571,0.652182579230616,0.6209824135839903,0.3314306757503222,0.3369545203461609,0.33161480390351683,15.317742956581283,15.482685838422976,15.528332402997364,40,0,22,0,40,72.74179200000071
45,18,P3-U,p3u,519,120,8388,5467,0.6517644253695756,0.7342032967032966,0.6265678449258837,2921,9038.989561198545,17379.844633580815,17458.39113581834,19443,0.6434299814929056,0.6571089578801661,0.643859649122807,0.33034571062740076,0.33766233766233766,0.3319919517102616,15.438548191694625,15.490451441372945,15.569163795221742,40,0,22,0,40,82.78025000000343
45,18,P3-U,p3u,520,120,8555,5489,0.6416130917592051,0.7103718199608611,0.6465061655901351,3066,9642.04269595279,18498.752284299157,18577.797326211217,20582,0.6396928529238038,0.6469443363176334,0.6276102088167054,0.3306613226452906,0.33885953725633083,0.3304791400983786,15.533392302931961,15.601468019998064,15.735411196838706,40,0,22,0,40,73.08845900000597
45,18,P3-U,p3u,521,120,8583,5469,0.6371897937783991,0.6951697127937336,0.6109877913429522,3114,9622.197331934016,18038.586197767952,18118.22194237125,20159,0.6298185941043084,0.6443613461916945,0.6237054085155351,0.33077345035655514,0.33827025050283416,0.3309562991406107,15.460745188338281,15.626366029422352,15.776868470954929,40,0,22,0,40,72.58770799999911
45,18,P3-U,p3u,522,120,8415,5479,0.6510992275698158,0.7152317880794702,0.6618531889290012,2936,9409.575609254834,17886.632801731626,17968.593509738785,20155,0.6409952606635071,0.6494722166899024,0.6658851113716295,0.33053476911845225,0.33710531118817305,0.3323599196933747,15.457234792589565,15.57087070542009,15.693748917709966,40,0,22,0,40,71.78454200000124
45,18,P3-U,p3u,523,120,8540,5477,0.6413348946135832,0.6927517639512508,0.6258542141230068,3063,9523.829578388886,17809.896859269113,17888.50232239159,20049,0.646262507357269,0.6417206835592222,0.6354285714285715,0.33156837684863977,0.3377761548292861,0.33065546832207415,15.469889323566893,15.515352612001204,15.610622183454339,40,0,22,0,40,74.27820800000336
45,18,P3-U,p3u,524,120,8484,5473,0.6450966525223951,0.7067276290006531,0.6348379629629629,3011,9381.684830663424,17936.0973872051,18014.748150390224,20032,0.6534056660638939,0.6427040716929671,0.6442080378250591,0.33162799196053355,0.3383884524027042,0.3299835556367623,15.475280735744073,15.578624123496397,15.734576220118056,40,0,22,0,40,75.63658299999952
45,18,P3-U,p3u,525,120,8516,5470,0.6423203381869422,0.7067371202113606,0.6112035496394898,3046,9402.516486147755,17645.357193957418,17717.56718403092,19611,0.6319526627218935,0.6460228372363074,0.6413502109704642,0.3316270566727605,0.3369287020109689,0.3314442413162706,15.427032687588081,15.632071810247387,15.77707553742475,40,0,22,0,40,71.27245799999946
45,18,P3-U,p3u,526,120,8461,5468,0.6462593074104716,0.7210242587601078,0.638905066977286,2993,9307.932610832857,17806.831959632178,17892.27348333715,20179,0.6344339622641509,0.6473704866562009,0.6548831635710006,0.33083394294074614,0.3394294074615947,0.3297366495976591,15.48948307765395,15.528832647403265,15.65166319640206,40,0,22,0,40,71.01879099999496
45,18,P3-U,p3u,527,120,8470,5483,0.6473435655253837,0.7102496714848883,0.6423570595099183,2987,9294.21308162393,17889.41000810257,17976.583716341727,20222,0.6377581120943953,0.6451612903225806,0.6631823461091754,0.3328469815794273,0.33631223782600767,0.330840780594565,15.446865392971235,15.551666747262546,15.652495086585638,40,0,22,0,40,72.86429200000566
45,18,P3-U,p3u,528,120,8546,5478,0.6410016381933068,0.6933932007697242,0.6223103057757644,3068,9642.824460744607,18117.64849360919,18191.0622699621,19882,0.6335078534031413,0.6486857591212241,0.6257952573742047,0.3316903979554582,0.33826213946695877,0.33004746257758305,15.485971147046943,15.490461361942565,15.569166698524576,40,0,22,0,40,73.73170799999934
45,18,P3-U,p3u,529,120,8502,5478,0.644318983768525,0.7323369565217391,0.6404428904428905,3024,9258.87870585341,17857.928455140485,17943.521573990027,20025,0.6487747957992999,0.638074907820687,0.6593272171253822,0.3316903979554582,0.33771449434100037,0.33059510770354145,15.471031539549772,15.614945959714186,15.77645171837487,40,0,22,0,40,77.14708399999654
45,18,P3-U,p3u,530,120,8533,5480,0.6422125864291574,0.6990291262135923,0.6273504273504273,3053,9746.018995655188,18367.188376460024,18436.170130929237,20401,0.637137989778535,0.6378770074422249,0.6608643457382953,0.3312043795620438,0.33795620437956203,0.3308394160583942,15.48327503000264,15.601468618882402,15.735411597790176,40,0,22,0,40,73.07166599999618
45,18,P3-D0.50,p3d_05,501,120,8431,5486,0.6506938678685802,0.7013574660633484,0.643107476635514,2945,9351.418341161812,17496.792618478754,17573.177090403176,19524,0.6549815498154982,0.6500097981579464,0.6486486486486487,0.33175355450236965,0.33685745534086764,0.33138899015676265,15.470213596197787,15.551672754921135,15.652496739585828,40,0,22,0,40,71.4521670000031
45,18,P3-D0.50,p3d_05,502,120,8488,5483,0.6459707822808671,0.7292929292929293,0.6358381502890174,3005,9292.811787406723,17754.048373899208,17836.74890075935,20036,0.6442953020134228,0.642315369261477,0.6585798816568047,0.33157030822542405,0.3361298559182929,0.33229983585628303,15.441882279937678,15.446361621611794,15.486456495804148,40,0,22,0,40,73.71424999999726
45,18,P3-D0.50,p3d_05,503,120,8433,5493,0.6513696193525436,0.7203166226912929,0.6053935057787562,2940,9146.795024055853,17278.55357900199,17357.604243940285,19234,0.6605392156862745,0.6474990153603781,0.6540917005223448,0.3309666848716548,0.3380666302566903,0.3309666848716548,15.52302272647312,15.620655888694307,15.776660050276474,40,0,22,0,40,74.42679199999839
45,18,P3-D0.50,p3d_05,504,120,8458,5484,0.6483802317332703,0.7155059132720105,0.643859649122807,2974,9386.550717066306,17933.556807659304,18012.571283600642,19952,0.6457242582897034,0.6496652225285545,0.6472004816375677,0.33150984682713347,0.33661560904449306,0.33187454412837347,15.457968882325206,15.551671441382714,15.65249648644142,40,0,22,0,40,71.69104099999822
45,18,P3-D0.50,p3d_05,505,120,8451,5495,0.6502189090048515,0.6984635083226632,0.6384704519119351,2956,9383.934804046627,17837.809698791138,17914.7892948141,19839,0.6548672566371682,0.647260966242167,0.6538915094339622,0.33157415832575066,0.33685168334849863,0.33157415832575066,15.495423657223785,15.532473795685817,15.611244664313935,40,0,22,0,40,71.77529199999844
45,18,P3-D0.50,p3d_05,506,120,8485,5488,0.6467884502062463,0.715318869165023,0.6221719457013575,2997,9342.537950782365,17647.931449850636,17729.306924259505,19785,0.6570294784580499,0.6440916398713826,0.6441260744985673,0.33145043731778423,0.3360058309037901,0.33254373177842567,15.452582388865228,15.545966121792018,15.652289649608184,40,0,22,0,40,73.06204199999775
45,18,P3-D0.50,p3d_05,507,120,8459,5466,0.6461756708830831,0.716297786720322,0.6311569301260023,2993,9571.83965973521,17904.535448079965,17979.02522968945,19786,0.6494967436352872,0.6454277286135693,0.6451038575667656,0.331869740212221,0.336443468715697,0.331686791072082,15.402540301347972,15.48267389265579,15.528328787339815,40,0,22,0,40,72.99187499999971
45,18,P3-D0.50,p3d_05,508,120,8258,5486,0.6643255025429886,0.7123197903014417,0.6654567453115547,2772,9063.047467601651,17243.989641799202,17322.87317954485,19314,0.6797998749218261,0.6603583652103886,0.6613475177304965,0.3304775792927452,0.33813343055049216,0.33138899015676265,15.505076277518762,15.595754179651875,15.735201798246308,40,0,22,0,40,70.33550000000105
45,18,P3-D0.50,p3d_05,509,120,8403,5470,0.6509579911936213,0.6939961265332473,0.634737449509521,2933,9524.241875228943,17926.83078541912,18000.193290425796,19893,0.6504161712247325,0.6530652866242038,0.6452563347083088,0.3310786106032907,0.33674588665447897,0.33217550274223034,15.422058199805413,15.521061806598537,15.610830221599265,40,0,22,0,40,71.57904200000485
45,18,P3-D0.50,p3d_05,510,120,8479,5474,0.6455949994103078,0.6978557504873294,0.618458075407991,3005,9373.843529661433,17686.51384191264,17765.046926619518,19901,0.6492271105826397,0.6456386292834891,0.641782059000602,0.3310193642674461,0.33631713554987214,0.33266350018268176,15.42164347777375,15.49046062610178,15.569166544872443,40,0,22,0,40,167.00608300000022
45,18,P3-D0.50,p3d_05,511,120,8471,5491,0.6482115452721048,0.6964856230031949,0.6066115702479339,2980,9323.701096050656,17468.136713723386,17538.941796987627,19380,0.6511497476163769,0.6492313835096826,0.6420488385944014,0.3319978146057184,0.33837188126024403,0.3296303041340375,15.525725567657302,15.551672694458999,15.652496852956604,40,0,22,0,40,74.5424170000042
45,18,P3-D0.50,p3d_05,512,120,8386,5486,0.6541855473408061,0.7094240837696335,0.6438195664909198,2900,9092.657792513051,17192.339180113413,17272.573668905963,19256,0.6436712657468506,0.6605614174795938,0.6456367924528302,0.33211811884797665,0.33594604447685017,0.3319358366751732,15.445312174938483,15.440662281635616,15.486251158499691,40,0,22,0,40,75.0535830000008
45,18,P3-D0.50,p3d_05,513,120,8393,5463,0.6508995591564399,0.7221467391304348,0.6569037656903766,2930,9368.230956585265,17666.364499482428,17741.074331765336,19876,0.6501529051987768,0.6538309636650869,0.6428571428571429,0.33095368844956985,0.3375434742815303,0.3315028372688999,15.424014886753385,15.565143346247604,15.693534966503593,40,0,22,0,40,71.68595800000185
45,18,P3-D0.50,p3d_05,514,120,8461,5469,0.6463774967497932,0.7119205298013245,0.6400698893418754,2992,9345.211143335877,17865.838953624832,17944.506821910745,19977,0.6694166175604007,0.6392156862745098,0.6448317307692307,0.3315048454927775,0.33699030901444504,0.3315048454927775,15.425894189974494,15.515345032828478,15.610619777109568,40,0,22,0,40,71.30629200000112
45,18,P3-D0.50,p3d_05,515,120,8440,5492,0.6507109004739337,0.702457956015524,0.6340057636887608,2948,9110.454536816349,17327.607498423335,17410.778341792364,19656,0.6450511945392492,0.656686626746507,0.638755980861244,0.3310269482884195,0.3383102694828842,0.3306627822286963,15.526857389691623,15.570862729857197,15.693746398568898,40,0,22,0,40,71.98674999999639
45,18,P3-D0.50,p3d_05,516,120,8354,5479,0.655853483361264,0.6912708600770219,0.6569212410501193,2875,9343.418464827604,17393.97887473062,17467.1372283981,19479,0.6692771084337349,0.6519849891368754,0.6541998773758431,0.3312648293484212,0.33692279613068077,0.33181237452089796,15.45225571294682,15.551677675969978,15.65249844266306,40,0,22,0,40,76.25424999999814
45,18,P3-D0.50,p3d_05,517,120,8496,5446,0.6410075329566854,0.6649778340721976,0.6156004489337823,3050,9673.234503233649,17926.053237783344,18001.809428381126,19901,0.6460905349794238,0.6376868607395751,0.6458211572180012,0.33143591626882113,0.3369445464561146,0.33161953727506427,15.359775419887468,15.454134830919093,15.527290032322432,40,0,22,0,40,77.24599999999919
45,18,P3-D0.50,p3d_05,518,120,8390,5431,0.6473182359952324,0.714878892733564,0.6373626373626373,2959,9339.912877856692,17865.15559977101,17940.04598374318,19947,0.6583526682134571,0.652182579230616,0.6209824135839903,0.3319830602099061,0.33658626403977165,0.3314306757503222,15.307782546408735,15.482685838422976,15.528332402997364,40,0,22,0,40,70.26224999999977
45,18,P3-D0.50,p3d_05,519,120,8388,5467,0.6517644253695756,0.7335164835164835,0.6265678449258837,2921,9040.76283613276,17379.844633580815,17458.39113581834,19443,0.6434299814929056,0.6571089578801661,0.643859649122807,0.330894457655021,0.3372965063105908,0.33180903603438816,15.428588659970506,15.490451441372945,15.569163795221742,40,0,22,0,40,70.18800000000192
45,18,P3-D0.50,p3d_05,520,120,8555,5489,0.6416130917592051,0.7103718199608611,0.6465061655901351,3066,9641.451568707695,18498.752284299157,18577.797326211217,20582,0.6396928529238038,0.6469443363176334,0.6276102088167054,0.33084350519220257,0.33867735470941884,0.3304791400983786,15.528414150329818,15.601468019998064,15.735411196838706,40,0,22,0,40,74.08441600000515
45,18,P3-D0.50,p3d_05,521,120,8583,5457,0.635791681230339,0.6932114882506527,0.609322974472808,3126,9665.313294716021,18110.495934658087,18188.754198337356,20244,0.6286848072562359,0.6427868529816965,0.622554660529344,0.3305845702767088,0.3379146050943742,0.331500824628917,15.417164321173793,15.53454486555458,15.651872177348478,40,0,22,0,40,75.46779199999582
45,18,P3-D0.50,p3d_05,522,120,8415,5479,0.6510992275698158,0.7152317880794702,0.6618531889290012,2936,9409.778384857587,17886.632801731626,17968.593509738785,20155,0.6409952606635071,0.6494722166899024,0.6658851113716295,0.33071728417594454,0.33692279613068077,0.3323599196933747,15.452257129571604,15.57087070542009,15.693748917709966,40,0,22,0,40,71.77229200000147
45,18,P3-D0.50,p3d_05,523,120,8540,5477,0.6413348946135832,0.6933932007697242,0.6258542141230068,3063,9524.275502180437,17809.896859269113,17888.50232239159,20049,0.646262507357269,0.6417206835592222,0.6354285714285715,0.3312032134380135,0.3374109914186599,0.3313857951433266,15.45992984539259,15.515352612001204,15.610622183454339,40,0,22,0,40,87.9287919999988
45,18,P3-D0.50,p3d_05,524,120,8484,5473,0.6450966525223951,0.7047681254082299,0.6348379629629629,3011,9393.97023430828,17936.0973872051,18014.748150390224,20032,0.6534056660638939,0.6427040716929671,0.6442080378250591,0.33089713137219073,0.3376575918143614,0.3314452768134478,15.455364386709704,15.578624123496397,15.734576220118056,40,0,22,0,40,71.74041700000089
45,18,P3-D0.50,p3d_05,525,120,8516,5470,0.6423203381869422,0.7067371202113606,0.6112035496394898,3046,9402.569108358159,17645.357193957418,17717.56718403092,19611,0.6319526627218935,0.6460228372363074,0.6413502109704642,0.3316270566727605,0.3369287020109689,0.3314442413162706,15.427031778111617,15.632071810247387,15.77707553742475,40,0,22,0,40,73.56670799999847
45,18,P3-D0.50,p3d_05,526,120,8461,5460,0.6453137926958988,0.7190026954177897,0.638905066977286,3001,9346.427065073973,17849.034704730617,17935.665344070083,20211,0.6344339622641509,0.6463893249607535,0.6530856800479329,0.3313186813186813,0.336996336996337,0.3316849816849817,15.400670968117725,15.429238585800654,15.485833250569826,40,0,22,0,40,73.32166699999652
45,18,P3-D0.50,p3d_05,527,120,8470,5483,0.6473435655253837,0.709592641261498,0.6423570595099183,2987,9294.46977467103,17889.41000810257,17976.583716341727,20222,0.6377581120943953,0.6451612903225806,0.6631823461091754,0.3326645996717126,0.3359474740105782,0.3313879263177093,15.436902359342366,15.551666747262546,15.652495086585638,40,0,22,0,40,72.203125
45,18,P3-D0.50,p3d_05,528,120,8546,5478,0.6410016381933068,0.6933932007697242,0.6223103057757644,3068,9631.022010538934,18117.64849360919,18191.0622699621,19882,0.6335078534031413,0.6486857591212241,0.6257952573742047,0.3313253012048193,0.3384446878422782,0.3302300109529025,15.49094940462216,15.490461361942565,15.569166698524576,40,0,22,0,40,72.19625000000087
45,18,P3-D0.50,p3d_05,529,120,8502,5470,0.6433780286991296,0.7282608695652174,0.6398601398601399,3032,9307.17516572839,17916.814780108132,17999.252756789796,20070,0.647024504084014,0.6372986609741897,0.6587155963302752,0.3314442413162706,0.33802559414990857,0.33053016453382084,15.456916081585456,15.534553135972232,15.65187483325029,40,0,22,0,40,71.62595899999724
45,18,P3-D0.50,p3d_05,530,120,8533,5480,0.6422125864291574,0.6977346278317152,0.6273504273504273,3053,9754.914783477925,18367.188376460024,18436.170130929237,20401,0.637137989778535,0.6378770074422249,0.6608643457382953,0.33175182481751825,0.33777372262773725,0.3304744525547445,15.47829672100417,15.601468618882402,15.735411597790176,40,0,22,0,40,73.40241599999717
80,14,P2 fixed,p2,501,120,15018,4680,0.3116260487415102,0.3491234613950019,0.3018381167365366,10338,18648.166287942026,34651.554777320394,34769.75546007205,38720,0.3148273527420447,0.3101301011898143,0.31292738521654184,0.3333333333333333,0.3333333333333333,0.3333333333333333,13.11521102030464,13.115205922514818,13.13053251179492,14,0,0,0,14,153.40024999999878
80,14,P2 fixed,p2,502,120,14935,4680,0.3133578841647138,0.3606936416184971,0.29942418426103645,10255,18493.624090625548,34366.521519376394,34483.693904236156,38396,0.3141004862236629,0.31055411936607846,0.3210294615645107,0.3333333333333333,0.3333333333333333,0.3333333333333333,13.115203576604777,13.115202429411136,13.13053162744915,14,0,0,0,14,183.30187499999738
80,14,P2 fixed,p2,503,120,15156,4680,0.3087885985748218,0.3492537313432836,0.2943396226415094,10476,18622.200242610397,34564.878322560384,34685.25124006907,38686,0.30703484549638393,0.30788664323374343,0.3132890365448505,0.3333333333333333,0.3333333333333333,0.3333333333333333,13.115207071578205,13.11520116793252,13.130531225309909,14,0,0,0,14,162.6653329999972
80,14,P2 fixed,p2,504,120,14935,4680,0.3133578841647138,0.3502994011976048,0.3036988968202466,10255,18602.867000991162,34550.030053960756,34665.22063022825,38456,0.3139691067830759,0.31422552389400155,0.31007488087134105,0.3333333333333333,0.3333333333333333,0.3333333333333333,13.115210950716659,13.115214881174431,13.130535373746463,14,0,0,0,14,146.67333399999916
80,14,P2 fixed,p2,505,120,14696,4680,0.3184540010887316,0.34373852368710983,0.3088089739359947,10016,18675.604557207058,34646.775239090806,34763.581556967874,38706,0.32173319686113955,0.3173883473135343,0.3183826027862725,0.3333333333333333,0.3333333333333333,0.3333333333333333,13.11520560776751,13.115211180011313,13.130534212220686,14,0,0,0,14,167.7699999999968
80,14,P2 fixed,p2,506,120,14887,4680,0.31436824074696046,0.3439911797133407,0.30478671442526867,10207,18698.654425201177,34678.20954049226,34796.72553413245,38684,0.3193052772211089,0.3135092108255629,0.31203614069054536,0.3333333333333333,0.3333333333333333,0.3333333333333333,13.115199976227967,13.115196011805532,13.130529504011617,14,0,0,0,14,150.39112500000192
80,14,P2 fixed,p2,507,120,14932,4680,0.31342084114653096,0.3388848660391021,0.301255230125523,10252,18781.91623237764,34639.32558413686,34756.34626782196,38578,0.2975801177240026,0.3160202360876897,0.32192010741859683,0.3333333333333333,0.3333333333333333,0.3333333333333333,13.115207127221412,13.115205612400365,13.130532487397888,14,0,0,0,14,180.96495900000446
80,14,P2 fixed,p2,508,120,15103,4680,0.3098722108190426,0.3336898395721925,0.3009646302250804,10423,19007.196116919393,34909.208419333925,35027.84642132179,38949,0.3100033014196104,0.3087501386270378,0.31305201177625125,0.3333333333333333,0.3333333333333333,0.3333333333333333,13.115203125887929,13.115201043145829,13.130530993021859,14,0,0,0,14,156.65479100000084
80,14,P2 fixed,p2,509,120,15068,4680,0.31059198301035307,0.35240963855421686,0.2932330827067669,10388,18575.61459559071,34538.872630459635,34662.244188003046,38739,0.29241516966067865,0.3152665857158627,0.3146853146853147,0.3333333333333333,0.3333333333333333,0.3333333333333333,13.11520737255263,13.115211992952995,13.130534326842097,14,0,0,0,14,188.9182920000021
80,14,P2 fixed,p2,510,120,15073,4680,0.31048895375837593,0.3424807903402854,0.3075911929017417,10393,18707.93780755398,34593.63684746021,34707.86544393535,38576,0.31083361457981773,0.31118688813111867,0.3080490228552501,0.3333333333333333,0.3333333333333333,0.3333333333333333,13.115200513168352,13.115202563971193,13.130531431540355,14,0,0,0,14,166.5375419999982
80,14,P2 fixed,p2,511,120,14783,4680,0.316579855239126,0.35082458770614694,0.312,10103,18461.763536940096,34154.761000244034,34273.31958727886,38155,0.32219159200551345,0.31616982836495033,0.31239669421487604,0.3333333333333333,0.3333333333333333,0.3333333333333333,13.115206564414102,13.115208410570633,13.130533310589767,14,0,0,0,14,144.80979099999968
80,14,P2 fixed,p2,512,120,14929,4680,0.3134838234309063,0.3606936416184971,0.3027166882276843,10249,18311.625644674634,34134.22838504556,34251.813725062486,38138,0.303904326415758,0.31664649576411047,0.31297964631297964,0.3333333333333333,0.3333333333333333,0.3333333333333333,13.115201769742672,13.115201707119175,13.130531180913394,14,0,0,0,14,171.48300000000017
80,14,P2 fixed,p2,513,120,14926,4680,0.3135468310330966,0.350693143499438,0.3050847457627119,10246,18445.88351849727,34110.3534315073,34224.30473921928,38046,0.3112332531776022,0.3178984861976848,0.302870339821841,0.3333333333333333,0.3333333333333333,0.3333333333333333,13.115207135831586,13.11520255033541,13.130531400707612,14,0,0,0,14,154.06670799999847
80,14,P2 fixed,p2,514,120,14983,4680,0.31235400120136153,0.3439911797133407,0.31252086811352253,10303,18778.575548629113,34866.37121254408,34987.85252879444,39064,0.314003294892916,0.31492388043115904,0.302814513394371,0.3333333333333333,0.3333333333333333,0.3333333333333333,13.115208763294708,13.115205052027008,13.130532230335207,14,0,0,0,14,182.24208300000464
80,14,P2 fixed,p2,515,120,14802,4680,0.3161734900689096,0.35267520723436324,0.31388329979879276,10122,18546.656889121932,34307.28019062048,34425.93691391346,38405,0.3249581239530988,0.31523937963587323,0.31003768413840355,0.3333333333333333,0.3333333333333333,0.3333333333333333,13.115204181331361,13.115195376561765,13.130529237681039,14,0,0,0,14,154.94279099999403
80,14,P2 fixed,p2,516,120,14879,4680,0.3145372672894684,0.35320754716981134,0.30678466076696165,10199,18533.226062625483,34419.91206283329,34540.031043380506,38488,0.3094017094017094,0.32122625791402865,0.29922060318536087,0.3333333333333333,0.3333333333333333,0.3333333333333333,13.115205742808456,13.115208723688056,13.1305333784941,14,0,0,0,14,198.0558749999982
80,14,P2 fixed,p2,517,120,14968,4680,0.3126670229823624,0.3561643835616438,0.3046875,10288,18508.885954025856,34441.92331613907,34560.442821578814,38519,0.31644736842105264,0.3117100995414383,0.31168396384332103,0.3333333333333333,0.3333333333333333,0.3333333333333333,13.115210328322018,13.115216981242407,13.130536095369086,14,0,0,0,14,165.06754199999705
80,14,P2 fixed,p2,518,120,15023,4680,0.3115223324236171,0.34873323397913564,0.3026188166828322,10343,18586.275698306537,34409.90541562717,34529.85961173212,38489,0.3146397130746658,0.31384581055450184,0.3013698630136986,0.3333333333333333,0.3333333333333333,0.3333333333333333,13.115207146448617,13.11520952085043,13.13053383429776,14,0,0,0,14,147.54641699999775
80,14,P2 fixed,p2,519,120,14890,4680,0.3143049026192075,0.3619489559164733,0.3008678881388621,10210,18282.059771881446,34185.68349983563,34303.26062380987,38283,0.32323897300855825,0.3131199278629396,0.3087248322147651,0.3333333333333333,0.3333333333333333,0.3333333333333333,13.115205992566304,13.115213932127723,13.130535271422007,14,0,0,0,14,171.48345900000277
80,14,P2 fixed,p2,520,120,15146,4680,0.30899247326026674,0.3544112078758046,0.30077120822622105,10466,18560.60343682134,34442.81727770293,34561.7314417978,38515,0.29937766131673765,0.31267853219072733,0.3075894349715814,0.3333333333333333,0.3333333333333333,0.3333333333333333,13.115202888427573,13.115213062325422,13.130534758051843,14,0,0,0,14,174.28612499999872
80,14,P2 fixed,p2,521,120,15092,4680,0.310098065200106,0.3462819089900111,0.30972865651886167,10412,18638.221612086927,34553.58754804298,34674.14520093929,38645,0.3114478114478115,0.31069348280030773,0.30697982136950047,0.3333333333333333,0.3333333333333333,0.3333333333333333,13.11520457426105,13.115204627073162,13.130532192886028,14,0,0,0,14,187.47354199999972
80,14,P2 fixed,p2,522,120,14972,4680,0.3125834891798023,0.34513274336283184,0.30608240680183124,10292,18733.495790381967,34637.66971228256,34758.43386746578,38764,0.30074942978168784,0.30932062506926744,0.33541666666666664,0.3333333333333333,0.3333333333333333,0.3333333333333333,13.115202436477967,13.115206181176056,13.130532780084629,14,0,0,0,14,162.72079200000007
80,14,P2 fixed,p2,523,120,15011,4680,0.3117713676637133,0.35174746335963925,0.30809743252139565,10331,18615.906400307464,34562.06185723563,34681.69583801332,38587,0.30738916256157633,0.3115282096845846,0.31701553004726535,0.3333333333333333,0.3333333333333333,0.3333333333333333,13.115204460969409,13.115196426213524,13.130529877851723,14,0,0,0,14,147.1216659999991
80,14,P2 fixed,p2,524,120,14954,4680,0.3129597432125184,0.350693143499438,0.3116883116883117,10274,18630.41966206495,34456.5548288163,34578.520277259944,38552,0.31495263870094725,0.3063711911357341,0.33097880928355194,0.3333333333333333,0.3333333333333333,0.3333333333333333,13.115211904361882,13.115215201070283,13.130535620471322,14,0,0,0,14,170.83812500000204
80,14,P2 fixed,p2,525,120,15123,4680,0.3094624082523309,0.3571156047310187,0.2980891719745223,10443,18489.95541890216,34310.74627951985,34428.65316500998,38272,0.2999019928128063,0.30985446061548716,0.3178699771316563,0.3333333333333333,0.3333333333333333,0.3333333333333333,13.115211384520542,13.11521589377321,13.130535729923823,14,0,0,0,14,150.0993329999983
80,14,P2 fixed,p2,526,120,15150,4680,0.3089108910891089,0.35043055035567205,0.2980891719745223,10470,18665.788722795864,34697.27708874055,34815.183775709294,38755,0.31120466321243523,0.3129619415333701,0.29429429429429427,0.3333333333333333,0.3333333333333333,0.3333333333333333,13.1152088526931,13.115209644005185,13.130533559257598,14,0,0,0,14,182.48937500000466
80,14,P2 fixed,p2,527,120,14897,4680,0.31415721286165,0.3475677682881545,0.31728813559322033,10217,18677.48987929679,34668.9337168092,34789.815535352995,38734,0.30434782608695654,0.31563685032344413,0.3193839973217275,0.3333333333333333,0.3333333333333333,0.3333333333333333,13.115205338541426,13.115211905219278,13.130534378547372,14,0,0,0,14,155.72725000000355
80,14,P2 fixed,p2,528,120,15067,4680,0.31061259706643657,0.35360785795239896,0.2962962962962963,10387,18532.142488356436,34396.75122351797,34517.07895644233,38394,0.3148697659083416,0.31063829787234043,0.30637886597938147,0.3333333333333333,0.3333333333333333,0.3333333333333333,13.11521299958224,13.115209073858459,13.130533730391761,14,0,0,0,14,190.4971250000017
80,14,P2 fixed,p2,529,120,14874,4680,0.31464300121016536,0.3460258780036969,0.3162162162162162,10194,18600.052598008097,34469.173763549625,34586.30668757379,38452,0.3118862174060278,0.31351472399507335,0.32073578595317725,0.3333333333333333,0.3333333333333333,0.3333333333333333,13.11520466726301,13.11520616299232,13.13053252213274,14,0,0,0,14,163.99725000000035
80,14,P2 fixed,p2,530,120,15004,4680,0.3119168221807518,0.34782608695652173,0.2893353941267388,10324,18595.95356679532,34558.08691615991,34676.06788332213,38600,0.3139458030403173,0.315641515798943,0.2991896272285251,0.3333333333333333,0.3333333333333333,0.3333333333333333,13.11520720649944,13.11520997230337,13.130533841606516,14,0,0,0,14,145.92454100000032
80,14.05,P2 fixed,p2,501,120,15018,4680,0.3116260487415102,0.3491234613950019,0.3018381167365366,10338,18648.166287942026,34651.554777320394,34769.75546007205,38720,0.3148273527420447,0.3101301011898143,0.31292738521654184,0.3333333333333333,0.3333333333333333,0.3333333333333333,13.11521102030464,13.115205922514818,13.13053251179492,14.050000000000006,5.443687297790758e-15,5.329070518200751e-15,0,14.05,176.2795000000042
80,14.05,P2 fixed,p2,502,120,14935,4680,0.3133578841647138,0.3606936416184971,0.29942418426103645,10255,18493.624090625548,34366.521519376394,34483.693904236156,38396,0.3141004862236629,0.31055411936607846,0.3210294615645107,0.3333333333333333,0.3333333333333333,0.3333333333333333,13.115203576604777,13.115202429411136,13.13053162744915,14.050000000000006,5.443687297790758e-15,5.329070518200751e-15,0,14.05,190.20350000000326
80,14.05,P2 fixed,p2,503,120,15156,4680,0.3087885985748218,0.3492537313432836,0.2943396226415094,10476,18622.200242610397,34564.878322560384,34685.25124006907,38686,0.30703484549638393,0.30788664323374343,0.3132890365448505,0.3333333333333333,0.3333333333333333,0.3333333333333333,13.115207071578205,13.11520116793252,13.130531225309909,14.050000000000006,5.443687297790758e-15,5.329070518200751e-15,0,14.05,185.5892909999966
80,14.05,P2 fixed,p2,504,120,14935,4680,0.3133578841647138,0.3502994011976048,0.3036988968202466,10255,18602.867000991162,34550.030053960756,34665.22063022825,38456,0.3139691067830759,0.31422552389400155,0.31007488087134105,0.3333333333333333,0.3333333333333333,0.3333333333333333,13.115210950716659,13.115214881174431,13.130535373746463,14.050000000000006,5.443687297790758e-15,5.329070518200751e-15,0,14.05,158.9488340000098
80,14.05,P2 fixed,p2,505,120,14696,4680,0.3184540010887316,0.34373852368710983,0.3088089739359947,10016,18675.604557207058,34646.775239090806,34763.581556967874,38706,0.32173319686113955,0.3173883473135343,0.3183826027862725,0.3333333333333333,0.3333333333333333,0.3333333333333333,13.11520560776751,13.115211180011313,13.130534212220686,14.050000000000006,5.443687297790758e-15,5.329070518200751e-15,0,14.05,147.75216599999112
80,14.05,P2 fixed,p2,506,120,14887,4680,0.31436824074696046,0.3439911797133407,0.30478671442526867,10207,18698.654425201177,34678.20954049226,34796.72553413245,38684,0.3193052772211089,0.3135092108255629,0.31203614069054536,0.3333333333333333,0.3333333333333333,0.3333333333333333,13.115199976227967,13.115196011805532,13.130529504011617,14.050000000000006,5.443687297790758e-15,5.329070518200751e-15,0,14.05,166.6828749999986
80,14.05,P2 fixed,p2,507,120,14932,4680,0.31342084114653096,0.3388848660391021,0.301255230125523,10252,18781.91623237764,34639.32558413686,34756.34626782196,38578,0.2975801177240026,0.3160202360876897,0.32192010741859683,0.3333333333333333,0.3333333333333333,0.3333333333333333,13.115207127221412,13.115205612400365,13.130532487397888,14.050000000000006,5.443687297790758e-15,5.329070518200751e-15,0,14.05,149.06858300000022
80,14.05,P2 fixed,p2,508,120,15103,4680,0.3098722108190426,0.3336898395721925,0.3009646302250804,10423,19007.196116919393,34909.208419333925,35027.84642132179,38949,0.3100033014196104,0.3087501386270378,0.31305201177625125,0.3333333333333333,0.3333333333333333,0.3333333333333333,13.115203125887929,13.115201043145829,13.130530993021859,14.050000000000006,5.443687297790758e-15,5.329070518200751e-15,0,14.05,179.75924999998824
80,14.05,P2 fixed,p2,509,120,15068,4680,0.31059198301035307,0.35240963855421686,0.2932330827067669,10388,18575.61459559071,34538.872630459635,34662.244188003046,38739,0.29241516966067865,0.3152665857158627,0.3146853146853147,0.3333333333333333,0.3333333333333333,0.3333333333333333,13.11520737255263,13.115211992952995,13.130534326842097,14.050000000000006,5.443687297790758e-15,5.329070518200751e-15,0,14.05,154.42558299998927
80,14.05,P2 fixed,p2,510,120,15073,4680,0.31048895375837593,0.3424807903402854,0.3075911929017417,10393,18707.93780755398,34593.63684746021,34707.86544393535,38576,0.31083361457981773,0.31118688813111867,0.3080490228552501,0.3333333333333333,0.3333333333333333,0.3333333333333333,13.115200513168352,13.115202563971193,13.130531431540355,14.050000000000006,5.443687297790758e-15,5.329070518200751e-15,0,14.05,189.72058300000208
80,14.05,P2 fixed,p2,511,120,14783,4680,0.316579855239126,0.35082458770614694,0.312,10103,18461.763536940096,34154.761000244034,34273.31958727886,38155,0.32219159200551345,0.31616982836495033,0.31239669421487604,0.3333333333333333,0.3333333333333333,0.3333333333333333,13.115206564414102,13.115208410570633,13.130533310589767,14.050000000000006,5.443687297790758e-15,5.329070518200751e-15,0,14.05,161.3184159999946
80,14.05,P2 fixed,p2,512,120,14929,4680,0.3134838234309063,0.3606936416184971,0.3027166882276843,10249,18311.625644674634,34134.22838504556,34251.813725062486,38138,0.303904326415758,0.31664649576411047,0.31297964631297964,0.3333333333333333,0.3333333333333333,0.3333333333333333,13.115201769742672,13.115201707119175,13.130531180913394,14.050000000000006,5.443687297790758e-15,5.329070518200751e-15,0,14.05,144.07866700000886
80,14.05,P2 fixed,p2,513,120,14926,4680,0.3135468310330966,0.350693143499438,0.3050847457627119,10246,18445.88351849727,34110.3534315073,34224.30473921928,38046,0.3112332531776022,0.3178984861976848,0.302870339821841,0.3333333333333333,0.3333333333333333,0.3333333333333333,13.115207135831586,13.11520255033541,13.130531400707612,14.050000000000006,5.443687297790758e-15,5.329070518200751e-15,0,14.05,168.95012500000303
80,14.05,P2 fixed,p2,514,120,14983,4680,0.31235400120136153,0.3439911797133407,0.31252086811352253,10303,18778.575548629113,34866.37121254408,34987.85252879444,39064,0.314003294892916,0.31492388043115904,0.302814513394371,0.3333333333333333,0.3333333333333333,0.3333333333333333,13.115208763294708,13.115205052027008,13.130532230335207,14.050000000000006,5.443687297790758e-15,5.329070518200751e-15,0,14.05,150.86754200000723
80,14.05,P2 fixed,p2,515,120,14802,4680,0.3161734900689096,0.35267520723436324,0.31388329979879276,10122,18546.656889121932,34307.28019062048,34425.93691391346,38405,0.3249581239530988,0.31523937963587323,0.31003768413840355,0.3333333333333333,0.3333333333333333,0.3333333333333333,13.115204181331361,13.115195376561765,13.130529237681039,14.050000000000006,5.443687297790758e-15,5.329070518200751e-15,0,14.05,179.1850420000119
80,14.05,P2 fixed,p2,516,120,14879,4680,0.3145372672894684,0.35320754716981134,0.30678466076696165,10199,18533.226062625483,34419.91206283329,34540.031043380506,38488,0.3094017094017094,0.32122625791402865,0.29922060318536087,0.3333333333333333,0.3333333333333333,0.3333333333333333,13.115205742808456,13.115208723688056,13.1305333784941,14.050000000000006,5.443687297790758e-15,5.329070518200751e-15,0,14.05,157.72908299999835
80,14.05,P2 fixed,p2,517,120,14968,4680,0.3126670229823624,0.3561643835616438,0.3046875,10288,18508.885954025856,34441.92331613907,34560.442821578814,38519,0.31644736842105264,0.3117100995414383,0.31168396384332103,0.3333333333333333,0.3333333333333333,0.3333333333333333,13.115210328322018,13.115216981242407,13.130536095369086,14.050000000000006,5.443687297790758e-15,5.329070518200751e-15,0,14.05,203.82679199999257
80,14.05,P2 fixed,p2,518,120,15023,4680,0.3115223324236171,0.34873323397913564,0.3026188166828322,10343,18586.275698306537,34409.90541562717,34529.85961173212,38489,0.3146397130746658,0.31384581055450184,0.3013698630136986,0.3333333333333333,0.3333333333333333,0.3333333333333333,13.115207146448617,13.11520952085043,13.13053383429776,14.050000000000006,5.443687297790758e-15,5.329070518200751e-15,0,14.05,165.38124999999127
80,14.05,P2 fixed,p2,519,120,14890,4680,0.3143049026192075,0.3619489559164733,0.3008678881388621,10210,18282.059771881446,34185.68349983563,34303.26062380987,38283,0.32323897300855825,0.3131199278629396,0.3087248322147651,0.3333333333333333,0.3333333333333333,0.3333333333333333,13.115205992566304,13.115213932127723,13.130535271422007,14.050000000000006,5.443687297790758e-15,5.329070518200751e-15,0,14.05,145.84020800000872
80,14.05,P2 fixed,p2,520,120,15146,4680,0.30899247326026674,0.3544112078758046,0.30077120822622105,10466,18560.60343682134,34442.81727770293,34561.7314417978,38515,0.29937766131673765,0.31267853219072733,0.3075894349715814,0.3333333333333333,0.3333333333333333,0.3333333333333333,13.115202888427573,13.115213062325422,13.130534758051843,14.050000000000006,5.443687297790758e-15,5.329070518200751e-15,0,14.05,176.10187499999302
80,14.05,P2 fixed,p2,521,120,15092,4680,0.310098065200106,0.3462819089900111,0.30972865651886167,10412,18638.221612086927,34553.58754804298,34674.14520093929,38645,0.3114478114478115,0.31069348280030773,0.30697982136950047,0.3333333333333333,0.3333333333333333,0.3333333333333333,13.11520457426105,13.115204627073162,13.130532192886028,14.050000000000006,5.443687297790758e-15,5.329070518200751e-15,0,14.05,153.92120799999975
80,14.05,P2 fixed,p2,522,120,14972,4680,0.3125834891798023,0.34513274336283184,0.30608240680183124,10292,18733.495790381967,34637.66971228256,34758.43386746578,38764,0.30074942978168784,0.30932062506926744,0.33541666666666664,0.3333333333333333,0.3333333333333333,0.3333333333333333,13.115202436477967,13.115206181176056,13.130532780084629,14.050000000000006,5.443687297790758e-15,5.329070518200751e-15,0,14.05,184.6435000000056
80,14.05,P2 fixed,p2,523,120,15011,4680,0.3117713676637133,0.35174746335963925,0.30809743252139565,10331,18615.906400307464,34562.06185723563,34681.69583801332,38587,0.30738916256157633,0.3115282096845846,0.31701553004726535,0.3333333333333333,0.3333333333333333,0.3333333333333333,13.115204460969409,13.115196426213524,13.130529877851723,14.050000000000006,5.443687297790758e-15,5.329070518200751e-15,0,14.05,161.47779200000514
80,14.05,P2 fixed,p2,524,120,14954,4680,0.3129597432125184,0.350693143499438,0.3116883116883117,10274,18630.41966206495,34456.5548288163,34578.520277259944,38552,0.31495263870094725,0.3063711911357341,0.33097880928355194,0.3333333333333333,0.3333333333333333,0.3333333333333333,13.115211904361882,13.115215201070283,13.130535620471322,14.050000000000006,5.443687297790758e-15,5.329070518200751e-15,0,14.05,146.7190830000036
80,14.05,P2 fixed,p2,525,120,15123,4680,0.3094624082523309,0.3571156047310187,0.2980891719745223,10443,18489.95541890216,34310.74627951985,34428.65316500998,38272,0.2999019928128063,0.30985446061548716,0.3178699771316563,0.3333333333333333,0.3333333333333333,0.3333333333333333,13.115211384520542,13.11521589377321,13.130535729923823,14.050000000000006,5.443687297790758e-15,5.329070518200751e-15,0,14.05,169.62804199999664
80,14.05,P2 fixed,p2,526,120,15150,4680,0.3089108910891089,0.35043055035567205,0.2980891719745223,10470,18665.788722795864,34697.27708874055,34815.183775709294,38755,0.31120466321243523,0.3129619415333701,0.29429429429429427,0.3333333333333333,0.3333333333333333,0.3333333333333333,13.1152088526931,13.115209644005185,13.130533559257598,14.050000000000006,5.443687297790758e-15,5.329070518200751e-15,0,14.05,153.9943329999951
80,14.05,P2 fixed,p2,527,120,14897,4680,0.31415721286165,0.3475677682881545,0.31728813559322033,10217,18677.48987929679,34668.9337168092,34789.815535352995,38734,0.30434782608695654,0.31563685032344413,0.3193839973217275,0.3333333333333333,0.3333333333333333,0.3333333333333333,13.115205338541426,13.115211905219278,13.130534378547372,14.050000000000006,5.443687297790758e-15,5.329070518200751e-15,0,14.05,182.06091600000218
80,14.05,P2 fixed,p2,528,120,15067,4680,0.31061259706643657,0.35360785795239896,0.2962962962962963,10387,18532.142488356436,34396.75122351797,34517.07895644233,38394,0.3148697659083416,0.31063829787234043,0.30637886597938147,0.3333333333333333,0.3333333333333333,0.3333333333333333,13.11521299958224,13.115209073858459,13.130533730391761,14.050000000000006,5.443687297790758e-15,5.329070518200751e-15,0,14.05,154.46020800000406
80,14.05,P2 fixed,p2,529,120,14874,4680,0.31464300121016536,0.3460258780036969,0.3162162162162162,10194,18600.052598008097,34469.173763549625,34586.30668757379,38452,0.3118862174060278,0.31351472399507335,0.32073578595317725,0.3333333333333333,0.3333333333333333,0.3333333333333333,13.11520466726301,13.11520616299232,13.13053252213274,14.050000000000006,5.443687297790758e-15,5.329070518200751e-15,0,14.05,186.2648329999938
80,14.05,P2 fixed,p2,530,120,15004,4680,0.3119168221807518,0.34782608695652173,0.2893353941267388,10324,18595.95356679532,34558.08691615991,34676.06788332213,38600,0.3139458030403173,0.315641515798943,0.2991896272285251,0.3333333333333333,0.3333333333333333,0.3333333333333333,13.11520720649944,13.11520997230337,13.130533841606516,14.050000000000006,5.443687297790758e-15,5.329070518200751e-15,0,14.05,160.32624999999825
80,14.1,P2 fixed,p2,501,120,15018,4920,0.3276068717538953,0.3670272286460276,0.31731699451789747,10098,18209.005051888103,33848.51876627606,33970.81958727885,37836,0.3344617467840217,0.3249193817413544,0.3288830999674373,0.34146341463414637,0.3170731707317073,0.34146341463414637,13.389404495752014,13.389405498983914,13.140573829790418,14.100000000000001,1.8145624325969195e-15,1.7763568394002505e-15,0,14.1,142.07983299999614
80,14.1,P2 fixed,p2,502,120,14935,4920,0.3294275192500837,0.3791907514450867,0.31477927063339733,10015,18045.54075456886,33545.9791206362,33666.13315321258,37442,0.33030794165316046,0.32617736315612006,0.33830003386386726,0.34146341463414637,0.3170731707317073,0.34146341463414637,13.389404996244817,13.389408240467501,13.140574901666291,14.100000000000001,1.8145624325969195e-15,1.7763568394002505e-15,0,14.1,159.77445799999987
80,14.1,P2 fixed,p2,503,120,15156,4920,0.3246239113222486,0.36716417910447763,0.30943396226415093,10236,18183.387291870014,33803.10702689605,33927.0230175665,37814,0.31985535831689677,0.3243629173989455,0.3302325581395349,0.34146341463414637,0.3170731707317073,0.34146341463414637,13.389400996232238,13.389394200551308,13.14057032768435,14.100000000000001,1.8145624325969195e-15,1.7763568394002505e-15,0,14.1,143.33358299999963
80,14.1,P2 fixed,p2,504,120,14935,4920,0.3294275192500837,0.36826347305389223,0.3192731992212849,10015,18154.697993533824,33705.920772299236,33827.60549806296,37660,0.3297515110812626,0.3296374320878146,0.3284547311095984,0.34146341463414637,0.3170731707317073,0.34146341463414637,13.38941244430174,13.389417981794239,13.140577773066447,14.100000000000001,1.8145624325969195e-15,1.7763568394002505e-15,0,14.1,158.60016699999687
80,14.1,P2 fixed,p2,505,120,14696,4920,0.33478497550353836,0.36136614028644876,0.32464533157373804,9776,18230.940824320536,33837.666967118326,33959.51107703211,37690,0.3374274991470488,0.3334844706415779,0.3360516479782535,0.34146341463414637,0.3170731707317073,0.34146341463414637,13.389413009699101,13.389418827240961,13.140577944562045,14.100000000000001,1.8145624325969195e-15,1.7763568394002505e-15,0,14.1,140.58174999999756
80,14.1,P2 fixed,p2,506,120,14887,4920,0.3304896889903943,0.36163175303197354,0.3204168023445132,9967,18252.956718581165,33860.205221224445,33982.07365378202,37723,0.3366733466933868,0.33011143961792133,0.3255888996450468,0.34146341463414637,0.3170731707317073,0.34146341463414637,13.389405198163983,13.389397692969474,13.140571443940573,14.100000000000001,1.8145624325969195e-15,1.7763568394002505e-15,0,14.1,156.3686660000094
80,14.1,P2 fixed,p2,507,120,14932,4920,0.329493704795071,0.3562635771180304,0.31670421628580625,10012,18327.751787161553,33806.26560007424,33923.8087757093,37642,0.315892740353172,0.3314221472737493,0.33769721383014434,0.34146341463414637,0.3170731707317073,0.34146341463414637,13.389410505110066,13.389402834688191,13.140573042600197,14.100000000000001,1.8145624325969195e-15,1.7763568394002505e-15,0,14.1,189.9678339999955
80,14.1,P2 fixed,p2,508,120,15103,4920,0.3257630934251473,0.3508021390374332,0.3163987138263666,10183,18558.399175447234,34092.43799864011,34212.9833764335,37966,0.3268405414328161,0.3251635799046246,0.32646385345109585,0.34146341463414637,0.3170731707317073,0.34146341463414637,13.389400626303605,13.38940726028679,13.140574278646739,14.100000000000001,1.8145624325969195e-15,1.7763568394002505e-15,0,14.1,156.98570800000743
80,14.1,P2 fixed,p2,509,120,15068,4920,0.32651977701088397,0.3704819277108434,0.3082706766917293,10148,18140.11677752647,33786.02416681592,33911.655099645664,37819,0.30904856952761145,0.33072083011369907,0.33133533133533133,0.34146341463414637,0.3170731707317073,0.34146341463414637,13.389405403376111,13.38940727615307,13.140574261180873,14.100000000000001,1.8145624325969195e-15,1.7763568394002505e-15,0,14.1,193.1172499999957
80,14.1,P2 fixed,p2,510,120,15073,4920,0.32641146420752337,0.3600439077936334,0.3233651002300362,10153,18259.26918096662,33756.01215567082,33875.91076291323,37703,0.32399595005062437,0.3269167308326917,0.3272606823451474,0.34146341463414637,0.3170731707317073,0.34146341463414637,13.389406009921876,13.389405035353183,13.14057365154437,14.100000000000001,1.8145624325969195e-15,1.7763568394002505e-15,0,14.1,155.53329200000735
80,14.1,P2 fixed,p2,511,120,14783,4920,0.33281471961036324,0.36881559220389803,0.328,9863,18005.93871157808,33351.29250053612,33473.42474441711,37356,0.3390764989662302,0.33220415537488707,0.32859504132231404,0.34146341463414637,0.3170731707317073,0.34146341463414637,13.389408069199408,13.38939631648556,13.140571031841104,14.100000000000001,1.8145624325969195e-15,1.7763568394002505e-15,0,14.1,184.35241599999426
80,14.1,P2 fixed,p2,512,120,14929,4920,0.32955991694018355,0.3791907514450867,0.3182406209573092,10009,17863.67595476271,33327.88931802602,33448.59850774027,37312,0.3200844178684488,0.3335900539113214,0.3263263263263263,0.34146341463414637,0.3170731707317073,0.34146341463414637,13.389407078349928,13.389417910612321,13.1405775753954,14.100000000000001,1.8145624325969195e-15,1.7763568394002505e-15,0,14.1,153.54354100000637
80,14.1,P2 fixed,p2,513,120,14926,4920,0.32962615570146053,0.36867740726863996,0.32073011734028684,10006,17980.95887595751,33256.27624096895,33375.52498135682,37115,0.32634833390587425,0.33403829029385573,0.3196964698119433,0.34146341463414637,0.3170731707317073,0.34146341463414637,13.389409116752978,13.389409306749995,13.140574965652357,14.100000000000001,1.8145624325969195e-15,1.7763568394002505e-15,0,14.1,202.06295799999498
80,14.1,P2 fixed,p2,514,120,14983,4920,0.32837215510912365,0.36163175303197354,0.3285475792988314,10063,18349.513165320233,34118.3984438367,34242.741570324644,38128,0.3331136738056013,0.3285920657850872,0.3228212953543574,0.34146341463414637,0.3170731707317073,0.34146341463414637,13.389409991323639,13.389413464686472,13.140576453411954,14.100000000000001,1.8145624325969195e-15,1.7763568394002505e-15,0,14.1,152.59958299998834
80,14.1,P2 fixed,p2,515,120,14802,4920,0.3323875152006486,0.3707611152976639,0.3299798792756539,9882,18098.197020678144,33515.13129054686,33639.082609612065,37598,0.3423785594639866,0.33097325241627334,0.3264816718054128,0.34146341463414637,0.3170731707317073,0.34146341463414637,13.389399018789605,13.389391398605591,13.140569369179248,14.100000000000001,1.8145624325969195e-15,1.7763568394002505e-15,0,14.1,279.96020800000406
80,14.1,P2 fixed,p2,516,120,14879,4920,0.33066738356072317,0.3713207547169811,0.3225172074729597,9959,18088.300875079727,33632.0340501178,33755.72538063264,37521,0.3261538461538461,0.3366655559258025,0.31684174855981023,0.34146341463414637,0.3170731707317073,0.34146341463414637,13.389408016248586,13.389411130832455,13.140575576555667,14.100000000000001,1.8145624325969195e-15,1.7763568394002505e-15,0,14.1,153.8142910000024
80,14.1,P2 fixed,p2,517,120,14968,4920,0.3287012292891502,0.3744292237442922,0.3203125,10048,18067.613756787487,33661.89053638513,33783.99121787603,37610,0.3319078947368421,0.32926965663796,0.3237361901573485,0.34146341463414637,0.3170731707317073,0.34146341463414637,13.389412318763167,13.389425107196573,13.1405798966847,14.100000000000001,1.8145624325969195e-15,1.7763568394002505e-15,0,14.1,182.4968749999971
80,14.1,P2 fixed,p2,518,120,15023,4920,0.3274978366504693,0.36661698956780925,0.3181377303588749,10103,18138.956876024105,33613.82161839276,33737.756357499384,37629,0.32996413433322463,0.33035813901595446,0.3164049448713665,0.34146341463414637,0.3170731707317073,0.34146341463414637,13.389410247360024,13.389413376180272,13.140576413311308,14.100000000000001,1.8145624325969195e-15,1.7763568394002505e-15,0,14.1,148.20029199999408
80,14.1,P2 fixed,p2,519,120,14890,4919,0.33035594358629955,0.38012374323279197,0.3162970106075217,9971,17846.931159266464,33399.52058402065,33525.54316656935,37407,0.34002633311389074,0.3288999098286745,0.32483221476510066,0.34153283187639766,0.3171376295995121,0.34132953852409026,13.388265039639473,13.389424057552842,13.14057990703869,14.100000000000001,1.8145624325969195e-15,1.7763568394002505e-15,0,14.1,174.44241599999077
80,14.1,P2 fixed,p2,520,120,15146,4920,0.3248382411197676,0.3725861416130254,0.3161953727506427,10226,18116.942024745516,33673.09481107747,33797.84267639557,37711,0.32001310186701604,0.32827949901120634,0.31929120695419594,0.34146341463414637,0.3170731707317073,0.34146341463414637,13.389404777824009,13.389416010201442,13.140577095328728,14.100000000000001,1.8145624325969195e-15,1.7763568394002505e-15,0,14.1,149.15804199999548
80,14.1,P2 fixed,p2,521,120,15092,4920,0.32600053008216273,0.36403995560488345,0.3256121773659828,10172,18197.100772808913,33774.3459640015,33896.7420707129,37766,0.32996632996632996,0.326739202110122,0.3198809130003308,0.34146341463414637,0.3170731707317073,0.34146341463414637,13.389403746907591,13.389407079585906,13.1405743868486,14.100000000000001,1.8145624325969195e-15,1.7763568394002505e-15,0,14.1,180.27120800000557
80,14.1,P2 fixed,p2,522,120,14972,4920,0.32861341170184344,0.36283185840707965,0.32177894048397643,10052,18294.790928927414,33860.668772063334,33984.03982941638,37916,0.31671554252199413,0.3251690125235509,0.35208333333333336,0.34146341463414637,0.3170731707317073,0.34146341463414637,13.389403260480874,13.389401796362797,13.140572808369173,14.100000000000001,1.8145624325969195e-15,1.7763568394002505e-15,0,14.1,147.46187500000815
80,14.1,P2 fixed,p2,523,120,15011,4920,0.3277596429285191,0.3697857948139797,0.3238973008558262,10091,18168.014628981462,33735.344234939235,33855.415957522724,37614,0.32282430213464697,0.3272989782318969,0.33423362592842676,0.34146341463414637,0.3170731707317073,0.34146341463414637,13.389408175698458,13.389407562858366,13.140574682941997,14.100000000000001,1.8145624325969195e-15,1.7763568394002505e-15,0,14.1,173.2544169999892
80,14.1,P2 fixed,p2,524,120,14954,4920,0.32900896081316033,0.36867740726863996,0.3276723276723277,10034,18184.046155256798,33670.83059697806,33794.82382271767,37699,0.32983761840324766,0.32299168975069253,0.34645139589640095,0.34146341463414637,0.3170731707317073,0.34146341463414637,13.38940785791498,13.389397304981635,13.140571366768341,14.100000000000001,1.8145624325969195e-15,1.7763568394002505e-15,0,14.1,145.97862500000338
80,14.1,P2 fixed,p2,525,120,15123,4920,0.325332275342194,0.3754292254864556,0.31337579617834393,10203,18035.12731647331,33479.25916103976,33599.20450142106,37316,0.31721659588369816,0.32563048550161094,0.33257105521071545,0.34146341463414637,0.3170731707317073,0.34146341463414637,13.389409508516263,13.389419926115457,13.140578389138668,14.100000000000001,1.8145624325969195e-15,1.7763568394002505e-15,0,14.1,171.53058299999975
80,14.1,P2 fixed,p2,526,120,15150,4920,0.32475247524752476,0.36840134780980904,0.31337579617834393,10230,18228.95986573567,33918.21913506721,34040.92014665403,37857,0.327720207253886,0.3275234418091561,0.3133133133133133,0.34146341463414637,0.3170731707317073,0.34146341463414637,13.389411404157176,13.38941022560912,13.140575286520383,14.100000000000001,1.8145624325969195e-15,1.7763568394002505e-15,0,14.1,145.8747919999878
80,14.1,P2 fixed,p2,527,120,14897,4920,0.33026783916224745,0.3653917564054957,0.3335593220338983,9977,18238.408621568276,33887.772120805,34014.831250826755,37902,0.3216711956521739,0.3310283292438099,0.33645798459993304,0.34146341463414637,0.3170731707317073,0.34146341463414637,13.389403819326661,13.389409326391723,13.14057508349971,14.100000000000001,1.8145624325969195e-15,1.7763568394002505e-15,0,14.1,169.31937499999185
80,14.1,P2 fixed,p2,528,120,15067,4920,0.3265414481980487,0.3717415942576502,0.3114909781576448,10147,18082.69398171979,33595.314481051995,33716.60358058013,37475,0.32970656116056707,0.3267637178051512,0.3228092783505155,0.34146341463414637,0.3170731707317073,0.34146341463414637,13.389409243527519,13.389404613402311,13.14057365760249,14.100000000000001,1.8145624325969195e-15,1.7763568394002505e-15,0,14.1,144.3897500000021
80,14.1,P2 fixed,p2,529,120,14874,4920,0.3307785397337636,0.3637707948243993,0.3324324324324324,9954,18148.25669342385,33642.4970314486,33760.764868265825,37438,0.3233999322722655,0.3306460642705184,0.3384615384615385,0.34146341463414637,0.3170731707317073,0.34146341463414637,13.389415204034979,13.389422168373336,13.140578858670636,14.100000000000001,1.8145624325969195e-15,1.7763568394002505e-15,0,14.1,167.30504199999268
80,14.1,P2 fixed,p2,530,120,15004,4920,0.3279125566515596,0.3656633221850613,0.30417310664605873,10084,18151.802380873636,33749.96748010901,33872.740151513026,37665,0.3354263053536021,0.33025975486337567,0.3137763371150729,0.34146341463414637,0.3170731707317073,0.34146341463414637,13.38940635582015,13.389403662810631,13.140573371666195,14.100000000000001,1.8145624325969195e-15,1.7763568394002505e-15,0,14.1,142.27716699999291
80,14.15,P2 fixed,p2,501,120,15018,5040,0.3355972832600879,0.37597911227154046,0.32505643340857787,9978,17989.683677707424,33453.4995086507,33575.18148862499,37388,0.34021665538253215,0.33348159679750916,0.3373493975903614,0.3333333333333333,0.3333333333333333,0.3333333333333333,14.124073332079682,14.12407072872538,14.140574378650633,14.149999999999999,1.8145624325969195e-15,-1.7763568394002505e-15,0,14.15,162.9256250000035
80,14.15,P2 fixed,p2,502,120,14935,5040,0.33746233679276866,0.3884393063583815,0.32245681381957775,9895,17820.08103507393,33133.606804559466,33253.660701169894,36981,0.33841166936790923,0.3340451837698101,0.34676600067727736,0.3333333333333333,0.3333333333333333,0.3333333333333333,14.124065608262491,14.124068668713354,14.140573984528638,14.149999999999999,1.8145624325969195e-15,-1.7763568394002505e-15,0,14.15,196.32074999999895
80,14.15,P2 fixed,p2,503,120,15156,5040,0.332541567695962,0.3761194029850746,0.3169811320754717,10116,17964.210623287938,33417.76780661536,33541.59747224893,37348,0.33004602235371466,0.33150263620386644,0.3382059800664452,0.3333333333333333,0.3333333333333333,0.3333333333333333,14.124068757167366,14.124059618544576,14.140571038969147,14.149999999999999,1.8145624325969195e-15,-1.7763568394002505e-15,0,14.15,151.88191700000607
80,14.15,P2 fixed,p2,504,120,14935,5040,0.33746233679276866,0.3772455089820359,0.32706035042180404,9895,17932.535418792635,33293.63277142498,33412.79793240957,37207,0.3381464069845534,0.3375097017407695,0.3366235534377127,0.3333333333333333,0.3333333333333333,0.3333333333333333,14.124072093772403,14.124072322963164,14.140574966541564,14.149999999999999,1.8145624325969195e-15,-1.7763568394002505e-15,0,14.15,175.7853749999922
80,14.15,P2 fixed,p2,505,120,14696,5040,0.34295046271094176,0.37017994858611825,0.3325635103926097,9656,18007.21688498932,33423.25710495617,33544.19371986466,37259,0.3428863868986694,0.34209929721151666,0.345565749235474,0.3333333333333333,0.3333333333333333,0.3333333333333333,14.124067277781984,14.124072428793637,14.140574849071806,14.149999999999999,1.8145624325969195e-15,-1.7763568394002505e-15,0,14.15,141.03637499999604
80,14.15,P2 fixed,p2,506,120,14887,5040,0.33855041311211126,0.37045203969129,0.3282318463041355,9847,18028.973007904533,33444.589588967596,33563.30979576479,37216,0.3473613894455578,0.33716170115988175,0.3339787028073572,0.3333333333333333,0.3333333333333333,0.3333333333333333,14.124061544597124,14.124058413839606,14.14057071186228,14.149999999999999,1.8145624325969195e-15,-1.7763568394002505e-15,0,14.15,164.72958300000755
80,14.15,P2 fixed,p2,507,120,14932,5040,0.337530136619341,0.36495293265749457,0.32442870936594786,9892,18100.24583858927,33382.660322054544,33501.65873652105,37172,0.3266841072596468,0.33839235525576167,0.34608929170862707,0.3333333333333333,0.3333333333333333,0.3333333333333333,14.124069240405039,14.12407327956078,14.140575339492466,14.149999999999999,1.8145624325969195e-15,-1.7763568394002505e-15,0,14.15,221.8538750000007
80,14.15,P2 fixed,p2,508,120,15103,5040,0.33370853472819967,0.3593582887700535,0.32411575562700967,10063,18334.0839320836,33685.403196830826,33806.13394430612,37543,0.3360845163420271,0.3323721858711323,0.33529604187111545,0.3333333333333333,0.3333333333333333,0.3333333333333333,14.124065940573946,14.124069976245837,14.140574150658445,14.149999999999999,1.8145624325969195e-15,-1.7763568394002505e-15,0,14.15,202.0528340000019
80,14.15,P2 fixed,p2,509,120,15068,5040,0.3344836740111495,0.3795180722891566,0.3157894736842105,10028,17922.315626405583,33403.47075772675,33528.45841442441,37426,0.3166999334664005,0.3382271773926482,0.340992340992341,0.3333333333333333,0.3333333333333333,0.3333333333333333,14.124067253716845,14.124061754199497,14.140571534164955,14.149999999999999,1.8145624325969195e-15,-1.7763568394002505e-15,0,14.15,179.8133749999979
80,14.15,P2 fixed,p2,510,120,15073,5040,0.3343727194320971,0.36882546652030734,0.3312520538941834,10033,18034.745863840228,33346.454528714814,33467.61030935217,37199,0.33277084036449545,0.33505664943350566,0.3338853925140775,0.3333333333333333,0.3333333333333333,0.3333333333333333,14.124063538847196,14.12407594008105,14.140575991369465,14.149999999999999,1.8145624325969195e-15,-1.7763568394002505e-15,0,14.15,144.31595899999957
80,14.15,P2 fixed,p2,511,120,14783,5040,0.34093215179598185,0.3778110944527736,0.336,9743,17780.106316103673,32957.21278543592,33079.34247658827,36908,0.34734665747760163,0.3407859078590786,0.33520661157024795,0.3333333333333333,0.3333333333333333,0.3333333333333333,14.124069689165614,14.124076152601456,14.14057617195224,14.149999999999999,1.8145624325969195e-15,-1.7763568394002505e-15,0,14.15,172.48404200001096
80,14.15,P2 fixed,p2,512,120,14929,5040,0.33759796369482215,0.3884393063583815,0.3260025873221216,9889,17639.56306546179,32920.106605374036,33042.3598805829,36844,0.32817446359479424,0.3415117174606667,0.334668001334668,0.3333333333333333,0.3333333333333333,0.3333333333333333,14.124064096337296,14.12406895224175,14.140573715349719,14.149999999999999,1.8145624325969195e-15,-1.7763568394002505e-15,0,14.15,190.2826250000071
80,14.15,P2 fixed,p2,513,120,14926,5040,0.3376658180356425,0.3776695391532409,0.3285528031290743,9886,17749.8190124421,32837.58011941499,32959.287558626434,36690,0.33321882514599793,0.3432769367764915,0.325305179808644,0.3333333333333333,0.3333333333333333,0.3333333333333333,14.124069034986231,14.12406765903058,14.14057334814221,14.149999999999999,1.8145624325969195e-15,-1.7763568394002505e-15,0,14.15,146.87029200000688
80,14.15,P2 fixed,p2,514,120,14983,5040,0.33638123206300474,0.37045203969129,0.3365609348914858,9943,18133.62292385479,33739.69541040042,33865.4855245953,37674,0.34102141680395387,0.3358150905656184,0.3333333333333333,0.3333333333333333,0.3333333333333333,0.3333333333333333,14.124070651112016,14.124060147185384,14.140571330963562,14.149999999999999,1.8145624325969195e-15,-1.7763568394002505e-15,0,14.15,173.63220799999544
80,14.15,P2 fixed,p2,515,120,14802,5040,0.34049452776651806,0.37980406932931426,0.3380281690140845,9762,17874.863996093503,33121.19729785818,33240.386107903774,37086,0.3514237855946399,0.33827826477860196,0.33607399794450155,0.3333333333333333,0.3333333333333333,0.3333333333333333,14.12406576740176,14.124057336230749,14.140570241936551,14.149999999999999,1.8145624325969195e-15,-1.7763568394002505e-15,0,14.15,140.90708299999824
80,14.15,P2 fixed,p2,516,120,14879,5040,0.3387324416963506,0.38037735849056603,0.3303834808259587,9839,17863.68930738671,33225.27162873831,33343.83734286359,37012,0.3336752136752137,0.34444074197489727,0.32633005760759065,0.3333333333333333,0.3333333333333333,0.3333333333333333,14.124068786789136,14.124076393078958,14.140576182290063,14.149999999999999,1.8145624325969195e-15,-1.7763568394002505e-15,0,14.15,155.28654100000858
80,14.15,P2 fixed,p2,517,120,14968,5040,0.3367183324425441,0.3835616438356164,0.328125,9928,17846.932370659502,33270.85084665556,33395.324658401674,37252,0.3391447368421053,0.33721060284084553,0.3327753598928691,0.3333333333333333,0.3333333333333333,0.3333333333333333,14.124073474394118,14.124079855222575,14.140577193373487,14.149999999999999,1.8145624325969195e-15,-1.7763568394002505e-15,0,14.15,186.65295800000604
80,14.15,P2 fixed,p2,518,120,15023,5040,0.33548558876389534,0.37555886736214605,0.3258971871968962,9983,17915.410870676882,33217.202170388344,33340.99602916523,37134,0.3371372676882948,0.3387258730335825,0.3240895422652857,0.3333333333333333,0.3333333333333333,0.3333333333333333,14.124069774635654,14.124072971070234,14.140575171898973,14.149999999999999,1.8145624325969195e-15,-1.7763568394002505e-15,0,14.15,146.2867499999993
80,14.15,P2 fixed,p2,519,120,14890,5038,0.3383478844862324,0.3890177880897138,0.3240115718418515,9852,17633.354392238674,33014.024744596325,33137.16973246208,36925,0.34726793943383805,0.33724075743913434,0.3325503355704698,0.333465660976578,0.333267169511711,0.333267169511711,14.116808940496766,14.124078215703422,14.140576933297908,14.149999999999999,1.8145624325969195e-15,-1.7763568394002505e-15,0,14.15,167.84195799998997
80,14.15,P2 fixed,p2,520,120,15146,5040,0.33276112504951805,0.38167360848163573,0.32390745501285345,10106,17896.875436937004,33293.12310149233,33419.64897587866,37288,0.3285293154274484,0.33564051856734783,0.32831828819792713,0.3333333333333333,0.3333333333333333,0.3333333333333333,14.124064191653495,14.124071500074175,14.140574632684249,14.149999999999999,1.8145624325969195e-15,-1.7763568394002505e-15,0,14.15,140.66320800001267
80,14.15,P2 fixed,p2,521,120,15092,5040,0.3339517625231911,0.3729189789123196,0.33355393778954334,10052,17975.693567338272,33382.87699541457,33504.550580101124,37267,0.3373737373737374,0.3355313770744038,0.32583526298379095,0.3333333333333333,0.3333333333333333,0.3333333333333333,14.124066719811015,14.124064808028026,14.140572582139244,14.149999999999999,1.8145624325969195e-15,-1.7763568394002505e-15,0,14.15,157.3266250000015
80,14.15,P2 fixed,p2,522,120,14972,5040,0.336628372962864,0.37168141592920356,0.3296272073250491,9932,18074.66949297018,33470.11228096951,33596.044763333746,37452,0.32681655262300424,0.33281613653995346,0.3590277777777778,0.3333333333333333,0.3333333333333333,0.3333333333333333,14.124065411334156,14.124070055664182,14.140574387045481,14.149999999999999,1.8145624325969195e-15,-1.7763568394002505e-15,0,14.15,188.44783299999835
80,14.15,P2 fixed,p2,523,120,15011,5040,0.335753780560922,0.3788049605411499,0.3317972350230415,9971,17944.29271951454,33325.612970317554,33444.702444157214,37194,0.3336617405582923,0.33396268325188805,0.34334908845374745,0.3333333333333333,0.3333333333333333,0.3333333333333333,14.124066089389395,14.124054649211383,14.140569620199974,14.149999999999999,1.8145624325969195e-15,-1.7763568394002505e-15,0,14.15,148.22345799999312
80,14.15,P2 fixed,p2,524,120,14954,5040,0.33703356961348135,0.3776695391532409,0.3356643356643357,9914,17961.155422907268,33279.0495208467,33400.00213663789,37189,0.33694181326116374,0.33085872576177283,0.35586949209552643,0.3333333333333333,0.3333333333333333,0.3333333333333333,14.124073867341203,14.12407159235583,14.140574808098117,14.149999999999999,1.8145624325969195e-15,-1.7763568394002505e-15,0,14.15,180.36941600000137
80,14.15,P2 fixed,p2,525,120,15123,5040,0.3332672088871256,0.384586035864174,0.32101910828025476,10083,17807.518743682693,33064.46554871803,33185.88025940622,36846,0.3263639333551127,0.3338517942450839,0.3384514864423391,0.3333333333333333,0.3333333333333333,0.3333333333333333,14.1240751445316,14.124089973991298,14.140580478336796,14.149999999999999,1.8145624325969195e-15,-1.7763568394002505e-15,0,14.15,148.5616250000021
80,14.15,P2 fixed,p2,526,120,15150,5040,0.3326732673267327,0.3773867465368776,0.32101910828025476,10110,18010.224499862696,33525.23921142873,33648.52669989086,37472,0.33484455958549225,0.33568670711527854,0.3213213213213213,0.3333333333333333,0.3333333333333333,0.3333333333333333,14.124069161297289,14.12405956940078,14.140570907754912,14.149999999999999,1.8145624325969195e-15,-1.7763568394002505e-15,0,14.15,161.9328749999986
80,14.15,P2 fixed,p2,527,120,14897,5040,0.33832315231254617,0.37430375046416636,0.3416949152542373,9857,18020.235801703224,33498.568591402174,33621.02686882651,37496,0.328125,0.3390586660718269,0.3461667224640107,0.3333333333333333,0.3333333333333333,0.3333333333333333,14.124066975434488,14.124073667548615,14.140575416664694,14.149999999999999,1.8145624325969195e-15,-1.7763568394002505e-15,0,14.15,182.76949999999488
80,14.15,P2 fixed,p2,528,120,15067,5040,0.33450587376385477,0.38080846241027577,0.3190883190883191,10027,17858.144420110853,33191.441029490314,33313.6977246245,37046,0.3376195186284207,0.33449048152295635,0.3315077319587629,0.3333333333333333,0.3333333333333333,0.3333333333333333,14.124075709295195,14.124076153373942,14.140576263758158,14.149999999999999,1.8145624325969195e-15,-1.7763568394002505e-15,0,14.15,163.49095799999486
80,14.15,P2 fixed,p2,529,120,14874,5040,0.33884630899556273,0.37264325323475045,0.34054054054054056,9834,17920.860802298223,33220.93562202336,33339.673492824135,36974,0.32983406705045715,0.3393796887246669,0.34615384615384615,0.3333333333333333,0.3333333333333333,0.3333333333333333,14.124066367671753,14.124066329538914,14.140572788747292,14.149999999999999,1.8145624325969195e-15,-1.7763568394002505e-15,0,14.15,323.1629580000008
80,14.15,P2 fixed,p2,530,120,15004,5040,0.33591042388696346,0.3745819397993311,0.3115919629057187,9964,17929.451333289344,33350.28994608907,33471.50496870092,37235,0.34368803701255785,0.33801866636680533,0.32220421393841164,0.3333333333333333,0.3333333333333333,0.3333333333333333,14.124069916366887,14.124075397891426,14.140575992258674,14.149999999999999,1.8145624325969195e-15,-1.7763568394002505e-15,0,14.15,171.67333299999882
80,14.2,P2 fixed,p2,501,120,15018,5040,0.3355972832600879,0.37597911227154046,0.32505643340857787,9978,17989.683677707424,33453.4995086507,33575.18148862499,37388,0.34021665538253215,0.33348159679750916,0.3373493975903614,0.3333333333333333,0.3333333333333333,0.3333333333333333,14.124073332079682,14.12407072872538,14.140574378650633,14.199999999999994,5.443687297790758e-15,-5.329070518200751e-15,0,14.2,157.71474999999919
80,14.2,P2 fixed,p2,502,120,14935,5040,0.33746233679276866,0.3884393063583815,0.32245681381957775,9895,17820.08103507393,33133.606804559466,33253.660701169894,36981,0.33841166936790923,0.3340451837698101,0.34676600067727736,0.3333333333333333,0.3333333333333333,0.3333333333333333,14.124065608262491,14.124068668713354,14.140573984528638,14.199999999999994,5.443687297790758e-15,-5.329070518200751e-15,0,14.2,185.0148329999938
80,14.2,P2 fixed,p2,503,120,15156,5040,0.332541567695962,0.3761194029850746,0.3169811320754717,10116,17964.210623287938,33417.76780661536,33541.59747224893,37348,0.33004602235371466,0.33150263620386644,0.3382059800664452,0.3333333333333333,0.3333333333333333,0.3333333333333333,14.124068757167366,14.124059618544576,14.140571038969147,14.199999999999994,5.443687297790758e-15,-5.329070518200751e-15,0,14.2,157.47595799999544
80,14.2,P2 fixed,p2,504,120,14935,5040,0.33746233679276866,0.3772455089820359,0.32706035042180404,9895,17932.535418792635,33293.63277142498,33412.79793240957,37207,0.3381464069845534,0.3375097017407695,0.3366235534377127,0.3333333333333333,0.3333333333333333,0.3333333333333333,14.124072093772403,14.124072322963164,14.140574966541564,14.199999999999994,5.443687297790758e-15,-5.329070518200751e-15,0,14.2,169.5562920000084
80,14.2,P2 fixed,p2,505,120,14696,5040,0.34295046271094176,0.37017994858611825,0.3325635103926097,9656,18007.21688498932,33423.25710495617,33544.19371986466,37259,0.3428863868986694,0.34209929721151666,0.345565749235474,0.3333333333333333,0.3333333333333333,0.3333333333333333,14.124067277781984,14.124072428793637,14.140574849071806,14.199999999999994,5.443687297790758e-15,-5.329070518200751e-15,0,14.2,150.45500000000175
80,14.2,P2 fixed,p2,506,120,14887,5040,0.33855041311211126,0.37045203969129,0.3282318463041355,9847,18028.973007904533,33444.589588967596,33563.30979576479,37216,0.3473613894455578,0.33716170115988175,0.3339787028073572,0.3333333333333333,0.3333333333333333,0.3333333333333333,14.124061544597124,14.124058413839606,14.14057071186228,14.199999999999994,5.443687297790758e-15,-5.329070518200751e-15,0,14.2,157.77474999999686
80,14.2,P2 fixed,p2,507,120,14932,5040,0.337530136619341,0.36495293265749457,0.32442870936594786,9892,18100.24583858927,33382.660322054544,33501.65873652105,37172,0.3266841072596468,0.33839235525576167,0.34608929170862707,0.3333333333333333,0.3333333333333333,0.3333333333333333,14.124069240405039,14.12407327956078,14.140575339492466,14.199999999999994,5.443687297790758e-15,-5.329070518200751e-15,0,14.2,185.3310000000056
80,14.2,P2 fixed,p2,508,120,15103,5040,0.33370853472819967,0.3593582887700535,0.32411575562700967,10063,18334.0839320836,33685.403196830826,33806.13394430612,37543,0.3360845163420271,0.3323721858711323,0.33529604187111545,0.3333333333333333,0.3333333333333333,0.3333333333333333,14.124065940573946,14.124069976245837,14.140574150658445,14.199999999999994,5.443687297790758e-15,-5.329070518200751e-15,0,14.2,149.89670800000022
80,14.2,P2 fixed,p2,509,120,15068,5040,0.3344836740111495,0.3795180722891566,0.3157894736842105,10028,17922.315626405583,33403.47075772675,33528.45841442441,37426,0.3166999334664005,0.3382271773926482,0.340992340992341,0.3333333333333333,0.3333333333333333,0.3333333333333333,14.124067253716845,14.124061754199497,14.140571534164955,14.199999999999994,5.443687297790758e-15,-5.329070518200751e-15,0,14.2,198.96199999999953
80,14.2,P2 fixed,p2,510,120,15073,5040,0.3343727194320971,0.36882546652030734,0.3312520538941834,10033,18034.745863840228,33346.454528714814,33467.61030935217,37199,0.33277084036449545,0.33505664943350566,0.3338853925140775,0.3333333333333333,0.3333333333333333,0.3333333333333333,14.124063538847196,14.12407594008105,14.140575991369465,14.199999999999994,5.443687297790758e-15,-5.329070518200751e-15,0,14.2,198.86520899999596
80,14.2,P2 fixed,p2,511,120,14783,5040,0.34093215179598185,0.3778110944527736,0.336,9743,17780.106316103673,32957.21278543592,33079.34247658827,36908,0.34734665747760163,0.3407859078590786,0.33520661157024795,0.3333333333333333,0.3333333333333333,0.3333333333333333,14.124069689165614,14.124076152601456,14.14057617195224,14.199999999999994,5.443687297790758e-15,-5.329070518200751e-15,0,14.2,149.89891699999862
80,14.2,P2 fixed,p2,512,120,14929,5040,0.33759796369482215,0.3884393063583815,0.3260025873221216,9889,17639.56306546179,32920.106605374036,33042.3598805829,36844,0.32817446359479424,0.3415117174606667,0.334668001334668,0.3333333333333333,0.3333333333333333,0.3333333333333333,14.124064096337296,14.12406895224175,14.140573715349719,14.199999999999994,5.443687297790758e-15,-5.329070518200751e-15,0,14.2,176.58229199999187
80,14.2,P2 fixed,p2,513,120,14926,5040,0.3376658180356425,0.3776695391532409,0.3285528031290743,9886,17749.8190124421,32837.58011941499,32959.287558626434,36690,0.33321882514599793,0.3432769367764915,0.325305179808644,0.3333333333333333,0.3333333333333333,0.3333333333333333,14.124069034986231,14.12406765903058,14.14057334814221,14.199999999999994,5.443687297790758e-15,-5.329070518200751e-15,0,14.2,141.40995800000383
80,14.2,P2 fixed,p2,514,120,14983,5040,0.33638123206300474,0.37045203969129,0.3365609348914858,9943,18133.62292385479,33739.69541040042,33865.4855245953,37674,0.34102141680395387,0.3358150905656184,0.3333333333333333,0.3333333333333333,0.3333333333333333,0.3333333333333333,14.124070651112016,14.124060147185384,14.140571330963562,14.199999999999994,5.443687297790758e-15,-5.329070518200751e-15,0,14.2,162.3008339999942
80,14.2,P2 fixed,p2,515,120,14802,5040,0.34049452776651806,0.37980406932931426,0.3380281690140845,9762,17874.863996093503,33121.19729785818,33240.386107903774,37086,0.3514237855946399,0.33827826477860196,0.33607399794450155,0.3333333333333333,0.3333333333333333,0.3333333333333333,14.12406576740176,14.124057336230749,14.140570241936551,14.199999999999994,5.443687297790758e-15,-5.329070518200751e-15,0,14.2,198.79649999999674
80,14.2,P2 fixed,p2,516,120,14879,5040,0.3387324416963506,0.38037735849056603,0.3303834808259587,9839,17863.68930738671,33225.27162873831,33343.83734286359,37012,0.3336752136752137,0.34444074197489727,0.32633005760759065,0.3333333333333333,0.3333333333333333,0.3333333333333333,14.124068786789136,14.124076393078958,14.140576182290063,14.199999999999994,5.443687297790758e-15,-5.329070518200751e-15,0,14.2,150.12399999999616
80,14.2,P2 fixed,p2,517,120,14968,5040,0.3367183324425441,0.3835616438356164,0.328125,9928,17846.932370659502,33270.85084665556,33395.324658401674,37252,0.3391447368421053,0.33721060284084553,0.3327753598928691,0.3333333333333333,0.3333333333333333,0.3333333333333333,14.124073474394118,14.124079855222575,14.140577193373487,14.199999999999994,5.443687297790758e-15,-5.329070518200751e-15,0,14.2,174.6934590000019
80,14.2,P2 fixed,p2,518,120,15023,5040,0.33548558876389534,0.37555886736214605,0.3258971871968962,9983,17915.410870676882,33217.202170388344,33340.99602916523,37134,0.3371372676882948,0.3387258730335825,0.3240895422652857,0.3333333333333333,0.3333333333333333,0.3333333333333333,14.124069774635654,14.124072971070234,14.140575171898973,14.199999999999994,5.443687297790758e-15,-5.329070518200751e-15,0,14.2,141.98879099999613
80,14.2,P2 fixed,p2,519,120,14890,5038,0.3383478844862324,0.3890177880897138,0.3240115718418515,9852,17633.354392238674,33014.024744596325,33137.16973246208,36925,0.34726793943383805,0.33724075743913434,0.3325503355704698,0.333465660976578,0.333267169511711,0.333267169511711,14.116808940496766,14.124078215703422,14.140576933297908,14.199999999999994,5.443687297790758e-15,-5.329070518200751e-15,0,14.2,157.5000410000066
80,14.2,P2 fixed,p2,520,120,15146,5040,0.33276112504951805,0.38167360848163573,0.32390745501285345,10106,17896.875436937004,33293.12310149233,33419.64897587866,37288,0.3285293154274484,0.33564051856734783,0.32831828819792713,0.3333333333333333,0.3333333333333333,0.3333333333333333,14.124064191653495,14.124071500074175,14.140574632684249,14.199999999999994,5.443687297790758e-15,-5.329070518200751e-15,0,14.2,193.19874999999593
80,14.2,P2 fixed,p2,521,120,15092,5040,0.3339517625231911,0.3729189789123196,0.33355393778954334,10052,17975.693567338272,33382.87699541457,33504.550580101124,37267,0.3373737373737374,0.3355313770744038,0.32583526298379095,0.3333333333333333,0.3333333333333333,0.3333333333333333,14.124066719811015,14.124064808028026,14.140572582139244,14.199999999999994,5.443687297790758e-15,-5.329070518200751e-15,0,14.2,151.14229100001103
80,14.2,P2 fixed,p2,522,120,14972,5040,0.336628372962864,0.37168141592920356,0.3296272073250491,9932,18074.66949297018,33470.11228096951,33596.044763333746,37452,0.32681655262300424,0.33281613653995346,0.3590277777777778,0.3333333333333333,0.3333333333333333,0.3333333333333333,14.124065411334156,14.124070055664182,14.140574387045481,14.199999999999994,5.443687297790758e-15,-5.329070518200751e-15,0,14.2,175.27074999999604
80,14.2,P2 fixed,p2,523,120,15011,5040,0.335753780560922,0.3788049605411499,0.3317972350230415,9971,17944.29271951454,33325.612970317554,33444.702444157214,37194,0.3336617405582923,0.33396268325188805,0.34334908845374745,0.3333333333333333,0.3333333333333333,0.3333333333333333,14.124066089389395,14.124054649211383,14.140569620199974,14.199999999999994,5.443687297790758e-15,-5.329070518200751e-15,0,14.2,142.31983299998683
80,14.2,P2 fixed,p2,524,120,14954,5040,0.33703356961348135,0.3776695391532409,0.3356643356643357,9914,17961.155422907268,33279.0495208467,33400.00213663789,37189,0.33694181326116374,0.33085872576177283,0.35586949209552643,0.3333333333333333,0.3333333333333333,0.3333333333333333,14.124073867341203,14.12407159235583,14.140574808098117,14.199999999999994,5.443687297790758e-15,-5.329070518200751e-15,0,14.2,161.23729200000525
80,14.2,P2 fixed,p2,525,120,15123,5040,0.3332672088871256,0.384586035864174,0.32101910828025476,10083,17807.518743682693,33064.46554871803,33185.88025940622,36846,0.3263639333551127,0.3338517942450839,0.3384514864423391,0.3333333333333333,0.3333333333333333,0.3333333333333333,14.1240751445316,14.124089973991298,14.140580478336796,14.199999999999994,5.443687297790758e-15,-5.329070518200751e-15,0,14.2,196.98666599999706
80,14.2,P2 fixed,p2,526,120,15150,5040,0.3326732673267327,0.3773867465368776,0.32101910828025476,10110,18010.224499862696,33525.23921142873,33648.52669989086,37472,0.33484455958549225,0.33568670711527854,0.3213213213213213,0.3333333333333333,0.3333333333333333,0.3333333333333333,14.124069161297289,14.12405956940078,14.140570907754912,14.199999999999994,5.443687297790758e-15,-5.329070518200751e-15,0,14.2,149.58595800001058
80,14.2,P2 fixed,p2,527,120,14897,5040,0.33832315231254617,0.37430375046416636,0.3416949152542373,9857,18020.235801703224,33498.568591402174,33621.02686882651,37496,0.328125,0.3390586660718269,0.3461667224640107,0.3333333333333333,0.3333333333333333,0.3333333333333333,14.124066975434488,14.124073667548615,14.140575416664694,14.199999999999994,5.443687297790758e-15,-5.329070518200751e-15,0,14.2,173.8602910000045
80,14.2,P2 fixed,p2,528,120,15067,5040,0.33450587376385477,0.38080846241027577,0.3190883190883191,10027,17858.144420110853,33191.441029490314,33313.6977246245,37046,0.3376195186284207,0.33449048152295635,0.3315077319587629,0.3333333333333333,0.3333333333333333,0.3333333333333333,14.124075709295195,14.124076153373942,14.140576263758158,14.199999999999994,5.443687297790758e-15,-5.329070518200751e-15,0,14.2,142.36583399999654
80,14.2,P2 fixed,p2,529,120,14874,5040,0.33884630899556273,0.37264325323475045,0.34054054054054056,9834,17920.860802298223,33220.93562202336,33339.673492824135,36974,0.32983406705045715,0.3393796887246669,0.34615384615384615,0.3333333333333333,0.3333333333333333,0.3333333333333333,14.124066367671753,14.124066329538914,14.140572788747292,14.199999999999994,5.443687297790758e-15,-5.329070518200751e-15,0,14.2,157.23462499999732
80,14.2,P2 fixed,p2,530,120,15004,5040,0.33591042388696346,0.3745819397993311,0.3115919629057187,9964,17929.451333289344,33350.28994608907,33471.50496870092,37235,0.34368803701255785,0.33801866636680533,0.32220421393841164,0.3333333333333333,0.3333333333333333,0.3333333333333333,14.124069916366887,14.124075397891426,14.140575992258674,14.199999999999994,5.443687297790758e-15,-5.329070518200751e-15,0,14.2,188.66958299999533
80,14.25,P2 fixed,p2,501,120,15018,5040,0.3355972832600879,0.37597911227154046,0.32505643340857787,9978,17989.683677707424,33453.4995086507,33575.18148862499,37388,0.34021665538253215,0.33348159679750916,0.3373493975903614,0.3333333333333333,0.3333333333333333,0.3333333333333333,14.124073332079682,14.12407072872538,14.140574378650633,14.25,0,0,0,14.25,149.10037500000908
80,14.25,P2 fixed,p2,502,120,14935,5040,0.33746233679276866,0.3884393063583815,0.32245681381957775,9895,17820.08103507393,33133.606804559466,33253.660701169894,36981,0.33841166936790923,0.3340451837698101,0.34676600067727736,0.3333333333333333,0.3333333333333333,0.3333333333333333,14.124065608262491,14.124068668713354,14.140573984528638,14.25,0,0,0,14.25,168.6299169999984
80,14.25,P2 fixed,p2,503,120,15156,5040,0.332541567695962,0.3761194029850746,0.3169811320754717,10116,17964.210623287938,33417.76780661536,33541.59747224893,37348,0.33004602235371466,0.33150263620386644,0.3382059800664452,0.3333333333333333,0.3333333333333333,0.3333333333333333,14.124068757167366,14.124059618544576,14.140571038969147,14.25,0,0,0,14.25,142.2742500000022
80,14.25,P2 fixed,p2,504,120,14935,5040,0.33746233679276866,0.3772455089820359,0.32706035042180404,9895,17932.535418792635,33293.63277142498,33412.79793240957,37207,0.3381464069845534,0.3375097017407695,0.3366235534377127,0.3333333333333333,0.3333333333333333,0.3333333333333333,14.124072093772403,14.124072322963164,14.140574966541564,14.25,0,0,0,14.25,156.69837499999267
80,14.25,P2 fixed,p2,505,120,14696,5040,0.34295046271094176,0.37017994858611825,0.3325635103926097,9656,18007.21688498932,33423.25710495617,33544.19371986466,37259,0.3428863868986694,0.34209929721151666,0.345565749235474,0.3333333333333333,0.3333333333333333,0.3333333333333333,14.124067277781984,14.124072428793637,14.140574849071806,14.25,0,0,0,14.25,181.565042000002
80,14.25,P2 fixed,p2,506,120,14887,5040,0.33855041311211126,0.37045203969129,0.3282318463041355,9847,18028.973007904533,33444.589588967596,33563.30979576479,37216,0.3473613894455578,0.33716170115988175,0.3339787028073572,0.3333333333333333,0.3333333333333333,0.3333333333333333,14.124061544597124,14.124058413839606,14.14057071186228,14.25,0,0,0,14.25,155.5546250000043
80,14.25,P2 fixed,p2,507,120,14932,5040,0.337530136619341,0.36495293265749457,0.32442870936594786,9892,18100.24583858927,33382.660322054544,33501.65873652105,37172,0.3266841072596468,0.33839235525576167,0.34608929170862707,0.3333333333333333,0.3333333333333333,0.3333333333333333,14.124069240405039,14.12407327956078,14.140575339492466,14.25,0,0,0,14.25,184.02491599999485
80,14.25,P2 fixed,p2,508,120,15103,5040,0.33370853472819967,0.3593582887700535,0.32411575562700967,10063,18334.0839320836,33685.403196830826,33806.13394430612,37543,0.3360845163420271,0.3323721858711323,0.33529604187111545,0.3333333333333333,0.3333333333333333,0.3333333333333333,14.124065940573946,14.124069976245837,14.140574150658445,14.25,0,0,0,14.25,148.39458300000115
80,14.25,P2 fixed,p2,509,120,15068,5040,0.3344836740111495,0.3795180722891566,0.3157894736842105,10028,17922.315626405583,33403.47075772675,33528.45841442441,37426,0.3166999334664005,0.3382271773926482,0.340992340992341,0.3333333333333333,0.3333333333333333,0.3333333333333333,14.124067253716845,14.124061754199497,14.140571534164955,14.25,0,0,0,14.25,153.38808400000562
80,14.25,P2 fixed,p2,510,120,15073,5040,0.3343727194320971,0.36882546652030734,0.3312520538941834,10033,18034.745863840228,33346.454528714814,33467.61030935217,37199,0.33277084036449545,0.33505664943350566,0.3338853925140775,0.3333333333333333,0.3333333333333333,0.3333333333333333,14.124063538847196,14.12407594008105,14.140575991369465,14.25,0,0,0,14.25,183.3650420000049
80,14.25,P2 fixed,p2,511,120,14783,5040,0.34093215179598185,0.3778110944527736,0.336,9743,17780.106316103673,32957.21278543592,33079.34247658827,36908,0.34734665747760163,0.3407859078590786,0.33520661157024795,0.3333333333333333,0.3333333333333333,0.3333333333333333,14.124069689165614,14.124076152601456,14.14057617195224,14.25,0,0,0,14.25,142.3969170000055
80,14.25,P2 fixed,p2,512,120,14929,5040,0.33759796369482215,0.3884393063583815,0.3260025873221216,9889,17639.56306546179,32920.106605374036,33042.3598805829,36844,0.32817446359479424,0.3415117174606667,0.334668001334668,0.3333333333333333,0.3333333333333333,0.3333333333333333,14.124064096337296,14.12406895224175,14.140573715349719,14.25,0,0,0,14.25,162.6960839999956
80,14.25,P2 fixed,p2,513,120,14926,5040,0.3376658180356425,0.3776695391532409,0.3285528031290743,9886,17749.8190124421,32837.58011941499,32959.287558626434,36690,0.33321882514599793,0.3432769367764915,0.325305179808644,0.3333333333333333,0.3333333333333333,0.3333333333333333,14.124069034986231,14.12406765903058,14.14057334814221,14.25,0,0,0,14.25,139.4047079999873
80,14.25,P2 fixed,p2,514,120,14983,5040,0.33638123206300474,0.37045203969129,0.3365609348914858,9943,18133.62292385479,33739.69541040042,33865.4855245953,37674,0.34102141680395387,0.3358150905656184,0.3333333333333333,0.3333333333333333,0.3333333333333333,0.3333333333333333,14.124070651112016,14.124060147185384,14.140571330963562,14.25,0,0,0,14.25,153.26283300000068
80,14.25,P2 fixed,p2,515,120,14802,5040,0.34049452776651806,0.37980406932931426,0.3380281690140845,9762,17874.863996093503,33121.19729785818,33240.386107903774,37086,0.3514237855946399,0.33827826477860196,0.33607399794450155,0.3333333333333333,0.3333333333333333,0.3333333333333333,14.12406576740176,14.124057336230749,14.140570241936551,14.25,0,0,0,14.25,177.2986660000024
80,14.25,P2 fixed,p2,516,120,14879,5040,0.3387324416963506,0.38037735849056603,0.3303834808259587,9839,17863.68930738671,33225.27162873831,33343.83734286359,37012,0.3336752136752137,0.34444074197489727,0.32633005760759065,0.3333333333333333,0.3333333333333333,0.3333333333333333,14.124068786789136,14.124076393078958,14.140576182290063,14.25,0,0,0,14.25,142.6309590000019
80,14.25,P2 fixed,p2,517,120,14968,5040,0.3367183324425441,0.3835616438356164,0.328125,9928,17846.932370659502,33270.85084665556,33395.324658401674,37252,0.3391447368421053,0.33721060284084553,0.3327753598928691,0.3333333333333333,0.3333333333333333,0.3333333333333333,14.124073474394118,14.124079855222575,14.140577193373487,14.25,0,0,0,14.25,162.0315840000112
80,14.25,P2 fixed,p2,518,120,15023,5040,0.33548558876389534,0.37555886736214605,0.3258971871968962,9983,17915.410870676882,33217.202170388344,33340.99602916523,37134,0.3371372676882948,0.3387258730335825,0.3240895422652857,0.3333333333333333,0.3333333333333333,0.3333333333333333,14.124069774635654,14.124072971070234,14.140575171898973,14.25,0,0,0,14.25,201.08404200000223
80,14.25,P2 fixed,p2,519,120,14890,5038,0.3383478844862324,0.3890177880897138,0.3240115718418515,9852,17633.354392238674,33014.024744596325,33137.16973246208,36925,0.34726793943383805,0.33724075743913434,0.3325503355704698,0.333465660976578,0.333267169511711,0.333267169511711,14.116808940496766,14.124078215703422,14.140576933297908,14.25,0,0,0,14.25,151.5001670000056
80,14.25,P2 fixed,p2,520,120,15146,5040,0.33276112504951805,0.38167360848163573,0.32390745501285345,10106,17896.875436937004,33293.12310149233,33419.64897587866,37288,0.3285293154274484,0.33564051856734783,0.32831828819792713,0.3333333333333333,0.3333333333333333,0.3333333333333333,14.124064191653495,14.124071500074175,14.140574632684249,14.25,0,0,0,14.25,178.6204590000125
80,14.25,P2 fixed,p2,521,120,15092,5040,0.3339517625231911,0.3729189789123196,0.33355393778954334,10052,17975.693567338272,33382.87699541457,33504.550580101124,37267,0.3373737373737374,0.3355313770744038,0.32583526298379095,0.3333333333333333,0.3333333333333333,0.3333333333333333,14.124066719811015,14.124064808028026,14.140572582139244,14.25,0,0,0,14.25,145.37512499999139
80,14.25,P2 fixed,p2,522,120,14972,5040,0.336628372962864,0.37168141592920356,0.3296272073250491,9932,18074.66949297018,33470.11228096951,33596.044763333746,37452,0.32681655262300424,0.33281613653995346,0.3590277777777778,0.3333333333333333,0.3333333333333333,0.3333333333333333,14.124065411334156,14.124070055664182,14.140574387045481,14.25,0,0,0,14.25,163.21941700000025
80,14.25,P2 fixed,p2,523,120,15011,5040,0.335753780560922,0.3788049605411499,0.3317972350230415,9971,17944.29271951454,33325.612970317554,33444.702444157214,37194,0.3336617405582923,0.33396268325188805,0.34334908845374745,0.3333333333333333,0.3333333333333333,0.3333333333333333,14.124066089389395,14.124054649211383,14.140569620199974,14.25,0,0,0,14.25,197.6669580000016
80,14.25,P2 fixed,p2,524,120,14954,5040,0.33703356961348135,0.3776695391532409,0.3356643356643357,9914,17961.155422907268,33279.0495208467,33400.00213663789,37189,0.33694181326116374,0.33085872576177283,0.35586949209552643,0.3333333333333333,0.3333333333333333,0.3333333333333333,14.124073867341203,14.12407159235583,14.140574808098117,14.25,0,0,0,14.25,150.5242500000022
80,14.25,P2 fixed,p2,525,120,15123,5040,0.3332672088871256,0.384586035864174,0.32101910828025476,10083,17807.518743682693,33064.46554871803,33185.88025940622,36846,0.3263639333551127,0.3338517942450839,0.3384514864423391,0.3333333333333333,0.3333333333333333,0.3333333333333333,14.1240751445316,14.124089973991298,14.140580478336796,14.25,0,0,0,14.25,174.57533300000068
80,14.25,P2 fixed,p2,526,120,15150,5040,0.3326732673267327,0.3773867465368776,0.32101910828025476,10110,18010.224499862696,33525.23921142873,33648.52669989086,37472,0.33484455958549225,0.33568670711527854,0.3213213213213213,0.3333333333333333,0.3333333333333333,0.3333333333333333,14.124069161297289,14.12405956940078,14.140570907754912,14.25,0,0,0,14.25,143.84737499999756
80,14.25,P2 fixed,p2,527,120,14897,5040,0.33832315231254617,0.37430375046416636,0.3416949152542373,9857,18020.235801703224,33498.568591402174,33621.02686882651,37496,0.328125,0.3390586660718269,0.3461667224640107,0.3333333333333333,0.3333333333333333,0.3333333333333333,14.124066975434488,14.124073667548615,14.140575416664694,14.25,0,0,0,14.25,161.44199999999546
80,14.25,P2 fixed,p2,528,120,15067,5040,0.33450587376385477,0.38080846241027577,0.3190883190883191,10027,17858.144420110853,33191.441029490314,33313.6977246245,37046,0.3376195186284207,0.33449048152295635,0.3315077319587629,0.3333333333333333,0.3333333333333333,0.3333333333333333,14.124075709295195,14.124076153373942,14.140576263758158,14.25,0,0,0,14.25,204.35091699998884
80,14.25,P2 fixed,p2,529,120,14874,5040,0.33884630899556273,0.37264325323475045,0.34054054054054056,9834,17920.860802298223,33220.93562202336,33339.673492824135,36974,0.32983406705045715,0.3393796887246669,0.34615384615384615,0.3333333333333333,0.3333333333333333,0.3333333333333333,14.124066367671753,14.124066329538914,14.140572788747292,14.25,0,0,0,14.25,150.86329199999454
80,14.25,P2 fixed,p2,530,120,15004,5040,0.33591042388696346,0.3745819397993311,0.3115919629057187,9964,17929.451333289344,33350.28994608907,33471.50496870092,37235,0.34368803701255785,0.33801866636680533,0.32220421393841164,0.3333333333333333,0.3333333333333333,0.3333333333333333,14.124069916366887,14.124075397891426,14.140575992258674,14.25,0,0,0,14.25,174.3574590000062
80,14.3,P2 fixed,p2,501,120,15018,5040,0.3355972832600879,0.37597911227154046,0.32505643340857787,9978,17989.683677707424,33453.4995086507,33575.18148862499,37388,0.34021665538253215,0.33348159679750916,0.3373493975903614,0.3333333333333333,0.3333333333333333,0.3333333333333333,14.124073332079682,14.12407072872538,14.140574378650633,14.300000000000006,5.443687297790758e-15,5.329070518200751e-15,0,14.3,142.94220900000073
80,14.3,P2 fixed,p2,502,120,14935,5040,0.33746233679276866,0.3884393063583815,0.32245681381957775,9895,17820.08103507393,33133.606804559466,33253.660701169894,36981,0.33841166936790923,0.3340451837698101,0.34676600067727736,0.3333333333333333,0.3333333333333333,0.3333333333333333,14.124065608262491,14.124068668713354,14.140573984528638,14.300000000000006,5.443687297790758e-15,5.329070518200751e-15,0,14.3,158.4291249999951
80,14.3,P2 fixed,p2,503,120,15156,5040,0.332541567695962,0.3761194029850746,0.3169811320754717,10116,17964.210623287938,33417.76780661536,33541.59747224893,37348,0.33004602235371466,0.33150263620386644,0.3382059800664452,0.3333333333333333,0.3333333333333333,0.3333333333333333,14.124068757167366,14.124059618544576,14.140571038969147,14.300000000000006,5.443687297790758e-15,5.329070518200751e-15,0,14.3,192.09279100000276
80,14.3,P2 fixed,p2,504,120,14935,5040,0.33746233679276866,0.3772455089820359,0.32706035042180404,9895,17932.535418792635,33293.63277142498,33412.79793240957,37207,0.3381464069845534,0.3375097017407695,0.3366235534377127,0.3333333333333333,0.3333333333333333,0.3333333333333333,14.124072093772403,14.124072322963164,14.140574966541564,14.300000000000006,5.443687297790758e-15,5.329070518200751e-15,0,14.3,149.7925840000098
80,14.3,P2 fixed,p2,505,120,14696,5040,0.34295046271094176,0.37017994858611825,0.3325635103926097,9656,18007.21688498932,33423.25710495617,33544.19371986466,37259,0.3428863868986694,0.34209929721151666,0.345565749235474,0.3333333333333333,0.3333333333333333,0.3333333333333333,14.124067277781984,14.124072428793637,14.140574849071806,14.300000000000006,5.443687297790758e-15,5.329070518200751e-15,0,14.3,197.89633400000457
80,14.3,P2 fixed,p2,506,120,14887,5040,0.33855041311211126,0.37045203969129,0.3282318463041355,9847,18028.973007904533,33444.589588967596,33563.30979576479,37216,0.3473613894455578,0.33716170115988175,0.3339787028073572,0.3333333333333333,0.3333333333333333,0.3333333333333333,14.124061544597124,14.124058413839606,14.14057071186228,14.300000000000006,5.443687297790758e-15,5.329070518200751e-15,0,14.3,141.0511659999902
80,14.3,P2 fixed,p2,507,120,14932,5040,0.337530136619341,0.36495293265749457,0.32442870936594786,9892,18100.24583858927,33382.660322054544,33501.65873652105,37172,0.3266841072596468,0.33839235525576167,0.34608929170862707,0.3333333333333333,0.3333333333333333,0.3333333333333333,14.124069240405039,14.12407327956078,14.140575339492466,14.300000000000006,5.443687297790758e-15,5.329070518200751e-15,0,14.3,157.99937499999942
80,14.3,P2 fixed,p2,508,120,15103,5040,0.33370853472819967,0.3593582887700535,0.32411575562700967,10063,18334.0839320836,33685.403196830826,33806.13394430612,37543,0.3360845163420271,0.3323721858711323,0.33529604187111545,0.3333333333333333,0.3333333333333333,0.3333333333333333,14.124065940573946,14.124069976245837,14.140574150658445,14.300000000000006,5.443687297790758e-15,5.329070518200751e-15,0,14.3,189.9120419999963
80,14.3,P2 fixed,p2,509,120,15068,5040,0.3344836740111495,0.3795180722891566,0.3157894736842105,10028,17922.315626405583,33403.47075772675,33528.45841442441,37426,0.3166999334664005,0.3382271773926482,0.340992340992341,0.3333333333333333,0.3333333333333333,0.3333333333333333,14.124067253716845,14.124061754199497,14.140571534164955,14.300000000000006,5.443687297790758e-15,5.329070518200751e-15,0,14.3,149.17195799999172
80,14.3,P2 fixed,p2,510,120,15073,5040,0.3343727194320971,0.36882546652030734,0.3312520538941834,10033,18034.745863840228,33346.454528714814,33467.61030935217,37199,0.33277084036449545,0.33505664943350566,0.3338853925140775,0.3333333333333333,0.3333333333333333,0.3333333333333333,14.124063538847196,14.12407594008105,14.140575991369465,14.300000000000006,5.443687297790758e-15,5.329070518200751e-15,0,14.3,172.71966700001212
80,14.3,P2 fixed,p2,511,120,14783,5040,0.34093215179598185,0.3778110944527736,0.336,9743,17780.106316103673,32957.21278543592,33079.34247658827,36908,0.34734665747760163,0.3407859078590786,0.33520661157024795,0.3333333333333333,0.3333333333333333,0.3333333333333333,14.124069689165614,14.124076152601456,14.14057617195224,14.300000000000006,5.443687297790758e-15,5.329070518200751e-15,0,14.3,139.38304100000823
80,14.3,P2 fixed,p2,512,120,14929,5040,0.33759796369482215,0.3884393063583815,0.3260025873221216,9889,17639.56306546179,32920.106605374036,33042.3598805829,36844,0.32817446359479424,0.3415117174606667,0.334668001334668,0.3333333333333333,0.3333333333333333,0.3333333333333333,14.124064096337296,14.12406895224175,14.140573715349719,14.300000000000006,5.443687297790758e-15,5.329070518200751e-15,0,14.3,157.16949999998906
80,14.3,P2 fixed,p2,513,120,14926,5040,0.3376658180356425,0.3776695391532409,0.3285528031290743,9886,17749.8190124421,32837.58011941499,32959.287558626434,36690,0.33321882514599793,0.3432769367764915,0.325305179808644,0.3333333333333333,0.3333333333333333,0.3333333333333333,14.124069034986231,14.12406765903058,14.14057334814221,14.300000000000006,5.443687297790758e-15,5.329070518200751e-15,0,14.3,187.5243749999936
80,14.3,P2 fixed,p2,514,120,14983,5040,0.33638123206300474,0.37045203969129,0.3365609348914858,9943,18133.62292385479,33739.69541040042,33865.4855245953,37674,0.34102141680395387,0.3358150905656184,0.3333333333333333,0.3333333333333333,0.3333333333333333,0.3333333333333333,14.124070651112016,14.124060147185384,14.140571330963562,14.300000000000006,5.443687297790758e-15,5.329070518200751e-15,0,14.3,153.20154100000218
80,14.3,P2 fixed,p2,515,120,14802,5040,0.34049452776651806,0.37980406932931426,0.3380281690140845,9762,17874.863996093503,33121.19729785818,33240.386107903774,37086,0.3514237855946399,0.33827826477860196,0.33607399794450155,0.3333333333333333,0.3333333333333333,0.3333333333333333,14.12406576740176,14.124057336230749,14.140570241936551,14.300000000000006,5.443687297790758e-15,5.329070518200751e-15,0,14.3,168.46537499999977
80,14.3,P2 fixed,p2,516,120,14879,5040,0.3387324416963506,0.38037735849056603,0.3303834808259587,9839,17863.68930738671,33225.27162873831,33343.83734286359,37012,0.3336752136752137,0.34444074197489727,0.32633005760759065,0.3333333333333333,0.3333333333333333,0.3333333333333333,14.124068786789136,14.124076393078958,14.140576182290063,14.300000000000006,5.443687297790758e-15,5.329070518200751e-15,0,14.3,148.69666699999652
80,14.3,P2 fixed,p2,517,120,14968,5040,0.3367183324425441,0.3835616438356164,0.328125,9928,17846.932370659502,33270.85084665556,33395.324658401674,37252,0.3391447368421053,0.33721060284084553,0.3327753598928691,0.3333333333333333,0.3333333333333333,0.3333333333333333,14.124073474394118,14.124079855222575,14.140577193373487,14.300000000000006,5.443687297790758e-15,5.329070518200751e-15,0,14.3,155.24754199999734
80,14.3,P2 fixed,p2,518,120,15023,5040,0.33548558876389534,0.37555886736214605,0.3258971871968962,9983,17915.410870676882,33217.202170388344,33340.99602916523,37134,0.3371372676882948,0.3387258730335825,0.3240895422652857,0.3333333333333333,0.3333333333333333,0.3333333333333333,14.124069774635654,14.124072971070234,14.140575171898973,14.300000000000006,5.443687297790758e-15,5.329070518200751e-15,0,14.3,184.6660830000037
80,14.3,P2 fixed,p2,519,120,14890,5038,0.3383478844862324,0.3890177880897138,0.3240115718418515,9852,17633.354392238674,33014.024744596325,33137.16973246208,36925,0.34726793943383805,0.33724075743913434,0.3325503355704698,0.333465660976578,0.333267169511711,0.333267169511711,14.116808940496766,14.124078215703422,14.140576933297908,14.300000000000006,5.443687297790758e-15,5.329070518200751e-15,0,14.3,146.3229169999977
80,14.3,P2 fixed,p2,520,120,15146,5040,0.33276112504951805,0.38167360848163573,0.32390745501285345,10106,17896.875436937004,33293.12310149233,33419.64897587866,37288,0.3285293154274484,0.33564051856734783,0.32831828819792713,0.3333333333333333,0.3333333333333333,0.3333333333333333,14.124064191653495,14.124071500074175,14.140574632684249,14.300000000000006,5.443687297790758e-15,5.329070518200751e-15,0,14.3,172.09533300000476
80,14.3,P2 fixed,p2,521,120,15092,5040,0.3339517625231911,0.3729189789123196,0.33355393778954334,10052,17975.693567338272,33382.87699541457,33504.550580101124,37267,0.3373737373737374,0.3355313770744038,0.32583526298379095,0.3333333333333333,0.3333333333333333,0.3333333333333333,14.124066719811015,14.124064808028026,14.140572582139244,14.300000000000006,5.443687297790758e-15,5.329070518200751e-15,0,14.3,146.59529199999815
80,14.3,P2 fixed,p2,522,120,14972,5040,0.336628372962864,0.37168141592920356,0.3296272073250491,9932,18074.66949297018,33470.11228096951,33596.044763333746,37452,0.32681655262300424,0.33281613653995346,0.3590277777777778,0.3333333333333333,0.3333333333333333,0.3333333333333333,14.124065411334156,14.124070055664182,14.140574387045481,14.300000000000006,5.443687297790758e-15,5.329070518200751e-15,0,14.3,156.98958400000993
80,14.3,P2 fixed,p2,523,120,15011,5040,0.335753780560922,0.3788049605411499,0.3317972350230415,9971,17944.29271951454,33325.612970317554,33444.702444157214,37194,0.3336617405582923,0.33396268325188805,0.34334908845374745,0.3333333333333333,0.3333333333333333,0.3333333333333333,14.124066089389395,14.124054649211383,14.140569620199974,14.300000000000006,5.443687297790758e-15,5.329070518200751e-15,0,14.3,189.10450000000128
80,14.3,P2 fixed,p2,524,120,14954,5040,0.33703356961348135,0.3776695391532409,0.3356643356643357,9914,17961.155422907268,33279.0495208467,33400.00213663789,37189,0.33694181326116374,0.33085872576177283,0.35586949209552643,0.3333333333333333,0.3333333333333333,0.3333333333333333,14.124073867341203,14.12407159235583,14.140574808098117,14.300000000000006,5.443687297790758e-15,5.329070518200751e-15,0,14.3,146.4100829999952
80,14.3,P2 fixed,p2,525,120,15123,5040,0.3332672088871256,0.384586035864174,0.32101910828025476,10083,17807.518743682693,33064.46554871803,33185.88025940622,36846,0.3263639333551127,0.3338517942450839,0.3384514864423391,0.3333333333333333,0.3333333333333333,0.3333333333333333,14.1240751445316,14.124089973991298,14.140580478336796,14.300000000000006,5.443687297790758e-15,5.329070518200751e-15,0,14.3,164.72220899999957
80,14.3,P2 fixed,p2,526,120,15150,5040,0.3326732673267327,0.3773867465368776,0.32101910828025476,10110,18010.224499862696,33525.23921142873,33648.52669989086,37472,0.33484455958549225,0.33568670711527854,0.3213213213213213,0.3333333333333333,0.3333333333333333,0.3333333333333333,14.124069161297289,14.12405956940078,14.140570907754912,14.300000000000006,5.443687297790758e-15,5.329070518200751e-15,0,14.3,146.4601249999978
80,14.3,P2 fixed,p2,527,120,14897,5040,0.33832315231254617,0.37430375046416636,0.3416949152542373,9857,18020.235801703224,33498.568591402174,33621.02686882651,37496,0.328125,0.3390586660718269,0.3461667224640107,0.3333333333333333,0.3333333333333333,0.3333333333333333,14.124066975434488,14.124073667548615,14.140575416664694,14.300000000000006,5.443687297790758e-15,5.329070518200751e-15,0,14.3,154.062208000003
80,14.3,P2 fixed,p2,528,120,15067,5040,0.33450587376385477,0.38080846241027577,0.3190883190883191,10027,17858.144420110853,33191.441029490314,33313.6977246245,37046,0.3376195186284207,0.33449048152295635,0.3315077319587629,0.3333333333333333,0.3333333333333333,0.3333333333333333,14.124075709295195,14.124076153373942,14.140576263758158,14.300000000000006,5.443687297790758e-15,5.329070518200751e-15,0,14.3,183.30858300000546
80,14.3,P2 fixed,p2,529,120,14874,5040,0.33884630899556273,0.37264325323475045,0.34054054054054056,9834,17920.860802298223,33220.93562202336,33339.673492824135,36974,0.32983406705045715,0.3393796887246669,0.34615384615384615,0.3333333333333333,0.3333333333333333,0.3333333333333333,14.124066367671753,14.124066329538914,14.140572788747292,14.300000000000006,5.443687297790758e-15,5.329070518200751e-15,0,14.3,144.3399999999965
80,14.3,P2 fixed,p2,530,120,15004,5040,0.33591042388696346,0.3745819397993311,0.3115919629057187,9964,17929.451333289344,33350.28994608907,33471.50496870092,37235,0.34368803701255785,0.33801866636680533,0.32220421393841164,0.3333333333333333,0.3333333333333333,0.3333333333333333,14.124069916366887,14.124075397891426,14.140575992258674,14.300000000000006,5.443687297790758e-15,5.329070518200751e-15,0,14.3,163.94899999999325
80,14.35,P2 fixed,p2,501,120,15018,5040,0.3355972832600879,0.37597911227154046,0.32505643340857787,9978,17989.683677707424,33453.4995086507,33575.18148862499,37388,0.34021665538253215,0.33348159679750916,0.3373493975903614,0.3333333333333333,0.3333333333333333,0.3333333333333333,14.124073332079682,14.12407072872538,14.140574378650633,14.350000000000003,3.629124865193839e-15,3.552713678800501e-15,0,14.35,144.8732089999976
80,14.35,P2 fixed,p2,502,120,14935,5040,0.33746233679276866,0.3884393063583815,0.32245681381957775,9895,17820.08103507393,33133.606804559466,33253.660701169894,36981,0.33841166936790923,0.3340451837698101,0.34676600067727736,0.3333333333333333,0.3333333333333333,0.3333333333333333,14.124065608262491,14.124068668713354,14.140573984528638,14.350000000000003,3.629124865193839e-15,3.552713678800501e-15,0,14.35,153.01283399999375
80,14.35,P2 fixed,p2,503,120,15156,5040,0.332541567695962,0.3761194029850746,0.3169811320754717,10116,17964.210623287938,33417.76780661536,33541.59747224893,37348,0.33004602235371466,0.33150263620386644,0.3382059800664452,0.3333333333333333,0.3333333333333333,0.3333333333333333,14.124068757167366,14.124059618544576,14.140571038969147,14.350000000000003,3.629124865193839e-15,3.552713678800501e-15,0,14.35,182.31274999999732
80,14.35,P2 fixed,p2,504,120,14935,5040,0.33746233679276866,0.3772455089820359,0.32706035042180404,9895,17932.535418792635,33293.63277142498,33412.79793240957,37207,0.3381464069845534,0.3375097017407695,0.3366235534377127,0.3333333333333333,0.3333333333333333,0.3333333333333333,14.124072093772403,14.124072322963164,14.140574966541564,14.350000000000003,3.629124865193839e-15,3.552713678800501e-15,0,14.35,143.88266600000497
80,14.35,P2 fixed,p2,505,120,14696,5040,0.34295046271094176,0.37017994858611825,0.3325635103926097,9656,18007.21688498932,33423.25710495617,33544.19371986466,37259,0.3428863868986694,0.34209929721151666,0.345565749235474,0.3333333333333333,0.3333333333333333,0.3333333333333333,14.124067277781984,14.124072428793637,14.140574849071806,14.350000000000003,3.629124865193839e-15,3.552713678800501e-15,0,14.35,352.50700000001234
80,14.35,P2 fixed,p2,506,120,14887,5040,0.33855041311211126,0.37045203969129,0.3282318463041355,9847,18028.973007904533,33444.589588967596,33563.30979576479,37216,0.3473613894455578,0.33716170115988175,0.3339787028073572,0.3333333333333333,0.3333333333333333,0.3333333333333333,14.124061544597124,14.124058413839606,14.14057071186228,14.350000000000003,3.629124865193839e-15,3.552713678800501e-15,0,14.35,196.57537500000035
80,14.35,P2 fixed,p2,507,120,14932,5040,0.337530136619341,0.36495293265749457,0.32442870936594786,9892,18100.24583858927,33382.660322054544,33501.65873652105,37172,0.3266841072596468,0.33839235525576167,0.34608929170862707,0.3333333333333333,0.3333333333333333,0.3333333333333333,14.124069240405039,14.12407327956078,14.140575339492466,14.350000000000003,3.629124865193839e-15,3.552713678800501e-15,0,14.35,206.31687500000407
80,14.35,P2 fixed,p2,508,120,15103,5040,0.33370853472819967,0.3593582887700535,0.32411575562700967,10063,18334.0839320836,33685.403196830826,33806.13394430612,37543,0.3360845163420271,0.3323721858711323,0.33529604187111545,0.3333333333333333,0.3333333333333333,0.3333333333333333,14.124065940573946,14.124069976245837,14.140574150658445,14.350000000000003,3.629124865193839e-15,3.552713678800501e-15,0,14.35,151.75912499999686
80,14.35,P2 fixed,p2,509,120,15068,5040,0.3344836740111495,0.3795180722891566,0.3157894736842105,10028,17922.315626405583,33403.47075772675,33528.45841442441,37426,0.3166999334664005,0.3382271773926482,0.340992340992341,0.3333333333333333,0.3333333333333333,0.3333333333333333,14.124067253716845,14.124061754199497,14.140571534164955,14.350000000000003,3.629124865193839e-15,3.552713678800501e-15,0,14.35,188.59900000000198
80,14.35,P2 fixed,p2,510,120,15073,5040,0.3343727194320971,0.36882546652030734,0.3312520538941834,10033,18034.745863840228,33346.454528714814,33467.61030935217,37199,0.33277084036449545,0.33505664943350566,0.3338853925140775,0.3333333333333333,0.3333333333333333,0.3333333333333333,14.124063538847196,14.12407594008105,14.140575991369465,14.350000000000003,3.629124865193839e-15,3.552713678800501e-15,0,14.35,144.48566700000083
80,14.35,P2 fixed,p2,511,120,14783,5040,0.34093215179598185,0.3778110944527736,0.336,9743,17780.106316103673,32957.21278543592,33079.34247658827,36908,0.34734665747760163,0.3407859078590786,0.33520661157024795,0.3333333333333333,0.3333333333333333,0.3333333333333333,14.124069689165614,14.124076152601456,14.14057617195224,14.350000000000003,3.629124865193839e-15,3.552713678800501e-15,0,14.35,157.5274999999965
80,14.35,P2 fixed,p2,512,120,14929,5040,0.33759796369482215,0.3884393063583815,0.3260025873221216,9889,17639.56306546179,32920.106605374036,33042.3598805829,36844,0.32817446359479424,0.3415117174606667,0.334668001334668,0.3333333333333333,0.3333333333333333,0.3333333333333333,14.124064096337296,14.12406895224175,14.140573715349719,14.350000000000003,3.629124865193839e-15,3.552713678800501e-15,0,14.35,186.43683299999975
80,14.35,P2 fixed,p2,513,120,14926,5040,0.3376658180356425,0.3776695391532409,0.3285528031290743,9886,17749.8190124421,32837.58011941499,32959.287558626434,36690,0.33321882514599793,0.3432769367764915,0.325305179808644,0.3333333333333333,0.3333333333333333,0.3333333333333333,14.124069034986231,14.12406765903058,14.14057334814221,14.350000000000003,3.629124865193839e-15,3.552713678800501e-15,0,14.35,145.88962499999616
80,14.35,P2 fixed,p2,514,120,14983,5040,0.33638123206300474,0.37045203969129,0.3365609348914858,9943,18133.62292385479,33739.69541040042,33865.4855245953,37674,0.34102141680395387,0.3358150905656184,0.3333333333333333,0.3333333333333333,0.3333333333333333,0.3333333333333333,14.124070651112016,14.124060147185384,14.140571330963562,14.350000000000003,3.629124865193839e-15,3.552713678800501e-15,0,14.35,170.11079099999915
80,14.35,P2 fixed,p2,515,120,14802,5040,0.34049452776651806,0.37980406932931426,0.3380281690140845,9762,17874.863996093503,33121.19729785818,33240.386107903774,37086,0.3514237855946399,0.33827826477860196,0.33607399794450155,0.3333333333333333,0.3333333333333333,0.3333333333333333,14.12406576740176,14.124057336230749,14.140570241936551,14.350000000000003,3.629124865193839e-15,3.552713678800501e-15,0,14.35,139.13212500000373
80,14.35,P2 fixed,p2,516,120,14879,5040,0.3387324416963506,0.38037735849056603,0.3303834808259587,9839,17863.68930738671,33225.27162873831,33343.83734286359,37012,0.3336752136752137,0.34444074197489727,0.32633005760759065,0.3333333333333333,0.3333333333333333,0.3333333333333333,14.124068786789136,14.124076393078958,14.140576182290063,14.350000000000003,3.629124865193839e-15,3.552713678800501e-15,0,14.35,154.12712499999907
80,14.35,P2 fixed,p2,517,120,14968,5040,0.3367183324425441,0.3835616438356164,0.328125,9928,17846.932370659502,33270.85084665556,33395.324658401674,37252,0.3391447368421053,0.33721060284084553,0.3327753598928691,0.3333333333333333,0.3333333333333333,0.3333333333333333,14.124073474394118,14.124079855222575,14.140577193373487,14.350000000000003,3.629124865193839e-15,3.552713678800501e-15,0,14.35,184.06341700001212
80,14.35,P2 fixed,p2,518,120,15023,5040,0.33548558876389534,0.37555886736214605,0.3258971871968962,9983,17915.410870676882,33217.202170388344,33340.99602916523,37134,0.3371372676882948,0.3387258730335825,0.3240895422652857,0.3333333333333333,0.3333333333333333,0.3333333333333333,14.124069774635654,14.124072971070234,14.140575171898973,14.350000000000003,3.629124865193839e-15,3.552713678800501e-15,0,14.35,146.52283299999544
80,14.35,P2 fixed,p2,519,120,14890,5038,0.3383478844862324,0.3890177880897138,0.3240115718418515,9852,17633.354392238674,33014.024744596325,33137.16973246208,36925,0.34726793943383805,0.33724075743913434,0.3325503355704698,0.333465660976578,0.333267169511711,0.333267169511711,14.116808940496766,14.124078215703422,14.140576933297908,14.350000000000003,3.629124865193839e-15,3.552713678800501e-15,0,14.35,163.90320800000336
80,14.35,P2 fixed,p2,520,120,15146,5040,0.33276112504951805,0.38167360848163573,0.32390745501285345,10106,17896.875436937004,33293.12310149233,33419.64897587866,37288,0.3285293154274484,0.33564051856734783,0.32831828819792713,0.3333333333333333,0.3333333333333333,0.3333333333333333,14.124064191653495,14.124071500074175,14.140574632684249,14.350000000000003,3.629124865193839e-15,3.552713678800501e-15,0,14.35,151.30291700000816
80,14.35,P2 fixed,p2,521,120,15092,5040,0.3339517625231911,0.3729189789123196,0.33355393778954334,10052,17975.693567338272,33382.87699541457,33504.550580101124,37267,0.3373737373737374,0.3355313770744038,0.32583526298379095,0.3333333333333333,0.3333333333333333,0.3333333333333333,14.124066719811015,14.124064808028026,14.140572582139244,14.350000000000003,3.629124865193839e-15,3.552713678800501e-15,0,14.35,155.70149999999558
80,14.35,P2 fixed,p2,522,120,14972,5040,0.336628372962864,0.37168141592920356,0.3296272073250491,9932,18074.66949297018,33470.11228096951,33596.044763333746,37452,0.32681655262300424,0.33281613653995346,0.3590277777777778,0.3333333333333333,0.3333333333333333,0.3333333333333333,14.124065411334156,14.124070055664182,14.140574387045481,14.350000000000003,3.629124865193839e-15,3.552713678800501e-15,0,14.35,184.66020900000876
80,14.35,P2 fixed,p2,523,120,15011,5040,0.335753780560922,0.3788049605411499,0.3317972350230415,9971,17944.29271951454,33325.612970317554,33444.702444157214,37194,0.3336617405582923,0.33396268325188805,0.34334908845374745,0.3333333333333333,0.3333333333333333,0.3333333333333333,14.124066089389395,14.124054649211383,14.140569620199974,14.350000000000003,3.629124865193839e-15,3.552713678800501e-15,0,14.35,155.91312499999185
80,14.35,P2 fixed,p2,524,120,14954,5040,0.33703356961348135,0.3776695391532409,0.3356643356643357,9914,17961.155422907268,33279.0495208467,33400.00213663789,37189,0.33694181326116374,0.33085872576177283,0.35586949209552643,0.3333333333333333,0.3333333333333333,0.3333333333333333,14.124073867341203,14.12407159235583,14.140574808098117,14.350000000000003,3.629124865193839e-15,3.552713678800501e-15,0,14.35,167.6530000000057
80,14.35,P2 fixed,p2,525,120,15123,5040,0.3332672088871256,0.384586035864174,0.32101910828025476,10083,17807.518743682693,33064.46554871803,33185.88025940622,36846,0.3263639333551127,0.3338517942450839,0.3384514864423391,0.3333333333333333,0.3333333333333333,0.3333333333333333,14.1240751445316,14.124089973991298,14.140580478336796,14.350000000000003,3.629124865193839e-15,3.552713678800501e-15,0,14.35,146.16591600001266
80,14.35,P2 fixed,p2,526,120,15150,5040,0.3326732673267327,0.3773867465368776,0.32101910828025476,10110,18010.224499862696,33525.23921142873,33648.52669989086,37472,0.33484455958549225,0.33568670711527854,0.3213213213213213,0.3333333333333333,0.3333333333333333,0.3333333333333333,14.124069161297289,14.12405956940078,14.140570907754912,14.350000000000003,3.629124865193839e-15,3.552713678800501e-15,0,14.35,159.23300000000745
80,14.35,P2 fixed,p2,527,120,14897,5040,0.33832315231254617,0.37430375046416636,0.3416949152542373,9857,18020.235801703224,33498.568591402174,33621.02686882651,37496,0.328125,0.3390586660718269,0.3461667224640107,0.3333333333333333,0.3333333333333333,0.3333333333333333,14.124066975434488,14.124073667548615,14.140575416664694,14.350000000000003,3.629124865193839e-15,3.552713678800501e-15,0,14.35,215.79587499999616
80,14.35,P2 fixed,p2,528,120,15067,5040,0.33450587376385477,0.38080846241027577,0.3190883190883191,10027,17858.144420110853,33191.441029490314,33313.6977246245,37046,0.3376195186284207,0.33449048152295635,0.3315077319587629,0.3333333333333333,0.3333333333333333,0.3333333333333333,14.124075709295195,14.124076153373942,14.140576263758158,14.350000000000003,3.629124865193839e-15,3.552713678800501e-15,0,14.35,147.3237080000108
80,14.35,P2 fixed,p2,529,120,14874,5040,0.33884630899556273,0.37264325323475045,0.34054054054054056,9834,17920.860802298223,33220.93562202336,33339.673492824135,36974,0.32983406705045715,0.3393796887246669,0.34615384615384615,0.3333333333333333,0.3333333333333333,0.3333333333333333,14.124066367671753,14.124066329538914,14.140572788747292,14.350000000000003,3.629124865193839e-15,3.552713678800501e-15,0,14.35,169.52179199999955
80,14.35,P2 fixed,p2,530,120,15004,5040,0.33591042388696346,0.3745819397993311,0.3115919629057187,9964,17929.451333289344,33350.28994608907,33471.50496870092,37235,0.34368803701255785,0.33801866636680533,0.32220421393841164,0.3333333333333333,0.3333333333333333,0.3333333333333333,14.124069916366887,14.124075397891426,14.140575992258674,14.350000000000003,3.629124865193839e-15,3.552713678800501e-15,0,14.35,143.33733300000313
80,14.4,P2 fixed,p2,501,120,15018,5040,0.3355972832600879,0.37597911227154046,0.32505643340857787,9978,17989.683677707424,33453.4995086507,33575.18148862499,37388,0.34021665538253215,0.33348159679750916,0.3373493975903614,0.3333333333333333,0.3333333333333333,0.3333333333333333,14.124073332079682,14.12407072872538,14.140574378650633,14.399999999999997,3.629124865193839e-15,-3.552713678800501e-15,0,14.4,154.18608300000778
80,14.4,P2 fixed,p2,502,120,14935,5040,0.33746233679276866,0.3884393063583815,0.32245681381957775,9895,17820.08103507393,33133.606804559466,33253.660701169894,36981,0.33841166936790923,0.3340451837698101,0.34676600067727736,0.3333333333333333,0.3333333333333333,0.3333333333333333,14.124065608262491,14.124068668713354,14.140573984528638,14.399999999999997,3.629124865193839e-15,-3.552713678800501e-15,0,14.4,178.989459000004
80,14.4,P2 fixed,p2,503,120,15156,5040,0.332541567695962,0.3761194029850746,0.3169811320754717,10116,17964.210623287938,33417.76780661536,33541.59747224893,37348,0.33004602235371466,0.33150263620386644,0.3382059800664452,0.3333333333333333,0.3333333333333333,0.3333333333333333,14.124068757167366,14.124059618544576,14.140571038969147,14.399999999999997,3.629124865193839e-15,-3.552713678800501e-15,0,14.4,148.65166699999827
80,14.4,P2 fixed,p2,504,120,14935,5040,0.33746233679276866,0.3772455089820359,0.32706035042180404,9895,17932.535418792635,33293.63277142498,33412.79793240957,37207,0.3381464069845534,0.3375097017407695,0.3366235534377127,0.3333333333333333,0.3333333333333333,0.3333333333333333,14.124072093772403,14.124072322963164,14.140574966541564,14.399999999999997,3.629124865193839e-15,-3.552713678800501e-15,0,14.4,163.1770000000106
80,14.4,P2 fixed,p2,505,120,14696,5040,0.34295046271094176,0.37017994858611825,0.3325635103926097,9656,18007.21688498932,33423.25710495617,33544.19371986466,37259,0.3428863868986694,0.34209929721151666,0.345565749235474,0.3333333333333333,0.3333333333333333,0.3333333333333333,14.124067277781984,14.124072428793637,14.140574849071806,14.399999999999997,3.629124865193839e-15,-3.552713678800501e-15,0,14.4,161.0206249999901
80,14.4,P2 fixed,p2,506,120,14887,5040,0.33855041311211126,0.37045203969129,0.3282318463041355,9847,18028.973007904533,33444.589588967596,33563.30979576479,37216,0.3473613894455578,0.33716170115988175,0.3339787028073572,0.3333333333333333,0.3333333333333333,0.3333333333333333,14.124061544597124,14.124058413839606,14.14057071186228,14.399999999999997,3.629124865193839e-15,-3.552713678800501e-15,0,14.4,149.98120900000504
80,14.4,P2 fixed,p2,507,120,14932,5040,0.337530136619341,0.36495293265749457,0.32442870936594786,9892,18100.24583858927,33382.660322054544,33501.65873652105,37172,0.3266841072596468,0.33839235525576167,0.34608929170862707,0.3333333333333333,0.3333333333333333,0.3333333333333333,14.124069240405039,14.12407327956078,14.140575339492466,14.399999999999997,3.629124865193839e-15,-3.552713678800501e-15,0,14.4,176.07691600000544
80,14.4,P2 fixed,p2,508,120,15103,5040,0.33370853472819967,0.3593582887700535,0.32411575562700967,10063,18334.0839320836,33685.403196830826,33806.13394430612,37543,0.3360845163420271,0.3323721858711323,0.33529604187111545,0.3333333333333333,0.3333333333333333,0.3333333333333333,14.124065940573946,14.124069976245837,14.140574150658445,14.399999999999997,3.629124865193839e-15,-3.552713678800501e-15,0,14.4,144.14949999999953
80,14.4,P2 fixed,p2,509,120,15068,5040,0.3344836740111495,0.3795180722891566,0.3157894736842105,10028,17922.315626405583,33403.47075772675,33528.45841442441,37426,0.3166999334664005,0.3382271773926482,0.340992340992341,0.3333333333333333,0.3333333333333333,0.3333333333333333,14.124067253716845,14.124061754199497,14.140571534164955,14.399999999999997,3.629124865193839e-15,-3.552713678800501e-15,0,14.4,162.06091699999524
80,14.4,P2 fixed,p2,510,120,15073,5040,0.3343727194320971,0.36882546652030734,0.3312520538941834,10033,18034.745863840228,33346.454528714814,33467.61030935217,37199,0.33277084036449545,0.33505664943350566,0.3338853925140775,0.3333333333333333,0.3333333333333333,0.3333333333333333,14.124063538847196,14.12407594008105,14.140575991369465,14.399999999999997,3.629124865193839e-15,-3.552713678800501e-15,0,14.4,196.5547499999957
80,14.4,P2 fixed,p2,511,120,14783,5040,0.34093215179598185,0.3778110944527736,0.336,9743,17780.106316103673,32957.21278543592,33079.34247658827,36908,0.34734665747760163,0.3407859078590786,0.33520661157024795,0.3333333333333333,0.3333333333333333,0.3333333333333333,14.124069689165614,14.124076152601456,14.14057617195224,14.399999999999997,3.629124865193839e-15,-3.552713678800501e-15,0,14.4,147.62958300000173
80,14.4,P2 fixed,p2,512,120,14929,5040,0.33759796369482215,0.3884393063583815,0.3260025873221216,9889,17639.56306546179,32920.106605374036,33042.3598805829,36844,0.32817446359479424,0.3415117174606667,0.334668001334668,0.3333333333333333,0.3333333333333333,0.3333333333333333,14.124064096337296,14.12406895224175,14.140573715349719,14.399999999999997,3.629124865193839e-15,-3.552713678800501e-15,0,14.4,174.6883749999979
80,14.4,P2 fixed,p2,513,120,14926,5040,0.3376658180356425,0.3776695391532409,0.3285528031290743,9886,17749.8190124421,32837.58011941499,32959.287558626434,36690,0.33321882514599793,0.3432769367764915,0.325305179808644,0.3333333333333333,0.3333333333333333,0.3333333333333333,14.124069034986231,14.12406765903058,14.14057334814221,14.399999999999997,3.629124865193839e-15,-3.552713678800501e-15,0,14.4,140.8006250000035
80,14.4,P2 fixed,p2,514,120,14983,5040,0.33638123206300474,0.37045203969129,0.3365609348914858,9943,18133.62292385479,33739.69541040042,33865.4855245953,37674,0.34102141680395387,0.3358150905656184,0.3333333333333333,0.3333333333333333,0.3333333333333333,0.3333333333333333,14.124070651112016,14.124060147185384,14.140571330963562,14.399999999999997,3.629124865193839e-15,-3.552713678800501e-15,0,14.4,161.3945839999942
80,14.4,P2 fixed,p2,515,120,14802,5040,0.34049452776651806,0.37980406932931426,0.3380281690140845,9762,17874.863996093503,33121.19729785818,33240.386107903774,37086,0.3514237855946399,0.33827826477860196,0.33607399794450155,0.3333333333333333,0.3333333333333333,0.3333333333333333,14.12406576740176,14.124057336230749,14.140570241936551,14.399999999999997,3.629124865193839e-15,-3.552713678800501e-15,0,14.4,190.59749999998894
80,14.4,P2 fixed,p2,516,120,14879,5040,0.3387324416963506,0.38037735849056603,0.3303834808259587,9839,17863.68930738671,33225.27162873831,33343.83734286359,37012,0.3336752136752137,0.34444074197489727,0.32633005760759065,0.3333333333333333,0.3333333333333333,0.3333333333333333,14.124068786789136,14.124076393078958,14.140576182290063,14.399999999999997,3.629124865193839e-15,-3.552713678800501e-15,0,14.4,148.78445900000224
80,14.4,P2 fixed,p2,517,120,14968,5040,0.3367183324425441,0.3835616438356164,0.328125,9928,17846.932370659502,33270.85084665556,33395.324658401674,37252,0.3391447368421053,0.33721060284084553,0.3327753598928691,0.3333333333333333,0.3333333333333333,0.3333333333333333,14.124073474394118,14.124079855222575,14.140577193373487,14.399999999999997,3.629124865193839e-15,-3.552713678800501e-15,0,14.4,182.67329199999222
80,14.4,P2 fixed,p2,518,120,15023,5040,0.33548558876389534,0.37555886736214605,0.3258971871968962,9983,17915.410870676882,33217.202170388344,33340.99602916523,37134,0.3371372676882948,0.3387258730335825,0.3240895422652857,0.3333333333333333,0.3333333333333333,0.3333333333333333,14.124069774635654,14.124072971070234,14.140575171898973,14.399999999999997,3.629124865193839e-15,-3.552713678800501e-15,0,14.4,168.00599999999395
80,14.4,P2 fixed,p2,519,120,14890,5038,0.3383478844862324,0.3890177880897138,0.3240115718418515,9852,17633.354392238674,33014.024744596325,33137.16973246208,36925,0.34726793943383805,0.33724075743913434,0.3325503355704698,0.333465660976578,0.333267169511711,0.333267169511711,14.116808940496766,14.124078215703422,14.140576933297908,14.399999999999997,3.629124865193839e-15,-3.552713678800501e-15,0,14.4,193.34233400000085
80,14.4,P2 fixed,p2,520,120,15146,5040,0.33276112504951805,0.38167360848163573,0.32390745501285345,10106,17896.875436937004,33293.12310149233,33419.64897587866,37288,0.3285293154274484,0.33564051856734783,0.32831828819792713,0.3333333333333333,0.3333333333333333,0.3333333333333333,14.124064191653495,14.124071500074175,14.140574632684249,14.399999999999997,3.629124865193839e-15,-3.552713678800501e-15,0,14.4,201.50424999999814
80,14.4,P2 fixed,p2,521,120,15092,5040,0.3339517625231911,0.3729189789123196,0.33355393778954334,10052,17975.693567338272,33382.87699541457,33504.550580101124,37267,0.3373737373737374,0.3355313770744038,0.32583526298379095,0.3333333333333333,0.3333333333333333,0.3333333333333333,14.124066719811015,14.124064808028026,14.140572582139244,14.399999999999997,3.629124865193839e-15,-3.552713678800501e-15,0,14.4,149.22316700000374
80,14.4,P2 fixed,p2,522,120,14972,5040,0.336628372962864,0.37168141592920356,0.3296272073250491,9932,18074.66949297018,33470.11228096951,33596.044763333746,37452,0.32681655262300424,0.33281613653995346,0.3590277777777778,0.3333333333333333,0.3333333333333333,0.3333333333333333,14.124065411334156,14.124070055664182,14.140574387045481,14.399999999999997,3.629124865193839e-15,-3.552713678800501e-15,0,14.4,172.64520900000934
80,14.4,P2 fixed,p2,523,120,15011,5040,0.335753780560922,0.3788049605411499,0.3317972350230415,9971,17944.29271951454,33325.612970317554,33444.702444157214,37194,0.3336617405582923,0.33396268325188805,0.34334908845374745,0.3333333333333333,0.3333333333333333,0.3333333333333333,14.124066089389395,14.124054649211383,14.140569620199974,14.399999999999997,3.629124865193839e-15,-3.552713678800501e-15,0,14.4,141.14183299998695
80,14.4,P2 fixed,p2,524,120,14954,5040,0.33703356961348135,0.3776695391532409,0.3356643356643357,9914,17961.155422907268,33279.0495208467,33400.00213663789,37189,0.33694181326116374,0.33085872576177283,0.35586949209552643,0.3333333333333333,0.3333333333333333,0.3333333333333333,14.124073867341203,14.12407159235583,14.140574808098117,14.399999999999997,3.629124865193839e-15,-3.552713678800501e-15,0,14.4,156.43191600000137
80,14.4,P2 fixed,p2,525,120,15123,5040,0.3332672088871256,0.384586035864174,0.32101910828025476,10083,17807.518743682693,33064.46554871803,33185.88025940622,36846,0.3263639333551127,0.3338517942450839,0.3384514864423391,0.3333333333333333,0.3333333333333333,0.3333333333333333,14.1240751445316,14.124089973991298,14.140580478336796,14.399999999999997,3.629124865193839e-15,-3.552713678800501e-15,0,14.4,192.37099999999919
80,14.4,P2 fixed,p2,526,120,15150,5040,0.3326732673267327,0.3773867465368776,0.32101910828025476,10110,18010.224499862696,33525.23921142873,33648.52669989086,37472,0.33484455958549225,0.33568670711527854,0.3213213213213213,0.3333333333333333,0.3333333333333333,0.3333333333333333,14.124069161297289,14.12405956940078,14.140570907754912,14.399999999999997,3.629124865193839e-15,-3.552713678800501e-15,0,14.4,148.99558399998932
80,14.4,P2 fixed,p2,527,120,14897,5040,0.33832315231254617,0.37430375046416636,0.3416949152542373,9857,18020.235801703224,33498.568591402174,33621.02686882651,37496,0.328125,0.3390586660718269,0.3461667224640107,0.3333333333333333,0.3333333333333333,0.3333333333333333,14.124066975434488,14.124073667548615,14.140575416664694,14.399999999999997,3.629124865193839e-15,-3.552713678800501e-15,0,14.4,170.2204589999892
80,14.4,P2 fixed,p2,528,120,15067,5040,0.33450587376385477,0.38080846241027577,0.3190883190883191,10027,17858.144420110853,33191.441029490314,33313.6977246245,37046,0.3376195186284207,0.33449048152295635,0.3315077319587629,0.3333333333333333,0.3333333333333333,0.3333333333333333,14.124075709295195,14.124076153373942,14.140576263758158,14.399999999999997,3.629124865193839e-15,-3.552713678800501e-15,0,14.4,140.84962500000256
80,14.4,P2 fixed,p2,529,120,14874,5040,0.33884630899556273,0.37264325323475045,0.34054054054054056,9834,17920.860802298223,33220.93562202336,33339.673492824135,36974,0.32983406705045715,0.3393796887246669,0.34615384615384615,0.3333333333333333,0.3333333333333333,0.3333333333333333,14.124066367671753,14.124066329538914,14.140572788747292,14.399999999999997,3.629124865193839e-15,-3.552713678800501e-15,0,14.4,156.1765000000014
80,14.4,P2 fixed,p2,530,120,15004,5040,0.33591042388696346,0.3745819397993311,0.3115919629057187,9964,17929.451333289344,33350.28994608907,33471.50496870092,37235,0.34368803701255785,0.33801866636680533,0.32220421393841164,0.3333333333333333,0.3333333333333333,0.3333333333333333,14.124069916366887,14.124075397891426,14.140575992258674,14.399999999999997,3.629124865193839e-15,-3.552713678800501e-15,0,14.4,184.72999999999593
80,14.5,P2 fixed,p2,501,120,15018,5040,0.3355972832600879,0.37597911227154046,0.32505643340857787,9978,17989.683677707424,33453.4995086507,33575.18148862499,37388,0.34021665538253215,0.33348159679750916,0.3373493975903614,0.3333333333333333,0.3333333333333333,0.3333333333333333,14.124073332079682,14.12407072872538,14.140574378650633,14.5,0,0,0,14.5,146.68045900001016
80,14.5,P2 fixed,p2,502,120,14935,5040,0.33746233679276866,0.3884393063583815,0.32245681381957775,9895,17820.08103507393,33133.606804559466,33253.660701169894,36981,0.33841166936790923,0.3340451837698101,0.34676600067727736,0.3333333333333333,0.3333333333333333,0.3333333333333333,14.124065608262491,14.124068668713354,14.140573984528638,14.5,0,0,0,14.5,166.10312500000873
80,14.5,P2 fixed,p2,503,120,15156,5040,0.332541567695962,0.3761194029850746,0.3169811320754717,10116,17964.210623287938,33417.76780661536,33541.59747224893,37348,0.33004602235371466,0.33150263620386644,0.3382059800664452,0.3333333333333333,0.3333333333333333,0.3333333333333333,14.124068757167366,14.124059618544576,14.140571038969147,14.5,0,0,0,14.5,139.6327500000043
80,14.5,P2 fixed,p2,504,120,14935,5040,0.33746233679276866,0.3772455089820359,0.32706035042180404,9895,17932.535418792635,33293.63277142498,33412.79793240957,37207,0.3381464069845534,0.3375097017407695,0.3366235534377127,0.3333333333333333,0.3333333333333333,0.3333333333333333,14.124072093772403,14.124072322963164,14.140574966541564,14.5,0,0,0,14.5,154.85279099999752
80,14.5,P2 fixed,p2,505,120,14696,5040,0.34295046271094176,0.37017994858611825,0.3325635103926097,9656,18007.21688498932,33423.25710495617,33544.19371986466,37259,0.3428863868986694,0.34209929721151666,0.345565749235474,0.3333333333333333,0.3333333333333333,0.3333333333333333,14.124067277781984,14.124072428793637,14.140574849071806,14.5,0,0,0,14.5,200.3887079999986
80,14.5,P2 fixed,p2,506,120,14887,5040,0.33855041311211126,0.37045203969129,0.3282318463041355,9847,18028.973007904533,33444.589588967596,33563.30979576479,37216,0.3473613894455578,0.33716170115988175,0.3339787028073572,0.3333333333333333,0.3333333333333333,0.3333333333333333,14.124061544597124,14.124058413839606,14.14057071186228,14.5,0,0,0,14.5,145.9547920000041
80,14.5,P2 fixed,p2,507,120,14932,5040,0.337530136619341,0.36495293265749457,0.32442870936594786,9892,18100.24583858927,33382.660322054544,33501.65873652105,37172,0.3266841072596468,0.33839235525576167,0.34608929170862707,0.3333333333333333,0.3333333333333333,0.3333333333333333,14.124069240405039,14.12407327956078,14.140575339492466,14.5,0,0,0,14.5,166.88524999999208
80,14.5,P2 fixed,p2,508,120,15103,5040,0.33370853472819967,0.3593582887700535,0.32411575562700967,10063,18334.0839320836,33685.403196830826,33806.13394430612,37543,0.3360845163420271,0.3323721858711323,0.33529604187111545,0.3333333333333333,0.3333333333333333,0.3333333333333333,14.124065940573946,14.124069976245837,14.140574150658445,14.5,0,0,0,14.5,147.5001670000056
80,14.5,P2 fixed,p2,509,120,15068,5040,0.3344836740111495,0.3795180722891566,0.3157894736842105,10028,17922.315626405583,33403.47075772675,33528.45841442441,37426,0.3166999334664005,0.3382271773926482,0.340992340992341,0.3333333333333333,0.3333333333333333,0.3333333333333333,14.124067253716845,14.124061754199497,14.140571534164955,14.5,0,0,0,14.5,155.42287500000384
80,14.5,P2 fixed,p2,510,120,15073,5040,0.3343727194320971,0.36882546652030734,0.3312520538941834,10033,18034.745863840228,33346.454528714814,33467.61030935217,37199,0.33277084036449545,0.33505664943350566,0.3338853925140775,0.3333333333333333,0.3333333333333333,0.3333333333333333,14.124063538847196,14.12407594008105,14.140575991369465,14.5,0,0,0,14.5,186.85916700000234
80,14.5,P2 fixed,p2,511,120,14783,5040,0.34093215179598185,0.3778110944527736,0.336,9743,17780.106316103673,32957.21278543592,33079.34247658827,36908,0.34734665747760163,0.3407859078590786,0.33520661157024795,0.3333333333333333,0.3333333333333333,0.3333333333333333,14.124069689165614,14.124076152601456,14.14057617195224,14.5,0,0,0,14.5,144.41333300000406
80,14.5,P2 fixed,p2,512,120,14929,5040,0.33759796369482215,0.3884393063583815,0.3260025873221216,9889,17639.56306546179,32920.106605374036,33042.3598805829,36844,0.32817446359479424,0.3415117174606667,0.334668001334668,0.3333333333333333,0.3333333333333333,0.3333333333333333,14.124064096337296,14.12406895224175,14.140573715349719,14.5,0,0,0,14.5,163.84895900000993
80,14.5,P2 fixed,p2,513,120,14926,5040,0.3376658180356425,0.3776695391532409,0.3285528031290743,9886,17749.8190124421,32837.58011941499,32959.287558626434,36690,0.33321882514599793,0.3432769367764915,0.325305179808644,0.3333333333333333,0.3333333333333333,0.3333333333333333,14.124069034986231,14.12406765903058,14.14057334814221,14.5,0,0,0,14.5,140.72699999999895
80,14.5,P2 fixed,p2,514,120,14983,5040,0.33638123206300474,0.37045203969129,0.3365609348914858,9943,18133.62292385479,33739.69541040042,33865.4855245953,37674,0.34102141680395387,0.3358150905656184,0.3333333333333333,0.3333333333333333,0.3333333333333333,0.3333333333333333,14.124070651112016,14.124060147185384,14.140571330963562,14.5,0,0,0,14.5,154.107124999995
80,14.5,P2 fixed,p2,515,120,14802,5040,0.34049452776651806,0.37980406932931426,0.3380281690140845,9762,17874.863996093503,33121.19729785818,33240.386107903774,37086,0.3514237855946399,0.33827826477860196,0.33607399794450155,0.3333333333333333,0.3333333333333333,0.3333333333333333,14.12406576740176,14.124057336230749,14.140570241936551,14.5,0,0,0,14.5,178.29424999999173
80,14.5,P2 fixed,p2,516,120,14879,5040,0.3387324416963506,0.38037735849056603,0.3303834808259587,9839,17863.68930738671,33225.27162873831,33343.83734286359,37012,0.3336752136752137,0.34444074197489727,0.32633005760759065,0.3333333333333333,0.3333333333333333,0.3333333333333333,14.124068786789136,14.124076393078958,14.140576182290063,14.5,0,0,0,14.5,142.41300000000047
80,14.5,P2 fixed,p2,517,120,14968,5040,0.3367183324425441,0.3835616438356164,0.328125,9928,17846.932370659502,33270.85084665556,33395.324658401674,37252,0.3391447368421053,0.33721060284084553,0.3327753598928691,0.3333333333333333,0.3333333333333333,0.3333333333333333,14.124073474394118,14.124079855222575,14.140577193373487,14.5,0,0,0,14.5,162.17895899999712
80,14.5,P2 fixed,p2,518,120,15023,5040,0.33548558876389534,0.37555886736214605,0.3258971871968962,9983,17915.410870676882,33217.202170388344,33340.99602916523,37134,0.3371372676882948,0.3387258730335825,0.3240895422652857,0.3333333333333333,0.3333333333333333,0.3333333333333333,14.124069774635654,14.124072971070234,14.140575171898973,14.5,0,0,0,14.5,198.90437499999825
80,14.5,P2 fixed,p2,519,120,14890,5038,0.3383478844862324,0.3890177880897138,0.3240115718418515,9852,17633.354392238674,33014.024744596325,33137.16973246208,36925,0.34726793943383805,0.33724075743913434,0.3325503355704698,0.333465660976578,0.333267169511711,0.333267169511711,14.116808940496766,14.124078215703422,14.140576933297908,14.5,0,0,0,14.5,150.78662500000792
80,14.5,P2 fixed,p2,520,120,15146,5040,0.33276112504951805,0.38167360848163573,0.32390745501285345,10106,17896.875436937004,33293.12310149233,33419.64897587866,37288,0.3285293154274484,0.33564051856734783,0.32831828819792713,0.3333333333333333,0.3333333333333333,0.3333333333333333,14.124064191653495,14.124071500074175,14.140574632684249,14.5,0,0,0,14.5,178.3269580000051
80,14.5,P2 fixed,p2,521,120,15092,5040,0.3339517625231911,0.3729189789123196,0.33355393778954334,10052,17975.693567338272,33382.87699541457,33504.550580101124,37267,0.3373737373737374,0.3355313770744038,0.32583526298379095,0.3333333333333333,0.3333333333333333,0.3333333333333333,14.124066719811015,14.124064808028026,14.140572582139244,14.5,0,0,0,14.5,144.75641699999687
80,14.5,P2 fixed,p2,522,120,14972,5040,0.336628372962864,0.37168141592920356,0.3296272073250491,9932,18074.66949297018,33470.11228096951,33596.044763333746,37452,0.32681655262300424,0.33281613653995346,0.3590277777777778,0.3333333333333333,0.3333333333333333,0.3333333333333333,14.124065411334156,14.124070055664182,14.140574387045481,14.5,0,0,0,14.5,163.4251249999943
80,14.5,P2 fixed,p2,523,120,15011,5040,0.335753780560922,0.3788049605411499,0.3317972350230415,9971,17944.29271951454,33325.612970317554,33444.702444157214,37194,0.3336617405582923,0.33396268325188805,0.34334908845374745,0.3333333333333333,0.3333333333333333,0.3333333333333333,14.124066089389395,14.124054649211383,14.140569620199974,14.5,0,0,0,14.5,195.99529200000688
80,14.5,P2 fixed,p2,524,120,14954,5040,0.33703356961348135,0.3776695391532409,0.3356643356643357,9914,17961.155422907268,33279.0495208467,33400.00213663789,37189,0.33694181326116374,0.33085872576177283,0.35586949209552643,0.3333333333333333,0.3333333333333333,0.3333333333333333,14.124073867341203,14.12407159235583,14.140574808098117,14.5,0,0,0,14.5,151.65066699999443
80,14.5,P2 fixed,p2,525,120,15123,5040,0.3332672088871256,0.384586035864174,0.32101910828025476,10083,17807.518743682693,33064.46554871803,33185.88025940622,36846,0.3263639333551127,0.3338517942450839,0.3384514864423391,0.3333333333333333,0.3333333333333333,0.3333333333333333,14.1240751445316,14.124089973991298,14.140580478336796,14.5,0,0,0,14.5,184.10154199998942
80,14.5,P2 fixed,p2,526,120,15150,5040,0.3326732673267327,0.3773867465368776,0.32101910828025476,10110,18010.224499862696,33525.23921142873,33648.52669989086,37472,0.33484455958549225,0.33568670711527854,0.3213213213213213,0.3333333333333333,0.3333333333333333,0.3333333333333333,14.124069161297289,14.12405956940078,14.140570907754912,14.5,0,0,0,14.5,151.30258299999696
80,14.5,P2 fixed,p2,527,120,14897,5040,0.33832315231254617,0.37430375046416636,0.3416949152542373,9857,18020.235801703224,33498.568591402174,33621.02686882651,37496,0.328125,0.3390586660718269,0.3461667224640107,0.3333333333333333,0.3333333333333333,0.3333333333333333,14.124066975434488,14.124073667548615,14.140575416664694,14.5,0,0,0,14.5,164.83562499999243
80,14.5,P2 fixed,p2,528,120,15067,5040,0.33450587376385477,0.38080846241027577,0.3190883190883191,10027,17858.144420110853,33191.441029490314,33313.6977246245,37046,0.3376195186284207,0.33449048152295635,0.3315077319587629,0.3333333333333333,0.3333333333333333,0.3333333333333333,14.124075709295195,14.124076153373942,14.140576263758158,14.5,0,0,0,14.5,206.4297499999957
80,14.5,P2 fixed,p2,529,120,14874,5040,0.33884630899556273,0.37264325323475045,0.34054054054054056,9834,17920.860802298223,33220.93562202336,33339.673492824135,36974,0.32983406705045715,0.3393796887246669,0.34615384615384615,0.3333333333333333,0.3333333333333333,0.3333333333333333,14.124066367671753,14.124066329538914,14.140572788747292,14.5,0,0,0,14.5,152.59774999998626
80,14.5,P2 fixed,p2,530,120,15004,5040,0.33591042388696346,0.3745819397993311,0.3115919629057187,9964,17929.451333289344,33350.28994608907,33471.50496870092,37235,0.34368803701255785,0.33801866636680533,0.32220421393841164,0.3333333333333333,0.3333333333333333,0.3333333333333333,14.124069916366887,14.124075397891426,14.140575992258674,14.5,0,0,0,14.5,177.2919580000016
80,14.75,P2 fixed,p2,501,120,15018,5040,0.3355972832600879,0.37597911227154046,0.32505643340857787,9978,17989.683677707424,33453.4995086507,33575.18148862499,37388,0.34021665538253215,0.33348159679750916,0.3373493975903614,0.3333333333333333,0.3333333333333333,0.3333333333333333,14.124073332079682,14.12407072872538,14.140574378650633,14.75,0,0,0,14.75,147.03925000000163
80,14.75,P2 fixed,p2,502,120,14935,5040,0.33746233679276866,0.3884393063583815,0.32245681381957775,9895,17820.08103507393,33133.606804559466,33253.660701169894,36981,0.33841166936790923,0.3340451837698101,0.34676600067727736,0.3333333333333333,0.3333333333333333,0.3333333333333333,14.124065608262491,14.124068668713354,14.140573984528638,14.75,0,0,0,14.75,161.42504200000258
80,14.75,P2 fixed,p2,503,120,15156,5040,0.332541567695962,0.3761194029850746,0.3169811320754717,10116,17964.210623287938,33417.76780661536,33541.59747224893,37348,0.33004602235371466,0.33150263620386644,0.3382059800664452,0.3333333333333333,0.3333333333333333,0.3333333333333333,14.124068757167366,14.124059618544576,14.140571038969147,14.75,0,0,0,14.75,193.7009170000092
80,14.75,P2 fixed,p2,504,120,14935,5040,0.33746233679276866,0.3772455089820359,0.32706035042180404,9895,17932.535418792635,33293.63277142498,33412.79793240957,37207,0.3381464069845534,0.3375097017407695,0.3366235534377127,0.3333333333333333,0.3333333333333333,0.3333333333333333,14.124072093772403,14.124072322963164,14.140574966541564,14.75,0,0,0,14.75,148.58866600001056
80,14.75,P2 fixed,p2,505,120,14696,5040,0.34295046271094176,0.37017994858611825,0.3325635103926097,9656,18007.21688498932,33423.25710495617,33544.19371986466,37259,0.3428863868986694,0.34209929721151666,0.345565749235474,0.3333333333333333,0.3333333333333333,0.3333333333333333,14.124067277781984,14.124072428793637,14.140574849071806,14.75,0,0,0,14.75,170.74225000001024
80,14.75,P2 fixed,p2,506,120,14887,5040,0.33855041311211126,0.37045203969129,0.3282318463041355,9847,18028.973007904533,33444.589588967596,33563.30979576479,37216,0.3473613894455578,0.33716170115988175,0.3339787028073572,0.3333333333333333,0.3333333333333333,0.3333333333333333,14.124061544597124,14.124058413839606,14.14057071186228,14.75,0,0,0,14.75,141.3547499999986
80,14.75,P2 fixed,p2,507,120,14932,5040,0.337530136619341,0.36495293265749457,0.32442870936594786,9892,18100.24583858927,33382.660322054544,33501.65873652105,37172,0.3266841072596468,0.33839235525576167,0.34608929170862707,0.3333333333333333,0.3333333333333333,0.3333333333333333,14.124069240405039,14.12407327956078,14.140575339492466,14.75,0,0,0,14.75,210.50216699999874
80,14.75,P2 fixed,p2,508,120,15103,5040,0.33370853472819967,0.3593582887700535,0.32411575562700967,10063,18334.0839320836,33685.403196830826,33806.13394430612,37543,0.3360845163420271,0.3323721858711323,0.33529604187111545,0.3333333333333333,0.3333333333333333,0.3333333333333333,14.124065940573946,14.124069976245837,14.140574150658445,14.75,0,0,0,14.75,152.60954199999105
80,14.75,P2 fixed,p2,509,120,15068,5040,0.3344836740111495,0.3795180722891566,0.3157894736842105,10028,17922.315626405583,33403.47075772675,33528.45841442441,37426,0.3166999334664005,0.3382271773926482,0.340992340992341,0.3333333333333333,0.3333333333333333,0.3333333333333333,14.124067253716845,14.124061754199497,14.140571534164955,14.75,0,0,0,14.75,175.80112499999814
80,14.75,P2 fixed,p2,510,120,15073,5040,0.3343727194320971,0.36882546652030734,0.3312520538941834,10033,18034.745863840228,33346.454528714814,33467.61030935217,37199,0.33277084036449545,0.33505664943350566,0.3338853925140775,0.3333333333333333,0.3333333333333333,0.3333333333333333,14.124063538847196,14.12407594008105,14.140575991369465,14.75,0,0,0,14.75,144.2925419999956
80,14.75,P2 fixed,p2,511,120,14783,5040,0.34093215179598185,0.3778110944527736,0.336,9743,17780.106316103673,32957.21278543592,33079.34247658827,36908,0.34734665747760163,0.3407859078590786,0.33520661157024795,0.3333333333333333,0.3333333333333333,0.3333333333333333,14.124069689165614,14.124076152601456,14.14057617195224,14.75,0,0,0,14.75,158.8480419999978
80,14.75,P2 fixed,p2,512,120,14929,5040,0.33759796369482215,0.3884393063583815,0.3260025873221216,9889,17639.56306546179,32920.106605374036,33042.3598805829,36844,0.32817446359479424,0.3415117174606667,0.334668001334668,0.3333333333333333,0.3333333333333333,0.3333333333333333,14.124064096337296,14.12406895224175,14.140573715349719,14.75,0,0,0,14.75,192.1687920000113
80,14.75,P2 fixed,p2,513,120,14926,5040,0.3376658180356425,0.3776695391532409,0.3285528031290743,9886,17749.8190124421,32837.58011941499,32959.287558626434,36690,0.33321882514599793,0.3432769367764915,0.325305179808644,0.3333333333333333,0.3333333333333333,0.3333333333333333,14.124069034986231,14.12406765903058,14.14057334814221,14.75,0,0,0,14.75,147.89337499999965
80,14.75,P2 fixed,p2,514,120,14983,5040,0.33638123206300474,0.37045203969129,0.3365609348914858,9943,18133.62292385479,33739.69541040042,33865.4855245953,37674,0.34102141680395387,0.3358150905656184,0.3333333333333333,0.3333333333333333,0.3333333333333333,0.3333333333333333,14.124070651112016,14.124060147185384,14.140571330963562,14.75,0,0,0,14.75,175.19950000000244
80,14.75,P2 fixed,p2,515,120,14802,5040,0.34049452776651806,0.37980406932931426,0.3380281690140845,9762,17874.863996093503,33121.19729785818,33240.386107903774,37086,0.3514237855946399,0.33827826477860196,0.33607399794450155,0.3333333333333333,0.3333333333333333,0.3333333333333333,14.12406576740176,14.124057336230749,14.140570241936551,14.75,0,0,0,14.75,141.19366699999955
80,14.75,P2 fixed,p2,516,120,14879,5040,0.3387324416963506,0.38037735849056603,0.3303834808259587,9839,17863.68930738671,33225.27162873831,33343.83734286359,37012,0.3336752136752137,0.34444074197489727,0.32633005760759065,0.3333333333333333,0.3333333333333333,0.3333333333333333,14.124068786789136,14.124076393078958,14.140576182290063,14.75,0,0,0,14.75,157.00366699999722
80,14.75,P2 fixed,p2,517,120,14968,5040,0.3367183324425441,0.3835616438356164,0.328125,9928,17846.932370659502,33270.85084665556,33395.324658401674,37252,0.3391447368421053,0.33721060284084553,0.3327753598928691,0.3333333333333333,0.3333333333333333,0.3333333333333333,14.124073474394118,14.124079855222575,14.140577193373487,14.75,0,0,0,14.75,189.25095899999724
80,14.75,P2 fixed,p2,518,120,15023,5040,0.33548558876389534,0.37555886736214605,0.3258971871968962,9983,17915.410870676882,33217.202170388344,33340.99602916523,37134,0.3371372676882948,0.3387258730335825,0.3240895422652857,0.3333333333333333,0.3333333333333333,0.3333333333333333,14.124069774635654,14.124072971070234,14.140575171898973,14.75,0,0,0,14.75,149.60233300000255
80,14.75,P2 fixed,p2,519,120,14890,5038,0.3383478844862324,0.3890177880897138,0.3240115718418515,9852,17633.354392238674,33014.024744596325,33137.16973246208,36925,0.34726793943383805,0.33724075743913434,0.3325503355704698,0.333465660976578,0.333267169511711,0.333267169511711,14.116808940496766,14.124078215703422,14.140576933297908,14.75,0,0,0,14.75,170.93175000000338
80,14.75,P2 fixed,p2,520,120,15146,5040,0.33276112504951805,0.38167360848163573,0.32390745501285345,10106,17896.875436937004,33293.12310149233,33419.64897587866,37288,0.3285293154274484,0.33564051856734783,0.32831828819792713,0.3333333333333333,0.3333333333333333,0.3333333333333333,14.124064191653495,14.124071500074175,14.140574632684249,14.75,0,0,0,14.75,150.07070899999235
80,14.75,P2 fixed,p2,521,120,15092,5040,0.3339517625231911,0.3729189789123196,0.33355393778954334,10052,17975.693567338272,33382.87699541457,33504.550580101124,37267,0.3373737373737374,0.3355313770744038,0.32583526298379095,0.3333333333333333,0.3333333333333333,0.3333333333333333,14.124066719811015,14.124064808028026,14.140572582139244,14.75,0,0,0,14.75,159.93949999999313
80,14.75,P2 fixed,p2,522,120,14972,5040,0.336628372962864,0.37168141592920356,0.3296272073250491,9932,18074.66949297018,33470.11228096951,33596.044763333746,37452,0.32681655262300424,0.33281613653995346,0.3590277777777778,0.3333333333333333,0.3333333333333333,0.3333333333333333,14.124065411334156,14.124070055664182,14.140574387045481,14.75,0,0,0,14.75,190.43758300000627
80,14.75,P2 fixed,p2,523,120,15011,5040,0.335753780560922,0.3788049605411499,0.3317972350230415,9971,17944.29271951454,33325.612970317554,33444.702444157214,37194,0.3336617405582923,0.33396268325188805,0.34334908845374745,0.3333333333333333,0.3333333333333333,0.3333333333333333,14.124066089389395,14.124054649211383,14.140569620199974,14.75,0,0,0,14.75,149.54454099999566
80,14.75,P2 fixed,p2,524,120,14954,5040,0.33703356961348135,0.3776695391532409,0.3356643356643357,9914,17961.155422907268,33279.0495208467,33400.00213663789,37189,0.33694181326116374,0.33085872576177283,0.35586949209552643,0.3333333333333333,0.3333333333333333,0.3333333333333333,14.124073867341203,14.12407159235583,14.140574808098117,14.75,0,0,0,14.75,171.81999999999243
80,14.75,P2 fixed,p2,525,120,15123,5040,0.3332672088871256,0.384586035864174,0.32101910828025476,10083,17807.518743682693,33064.46554871803,33185.88025940622,36846,0.3263639333551127,0.3338517942450839,0.3384514864423391,0.3333333333333333,0.3333333333333333,0.3333333333333333,14.1240751445316,14.124089973991298,14.140580478336796,14.75,0,0,0,14.75,140.40941599999496
80,14.75,P2 fixed,p2,526,120,15150,5040,0.3326732673267327,0.3773867465368776,0.32101910828025476,10110,18010.224499862696,33525.23921142873,33648.52669989086,37472,0.33484455958549225,0.33568670711527854,0.3213213213213213,0.3333333333333333,0.3333333333333333,0.3333333333333333,14.124069161297289,14.12405956940078,14.140570907754912,14.75,0,0,0,14.75,157.8468339999963
80,14.75,P2 fixed,p2,527,120,14897,5040,0.33832315231254617,0.37430375046416636,0.3416949152542373,9857,18020.235801703224,33498.568591402174,33621.02686882651,37496,0.328125,0.3390586660718269,0.3461667224640107,0.3333333333333333,0.3333333333333333,0.3333333333333333,14.124066975434488,14.124073667548615,14.140575416664694,14.75,0,0,0,14.75,186.01741699999548
80,14.75,P2 fixed,p2,528,120,15067,5040,0.33450587376385477,0.38080846241027577,0.3190883190883191,10027,17858.144420110853,33191.441029490314,33313.6977246245,37046,0.3376195186284207,0.33449048152295635,0.3315077319587629,0.3333333333333333,0.3333333333333333,0.3333333333333333,14.124075709295195,14.124076153373942,14.140576263758158,14.75,0,0,0,14.75,147.6779169999936
80,14.75,P2 fixed,p2,529,120,14874,5040,0.33884630899556273,0.37264325323475045,0.34054054054054056,9834,17920.860802298223,33220.93562202336,33339.673492824135,36974,0.32983406705045715,0.3393796887246669,0.34615384615384615,0.3333333333333333,0.3333333333333333,0.3333333333333333,14.124066367671753,14.124066329538914,14.140572788747292,14.75,0,0,0,14.75,172.10804199999257
80,14.75,P2 fixed,p2,530,120,15004,5040,0.33591042388696346,0.3745819397993311,0.3115919629057187,9964,17929.451333289344,33350.28994608907,33471.50496870092,37235,0.34368803701255785,0.33801866636680533,0.32220421393841164,0.3333333333333333,0.3333333333333333,0.3333333333333333,14.124069916366887,14.124075397891426,14.140575992258674,14.75,0,0,0,14.75,139.73737499999697
80,15,P2 fixed,p2,501,120,15018,5040,0.3355972832600879,0.37597911227154046,0.32505643340857787,9978,17989.683677707424,33453.4995086507,33575.18148862499,37388,0.34021665538253215,0.33348159679750916,0.3373493975903614,0.3333333333333333,0.3333333333333333,0.3333333333333333,14.124073332079682,14.12407072872538,14.140574378650633,15,0,0,0,15,159.87404199999582
80,15,P2 fixed,p2,502,120,14935,5040,0.33746233679276866,0.3884393063583815,0.32245681381957775,9895,17820.08103507393,33133.606804559466,33253.660701169894,36981,0.33841166936790923,0.3340451837698101,0.34676600067727736,0.3333333333333333,0.3333333333333333,0.3333333333333333,14.124065608262491,14.124068668713354,14.140573984528638,15,0,0,0,15,184.98833300000115
80,15,P2 fixed,p2,503,120,15156,5040,0.332541567695962,0.3761194029850746,0.3169811320754717,10116,17964.210623287938,33417.76780661536,33541.59747224893,37348,0.33004602235371466,0.33150263620386644,0.3382059800664452,0.3333333333333333,0.3333333333333333,0.3333333333333333,14.124068757167366,14.124059618544576,14.140571038969147,15,0,0,0,15,146.82450000000244
80,15,P2 fixed,p2,504,120,14935,5040,0.33746233679276866,0.3772455089820359,0.32706035042180404,9895,17932.535418792635,33293.63277142498,33412.79793240957,37207,0.3381464069845534,0.3375097017407695,0.3366235534377127,0.3333333333333333,0.3333333333333333,0.3333333333333333,14.124072093772403,14.124072322963164,14.140574966541564,15,0,0,0,15,171.00379200000316
80,15,P2 fixed,p2,505,120,14696,5040,0.34295046271094176,0.37017994858611825,0.3325635103926097,9656,18007.21688498932,33423.25710495617,33544.19371986466,37259,0.3428863868986694,0.34209929721151666,0.345565749235474,0.3333333333333333,0.3333333333333333,0.3333333333333333,14.124067277781984,14.124072428793637,14.140574849071806,15,0,0,0,15,139.19008299999405
80,15,P2 fixed,p2,506,120,14887,5040,0.33855041311211126,0.37045203969129,0.3282318463041355,9847,18028.973007904533,33444.589588967596,33563.30979576479,37216,0.3473613894455578,0.33716170115988175,0.3339787028073572,0.3333333333333333,0.3333333333333333,0.3333333333333333,14.124061544597124,14.124058413839606,14.14057071186228,15,0,0,0,15,153.80141699999513
80,15,P2 fixed,p2,507,120,14932,5040,0.337530136619341,0.36495293265749457,0.32442870936594786,9892,18100.24583858927,33382.660322054544,33501.65873652105,37172,0.3266841072596468,0.33839235525576167,0.34608929170862707,0.3333333333333333,0.3333333333333333,0.3333333333333333,14.124069240405039,14.12407327956078,14.140575339492466,15,0,0,0,15,183.07791700000234
80,15,P2 fixed,p2,508,120,15103,5040,0.33370853472819967,0.3593582887700535,0.32411575562700967,10063,18334.0839320836,33685.403196830826,33806.13394430612,37543,0.3360845163420271,0.3323721858711323,0.33529604187111545,0.3333333333333333,0.3333333333333333,0.3333333333333333,14.124065940573946,14.124069976245837,14.140574150658445,15,0,0,0,15,186.1857910000108
80,15,P2 fixed,p2,509,120,15068,5040,0.3344836740111495,0.3795180722891566,0.3157894736842105,10028,17922.315626405583,33403.47075772675,33528.45841442441,37426,0.3166999334664005,0.3382271773926482,0.340992340992341,0.3333333333333333,0.3333333333333333,0.3333333333333333,14.124067253716845,14.124061754199497,14.140571534164955,15,0,0,0,15,172.15308300001197
80,15,P2 fixed,p2,510,120,15073,5040,0.3343727194320971,0.36882546652030734,0.3312520538941834,10033,18034.745863840228,33346.454528714814,33467.61030935217,37199,0.33277084036449545,0.33505664943350566,0.3338853925140775,0.3333333333333333,0.3333333333333333,0.3333333333333333,14.124063538847196,14.12407594008105,14.140575991369465,15,0,0,0,15,143.1081669999985
80,15,P2 fixed,p2,511,120,14783,5040,0.34093215179598185,0.3778110944527736,0.336,9743,17780.106316103673,32957.21278543592,33079.34247658827,36908,0.34734665747760163,0.3407859078590786,0.33520661157024795,0.3333333333333333,0.3333333333333333,0.3333333333333333,14.124069689165614,14.124076152601456,14.14057617195224,15,0,0,0,15,157.04987500001153
80,15,P2 fixed,p2,512,120,14929,5040,0.33759796369482215,0.3884393063583815,0.3260025873221216,9889,17639.56306546179,32920.106605374036,33042.3598805829,36844,0.32817446359479424,0.3415117174606667,0.334668001334668,0.3333333333333333,0.3333333333333333,0.3333333333333333,14.124064096337296,14.12406895224175,14.140573715349719,15,0,0,0,15,208.62145900000178
80,15,P2 fixed,p2,513,120,14926,5040,0.3376658180356425,0.3776695391532409,0.3285528031290743,9886,17749.8190124421,32837.58011941499,32959.287558626434,36690,0.33321882514599793,0.3432769367764915,0.325305179808644,0.3333333333333333,0.3333333333333333,0.3333333333333333,14.124069034986231,14.12406765903058,14.14057334814221,15,0,0,0,15,150.59649999999965
80,15,P2 fixed,p2,514,120,14983,5040,0.33638123206300474,0.37045203969129,0.3365609348914858,9943,18133.62292385479,33739.69541040042,33865.4855245953,37674,0.34102141680395387,0.3358150905656184,0.3333333333333333,0.3333333333333333,0.3333333333333333,0.3333333333333333,14.124070651112016,14.124060147185384,14.140571330963562,15,0,0,0,15,173.58858299998974
80,15,P2 fixed,p2,515,120,14802,5040,0.34049452776651806,0.37980406932931426,0.3380281690140845,9762,17874.863996093503,33121.19729785818,33240.386107903774,37086,0.3514237855946399,0.33827826477860196,0.33607399794450155,0.3333333333333333,0.3333333333333333,0.3333333333333333,14.12406576740176,14.124057336230749,14.140570241936551,15,0,0,0,15,140.3059579999972
80,15,P2 fixed,p2,516,120,14879,5040,0.3387324416963506,0.38037735849056603,0.3303834808259587,9839,17863.68930738671,33225.27162873831,33343.83734286359,37012,0.3336752136752137,0.34444074197489727,0.32633005760759065,0.3333333333333333,0.3333333333333333,0.3333333333333333,14.124068786789136,14.124076393078958,14.140576182290063,15,0,0,0,15,155.93845800000418
80,15,P2 fixed,p2,517,120,14968,5040,0.3367183324425441,0.3835616438356164,0.328125,9928,17846.932370659502,33270.85084665556,33395.324658401674,37252,0.3391447368421053,0.33721060284084553,0.3327753598928691,0.3333333333333333,0.3333333333333333,0.3333333333333333,14.124073474394118,14.124079855222575,14.140577193373487,15,0,0,0,15,186.9208329999965
80,15,P2 fixed,p2,518,120,15023,5040,0.33548558876389534,0.37555886736214605,0.3258971871968962,9983,17915.410870676882,33217.202170388344,33340.99602916523,37134,0.3371372676882948,0.3387258730335825,0.3240895422652857,0.3333333333333333,0.3333333333333333,0.3333333333333333,14.124069774635654,14.124072971070234,14.140575171898973,15,0,0,0,15,146.7445000000007
80,15,P2 fixed,p2,519,120,14890,5038,0.3383478844862324,0.3890177880897138,0.3240115718418515,9852,17633.354392238674,33014.024744596325,33137.16973246208,36925,0.34726793943383805,0.33724075743913434,0.3325503355704698,0.333465660976578,0.333267169511711,0.333267169511711,14.116808940496766,14.124078215703422,14.140576933297908,15,0,0,0,15,166.49349999999686
80,15,P2 fixed,p2,520,120,15146,5040,0.33276112504951805,0.38167360848163573,0.32390745501285345,10106,17896.875436937004,33293.12310149233,33419.64897587866,37288,0.3285293154274484,0.33564051856734783,0.32831828819792713,0.3333333333333333,0.3333333333333333,0.3333333333333333,14.124064191653495,14.124071500074175,14.140574632684249,15,0,0,0,15,140.73033399999258
80,15,P2 fixed,p2,521,120,15092,5040,0.3339517625231911,0.3729189789123196,0.33355393778954334,10052,17975.693567338272,33382.87699541457,33504.550580101124,37267,0.3373737373737374,0.3355313770744038,0.32583526298379095,0.3333333333333333,0.3333333333333333,0.3333333333333333,14.124066719811015,14.124064808028026,14.140572582139244,15,0,0,0,15,159.19929199999024
80,15,P2 fixed,p2,522,120,14972,5040,0.336628372962864,0.37168141592920356,0.3296272073250491,9932,18074.66949297018,33470.11228096951,33596.044763333746,37452,0.32681655262300424,0.33281613653995346,0.3590277777777778,0.3333333333333333,0.3333333333333333,0.3333333333333333,14.124065411334156,14.124070055664182,14.140574387045481,15,0,0,0,15,184.97020900000643
80,15,P2 fixed,p2,523,120,15011,5040,0.335753780560922,0.3788049605411499,0.3317972350230415,9971,17944.29271951454,33325.612970317554,33444.702444157214,37194,0.3336617405582923,0.33396268325188805,0.34334908845374745,0.3333333333333333,0.3333333333333333,0.3333333333333333,14.124066089389395,14.124054649211383,14.140569620199974,15,0,0,0,15,147.3420410000108
80,15,P2 fixed,p2,524,120,14954,5040,0.33703356961348135,0.3776695391532409,0.3356643356643357,9914,17961.155422907268,33279.0495208467,33400.00213663789,37189,0.33694181326116374,0.33085872576177283,0.35586949209552643,0.3333333333333333,0.3333333333333333,0.3333333333333333,14.124073867341203,14.12407159235583,14.140574808098117,15,0,0,0,15,166.60620799999742
80,15,P2 fixed,p2,525,120,15123,5040,0.3332672088871256,0.384586035864174,0.32101910828025476,10083,17807.518743682693,33064.46554871803,33185.88025940622,36846,0.3263639333551127,0.3338517942450839,0.3384514864423391,0.3333333333333333,0.3333333333333333,0.3333333333333333,14.1240751445316,14.124089973991298,14.140580478336796,15,0,0,0,15,145.35891700000502
80,15,P2 fixed,p2,526,120,15150,5040,0.3326732673267327,0.3773867465368776,0.32101910828025476,10110,18010.224499862696,33525.23921142873,33648.52669989086,37472,0.33484455958549225,0.33568670711527854,0.3213213213213213,0.3333333333333333,0.3333333333333333,0.3333333333333333,14.124069161297289,14.12405956940078,14.140570907754912,15,0,0,0,15,154.96270799999184
80,15,P2 fixed,p2,527,120,14897,5040,0.33832315231254617,0.37430375046416636,0.3416949152542373,9857,18020.235801703224,33498.568591402174,33621.02686882651,37496,0.328125,0.3390586660718269,0.3461667224640107,0.3333333333333333,0.3333333333333333,0.3333333333333333,14.124066975434488,14.124073667548615,14.140575416664694,15,0,0,0,15,182.79070800000045
80,15,P2 fixed,p2,528,120,15067,5040,0.33450587376385477,0.38080846241027577,0.3190883190883191,10027,17858.144420110853,33191.441029490314,33313.6977246245,37046,0.3376195186284207,0.33449048152295635,0.3315077319587629,0.3333333333333333,0.3333333333333333,0.3333333333333333,14.124075709295195,14.124076153373942,14.140576263758158,15,0,0,0,15,174.41166700000758
80,15,P2 fixed,p2,529,120,14874,5040,0.33884630899556273,0.37264325323475045,0.34054054054054056,9834,17920.860802298223,33220.93562202336,33339.673492824135,36974,0.32983406705045715,0.3393796887246669,0.34615384615384615,0.3333333333333333,0.3333333333333333,0.3333333333333333,14.124066367671753,14.124066329538914,14.140572788747292,15,0,0,0,15,167.17466699999932
80,15,P2 fixed,p2,530,120,15004,5040,0.33591042388696346,0.3745819397993311,0.3115919629057187,9964,17929.451333289344,33350.28994608907,33471.50496870092,37235,0.34368803701255785,0.33801866636680533,0.32220421393841164,0.3333333333333333,0.3333333333333333,0.3333333333333333,14.124069916366887,14.124075397891426,14.140575992258674,15,0,0,0,15,145.5300409999909
80,18,P2 fixed,p2,501,120,15018,5502,0.3663603675589293,0.40992167101827676,0.3550467591099645,9516,17153.653001680086,31936.91469912206,32066.341411607482,35546,0.3727149627623561,0.36450572667630377,0.3656789319439922,0.3306070519810978,0.3391494002181025,0.33024354780079973,15.578122500488112,15.601472757090178,15.735412643986045,18,0,0,0,18,148.49387500000012
80,18,P2 fixed,p2,502,120,14935,5497,0.36806160026782725,0.4235067437379576,0.3512476007677543,9438,16957.27776618061,31556.655417431608,31699.25086624378,35281,0.37439222042139386,0.36259413285377096,0.37792075855062646,0.33181735492086595,0.3374567946152447,0.3307258504638894,15.517634106258392,15.4349422885169,15.48603998868215,18,0,0,0,18,166.46100000001024
80,18,P2 fixed,p2,503,120,15156,5502,0.36302454473475854,0.41007462686567164,0.34591194968553457,9654,17125.85500003981,31911.49128832939,32051.84966080036,35704,0.3596318211702827,0.3624780316344464,0.3681063122923588,0.33024354780079973,0.3391494002181025,0.3306070519810978,15.578119829673993,15.521063895427117,15.610830860998595,18,0,0,0,18,197.80079100000148
80,18,P2 fixed,p2,504,120,14935,5490,0.3675929025778373,0.41130239520958084,0.3559377027903958,9445,17096.070718789884,31770.70304684547,31909.557549905672,35502,0.36836803223640024,0.3677791329415678,0.3662355343771273,0.3313296903460838,0.33825136612021856,0.3304189435336976,15.519602553125743,15.578627751334077,15.734577555987775,18,0,0,0,18,145.23208300000988
80,18,P2 fixed,p2,505,120,14696,5494,0.37384322264561787,0.40396621373485125,0.36225668096337843,9202,17166.657782801314,31867.886451549075,31998.48798929759,35488,0.370863186625725,0.3745182498299705,0.3747876316683656,0.33272661084819805,0.3352748452857663,0.33199854386603567,15.449474682947564,15.385153211965351,15.403127073135686,18,0,0,0,18,157.7089580000029
80,18,P2 fixed,p2,506,120,14887,5498,0.3693155101766642,0.40352811466372657,0.3585151416476718,9389,17195.247713309287,31847.461801366095,31975.500273286383,35431,0.37207748830995324,0.3702524448487605,0.3639883833494676,0.3330301927973809,0.33703164787195344,0.32993815933066567,15.508815525777145,15.626363550375451,15.776867802681986,18,0,0,0,18,179.9344160000037
80,18,P2 fixed,p2,507,120,14932,5496,0.3680685775515671,0.39717595944967415,0.35468297392983583,9436,17257.60168951875,31767.204066874867,31897.95357364575,35324,0.3616742969260955,0.3685216413715571,0.37327962403491105,0.3307860262008734,0.33642649199417757,0.33278748180494905,15.48661518866647,15.58227251527651,15.69416018883208,18,0,0,0,18,147.08883400000923
80,18,P2 fixed,p2,508,120,15103,5502,0.36429848374495133,0.39180035650623884,0.35337620578778134,9601,17474.764339354737,32103.694860954016,32235.850742599174,35708,0.36579729283591944,0.36309193745148055,0.36637226038599935,0.3306070519810978,0.33987640857869866,0.32951653944020354,15.598037992549145,15.540251906400236,15.652079786062083,18,0,0,0,18,149.6237919999985
80,18,P2 fixed,p2,509,120,15068,5503,0.365211043270507,0.4137801204819277,0.34398496240601506,9565,17079.184116466866,31922.069807286356,32052.740963290693,35586,0.35063206919494344,0.3669279169886301,0.37462537462537465,0.3307286934399418,0.3369071415591496,0.3323641650009086,15.519505676139337,15.459843437958456,15.527498075455549,18,0,0,0,18,173.98745800000324
80,18,P2 fixed,p2,510,120,15073,5500,0.3648908644596298,0.40248810830589093,0.36148537627341437,9573,17177.887332107617,31786.55407210585,31918.973332886726,35497,0.3665204184947688,0.3650863491365086,0.3627028817489235,0.3307272727272727,0.33854545454545454,0.3307272727272727,15.555917693438177,15.545958498708949,15.652287107257862,18,0,0,0,18,162.8607500000071
80,18,P2 fixed,p2,511,120,14783,5501,0.37211662044240007,0.411544227886057,0.36666666666666664,9282,16930.162726425726,31452.294472433376,31593.729749911625,35266,0.3835286009648518,0.37070912375790427,0.3652892561983471,0.3315760770768951,0.3368478458462098,0.3315760770768951,15.512243289237457,15.471261304605237,15.527914270481974,18,0,0,0,18,186.67058299999917
80,18,P2 fixed,p2,512,120,14929,5504,0.3686784111460915,0.4235067437379576,0.3564036222509702,9425,16797.691518583582,31384.356301178545,31520.20120126949,35098,0.3619416109743229,0.37253823302893607,0.3633633633633634,0.3313953488372093,0.3390261627906977,0.329578488372093,15.580404903862197,15.60718205760496,15.735620888377595,18,0,0,0,18,136.23979099999997
80,18,P2 fixed,p2,513,120,14926,5499,0.36841752646388853,0.4121393780442113,0.3582138200782269,9427,16877.33451243899,31269.04900461156,31401.936423066054,34972,0.3631054620405359,0.37310774710596617,0.35961728802375453,0.33133296963084197,0.337152209492635,0.331514820876523,15.514942205774531,15.515352743558296,15.610621944038241,18,0,0,0,18,151.13754199999676
80,18,P2 fixed,p2,514,120,14983,5497,0.3668824667957018,0.40426313855200297,0.3676126878130217,9486,17332.077925413054,32282.141302454267,32424.809456746018,36113,0.37199341021416804,0.36692965885098344,0.3614784672770431,0.3323631071493542,0.338184464253229,0.32945242859741675,15.537555750608297,15.626366033970287,15.776868698074063,18,0,0,0,18,176.59295800000837
80,18,P2 fixed,p2,515,120,14802,5499,0.37150385083096876,0.413715146948003,0.36955063715627096,9303,17037.524751593774,31649.430087367225,31787.303780572318,35379,0.3845896147403685,0.36997077995055067,0.36279547790339156,0.3304237134024368,0.33842516821240226,0.3311511183851609,15.54979805978596,15.632074580460554,15.777076530861594,18,0,0,0,18,157.96112500000163
80,18,P2 fixed,p2,516,120,14879,5504,0.3699173331541098,0.41509433962264153,0.3608652900688299,9375,16998.19932466064,31614.12266419367,31747.44650616682,35117,0.36376068376068377,0.3756525602576919,0.3585225347339885,0.33066860465116277,0.33757267441860467,0.33175872093023256,15.540571673501722,15.526773576299881,15.611039238744228,18,0,0,0,18,142.8856250000099
80,18,P2 fixed,p2,517,120,14968,5499,0.3673837520042758,0.4189497716894977,0.3577473958333333,9469,17003.377084791962,31750.67401279328,31884.34624002663,35403,0.3667763157894737,0.3686388547142378,0.3642450619350519,0.3318785233678851,0.336970358246954,0.3311511183851609,15.509958811130852,15.440656402531149,15.486249222576097,18,0,0,0,18,159.44737500000338
80,18,P2 fixed,p2,518,120,15023,5496,0.36583904679491447,0.4087183308494784,0.35564177174264466,9527,17072.29119412876,31706.552548488027,31845.145978814806,35396,0.3687642647538311,0.36717616869351777,0.35883728700300704,0.3316957787481805,0.337882096069869,0.3304221251819505,15.526451322567413,15.471255929872965,15.5279126083946,18,0,0,0,18,185.32670800000778
80,18,P2 fixed,p2,519,120,14890,5490,0.3687038280725319,0.42266047950502705,0.3532626165220186,9400,16815.749448409628,31522.897728137767,31659.52029238388,35238,0.37820934825543123,0.36733543733092877,0.36308724832214767,0.331511839708561,0.33734061930783243,0.33114754098360655,15.49470208643705,15.490452670346526,15.569164140486805,18,0,0,0,18,141.89708300000348
80,18,P2 fixed,p2,520,120,15146,5501,0.36319820414630927,0.41688754259750094,0.35347043701799485,9645,17055.201920235195,31799.82926464817,31935.82923953561,35579,0.3599737962659679,0.36541419468248737,0.3597459043798061,0.33066715142701325,0.3390292674059262,0.33030358116706054,15.571998110260921,15.570862103788249,15.693746259668297,18,0,0,0,18,149.67345800000476
80,18,P2 fixed,p2,521,120,15092,5498,0.36429896633978265,0.40621531631520535,0.3639973527465255,9594,17138.616411888954,31875.787055841705,32015.82564336171,35659,0.3707070707070707,0.36641389163644356,0.3516374462454515,0.3310294652600946,0.3381229538013823,0.3308475809385231,15.538692509010497,15.595753197240674,15.735201223525374,18,0,0,0,18,171.484375
80,18,P2 fixed,p2,522,120,14972,5496,0.3670852257547422,0.40449852507374634,0.3590582079790713,9476,17252.813011433493,32026.005938436014,32173.414945268134,35875,0.3567937438905181,0.3638479441427463,0.38819444444444445,0.3289665211062591,0.3397016011644833,0.33133187772925765,15.576252566833372,15.609244233911156,15.776245976925333,18,0,0,0,18,148.54637500000536
80,18,P2 fixed,p2,523,120,15011,5501,0.3664645926320698,0.41300263059000375,0.3627386438446346,9510,17096.630159721462,31758.912064706634,31899.90576131172,35560,0.3665024630541872,0.36350510884051535,0.37542201215395005,0.33030358116706054,0.33884748227594985,0.33084893655698966,15.56701910504408,15.582271208429546,15.694159790791824,18,0,0,0,18,152.34558399999514
80,18,P2 fixed,p2,524,120,14954,5501,0.36786144175471447,0.41139003372049454,0.3663003663003663,9453,17113.667936240654,31765.684542623894,31898.20970724258,35484,0.36772665764546686,0.3614404432132964,0.3874873864783047,0.3301217960370842,0.3377567714960916,0.33212143246682424,15.537141494885564,15.570856369797722,15.693744441969658,18,0,0,0,18,162.65854099999706
80,18,P2 fixed,p2,525,120,15123,5495,0.36335383191165777,0.4189240747806181,0.34968152866242036,9628,16959.3431727374,31483.466706360414,31617.064309549376,35192,0.3547860176412937,0.3631818686812576,0.37242731133616463,0.3304822565969063,0.33739763421292085,0.3321201091901729,15.510373199941482,15.584341074365826,15.734787068525426,18,0,0,0,18,186.06654099999287
80,18,P2 fixed,p2,526,120,15150,5501,0.36310231023102313,0.41145638337701235,0.35127388535031845,9649,17195.050193478317,31984.813480103734,32117.32301334672,35716,0.3643134715025907,0.36701599558742415,0.3500166833500167,0.33193964733684783,0.33739320123613886,0.33066715142701325,15.527182259640108,15.513292556256133,15.569997699374191,18,0,0,0,18,145.83874999999534
80,18,P2 fixed,p2,527,120,14897,5506,0.3696046183795395,0.40809506126995915,0.3735593220338983,9391,17202.807379605867,32026.377671627488,32167.4892049366,35854,0.36514945652173914,0.367945572161499,0.3789755607633077,0.3303668725027243,0.3390846349436978,0.33054849255357793,15.587664026012293,15.557372537262395,15.652702280485444,18,0,0,0,18,148.36133400000108
80,18,P2 fixed,p2,528,120,15067,5496,0.36477069091391784,0.4144314318095958,0.3475783475783476,9571,17009.648244590935,31634.018171142503,31763.570301694006,35258,0.37421694691724366,0.36326987681970885,0.3598582474226804,0.3309679767103348,0.33770014556040756,0.33133187772925765,15.521474191858573,15.4100403782724,15.444581311484198,18,0,0,0,18,167.70199999999022
80,18,P2 fixed,p2,529,120,14874,5498,0.36963829501142936,0.40517560073937153,0.3722972972972973,9376,17071.098460646124,31607.013184339077,31738.505516755988,35167,0.3613274635963427,0.37061919157989026,0.3749163879598662,0.33139323390323755,0.3377591851582394,0.3308475809385231,15.528737494996342,15.557380731950195,15.65270451159707,18,0,0,0,18,197.69945899999584
80,18,P2 fixed,p2,530,120,15004,5500,0.36656891495601174,0.4087699739873653,0.3400309119010819,9504,17079.72947686825,31795.350729441874,31923.856178264086,35381,0.3734302709847984,0.3686045204093107,0.3539708265802269,0.3312727272727273,0.33836363636363637,0.33036363636363636,15.55094137262069,15.521062394243474,15.610830540327443,18,0,0,0,18,140.39820900000632
80,14,P3-U,p3u,501,120,15018,5033,0.3351311759222267,0.3838120104438642,0.32312157368590777,9985,17862.57961718007,33475.05826388491,33591.063916734085,37412,0.33987813134732564,0.3331480040031135,0.33637251709540866,0.3337969401947149,0.33240611961057026,0.3337969401947149,14.081253826610242,14.04003316189588,14.056415168324778,14.586468756371083,0.28688731647844473,0.5864687563710831,2,14.246451386798324,160.89716699998826
80,14,P3-U,p3u,502,120,14935,5033,0.3369936391027787,0.3965317919075145,0.32053742802303264,9902,17693.543468899443,33156.467840363664,33272.23845485644,37004,0.33808752025931926,0.3338203888951332,0.34541144598713175,0.3337969401947149,0.33240611961057026,0.3337969401947149,14.081255975765458,14.04005535199097,14.056422393039623,14.586470603757313,0.28689136755787414,0.5864706037573129,2,14.246394298526994,193.33304100000532
80,14,P3-U,p3u,503,120,15156,5033,0.3320797044074954,0.3835820895522388,0.3150943396226415,10123,17837.684347556726,33439.58173234254,33558.6841200222,37395,0.32905982905982906,0.3311731107205624,0.33787375415282395,0.3337969401947149,0.33240611961057026,0.3337969401947149,14.08126117348534,14.040037772057788,14.05641675519906,14.58629494906684,0.28689018796671456,0.5862949490668399,2,14.246269526588174,151.84075000000303
80,14,P3-U,p3u,504,120,14935,5033,0.3369936391027787,0.3851047904191617,0.32511356262167423,9902,17805.85291343792,33315.68296690594,33429.07877937097,37244,0.3381464069845534,0.3368444395165761,0.336283185840708,0.3337969401947149,0.33240611961057026,0.3337969401947149,14.081260659544398,14.040039884989069,14.056417415848507,14.586341669770981,0.2868867635454012,0.5863416697709809,2,14.246308565186062,174.06258399999933
80,14,P3-U,p3u,505,120,14696,5032,0.3424060968971149,0.37789203084832906,0.32992411745298583,9664,17878.47999558623,33445.62798342314,33562.11121493813,37292,0.3425452064141931,0.3413058263432328,0.345565749235474,0.3338632750397456,0.3322734499205087,0.3338632750397456,14.07515840579452,13.978838016962442,13.973090257099711,14.510956507194336,0.34237222426346514,0.5109565071943365,4,14.845870098575318,141.05216600000858
80,14,P3-U,p3u,506,120,14887,5033,0.33808020420501106,0.37816979051819183,0.3262780853142299,9854,17903.058574251678,33467.67420261578,33579.95361129383,37236,0.3470273881095524,0.3368205594723675,0.3330106485963214,0.3337969401947149,0.33240611961057026,0.3337969401947149,14.081259154277923,14.040035938114992,14.056416248776221,14.58636816574456,0.28688371336111484,0.5863681657445596,2,14.246333186239083,167.70337500001187
80,14,P3-U,p3u,507,120,14932,5033,0.33706134476292526,0.3725561187545257,0.32249758609591245,9899,17973.93973225461,33405.53520490438,33518.02831123258,37209,0.3266841072596468,0.33771781899943787,0.34575360859348775,0.3337969401947149,0.33240611961057026,0.3337969401947149,14.081253209498023,14.04004125384313,14.056417884129834,14.586501355266364,0.2868930860565581,0.586501355266364,2,14.246451533060625,199.13433400000213
80,14,P3-U,p3u,508,120,15103,5032,0.3331788386413295,0.3672014260249554,0.3215434083601286,10071,18205.661039973365,33707.527923932445,33824.022978559115,37577,0.3357543743809838,0.33192857935011644,0.3343146876022244,0.3338632750397456,0.3322734499205087,0.3338632750397456,14.07515121366847,13.97883328510378,13.973088805161055,14.511099916253501,0.34237714229955163,0.5110999162535013,4,14.846040271929017,156.43841699999757
80,14,P3-U,p3u,509,120,15068,5033,0.33401911335280066,0.3874246987951807,0.31390977443609025,10035,17794.59356175342,33424.75399273486,33544.42910892568,37448,0.31636726546906185,0.33778562755271,0.34032634032634035,0.3337969401947149,0.33240611961057026,0.3337969401947149,14.081255079256216,14.040051356658616,14.056420862842645,14.58649871323068,0.2868869476240904,0.5864987132306805,2,14.246428666896863,200.58874999999534
80,14,P3-U,p3u,510,120,15073,5033,0.3339083128773303,0.3765093304061471,0.32928031547814657,10040,17907.338093585815,33368.671910408,33483.435962042895,37220,0.33209584880188997,0.3347266527334727,0.3332229214971845,0.3337969401947149,0.33240611961057026,0.3337969401947149,14.081255302804959,14.040036201316132,14.0564160936604,14.586451701017806,0.28688657837372544,0.5864517010178059,2,14.246412841480662,147.86899999997695
80,14,P3-U,p3u,511,120,14783,5033,0.34045863491848743,0.38568215892053975,0.334,9750,17654.24723266047,32978.86196954501,33096.91203638365,36937,0.34665747760165405,0.3404471544715447,0.33454545454545453,0.3337969401947149,0.33240611961057026,0.3337969401947149,14.08125275360268,14.04003935712075,14.056417215660012,14.586501927210358,0.2868874519214888,0.5865019272103584,2,14.24646404887484,163.13683299999684
80,14,P3-U,p3u,512,120,14929,5033,0.3371290776341349,0.3965317919075145,0.3240620957309185,9896,17512.382565785727,32942.141019289265,33057.62353793429,36860,0.32817446359479424,0.34107162504125865,0.333667000333667,0.3337969401947149,0.33240611961057026,0.3337969401947149,14.081257434411832,14.040046393410302,14.056419204279777,14.586436100943283,0.28688301889792095,0.586436100943283,2,14.246387658385295,227.55100000000675
80,14,P3-U,p3u,513,120,14926,5033,0.3371968377328152,0.38553765455226674,0.32659713168187743,9893,17622.952714251158,32860.161351691444,32974.03720446079,36732,0.3321882514599794,0.3428317008014248,0.325305179808644,0.3337969401947149,0.33240611961057026,0.3337969401947149,14.081260212413731,14.040047663125344,14.056419645135009,14.586379054602036,0.28688822610436504,0.5863790546020358,2,14.246313025946233,151.8971250000177
80,14,P3-U,p3u,514,120,14983,5033,0.3359140359073617,0.37816979051819183,0.3345575959933222,9950,18005.545621810747,33761.38221654866,33882.84189260215,37705,0.34069192751235583,0.3353705967329703,0.3326551373346897,0.3337969401947149,0.33240611961057026,0.3337969401947149,14.081257063575219,14.04003780533531,14.056416903879166,14.586415555263509,0.28688692699916113,0.5864155552635086,2,14.246377696276763,183.4654580000206
80,14,P3-U,p3u,515,120,14802,5033,0.34002161870017567,0.3877166541070083,0.33601609657947684,9769,17747.53114825643,33142.93984102138,33260.00618214506,37109,0.3507537688442211,0.3378287255563048,0.33573141486810554,0.3337969401947149,0.33240611961057026,0.3337969401947149,14.081255063820254,14.040029900867372,14.056414258692774,14.586431538270892,0.2868840434407924,0.586431538270892,2,14.24640763525927,143.0709579999966
80,14,P3-U,p3u,516,120,14879,5033,0.3382619799717723,0.3883018867924528,0.32841691248770893,9846,17737.13566200255,33248.07746782034,33362.21771456737,37033,0.3333333333333333,0.34388537154281906,0.32599118942731276,0.3337969401947149,0.33240611961057026,0.3337969401947149,14.08126173764672,14.040048371009036,14.0564199690321,14.586349179904857,0.2868827279342366,0.5863491799048575,2,14.246275918754813,161.70633299998008
80,14,P3-U,p3u,517,120,14968,5033,0.33625066809192944,0.3915525114155251,0.326171875,9935,17719.336591406984,33292.05578127118,33411.56088572225,37266,0.33848684210526314,0.33676322558997873,0.33244057582859055,0.3337969401947149,0.33240611961057026,0.3337969401947149,14.081261125268515,14.040032347409225,14.05641487009153,14.586307973863931,0.2868806191906011,0.5863079738639314,2,14.246275944803806,198.38075000001118
80,14,P3-U,p3u,518,120,15023,5033,0.33501963655727884,0.38338301043219075,0.3239573229873909,9990,17788.866273184572,33239.07728535175,33353.91237339643,37160,0.33648516465601563,0.33839116367287736,0.32342131640494487,0.3337969401947149,0.33240611961057026,0.3337969401947149,14.08125066228359,14.040035042751988,14.05641585426047,14.58654242107132,0.28688469459797455,0.5865424210713197,2,14.24652969182313,159.3521250000049
80,14,P3-U,p3u,519,120,14890,5032,0.3379449294828744,0.3982985305491106,0.3214400514304082,9858,17491.233509096433,33028.1170513101,33146.090673597864,36946,0.3469387755102041,0.33690261496844004,0.3318791946308725,0.3338632750397456,0.3322734499205087,0.3338632750397456,14.07514827849937,13.97881825454799,13.973084268266867,14.511115285808811,0.34238327165418975,0.5111152858088115,4,14.846080083061592,178.14775000000373
80,14,P3-U,p3u,520,120,15146,5033,0.3322989568202826,0.3896251419916698,0.32197943444730076,10113,17768.84301372997,33314.32875204161,33435.07967765682,37316,0.3278742220766459,0.33520105471324985,0.3279839518555667,0.3337969401947149,0.33240611961057026,0.3337969401947149,14.08125256245344,14.040041265933956,14.056417731350749,14.58653201871944,0.2868836389625686,0.5865320187194403,2,14.246485519971902,148.11691700000665
80,14,P3-U,p3u,521,120,15092,5033,0.3334879406307978,0.3806881243063263,0.3315684976836532,10059,17849.370479740064,33404.99042969466,33522.8457455792,37303,0.337037037037037,0.33498186613913616,0.3255044657624876,0.3337969401947149,0.33240611961057026,0.3337969401947149,14.08125699153589,14.04003832865569,14.056416876948523,14.586411642776804,0.2868893941834953,0.5864116427768042,2,14.246376801950895,168.18458400000236
80,14,P3-U,p3u,522,120,14972,5033,0.33616083355597115,0.37942477876106195,0.3276651406147809,9939,17948.57989662443,33491.54632213888,33610.32774387964,37469,0.32616487455197135,0.332261997118475,0.3590277777777778,0.3337969401947149,0.33240611961057026,0.3337969401947149,14.081258907452302,14.040038246927914,14.0564170156684,14.586376378901415,0.28688490524508053,0.5863763789014147,2,14.246327298460296,146.72691600001417
80,14,P3-U,p3u,523,120,15011,5033,0.33528745586569847,0.38669673055242393,0.32982225148123767,9978,17817.30596162761,33347.973714225824,33462.96597973898,37214,0.33267651888341543,0.3337405597512217,0.3426738690074274,0.3337969401947149,0.33240611961057026,0.3337969401947149,14.081252662590176,14.040033584706206,14.056415577788954,14.586503135914297,0.28688747213840177,0.5865031359142971,2,14.246470292849356,160.60566600001766
80,14,P3-U,p3u,524,120,14954,5033,0.3365654674334626,0.38553765455226674,0.3336663336663337,9921,17834.206506130304,33300.86017943173,33416.354378115255,37231,0.33694181326116374,0.33030470914127424,0.35519677093844604,0.3337969401947149,0.33240611961057026,0.3337969401947149,14.08125883860362,14.040041995689862,14.056418124796574,14.5863657594481,0.2868896618267777,0.5863657594480998,2,14.246335678549851,186.59083299999475
80,14,P3-U,p3u,525,120,15123,5033,0.33280433776367124,0.3925982449446776,0.31910828025477705,10090,17681.588676095267,33087.198967679105,33203.74262941043,36876,0.32538386148317544,0.3335184979446728,0.33812479581836,0.3337969401947149,0.33240611961057026,0.3337969401947149,14.081259994767,14.040048240137464,14.056419976537747,14.586369888634444,0.2868874881443712,0.5863698886344437,2,14.246322841326908,145.9854580000101
80,14,P3-U,p3u,526,120,15150,5032,0.3321452145214521,0.3856233620366904,0.3184713375796178,10118,17879.60015342186,33546.88525751207,33666.89813120042,37501,0.33452072538860106,0.3349145063430778,0.3213213213213213,0.3338632750397456,0.3322734499205087,0.3338632750397456,14.075145421511037,13.978830508199154,13.973087956620068,14.511235329276476,0.3423721470687917,0.5112353292764755,4,14.846166794690498,167.3143750000163
80,14,P3-U,p3u,527,120,14897,5033,0.3378532590454454,0.38210174526550317,0.3396610169491525,9864,17893.41503658787,33519.96775298803,33636.0279279123,37518,0.327445652173913,0.33861253624804816,0.3458319383997322,0.3337969401947149,0.33240611961057026,0.3337969401947149,14.081256354304262,14.040045613580231,14.056419241430396,14.586444868611894,0.2868862869809226,0.5864448686118937,2,14.246405782258298,141.9192500000063
80,14,P3-U,p3u,528,120,15067,5033,0.3340412822725161,0.3887419720438232,0.31718898385565053,10034,17732.38915821944,33213.60426741557,33329.41124529011,37074,0.33696010550609956,0.33404255319148934,0.33118556701030927,0.3337969401947149,0.33240611961057026,0.3337969401947149,14.081257429868714,14.04004367766135,14.056418660982237,14.586407103960745,0.28688576311746844,0.5864071039607452,2,14.246349727999686,154.70925000001444
80,14,P3-U,p3u,529,120,14874,5033,0.33837568912195776,0.38040665434380777,0.3385135135135135,9841,17795.235152695335,33244.03596602034,33356.58159599818,37026,0.3294954283779208,0.339043780091815,0.3451505016722408,0.3337969401947149,0.33240611961057026,0.3337969401947149,14.081258166910692,14.040043339581771,14.056418156305488,14.586402967380012,0.28688491942930683,0.5864029673800122,2,14.246354469385158,182.9562089999963
80,14,P3-U,p3u,530,120,15004,5033,0.3354438816315649,0.38238573021181715,0.3097372488408037,9971,17802.638167641027,33372.490199871485,33487.545016748685,37268,0.34302709847984136,0.3376813223883954,0.32155591572123177,0.3337969401947149,0.33240611961057026,0.3337969401947149,14.081255449990518,14.040043653392743,14.05641864282404,14.58646696748952,0.2868850219930359,0.5864669674895193,2,14.246416368709413,146.86195799999405
80,14,P3-D0.50,p3d_05,501,120,15018,5060,0.33692901851112,0.39462886982469225,0.32247662044501774,9958,17670.638375858332,33364.4943054972,33489.42403780285,37344,0.3429248476641842,0.3348159679750917,0.3373493975903614,0.33379446640316207,0.3324110671936759,0.33379446640316207,14.15690943681099,13.978815628069702,13.973083206351218,14.352102717959118,0.16915677915995386,0.3521027179591183,4,14.396214741892296,170.2371250000142
80,14,P3-D0.50,p3d_05,502,120,14935,5061,0.3388684298627385,0.4077071290944123,0.3198976327575176,9874,17504.35494628031,33047.99168573321,33159.311904919225,36889,0.340032414910859,0.3355063504552096,0.34778191669488656,0.3339261015609563,0.332345386287295,0.33372851215174865,14.158065608797564,13.978818498194372,13.973084319020058,14.352084610131014,0.16912097135230666,0.3520846101310138,4,14.394563409384542,159.1572500000184
80,14,P3-D0.50,p3d_05,503,120,15156,5060,0.3338611770915809,0.39477611940298507,0.31446540880503143,10096,17644.5638215014,33328.74070767332,33452.12157414397,37276,0.3333333333333333,0.3322715289982425,0.33920265780730896,0.33379446640316207,0.3324110671936759,0.33379446640316207,14.156912426455278,13.978808950431825,13.973081278444875,14.352063676497806,0.16915626713931495,0.35206367649780645,4,14.396181619574323,266.0893750000105
80,14,P3-D0.50,p3d_05,504,120,14935,5061,0.3388684298627385,0.39595808383233533,0.3244646333549643,9874,17618.42477969887,33207.25859498117,33317.47937811528,37125,0.33881799865681667,0.33939461137598403,0.33730428863172224,0.3339261015609563,0.332345386287295,0.33372851215174865,14.158069465518158,13.978824570863038,13.973086085768626,14.352051956585761,0.16912160667102785,0.35205195658576116,4,14.39452097758464,240.2189580000122
80,14,P3-D0.50,p3d_05,505,120,14696,5061,0.34437942297223734,0.3885420492104297,0.32992411745298583,9635,17695.86473427241,33338.47707771427,33449.91921107782,37180,0.34425110883657456,0.3433461800045341,0.3476044852191641,0.3339261015609563,0.332345386287295,0.33372851215174865,14.158060660286688,13.97881075633056,13.973081631396298,14.35212452261195,0.16912201561898096,0.35212452261195004,4,14.39461726634298,146.85625000001164
80,14,P3-D0.50,p3d_05,506,120,14887,5060,0.3398938671323974,0.3888276368981992,0.32562683165092804,9827,17711.86629625984,33349.458304136926,33466.90555200939,37124,0.3483633934535738,0.33829884011826244,0.3362374959664408,0.33379446640316207,0.3324110671936759,0.33379446640316207,14.156918049969454,13.978814387171203,13.973083010773315,14.352002080539158,0.16915739661800938,0.35200208053915816,4,14.396121426988735,165.8186660000065
80,14,P3-D0.50,p3d_05,507,120,14932,5060,0.33886954192338603,0.38305575669804487,0.321853878339234,9872,17782.06816199646,33285.64232165266,33401.309043701556,37092,0.32864617396991497,0.3397414277684092,0.34676065793890565,0.33379446640316207,0.3324110671936759,0.33379446640316207,14.15691815387845,13.978810594498915,13.973081765639591,14.351992955290129,0.16915485474423195,0.35199295529012886,4,14.396111659978496,145.4874589999963
80,14,P3-D0.50,p3d_05,508,120,15103,5060,0.3350327749453751,0.3771836007130125,0.3215434083601286,10043,18017.825297773896,33593.56654832477,33714.60148602593,37449,0.3374050841862001,0.3339248086946878,0.3359502780503762,0.33379446640316207,0.3324110671936759,0.33379446640316207,14.156916239180612,13.978816661934124,13.97308353717947,14.352025213405208,0.1691574361615923,0.35202521340520754,4,14.396138981069186,154.28283300000476
80,14,P3-D0.50,p3d_05,509,120,15068,5060,0.33581099017786037,0.3983433734939759,0.3132832080200501,10008,17603.752136081464,33318.33292712221,33443.59645949357,37352,0.3176979374584165,0.33933105199249364,0.3433233433233433,0.33379446640316207,0.3324110671936759,0.33379446640316207,14.156909705556192,13.978814830221815,13.973082982458017,14.352091434355158,0.1691582504005871,0.3520914343551578,4,14.396215065230782,185.30137500001
80,14,P3-D0.50,p3d_05,510,120,15073,5061,0.3357659390963975,0.3871203805342115,0.3286230693394676,10012,17718.26757183221,33261.24376389071,33373.6780888702,37121,0.3341208234897064,0.33626663733362666,0.3358728055647565,0.3339261015609563,0.332345386287295,0.33372851215174865,14.158061830823556,13.978816613562806,13.973083497771151,14.352121358867345,0.16912183010107357,0.3521213588673451,4,14.394606399323315,154.97683400000096
80,14,P3-D0.50,p3d_05,511,120,14783,5060,0.34228505716025165,0.39655172413793105,0.3333333333333333,9723,17461.685400545666,32867.61705943852,32992.65806163696,36873,0.3490696071674707,0.3421409214092141,0.336198347107438,0.33379446640316207,0.3324110671936759,0.33379446640316207,14.15691273226765,13.978803079563784,13.97307938123727,14.352043682518355,0.16915766578997282,0.35204368251835483,4,14.396178198892912,163.21516699998756
80,14,P3-D0.50,p3d_05,512,120,14929,5060,0.3389376381539286,0.4077071290944123,0.32341526520051744,9869,17319.619432576288,32827.72005549799,32947.077667558995,36792,0.329933169187478,0.34272197161403894,0.33600266933600265,0.33379446640316207,0.3324110671936759,0.33379446640316207,14.156913865258069,13.978826171019788,13.973086436957798,14.352062897368635,0.1691550236619383,0.3520628973686346,4,14.396167467713372,146.1341249999823
80,14,P3-D0.50,p3d_05,513,120,14926,5060,0.3390057617580062,0.3964031472461596,0.3259452411994785,9866,17427.947414337137,32742.315820314576,32862.327974558626,36619,0.3345929233940227,0.3445013357079252,0.32695480039590896,0.33379446640316207,0.3324110671936759,0.33379446640316207,14.156909647956718,13.978812711284592,13.973082234793964,14.352098078711691,0.16915878501318796,0.3520980787116912,4,14.396223392870409,200.94720799999777
80,14,P3-D0.50,p3d_05,514,120,14983,5060,0.3377160782219849,0.3888276368981992,0.333889816360601,9923,17814.25058627673,33653.18376751276,33777.17149730362,37607,0.34200988467874793,0.33725969552172463,0.3346897253306205,0.33379446640316207,0.3324110671936759,0.33379446640316207,14.156912293506112,13.97880152477537,13.973079025949117,14.352051476668748,0.169157750066927,0.35205147666874836,4,14.396186657271535,177.00004199999967
80,14,P3-D0.50,p3d_05,515,120,14802,5060,0.3418456965274963,0.39826676714393366,0.335345405767941,9742,17555.553405540573,33029.69708310632,33157.1177065896,37044,0.352428810720268,0.3398516520566419,0.3371017471736896,0.33379446640316207,0.3324110671936759,0.33379446640316207,14.156920561967494,14.00371992139096,14.014542564811395,14.314625410811736,0.14677318598649844,0.3146254108117361,2,14.094588657744517,142.3846659999981
80,14,P3-D0.50,p3d_05,516,120,14879,5060,0.34007661805228845,0.3992452830188679,0.3277613897082924,9819,17543.412160955904,33131.685701829476,33252.98369073324,36923,0.3353846153846154,0.34588470509830055,0.3270077939681464,0.33379446640316207,0.3324110671936759,0.33379446640316207,14.156918398145587,13.978816967421702,13.973083661265662,14.352000692766715,0.16915514561096445,0.3520006927667154,4,14.396114589146386,160.40004099998623
80,14,P3-D0.50,p3d_05,517,120,14968,5060,0.33805451630144306,0.4025875190258752,0.3255208333333333,9908,17527.092359646063,33182.10329688439,33304.782255966114,37165,0.3401315789473684,0.3384408902807292,0.33478406427854035,0.33379446640316207,0.3324110671936759,0.33379446640316207,14.1569134843011,13.978815628069704,13.973083206351214,14.35204922224642,0.16915680187385557,0.35204922224641955,4,14.39616491127611,191.3039160000044
80,14,P3-D0.50,p3d_05,518,120,15023,5060,0.3368168807827997,0.39418777943368105,0.3233107015842224,9963,17597.174228529653,33127.053525181465,33249.56886608727,37070,0.3387675252689925,0.34006471047640296,0.32509188105579684,0.33379446640316207,0.3324110671936759,0.33379446640316207,14.1569099371651,13.97880683433167,13.973080577380053,14.352081937818992,0.16916000837622816,0.35208193781899233,4,14.396210891894096,150.1469999999972
80,14,P3-D0.50,p3d_05,519,120,14890,5060,0.3398253861652116,0.4091260634184068,0.3214400514304082,9830,17305.07436517492,32917.261935168346,33037.71780632384,36834,0.34924292297564186,0.3383678990081154,0.3345637583892617,0.33379446640316207,0.3324110671936759,0.33379446640316207,14.156914752969445,13.978821714461125,13.973085327648905,14.352039988238552,0.1691541102771366,0.35203998823855187,4,14.39615742301642,172.07433299999684
80,14,P3-D0.50,p3d_05,520,120,15146,5061,0.33414762973722434,0.40022718667171525,0.3213367609254499,10085,17581.17822306483,33215.24944480024,33330.515366937056,37225,0.3291844087782509,0.33717864205669085,0.3299899699097292,0.3339261015609563,0.332345386287295,0.33372851215174865,14.15806220243265,13.978802698433308,13.973079156077263,14.352100635033628,0.16912375648595365,0.35210063503362754,4,14.394600282124728,149.23787499999162
80,14,P3-D0.50,p3d_05,521,120,15092,5060,0.33527696793002915,0.39141694413614503,0.3309066843150232,10032,17656.064303229265,33293.80479704764,33417.850664060716,37209,0.3387205387205387,0.3370700076931531,0.3264968574263976,0.33379446640316207,0.3324110671936759,0.33379446640316207,14.156910864155126,13.978808443663238,13.9730810559992,14.352075569343144,0.16915754651609632,0.3520755693431443,4,14.396199571309191,163.17179100000067
80,14,P3-D0.50,p3d_05,522,120,14972,5059,0.3378974084958589,0.38974926253687314,0.3270111183780249,9913,17754.07735494919,33371.77587140776,33504.75548280799,37373,0.3281199087650701,0.33392441538291034,0.3607638888888889,0.3338604467286025,0.332279106542795,0.3338604467286025,14.150798883207747,13.97881022014687,13.97308171930011,14.314478590834971,0.1465076113772655,0.3144785908349714,2,14.096092411731231,194.1483339999977
80,14,P3-D0.50,p3d_05,523,120,15011,5060,0.33708613683298916,0.39759488913942126,0.32916392363396973,9951,17625.11208123049,33232.11589677327,33352.173170388654,37083,0.33464696223316914,0.3351843625055531,0.34537474679270763,0.33379446640316207,0.3324110671936759,0.33379446640316207,14.156910367040641,13.978811744747695,13.973082293131831,14.352080943320637,0.16915831362621533,0.35208094332063666,4,14.39620614835895,150.46758299999055
80,14,P3-D0.50,p3d_05,524,120,14954,5061,0.33843787615353754,0.3964031472461596,0.333000333000333,9893,17647.790301275192,33197.36327734059,33311.01553501418,37104,0.33795669824086605,0.3320775623268698,0.35822401614530774,0.3339261015609563,0.332345386287295,0.33372851215174865,14.158068990600666,13.978811952720166,13.97308224659547,14.352038653621898,0.16912330696849592,0.35203865362189823,4,14.39453077682627,173.06795900000725
80,14,P3-D0.50,p3d_05,525,120,15123,5060,0.33458969781128084,0.4036627241510874,0.3184713375796178,10063,17488.62572810156,32969.83647388114,33086.162466011425,36780,0.3270173146030709,0.33529607821353186,0.34008493956223457,0.33379446640316207,0.3324110671936759,0.33379446640316207,14.156914593124059,13.978810470484712,13.973081625157457,14.352039767796661,0.16915609743251306,0.35203976779666135,4,14.396162221044879,149.36650000000373
80,14,P3-D0.50,p3d_05,526,120,15150,5061,0.3340594059405941,0.3961063272182703,0.3184713375796178,10089,17696.564799566422,33444.016798726385,33557.184972000556,37366,0.33646373056994816,0.3372311086596801,0.32198865532198867,0.33372851215174865,0.332345386287295,0.3339261015609563,14.158061741992567,13.978820676821243,13.973084861507429,14.352142079286223,0.1691208831578065,0.35214207928622265,4,14.394614626981001,169.57083300000522
80,14,P3-D0.50,p3d_05,527,120,14897,5060,0.3396657045042626,0.3928704047530635,0.3389830508474576,9837,17702.209368468157,33411.23473090927,33536.84487902352,37449,0.32846467391304346,0.3405085879991077,0.34817542684968195,0.33379446640316207,0.3324110671936759,0.33379446640316207,14.156907780170602,13.978807819824775,13.973080868799988,14.35210197879347,0.16915906475625347,0.3521019787934705,4,14.396241922390862,193.96683299998404
80,14,P3-D0.50,p3d_05,528,120,15067,5061,0.33589964823787083,0.39969777106157917,0.31655587211142766,10006,17542.275228666553,33107.80101784245,33221.33485597197,36967,0.33893834487306296,0.3357222844344905,0.3334407216494845,0.3339261015609563,0.332345386287295,0.33372851215174865,14.158067585639607,13.978830402368674,13.973088074089823,14.352080953437687,0.16912093247896862,0.35208095343768697,4,14.394546744704794,149.2151249999879
80,14,P3-D0.50,p3d_05,529,120,14874,5060,0.3401909372058626,0.3911275415896488,0.33783783783783783,9814,17604.39641167473,33124.685823957916,33240.759181426714,36885,0.332204537758212,0.3404993841675064,0.34715719063545153,0.33379446640316207,0.3324110671936759,0.33379446640316207,14.156915842459673,13.978811657778438,13.973081786118355,14.352017950381507,0.1691560750292778,0.35201795038150685,4,14.396145886442158,173.95975000000908
80,14,P3-D0.50,p3d_05,530,120,15004,5060,0.33724340175953077,0.39316239316239315,0.3091190108191654,9944,17612.22066124464,33259.531411468524,33383.65337297592,37136,0.34434897554527427,0.33970538625885527,0.32317666126418154,0.33379446640316207,0.3324110671936759,0.33379446640316207,14.156918081580695,13.978815476870883,13.973083327919959,14.3519996952242,0.16915639094807539,0.35199969522419927,4,14.396116429342763,140.54041699998197
80,14.05,P3-U,p3u,501,120,15018,5050,0.33626315088560393,0.3849309958970533,0.32408900354724285,9968,17832.16824310928,33420.151990930935,33539.166010271816,37373,0.34190927555856465,0.3340375847881686,0.3373493975903614,0.3338613861386139,0.3324752475247525,0.3336633663366337,14.130590379549838,14.057212578033615,14.057055954544587,14.550785361631824,0.3347889660575593,0.5007853616318236,2,14.152513839636937,170.3086670000048
80,14.05,P3-U,p3u,502,120,14935,5049,0.33806494810847004,0.3980732177263969,0.32117722328854764,9886,17656.911541733403,33099.340816305325,33212.637334208186,36924,0.33905996758508916,0.33460717095650216,0.34744327802235014,0.3337294513765102,0.3325410972469796,0.3337294513765102,14.129415729818938,14.051491126782151,14.056844184539157,14.552613444850484,0.33364778465954914,0.5026134448504838,2,14.15626865171271,191.17829099998926
80,14.05,P3-U,p3u,503,120,15156,5049,0.3331353919239905,0.38544776119402985,0.31572327044025156,10107,17801.32587499122,33385.79196218512,33502.57259471914,37309,0.331689677843524,0.3318321616871705,0.33853820598006645,0.3337294513765102,0.3325410972469796,0.3337294513765102,14.129416392436603,14.051468646214333,14.056837053274636,14.552548243926601,0.33365301596309704,0.5025482439266007,2,14.156239111292743,150.81570799998008
80,14.05,P3-U,p3u,504,120,14935,5049,0.33806494810847004,0.3866017964071856,0.3257624918883842,9886,17769.548158091282,33258.6298170192,33373.02608589161,37179,0.33848220282068503,0.33839671803969396,0.3366235534377127,0.3337294513765102,0.3325410972469796,0.3337294513765102,14.129421837664841,14.051472435111164,14.056838163095142,14.552449784454195,0.3336569476752883,0.5024497844541944,2,14.156118645692892,173.88145799998892
80,14.05,P3-U,p3u,505,120,14696,5050,0.34363091997822537,0.37899375688578774,0.33157373804025075,9646,17850.619087550956,33387.779876959525,33502.36232675012,37230,0.3432275673831457,0.3425527091362503,0.3472646958885491,0.3336633663366337,0.3324752475247525,0.3338613861386139,14.130591761234019,14.057223477238987,14.057059297255131,14.550769888610377,0.33478878046294686,0.5007698886103764,2,14.152489800332514,142.11020900000585
80,14.05,P3-U,p3u,506,120,14887,5050,0.3392221401222543,0.37927232635060637,0.3272549658091827,9837,17871.2476882851,33408.472612723126,33522.564889623565,37156,0.34769539078156314,0.33784398453491016,0.33494675701839305,0.3338613861386139,0.3324752475247525,0.3336633663366337,14.130589884495542,14.057216181602683,14.057057272256111,14.550794995463486,0.334790384840166,0.5007949954634849,2,14.152533979318179,158.89858300000196
80,14.05,P3-U,p3u,507,120,14932,5049,0.33813286900616124,0.3740043446777697,0.32346314773093016,9883,17937.481863776364,33338.7104858514,33461.371650464615,37141,0.3276651406147809,0.33895446880269814,0.3464249748237664,0.3337294513765102,0.3323430382253912,0.33392751039809865,14.124449369999182,14.05720405204467,14.057053397576743,14.601193313384263,0.32175115372866037,0.5511933133842621,2,14.75294767657023,191.36120799998753
80,14.05,P3-U,p3u,508,120,15103,5050,0.3343706548367874,0.3679144385026738,0.32315112540192925,10053,18177.850920220604,33650.32095771683,33767.363532035604,37516,0.3364146583030703,0.333370300543418,0.33529604187111545,0.3336633663366337,0.3324752475247525,0.3338613861386139,14.130590285297716,14.057206943182104,14.057054164272033,14.55077633567597,0.334783056871766,0.5007763356759689,2,14.152531153026906,150.4322080000129
80,14.05,P3-U,p3u,509,120,15068,5049,0.33508096628616935,0.38893072289156627,0.31453634085213034,10019,17759.622970923458,33372.84692151573,33494.35049512507,37398,0.31736526946107785,0.3386687272325864,0.341991341991342,0.3337294513765102,0.3325410972469796,0.3337294513765102,14.12941914232369,14.051464177556818,14.056835446220163,14.552457320026614,0.33363833395789716,0.5024573200266129,2,14.156178444134472,174.1540420000092
80,14.05,P3-U,p3u,510,120,15073,5050,0.33503615736747827,0.37760702524698136,0.3305948077555044,10023,17876.234118192337,33301.8190671057,33423.39321357741,37158,0.3334458319271009,0.33549664503354965,0.33521033454786353,0.3338613861386139,0.3322772277227723,0.3338613861386139,14.125593404780478,14.06287909791642,14.057250656322447,14.599943303783277,0.3207020290911135,0.5499433037832766,2,14.74990175390176,143.53812499999185
80,14.05,P3-U,p3u,511,120,14783,5049,0.3415409592099033,0.38718140929535233,0.33466666666666667,9734,17618.138321276816,32924.78452498528,33039.89735640123,36883,0.3483804272915231,0.3413504968383017,0.33553719008264465,0.3337294513765102,0.3325410972469796,0.3337294513765102,14.129418977317192,14.051466918267925,14.056836426290117,14.55247910833125,0.3336420619835005,0.502479108331249,2,14.156184935644346,157.64133299997775
80,14.05,P3-U,p3u,512,120,14929,5050,0.33826780092437536,0.3976878612716763,0.32503234152652005,9879,17481.23589895313,32884.9738602824,33003.83689694148,36821,0.32887794583186775,0.3420618329849268,0.335669002335669,0.3338613861386139,0.3324752475247525,0.3336633663366337,14.13058964188826,14.05722248050648,14.057058923611903,14.550820269636489,0.33478461317466934,0.5008202696364883,2,14.15256903979406,192.62754099999438
80,14.05,P3-U,p3u,513,120,14926,5049,0.33826879271070615,0.38703634319970026,0.3272490221642764,9877,17586.1306835992,32802.40597076015,32914.58592319347,36645,0.33356234970800414,0.34394479073909173,0.32596502804355,0.3337294513765102,0.3325410972469796,0.3337294513765102,14.129420370784812,14.051462800466325,14.056834939222844,14.55243723531711,0.3336431705913822,0.5024372353171085,2,14.156155339034045,149.15808299998753
80,14.05,P3-U,p3u,514,120,14983,5049,0.3369819128345458,0.37963983829474457,0.33522537562604343,9934,17970.049724153418,33708.80723418212,33829.86746047478,37645,0.3416803953871499,0.3363707078564285,0.3340115293319769,0.3337294513765102,0.3325410972469796,0.3337294513765102,14.129417532133115,14.051479670206396,14.056840628273234,14.552519421445353,0.33363828937312096,0.5025194214453528,2,14.15621148380444,175.27800000002026
80,14.05,P3-U,p3u,515,120,14802,5050,0.34117011214700715,0.3888470233609646,0.33702213279678067,9752,17716.526449525718,33087.01991985954,33203.52520218307,37062,0.3520938023450586,0.33906495841762196,0.33641658102089755,0.3336633663366337,0.3324752475247525,0.3338613861386139,14.13059794712519,14.0572251039818,14.05705994202025,14.550658586996557,0.33478693405725046,0.5006585869965559,2,14.15237925015486,141.64962500002002
80,14.05,P3-U,p3u,516,120,14879,5050,0.3394045298743195,0.38943396226415095,0.32940019665683384,9829,17705.74245052538,33189.54027159796,33305.05911916369,36970,0.3343589743589744,0.34532933466622234,0.32633005760759065,0.3336633663366337,0.3324752475247525,0.3338613861386139,14.130590761310861,14.057204514130428,14.057053392210952,14.550760296851271,0.33478588223011574,0.5007602968512703,2,14.152517326547812,158.87791699997615
80,14.05,P3-U,p3u,517,120,14968,5050,0.33738642437199357,0.3926940639269406,0.3271484375,9918,17688.26244941489,33237.70202232472,33356.60844375991,37207,0.3391447368421053,0.33788166871714576,0.3341144961499833,0.3336633663366337,0.3324752475247525,0.3338613861386139,14.130593380394345,14.057215786063933,14.05705692445744,14.55071724653491,0.3347902086390735,0.5007172465349097,2,14.152456481847846,211.57070899999235
80,14.05,P3-U,p3u,518,120,15023,5049,0.3360846701724023,0.3848733233979136,0.32460394439055934,9974,17752.45511873277,33184.367347798034,33302.24014423583,37101,0.3374633192044343,0.33950686154189447,0.3244236551954561,0.3337294513765102,0.3325410972469796,0.3337294513765102,14.12941499531484,14.05146377970865,14.056835473528402,14.552556109995786,0.3336417298950816,0.5025561099957851,2,14.156274794067883,151.07254100000137
80,14.05,P3-U,p3u,519,120,14890,5049,0.339086635325722,0.3994586233565352,0.32272581163612984,9841,17459.368027110177,32974.23705712286,33093.84068817517,36872,0.3485845951283739,0.337917042380523,0.33288590604026846,0.3337294513765102,0.3325410972469796,0.3337294513765102,14.12941890850169,14.051467765259607,14.05683678139755,14.552492621647014,0.33364786429271087,0.5024926216470131,2,14.156182201794625,174.20266700000502
80,14.05,P3-U,p3u,520,120,15146,5050,0.33342136537699724,0.3907610753502461,0.32294344473007713,10096,17737.76396023784,33260.881024489616,33380.045123082484,37259,0.3291844087782509,0.33618984838497035,0.32932129722500836,0.3338613861386139,0.3324752475247525,0.3336633663366337,14.130584381065626,14.05720874839532,14.057054749133913,14.550893375284362,0.3347811229090945,0.5008933752843614,2,14.152640084608121,144.77799999999115
80,14.05,P3-U,p3u,521,120,15092,5050,0.33461436522661014,0.38179800221975585,0.3328921244209133,10042,17818.806910661147,33340.5520595144,33463.12536537766,37225,0.33804713804713804,0.3363006923837784,0.32616606020509425,0.3338613861386139,0.3322772277227723,0.3338613861386139,14.125596411646724,14.0628798700377,14.05725100216199,14.5998840586757,0.3207028171450841,0.5498840586756994,2,14.749851457032104,164.07425000000512
80,14.05,P3-U,p3u,522,120,14972,5050,0.3372962864012824,0.3805309734513274,0.328973185088293,9922,17917.61365354693,33428.324957086814,33555.28309165012,37410,0.3277940697295536,0.3333702759614319,0.3597222222222222,0.3338613861386139,0.3322772277227723,0.3338613861386139,14.125596645779332,14.062885222046331,14.057252829703003,14.599894237633643,0.32069925119427833,0.5498942376336426,2,14.749846741023076,200.48158299998613
80,14.05,P3-U,p3u,523,120,15011,5049,0.3363533408833522,0.3881999248402856,0.3304805793285056,9962,17781.022086109708,33291.62902184446,33405.6045924999,37150,0.33464696223316914,0.33440693025322077,0.34402430790006755,0.3337294513765102,0.3325410972469796,0.3337294513765102,14.129419879400452,14.051468644756334,14.056837193379172,14.552458119557876,0.3336360359701458,0.5024581195578754,2,14.15617479952747,152.91862499999115
80,14.05,P3-U,p3u,524,120,14954,5050,0.3377022870135081,0.3866616710378419,0.33466533466533466,9904,17803.20685084639,33245.13034827941,33362.98754113474,37150,0.3376184032476319,0.3310803324099723,0.35788765556676755,0.3338613861386139,0.3324752475247525,0.3336633663366337,14.130597082522005,14.057224751501971,14.057059965229506,14.550668988699947,0.33478975104140957,0.500668988699946,2,14.152389729316473,179.13187500002095
80,14.05,P3-U,p3u,525,120,15123,5049,0.33386232890299544,0.39412438000763067,0.3200636942675159,10074,17645.563360986496,33021.696943637166,33143.098683117525,36801,0.3263639333551127,0.3346294856127097,0.3391048676902973,0.3337294513765102,0.3323430382253912,0.33392751039809865,14.124453926576479,14.057218504902826,14.057057834978659,14.601115220159867,0.32174449468256006,0.5511152201598666,2,14.752843545399882,144.29704199999105
80,14.05,P3-U,p3u,526,120,15150,5050,0.3333333333333333,0.3863721452639461,0.3200636942675159,10100,17852.34106558058,33491.72900598429,33612.554912879525,37422,0.33581606217616583,0.33634859349145063,0.321654988321655,0.3338613861386139,0.3324752475247525,0.3336633663366337,14.130587565390366,14.057217950535408,14.057057664930577,14.550879458103916,0.3347864095054342,0.5008794581039151,2,14.152605033775604,165.57279200002085
80,14.05,P3-U,p3u,527,120,14897,5049,0.33892730079881855,0.38358707760861493,0.3403389830508475,9848,17857.733787192996,33467.271946389614,33587.00758552083,37479,0.32846467391304346,0.339727860807495,0.3468362905925678,0.3337294513765102,0.3325410972469796,0.3337294513765102,14.129414150588422,14.051469387454484,14.056837199043526,14.552602683928049,0.3336511468653001,0.502602683928048,2,14.156302494291456,142.25658399998792
80,14.05,P3-U,p3u,528,120,15067,5049,0.33510320568129026,0.39025311673592744,0.3178220955998734,10018,17696.398206829785,33157.599358411615,33269.73346005426,36999,0.33794922518958126,0.33516237402015675,0.3321520618556701,0.3337294513765102,0.3325410972469796,0.3337294513765102,14.129418495589697,14.0514818066338,14.056841215274956,14.552514914317934,0.33364604255022445,0.502514914317933,2,14.156200019106882,153.52116600002046
80,14.05,P3-U,p3u,529,120,14874,5049,0.33945139169019767,0.3818853974121996,0.33918918918918917,9825,17758.929620712886,33185.40632420868,33297.99332874749,36946,0.3308499830680664,0.33993953644608665,0.3464882943143813,0.3337294513765102,0.3325410972469796,0.3337294513765102,14.129425238045588,14.051464264518053,14.056835302708969,14.552321528593945,0.33364440153934116,0.502321528593944,2,14.156047033957982,179.20350000000326
80,14.05,P3-U,p3u,530,120,15004,5050,0.33657691282324714,0.3835005574136009,0.3106646058732612,9954,17771.240920694458,33316.09041201136,33434.49241416729,37174,0.34401850627891606,0.33880580231642865,0.3228525121555916,0.3338613861386139,0.3324752475247525,0.3336633663366337,14.130588902737124,14.057218562283047,14.057058004908882,14.550834862497004,0.3347926071039571,0.5008348624970029,2,14.152565710020284,143.1857499999751
80,14.05,P3-D0.50,p3d_05,501,120,15018,5078,0.33812758023704886,0.39462886982469225,0.32441148016768784,9940,17649.94017414064,33312.73793391518,33432.90737859425,37283,0.34394041976980366,0.3361503391526743,0.33832627808531424,0.33379283182355257,0.33241433635289486,0.33379283182355257,14.207351456536836,14.062879336163435,14.057250714958883,14.373174067951853,0.15820898986615384,0.323174067951852,2,14.348157407137817,162.24745900000562
80,14.05,P3-D0.50,p3d_05,502,120,14935,5078,0.34000669568128555,0.4077071290944123,0.3218170185540627,9857,17478.62541988569,32984.428278767184,33103.35858268242,36821,0.3406807131280389,0.3367427222659323,0.3491364713850322,0.33379283182355257,0.33241433635289486,0.33379283182355257,14.207352881034092,14.06289229761935,14.057255054017476,14.37316395980517,0.15820810080477654,0.32316395980516965,2,14.348134231624938,196.18695799997658
80,14.05,P3-D0.50,p3d_05,503,120,15156,5078,0.3350488255476379,0.39477611940298507,0.3163522012578616,10078,17623.785845697974,33276.83507587184,33401.377528116805,37218,0.3339907955292571,0.33380931458699475,0.33986710963455147,0.33379283182355257,0.33241433635289486,0.33379283182355257,14.207353936289842,14.062879447314337,14.057250916414192,14.373151720923905,0.15821311377583316,0.32315172092390476,2,14.348131433428817,151.3886670000211
80,14.05,P3-D0.50,p3d_05,504,120,14935,5078,0.34000669568128555,0.39595808383233533,0.3264114211550941,9857,17593.280172155417,33144.07479729546,33262.89932105007,37041,0.34184016118200133,0.340170750637543,0.337644656228727,0.33379283182355257,0.33241433635289486,0.33379283182355257,14.207359121316705,14.062884886284202,14.057252600444011,14.37310061921225,0.15820951410725398,0.32310061921224964,2,14.348077014091736,180.83816600000137
80,14.05,P3-D0.50,p3d_05,505,120,14696,5078,0.34553620032661947,0.3885420492104297,0.3319036621577037,9618,17670.663089589245,33275.49554275471,33396.49431793131,37122,0.34493346980552714,0.3450464747222852,0.3476044852191641,0.33379283182355257,0.33241433635289486,0.33379283182355257,14.207355680697152,14.062894201884612,14.057255342589071,14.373142749012613,0.158208325874499,0.32314274901261264,2,14.348121648629224,140.50916700001108
80,14.05,P3-D0.50,p3d_05,506,120,14887,5078,0.34110297575065496,0.3888276368981992,0.3275805926408336,9809,17690.14024767792,33292.74692399718,33409.619532315955,37038,0.3503674014696059,0.3393222651808051,0.3372055501774766,0.33379283182355257,0.33241433635289486,0.33379283182355257,14.207359124370244,14.062884881823228,14.057252697041244,14.373091985545031,0.1582096017166659,0.32309198554503027,2,14.348072129279036,157.95133300000452
80,14.05,P3-D0.50,p3d_05,507,120,14932,5078,0.3400750066970265,0.38305575669804487,0.3237850016092694,9854,17760.058180936907,33229.09306563781,33346.59684281385,37025,0.3296272073250491,0.34109050028105675,0.3477677072843236,0.33379283182355257,0.33241433635289486,0.33379283182355257,14.207358616020748,14.062876533532197,14.057249988364239,14.373082174129195,0.1582111043428836,0.32308217412919404,2,14.348064963961978,189.41104199999245
80,14.05,P3-D0.50,p3d_05,508,120,15103,5078,0.336224591140833,0.3771836007130125,0.3234726688102894,10025,17995.590355664895,33539.09464889822,33657.526454634564,37387,0.33839551006932983,0.33503382499722745,0.33758586849852795,0.33379283182355257,0.33241433635289486,0.33379283182355257,14.207353390137085,14.062870493281608,14.057247954773485,14.373137915429373,0.15821437091246024,0.3231379154293723,2,14.348132024018978,147.98874999998952
80,14.05,P3-D0.50,p3d_05,509,120,15068,5078,0.33700557472790016,0.3983433734939759,0.3151629072681704,9990,17583.315061292913,33268.66562908546,33393.18494112889,37291,0.3193612774451098,0.34032453913235455,0.34465534465534464,0.33379283182355257,0.33241433635289486,0.33379283182355257,14.20735031289458,14.06287357044036,14.05724893219198,14.373174244589238,0.15821182302772246,0.3231742445892376,2,14.348171138862584,169.89262500000768
80,14.05,P3-D0.50,p3d_05,510,120,15073,5078,0.3368937835865455,0.3871203805342115,0.3305948077555044,9995,17692.579879151326,33197.57584713227,33316.92088416287,37052,0.33580830239622006,0.3371466285337147,0.33719774759854254,0.33379283182355257,0.33241433635289486,0.33379283182355257,14.207351167929037,14.062869234805957,14.057247596141544,14.373156264661588,0.15821245558578897,0.32315626466158776,2,14.348155302175721,141.20987500000047
80,14.05,P3-D0.50,p3d_05,511,120,14783,5078,0.3435026719880944,0.39655172413793105,0.3353333333333333,9705,17440.068704916244,32816.108407911044,32938.29207835183,36808,0.35044796691936597,0.34338301716350494,0.3371900826446281,0.33379283182355257,0.33241433635289486,0.33379283182355257,14.207353301030293,14.062864040089053,14.05724605776276,14.373132327767303,0.15821480876326216,0.3231323277673024,2,14.348136202793077,152.8784169999999
80,14.05,P3-D0.50,p3d_05,512,120,14929,5078,0.3401433451671244,0.4077071290944123,0.3253557567917206,9851,17298.16403158608,32775.02234840558,32896.9298391344,36748,0.3306366514245515,0.3436021564528551,0.33867200533867203,0.33379283182355257,0.33241433635289486,0.33379283182355257,14.207348379910705,14.062874999756554,14.05724928710253,14.373205419657815,0.15821222489906064,0.323205419657814,2,14.348188608541216,180.35283399999025
80,14.05,P3-D0.50,p3d_05,513,120,14926,5078,0.3402117111081335,0.3964031472461596,0.32790091264667537,9848,17405.538007154657,32687.134699131457,32806.23151084125,36550,0.3359670216420474,0.34583704363312556,0.3276146486308149,0.33379283182355257,0.33241433635289486,0.33379283182355257,14.207352644724358,14.062885042882384,14.057252470992028,14.373169269285631,0.15821097722268948,0.3231692692856303,2,14.348151383578458,143.5146250000107
80,14.05,P3-D0.50,p3d_05,514,120,14983,5078,0.33891743976506705,0.3888276368981992,0.3358931552587646,9905,17793.834912482347,33602.49768570687,33726.98880902208,37543,0.34464579901153214,0.3382598066451828,0.3350288233299423,0.33379283182355257,0.33241433635289486,0.33379283182355257,14.207351314359496,14.062877032670935,14.057250266991765,14.373171825847697,0.15821260359656564,0.3231718258476963,2,14.348161486103162,163.9112079999759
80,14.05,P3-D0.50,p3d_05,515,120,14802,5077,0.3429941899743278,0.39826676714393366,0.33735747820254863,9725,17531.547899374058,32971.66290785051,33100.318321108534,36965,0.35376884422110555,0.3409755001123848,0.3381294964028777,0.33385857790033485,0.3322828441993303,0.33385857790033485,14.201232570201437,14.06285550971807,14.057243270583847,14.385619288448261,0.16686586060201455,0.3356192884482603,2,14.64812715841317,143.62283300000126
80,14.05,P3-D0.50,p3d_05,516,120,14879,5078,0.34128637677263257,0.3992452830188679,0.3297279580465421,9801,17521.590006489292,33076.38359970504,33192.82079986444,36846,0.3353846153846154,0.3474397423081195,0.32836326668925786,0.33379283182355257,0.33241433635289486,0.33379283182355257,14.207354480022843,14.062872740087426,14.057248651424596,14.37313283791571,0.15821356122217978,0.32313283791570946,2,14.348120194247576,153.43358300000546
80,14.05,P3-D0.50,p3d_05,517,120,14968,5078,0.3392570817744522,0.4025875190258752,0.3274739583333333,9890,17506.157543015288,33130.222009243465,33252.87452883514,37071,0.34078947368421053,0.3394474890951795,0.3371275527284901,0.33379283182355257,0.33241433635289486,0.33379283182355257,14.20734801132197,14.062867667839761,14.057247069916103,14.373196803629911,0.15821132521572961,0.32319680362991043,2,14.348187098921255,176.88950000001932
80,14.05,P3-D0.50,p3d_05,518,120,15023,5078,0.3380150435998136,0.39418777943368105,0.3252505657937278,9945,17576.141429240342,33074.652410216855,33194.95978050984,36959,0.3400717313335507,0.34129197813232176,0.32609421984630804,0.33379283182355257,0.33241433635289486,0.33379283182355257,14.207352217781049,14.062869597067182,14.05724779526011,14.373148210526276,0.1582147599950508,0.3231482105262753,2,14.348145589089732,142.43779199998244
80,14.05,P3-D0.50,p3d_05,519,120,14890,5078,0.3410342511752854,0.4091260634184068,0.3233686917389907,9812,17283.769755984347,32864.19043895927,32985.74660501562,36752,0.35121790651744567,0.3394950405770965,0.3352348993288591,0.33379283182355257,0.33241433635289486,0.33379283182355257,14.207353541834188,14.062880826801225,14.057251372020962,14.373150305252274,0.1582092447578852,0.3231503052522733,2,14.348134384173171,157.21704200000386
80,14.05,P3-D0.50,p3d_05,520,120,15146,5079,0.3353360623266869,0.40022718667171525,0.3232647814910026,10067,17563.449423013608,33152.63010120493,33278.34364286637,37173,0.3298395021290534,0.3382773016919358,0.3319959879638917,0.33392400078755663,0.33234888757629455,0.3337271116361488,14.208503783038992,14.062894430271298,14.057255505705983,14.3715754462909,0.15820416307700116,0.3215754462908986,2,14.346542611855776,214.77237500000047
80,14.05,P3-D0.50,p3d_05,521,120,15092,5078,0.3364696527961834,0.39141694413614503,0.3328921244209133,10014,17634.900297081476,33241.59215839765,33363.754631688156,37130,0.3397306397306397,0.33838883393779534,0.32748924909030763,0.33379283182355257,0.33241433635289486,0.33379283182355257,14.207348624642941,14.062869832311234,14.05724781038925,14.373189488023584,0.15821447914566675,0.3231894880235835,2,14.348186445738495,149.40962500000023
80,14.05,P3-D0.50,p3d_05,522,120,14972,5077,0.339099652685012,0.38974926253687314,0.328973185088293,9895,17734.468458678708,33323.419550979845,33455.04629749631,37318,0.32877158683610297,0.3353651778787543,0.36180555555555555,0.33385857790033485,0.3322828441993303,0.33385857790033485,14.201239395126025,14.062871257938939,14.057248353702951,14.385562792294317,0.16687240489032434,0.33556279229431674,2,14.64805030942033,171.68370900000446
80,14.05,P3-D0.50,p3d_05,523,120,15011,5078,0.3382852574778496,0.39759488913942126,0.33113890717577354,9933,17603.572888033043,33176.52059249619,33293.42106853434,37006,0.3359605911330049,0.33618391825855176,0.34706279540850776,0.33379283182355257,0.33241433635289486,0.33379283182355257,14.20735211207028,14.062868093653057,14.057247522887579,14.373147381153244,0.15821679117658344,0.3231473811532428,2,14.348149951678582,140.05704099999275
80,14.05,P3-D0.50,p3d_05,524,120,14954,5078,0.339574695733583,0.3964031472461596,0.334998334998335,9876,17622.328960487976,33135.93829920858,33256.140382372876,37038,0.33897158322056836,0.33340720221606646,0.35889673730238814,0.33379283182355257,0.33241433635289486,0.33379283182355257,14.207357222089621,14.062867422901286,14.057247156175515,14.373092304002439,0.15821235468693332,0.32309230400243827,2,14.348091974518784,156.93241700000362
80,14.05,P3-D0.50,p3d_05,525,120,15123,5078,0.33577993784302057,0.4036627241510874,0.3203821656050955,10045,17466.583822837314,32914.147106392025,33033.23936943664,36711,0.3289774583469454,0.336295967114765,0.34106501143417184,0.33379283182355257,0.33241433635289486,0.33379283182355257,14.20735373721916,14.062884071797553,14.057252302210765,14.37314847845491,0.1582103196984278,0.32314847845490924,2,14.348123493474077,184.30770800000755
80,14.05,P3-D0.50,p3d_05,526,120,15150,5078,0.3351815181518152,0.3961063272182703,0.3203821656050955,10072,17671.762176147866,33382.29998595683,33504.339591799035,37292,0.3384067357512953,0.3378929950358522,0.32365699032365697,0.33379283182355257,0.33241433635289486,0.33379283182355257,14.20734974751461,14.062876085767746,14.057249792652321,14.37318952661829,0.15821317476470165,0.3231895266182896,2,14.348175535948863,151.65579199997592
80,14.05,P3-D0.50,p3d_05,527,120,14897,5078,0.3408740014768074,0.3928704047530635,0.3410169491525424,9819,17681.591039326133,33361.04952095625,33482.62439077117,37382,0.3305027173913043,0.34162391255855457,0.348844994978239,0.33379283182355257,0.33241433635289486,0.33379283182355257,14.207348844417846,14.062880467542968,14.057251216409691,14.37320347941965,0.15821166196562989,0.3232034794196501,2,14.34819176575805,166.79487500002142
80,14.05,P3-D0.50,p3d_05,528,120,15067,5078,0.33702794185969337,0.39969777106157917,0.3184552073440962,9989,17516.607113258415,33044.78276696827,33167.17904804086,36905,0.34091658424002635,0.33661814109742444,0.33440721649484534,0.33379283182355257,0.33241433635289486,0.33379283182355257,14.207351704733918,14.062877123407622,14.0572502587938,14.37315774757311,0.15821085191659737,0.32315774757310933,2,14.348144939357821,143.57654099998763
80,14.05,P3-D0.50,p3d_05,529,120,14874,5078,0.34140110259513246,0.3911275415896488,0.3398648648648649,9796,17582.271101146038,33067.54451535353,33184.52119914026,36810,0.3332204537758212,0.34195498824319787,0.34782608695652173,0.33379283182355257,0.33241433635289486,0.33379283182355257,14.207358321220928,14.062876439705578,14.057249629338534,14.373086951458951,0.15821322989484496,0.3230869514589507,2,14.348080065213914,152.54749999998603
80,14.05,P3-D0.50,p3d_05,530,120,15004,5078,0.3384430818448414,0.39316239316239315,0.31097372488408037,9926,17590.914397565997,33206.102359917924,33325.54724208966,37066,0.34633179114342366,0.3409423141796919,0.32350081037277145,0.33379283182355257,0.33241433635289486,0.33379283182355257,14.207352833521798,14.062875245554485,14.05724961636541,14.37315555047745,0.15821080214479893,0.32315555047745015,2,14.348142830712089,178.4414579999866
80,14.1,P3-U,p3u,501,120,15018,5066,0.3373285390864296,0.38604998135024243,0.32505643340857787,9952,17798.009824259818,33356.20463664763,33485.0826915158,37324,0.34326337169939064,0.3351495607694874,0.3380006512536633,0.3337939202526648,0.33241215949467035,0.3337939202526648,14.173770307123021,14.099242518376577,14.099139081993778,14.789430596298638,0.30743826473539476,0.6894305962986387,2,14.659324696983042,143.5634999999893
80,14.1,P3-U,p3u,502,120,14935,5066,0.3392032139270171,0.3988439306358382,0.3221369161868202,9869,17626.749327715363,33028.144325851164,33152.24561497328,36869,0.34035656401944897,0.3359559402045633,0.34778191669488656,0.3337939202526648,0.33241215949467035,0.3337939202526648,14.17373645467423,14.093498426349568,14.098920171770663,14.415149151416763,0.24388426831274745,0.3151491514167635,1,15.260093727990347,161.564916000003
80,14.1,P3-U,p3u,503,120,15156,5066,0.33425705991026655,0.38619402985074625,0.31666666666666665,10090,17771.86467919937,33317.82124407691,33444.96678626835,37256,0.3333333333333333,0.3327108963093146,0.33986710963455147,0.3337939202526648,0.33241215949467035,0.3337939202526648,14.17373231174662,14.093487231516953,14.098916600493451,14.415238315923553,0.24387225786399527,0.315238315923553,1,15.260205341530304,197.12087499999325
80,14.1,P3-U,p3u,504,120,14935,5066,0.3392032139270171,0.3873502994011976,0.32673588578844903,9869,17739.839307500144,33187.82839486379,33309.981710648564,37108,0.3398253861652116,0.33961636545071516,0.33730428863172224,0.3337939202526648,0.33241215949467035,0.3337939202526648,14.173736362734749,14.09349693348129,14.098919563007199,14.415181214841104,0.24387454463958075,0.31518121484110395,1,15.26011201864381,149.1488750000135
80,14.1,P3-U,p3u,505,120,14696,5067,0.3447876973326075,0.38046272493573263,0.3325635103926097,9629,17819.371275752623,33320.29486622899,33446.191931451576,37161,0.34459228932105085,0.34391294491045116,0.3476044852191641,0.3339253996447602,0.3323465561476219,0.3337280442076179,14.17491204580182,14.099236910024166,14.099137261580802,14.414103761993958,0.2434939381459326,0.31410376199395884,1,15.256355131734315,172.93725000001723
80,14.1,P3-U,p3u,506,120,14887,5068,0.34043124874051184,0.3811098860712973,0.32855747313578637,9819,17843.028490297693,33340.78033915531,33456.95804568145,37070,0.3486973947895792,0.3389811234932909,0.3365601807034527,0.3338595106550908,0.3322809786898185,0.3338595106550908,14.176027716281197,14.10493490524898,14.09934215185406,14.414306019083114,0.2431238694252183,0.31430601908311395,1,15.253957805846108,141.45074999998906
80,14.1,P3-U,p3u,507,120,14932,5066,0.3392713635145995,0.3747284576393917,0.32410685548760865,9866,17906.527949101244,33274.07350333089,33392.27421385775,37076,0.328973185088293,0.3401911186059584,0.34709634105404497,0.3337939202526648,0.33241215949467035,0.3337939202526648,14.1737352882186,14.093488741709507,14.098917051686506,14.41517244002196,0.24387568130278664,0.31517244002196065,1,15.260129922054949,159.5804159999825
80,14.1,P3-U,p3u,508,120,15103,5066,0.3354300470105277,0.3689839572192513,0.32411575562700967,10037,18142.255896772007,33584.192281640084,33708.847846575,37427,0.33773522614724333,0.33436841521570365,0.33627739614000657,0.3337939202526648,0.33241215949467035,0.3337939202526648,14.173768130813162,14.099236353426264,14.099137139831347,14.789481621307523,0.3074384706866282,0.6894816213075234,2,14.659379484635013,193.15520899998955
80,14.1,P3-U,p3u,509,120,15068,5066,0.3362091850278736,0.38968373493975905,0.3157894736842105,10002,17730.43447882727,33309.95568241097,33439.828748499305,37331,0.3180306054557552,0.33977260183243185,0.3436563436563437,0.3337939202526648,0.33241215949467035,0.3337939202526648,14.173761615457405,14.099225140330987,14.099133637410546,14.789606130631329,0.30743313588717397,0.6896061306313293,2,14.659530537937714,149.17345800000476
80,14.1,P3-U,p3u,510,120,15073,5067,0.33616400185762624,0.3790706183680937,0.3312520538941834,10006,17844.722958702223,33242.86416438027,33367.59345849489,37096,0.3347958150523119,0.33670663293367065,0.3358728055647565,0.3337280442076179,0.3323465561476219,0.3339253996447602,14.174908308514313,14.099230183076587,14.099135205552157,14.414186752395393,0.2434859482056523,0.3141867523953934,1,15.25644763133324,175.30691700000898
80,14.1,P3-U,p3u,511,120,14783,5067,0.34275857403774607,0.38830584707646176,0.336,9716,17591.020003872603,32859.195373488175,32989.44572182678,36847,0.35010337698139216,0.34247967479674796,0.3365289256198347,0.3339253996447602,0.3323465561476219,0.3337280442076179,14.174908027058695,14.099234126262173,14.09913656102759,14.414196251754001,0.2434887154754239,0.31419625175400157,1,15.256462853690913,141.8705830000108
80,14.1,P3-U,p3u,512,120,14929,5066,0.33933954049166054,0.3988439306358382,0.3260025873221216,9863,17446.14765736208,32819.423268959734,32944.429883724886,36785,0.329933169187478,0.343052040928595,0.3370036703370037,0.3337939202526648,0.33241215949467035,0.3337939202526648,14.173764639115314,14.099245873144751,14.099140026935116,14.789595250008817,0.30743374186865896,0.6895952500088178,2,14.659460796886853,161.06166700000176
80,14.1,P3-U,p3u,513,120,14926,5066,0.33940774487471526,0.387785687523417,0.3285528031290743,9860,17554.885518638195,32733.604689915464,32857.67807257586,36609,0.33493644795602884,0.3450578806767587,0.32695480039590896,0.3337939202526648,0.33241215949467035,0.3337939202526648,14.17376306024435,14.099240512048262,14.09913839568049,14.78960656368154,0.3074324674137384,0.68960656368154,2,14.659519591105093,189.02020800000173
80,14.1,P3-U,p3u,514,120,14983,5066,0.33811653206967895,0.38000735023888277,0.3365609348914858,9917,17944.172679719264,33644.33774334713,33773.50746203416,37578,0.342998352553542,0.3375930658962107,0.3346897253306205,0.3337939202526648,0.33241215949467035,0.3337939202526648,14.173746812392887,14.099226851119026,14.099134418873545,14.789954825082695,0.3074383690531249,0.6899548250826957,2,14.659864323907575,154.66579099997762
80,14.1,P3-U,p3u,515,120,14802,5067,0.34231860559383864,0.39035418236623964,0.3380281690140845,9735,17684.999963842583,33022.060326007486,33150.96177431332,37005,0.35309882747068677,0.3403011912789391,0.33744433025008563,0.3337280442076179,0.3323465561476219,0.3339253996447602,14.174904266511723,14.09922325278342,14.099133096370709,14.414258987151117,0.2434807305856482,0.314258987151117,1,15.256540016388966,180.33283400000073
80,14.1,P3-U,p3u,516,120,14879,5066,0.34047987095906984,0.3905660377358491,0.3300557194362504,9813,17670.34473645259,33119.88385739323,33244.35233800428,36912,0.3353846153846154,0.34644007553037875,0.3273466621484243,0.3337939202526648,0.33241215949467035,0.3337939202526648,14.173735437754349,14.09349251157118,14.098918138557506,14.41517731664382,0.2438771192679473,0.31517731664382076,1,15.260132937554463,148.16337500000373
80,14.1,P3-U,p3u,517,120,14968,5067,0.33852218065205775,0.3942161339421613,0.328125,9901,17657.957014295964,33173.47158856304,33301.52141180788,37143,0.3404605263157895,0.3387764232188793,0.335788416471376,0.3337280442076179,0.3323465561476219,0.3339253996447602,14.17491212247401,14.09924276725642,14.09913912795566,14.414114855989437,0.24350071951935412,0.31411485598943756,1,15.256350195263396,164.04141599999275
80,14.1,P3-U,p3u,518,120,15023,5066,0.337216268388471,0.38561847988077497,0.325573876495312,9957,17722.557723437694,33116.2057715639,33239.939253746874,37051,0.33974567981741116,0.3402878500502064,0.3254259939859673,0.3337939202526648,0.33241215949467035,0.3337939202526648,14.17373796386906,14.093494052204191,14.098918691831429,14.415129104155488,0.24387349076446382,0.31512910415548845,1,15.260083232516537,146.69820800001617
80,14.1,P3-U,p3u,519,120,14890,5068,0.34036265950302214,0.40100541376643467,0.3243330118932819,9822,17435.97076294705,32909.291807594935,33029.729561628235,36801,0.3499012508229098,0.33893146979260597,0.33489932885906043,0.3338595106550908,0.3322809786898185,0.3338595106550908,14.176028268780469,14.10493436975081,14.099342007847419,14.414259292860827,0.24313355937852776,0.314259292860827,1,15.253942331979907,161.24891600001138
80,14.1,P3-U,p3u,520,120,15146,5067,0.3345437739337119,0.39227565316168117,0.32390745501285345,10079,17707.405284497232,33197.79827709469,33328.63515603322,37204,0.32951195545365214,0.3375082399472643,0.33065864259445,0.3339253996447602,0.3323465561476219,0.3337280442076179,14.174901885780777,14.099225011855806,14.099133593525648,14.414304476636204,0.2434883607997079,0.3143044766362042,1,15.256586700722766,181.70999999999185
80,14.1,P3-U,p3u,521,120,15092,5067,0.3357407898224225,0.38327783943766186,0.33355393778954334,10025,17786.954114640677,33284.67547267999,33413.6530805536,37186,0.3397306397306397,0.33739971425431364,0.32682765464770097,0.3339253996447602,0.3323465561476219,0.3337280442076179,14.174910232886408,14.099232206043666,14.09913596620549,14.41413026781183,0.24349679566682828,0.31413026781183007,1,15.256411142374454,149.66458400001284
80,14.1,P3-U,p3u,522,120,14972,5067,0.33843173924659364,0.38200589970501475,0.3296272073250491,9905,17886.160751300748,33372.72167506367,33499.20198365776,37346,0.3284457478005865,0.3343677269200931,0.36180555555555555,0.3339253996447602,0.3323465561476219,0.3337280442076179,14.17490895274362,14.099222544214213,14.09913300438407,14.414165763585816,0.24348563027125025,0.31416576358581594,1,15.256425674669465,165.34266599998227
80,14.1,P3-U,p3u,523,120,15011,5066,0.33748584371460927,0.38895152198421645,0.3314680710994075,9945,17750.897273693514,33220.43513060991,33342.3319029978,37057,0.33464696223316914,0.33562860950688583,0.3460499662390277,0.3337939202526648,0.33241215949467035,0.3337939202526648,14.173729573196871,14.093473544774136,14.098912421916474,14.415255418123763,0.24386998902612328,0.3152554181237637,1,15.260249531623524,144.49950000000536
80,14.1,P3-U,p3u,524,120,14954,5066,0.3387722348535509,0.387785687523417,0.33533133533133536,9888,17768.16557199547,33177.56954381729,33304.14834644357,37078,0.33863328822733424,0.33240997229916897,0.35822401614530774,0.3337939202526648,0.33241215949467035,0.3337939202526648,14.173740414413222,14.093493227857207,14.098918498078655,14.415049879566553,0.2438833554642502,0.31504987956655306,1,15.260020425829039,151.9661250000063
80,14.1,P3-U,p3u,525,120,15123,5067,0.3350525689347352,0.3952689813048455,0.32101910828025476,10056,17617.466738733518,32960.021785091274,33082.29902150851,36755,0.3276706958510291,0.3355182757471392,0.34106501143417184,0.3337280442076179,0.3323465561476219,0.3339253996447602,14.174915545734498,14.099238132140385,14.09913775483364,14.41403018289388,0.24349099190046436,0.3140301828938803,1,15.256301617937023,216.8051250000135
80,14.1,P3-U,p3u,526,120,15150,5066,0.3343894389438944,0.3871209284912018,0.32070063694267514,10084,17818.641521041576,33430.72164953268,33549.99358858111,37336,0.33711139896373055,0.33734142305570874,0.322655989322656,0.3337939202526648,0.33241215949467035,0.3337939202526648,14.17373808920416,14.09350615672111,14.098922456546688,14.790132895763627,0.30673391644690695,0.690132895763627,2,14.660067785723815,143.79733299999498
80,14.1,P3-U,p3u,527,120,14897,5067,0.3401355977713634,0.38470107686594873,0.3416949152542373,9830,17832.256408822024,33402.98828598136,33532.535178927115,37416,0.328804347826087,0.34106625027883114,0.3485102109139605,0.3339253996447602,0.3323465561476219,0.3337280442076179,14.174910661527583,14.099236298197587,14.099137248410807,14.414134664119933,0.24349719296259795,0.3141346641199334,1,15.256399162088076,162.16308299999218
80,14.1,P3-U,p3u,528,120,15067,5067,0.33629786951616114,0.39138647525500564,0.3190883190883191,10000,17669.208138099966,33089.44360544293,33217.09667301969,36934,0.33992746455654466,0.335946248600224,0.3337628865979381,0.3337280442076179,0.3323465561476219,0.3339253996447602,14.174912673943991,14.099244279766424,14.099139854566474,14.414103705176414,0.24349904715484152,0.3141037051764144,1,15.256361561616421,196.1845420000027
80,14.1,P3-U,p3u,529,120,14874,5067,0.34066155707946755,0.3829944547134935,0.34054054054054056,9807,17731.21822449117,33114.61369505393,33234.22357592521,36862,0.3332204537758212,0.3408352928003583,0.3474916387959866,0.3337280442076179,0.3323465561476219,0.3339253996447602,14.174914846975062,14.09924578163558,14.099139943327172,14.41406657971582,0.24349622531476078,0.31406657971582064,1,15.256301007976862,153.21258400002262
80,14.1,P3-U,p3u,530,120,15004,5068,0.3377765929085577,0.3853586027499071,0.31190108191653787,9936,17743.35304015392,33251.51155814735,33372.37408377154,37106,0.34534038334434897,0.3401551782300686,0.32350081037277145,0.3338595106550908,0.3322809786898185,0.3338595106550908,14.176022633895773,14.104926597699412,14.099339538767225,14.414399686435443,0.24312393493696025,0.31439968643544347,1,15.254076148927261,177.73837500001537
80,14.1,P3-D0.50,p3d_05,501,120,15018,5092,0.33905979491277133,0.39537486012681833,0.32441148016768784,9926,17629.264648044176,33259.2366364307,33384.4862458098,37236,0.34495599187542314,0.3368175247414656,0.33995441224356887,0.33385703063629224,0.33248232521602517,0.33366064414768265,14.24825519923446,14.062899542487946,14.057257090998723,14.38202454849045,0.22283941763571002,0.2820245484904511,2,14.604486811983326,142.8495830000029
80,14.1,P3-D0.50,p3d_05,502,120,14935,5093,0.3410110478741212,0.40886319845857416,0.3218170185540627,9842,17461.236513277097,32923.00674815099,33041.19127928053,36788,0.3413290113452188,0.33797909407665505,0.34981374873010496,0.3337914784999018,0.33241704300019637,0.3337914784999018,14.249385693597882,14.062877123407622,14.057250258793799,14.380628582608779,0.2228495219493578,0.2806285826087791,2,14.603107958072107,161.60666699998546
80,14.1,P3-D0.50,p3d_05,503,120,15156,5094,0.336104513064133,0.39552238805970147,0.3169811320754717,10062,17613.95319277526,33219.86080019659,33341.62168219478,37166,0.33530571992110453,0.3347978910369069,0.3408637873754153,0.3337259521005104,0.3325480957989792,0.3337259521005104,14.255509372134357,14.124075341724357,14.140576012124136,14.443096503136,0.08606949897820836,0.3430965031359996,0,14.30310542407268,191.18741700000828
80,14.1,P3-D0.50,p3d_05,504,120,14935,5093,0.3410110478741212,0.3970808383233533,0.3264114211550941,9842,17576.260526684626,33082.82010084959,33203.02132090991,36984,0.34217595701813297,0.34139039804856414,0.33866575901974133,0.3337914784999018,0.33241704300019637,0.3337914784999018,14.24939539286824,14.062871667026512,14.057248408618003,14.380515845127826,0.22285798608981822,0.2805158451278267,2,14.603012620458587,155.046875
80,14.1,P3-D0.50,p3d_05,505,120,14696,5093,0.34655688622754494,0.38964377524788835,0.3319036621577037,9603,17653.65285772095,33215.12216021043,33335.80212969952,37076,0.345957011258956,0.34618000453411923,0.3482840638803942,0.3337914784999018,0.33241704300019637,0.3337914784999018,14.24939150935535,14.062887024335517,14.05725304424928,14.38057703276141,0.22284820699131944,0.28057703276141055,2,14.603061036964245,166.31395799998427
80,14.1,P3-D0.50,p3d_05,506,120,14887,5093,0.34211056626586955,0.38993017273061376,0.3275805926408336,9794,17672.760017329918,33230.25073074416,33349.83201019012,36992,0.3513694054776219,0.3401182624516716,0.3388189738625363,0.3337914784999018,0.33241704300019637,0.3337914784999018,14.249390680463637,14.062877543900491,14.057250392840215,14.380568971585594,0.22285492163708023,0.2805689715855948,2,14.603057958479063,181.2628749999858
80,14.1,P3-D0.50,p3d_05,507,120,14932,5093,0.3410795606750603,0.38414192614047793,0.3237850016092694,9839,17742.70151066054,33166.27907429769,33284.85296572235,36967,0.3302812295618051,0.3418774592467678,0.34978180597515945,0.3337914784999018,0.33241704300019637,0.3337914784999018,14.249392355282948,14.062876780015648,14.057250085716666,14.380545564726914,0.2228446915693291,0.28054556472691417,2,14.60302850835098,185.18920799999614
80,14.1,P3-D0.50,p3d_05,508,120,15103,5093,0.3372177713037145,0.37825311942959,0.3234726688102894,10010,17979.055234149066,33479.19703086011,33601.27739836941,37342,0.3393859359524596,0.3361428412997671,0.3382401046777887,0.3337914784999018,0.33241704300019637,0.3337914784999018,14.249392490358685,14.062878548948367,14.057250478391133,14.380541757740525,0.2228492585633725,0.2805417577405258,2,14.60303443805123,211.0293750000128
80,14.1,P3-D0.50,p3d_05,509,120,15068,5093,0.3380010618529334,0.3994728915662651,0.3151629072681704,9975,17567.04289766623,33213.41354025437,33340.885555647845,37244,0.3206919494344644,0.34076608897229277,0.346986346986347,0.3337914784999018,0.33241704300019637,0.3337914784999018,14.249385732414645,14.062865657050471,14.05724648020005,14.380608555082004,0.22285618981103925,0.28060855508200433,2,14.603110912163793,187.83162499999162
80,14.1,P3-D0.50,p3d_05,510,120,15073,5093,0.3378889404896172,0.3882180753750457,0.3305948077555044,9980,17675.331401129508,33136.58156933262,33255.53118960311,36981,0.33580830239622006,0.3382466175338247,0.3388539251407751,0.3337914784999018,0.33241704300019637,0.3337914784999018,14.249390475970209,14.062881883223382,14.0572515404875,14.38056498514269,0.22284760129967573,0.280564985142691,2,14.6030544626332,180.51487499999348
80,14.1,P3-D0.50,p3d_05,511,120,14783,5093,0.34451735101129677,0.3976761619190405,0.3353333333333333,9690,17422.8849413249,32758.57880776783,32879.29422651366,36754,0.3518263266712612,0.344286359530262,0.3381818181818182,0.3337914784999018,0.33241704300019637,0.3337914784999018,14.249388904768269,14.06286926508051,14.05724770131434,14.380581089123417,0.22285486524863354,0.2805810891234177,2,14.603076331547797,213.63449999998556
80,14.1,P3-D0.50,p3d_05,512,120,14929,5093,0.3411481010114542,0.40886319845857416,0.3253557567917206,9836,17280.872702195407,32716.09292135552,32838.771152832756,36674,0.3320436158986986,0.34459236439652324,0.33933933933933935,0.3337914784999018,0.33241704300019637,0.3337914784999018,14.249387613527563,14.062875658496447,14.057249479785384,14.380610685619146,0.22285073116334042,0.2806106856191466,2,14.603095655761308,153.044332999998
80,14.1,P3-D0.50,p3d_05,513,120,14926,5092,0.341149671713788,0.39715249156987636,0.32790091264667537,9834,17383.94080325092,32629.28809231766,32746.824866367617,36488,0.3376846444520783,0.34661620658949244,0.3282744968657209,0.33385703063629224,0.33248232521602517,0.33366064414768265,14.24825330588879,14.062888253915679,14.057253484412184,14.382040040211345,0.22284627182584651,0.28204004021134566,2,14.604513163640467,171.7020419999899
80,14.1,P3-D0.50,p3d_05,514,120,14983,5093,0.33991857438430223,0.38993017273061376,0.3358931552587646,9890,17777.75006185881,33546.01101314709,33670.98072060622,37474,0.34662273476112027,0.33914879431047895,0.3353679213292642,0.3337914784999018,0.33241704300019637,0.3337914784999018,14.249393897258631,14.062879595597154,14.057251075054516,14.380535238550275,0.22285129541852106,0.28053523855027507,2,14.603029414007128,145.23170800000662
80,14.1,P3-D0.50,p3d_05,515,120,14802,5093,0.3440751249831104,0.39977392614920876,0.33735747820254863,9709,17516.75069854475,32921.255514311924,33044.701147115244,36919,0.35443886097152427,0.34232411777927624,0.3388146625556698,0.3337914784999018,0.33241704300019637,0.3337914784999018,14.249394506823148,14.062889020803496,14.05725383504304,14.38053302257507,0.2228425303979471,0.28053302257507085,2,14.60301073595835,153.7963330000057
80,14.1,P3-D0.50,p3d_05,516,120,14879,5093,0.34229450903958597,0.40037735849056605,0.3297279580465421,9786,17504.26838330927,33015.31198482408,33135.277199420605,36784,0.3367521367521368,0.348217260913029,0.3297187394103694,0.3337914784999018,0.33241704300019637,0.3337914784999018,14.249392093911958,14.06286958805827,14.057247664738204,14.380550293596228,0.2228501114011178,0.2805502935962281,2,14.603038642887181,179.4010839999828
80,14.1,P3-D0.50,p3d_05,517,120,14968,5093,0.3402592196686264,0.4037290715372907,0.3274739583333333,9875,17489.651288404206,33072.010885415584,33194.39332076972,36992,0.34111842105263157,0.3407896208477799,0.3377971208570472,0.3337914784999018,0.33241704300019637,0.3337914784999018,14.249390375559257,14.062871114117101,14.057248098465392,14.380561586434107,0.22285282079147936,0.2805615864341071,2,14.603053552840816,144.09720800002106
80,14.1,P3-D0.50,p3d_05,518,120,15023,5093,0.3390135126139919,0.39530551415797316,0.3252505657937278,9930,17559.221889592434,33016.1192988198,33140.4786650594,36922,0.3407238343658298,0.341961396853732,0.32843301035750083,0.3337914784999018,0.33241704300019637,0.3337914784999018,14.249391230251536,14.062863223371913,14.057245807828126,14.380545991056572,0.2228573936579179,0.28054599105657196,2,14.603045152186407,162.19537500001024
80,14.1,P3-D0.50,p3d_05,519,120,14890,5093,0.3420416386836803,0.4102861562258314,0.3233686917389907,9797,17267.10638799513,32805.45005472277,32931.89031977104,36695,0.35220539828834757,0.34028403967538323,0.33691275167785234,0.3337914784999018,0.33241704300019637,0.3337914784999018,14.249392056693507,14.06287897621967,14.05725079125807,14.380553410075038,0.2228491294019592,0.2805534100750382,2,14.603042209029116,194.40420800002175
80,14.1,P3-D0.50,p3d_05,520,120,15146,5093,0.3362603987851578,0.4017417644831503,0.3232647814910026,10053,17538.47938488436,33099.50233819646,33222.61676371325,37104,0.3308221421552571,0.33893649747308285,0.3336676696756937,0.3337914784999018,0.33241704300019637,0.3337914784999018,14.24938865581609,14.062865035442494,14.057246244702222,14.380579729690206,0.22285377798832437,0.2805797296902064,2,14.603073384939673,159.6566659999953
80,14.1,P3-D0.50,p3d_05,521,120,15092,5094,0.33752981712165386,0.39215686274509803,0.33355393778954334,9998,17625.194445250636,33184.617866759676,33303.50259071866,37055,0.3410774410774411,0.3390482470601165,0.32947403241812767,0.3337259521005104,0.3325480957989792,0.3337259521005104,14.255509662542323,14.124079481477105,14.140577241931851,14.44309950043654,0.08607088030829232,0.3430995004365407,0,14.303107313557694,181.38154199998826
80,14.1,P3-D0.50,p3d_05,522,120,14972,5093,0.3401683141864814,0.3912241887905605,0.328973185088293,9879,17720.295649838645,33273.217259482706,33399.027428382564,37243,0.32877158683610297,0.3370275961431896,0.36215277777777777,0.3337914784999018,0.33241704300019637,0.3337914784999018,14.249391597949687,14.062879669695079,14.057250992516494,14.380565699524738,0.22284914231840267,0.28056569952473787,2,14.603046281592157,143.34854199999245
80,14.1,P3-D0.50,p3d_05,523,120,15011,5093,0.33928452468189996,0.3987222848553176,0.33113890717577354,9918,17586.50778996909,33115.354900684004,33235.92439025148,36945,0.3369458128078818,0.33707241226121726,0.3484132343011479,0.3337914784999018,0.33241704300019637,0.3337914784999018,14.249386236422886,14.0628677722992,14.057247416267257,14.380605457012777,0.2228587355221745,0.2806054570127774,2,14.6031087048941,161.75533299997915
80,14.1,P3-D0.50,p3d_05,524,120,14954,5093,0.3405777718336231,0.39752716373173475,0.334998334998335,9861,17605.282069441004,33077.42732549449,33200.751478048165,36986,0.3399864682002706,0.33429362880886426,0.3602421796165489,0.3337914784999018,0.33241704300019637,0.3337914784999018,14.249389397867894,14.062864621728048,14.057246289476332,14.380564279385384,0.22285854902174546,0.2805642793853842,2,14.603071015548085,187.96408400000655
80,14.1,P3-D0.50,p3d_05,525,120,15123,5093,0.33677180453613703,0.40480732544830217,0.3203821656050955,10030,17449.13992708477,32852.92603403413,32972.44301410892,36661,0.32995753021888274,0.3372958560159982,0.3420450833061091,0.3337914784999018,0.33241704300019637,0.3337914784999018,14.249389759202137,14.062883919053768,14.05725224016767,14.3805863695545,0.22284486012077837,0.28058636955450034,2,14.603060933867736,166.69304199999897
80,14.1,P3-D0.50,p3d_05,526,120,15150,5093,0.3361716171617162,0.39722950205915386,0.3203821656050955,10057,17655.363892981946,33322.96102327312,33447.96872004553,37247,0.3397020725388601,0.33877551020408164,0.324657991324658,0.3337914784999018,0.33241704300019637,0.3337914784999018,14.249391322343902,14.062875877022796,14.05724974738277,14.380558481948412,0.2228526345620556,0.2805584819484128,2,14.603048148815285,167.89058400000795
80,14.1,P3-D0.50,p3d_05,527,120,14897,5093,0.34188091562059475,0.3939844040103973,0.3410169491525424,9804,17664.83188369661,33305.01854777496,33431.97461313355,37302,0.33152173913043476,0.34273923711800136,0.34951456310679613,0.3337914784999018,0.33241704300019637,0.3337914784999018,14.249389938257348,14.062881238891762,14.057251470443319,14.380586880422813,0.2228460043637432,0.2805868804228133,2,14.603069621492981,146.76862499999697
80,14.1,P3-D0.50,p3d_05,528,120,15067,5093,0.3380234950554191,0.40083112958065736,0.3184552073440962,9974,17499.44327518379,32985.08481986445,33102.67102136835,36865,0.34223541048466866,0.33762597984322507,0.33505154639175255,0.3337914784999018,0.33241704300019637,0.3337914784999018,14.249387722463764,14.062866475312575,14.057246913746525,14.38058668021017,0.22285230602278766,0.2805866802101704,2,14.603085287842251,153.19958300000872
80,14.1,P3-D0.50,p3d_05,529,120,14874,5093,0.34240957375285735,0.3922365988909427,0.3398648648648649,9781,17564.81185707228,33004.91161727267,33123.15309684796,36755,0.333897731120894,0.3430746836860374,0.3488294314381271,0.3337914784999018,0.33241704300019637,0.3337914784999018,14.249395678561198,14.062876019212702,14.057249495292117,14.380509706887347,0.22285108141583893,0.2805097068873472,2,14.603000424578736,183.18766699999105
80,14.1,P3-D0.50,p3d_05,530,120,15004,5093,0.33944281524926684,0.3942772203641769,0.31097372488408037,9911,17574.267123451555,33146.8012888335,33268.95866783933,37017,0.34633179114342366,0.34195434611492187,0.3254457050243112,0.3337914784999018,0.33241704300019637,0.3337914784999018,14.249391311931952,14.062872712130329,14.057248821669546,14.380559384088507,0.22285396256105255,0.280559384088507,2,14.60305277333475,143.2147910000058
80,14.15,P3-U,p3u,501,120,15018,5084,0.3385271008123585,0.38642297650130547,0.3257013866494679,9934,17767.19567344866,33302.5548114902,33422.67496610186,37265,0.34394041976980366,0.3365951295452018,0.3389775317486161,0.3337922895357986,0.3324154209284028,0.3337922895357986,14.224174224527319,14.135525520836465,14.141002204709196,14.50389704679421,0.03808591141299096,0.3538970467942093,2,14.558077253826633,198.8044579999987
80,14.15,P3-U,p3u,502,120,14935,5084,0.34040843655841985,0.39922928709055877,0.32309660908509275,9851,17595.251066446584,32972.95881909028,33090.17412955933,36807,0.3413290113452188,0.3370799145779476,0.3494751100575686,0.3337922895357986,0.3324154209284028,0.3337922895357986,14.224179101153359,14.135526339871056,14.141002730061592,14.50376918647848,0.03808176256974591,0.35376918647848044,2,14.557952931084033,186.44962499997928
80,14.15,P3-U,p3u,503,120,15156,5084,0.33544470836632356,0.38656716417910447,0.31761006289308175,10072,17741.283369328456,33266.42358142436,33386.876554368806,37193,0.3346482577251808,0.3342486818980668,0.33986710963455147,0.3337922895357986,0.3324154209284028,0.3337922895357986,14.224176992424637,14.135522782442814,14.141001500057,14.503834486148682,0.03809417857162914,0.3538344861486813,2,14.557998287183441,147.721292000002
80,14.15,P3-U,p3u,504,120,14935,5084,0.34040843655841985,0.3880988023952096,0.32770927968851393,9851,17709.144610128667,33132.94832028695,33249.282194222775,37026,0.34217595701813297,0.3406142587870052,0.3379850238257318,0.3337922895357986,0.3324154209284028,0.3337922895357986,14.224188772001531,14.13553395240024,14.141004958278165,14.503606618607682,0.038082246786134956,0.3536066186076816,2,14.557749321427657,168.07875000001513
80,14.15,P3-U,p3u,505,120,14696,5084,0.34594447468698963,0.3811972089607051,0.3332233586275157,9612,17785.2606262908,33264.241996434655,33383.64616741008,37111,0.3452746502900034,0.3454998866470188,0.34794427454977916,0.3337922895357986,0.3324154209284028,0.3337922895357986,14.224181767421154,14.135540520432189,14.141006868341039,14.503760421993613,0.038066564355809844,0.3537604219936128,2,14.557896820867887,138.5374160000065
80,14.15,P3-U,p3u,506,120,14887,5084,0.3415060119567408,0.3807423741271591,0.3288830999674373,9803,17804.9232007814,33280.79571177111,33396.373492485305,37017,0.3503674014696059,0.3395496929724812,0.3384962891255244,0.3337922895357986,0.3324154209284028,0.3337922895357986,14.22417483829599,14.13551996317282,14.141000699122294,14.503878726227251,0.03809934369015661,0.3538787262272507,2,14.558059834052385,153.76558300000033
80,14.15,P3-U,p3u,507,120,14932,5084,0.34047682828824,0.3754525706010138,0.3250724171226263,9848,17875.124211405975,33217.3422451217,33333.76410076674,37001,0.3299542184434271,0.3414277684092187,0.34843907351460224,0.3337922895357986,0.3324154209284028,0.3337922895357986,14.224183620250589,14.135520800989688,14.141000926799755,14.503660710214058,0.038087120093930504,0.35366071021405787,2,14.557842545410695,181.0160409999953
80,14.15,P3-U,p3u,508,120,15103,5084,0.3366218632059856,0.3696969696969697,0.3247588424437299,10019,18111.458797937827,33528.14708024895,33646.21984729333,37362,0.3387256520303731,0.33547743151824333,0.3379129865881583,0.3337922895357986,0.3324154209284028,0.3337922895357986,14.2241806230586,14.135531616315738,14.141004129720491,14.503768924898088,0.03808393895370379,0.35376892489808753,2,14.557941169795285,279.57595800000126
80,14.15,P3-U,p3u,509,120,15068,5084,0.33740376957791346,0.39006024096385544,0.31641604010025065,9984,17699.983201096562,33258.99738362847,33381.12449796349,37276,0.31969394544244845,0.3404349265923391,0.345987345987346,0.3337922895357986,0.3324154209284028,0.3337922895357986,14.2241775987985,14.135524286629424,14.141001864235447,14.503804518372526,0.03808200320099021,0.3538045183725256,2,14.557988918396658,167.6366660000058
80,14.15,P3-U,p3u,510,120,15073,5084,0.33729184634777415,0.37980241492864986,0.3319093000328623,9989,17810.054597725026,33186.57479205827,33304.78801099015,37022,0.33580830239622006,0.33747662523374766,0.3381914541238821,0.3337922895357986,0.3324154209284028,0.3337922895357986,14.224187886126716,14.13552859576473,14.141003230426305,14.503598715218905,0.038088479502574185,0.3535987152189044,2,14.557769379542187,200.0162919999857
80,14.15,P3-U,p3u,511,120,14783,5084,0.3439085435973754,0.38905547226386805,0.33666666666666667,9699,17556.897003538885,32806.00305121481,32924.70810742478,36780,0.3511371467953136,0.34372177055103886,0.3375206611570248,0.3337922895357986,0.3324154209284028,0.3337922895357986,14.224189330330468,14.135516510117057,14.140999491752483,14.503523945557504,0.03810031720043476,0.35352394555750344,2,14.557723596901473,150.9100000000035
80,14.15,P3-U,p3u,512,120,14929,5084,0.3405452475048563,0.39922928709055877,0.32664941785252266,9845,17414.834080891214,32764.62392336817,32885.161046341316,36709,0.3306366514245515,0.3440422488722632,0.33933933933933935,0.3337922895357986,0.3324154209284028,0.3337922895357986,14.22417790522724,14.135526029063058,14.141002287050336,14.50382622392005,0.0380925056895957,0.35382622392005025,2,14.5580063917589,174.98245899999165
80,14.15,P3-U,p3u,513,120,14926,5084,0.34061369422484256,0.3885350318471338,0.32920469361147325,9842,17523.185277016953,32675.767677510114,32794.606710648564,36525,0.3366540707660598,0.34617097061442564,0.3279445727482679,0.3337922895357986,0.3324154209284028,0.3337922895357986,14.22419659581675,14.135529826968797,14.141003527392748,14.503404180636975,0.03808768171931202,0.353404180636975,2,14.557589635854397,143.12891699999454
80,14.15,P3-U,p3u,514,120,14983,5084,0.33931789361276116,0.3811098860712973,0.337228714524207,9899,17911.55511048574,33592.22686783614,33716.55321149833,37510,0.3456342668863262,0.33859317701966885,0.3350288233299423,0.3337922895357986,0.3324154209284028,0.3337922895357986,14.22418964369053,14.135525582158058,14.141002506860714,14.503553575366027,0.03808894194534179,0.3535535753660266,2,14.55772958472183,167.39516600000206
80,14.15,P3-U,p3u,515,120,14802,5084,0.3434670990406702,0.39035418236623964,0.33869885982562037,9718,17650.01052431307,32968.54204003143,33087.02424472942,36948,0.3541038525963149,0.34153742414025623,0.3384720794792737,0.3337922895357986,0.3324154209284028,0.3337922895357986,14.224174419344871,14.135526333092633,14.141002551241066,14.503891960648934,0.038090341539338504,0.3538919606489337,2,14.558062609823518,186.23837499998626
80,14.15,P3-U,p3u,516,120,14879,5084,0.34168962967941396,0.39169811320754716,0.3310390036053753,9795,17639.07453970938,33065.03211538399,33181.06496680273,36829,0.3357264957264957,0.34777296456736645,0.3290410030498136,0.3337922895357986,0.3324154209284028,0.3337922895357986,14.22418595556101,14.135533367758272,14.14100468305729,14.503652766605404,0.03807831946680937,0.35365276660540346,2,14.557821078519563,176.9644590000098
80,14.15,P3-U,p3u,517,120,14968,5084,0.3396579369321219,0.3942161339421613,0.3287760416666667,9884,17623.394089171652,33119.88990686039,33240.27619394244,37042,0.34078947368421053,0.3401185549714797,0.3371275527284901,0.3337922895357986,0.3324154209284028,0.3337922895357986,14.224176454711767,14.135525491334404,14.141002191342311,14.503838827201065,0.0380903682406339,0.35383882720106463,2,14.558007193969399,206.6124580000178
80,14.15,P3-U,p3u,518,120,15023,5084,0.3384144312054849,0.3859910581222057,0.32654380860006466,9939,17691.186488609586,33063.922155990585,33183.82996922063,36938,0.34039778284969024,0.3416266874930269,0.32676244570664886,0.3337922895357986,0.3324154209284028,0.3337922895357986,14.224174553511022,14.13551751971287,14.140999804422542,14.503867584196895,0.03810103901224803,0.35386758419689457,2,14.558056046483676,205.04266599999391
80,14.15,P3-U,p3u,519,120,14890,5084,0.34143720617864337,0.4013921113689095,0.3246544519447123,9806,17399.292633301957,32853.560508021605,32972.89545349571,36727,0.3518762343647136,0.3397204688908927,0.3359060402684564,0.3337922895357986,0.3324154209284028,0.3337922895357986,14.224179472073729,14.1355328952056,14.141004698005702,14.50380076700504,0.038075761977971634,0.3538007670050405,2,14.557959850619559,161.0282920000027
80,14.15,P3-U,p3u,520,120,15146,5084,0.3356661824904265,0.39227565316168117,0.3245501285347044,10062,17673.131801270454,33146.24421981634,33269.611782629894,37152,0.3304945954798559,0.3382773016919358,0.3329989969909729,0.3337922895357986,0.3324154209284028,0.3337922895357986,14.224177366931182,14.135531134588243,14.141004017238929,14.50382785862479,0.038077869749809784,0.3538278586247898,2,14.558014012790895,181.54591700001038
80,14.15,P3-U,p3u,521,120,15092,5084,0.3368672144182348,0.3836477987421384,0.33421575115817337,10008,17752.477010351453,33230.9668055495,33349.13730505355,37113,0.3400673400673401,0.3386086383119024,0.32848164075421765,0.3337922895357986,0.3324154209284028,0.3337922895357986,14.224173353008599,14.135517763193347,14.140999858267664,14.503891438871493,0.03810041979909704,0.3538914388714929,2,14.558087611776166,149.36658299999544
80,14.15,P3-U,p3u,522,120,14972,5084,0.3395671920919049,0.38200589970501475,0.3302812295618051,9888,17852.35521670331,33320.35034352217,33444.047026846514,37294,0.32877158683610297,0.33603014518452845,0.36215277777777777,0.3337922895357986,0.3324154209284028,0.3337922895357986,14.224180557107365,14.135534121782792,14.14100509466131,14.503780546449855,0.03807219874656801,0.3537805464498547,2,14.557912032350751,164.51941599999554
80,14.15,P3-U,p3u,523,120,15011,5084,0.3386849643594697,0.3893273205561819,0.3324555628703094,9927,17719.671972943997,33165.27150325022,33281.30919634285,36988,0.3366174055829228,0.33651710350955133,0.3474004051316678,0.3337922895357986,0.3324154209284028,0.3337922895357986,14.224173017711573,14.135515397693736,14.140999340059485,14.503896853219842,0.038106554808329536,0.3538968532198421,2,14.558092507230915,197.73033399999258
80,14.15,P3-U,p3u,524,120,14954,5084,0.33997592617359906,0.3889097040089921,0.3363303363303363,9870,17736.855744196004,33125.325118147804,33243.89335078287,37018,0.33964817320703655,0.3337396121883657,0.35923309788092833,0.3337922895357986,0.3324154209284028,0.3337922895357986,14.22418253911212,14.135522359719458,14.141001414309196,14.503693425268589,0.03809231590179533,0.35369342526858816,2,14.557879065183318,152.59670900000492
80,14.15,P3-U,p3u,525,120,15123,5084,0.33617668452026717,0.39603204883632204,0.321656050955414,10039,17582.245961823064,32902.7540974536,33020.83366698083,36699,0.32963083959490364,0.3365181646483724,0.34171839268213,0.3337922895357986,0.3324154209284028,0.3337922895357986,14.224188054186762,14.135525789358036,14.141002368518436,14.503568056995832,0.0380830433226114,0.35356805699583127,2,14.557752597147916,175.18362500000512
80,14.15,P3-U,p3u,526,120,15150,5084,0.3355775577557756,0.3886184949457132,0.321656050955414,10066,17788.213881750144,33371.50942989382,33491.35737825543,37267,0.3387305699481865,0.3382239382239382,0.32432432432432434,0.3337922895357986,0.3324154209284028,0.3337922895357986,14.224185432994101,14.135529193270001,14.141003444674007,14.503653447021499,0.03809180300642434,0.3536534470214985,2,14.557816960804127,141.98720899998443
80,14.15,P3-U,p3u,527,120,14897,5084,0.34127676713432237,0.3850724099517267,0.3423728813559322,9813,17799.15770101512,33351.29765245759,33471.558997394044,37362,0.33084239130434784,0.34207004238233324,0.34917977904251757,0.3337922895357986,0.3324154209284028,0.3337922895357986,14.224189795557919,14.135531981579932,14.14100437234636,14.503555787736603,0.03807504365340908,0.3535557877366031,2,14.557735073265581,163.12266700001783
80,14.15,P3-U,p3u,528,120,15067,5084,0.3374261631379837,0.3921420476010578,0.31972143083254195,9983,17634.807408886703,33033.83684456873,33154.341831717335,36896,0.34190570392350805,0.3368421052631579,0.33472938144329895,0.3337922895357986,0.3324154209284028,0.3337922895357986,14.224184379540134,14.135527132485493,14.141002958746101,14.503665426347162,0.038079291727808516,0.35366542634716147,2,14.557844788815274,187.27974999998696
80,14.15,P3-U,p3u,529,120,14874,5084,0.3418044910582224,0.3833641404805915,0.34121621621621623,9790,17696.22952661023,33055.631660499035,33172.22053119456,36791,0.3335590924483576,0.3422908968760497,0.348494983277592,0.3337922895357986,0.3324154209284028,0.3337922895357986,14.22418114440852,14.135521614782798,14.141000806418786,14.50373020914351,0.03809983830626925,0.35373020914351017,2,14.55791782599099,146.14487499999814
80,14.15,P3-U,p3u,530,120,15004,5084,0.33884297520661155,0.3849869936826459,0.312210200927357,9920,17705.786946888984,33195.247274975125,33313.96466726117,37047,0.34633179114342366,0.34127965815810185,0.32447325769854135,0.3337922895357986,0.3324154209284028,0.3337922895357986,14.22417661973566,14.135528773549618,14.141003402433517,14.503842678742402,0.03807808526294383,0.35384267874240116,2,14.558011894338724,168.0594170000113
80,14.15,P3-D0.50,p3d_05,501,120,15018,5108,0.340125183113597,0.3968668407310705,0.32634633989035794,9910,17603.783510735837,33197.14056206172,33332.40529131726,37165,0.34563303994583616,0.3378183031246525,0.3415825464018235,0.33379013312451056,0.33241973375097883,0.33379013312451056,14.291418717958567,14.146957045496478,14.141422656751635,14.826739109482203,0.01841521683694962,0.6767391094822024,2,14.85808420594687,146.73995800002012
80,14.15,P3-D0.50,p3d_05,502,120,14935,5108,0.3420154000669568,0.410019267822736,0.3237364043506078,9827,17431.000479983042,32862.0403770672,32994.15810708596,36722,0.3426256077795786,0.3389906710127009,0.3504910260751778,0.33379013312451056,0.33241973375097883,0.33379013312451056,14.291416528597729,14.14697367861344,14.141428143969124,14.826779101577857,0.01840085624942577,0.676779101577857,2,14.85810545249254,151.7994999999937
80,14.15,P3-D0.50,p3d_05,503,120,15156,5108,0.33702823964106626,0.3970149253731343,0.3182389937106918,10048,17577.30718947377,33160.32137713212,33296.24765594278,37119,0.33596318211702825,0.335676625659051,0.34219269102990035,0.33379013312451056,0.33241973375097883,0.33379013312451056,14.291419083066653,14.146956425433475,14.141422604865648,14.826736793121007,0.018418129534945267,0.6767367931210071,2,14.858088497786992,181.67987500000163
80,14.15,P3-D0.50,p3d_05,504,120,14935,5108,0.3420154000669568,0.39820359281437123,0.3283582089552239,9827,17546.374757956204,33021.81735168593,33152.58765802185,36930,0.3431833445265279,0.3421665373101231,0.34036759700476515,0.33379013312451056,0.33241973375097883,0.33379013312451056,14.291425350587671,14.1469635999796,14.141424859698136,14.826675223629088,0.018411801256222358,0.676675223629088,2,14.85801472353895,143.2134579999838
80,14.15,P3-D0.50,p3d_05,505,120,14696,5108,0.34757757212847035,0.390745501285347,0.3338832068624216,9588,17623.843163676935,33154.598900988465,33287.116317791144,37019,0.34698055271238487,0.3472001813647699,0.3493034318722392,0.33379013312451056,0.33241973375097883,0.33379013312451056,14.291417825874344,14.14696567362742,14.141425284652875,14.826762241189305,0.0184121714703326,0.6767622411893051,2,14.858107243017308,157.35316699999385
80,14.15,P3-D0.50,p3d_05,506,120,14887,5108,0.34311815678108415,0.3910327085630283,0.3295343536307392,9779,17642.775496489507,33168.22488631162,33299.37089024273,36951,0.3520374081496326,0.3412554014100523,0.33978702807357214,0.33379013312451056,0.33241973375097883,0.33379013312451056,14.291425102425361,14.146961964314842,14.141424408127483,14.826666995629772,0.018417122569657378,0.6766669956297715,2,14.858014461944546,188.9809580000001
80,14.15,P3-D0.50,p3d_05,507,120,14932,5108,0.342084114653094,0.38522809558291093,0.3257161248793048,9824,17712.491087380567,33103.86085011002,33231.88266269999,36920,0.33126226291693917,0.3427768409218662,0.35112453843571667,0.33379013312451056,0.33241973375097883,0.33379013312451056,14.291421772474221,14.146948771390337,14.141420189252978,14.826692230731117,0.018419108161501517,0.676692230731117,2,14.85804521923995,186.9226670000062
80,14.15,P3-D0.50,p3d_05,508,120,15103,5108,0.338210951466596,0.37932263814616757,0.32540192926045014,9995,17949.272223446547,33419.0330616659,33551.37539624934,37281,0.34070650379663253,0.3369191527115449,0.3395485770363101,0.33379013312451056,0.33241973375097883,0.33379013312451056,14.291423676726907,14.146955297056907,14.141422146922139,14.826669780715491,0.01841379291037897,0.6766697807154909,2,14.858020925591997,173.3076669999864
80,14.15,P3-D0.50,p3d_05,509,120,15068,5108,0.33899654897796655,0.4006024096385542,0.31704260651629074,9960,17537.819419115993,33156.5332245972,33293.917200121476,37154,0.3216899534264804,0.34198035103212276,0.3473193473193473,0.33379013312451056,0.33241973375097883,0.33379013312451056,14.29141762573958,14.146955840791506,14.141422329644774,14.826744596741342,0.01841422272733995,0.6767445967413419,2,14.858091221214531,144.7652919999964
80,14.15,P3-D0.50,p3d_05,510,120,15073,5108,0.33888409739268893,0.38931577021588,0.33256654617154124,9965,17644.986676095086,33075.392972250374,33208.18006895487,36920,0.33648329395882554,0.33923660763392366,0.34017886717456114,0.33379013312451056,0.33241973375097883,0.33379013312451056,14.291412510729408,14.146940583307035,14.14141748952913,14.826785688299239,0.01842821525727848,0.6767856882992387,2,14.858153781541398,155.4181250000256
80,14.15,P3-D0.50,p3d_05,511,120,14783,5108,0.34553203003449906,0.3988005997001499,0.3373333333333333,9675,17392.65825841381,32700.041427034674,32837.77026998274,36671,0.352170916609235,0.345189701897019,0.3401652892561983,0.33379013312451056,0.33241973375097883,0.33379013312451056,14.291418478355867,14.146944336616926,14.141418825776448,14.826723101112982,0.01842562332668436,0.676723101112982,2,14.858089788861992,179.58095900001354
80,14.15,P3-D0.50,p3d_05,512,120,14929,5108,0.34215285685578406,0.410019267822736,0.32729624838292365,9821,17250.687422043455,32656.711307503017,32790.25325832553,36602,0.33309883925430883,0.3453625261304874,0.34100767434100765,0.33379013312451056,0.33241973375097883,0.33379013312451056,14.291418645626035,14.146963509928433,14.141424635985649,14.826748110403328,0.01841326453931103,0.6767481104033273,2,14.85809091850049,142.39837499998976
80,14.15,P3-D0.50,p3d_05,513,120,14926,5108,0.34222162669167894,0.39865118021730983,0.32985658409387225,9818,17356.394952193466,32563.96953940718,32694.915190023643,36442,0.33940226726210926,0.3472840605520926,0.32992411745298583,0.33379013312451056,0.33241973375097883,0.33379013312451056,14.291418047570737,14.146960293661685,14.14142362735681,14.82674644071428,0.018414313056236496,0.6767464407142789,2,14.858093745756658,159.68024999997579
80,14.15,P3-D0.50,p3d_05,514,120,14983,5108,0.34091970900353735,0.3910327085630283,0.33789649415692824,9875,17748.43185827065,33487.78505112728,33624.25068695463,37433,0.34761120263591433,0.3400377819757751,0.3367243133265514,0.33379013312451056,0.33241973375097883,0.33379013312451056,14.291414985524778,14.14694696471912,14.141419744495636,14.82676698094385,0.018425791968319,0.6767669809438495,2,14.858131512137316,193.95691699997406
80,14.15,P3-D0.50,p3d_05,515,120,14802,5108,0.3450885015538441,0.400904295403165,0.3393695506371563,9694,17485.848376814294,32863.12137997543,33001.689614354116,36850,0.35544388609715244,0.34344796583501913,0.3394998287084618,0.33379013312451056,0.33241973375097883,0.33379013312451056,14.291418667427507,14.146961856001006,14.14142425327141,14.826735463030744,0.018413405244825137,0.6767354630307434,2,14.858082428226737,146.04404099998646
80,14.15,P3-D0.50,p3d_05,516,120,14879,5108,0.3433026413065394,0.40150943396226413,0.33169452638479185,9771,17473.95247571589,32953.89650709321,33089.16325624645,36730,0.3384615384615385,0.3488837054315228,0.33107421213148086,0.33379013312451056,0.33241973375097883,0.33379013312451056,14.291422944486479,14.146955144313123,14.141422084879048,14.826688576918288,0.01841690164708359,0.6766885769182878,2,14.858035490410785,165.65325000000303
80,14.15,P3-D0.50,p3d_05,517,120,14968,5108,0.3412613575628006,0.4048706240487062,0.3294270833333333,9860,17459.802424024463,33012.91215799949,33146.233507220284,36940,0.3427631578947368,0.34179621966223017,0.3381319049213257,0.33379013312451056,0.33241973375097883,0.33379013312451056,14.291417601554715,14.14695146124677,14.141420857588784,14.826736647384138,0.01841955995761648,0.6767366473841374,2,14.85809400258619,144.7251249999972
80,14.15,P3-D0.50,p3d_05,518,120,15023,5108,0.34001198162817015,0.39642324888226527,0.3271904300032331,9915,17529.236541001537,32957.09551865339,33090.82204974042,36847,0.3413759373981089,0.3431886645096508,0.32910123621784165,0.33379013312451056,0.33241973375097883,0.33379013312451056,14.291414533281962,14.146955287196576,14.141422251402611,14.82677182434473,0.01841818794636237,0.6767718243447298,2,14.8581269302714,152.0435839999991
80,14.15,P3-D0.50,p3d_05,519,120,14890,5108,0.3430490261920752,0.411446249033256,0.3252973320475731,9782,17237.566928803957,32745.866526448215,32879.16908759116,36638,0.3535220539828835,0.3412984670874662,0.33758389261744964,0.33379013312451056,0.33241973375097883,0.33379013312451056,14.291420817750728,14.146959896585999,14.141423746470977,14.826710823728412,0.018412998879133082,0.6767108237284116,2,14.858057796798263,175.75849999999627
80,14.15,P3-D0.50,p3d_05,520,120,15146,5108,0.3372507592763766,0.4028776978417266,0.32519280205655526,10038,17508.742859188424,33041.91752548458,33179.89245335553,37054,0.33180478218146087,0.3400351571083278,0.3343363423604146,0.33379013312451056,0.33241973375097883,0.33379013312451056,14.291413835123109,14.146956451160085,14.141422482919303,14.82678861039495,0.01841259812917926,0.676788610394949,2,14.858133843347847,144.21012500001234
80,14.15,P3-D0.50,p3d_05,521,120,15092,5108,0.3384574609064405,0.39363669996300404,0.33487756452680345,9984,17588.38814126352,33124.05791113151,33262.38933058721,37022,0.3424242424242424,0.33970766018243764,0.33079722130334105,0.33379013312451056,0.33241973375097883,0.33379013312451056,14.291416603296236,14.14694294889361,14.141418331453691,14.826740948449356,0.018423800013527288,0.6767409484493552,2,14.858101097723548,160.98541600001045
80,14.15,P3-D0.50,p3d_05,522,120,14972,5108,0.341170184344109,0.39233038348082594,0.33093525179856115,9864,17690.920908668817,33215.10794648156,33351.02438193489,37196,0.32942326490713586,0.3381358749861465,0.36319444444444443,0.33379013312451056,0.33241973375097883,0.33379013312451056,14.291421760673394,14.146966519161104,14.141425779864845,14.826716430926103,0.018405559858930193,0.6767164309261027,2,14.858050887009554,192.9413329999952
80,14.15,P3-D0.50,p3d_05,523,120,15011,5108,0.3402837918859503,0.39984968057121384,0.33311389071757735,9903,17556.456351816734,33054.0063951638,33186.513478608846,36899,0.3385878489326765,0.33773878276321634,0.349763673193788,0.33379013312451056,0.33241973375097883,0.33379013312451056,14.291418027501907,14.146953749046927,14.14142197045451,14.826732760623985,0.01841812723108761,0.6767327606239846,2,14.85808833753529,148.68362500000512
80,14.15,P3-D0.50,p3d_05,524,120,14954,5108,0.3415808479336632,0.39865118021730983,0.336996336996337,9846,17575.52892513686,33018.263830859905,33154.50944211884,36913,0.34100135317997293,0.33506925207756233,0.3619239825092499,0.33379013312451056,0.33241973375097883,0.33379013312451056,14.291426635652156,14.146959698473864,14.141423688526862,14.826643045390014,0.01841073282993487,0.6766430453900139,2,14.857991327331428,167.86920799998916
80,14.15,P3-D0.50,p3d_05,525,120,15123,5108,0.33776367122925344,0.405951926745517,0.32229299363057323,10015,17418.66922078902,32791.246709355044,32922.191901438426,36595,0.3315909833387782,0.33807354738362405,0.3430251551780464,0.33379013312451056,0.33241973375097883,0.33379013312451056,14.291418163591151,14.146947121151397,14.14141961813558,14.826730346462965,0.01842601115298936,0.6767303464629641,2,14.858087140831659,144.86270800000057
80,14.15,P3-D0.50,p3d_05,526,120,15150,5108,0.33716171617161717,0.39835267690003745,0.32229299363057323,10042,17626.08061685638,33263.69900234641,33395.88247746998,37197,0.34132124352331605,0.3396580253723111,0.3253253253253253,0.33379013312451056,0.33241973375097883,0.33379013312451056,14.291418663465977,14.146959097965622,14.141423430771853,14.826735223049015,0.018418529990567218,0.6767352230490147,2,14.858086880318542,158.45454200002132
80,14.15,P3-D0.50,p3d_05,527,120,14897,5108,0.3428878297643821,0.39509840326773116,0.3430508474576271,9789,17635.324904931505,33247.41620017177,33385.57302434691,37233,0.33322010869565216,0.34363149676555876,0.3501841312353532,0.33379013312451056,0.33241973375097883,0.33379013312451056,14.291415156140094,14.146958321383375,14.141423181529545,14.826779511355452,0.018418194864211212,0.676779511355452,2,14.858131136292133,181.94583300000522
80,14.15,P3-D0.50,p3d_05,528,120,15067,5108,0.33901904825114487,0.40196448809973556,0.3203545425767648,9959,17468.962308324262,32924.54820849337,33059.41605743784,36791,0.3425651170458292,0.33863381858902575,0.33666237113402064,0.33379013312451056,0.33241973375097883,0.33379013312451056,14.291417981175014,14.14695079959087,14.141420945115003,14.826730448545602,0.01841662967404936,0.6767304485456016,2,14.85808565313732,145.2441669999971
80,14.15,P3-D0.50,p3d_05,529,120,14874,5108,0.3434180449105822,0.3933456561922366,0.3418918918918919,9766,17534.55700604515,32942.281094482576,33071.528035104624,36708,0.33592956315611244,0.34374650095174114,0.34983277591973244,0.33379013312451056,0.33241973375097883,0.33379013312451056,14.291426951154559,14.14695215934906,14.141420959158046,14.826632314395985,0.018423631494362824,0.6766323143959845,2,14.857995168894028,160.19204199998057
80,14.15,P3-D0.50,p3d_05,530,120,15004,5108,0.34044254865369233,0.39539204756596064,0.31282843894899537,9896,17544.63255794328,33087.029372309255,33222.839759876166,36976,0.34732319894249836,0.34319127403575844,0.32576985413290116,0.33379013312451056,0.33241973375097883,0.33379013312451056,14.291422116862316,14.14695826538221,14.141423198303087,14.826706127830072,0.018415842594992782,0.6767061278300712,2,14.858050215584772,192.09124999999767
80,18,P3-U,p3u,501,120,15018,5492,0.36569449993341324,0.40880268556508764,0.3544018058690745,9526,17166.605279115898,31965.65487320481,32098.55580355338,35584,0.37237643872714965,0.36372734348938063,0.3650276782806903,0.3315731973780044,0.33685360524399127,0.3315731973780044,15.487027861094845,15.51535935327009,15.610624038405284,40,0,22,0,40,143.4658749999944
80,18,P3-U,p3u,502,120,14935,5496,0.36799464345497157,0.423121387283237,0.35188739603326935,9439,16974.27564855618,31571.026292294482,31709.690081006203,35286,0.37439222042139386,0.3624817354164325,0.37792075855062646,0.3316957787481805,0.3373362445414847,0.3309679767103348,15.511513413972091,15.471261019531878,15.527914356049058,40,0,22,0,40,157.39545899999212
80,18,P3-U,p3u,503,120,15156,5502,0.36302454473475854,0.4097014925373134,0.3462264150943396,9654,17141.232392661783,31910.528956905313,32052.919001128805,35704,0.3596318211702827,0.3624780316344464,0.3681063122923588,0.33133406034169394,0.3376953834969102,0.33097055616139587,15.53828696670267,15.526771644841977,15.611038561698834,40,0,22,0,40,184.65762500002165
80,18,P3-U,p3u,504,120,14935,5490,0.3675929025778373,0.41092814371257486,0.3559377027903958,9445,17098.989571466223,31770.70304684547,31909.557549905672,35502,0.36836803223640024,0.3677791329415678,0.3662355343771273,0.3313296903460838,0.3380692167577414,0.33060109289617484,15.514624315945747,15.578627751334077,15.734577555987775,40,0,22,0,40,143.62866599997506
80,18,P3-U,p3u,505,120,14696,5486,0.373298856831791,0.4013955196474477,0.36192675684592546,9210,17200.918326741656,31884.69093395536,32022.090186974263,35521,0.3701808256567724,0.3740648379052369,0.37410805300713557,0.33175355450236965,0.33649289099526064,0.33175355450236965,15.460257304596105,15.479033289565834,15.568747362046027,40,0,22,0,40,146.37120799999684
80,18,P3-U,p3u,506,120,14887,5498,0.3693155101766642,0.402425578831312,0.3585151416476718,9389,17201.494477461907,31847.461801366095,31975.500273286383,35431,0.37207748830995324,0.3702524448487605,0.3639883833494676,0.3328483084758094,0.336485994907239,0.3306656966169516,15.493875450462477,15.626363550375451,15.776867802681986,40,0,22,0,40,165.66666699998314
80,18,P3-U,p3u,507,120,14932,5496,0.3680685775515671,0.39717595944967415,0.35468297392983583,9436,17261.615527043818,31767.204066874867,31897.95357364575,35324,0.3616742969260955,0.3685216413715571,0.37327962403491105,0.3309679767103348,0.3360625909752547,0.3329694323144105,15.476655994383341,15.58227251527651,15.69416018883208,40,0,22,0,40,195.2113750000135
80,18,P3-U,p3u,508,120,15103,5496,0.3639012116797987,0.39073083778966133,0.35337620578778134,9607,17504.393920592465,32125.59529271682,32261.47888555084,35718,0.36513700891383294,0.3627592325607186,0.366045142296369,0.3309679767103348,0.3384279475982533,0.3306040756914119,15.541389317835568,15.565148122016607,15.693536554447803,40,0,22,0,40,141.80866699997569
80,18,P3-U,p3u,509,120,15068,5497,0.3648128484204938,0.4126506024096386,0.34461152882205515,9571,17102.33569117198,31939.68341178428,32076.158036872104,35607,0.3496340652029275,0.36681752952864555,0.37395937395937395,0.3310896852828816,0.3376387120247408,0.33127160269237765,15.52261493217936,15.49616262420183,15.569372585444443,40,0,22,0,40,161.44116700001177
80,18,P3-U,p3u,510,120,15073,5498,0.3647581768725536,0.40175631174533477,0.3618139993427539,9575,17196.412979794313,31797.692808615047,31928.85021136218,35504,0.3665204184947688,0.36497635023649766,0.36237164624047696,0.331575118224809,0.33684976355038193,0.331575118224809,15.503839882412702,15.576572701975174,15.693954774670123,40,0,22,0,40,187.1801250000135
80,18,P3-U,p3u,511,120,14783,5501,0.37211662044240007,0.4107946026986507,0.36666666666666664,9282,16940.671480003115,31452.294472433376,31593.729749911625,35266,0.3835286009648518,0.37070912375790427,0.3652892561983471,0.3315760770768951,0.3377567714960916,0.33066715142701325,15.537142340382855,15.471261304605237,15.527914270481974,40,0,22,0,40,165.23270899997442
80,18,P3-U,p3u,512,120,14929,5498,0.36827650880835955,0.42235067437379575,0.35608020698576975,9431,16811.39310743029,31408.6332256336,31540.417730165165,35128,0.3615898698557861,0.372098140609528,0.3630296963630297,0.33139323390323755,0.33794106947981084,0.3306656966169516,15.533717145438581,15.676169620752189,15.859785570428002,40,0,22,0,40,145.0589579999796
80,18,P3-U,p3u,513,120,14926,5499,0.36841752646388853,0.41139003372049454,0.3582138200782269,9427,16882.89044760049,31269.04900461156,31401.936423066054,34972,0.3631054620405359,0.37310774710596617,0.35961728802375453,0.3311511183851609,0.33678850700127294,0.3320603746135661,15.504983661725037,15.515352743558296,15.610621944038241,40,0,22,0,40,172.57649999999558
80,18,P3-U,p3u,514,120,14983,5497,0.3668824667957018,0.40352811466372657,0.3676126878130217,9486,17333.85073187785,32282.141302454267,32424.809456746018,36113,0.37199341021416804,0.36692965885098344,0.3614784672770431,0.331999272330362,0.338184464253229,0.32981626341640896,15.537555170066566,15.626366033970287,15.776868698074063,40,0,22,0,40,187.6328340000182
80,18,P3-U,p3u,515,120,14802,5495,0.3712336170787731,0.413715146948003,0.369215291750503,9307,17051.858165319958,31660.53825160946,31799.319209564594,35406,0.3845896147403685,0.36952124072825354,0.36279547790339156,0.33230209281164697,0.33666969972702454,0.3310282074613285,15.490451335490292,15.452062175900403,15.486661735110557,40,0,22,0,40,143.9753330000094
80,18,P3-U,p3u,516,120,14879,5498,0.36951408024732846,0.41320754716981134,0.3608652900688299,9381,17033.886335592833,31638.080488200558,31771.136069443033,35153,0.3634188034188034,0.37531933799844497,0.35784479837343275,0.33230265551109495,0.3373954165150964,0.33030192797380864,15.518782341117495,15.57657175738944,15.693954575748437,40,0,22,0,40,151.30379200002062
80,18,P3-U,p3u,517,120,14968,5495,0.367116515232496,0.4166666666666667,0.3577473958333333,9473,17016.989447543732,31759.114452813854,31897.09488431765,35425,0.3661184210526316,0.36841516608880437,0.3642450619350519,0.332484076433121,0.33521383075523203,0.33230209281164697,15.450616729516327,15.390862624316549,15.403335287072077,40,0,22,0,40,283.06112500000745
80,18,P3-U,p3u,518,120,15023,5490,0.36543965918924315,0.4076005961251863,0.35531846104106046,9533,17101.37779242986,31731.499703825022,31868.684797147012,35441,0.3674600586892729,0.3670645989066161,0.3585031740728366,0.33260473588342443,0.33642987249544626,0.3309653916211293,15.46980293270356,15.465555346767799,15.527707123810861,40,0,22,0,40,145.75750000000698
80,18,P3-U,p3u,519,120,14890,5490,0.3687038280725319,0.42266047950502705,0.3532626165220186,9400,16817.199329228428,31522.897728137767,31659.52029238388,35238,0.37820934825543123,0.36733543733092877,0.36308724832214767,0.3320582877959927,0.33697632058287796,0.3309653916211293,15.484743229594908,15.490452670346526,15.569164140486805,40,0,22,0,40,140.77291699999478
80,18,P3-U,p3u,520,120,15146,5501,0.36319820414630927,0.4157516092389246,0.35347043701799485,9645,17063.529900468824,31799.82926464817,31935.82923953561,35579,0.3599737962659679,0.36541419468248737,0.3597459043798061,0.3313942919469187,0.33830212688602074,0.33030358116706054,15.552080269081788,15.570862103788249,15.693746259668297,40,0,22,0,40,158.92312500000116
80,18,P3-U,p3u,521,120,15092,5498,0.36429896633978265,0.40621531631520535,0.3639973527465255,9594,17139.78225809584,31875.787055841705,32015.82564336171,35659,0.3707070707070707,0.36641389163644356,0.3516374462454515,0.3310294652600946,0.3373954165150964,0.331575118224809,15.518773293419061,15.595753197240674,15.735201223525374,40,0,22,0,40,185.1651659999916
80,18,P3-U,p3u,522,120,14972,5491,0.366751269035533,0.4033923303834808,0.35873119686069327,9481,17274.26588621431,32052.63175746628,32192.072618791466,35888,0.3564679048550016,0.36362628837415495,0.3875,0.3298124203241668,0.33964669459114916,0.33054088508468404,15.560582910159347,15.503940143582826,15.610207576867568,40,0,22,0,40,143.43458400000236
80,18,P3-U,p3u,523,120,15011,5495,0.36606488575044965,0.4118752348741075,0.3620803159973667,9516,17123.057167022875,31779.201951680054,31918.46744965142,35576,0.36617405582922824,0.36306086183918257,0.37508440243079,0.3310282074613285,0.3363057324840764,0.3326660600545951,15.480493938393401,15.52105482107669,15.610828220997277,40,0,22,0,40,148.6424999999872
80,18,P3-U,p3u,524,120,14954,5498,0.36766082653470644,0.4110153615586362,0.3663003663003663,9456,17130.325122346436,31774.506429222292,31908.046363151556,35488,0.36738836265223274,0.36121883656509696,0.3874873864783047,0.331575118224809,0.336485994907239,0.331938886867952,15.493874984446768,15.545950802300446,15.65228473925148,40,0,22,0,40,166.83370800002012
80,18,P3-U,p3u,525,120,15123,5495,0.36335383191165777,0.41816100724914157,0.34968152866242036,9628,16964.134285109558,31483.466706360414,31617.064309549376,35192,0.3547860176412937,0.3631818686812576,0.37242731133616463,0.3303002729754322,0.337943585077343,0.33175614194722475,15.525312509416619,15.584341074365826,15.734787068525426,40,0,22,0,40,198.69779100001324
80,18,P3-U,p3u,526,120,15150,5501,0.36310231023102313,0.4103332085361288,0.35127388535031845,9649,17200.772916380316,31984.813480103734,32117.32301334672,35716,0.3643134715025907,0.36701599558742415,0.3500166833500167,0.3304853662970369,0.33866569714597344,0.33084893655698966,15.562044624052424,15.513292556256133,15.569997699374191,40,0,22,0,40,141.41150000001653
80,18,P3-U,p3u,527,120,14897,5493,0.3687319594549238,0.40735239509840326,0.3715254237288136,9404,17204.605883003638,32071.220086369172,32207.94704379959,35899,0.36447010869565216,0.3670533125139416,0.37797120857047206,0.3307846349899873,0.3375204806116876,0.3316948843983251,15.508085466859681,15.373724748684774,15.402707939693977,40,0,22,0,40,156.07774999999674
80,18,P3-U,p3u,528,120,15067,5496,0.36477069091391784,0.41329807329051754,0.347894903450459,9571,17026.28279299828,31635.318067509215,31766.22338902403,35258,0.37421694691724366,0.36326987681970885,0.3598582474226804,0.3307860262008734,0.3371542940320233,0.3320596797671033,15.50653255470724,15.46554474481359,15.527703866470512,40,0,22,0,40,180.2674999999872
80,18,P3-U,p3u,529,120,14874,5490,0.3691004437273094,0.4036968576709797,0.3716216216216216,9384,17102.227236463103,31636.196782306095,31766.187645481474,35194,0.3613274635963427,0.3700593438584705,0.3739130434782609,0.32987249544626596,0.338615664845173,0.331511839708561,15.52956322703689,15.595750743920386,15.7352004333061,40,0,22,0,40,146.41179099999135
80,18,P3-U,p3u,530,120,15004,5492,0.3660357238069848,0.40765514678558157,0.33941267387944357,9512,17104.940208209628,31820.757845938628,31954.345383801545,35418,0.3730998017184402,0.3679298324524907,0.35364667747163697,0.3312090313182811,0.33794610342316095,0.3308448652585579,15.516909369603251,15.434949842041958,15.486042190164959,40,0,22,0,40,148.91212500000256
80,18,P3-D0.50,p3d_05,501,120,15018,5502,0.3663603675589293,0.40992167101827676,0.3550467591099645,9516,17153.905327466768,31936.91469912206,32066.341411607482,35546,0.3727149627623561,0.36450572667630377,0.3656789319439922,0.33097055616139587,0.33805888767720826,0.33097055616139587,15.548244566182209,15.601472757090178,15.735412643986045,40,0,22,0,40,166.91987499999232
80,18,P3-D0.50,p3d_05,502,120,14935,5496,0.36799464345497157,0.423121387283237,0.35188739603326935,9439,16974.90632252686,31571.026292294482,31709.690081006203,35286,0.37439222042139386,0.3624817354164325,0.37792075855062646,0.3316957787481805,0.3371542940320233,0.3311499272197962,15.50653315852585,15.471261019531878,15.527914356049058,40,0,22,0,40,191.1037500000093
80,18,P3-D0.50,p3d_05,503,120,15156,5496,0.36262866191607285,0.40932835820895525,0.3462264150943396,9660,17151.821276701605,31931.973139845188,32076.21940189492,35742,0.35930309007232086,0.3622583479789104,0.36710963455149503,0.3311499272197962,0.337882096069869,0.3309679767103348,15.526450713482173,15.701062687342374,15.90124139563463,40,0,22,0,40,141.40716699999757
80,18,P3-D0.50,p3d_05,504,120,14935,5490,0.3675929025778373,0.41092814371257486,0.3559377027903958,9445,17099.217513062587,31770.70304684547,31909.557549905672,35502,0.36836803223640024,0.3677791329415678,0.3662355343771273,0.331511839708561,0.3371584699453552,0.3313296903460838,15.489724511720208,15.578627751334077,15.734577555987775,40,0,22,0,40,153.46624999999767
80,18,P3-D0.50,p3d_05,505,120,14696,5486,0.373298856831791,0.40249724568490636,0.36192675684592546,9210,17189.723561227253,31884.69093395536,32022.090186974263,35521,0.3701808256567724,0.3740648379052369,0.37410805300713557,0.33175355450236965,0.33594604447685017,0.3323004010207802,15.44531752380543,15.479033289565834,15.568747362046027,40,0,22,0,40,172.48941700000432
80,18,P3-D0.50,p3d_05,506,120,14887,5498,0.3693155101766642,0.4016905549430356,0.3585151416476718,9389,17203.354189678226,31847.461801366095,31975.500273286383,35431,0.37207748830995324,0.3702524448487605,0.3639883833494676,0.3330301927973809,0.33594034194252453,0.3310294652600946,15.47893805640708,15.626363550375451,15.776867802681986,40,0,22,0,40,140.7658329999831
80,18,P3-D0.50,p3d_05,507,120,14932,5496,0.3680685775515671,0.39608979000724115,0.35468297392983583,9436,17268.437142159582,31767.204066874867,31897.95357364575,35324,0.3616742969260955,0.3685216413715571,0.37327962403491105,0.33133187772925765,0.33679039301310043,0.3318777292576419,15.496575205721644,15.58227251527651,15.69416018883208,40,0,22,0,40,144.86754199999268
80,18,P3-D0.50,p3d_05,508,120,15103,5496,0.3639012116797987,0.38966131907308377,0.35337620578778134,9607,17510.83452948769,32125.59529271682,32261.47888555084,35718,0.36513700891383294,0.3627592325607186,0.366045142296369,0.33133187772925765,0.337882096069869,0.3307860262008734,15.526451277799659,15.565148122016607,15.693536554447803,40,0,22,0,40,174.81037500000093
80,18,P3-D0.50,p3d_05,509,120,15068,5503,0.365211043270507,0.4137801204819277,0.34398496240601506,9565,17079.0394809019,31922.069807286356,32052.740963290693,35586,0.35063206919494344,0.3669279169886301,0.37462537462537465,0.3309104125022715,0.33599854624750136,0.33309104125022715,15.49460643756958,15.459843437958456,15.527498075455549,40,0,22,0,40,191.43812499998603
80,18,P3-D0.50,p3d_05,510,120,15073,5498,0.3647581768725536,0.4013904134650567,0.3618139993427539,9575,17195.761036504726,31797.692808615047,31928.85021136218,35504,0.3665204184947688,0.36497635023649766,0.36237164624047696,0.3317570025463805,0.3363041105856675,0.331938886867952,15.48890098219702,15.576572701975174,15.693954774670123,40,0,22,0,40,146.29954199999338
80,18,P3-D0.50,p3d_05,511,120,14783,5496,0.3717783941013326,0.41004497751124436,0.367,9287,16961.569028647995,31477.296210925848,31615.97174766916,35271,0.3821502412129566,0.3705962059620596,0.3652892561983471,0.3316957787481805,0.33679039301310043,0.33151382823871905,15.496572402267352,15.526765097909765,15.61103662937878,40,0,22,0,40,149.54229099999066
80,18,P3-D0.50,p3d_05,512,120,14929,5498,0.36827650880835955,0.42196531791907516,0.35608020698576975,9431,16813.121698814084,31408.6332256336,31540.417730165165,35128,0.3615898698557861,0.372098140609528,0.3630296963630297,0.3310294652600946,0.33757730083666787,0.33139323390323755,15.52375730304838,15.676169620752189,15.859785570428002,40,0,22,0,40,171.77825000000303
80,18,P3-D0.50,p3d_05,513,120,14926,5499,0.36841752646388853,0.41139003372049454,0.3582138200782269,9427,16881.55402010231,31269.04900461156,31401.936423066054,34972,0.3631054620405359,0.37310774710596617,0.35961728802375453,0.3309692671394799,0.33678850700127294,0.3322422258592471,15.504982935419804,15.515352743558296,15.610621944038241,40,0,22,0,40,141.59424999999464
80,18,P3-D0.50,p3d_05,514,120,14983,5494,0.3666822398718548,0.4027930907754502,0.3676126878130217,9489,17350.071523453476,32290.746156788144,32435.97335865315,36129,0.37166392092257,0.3667074119346594,0.3614784672770431,0.33054240990171097,0.336730979250091,0.33272661084819805,15.489315818120925,15.601463192775837,15.73540985278718,40,0,22,0,40,144.78787500000908
80,18,P3-D0.50,p3d_05,515,120,14802,5495,0.3712336170787731,0.4129615674453655,0.369215291750503,9307,17054.712485374603,31660.53825160946,31799.319209564594,35406,0.3845896147403685,0.36952124072825354,0.36279547790339156,0.3328480436760691,0.3359417652411283,0.33121019108280253,15.470532284801438,15.452062175900403,15.486661735110557,40,0,22,0,40,158.0392920000013
80,18,P3-D0.50,p3d_05,516,120,14879,5498,0.36951408024732846,0.4139622641509434,0.3608652900688299,9381,17028.433780353356,31638.080488200558,31771.136069443033,35153,0.3634188034188034,0.37531933799844497,0.35784479837343275,0.3324845398326664,0.33703164787195344,0.33048381229538015,15.50882179281728,15.57657175738944,15.693954575748437,40,0,22,0,40,182.19495899998583
80,18,P3-D0.50,p3d_05,517,120,14968,5495,0.367116515232496,0.4178082191780822,0.3577473958333333,9473,17013.74800931166,31759.114452813854,31897.09488431765,35425,0.3661184210526316,0.36841516608880437,0.3642450619350519,0.33339399454049135,0.33503184713375794,0.33157415832575066,15.445635772413192,15.390862624316549,15.403335287072077,40,0,22,0,40,142.72166700000525
80,18,P3-D0.50,p3d_05,518,120,15023,5490,0.36543965918924315,0.4076005961251863,0.35531846104106046,9533,17100.40925905444,31731.499703825022,31868.684797147012,35441,0.3674600586892729,0.3670645989066161,0.3585031740728366,0.33296903460837884,0.336247723132969,0.3307832422586521,15.464822679383879,15.465555346767799,15.527707123810861,40,0,22,0,40,180.34033400000772
80,18,P3-D0.50,p3d_05,519,120,14890,5490,0.3687038280725319,0.4215003866976025,0.3532626165220186,9400,16829.296646843297,31522.897728137767,31659.52029238388,35238,0.37820934825543123,0.36733543733092877,0.36308724832214767,0.3309653916211293,0.33734061930783243,0.33169398907103825,15.494700051158286,15.490452670346526,15.569164140486805,40,0,22,0,40,161.97316600001068
80,18,P3-D0.50,p3d_05,520,120,15146,5501,0.36319820414630927,0.41688754259750094,0.35347043701799485,9645,17055.76845826802,31799.82926464817,31935.82923953561,35579,0.3599737962659679,0.36541419468248737,0.3597459043798061,0.3313942919469187,0.3377567714960916,0.33084893655698966,15.537141370992673,15.570862103788249,15.693746259668297,40,0,22,0,40,194.12120799999684
80,18,P3-D0.50,p3d_05,521,120,15092,5498,0.36429896633978265,0.4058453570107288,0.3639973527465255,9594,17140.686770927554,31875.787055841705,32015.82564336171,35659,0.3707070707070707,0.36641389163644356,0.3516374462454515,0.331575118224809,0.3372135321935249,0.33121134958166604,15.51379420243898,15.595753197240674,15.735201223525374,40,0,22,0,40,140.98929200001294
80,18,P3-D0.50,p3d_05,522,120,14972,5496,0.3670852257547422,0.40376106194690264,0.3590582079790713,9476,17255.387386880524,32026.005938436014,32173.414945268134,35875,0.3567937438905181,0.3638479441427463,0.38819444444444445,0.3296943231441048,0.33897379912663755,0.33133187772925765,15.556334128970422,15.609244233911156,15.776245976925333,40,0,22,0,40,154.26787499999045
80,18,P3-D0.50,p3d_05,523,120,15011,5495,0.36606488575044965,0.4118752348741075,0.3620803159973667,9516,17122.942549024177,31779.201951680054,31918.46744965142,35576,0.36617405582922824,0.36306086183918257,0.37508440243079,0.33121019108280253,0.3359417652411283,0.3328480436760691,15.470534670165238,15.52105482107669,15.610828220997277,40,0,22,0,40,175.97520799998892
80,18,P3-D0.50,p3d_05,524,120,14954,5495,0.3674602113146984,0.4098913450730611,0.3663003663003663,9459,17143.221287134736,31787.90253552623,31920.070412297457,35515,0.36705006765899867,0.3611080332409972,0.3871510258997645,0.3313921747042766,0.33685168334849863,0.33175614194722475,15.495431333649982,15.545952098514585,15.652285149966294,40,0,22,0,40,141.0138750000042
80,18,P3-D0.50,p3d_05,525,120,15123,5495,0.36335383191165777,0.41739793971766503,0.34968152866242036,9628,16967.760687467726,31483.466706360414,31617.064309549376,35192,0.3547860176412937,0.3631818686812576,0.37242731133616463,0.3303002729754322,0.33666969972702454,0.3330300272975432,15.490453696205746,15.584341074365826,15.734787068525426,40,0,22,0,40,178.35895799999707
80,18,P3-D0.50,p3d_05,526,120,15150,5501,0.36310231023102313,0.4103332085361288,0.35127388535031845,9649,17200.44718710551,31984.813480103734,32117.32301334672,35716,0.3643134715025907,0.36701599558742415,0.3500166833500167,0.33066715142701325,0.33812034175604433,0.33121250681694236,15.547104660090522,15.513292556256133,15.569997699374191,40,0,22,0,40,164.03495899998234
80,18,P3-D0.50,p3d_05,527,120,14897,5506,0.3696046183795395,0.40809506126995915,0.3735593220338983,9391,17203.793359025807,32026.377671627488,32167.4892049366,35854,0.36514945652173914,0.367945572161499,0.3789755607633077,0.33109335270613877,0.3379949146385761,0.3309117326552851,15.557786920858126,15.557372537262395,15.652702280485444,40,0,22,0,40,188.96737500000745
80,18,P3-D0.50,p3d_05,528,120,15067,5496,0.36477069091391784,0.41329807329051754,0.347894903450459,9571,17026.05129848532,31635.318067509215,31766.22338902403,35258,0.37421694691724366,0.36326987681970885,0.3598582474226804,0.3307860262008734,0.3371542940320233,0.3320596797671033,15.50653286962645,15.46554474481359,15.527703866470512,40,0,22,0,40,145.69041700000525
80,18,P3-D0.50,p3d_05,529,120,14874,5490,0.3691004437273094,0.4044362292051756,0.3716216216216216,9384,17093.093238904843,31636.196782306095,31766.187645481474,35194,0.3613274635963427,0.3700593438584705,0.3739130434782609,0.33060109289617484,0.338615664845173,0.3307832422586521,15.529562972047186,15.595750743920386,15.7352004333061,40,0,22,0,40,151.41154099997948
80,18,P3-D0.50,p3d_05,530,120,15004,5492,0.3660357238069848,0.4061687105165366,0.33941267387944357,9512,17126.71276636971,31820.757845938628,31954.345383801545,35418,0.3730998017184402,0.3679298324524907,0.35364667747163697,0.3319373634377276,0.3370356882738529,0.3310269482884195,15.492007489308516,15.434949842041958,15.486042190164959,40,0,22,0,40,171.60191599998507
