demand,fleet_size,charger_capacity,seed,periods,requests,dispatched,completion_rate,late_service_ratio,final_queue,late_queue_slope,mean_wait_minutes,late_mean_wait_minutes,late_p95_wait_mean,final_oldest_queue_age,north_completion_rate,central_completion_rate,south_completion_rate,late_budget_mean,late_budget_sd,late_exposure_mean,stable,runtime_ms
10,1,1,701,120,1872,1871,0.999465811965812,0.9973890339425587,1,-0.05478260869565217,24.29740103522709,19.444736944388872,48.39870228038884,11,1,1,0.9974358974358974,40,0,5.469378974814382,1,17.727124999999987
10,1,1,702,120,1828,1826,0.9989059080962801,0.9948453608247423,2,0.03478260869565217,19.311020566453124,19.3655320892103,47.65959102910498,69,0.9972602739726028,0.9990875912408759,1,40,0,5.5116766727519355,1,13.820875000000001
10,1,1,703,120,1838,1837,0.999455930359086,1.0026525198938991,1,0.007391304347826087,22.194565709177976,19.826437001189525,50.83102267747836,12,1,0.9990791896869244,1,40,0,5.468543304094087,1,12.654333000000008
10,1,1,704,120,1835,1831,0.9978201634877384,0.9894736842105263,4,0.030434782608695653,22.076394662276766,17.514332331892412,45.38884988151161,57,0.994413407821229,0.9990859232175503,0.9973890339425587,40,0,5.509583835016001,1,11.930666000000002
10,1,1,705,120,1933,1933,1,1.002375296912114,0,0.053913043478260855,27.75871528733692,39.17188724332741,74.93795109888622,0,1,1,1,40,0,6.099612070336335,1,15.809750000000008
10,1,1,706,120,1901,1899,0.9989479221462388,1,2,0.02391304347826087,24.035630045530652,28.690331661465315,62.30083518724344,13,1,0.9982190560997328,1,40,0,5.678759932485286,1,15.165583999999996
10,1,1,707,120,1872,1867,0.9973290598290598,0.9871134020618557,5,0.02043478260869565,27.153005057160698,32.78989025339911,60.41788569388003,41,0.9973404255319149,0.9965307892454467,1,40,0,5.428132671413295,1,10.270916
10,1,1,708,120,1885,1885,1,1.0025188916876575,0,-0.07434782608695652,24.428334226033588,29.11875345765196,62.41805462952774,0,1,1,1,40,0,5.762930714514511,1,9.910750000000007
10,1,1,709,120,1842,1842,1,1,0,-0.03434782608695652,23.80022923064293,16.956542569497003,48.13962468070622,0,1,1,1,40,0,5.047901959404457,1,7.896083000000004
10,1,1,710,120,1881,1877,0.9978734715576821,0.9923273657289002,4,0.016521739130434778,25.40856606018517,27.449882023716256,60.61463179995553,82,0.9973614775725593,0.998262380538662,0.9971509971509972,40,0,5.677926642068326,1,8.754750000000001
10,1,1,711,120,1796,1796,1,1.0058479532163742,0,-0.01565217391304348,18.181500491896685,16.463928437180563,43.254089239118606,0,1,1,1,40,0,4.963943121724609,1,7.2097499999999854
10,1,1,712,120,1778,1777,0.999437570303712,1,1,0.020000000000000007,19.958964629652655,22.99109613229397,51.24680735263488,3,1,1,0.9971910112359551,40,0,5.259581548658435,1,7.427208000000007
10,1,1,713,120,1956,1955,0.9994887525562373,0.9975786924939467,1,-0.02608695652173913,26.547118377739153,31.848174150741507,64.50922940539597,29,1,0.9991610738255033,1,40,0,6.056062786152641,1,8.424499999999966
10,1,1,714,120,1867,1864,0.998393144081414,0.9950617283950617,3,0.04739130434782609,21.63198436570677,22.16592263774768,52.40233915577634,54,0.9970149253731343,0.9991334488734835,0.9973544973544973,40,0,5.97126474216222,1,8.145375000000001
10,1,1,715,120,1890,1888,0.9989417989417989,1,2,-0.008695652173913047,22.470698786585668,28.02715927095743,62.42014104801304,59,0.9974747474747475,0.9991251093613298,1,40,0,5.593544026212151,1,10.827666000000022
10,1,1,716,120,1844,1843,0.9994577006507592,1,1,-0.03608695652173913,23.67509999209241,28.906508501485696,58.92218287602403,33,0.9973045822102425,1,1,40,0,5.721264331644288,1,10.347167000000013
10,1,1,717,120,1859,1857,0.9989241527703067,0.9974619289340102,2,0.018695652173913047,25.14663284758532,27.26283467485272,64.5381052763405,45,1,0.9982222222222222,1,40,0,5.720425335104836,1,8.004917000000034
10,1,1,718,120,1831,1831,1,1.005390835579515,0,-0.010869565217391304,24.243287160849572,22.22074891834701,48.36577534210968,0,1,1,1,40,0,5.384583702928722,1,10.87395799999996
10,1,1,719,120,1893,1892,0.9994717379820391,1.002724795640327,1,0.018695652173913033,25.2819700255259,19.145754987367404,48.18549677303084,10,1,0.9991452991452991,1,40,0,5.300621503113327,1,7.728584000000012
10,1,1,720,120,1897,1896,0.9994728518713759,1.0025974025974025,1,-0.00782608695652174,25.488879907827823,21.849513323545555,53.25155689850968,10,0.9971988795518207,1,1,40,0,5.594589686326991,1,8.771541999999954
10,1,1,721,120,1898,1895,0.9984193888303478,0.995049504950495,3,0.06086956521739131,25.092160886288745,28.083324129022593,63.53283348769037,5,0.994750656167979,0.9991258741258742,1,40,0,5.805222754132739,1,8.308875
10,1,1,722,120,1915,1909,0.9968668407310705,0.9843342036553525,6,0.0782608695652174,26.226386949721178,22.26237830074617,50.53819703282564,63,0.9973118279569892,0.9974204643164231,0.9947368421052631,40,0,5.385420312729118,1,8.589333999999951
10,1,1,723,120,1901,1900,0.9994739610731194,1.013089005235602,1,0.016086956521739127,23.552422233392065,23.77665135005914,53.12779219714836,13,1,0.9991445680068435,1,40,0,5.677712667157256,1,8.352332999999987
10,1,1,724,120,1881,1879,0.998936735778841,0.9975490196078431,2,0.06260869565217392,28.185337195736132,24.8756906701604,55.88832763873597,16,0.9975186104218362,0.9990990990990991,1,40,0,5.806269881315367,1,7.679417000000001
10,1,1,725,120,1873,1871,0.99893219434063,0.9973684210526316,2,0.010869565217391304,25.235339629337155,18.603115660706838,47.99004685041533,16,1,0.9982425307557118,1,40,0,5.593127783776322,1,8.580041999999992
10,1,1,726,120,1863,1862,0.9994632313472893,1,1,-0.016086956521739127,22.468132706975,21.05926614996028,50.932373146195154,2,1,1,0.9974747474747475,40,0,5.386257367106137,1,7.3991249999999695
10,1,1,727,120,1966,1965,0.9994913530010173,1.0151898734177216,1,-0.0682608695652174,30.530235774543485,32.51439244275601,60.046983068710084,12,1,0.9991525423728813,1,40,0,5.887930158345536,1,8.987832999999966
10,1,1,728,120,1848,1845,0.9983766233766234,1.0080645161290323,3,0.04086956521739129,25.397023664588676,31.392781163843505,62.0908141915373,76,1,0.9982486865148862,0.9972826086956522,40,0,5.385001642761259,1,7.5060419999999795
10,1,1,729,120,1815,1813,0.9988980716253444,1,2,0.006521739130434782,19.633845677921627,25.4219907205717,56.37272021581217,18,1,0.9982378854625551,1,40,0,5.384163382973562,1,9.904083000000014
10,1,1,730,120,1846,1843,0.9983748645720477,0.9973890339425587,3,-0.004347826086956525,25.766946351242467,21.0358147673164,52.4769173248848,28,1,0.9981566820276497,0.9972972972972973,40,0,5.552294624488649,1,7.481708000000026
10,2,2,701,120,1872,1871,0.999465811965812,0.9973890339425587,1,-0.0026086956521739137,1.7457259007723283,1.6964073827607273,10.46408835738051,11,1,1,0.9974358974358974,40,0,5.593750933483338,1,6.261167
10,2,2,702,120,1828,1828,1,1,0,0.01391304347826087,1.6635541020713518,1.215713555404382,6.903568012805408,0,1,1,1,40,0,5.636466461800926,1,5.51154200000002
10,2,2,703,120,1838,1837,0.999455930359086,1,1,0.026956521739130435,1.7001780195810285,1.3787690647553712,10.400675064948397,12,1,0.9990791896869244,1,40,0,5.5097933012141675,1,6.595458000000008
10,2,2,704,120,1835,1834,0.9994550408719346,0.9973684210526316,1,0.007391304347826089,1.7624836119483267,1.3582291896070267,9.64063829459125,5,0.9972067039106145,1,1,40,0,5.46875403590474,1,5.664375000000007
10,2,2,705,120,1933,1933,1,1.002375296912114,0,-0.01652173913043478,1.9877482800093746,2.519626309261559,13.025537000966324,0,1,1,1,40,0,6.099611297582924,1,6.916416999999967
10,2,2,706,120,1901,1899,0.9989479221462388,0.9974489795918368,2,0.014347826086956528,1.968167767193182,2.2976176387263365,10.388566453426998,13,1,0.9982190560997328,1,40,0,5.761466273909387,1,6.014209000000051
10,2,2,707,120,1872,1870,0.9989316239316239,0.9948453608247423,2,0.01956521739130435,1.9125913339701845,2.1845942908315767,10.567188231800477,11,0.9973404255319149,0.9991326973113617,1,40,0,5.428760507386936,1,11.822250000000054
10,2,2,708,120,1885,1885,1,1.0025188916876575,0,-0.05565217391304348,1.9783283377153833,2.1759982567108724,12.715047528055342,0,1,1,1,40,0,5.845847052264317,1,5.81208300000003
10,2,2,709,120,1842,1842,1,1,0,-0.019130434782608695,1.8442468518992339,1.3460531428555627,9.120856317672102,0,1,1,1,40,0,5.047903142872683,1,5.82062499999995
10,2,2,710,120,1881,1881,1,1,0,0.01565217391304348,2.247633888800461,2.6965974105310346,13.962975686892,0,1,1,1,40,0,5.720011925235323,1,6.0715000000000146
10,2,2,711,120,1796,1796,1,1.0029239766081872,0,-0.026956521739130428,1.4227625509654322,1.7695659840864377,9.263719953241585,0,1,1,1,40,0,5.005191608647193,1,6.180124999999975
10,2,2,712,120,1778,1777,0.999437570303712,0.9972972972972973,1,0.0004347826086956522,1.50279671173829,1.368783274791552,8.45913900419267,3,1,1,0.9971910112359551,40,0,5.300829612191651,1,7.906207999999992
10,2,2,713,120,1956,1956,1,1,0,-0.0017391304347826088,1.865405277692517,2.308887910482547,13.402455342316292,0,1,1,1,40,0,6.014814914609949,1,6.090875000000096
10,2,2,714,120,1867,1867,1,1,0,-0.011739130434782608,1.6259588348783982,1.6043493700491653,10.131714194722312,0,1,1,1,40,0,5.847310806556153,1,5.9142499999999245
10,2,2,715,120,1890,1890,1,1.005249343832021,0,0.007826086956521736,1.8077703397112237,2.2132389709272253,15.395587647778788,0,1,1,1,40,0,5.635419469734637,1,7.722791000000029
10,2,2,716,120,1844,1844,1,1.0025188916876575,0,-0.008695652173913044,1.777455579365979,2.055152766006779,10.769628477104257,0,1,1,1,40,0,5.762932110468189,1,6.54950000000008
10,2,2,717,120,1859,1859,1,1.00253807106599,0,-0.0013043478260869566,2.2306003747459866,2.533912812636873,12.541344231204372,0,1,1,1,40,0,5.679387772557909,1,8.646124999999984
10,2,2,718,120,1831,1831,1,1.005390835579515,0,-0.015217391304347827,1.8701568510082822,1.7012012262547793,9.887622718584376,0,1,1,1,40,0,5.46749882120864,1,6.154375000000073
10,2,2,719,120,1893,1892,0.9994717379820391,1,1,0.03782608695652174,2.1131739831827385,2.024085572178612,11.68836698493457,10,1,0.9991452991452991,1,40,0,5.217496955903709,1,6.441124999999943
10,2,2,720,120,1897,1896,0.9994728518713759,1.0025974025974025,1,0.004782608695652175,1.803474069305012,2.00042650106683,12.019643912936772,10,0.9971988795518207,1,1,40,0,5.4287596551245585,1,5.817875000000072
10,2,2,721,120,1898,1895,0.9984193888303478,0.995049504950495,3,0.004347826086956522,1.8381427887875297,2.1586161617550763,12.21900683890332,5,0.994750656167979,0.9991258741258742,1,40,0,5.846681840778696,1,8.840374999999995
10,2,2,722,120,1915,1913,0.9989556135770234,0.9947780678851175,2,0.02217391304347826,1.856000538964595,1.8486588562399617,11.278568012805104,8,0.9973118279569892,1,0.9973684210526316,40,0,5.3862559834494155,1,5.825375000000008
10,2,2,723,120,1901,1900,0.9994739610731194,1,1,0.02608695652173913,1.8755683400015004,1.4119483431505515,10.008786035886866,13,1,0.9991445680068435,1,40,0,5.510837536304829,1,6.27212499999996
10,2,2,724,120,1881,1879,0.998936735778841,0.9975490196078431,2,0.04565217391304348,1.90546218459075,2.135312478051712,13.543431508200834,16,0.9975186104218362,0.9990990990990991,1,40,0,5.930643880883838,1,6.224917000000005
10,2,2,725,120,1873,1871,0.99893219434063,0.9973684210526316,2,0.028695652173913042,1.9357697238946678,1.6522354080599313,11.782542759485295,16,1,0.9982425307557118,1,40,0,5.468755052353953,1,6.645375000000058
10,2,2,726,120,1863,1862,0.9994632313472893,1,1,-0.0034782608695652175,1.6195503062791934,1.7301150370039977,11.435320537262973,2,1,1,0.9974747474747475,40,0,5.469171869313835,1,5.705291999999986
10,2,2,727,120,1966,1965,0.9994913530010173,1.0025316455696203,1,0.006086956521739134,2.101545131383695,2.442633896020326,10.707205227011704,12,1,0.9991525423728813,1,40,0,5.845428929016823,1,6.313583999999992
10,2,2,728,120,1848,1848,1,1,0,0.020869565217391303,2.004184658130434,2.4655681008160526,12.3132289209528,0,1,1,1,40,0,5.4672881482151405,1,5.631874999999923
10,2,2,729,120,1815,1814,0.9994490358126722,1,1,0.0004347826086956522,1.621350891218335,1.4737114666976157,8.727018075595575,8,1,0.9991189427312775,1,40,0,5.425623327050807,1,5.653291999999965
10,2,2,730,120,1846,1844,0.9989165763813651,0.9947780678851175,2,-0.009130434782608696,2.1375947882094266,1.9868751555982045,11.628667747050713,27,1,0.9990783410138249,0.9972972972972973,40,0,5.427713406938071,1,7.694291000000021
10,3,3,701,120,1872,1871,0.999465811965812,0.9973890339425587,1,-0.0026086956521739137,0.4796914794872222,0.5724161850029166,5.205302321494552,11,1,1,0.9974358974358974,40,0,5.593750933483338,1,5.6593749999999545
10,3,3,702,120,1828,1828,1,1,0,0.018695652173913047,0.40707431256106014,0.20317299194732524,1.565454261931033,0,1,1,1,40,0,5.677923592225242,1,5.380333000000064
10,3,3,703,120,1838,1837,0.999455930359086,1,1,0.02782608695652175,0.4877845457035703,0.4130300700240353,5.070403615119176,12,1,0.9990791896869244,1,40,0,5.509793832608515,1,6.05925000000002
10,3,3,704,120,1835,1834,0.9994550408719346,0.9973684210526316,1,0.0017391304347826094,0.40066444222948205,0.2451896708598844,2.292610401508682,5,0.9972067039106145,1,1,40,0,5.385838796945286,1,5.405542000000082
10,3,3,705,120,1933,1933,1,1.002375296912114,0,-0.01652173913043478,0.53407531330526,0.7284944853036426,5.629933917355326,0,1,1,1,40,0,6.099611297582924,1,11.349291999999991
10,3,3,706,120,1901,1899,0.9989479221462388,0.9974489795918368,2,0.00782608695652174,0.5156354417922356,0.488413329700047,4.418585008016332,13,1,0.9982190560997328,1,40,0,5.720009469522011,1,6.195666999999958
10,3,3,707,120,1872,1870,0.9989316239316239,0.9948453608247423,2,0.01956521739130435,0.4351693372755825,0.38476989144667695,3.4553023214948553,11,0.9973404255319149,0.9991326973113617,1,40,0,5.428760507386936,1,8.54729199999997
10,3,3,708,120,1885,1885,1,1.0025188916876575,0,-0.05565217391304348,0.5455505492007872,0.6983573400917594,5.790553996176944,0,1,1,1,40,0,5.845847052264317,1,5.57120800000007
10,3,3,709,120,1842,1842,1,1,0,-0.011739130434782608,0.5400885390798221,0.3637543719543416,4.052524543716875,0,1,1,1,40,0,5.089360152617466,1,6.897166999999968
10,3,3,710,120,1881,1881,1,1,0,0.016086956521739134,0.5636951028388903,0.5718999693688142,5.33715458019924,0,1,1,1,40,0,5.720011719877917,1,5.558625000000006
10,3,3,711,120,1796,1796,1,1.0029239766081872,0,-0.026956521739130428,0.41011270763655594,0.6525699455847569,4.902777777778283,0,1,1,1,40,0,5.005191608647193,1,5.4817090000000235
10,3,3,712,120,1778,1777,0.999437570303712,0.9972972972972973,1,0.0004347826086956522,0.3799659214488361,0.20285775455759636,2.3769183413493615,3,1,1,0.9971910112359551,40,0,5.300829612191651,1,5.186042000000043
10,3,3,713,120,1956,1956,1,1,0,-0.011304347826086957,0.5195407574594982,0.6136765951920123,4.793585008015725,0,1,1,1,40,0,6.056272697108145,1,5.946374999999989
10,3,3,714,120,1867,1867,1,1,0,-0.011739130434782608,0.4597457426046124,0.45719709794788355,4.181514726230186,0,1,1,1,40,0,5.847310806556153,1,7.627582999999959
10,3,3,715,120,1890,1890,1,1.005249343832021,0,0.007826086956521736,0.4395853888324343,0.6556530038667502,6.0485343612041715,0,1,1,1,40,0,5.635419469734637,1,5.664959000000067
10,3,3,716,120,1844,1844,1,1.0025188916876575,0,-0.003913043478260867,0.44483186764575855,0.47707643253262866,4.256836822871567,0,1,1,1,40,0,5.762932641862538,1,5.451000000000022
10,3,3,717,120,1859,1859,1,1.00253807106599,0,-0.003043478260869567,0.5478798516792734,0.5326642876504213,4.802524543717179,0,1,1,1,40,0,5.679388013916977,1,5.595042000000035
10,3,3,718,120,1831,1831,1,1.005390835579515,0,-0.015217391304347827,0.5236191063270074,0.4785463472982332,4.283686301640349,0,1,1,1,40,0,5.46749882120864,1,5.513499999999908
10,3,3,719,120,1893,1892,0.9994717379820391,1,1,0.02826086956521739,0.5895256299175992,0.7437964466165156,5.8253529683070155,10,1,0.9991452991452991,1,40,0,5.217496750546302,1,7.627165999999988
10,3,3,720,120,1897,1896,0.9994728518713759,1.0025974025974025,1,0.016956521739130436,0.49657628917286306,0.5036918219122026,5.409645472314878,10,0.9971988795518207,1,1,40,0,5.511674894084011,1,5.509667000000036
10,3,3,721,120,1898,1895,0.9984193888303478,0.995049504950495,3,-0.0017391304347826055,0.4480899114121448,0.5613507031619756,5.413635654828188,5,0.994750656167979,0.9991258741258742,1,40,0,5.846681635421288,1,5.46712500000001
10,3,3,722,120,1915,1913,0.9989556135770234,0.9947780678851175,2,0.013043478260869565,0.44789281626185284,0.37200880969883804,3.066413432605865,8,0.9973118279569892,1,0.9973684210526316,40,0,5.344798853025099,1,5.613540999999941
10,3,3,723,120,1901,1900,0.9994739610731194,1,1,0.02608695652173913,0.4618347340187177,0.4817959167339913,5.65277777777798,13,1,0.9991445680068435,1,40,0,5.510837536304829,1,7.553084000000013
10,3,3,724,120,1881,1879,0.998936735778841,0.9975490196078431,2,0.04043478260869565,0.4438337973162112,0.535851867137038,4.403736948452206,16,0.9975186104218362,0.9990990990990991,1,40,0,5.930643675526429,1,5.514332999999965
10,3,3,725,120,1873,1871,0.99893219434063,0.9973684210526316,2,0.023478260869565216,0.5352025102209826,0.5571631257754428,6.483080099272532,16,1,0.9982425307557118,1,40,0,5.468754810994885,1,5.458624999999984
10,3,3,726,120,1863,1862,0.9994632313472893,1,1,-0.005652173913043473,0.4050888830474129,0.4687494801117263,5.056514726230489,2,1,1,0.9974747474747475,40,0,5.469171989993369,1,5.547083000000043
10,3,3,727,120,1966,1965,0.9994913530010173,1.0025316455696203,1,0.007391304347826087,0.6030678577761925,0.6787980967773815,5.0842925040081655,12,1,0.9991525423728813,1,40,0,5.845428482300349,1,5.775792000000024
10,3,3,728,120,1848,1848,1,1,0,0.020869565217391303,0.4969624168071726,0.7823090474211049,5.441397996773048,0,1,1,1,40,0,5.4672881482151405,1,8.09050000000002
10,3,3,729,120,1815,1814,0.9994490358126722,1,1,0.0004347826086956522,0.4482798984861846,0.3954520400513448,4.051565373042346,8,1,0.9991189427312775,1,40,0,5.425623327050807,1,5.3217500000000655
10,3,3,730,120,1846,1845,0.9994582881906826,0.9973890339425587,1,-0.009565217391304347,0.47290082233093605,0.4964999546364245,4.159645472314878,23,1,0.9990783410138249,1,40,0,5.4693798456125515,1,5.613917000000015
10,4,4,701,120,1872,1871,0.999465811965812,0.9973890339425587,1,-0.0026086956521739137,0.30674696510972355,0.37640170456327854,4.11606046429885,11,1,1,0.9974358974358974,40,0,5.593750933483338,1,5.531458000000043
10,4,4,702,120,1828,1828,1,1,0,0.018695652173913047,0.2622549360841942,0.09855043544591832,0.9682320397090128,0,1,1,1,40,0,5.677923592225242,1,7.4050829999999905
10,4,4,703,120,1838,1837,0.999455930359086,1,1,0.02782608695652175,0.3288220142582309,0.32360742705570295,4.291666666666667,12,1,0.9990791896869244,1,40,0,5.509793832608515,1,5.352708999999891
10,4,4,704,120,1835,1834,0.9994550408719346,0.9973684210526316,1,0.0017391304347826094,0.22678694422893536,0.16182937554969856,1.6666666666666667,5,0.9972067039106145,1,1,40,0,5.385838796945286,1,5.347292000000039
10,4,4,705,120,1933,1933,1,1.002375296912114,0,-0.01652173913043478,0.347053549628427,0.4495016274001427,4.607120928598003,0,1,1,1,40,0,6.099611297582924,1,5.850000000000023
10,4,4,706,120,1901,1899,0.9989479221462388,0.9974489795918368,2,0.00782608695652174,0.29552968133821117,0.26324106321196045,3.0842925040078626,13,1,0.9982190560997328,1,40,0,5.720009469522011,1,5.5971250000000055
10,4,4,707,120,1872,1870,0.9989316239316239,0.9948453608247423,2,0.01956521739130435,0.28666794667837175,0.2927461139896373,2.6666666666666665,11,0.9973404255319149,0.9991326973113617,1,40,0,5.428760507386936,1,8.315625000000068
10,4,4,708,120,1885,1885,1,1.0025188916876575,0,-0.05565217391304348,0.3623828699866105,0.4676929763133087,4.24106046429885,0,1,1,1,40,0,5.845847052264317,1,5.477374999999938
10,4,4,709,120,1842,1842,1,1,0,-0.011739130434782608,0.3628552516426219,0.22349570200573066,3.0833333333333335,0,1,1,1,40,0,5.089360152617466,1,5.7342499999999745
10,4,4,710,120,1881,1881,1,1,0,0.016086956521739134,0.3045091797701283,0.27487247546299903,3.2598987063756795,0,1,1,1,40,0,5.720011719877917,1,5.648916000000099
10,4,4,711,120,1796,1796,1,1.0029239766081872,0,-0.026956521739130428,0.292102974654079,0.42440496293397106,2.88888888888899,0,1,1,1,40,0,5.005191608647193,1,5.721084000000019
10,4,4,712,120,1778,1777,0.999437570303712,0.9972972972972973,1,0.0004347826086956522,0.24926858515028277,0.09704192747794335,1.492019634973379,3,1,1,0.9971910112359551,40,0,5.300829612191651,1,7.892375000000129
10,4,4,713,120,1956,1956,1,1,0,-0.016956521739130436,0.32652846971515814,0.30024213075060535,3,0,1,1,1,40,0,6.0148152406468895,1,5.936165999999957
10,4,4,714,120,1867,1867,1,1,0,-0.011739130434782608,0.3401548260785045,0.34156378600823645,3.51388888888899,0,1,1,1,40,0,5.847310806556153,1,5.560208999999986
10,4,4,715,120,1890,1890,1,1.005249343832021,0,0.007826086956521736,0.27940142318972216,0.3897143317211619,3.505908523862369,0,1,1,1,40,0,5.635419469734637,1,5.777624999999944
10,4,4,716,120,1844,1844,1,1.0025188916876575,0,-0.003913043478260867,0.28182717803843194,0.29959188179149826,3.375,0,1,1,1,40,0,5.762932641862538,1,7.488040999999839
10,4,4,717,120,1859,1859,1,1.00253807106599,0,-0.00608695652173913,0.3313212180397501,0.3037974683544304,2.9583333333333335,0,1,1,1,40,0,5.679387361843095,1,5.678625000000011
10,4,4,718,120,1831,1831,1,1.005390835579515,0,-0.015217391304347827,0.3530322354789175,0.3780778018664576,3.6577271309655166,0,1,1,1,40,0,5.46749882120864,1,5.508166999999958
10,4,4,719,120,1893,1892,0.9994717379820391,1,1,0.02826086956521739,0.34641935185945844,0.5652646261848608,4.99106046429885,10,1,0.9991452991452991,1,40,0,5.217496750546302,1,5.6292090000001735
10,4,4,720,120,1897,1896,0.9994728518713759,1.0025974025974025,1,0.016956521739130436,0.2787557002312302,0.21853977572415664,2.389848059563519,10,0.9971988795518207,1,1,40,0,5.511674894084011,1,5.997041000000081
10,4,4,721,120,1898,1895,0.9984193888303478,0.995049504950495,3,-0.003043478260869565,0.27760900279080103,0.3499743451812262,4.148787595264366,5,0.994750656167979,0.9991258741258742,1,40,0,5.846682287495169,1,7.814333000000033
10,4,4,722,120,1915,1913,0.9989556135770234,0.9947780678851175,2,0.013043478260869565,0.27662720583642525,0.14435695538057744,1.7083333333333333,8,0.9973118279569892,1,0.9973684210526316,40,0,5.344798853025099,1,5.805541000000176
10,4,4,723,120,1901,1900,0.9994739610731194,1,1,0.02608695652173913,0.31716661685196845,0.3874948170057296,5.0932320397090125,13,1,0.9991445680068435,1,40,0,5.510837536304829,1,5.565000000000055
10,4,4,724,120,1881,1879,0.998936735778841,0.9975490196078431,2,0.04043478260869565,0.2836103593186222,0.36176306868062974,3.588282686521173,16,0.9975186104218362,0.9990990990990991,1,40,0,5.930643675526429,1,5.666292000000112
10,4,4,725,120,1873,1871,0.99893219434063,0.9973684210526316,2,0.023478260869565216,0.32525077402169505,0.4230430958663213,4.88888888888899,16,1,0.9982425307557118,1,40,0,5.468754810994885,1,7.679832999999917
10,4,4,726,120,1863,1862,0.9994632313472893,1,1,-0.005652173913043473,0.29015069229280566,0.35057979602717076,4.0932320397090125,2,1,1,0.9974747474747475,40,0,5.469171989993369,1,5.787708000000066
10,4,4,727,120,1966,1965,0.9994913530010173,1.0025316455696203,1,0.007391304347826087,0.356522380341371,0.3939393939393939,4,12,1,0.9991525423728813,1,40,0,5.845428482300349,1,7.90195800000015
10,4,4,728,120,1848,1848,1,1,0,0.020869565217391303,0.28955199155018607,0.4430335248369922,3.8660604642988496,0,1,1,1,40,0,5.4672881482151405,1,5.632666999999856
10,4,4,729,120,1815,1814,0.9994490358126722,1,1,0.0004347826086956522,0.29881259106525165,0.29649595687331537,2.9166666666666665,8,1,0.9991189427312775,1,40,0,5.425623327050807,1,5.304624999999987
10,4,4,730,120,1846,1846,1,1,0,-0.019565217391304346,0.2376932649770361,0.2724708966828315,2.4731813928968527,0,1,1,1,40,0,5.5110465122792185,1,7.92879199999993
10,6,6,701,120,1872,1871,0.999465811965812,0.9973890339425587,1,-0.0026086956521739137,0.26242650988776056,0.3481675392670157,3.6666666666666665,11,1,1,0.9974358974358974,40,0,5.593750933483338,1,5.618541999999934
10,6,6,702,120,1828,1828,1,1,0,0.018695652173913047,0.22319474835886213,0.08505154639175258,0.75,0,1,1,1,40,0,5.677923592225242,1,5.487458000000061
10,6,6,703,120,1838,1837,0.999455930359086,1,1,0.02782608695652175,0.30200623361087325,0.32360742705570295,4.291666666666667,12,1,0.9990791896869244,1,40,0,5.509793832608515,1,5.403041999999914
10,6,6,704,120,1835,1834,0.9994550408719346,0.9973684210526316,1,0.0017391304347826094,0.2148309705561614,0.15567282321899736,1.6666666666666667,5,0.9972067039106145,1,1,40,0,5.385838796945286,1,5.442250000000058
10,6,6,705,120,1933,1933,1,1.002375296912114,0,-0.01652173913043478,0.30263838592860837,0.3909952606635071,3.9166666666666665,0,1,1,1,40,0,6.099611297582924,1,17.576041000000032
10,6,6,706,120,1901,1899,0.9989479221462388,0.9974489795918368,2,0.00782608695652174,0.26224328593996843,0.20971867007672634,2.7916666666666665,13,1,0.9982190560997328,1,40,0,5.720009469522011,1,7.427083000000039
10,6,6,707,120,1872,1870,0.9989316239316239,0.9948453608247423,2,0.01956521739130435,0.27647058823529413,0.2927461139896373,2.6666666666666665,11,0.9973404255319149,0.9991326973113617,1,40,0,5.428760507386936,1,34.633375000000115
10,6,6,708,120,1885,1885,1,1.0025188916876575,0,-0.05565217391304348,0.32148541114058354,0.4045226130653266,4.125,0,1,1,1,40,0,5.845847052264317,1,85.54158399999983
10,6,6,709,120,1842,1842,1,1,0,-0.011739130434782608,0.3322475570032573,0.22349570200573066,3.0833333333333335,0,1,1,1,40,0,5.089360152617466,1,10.428791000000047
10,6,6,710,120,1881,1881,1,1,0,0.016086956521739134,0.27963849016480596,0.26854219948849106,3.2083333333333335,0,1,1,1,40,0,5.720011719877917,1,7.6401670000000195
10,6,6,711,120,1796,1796,1,1.0029239766081872,0,-0.026956521739130428,0.2856347438752784,0.40816326530612246,2.75,0,1,1,1,40,0,5.005191608647193,1,50.83716699999991
10,6,6,712,120,1778,1777,0.999437570303712,0.9972972972972973,1,0.0004347826086956522,0.23353967360720315,0.07046070460704607,1.0833333333333333,3,1,1,0.9971910112359551,40,0,5.300829612191651,1,9.9693749999999
10,6,6,713,120,1956,1956,1,1,0,-0.016956521739130436,0.30879345603271985,0.30024213075060535,3,0,1,1,1,40,0,6.0148152406468895,1,8.65216700000019
10,6,6,714,120,1867,1867,1,1,0,-0.011739130434782608,0.3256561328334226,0.32839506172839505,3.5,0,1,1,1,40,0,5.847310806556153,1,5.8972499999999854
10,6,6,715,120,1890,1890,1,1.005249343832021,0,0.007826086956521736,0.2492063492063492,0.3133159268929504,3.0416666666666665,0,1,1,1,40,0,5.635419469734637,1,6.555666999999858
10,6,6,716,120,1844,1844,1,1.0025188916876575,0,-0.003913043478260867,0.2738611713665944,0.2964824120603015,3.375,0,1,1,1,40,0,5.762932641862538,1,6.334792000000107
10,6,6,717,120,1859,1859,1,1.00253807106599,0,-0.009130434782608698,0.28593195897265655,0.2582278481012658,2.2083333333333335,0,1,1,1,40,0,5.637930110739247,1,7.739417000000003
10,6,6,718,120,1831,1831,1,1.005390835579515,0,-0.015217391304347827,0.3271436373566357,0.353887399463807,3.375,0,1,1,1,40,0,5.46749882120864,1,5.345583000000033
10,6,6,719,120,1893,1892,0.9994717379820391,1,1,0.02826086956521739,0.290169133192389,0.49318801089918257,4.791666666666667,10,1,0.9991452991452991,1,40,0,5.217496750546302,1,5.982999999999947
10,6,6,720,120,1897,1896,0.9994728518713759,1.0025974025974025,1,0.016956521739130436,0.2510548523206751,0.19689119170984457,2.0416666666666665,10,0.9971988795518207,1,1,40,0,5.511674894084011,1,5.486041999999998
10,6,6,721,120,1898,1895,0.9984193888303478,0.995049504950495,3,-0.003043478260869565,0.24274406332453827,0.3034825870646766,3.625,5,0.994750656167979,0.9991258741258742,1,40,0,5.846682287495169,1,5.96808400000009
10,6,6,722,120,1915,1913,0.9989556135770234,0.9947780678851175,2,0.013043478260869565,0.25614218504966024,0.14435695538057744,1.7083333333333333,8,0.9973118279569892,1,0.9973684210526316,40,0,5.344798853025099,1,7.682499999999891
10,6,6,723,120,1901,1900,0.9994739610731194,1,1,0.02608695652173913,0.30157894736842106,0.35602094240837695,4.833333333333333,13,1,0.9991445680068435,1,40,0,5.510837536304829,1,5.827665999999908
10,6,6,724,120,1881,1879,0.998936735778841,0.9975490196078431,2,0.04043478260869565,0.2655667908461948,0.33415233415233414,3.25,16,0.9975186104218362,0.9990990990990991,1,40,0,5.930643675526429,1,5.520792000000029
10,6,6,725,120,1873,1871,0.99893219434063,0.9973684210526316,2,0.023478260869565216,0.3041154462854089,0.41952506596306066,4.833333333333333,16,1,0.9982425307557118,1,40,0,5.468754810994885,1,5.751374999999825
10,6,6,726,120,1863,1862,0.9994632313472893,1,1,-0.005652173913043473,0.2749731471535983,0.32020997375328086,3.9583333333333335,2,1,1,0.9974747474747475,40,0,5.469171989993369,1,7.696416999999883
10,6,6,727,120,1966,1965,0.9994913530010173,1.0025316455696203,1,0.007391304347826087,0.29889718212383853,0.3939393939393939,4,12,1,0.9991525423728813,1,40,0,5.845428482300349,1,5.678207999999813
10,6,6,728,120,1848,1848,1,1,0,0.020869565217391303,0.25493440718425764,0.33634081848523695,3.76388888888899,0,1,1,1,40,0,5.4672881482151405,1,5.454625000000078
10,6,6,729,120,1815,1814,0.9994490358126722,1,1,0.0004347826086956522,0.2772877618522602,0.29649595687331537,2.9166666666666665,8,1,0.9991189427312775,1,40,0,5.425623327050807,1,5.250332999999955
10,6,6,730,120,1846,1846,1,1,0,-0.019565217391304346,0.19772481040086673,0.2349869451697128,1.875,0,1,1,1,40,0,5.5110465122792185,1,6.27108300000009
15,1,1,701,120,2774,2652,0.9560201874549387,0.9666080843585237,122,1.6743478260869564,1222.1174614789695,2114.6030590420214,2172.6637116635943,2588,0.9494949494949495,0.9605343047965998,0.949343339587242,40,0,7.86759976798552,0,19.04187500000012
15,1,1,702,120,2798,2672,0.9549678341672623,0.9752212389380531,126,0.8708695652173913,1530.2726978548098,2548.1266795859096,2607.802129364712,2546,0.9629005059021922,0.9532093581283744,0.9516728624535316,40,0,7.950725249798655,0,19.71725000000015
15,1,1,703,120,2719,2673,0.9830820154468555,0.9804270462633452,46,1.257391304347826,467.90748971435914,854.7791166418,908.659117835347,912,0.9874326750448833,0.9818409517845961,0.9823008849557522,40,0,7.992181139007514,0,16.6579999999999
15,1,1,704,120,2785,2683,0.963375224416517,0.9018003273322422,102,2.2952173913043477,750.3366781225182,1249.7145118905926,1306.0030230879531,1697,0.962756052141527,0.9657412876550502,0.9567567567567568,40,0,7.950726617059438,0,18.563791000000037
15,1,1,705,120,2850,2677,0.9392982456140351,0.8990228013029316,173,3.0056521739130435,952.8220390240465,2600.6165145772597,2652.9165964528156,3034,0.9324577861163227,0.9415137614678899,0.9389179755671903,40,0,8.033847136826761,0,17.67508299999986
15,1,1,706,120,2906,2695,0.9273916035788025,0.8975609756097561,211,1.8830434782608696,2022.4198656550186,3391.6772199171974,3441.197740606949,3744,0.9189627228525121,0.9287383177570093,0.9324090121317158,40,0,7.9509329621035265,0,18.976957999999968
15,1,1,707,120,2797,2673,0.9556667858419735,0.8959349593495934,124,3.340869565217391,986.1144768746922,1437.7887250962185,1501.5273842928746,2206,0.9750889679715302,0.9514097180563887,0.948943661971831,40,0,8.033639232216634,0,18.0592079999999
15,1,1,708,120,2808,2674,0.9522792022792023,0.9550173010380623,134,1.1165217391304347,1229.2071775577563,2361.336394315509,2416.979681437731,2606,0.9446366782006921,0.9578134284016637,0.943327239488117,40,0,7.992390721966945,0,17.087125000000015
15,1,1,709,120,2822,2692,0.9539333805811481,0.934010152284264,130,1.9404347826086956,1019.6169787198144,1917.8670858756109,1971.9019495598604,2291,0.9636363636363636,0.9522957662492546,0.9495798319327731,40,0,7.950932063124068,0,19.05904200000009
15,1,1,710,120,2733,2680,0.9806073911452616,0.9175084175084175,53,2.139565217391304,423.9532881486481,416.4743581230696,470.428749176948,890,0.9704142011834319,0.9842328684050939,0.9792027729636048,40,0,7.783637304868609,0,16.554333000000042
15,1,1,711,120,2814,2679,0.9520255863539445,0.9323181049069373,135,2.2265217391304346,1356.123597017683,2103.9425046095243,2160.4430905955483,2824,0.9504273504273504,0.9522102747909199,0.9531531531531532,40,0,7.992181793024365,0,18.154207999999926
15,1,1,712,120,2802,2698,0.9628836545324768,0.9532871972318339,104,1.2239130434782608,937.8899941338465,1985.4009976788088,2034.725884051368,2258,0.9618181818181818,0.9667458432304038,0.9524647887323944,40,0,7.992181401042225,0,18.146417000000156
15,1,1,713,120,2804,2665,0.9504279600570613,0.9632867132867133,139,0.9708695652173913,1222.5863291687197,2536.635944131794,2591.753257155148,2629,0.9530075187969925,0.9488372093023256,0.9528985507246377,40,0,7.992182717667659,0,16.89079199999992
15,1,1,714,120,2902,2691,0.9272915230875258,0.9122516556291391,211,2.9804347826086954,1937.625603495814,3346.0751291706124,3404.4454217695506,3863,0.9304347826086956,0.9277998862990335,0.9225352112676056,40,0,8.075097944149435,0,18.910667000000103
15,1,1,715,120,2750,2681,0.974909090909091,1.037593984962406,69,-0.8130434782608695,1328.9618826729973,1704.4670379544111,1753.4964817866194,1377,0.9816176470588235,0.9725106902871106,0.9753954305799648,40,0,7.950933272633733,0,17.122375000000147
15,1,1,716,120,2799,2686,0.9596284387281172,1.0110294117647058,113,-0.25565217391304346,1430.2122488043624,2353.1131351211134,2409.587560825334,2489,0.9537366548042705,0.9611536197763391,0.9609665427509294,40,0,7.991975910597245,0,18.45354199999997
15,1,1,717,120,2745,2700,0.9836065573770492,0.9874776386404294,45,0.15391304347826087,640.2409966678924,831.3465827762981,889.3006945935682,758,0.9836065573770492,0.9827373612823674,0.9860627177700348,40,0,7.992389062711748,0,17.90358399999991
15,1,1,718,120,2797,2685,0.9599570968895245,0.9417808219178082,112,1.2026086956521738,1134.7262090964439,1868.699157297607,1932.0985571241006,2040,0.975177304964539,0.9553466509988249,0.9585687382297552,40,0,8.033432525133945,0,19.251457999999957
15,1,1,719,120,2831,2690,0.9501942776404098,0.9614711033274956,141,0.3173913043478261,1142.4186328823835,2599.11676119576,2655.434966036815,2852,0.9512195121951219,0.9515652687536916,0.9450354609929078,40,0,7.908852777877098,0,18.51475000000005
15,1,1,720,120,2851,2673,0.9375657663977551,0.9338983050847458,178,1.5208695652173914,1863.4102024074966,3244.697083784762,3295.7239747042427,3818,0.9358288770053476,0.9376430205949656,0.9391143911439115,40,0,7.95072254882417,0,18.50779199999988
15,1,1,721,120,2774,2680,0.966113914924297,0.9632867132867133,94,1.0091304347826084,807.288056433379,1648.9753474632,1704.4862106914225,2040,0.9649446494464945,0.9688454489920586,0.9596638655462185,40,0,7.8678081389178365,0,17.860249999999724
15,1,1,722,120,2847,2695,0.9466104671584123,0.9243697478991597,152,1.5769565217391304,1736.3721196444874,2687.348313118419,2736.7589276998965,2976,0.92894280762565,0.9492537313432836,0.9563025210084034,40,0,7.950517973180108,0,20.211500000000342
15,1,1,723,120,2730,2670,0.978021978021978,1,60,0.5365217391304347,605.5333021833701,1142.1026049641946,1199.3211896263476,1235,0.9814126394052045,0.9769277474195507,0.9779816513761468,40,0,7.992386963868122,0,18.001458999999613
15,1,1,724,120,2788,2673,0.9587517934002869,0.9435897435897436,115,0.7460869565217392,1415.919246174552,2108.116438717341,2154.4234992657393,2290,0.9589285714285715,0.9568302779420461,0.9646182495344506,40,0,7.950931515333782,0,19.057916000000205
15,1,1,725,120,2816,2667,0.9470880681818182,0.9892280071813285,149,0.6656521739130434,1394.8497999748627,2892.9036880952954,2943.2272789337003,3176,0.9436860068259386,0.945619335347432,0.9547826086956521,40,0,8.033639735429697,0,16.81616699999995
15,1,1,726,120,2880,2718,0.94375,1.010989010989011,162,0.16521739130434782,1894.3101785256201,3363.0667739081123,3414.990659679281,3493,0.9493670886075949,0.9423292273236282,0.9426987060998152,40,0,8.075305846108103,0,19.076915999999983
15,1,1,727,120,2835,2699,0.9520282186948854,0.9451114922813036,136,1.0695652173913044,1535.8527655927014,2392.170244365564,2444.360691836853,2676,0.9555555555555556,0.9467213114754098,0.9642248722316865,40,0,8.075095452434462,0,17.44454199999973
15,1,1,728,120,2842,2685,0.9447572132301196,1.031954887218045,157,-0.9743478260869565,1805.9306585976747,3385.5972863898614,3438.3883637816166,3203,0.9482142857142857,0.9460410557184751,0.9376083188908145,40,0,7.950309361203452,0,18.474291999999878
15,1,1,729,120,2868,2710,0.9449093444909344,0.938671209540034,158,0.8143478260869565,1380.496093422957,2795.198866974169,2860.734011998308,3097,0.9464594127806563,0.9408695652173913,0.9556737588652482,40,0,7.992183102537916,0,19.543500000000222
15,1,1,730,120,2801,2695,0.9621563727240271,0.9449225473321858,106,1.779130434782609,983.7106549885516,1716.2617930557076,1770.9998621478505,2132,0.9524647887323944,0.965435041716329,0.9621621621621622,40,0,8.033224874872168,0,18.064792000000125
15,2,2,701,120,2774,2774,1,1.0017574692442883,0,-0.006956521739130435,5.141514519090944,6.860125093331564,20.269321477474175,0,1,1,1,40,0,8.203443953542108,1,9.561208999999963
15,2,2,702,120,2798,2797,0.9996426018584703,1,1,-0.03347826086956522,4.4089915020831185,4.646973634744526,17.73289572779322,15,1,0.9994001199760048,1,40,0,8.11948060216116,1,14.526209000000108
15,2,2,703,120,2719,2716,0.9988966531813167,0.99644128113879,3,0.029565217391304348,4.11157722725798,3.822326942718077,16.752555076561293,40,1,0.9987476518472135,0.9982300884955753,40,0,8.118437127723835,1,9.057874999999967
15,2,2,704,120,2785,2784,0.999640933572711,0.9983633387888707,1,0.03695652173913044,4.341875721514043,5.268730037129657,20.40722032402391,6,0.9981378026070763,1,1,40,0,8.792217564377843,1,8.97833300000002
15,2,2,705,120,2850,2847,0.9989473684210526,0.996742671009772,3,0.02217391304347827,5.0166336237401605,5.62028745912525,20.25253964072878,11,1,1,0.9947643979057592,40,0,8.792632090700456,1,11.294957999999951
15,2,2,706,120,2906,2904,0.9993117687543015,1,2,0.0408695652173913,5.305479306462299,4.805329498662107,18.7060153773582,11,0.9983792544570502,0.9994158878504673,1,40,0,8.834718755565044,1,10.056042000000161
15,2,2,707,120,2797,2796,0.9996424740793708,1.0032520325203251,1,-0.017826086956521735,4.828880428579669,6.668887956315727,22.327861737370768,1,1,0.9994001199760048,1,39.99899338607535,0.00493138096677223,8.793682374149613,1,14.369791999999961
15,2,2,708,120,2808,2807,0.9996438746438746,1.0017301038062283,1,0.04608695652173913,4.64980279838967,4.589016309471867,18.730670386813774,1,1,0.9994058229352347,1,40,0,8.205326194583725,1,9.708582999999635
15,2,2,709,120,2822,2822,1,1.003384094754653,0,0.020000000000000004,4.897394200052145,4.806372605102312,17.656292025014107,0,1,1,1,40,0,8.415540726845629,1,9.68770799999993
15,2,2,710,120,2733,2732,0.9996341017197219,0.9983164983164983,1,-0.01347826086956521,4.731169517503135,5.733872053220399,21.14639331863873,4,1,1,0.9982668977469671,40,0,8.498457227515464,1,10.486417000000074
15,2,2,711,120,2814,2813,0.9996446339729922,1.003384094754653,1,0.0517391304347826,4.003127764369062,4.55469377808734,17.397459681629698,4,1,0.9994026284348865,1,40,0,8.457000767700821,1,9.227624999999989
15,2,2,712,120,2802,2800,0.9992862241256245,0.9965397923875432,2,-0.021739130434782605,4.164281151382343,3.405676675157944,15.558248696099932,15,1,1,0.9964788732394366,40,0,8.287613206460444,1,9.146792000000005
15,2,2,713,120,2804,2803,0.9996433666191156,1,1,0.0017391304347826088,4.169909465225857,4.4980497698364355,17.852654810808417,19,1,0.9994186046511628,1,40,0,8.2038640693905,1,11.06270799999993
15,2,2,714,120,2902,2900,0.9993108201240524,1,2,0.04782608695652174,5.067425036802367,6.538016144844503,22.69392220166962,6,1,0.9988629903354178,1,40,0,8.666589655330958,1,9.53241700000035
15,2,2,715,120,2750,2749,0.9996363636363637,1,1,-0.015217391304347827,4.9167594935923615,3.571158096262691,16.906276589180987,18,1,0.9993891264508247,1,40,0,7.780922639236167,1,9.140582999999879
15,2,2,716,120,2799,2799,1,1.0018382352941178,0,0.029565217391304355,4.382953085648193,4.731321965346373,17.04620096939713,0,1,1,1,40,0,7.78363936626305,1,11.43899999999985
15,2,2,717,120,2745,2745,1,1.0017889087656529,0,-0.02217391304347826,4.059167807738041,3.8102913068903166,17.047099255252153,0,1,1,1,40,0,8.0769770638401,1,8.855290999999852
15,2,2,718,120,2797,2796,0.9996424740793708,0.9982876712328768,1,0.016956521739130436,4.201488399501196,4.312079119712953,17.779342811999715,20,1,0.999412455934195,1,40,0,8.37199170362672,1,9.391166999999768
15,2,2,719,120,2831,2828,0.9989403037795832,0.9982486865148862,3,0.004347826086956522,4.596173585253945,4.318878787892308,17.00447341791035,7,1,0.9988186650915535,0.99822695035461,40,0,8.203442160814975,1,12.452208000000155
15,2,2,720,120,2851,2850,0.9996492458786391,0.9983050847457627,1,-0.04217391304347826,4.361116594016418,4.50525333026427,16.78921064670946,19,1,0.9994279176201373,1,40,0,8.414708143732332,1,10.068667000000005
15,2,2,721,120,2774,2773,0.9996395097332372,0.9982517482517482,1,-0.03956521739130435,4.614880620554506,5.5260673520914985,20.654389119496955,6,1,1,0.9983193277310924,40,0,8.245105425182581,1,9.075417000000016
15,2,2,722,120,2847,2846,0.9996487530734106,1,1,0.02043478260869565,4.5366811408319,4.218984389578593,19.316075561310146,8,0.9982668977469671,1,1,40,0,8.5817911045401,1,10.824708999999984
15,2,2,723,120,2730,2729,0.9996336996336996,1.0090579710144927,1,0.009130434782608696,3.85545422515673,5.336337693893918,20.8387504860857,10,1,1,0.998165137614679,40,0,8.034890599541606,1,8.97083399999974
15,2,2,724,120,2788,2786,0.9992826398852224,0.9982905982905983,2,0.05869565217391302,4.179670216540243,3.3833196925199247,15.78939501818968,39,1,0.9988172678888232,1,40,0,8.455115159174028,1,9.379791000000296
15,2,2,725,120,2816,2814,0.9992897727272727,0.9964093357271095,2,0.03391304347826087,5.039526723221451,5.2840458345184285,22.50159590588707,9,1,0.9987915407854985,1,40,0,7.8271885315294645,1,11.12420800000018
15,2,2,726,120,2880,2878,0.9993055555555556,0.9981684981684982,2,0.029130434782608697,4.327135314756563,3.4383231648423394,15.306192290768195,2,1,0.9988801791713325,1,40,0,7.8250993967804225,1,9.593124999999873
15,2,2,727,120,2835,2834,0.999647266313933,0.9982847341337907,1,-0.01173913043478261,5.193097412886564,5.384035402342609,19.962806751244596,54,0.9981481481481481,1,1,40,0,8.37178416818324,1,12.255709000000024
15,2,2,728,120,2842,2842,1,1.0075187969924813,0,-0.005652173913043478,4.418749357584939,3.856031187790375,15.867656370185614,0,1,1,1,40,0,7.781758588387117,1,9.663874999999734
15,2,2,729,120,2868,2863,0.9982566248256625,0.9931856899488927,5,0.003043478260869565,4.614416168646769,4.872706962012593,18.791144423891637,22,0.998272884283247,0.998840579710145,0.9964539007092199,40,0,8.371992664271673,1,9.846708000000035
15,2,2,730,120,2801,2801,1,1,0,-0.00391304347826087,4.461181992467419,4.906829397700975,18.922114691084364,0,1,1,1,40,0,8.288662292004565,1,11.388875000000098
15,3,3,701,120,2774,2774,1,1,0,-0.015217391304347827,1.0762649147309906,1.3988629589289248,7.48895775146957,0,1,1,1,40,0,8.203236132162331,1,8.600374999999985
15,3,3,702,120,2798,2797,0.9996426018584703,1,1,-0.017826086956521738,1.000712598145487,1.1700069979581655,7.661563813663936,15,1,0.9994001199760048,1,40,0,8.078022940342494,1,9.022416000000248
15,3,3,703,120,2719,2717,0.9992644354542111,0.998220640569395,2,0.00608695652173913,0.9038455632410586,0.8078493705350624,5.798534361203868,3,1,0.9993738259236068,0.9982300884955753,40,0,8.077188760788456,1,10.23174999999992
15,3,3,704,120,2785,2784,0.999640933572711,0.9983633387888707,1,0.029130434782608697,0.9325658465564762,1.0925507819808071,6.92944288506654,6,0.9981378026070763,1,1,40,0,8.79221842180913,1,8.326915999999983
15,3,3,705,120,2850,2847,0.9989473684210526,0.996742671009772,3,0.009130434782608696,1.0570646677497266,1.1787361866989194,8.295503349364784,11,1,1,0.9947643979057592,40,0,8.7511742722006,1,8.813624999999774
15,3,3,706,120,2906,2904,0.9993117687543015,1,2,0.029130434782608697,1.113826651600641,1.1627303676393543,7.434376802421563,11,0.9983792544570502,0.9994158878504673,1,40,0,8.834719733675866,1,11.091957999999977
15,3,3,707,120,2797,2796,0.9996424740793708,1,1,-0.023043478260869565,0.9448941619185938,1.0509583653453989,6.7389731873023875,1,1,0.9994001199760048,1,39.99899338607535,0.00493138096677223,8.710349992193335,1,8.580832999999984
15,3,3,708,120,2808,2807,0.9996438746438746,1,1,0.0634782608695652,1.0338354125642728,1.2766241500302855,6.808433067579547,1,1,0.9994058229352347,1,40,0,8.205117176368839,1,8.58075000000008
15,3,3,709,120,2822,2822,1,1.0016920473773265,0,0.02608695652173913,1.0062779960291943,0.939286550408724,5.459292504008469,0,1,1,1,40,0,8.373874506895435,1,10.097582999999759
15,3,3,710,120,2733,2732,0.9996341017197219,0.9983164983164983,1,-0.0004347826086956522,0.9329501584820374,1.1524557383142624,7.0494935318787,4,1,1,0.9982668977469671,40,0,8.498457142837593,1,8.121458999999959
15,3,3,711,120,2814,2813,0.9996446339729922,1.0016920473773265,1,0.048695652173913036,0.7796923990954933,0.7692427221130782,4.72206872240713,4,1,0.9994026284348865,1,40,0,8.498249424671481,1,8.262666999999965
15,3,3,712,120,2802,2800,0.9992862241256245,0.9965397923875432,2,-0.023043478260869568,0.8350774664860072,0.8585702426102872,5.67048791353227,15,1,1,0.9964788732394366,40,0,8.28761341181785,1,10.268792000000303
15,3,3,713,120,2804,2804,1,1.0017482517482517,0,-0.022608695652173914,0.791776990027411,0.7816123670530161,5.023603223784448,0,1,1,1,40,0,8.245530941414573,1,8.451583000000028
15,3,3,714,120,2902,2900,0.9993108201240524,1,2,0.04608695652173913,0.9287730832024902,1.1932817198166898,6.953230480330603,6,1,0.9988629903354178,1,39.99899313285602,0.0049326214830358334,8.749504773610878,1,8.733834000000115
15,3,3,715,120,2750,2750,1,1.0018796992481203,0,-0.01217391304347826,0.9060197994720542,0.5991009371608265,4.4760434690879265,0,1,1,1,40,0,7.781131813439917,1,10.196957999999995
15,3,3,716,120,2799,2799,1,1.0018382352941178,0,0.027391304347826093,0.8792765837815094,0.9631026805011361,5.664563953837084,0,1,1,1,40,0,7.700725226093952,1,8.436499999999796
15,3,3,717,120,2745,2745,1,1.0017889087656529,0,-0.013478260869565216,0.8003813900387705,0.8294751279575004,5.313382420767387,0,1,1,1,40,0,8.035520138773192,1,8.07529199999999
15,3,3,718,120,2797,2797,1,1,0,0.010000000000000004,0.9147394022231091,0.9277684167009284,6.7001994684921256,0,1,1,1,40,0,8.372201119189539,1,10.078500000000076
15,3,3,719,120,2831,2828,0.9989403037795832,0.9982486865148862,3,0.03695652173913044,1.039120484132903,0.9741552679003227,7.028583448637316,7,1,0.9988186650915535,0.99822695035461,40,0,8.203442486851914,1,8.651374999999916
15,3,3,720,120,2851,2851,1,1,0,-0.034782608695652174,0.7800514378604053,0.6501373188067238,4.156614460476097,0,1,1,1,40,0,8.37346001815602,1,8.538208000000395
15,3,3,721,120,2774,2773,0.9996395097332372,0.9982517482517482,1,-0.00782608695652174,0.9757086538474641,1.2108768436705226,6.8470687224077365,6,1,1,0.9983193277310924,40,0,8.203648620795205,1,8.480000000000018
15,3,3,722,120,2847,2846,0.9996487530734106,1,1,0.0191304347826087,0.9538416898958014,1.0244173963570222,6.61890710465741,8,0.9982668977469671,1,1,40,0,8.54033258529015,1,10.306833000000097
15,3,3,723,120,2730,2729,0.9996336996336996,1.0036231884057971,1,-0.004347826086956525,0.8403338421635659,1.0300140779933042,6.49789728717072,10,1,1,0.998165137614679,40,0,7.992806718567127,1,8.061125000000175
15,3,3,724,120,2788,2788,1,1.0017094017094017,0,0.02478260869565217,0.9373929381039763,0.6484883451623517,4.553468278559194,0,1,1,1,40,0,8.45553423165873,1,8.29195800000025
15,3,3,725,120,2816,2814,0.9992897727272727,0.9964093357271095,2,0.03956521739130435,1.11448176420271,1.29313952176823,6.944275508796939,9,1,0.9987915407854985,1,40,0,7.951561226950172,1,10.63295799999969
15,3,3,726,120,2880,2878,0.9993055555555556,0.9981684981684982,2,0.029130434782608697,0.9148048072701266,0.7866923387243692,4.368937976323044,2,1,0.9988801791713325,1,40,0,7.8250993967804225,1,8.760917000000063
15,3,3,727,120,2835,2835,1,1,0,0.009565217391304346,1.0350469647324265,1.1447371370226358,6.8718154883463285,0,1,1,1,40,0,8.37199241364471,1,8.585250000000087
15,3,3,728,120,2842,2842,1,1.005639097744361,0,-0.017826086956521735,0.9404786276738938,0.8081630096431777,4.9106046429897106,0,1,1,1,40,0,7.823007062635148,1,10.932916000000205
15,3,3,729,120,2868,2864,0.99860529986053,0.9948892674616695,4,-0.006521739130434782,0.9121160988737672,0.9506820736895026,5.569275508796939,15,0.998272884283247,0.998840579710145,0.99822695035461,40,0,8.330744672741776,1,8.915124999999989
15,3,3,730,120,2801,2801,1,1,0,0.005652173913043478,0.9236162505576789,0.8507650015060089,5.359983004789683,0,1,1,1,40,0,8.330120195182294,1,8.550291000000016
15,4,4,701,120,2774,2774,1,1,0,-0.006521739130434782,0.43906997050548174,0.6456919325595062,3.3105049087434963,0,1,1,1,40,0,8.161778144306728,1,10.835958000000119
15,4,4,702,120,2798,2797,0.9996426018584703,1,1,-0.017826086956521738,0.4328787505648149,0.6233347978221667,4.710251674682392,15,1,0.9994001199760048,1,40,0,8.078022940342494,1,8.681042000000161
15,4,4,703,120,2719,2717,0.9992644354542111,0.998220640569395,2,0.00608695652173913,0.4438506319105423,0.36371843171548074,2.695403615119176,3,1,0.9993738259236068,0.9982300884955753,40,0,8.077188760788456,1,8.026416000000154
15,4,4,704,120,2785,2784,0.999640933572711,0.9983633387888707,1,0.029130434782608697,0.41770561879059204,0.457332664669301,3.6170041991408652,6,0.9981378026070763,1,1,40,0,8.79221842180913,1,18.902917000000343
15,4,4,705,120,2850,2847,0.9989473684210526,0.996742671009772,3,-0.0034782608695652145,0.45389712404178495,0.44412546935263236,3.8312614921690815,11,1,1,0.9947643979057592,40,0,8.834089149121453,1,10.551041999999597
15,4,4,706,120,2906,2904,0.9993117687543015,1,2,0.029130434782608697,0.49281070014286293,0.5770354318828843,4.960236238849575,11,0.9983792544570502,0.9994158878504673,1,40,0,8.834719733675866,1,12.364958000000115
15,4,4,707,120,2797,2796,0.9996424740793708,1,1,-0.023043478260869565,0.43209188136125193,0.5091676757351979,3.7410604642988496,1,1,0.9994001199760048,1,39.99899338607535,0.00493138096677223,8.710349992193335,1,10.21316700000034
15,4,4,708,120,2808,2807,0.9996438746438746,1,1,0.0634782608695652,0.4897047007896228,0.6844982051469298,3.709292504008166,1,1,0.9994058229352347,1,40,0,8.205117176368839,1,12.097166000000016
15,4,4,709,120,2822,2822,1,1.0016920473773265,0,0.016956521739130436,0.4066970452347347,0.36067766570678594,1.9910604642988499,0,1,1,1,40,0,8.373874712252844,1,11.208958000000166
15,4,4,710,120,2733,2732,0.9996341017197219,0.9983164983164983,1,-0.0004347826086956522,0.3884944508415332,0.47690458142299824,4.061464079418329,4,1,1,0.9982668977469671,40,0,8.498457142837593,1,8.07537500000035
15,4,4,711,120,2814,2813,0.9996446339729922,1.0016920473773265,1,0.048695652173913036,0.3860181486515537,0.36027574102265775,2.992019634973379,4,1,0.9994026284348865,1,40,0,8.498249424671481,1,8.17450000000008
15,4,4,712,120,2802,2800,0.9992862241256245,0.9965397923875432,2,-0.023043478260869568,0.3643320147164348,0.5290544383598217,4.227156139577346,15,1,1,0.9964788732394366,40,0,8.28761341181785,1,10.838250000000244
15,4,4,713,120,2804,2804,1,1.0017482517482517,0,-0.022608695652173914,0.2891913133783911,0.2550863075198917,1.8342925040078626,0,1,1,1,40,0,8.245530941414573,1,8.40079199999991
15,4,4,714,120,2902,2900,0.9993108201240524,1,2,0.05,0.3469728797002803,0.4315600028992366,3.181499290397369,6,1,0.9988629903354178,1,39.9989303697944,0.005240096434379005,8.70804654439621,1,8.446457999999893
15,4,4,715,120,2750,2750,1,1.0018796992481203,0,-0.01217391304347826,0.35536158953707836,0.25881783368119626,2.4027777777779797,0,1,1,1,40,0,7.781131813439917,1,10.167832999999973
15,4,4,716,120,2799,2799,1,1.0018382352941178,0,0.025217391304347834,0.3640965525722916,0.3011755838398923,1.629918481522509,0,1,1,1,40,0,7.783640103014804,1,8.366625000000113
15,4,4,717,120,2745,2745,1,1.0017889087656529,0,-0.013478260869565216,0.30937186741213973,0.34638088555045343,2.630908523862369,0,1,1,1,40,0,8.035520138773192,1,7.9545829999997295
15,4,4,718,120,2797,2797,1,1,0,0.010000000000000004,0.4293585388878027,0.44646528588226864,3.1815147262301857,0,1,1,1,40,0,8.372201119189539,1,10.371042000000216
15,4,4,719,120,2831,2828,0.9989403037795832,0.9982486865148862,3,0.04608695652173913,0.43350648414639875,0.4289845229796667,3.3114640794180255,7,1,0.9988186650915535,0.99822695035461,40,0,8.24490026935011,1,8.801249999999982
15,4,4,720,120,2851,2851,1,1,0,-0.034782608695652174,0.33265972637370644,0.3083896700882795,1.894797412751359,0,1,1,1,40,0,8.37346001815602,1,8.447208000000046
15,4,4,721,120,2774,2773,0.9996395097332372,0.9982517482517482,1,0.01608695652173913,0.38419141191616374,0.4492022311850762,3.091160198545367,6,1,1,0.9983193277310924,40,0,8.203648946832146,1,10.086415999999645
15,4,4,722,120,2847,2846,0.9996487530734106,1,1,0.0191304347826087,0.4060519131246168,0.4523323531380704,2.7876764841533563,8,0.9982668977469671,1,1,40,0,8.54033258529015,1,8.871458999999959
15,4,4,723,120,2730,2729,0.9996336996336996,1.0036231884057971,1,-0.004347826086956525,0.3673455458539908,0.48069721801731913,2.8352516746823917,10,1,1,0.998165137614679,40,0,7.992806718567127,1,8.341042000000016
15,4,4,724,120,2788,2788,1,1.0017094017094017,0,0.018260869565217396,0.4054660019810519,0.2579211682128057,2.2876764841533563,0,1,1,1,40,0,8.455534110979196,1,10.783207999999831
15,4,4,725,120,2816,2814,0.9992897727272727,0.9964093357271095,2,0.04173913043478261,0.4682042889098971,0.50436546090156,2.9513121389815447,9,1,0.9987915407854985,1,40,0,7.993018768089303,1,9.07437499999969
15,4,4,726,120,2880,2878,0.9993055555555556,0.9981684981684982,2,0.029130434782608697,0.42963364286850153,0.35609001887812963,1.6666666666669698,2,1,0.9988801791713325,1,40,0,7.8250993967804225,1,9.007750000000215
15,4,4,727,120,2835,2835,1,1,0,0.009565217391304346,0.4455795547073158,0.4688718678799212,3.2360956752784964,0,1,1,1,40,0,8.37199241364471,1,10.614584000000377
15,4,4,728,120,2842,2842,1,1.005639097744361,0,-0.017826086956521735,0.33828600472761117,0.2649682357597489,1.6289593108479796,0,1,1,1,40,0,7.823007062635148,1,8.257458999999926
15,4,4,729,120,2868,2864,0.99860529986053,0.9948892674616695,4,0.0034782608695652175,0.35470950342089724,0.3175480536888805,1.3997467659391987,15,0.998272884283247,0.998840579710145,0.99822695035461,40,0,8.289287010923113,1,8.439249999999902
15,4,4,730,120,2801,2801,1,1,0,0.005652173913043478,0.38427113500281157,0.3486130777876304,2.0158072302380483,0,1,1,1,40,0,8.330120195182294,1,10.149291000000176
15,6,6,701,120,2774,2774,1,1,0,-0.006521739130434782,0.2842542098408144,0.35826803415070835,2.5555555555556566,0,1,1,1,40,0,8.161778144306728,1,8.014208000000053
15,6,6,702,120,2798,2797,0.9996426018584703,1,1,-0.017826086956521738,0.2485654518959658,0.38272136097878995,3.3848987063756795,15,1,0.9994001199760048,1,40,0,8.078022940342494,1,8.201458999999886
15,6,6,703,120,2719,2717,0.9992644354542111,0.998220640569395,2,0.00608695652173913,0.3745989882749997,0.31194295900178254,2.2083333333333335,3,1,0.9993738259236068,0.9982300884955753,40,0,8.077188760788456,1,7.9145000000003165
15,6,6,704,120,2785,2784,0.999640933572711,0.9983633387888707,1,0.029130434782608697,0.3250718390804598,0.29508196721311475,2.25,6,0.9981378026070763,1,1,40,0,8.79221842180913,1,8.038583000000017
15,6,6,705,120,2850,2847,0.9989473684210526,0.996742671009772,3,-0.008695652173913044,0.29013804710087415,0.24186767989573318,1.7598987063756795,11,1,1,0.9947643979057592,40,0,8.751174718917074,1,8.377042000000074
15,6,6,706,120,2906,2904,0.9993117687543015,1,2,0.029130434782608697,0.33717004289693325,0.3720088636474348,2.2916666666666665,11,0.9983792544570502,0.9994158878504673,1,40,0,8.834719733675866,1,8.55737500000032
15,6,6,707,120,2797,2796,0.9996424740793708,1,1,-0.023043478260869565,0.329211422713172,0.3759960470780753,3.051565373042346,1,1,0.9994001199760048,1,39.99899338607535,0.00493138096677223,8.710349992193335,1,10.159000000000106
15,6,6,708,120,2808,2807,0.9996438746438746,1,1,0.0634782608695652,0.34253572766021606,0.45658172252541146,2.25,1,1,0.9994058229352347,1,40,0,8.205117176368839,1,8.29141699999991
15,6,6,709,120,2822,2822,1,1.0016920473773265,0,0.016956521739130436,0.2941597393609163,0.24493243243243243,1.2916666666666667,0,1,1,1,40,0,8.373874712252844,1,8.407249999999749
15,6,6,710,120,2733,2732,0.9996341017197219,0.9983164983164983,1,-0.0004347826086956522,0.27611029770619905,0.37268128161888703,3.625,4,1,1,0.9982668977469671,40,0,8.498457142837593,1,9.82400000000007
15,6,6,711,120,2814,2813,0.9996446339729922,1.0016920473773265,1,0.048695652173913036,0.3096338428723782,0.31925675675675674,2.625,4,1,0.9994026284348865,1,40,0,8.498249424671481,1,8.425083000000086
15,6,6,712,120,2802,2800,0.9992862241256245,0.9965397923875432,2,-0.023043478260869568,0.25940476190476147,0.4322916666666667,3.5,15,1,1,0.9964788732394366,40,0,8.28761341181785,1,8.400792000000365
15,6,6,713,120,2804,2804,1,1.0017482517482517,0,-0.022608695652173914,0.21977088764372746,0.17801047120418848,0.9166666666666666,0,1,1,1,40,0,8.245530941414573,1,10.134749999999713
15,6,6,714,120,2902,2900,0.9993108201240524,1,2,0.05,0.24675652495949368,0.28772425685955694,2.0416666666666665,6,1,0.9988629903354178,1,39.9989303697944,0.005240096434379005,8.70804654439621,1,8.515625
15,6,6,715,120,2750,2750,1,1.0018796992481203,0,-0.01217391304347826,0.23636363636363636,0.20825515947467166,2.1666666666666665,0,1,1,1,40,0,7.781131813439917,1,8.389541999999892
15,6,6,716,120,2799,2799,1,1.0018382352941178,0,0.025217391304347834,0.27759914255091106,0.26605504587155965,1.125,0,1,1,1,40,0,7.783640103014804,1,10.236083000000235
15,6,6,717,120,2745,2745,1,1.0017889087656529,0,-0.013478260869565216,0.22777324916321012,0.23214285714285715,1.2916666666666667,0,1,1,1,40,0,8.035520138773192,1,8.082333999999719
15,6,6,718,120,2797,2797,1,1,0,0.010000000000000004,0.34084137766654704,0.3595890410958904,2.5833333333333335,0,1,1,1,40,0,8.372201119189539,1,8.466959000000315
15,6,6,719,120,2831,2828,0.9989403037795832,0.9982486865148862,3,0.04608695652173913,0.2872885847983867,0.36140350877192984,2.6666666666666665,7,1,0.9988186650915535,0.99822695035461,40,0,8.24490026935011,1,10.260291999999936
15,6,6,720,120,2851,2851,1,1,0,-0.034782608695652174,0.24868467204489653,0.24915254237288137,1.6666666666666667,0,1,1,1,40,0,8.37346001815602,1,8.338333000000148
15,6,6,721,120,2774,2773,0.9996395097332372,0.9982517482517482,1,0.025652173913043478,0.2265979022609181,0.16036935601811697,0.9583333333333334,6,1,1,0.9983193277310924,40,0,8.245106523972934,1,8.78991700000006
15,6,6,722,120,2847,2846,0.9996487530734106,1,1,0.0191304347826087,0.2906667494564345,0.3025210084033613,1.9583333333333333,8,0.9982668977469671,1,1,40,0,8.54033258529015,1,11.433624999999665
15,6,6,723,120,2730,2729,0.9996336996336996,1.0036231884057971,1,-0.004347826086956525,0.27531452302430703,0.34657039711191334,1.75,10,1,1,0.998165137614679,40,0,7.992806718567127,1,8.035584000000199
15,6,6,724,120,2788,2788,1,1.0017094017094017,0,0.018260869565217396,0.2883787661406026,0.20477815699658702,1.75,0,1,1,1,40,0,8.455534110979196,1,8.66433300000017
15,6,6,725,120,2816,2814,0.9992897727272727,0.9964093357271095,2,0.04173913043478261,0.3069600039599049,0.34234234234234234,2.4166666666666665,9,1,0.9987915407854985,1,40,0,7.993018768089303,1,10.874041000000034
15,6,6,726,120,2880,2878,0.9993055555555556,0.9981684981684982,2,0.029130434782608697,0.3152652304841321,0.29724770642201837,1.1666666666666667,2,1,0.9988801791713325,1,40,0,7.8250993967804225,1,8.516957999999704
15,6,6,727,120,2835,2835,1,1,0,0.009565217391304346,0.3092379847488034,0.27958833619210977,2.25,0,1,1,1,40,0,8.37199241364471,1,8.434666000000107
15,6,6,728,120,2842,2842,1,1.005639097744361,0,-0.017826086956521735,0.19345019392792837,0.12109430120219139,0.75,0,1,1,1,40,0,7.823007062635148,1,11.123458000000028
15,6,6,729,120,2868,2864,0.99860529986053,0.9948892674616695,4,0.013478260869565217,0.22017944217267263,0.1528040564263978,0.25,15,0.998272884283247,0.998840579710145,0.99822695035461,40,0,8.330744672741776,1,8.382624999999734
15,6,6,730,120,2801,2801,1,1,0,0.005652173913043478,0.26633345233845057,0.20481927710843373,1,0,1,1,1,40,0,8.330120195182294,1,8.109500000000025
18,1,1,701,120,3344,2693,0.805322966507177,0.8251121076233184,651,4.696086956521739,5692.526070030287,10333.080974983339,10399.37958368655,11289,0.8281505728314239,0.8004889975550122,0.7994186046511628,40,0,7.9923890999802145,0,28.285665999999765
18,1,1,702,120,3298,2703,0.8195876288659794,0.8348484848484848,595,4.610869565217391,4679.395318768107,8944.523296848209,9012.121548019803,10164,0.8067846607669616,0.8207211782630777,0.8294930875576036,40,0,7.992180978030457,0,20.500790999999936
18,1,1,703,120,3394,2722,0.8020035356511491,0.7642163661581137,672,6.521739130434784,4894.58655430938,9458.925628089091,9517.54055623691,10637,0.8058823529411765,0.7940881763527055,0.8203342618384402,40,0,7.992179422185806,0,21.879875000000084
18,1,1,704,120,3338,2696,0.8076692630317556,0.8625,642,3.4956521739130433,5473.343601502429,10048.001093345472,10114.060899987699,11535,0.8008915304606241,0.812374245472837,0.8005908419497785,40,0,7.992391490424493,0,22.20470899999964
18,1,1,705,120,3494,2722,0.7790497996565541,0.7793493635077794,772,6.641304347826087,5800.253983603776,11113.691626098898,11181.421336145946,12587,0.7834036568213784,0.7795121951219512,0.7735334242837654,40,0,7.99218336225206,0,21.78883399999995
18,1,1,706,120,3435,2702,0.786608442503639,0.7537619699042407,733,7.885217391304348,5876.917836199144,10403.173696634829,10465.997697167977,11554,0.7900146842878121,0.7783705140640155,0.8078034682080925,40,0,7.909266749084497,0,22.56729200000018
18,1,1,707,120,3310,2695,0.8141993957703928,0.8008720930232558,615,5.883478260869565,4754.955560762252,9008.064246924305,9066.646327875214,10329,0.8065015479876161,0.8135932033983009,0.8235294117647058,40,0,7.867810028305072,0,20.47579199999973
18,1,1,708,120,3427,2706,0.7896119054566676,0.7558299039780522,721,6.454782608695652,5817.462789228008,10252.020481155543,10316.325429000002,11401,0.7793904208998549,0.7961352657004831,0.7799401197604791,40,0,7.992183127312548,0,22.585000000000036
18,1,1,709,120,3375,2693,0.7979259259259259,0.8141592920353983,682,4.614782608695652,5566.312906749519,10250.473893038099,10315.451933962066,11581,0.8,0.7904102817597627,0.8181818181818182,40,0,8.033845886524126,0,22.540707999999995
18,1,1,710,120,3283,2695,0.8208955223880597,0.7768361581920904,588,6.435217391304348,4307.98139210437,8270.522330907193,8340.187799816884,9685,0.8196994991652755,0.8324243926623699,0.7871064467766117,40,0,8.033431525080672,0,19.90754199999992
18,1,1,711,120,3380,2702,0.7994082840236686,0.7871428571428571,678,6.208695652173913,5348.15156410122,9822.710569661624,9884.447021922158,11225,0.7861271676300579,0.8142352347299344,0.7708628005657708,40,0,7.992182336715669,0,22.29183299999977
18,1,1,712,120,3324,2724,0.8194945848375451,0.8020378457059679,600,5.5517391304347825,4640.941571452021,8748.248285116368,8815.646163998956,10026,0.8008595988538681,0.821882951653944,0.8320726172465961,40,0,7.867807793275176,0,20.488124999999854
18,1,1,713,120,3440,2713,0.7886627906976744,0.7435897435897436,727,7.576521739130435,5191.890994720991,9880.8448731307,9943.37679287162,11146,0.7832585949177877,0.7953132472501195,0.7735294117647059,40,0,7.992183047803583,0,22.164708000000246
18,1,1,714,120,3434,2694,0.7845078625509609,0.7790368271954674,740,6.303913043478261,5664.245136900112,10678.996142905195,10737.797783657259,11920,0.804915514592934,0.7800475059382422,0.7787610619469026,40,0,7.9505145279482266,0,22.53899999999976
18,1,1,715,120,3287,2724,0.8287191968360207,0.7985507246376812,563,6.199130434782609,4426.161994980383,8361.174263443207,8416.817003548435,9170,0.82574568288854,0.8232890704800817,0.846820809248555,40,0,7.9507239631167606,0,20.59087499999987
18,1,1,716,120,3397,2706,0.7965852222549308,0.8218562874251497,691,4.124347826086956,5704.288136421277,10643.611355917701,10701.895954361831,11924,0.7774798927613941,0.8070964517741129,0.7861538461538462,40,0,7.991767653531145,0,22.813790999999583
18,1,1,717,120,3340,2708,0.8107784431137725,0.8150887573964497,632,4.593478260869565,5216.1358597633425,9704.24806453241,9756.385175358047,10974,0.8202764976958525,0.8067226890756303,0.8138138138138138,40,0,7.909267075121437,0,21.649916999999732
18,1,1,718,120,3359,2710,0.8067877344447753,0.7849002849002849,649,6.060869565217391,5107.208900277845,9188.475565702083,9256.324116499267,10534,0.8147058823529412,0.7980914113510799,0.8241279069767442,40,0,8.033637931097935,0,21.712625000000116
18,1,1,719,120,3466,2721,0.7850548182342758,0.7670850767085077,745,7.277391304347826,5743.778709993013,11016.896956100838,11075.734735719581,11993,0.7773167358229599,0.7873977873977874,0.786144578313253,40,0,7.9919734589829154,0,24.31529099999989
18,1,1,720,120,3380,2703,0.7997041420118344,0.8542635658914729,677,4.14,5779.13944523538,10870.385662179304,10924.704704281772,11935,0.7900874635568513,0.8004950495049505,0.8071216617210683,40,0,7.9921821545675185,0,21.607041999999637
18,1,1,721,120,3399,2720,0.8002353633421595,0.7575757575757576,679,7.1460869565217395,5027.859725381718,9616.11082978651,9671.651285364116,10786,0.7960057061340942,0.8059553349875931,0.787701317715959,40,0,7.950517714355175,0,22.18604200000027
18,1,1,722,120,3366,2718,0.8074866310160428,0.8079178885630498,648,5.646521739130435,5531.238870287777,9771.845364792282,9829.346160294846,10889,0.8123167155425219,0.8032544378698225,0.8155487804878049,40,0,7.867811077726881,0,22.542124999999942
18,1,1,723,120,3392,2714,0.8001179245283019,0.7982583454281568,678,6.605652173913043,5535.770524890873,10095.588559862552,10163.321416316285,11243,0.8015037593984963,0.807541625857003,0.7766423357664234,40,0,7.950517523434573,0,21.146458000000166
18,1,1,724,120,3330,2700,0.8108108108108109,0.7506811989100818,630,7.2791304347826085,4706.23396410176,8806.259964345105,8865.990472778101,10067,0.8077474892395983,0.8133133133133134,0.8062992125984252,40,0,7.909266310762875,0,21.659834000000046
18,1,1,725,120,3392,2710,0.7989386792452831,0.8199404761904762,682,5.478695652173913,5774.402684465006,10566.89425425824,10623.8435726296,11741,0.8,0.7974051896207585,0.8023598820058997,40,0,8.033641158297854,0,21.48754199999985
18,1,1,726,120,3387,2736,0.8077945084145262,0.8300751879699249,651,4.99695652173913,5548.128479053139,9917.852058521032,9982.867743902869,11232,0.7985294117647059,0.8082595870206489,0.8157503714710252,40,0,7.950931686648665,0,22.758208999999624
18,1,1,727,120,3337,2721,0.8154030566376985,0.8221225710014948,616,4.19695652173913,5497.526587922427,9492.132976173109,9548.424894193913,10572,0.7965116279069767,0.8145120081757793,0.8367052023121387,40,0,8.03343340306016,0,22.416959000000134
18,1,1,728,120,3311,2715,0.8199939595288432,0.7988422575976846,596,5.553478260869565,4981.861622696682,9032.077436935871,9090.514950693278,10112,0.8358433734939759,0.8139298423995933,0.8220588235294117,40,0,7.992390207660866,0,20.453207999999904
18,1,1,729,120,3417,2732,0.7995317529997074,0.7905308464849354,685,6.157391304347826,5354.826068172541,10239.331798510088,10304.43002197776,11285,0.793859649122807,0.7989263055148853,0.8070175438596491,40,0,8.033640716750293,0,22.547999999999774
18,1,1,730,120,3275,2726,0.8323664122137404,0.8162962962962963,549,5.1152173913043475,4324.666828947334,8317.942905625509,8374.00898631269,9424,0.8249619482496194,0.8304568527918782,0.845679012345679,40,0,7.8678114905815475,0,20.564166000000114
18,2,2,701,120,3344,3343,0.999700956937799,1,1,-0.018260869565217393,8.43455932394739,7.512498599014083,24.21959726661741,13,1,1,0.998546511627907,40,0,9.592247809302398,1,15.40295900000001
18,2,2,702,120,3298,3298,1,1,0,0.003043478260869565,5.817602998353719,5.064724924894516,19.71193933705399,0,1,1,1,40,0,9.424541198800489,1,11.986000000000786
18,2,2,703,120,3394,3394,1,1.001386962552011,0,-0.03217391304347826,6.443461087080788,7.026121155089842,21.64125959396976,0,1,1,1,40,0,10.308113617719544,1,14.065708999999515
18,2,2,704,120,3338,3338,1,1.0046875,0,-0.02434782608695652,7.071073811411154,7.232258741735964,21.080708377728723,0,1,1,1,39.98630506469668,0.06709120710712571,9.33806925640163,1,21.340374999999767
18,2,2,705,120,3494,3492,0.9994275901545506,0.9985855728429985,2,-0.026521739130434777,8.407512739841795,8.04387046388536,25.27408645918179,3,1,0.9995121951219512,0.9986357435197817,39.998930557396434,0.005239177375856913,10.056020173376169,1,40.9604589999999
18,2,2,706,120,3435,3435,1,1.0013679890560876,0,-0.00826086956521739,7.536141387112491,6.7230937642925115,21.939885711657855,0,1,1,1,40,0,10.476036903611558,1,23.49725000000035
18,2,2,707,120,3310,3308,0.9993957703927493,0.998546511627907,2,0.03173913043478261,8.301741140039564,7.747451962682258,26.490431029207684,3,1,0.999000499750125,1,39.99880532347674,0.005852695779343538,9.84475979796207,1,18.082625000000007
18,2,2,708,120,3427,3424,0.9991245987744383,0.9972565157750343,3,0.024782608695652176,8.78065710738076,9.718013940049975,27.604419652341676,25,1,0.9985507246376811,1,40,0,10.309162357817888,1,14.005792000000838
18,2,2,709,120,3375,3373,0.9994074074074074,0.9970501474926253,2,0.007826086956521741,8.303369463839587,7.527230424975534,23.888320338616115,5,1,0.9990113692535838,1,39.998868019370406,0.005545549882457452,9.59371297701378,1,13.327541000000565
18,2,2,710,120,3283,3282,0.999695400548279,1.002824858757062,1,0.01217391304347826,7.452011694247424,7.805505941925582,25.44186579633909,1,1,0.9995042141794744,1,40,0,10.139773307747985,1,15.245499999999993
18,2,2,711,120,3380,3376,0.9988165680473373,0.9942857142857143,4,0.05,6.886404723251337,7.988466864966948,25.56572225418313,37,1,0.9979808177688037,1,40,0,9.971015736751534,1,18.921375000000808
18,2,2,712,120,3324,3321,0.9990974729241877,0.9970887918486172,3,0.0008695652173913044,7.281211980338052,8.815532300493723,25.67674160880991,28,1,0.9984732824427481,1,39.998930561406496,0.005239157730632814,9.885800909843754,1,51.60337499999969
18,2,2,713,120,3440,3439,0.9997093023255814,0.9986504723346828,1,-0.1108695652173913,8.8344728301958,10.306089095576375,31.5130905181486,9,0.9985052316890882,1,1,39.998930691411374,0.005238520839405497,10.477706797786961,1,13.391749999999774
18,2,2,714,120,3434,3433,0.9997087944088526,1.0070821529745042,1,0.0017391304347826122,7.6747593166966706,7.748881989604375,24.611394539195924,9,1,0.9995249406175772,1,40,0,10.098525426740515,1,14.60845800000061
18,2,2,715,120,3287,3286,0.9996957712199575,1,1,0.032608695652173926,7.0224455918715245,7.7941266769832325,24.66988935010674,14,1,1,0.9985549132947977,40,0,9.886848035067247,1,16.394499999999425
18,2,2,716,120,3397,3395,0.9994112452163674,1,2,0.03173913043478261,8.091272372008149,8.12852281215214,22.755232781271236,6,1,0.9995002498750625,0.9984615384615385,39.97374237714413,0.12863555571067972,9.384754294449754,1,29.97808299999997
18,2,2,717,120,3340,3338,0.9994011976047904,0.9985207100591716,2,0.05956521739130435,7.174514965477726,8.055799545913459,21.40802599488264,10,1,0.9990113692535838,1,40,0,9.676421965449391,1,93.56120800000008
18,2,2,718,120,3359,3359,1,1.0042735042735043,0,-0.052608695652173916,7.316677406238802,7.63288513374473,25.967556297119398,0,1,1,1,40,0,10.097270651632845,1,17.243666000000303
18,2,2,719,120,3466,3466,1,1.00418410041841,0,0.017391304347826077,8.276148260236592,7.8849993288840174,25.36939034005506,0,1,1,1,40,0,10.183323499801434,1,15.613750000000437
18,2,2,720,120,3380,3377,0.999112426035503,1,3,0.09000000000000001,8.78997898386189,7.944010519367779,23.23048601533416,20,0.9970845481049563,0.9995049504950495,1,40,0,9.255568383857655,1,14.489916999999878
18,2,2,721,120,3399,3395,0.9988231832892027,0.9944903581267218,4,0.04043478260869565,8.666703613435029,9.529734170466433,27.966428190797462,65,0.9985734664764622,0.9985111662531018,1,39.998867696523725,0.005547131501685221,10.349576822363073,1,15.818291999999929
18,2,2,722,120,3366,3364,0.9994058229352347,0.9970674486803519,2,-0.039565217391304336,7.07651424029691,6.480851302104822,21.818937637502433,8,1,0.9995069033530573,0.9984756097560976,40,0,9.84329860240033,1,13.122167000000445
18,2,2,723,120,3392,3391,0.9997051886792453,1,1,0.04652173913043479,7.832443516332386,8.402388013247057,26.401020236363365,23,1,0.9995102840352595,1,39.99899345725337,0.004931032267092499,9.845175549301079,1,16.309291999999914
18,2,2,724,120,3330,3330,1,1,0,-0.050869565217391305,7.116481225614571,9.206698126127689,27.17986437713201,0,1,1,1,40,0,10.476451952060625,1,29.772165999999743
18,2,2,725,120,3392,3390,0.9994103773584906,0.9970238095238095,2,0.0008695652173913074,8.416484826987041,9.197020151205022,25.927792535968063,3,1,0.999001996007984,1,39.98630522967572,0.06709039887818344,9.468090328065243,1,22.862874999999804
18,2,2,726,120,3387,3387,1,1.0030075187969925,0,-0.027391304347826086,7.2206921850376515,5.605156133265379,20.712791315410566,0,1,1,1,40,0,9.426001722485749,1,15.012541000000056
18,2,2,727,120,3337,3336,0.9997003296373989,0.9985052316890882,1,0.008260869565217394,7.306653007556493,5.775558080107157,20.145387840466054,17,0.998546511627907,1,1,40,0,9.384755690584146,1,16.295458999999937
18,2,2,728,120,3311,3309,0.9993959528843249,0.9985528219971056,2,0.11217391304347826,6.764666540008275,6.620817348486088,21.544981106590058,22,1,0.9994916115912558,0.9985294117647059,40,0,9.845387535890952,0,13.720417000000452
18,2,2,729,120,3417,3413,0.9988293824992683,0.9956958393113343,4,0.002173913043478261,7.375803909984954,7.14703331980047,24.978460481667145,22,0.9970760233918129,0.9990239141044412,1,40,0,9.846225675691443,1,17.76758299999983
18,2,2,730,120,3275,3274,0.9996946564885496,1.0014814814814814,1,0.06739130434782607,7.521223361173779,7.503791452375249,24.56480939100705,4,1,1,0.9984567901234568,40,0,9.676631144444457,1,12.393166999999266
18,3,3,701,120,3344,3343,0.999700956937799,0.9985052316890882,1,-0.003913043478260867,1.3004382597782669,1.2301992402985753,7.394628477103349,13,1,1,0.998546511627907,39.998993549503716,0.004930580334547017,9.550581142635728,1,10.458625000000211
18,3,3,702,120,3298,3298,1,1,0,-0.00434782608695652,1.1322894848896947,0.9193118829770494,7.079189651005133,0,1,1,1,40,0,9.465998087865737,1,12.580832999999984
18,3,3,703,120,3394,3394,1,1.001386962552011,0,-0.02391304347826087,1.1259315004541084,1.2732760700894479,8.28656381366424,0,1,1,1,40,0,10.308115127224712,1,12.374291000000085
18,3,3,704,120,3338,3338,1,1.003125,0,-0.04434782608695652,1.337130916092097,1.420063881829752,8.19716845665304,0,1,1,1,39.98630506469668,0.06709120710712571,9.296401696302015,1,12.77283399999942
18,3,3,705,120,3494,3492,0.9994275901545506,0.9985855728429985,2,-0.004347826086956522,1.4987472164430766,1.5340042173894386,9.748687522197542,3,1,0.9995121951219512,0.9986357435197817,39.998930557396434,0.005239177375856913,10.056020378733576,1,11.871125000000575
18,3,3,706,120,3435,3435,1,1.0013679890560876,0,-0.033478260869565214,1.3485496450862529,0.9989531280059993,6.7359267396310925,0,1,1,1,40,0,10.517494891467164,1,10.98029200000019
18,3,3,707,120,3310,3308,0.9993957703927493,0.998546511627907,2,0.0408695652173913,1.5224526517260242,1.4430496707614489,8.259745206561092,3,1,0.999000499750125,1,39.9989305601768,0.0052391637548870815,9.88621590159935,1,12.485083999999915
18,3,3,708,120,3427,3425,0.9994163991829589,0.9986282578875172,2,0.03608695652173913,1.5952092259272064,1.7255954594001206,7.9233345538911335,13,1,0.9990338164251208,1,39.9863051692982,0.06709069466644664,10.350830860026662,1,10.969916000000012
18,3,3,709,120,3375,3373,0.9994074074074074,0.9970501474926253,2,0.02391304347826087,1.4398014643762187,1.4116163235750998,8.414395018189984,5,1,0.9990113692535838,1,39.998930782432026,0.005238074931114282,9.635171290906325,1,17.045584000000417
18,3,3,710,120,3283,3282,0.999695400548279,1.002824858757062,1,0.016956521739130436,1.266838010444716,1.3840294860762095,9.264694559748932,1,1,0.9995042141794744,1,40,0,10.098318834295403,1,16.055500000000393
18,3,3,711,120,3380,3379,0.9997041420118343,0.9985714285714286,1,0.03260869565217391,1.2736680092147692,1.564933037196513,9.532542759484992,4,1,0.9994952044422009,1,40,0,10.054557556213076,1,13.938334000000395
18,3,3,712,120,3324,3322,0.9993983152827918,0.9985443959243085,2,-0.018260869565217393,1.3680689175366327,1.4592652488992226,9.087123708533303,4,1,0.9989821882951654,1,39.98630503528325,0.0670913512028995,9.886008851903064,1,14.635917000000518
18,3,3,713,120,3440,3439,0.9997093023255814,0.9986504723346828,1,-0.04043478260869565,1.4776701919329267,2.091758448494049,11.671293584392211,9,0.9985052316890882,1,1,39.99886786273247,0.005546317248488734,10.519165992437896,1,12.110791000000063
18,3,3,714,120,3434,3433,0.9997087944088526,1.0042492917847026,1,0.01173913043478261,1.4218184722219738,1.4118040143803023,8.52267492477525,9,1,0.9995249406175772,1,39.99899335388155,0.004931538683515855,10.098107788351003,1,15.66216600000007
18,3,3,715,120,3287,3286,0.9996957712199575,1,1,0.02217391304347826,1.3517389764525833,1.4713483712533966,8.610942175464212,14,1,1,0.9985549132947977,40,0,9.76247252599361,1,11.02074999999968
18,3,3,716,120,3397,3395,0.9994112452163674,1,2,-0.0013043478260869549,1.3562841755294133,1.1413835091341775,5.915523124511917,6,1,0.9995002498750625,0.9984615384615385,39.986305361231274,0.06708975439023916,9.426211666233138,1,11.935124999999971
18,3,3,717,120,3340,3338,0.9994011976047904,0.9985207100591716,2,0.010869565217391304,1.187289200230116,1.0261389952198563,5.376764841534775,10,1,0.9990113692535838,1,39.998930498569585,0.005239465567404501,9.676422943560214,1,13.15795800000069
18,3,3,718,120,3359,3359,1,1,0,-0.035652173913043476,1.4034326527996936,1.3426859561165223,8.40260884212997,0,1,1,1,40,0,9.972270250185927,1,10.742458000000624
18,3,3,719,120,3466,3466,1,1.00278940027894,0,-0.016521739130434778,1.4452309836681905,1.5334544482436143,9.167456901693791,0,1,1,1,40,0,10.224573702278922,1,13.34991700000046
18,3,3,720,120,3380,3378,0.9994082840236687,1,2,0.05,1.5418413882291837,1.3503447437693312,7.5554020557410695,6,0.9985422740524781,0.9995049504950495,1,40,0,9.089737798626098,1,11.154708000000028
18,3,3,721,120,3399,3398,0.9997057958223007,0.9986225895316805,1,0.01391304347826087,1.5758674078502166,1.754383387555005,10.083954632712448,4,1,0.9995037220843672,1,39.998930655207516,0.005238698201371771,10.308745223019036,1,11.030334000000039
18,3,3,722,120,3366,3364,0.9994058229352347,0.9970674486803519,2,-0.04608695652173913,1.2322535585522953,1.1077304555832277,7.644628477104258,8,1,0.9995069033530573,0.9984756097560976,40,0,9.801840167828253,1,13.431000000000495
18,3,3,723,120,3392,3392,1,1.0014513788098693,0,0.01391304347826087,1.4958702666024615,1.5955520276129338,8.76755663594031,0,1,1,1,39.99899332200873,0.00493169482779673,9.762471512770338,1,11.01708299999973
18,3,3,724,120,3330,3330,1,1,0,-0.027826086956521737,1.5650728901722932,1.8568839623616247,9.27058764777818,0,1,1,1,40,0,10.39353688245692,1,12.729208000000654
18,3,3,725,120,3392,3390,0.9994103773584906,0.9970238095238095,2,-0.004782608695652174,1.788510091946131,1.3828030760111023,8.416482295186748,3,1,0.999001996007984,1,39.99880522288529,0.005853188574798511,9.468089711993022,1,11.210291999999754
18,3,3,726,120,3387,3387,1,1.0030075187969925,0,-0.042608695652173914,1.276494758064266,1.0515808103754745,6.987845080979848,0,1,1,1,40,0,9.426002253880096,1,10.809375000000728
18,3,3,727,120,3337,3337,1,1,0,0.016956521739130436,1.3410032649876829,1.1528206326396921,7.829174215172922,0,1,1,1,40,0,9.467879911756828,1,12.111832999999933
18,3,3,728,120,3311,3310,0.9996979764421625,1,1,0.0791304347826087,1.33101397408702,1.158862783350414,6.777577970464942,12,1,0.9994916115912558,1,40,0,9.845596759463245,1,10.319499999999607
18,3,3,729,120,3417,3414,0.9991220368744512,0.9971305595408895,3,0.01391304347826087,1.365483929237845,1.1799851257090201,7.658517365992945,4,0.9985380116959064,0.9990239141044412,1,40,0,9.970807027288439,1,12.580790999999408
18,3,3,730,120,3275,3274,0.9996946564885496,1.0014814814814814,1,0.057391304347826085,1.5193241569796252,1.5262223541525515,9.291482295186142,4,1,1,0.9984567901234568,40,0,9.635175438847435,1,10.186749999999847
18,4,4,701,120,3344,3343,0.999700956937799,0.9985052316890882,1,-0.001739130434782611,0.46254111113284846,0.4149102234930728,2.8997467659391987,13,1,1,0.998546511627907,39.998993549503716,0.004930580334547017,9.550581589352204,1,10.04583299999922
18,4,4,702,120,3298,3298,1,1,0,-0.00434782608695652,0.41330165707439387,0.3234814962761227,1.9821054927651858,0,1,1,1,40,0,9.465998087865737,1,12.19079199999942
18,4,4,703,120,3394,3394,1,1.001386962552011,0,-0.02391304347826087,0.43207843303739,0.4825132661360417,3.3719535523290083,0,1,1,1,40,0,10.308115127224712,1,13.144374999999854
18,4,4,704,120,3338,3338,1,1.003125,0,-0.04434782608695652,0.494376541139824,0.593595055964524,4.830302321494855,0,1,1,1,39.98630506469668,0.06709120710712571,9.296401696302015,1,10.191207999999278
18,4,4,705,120,3494,3492,0.9994275901545506,0.9985855728429985,2,-0.006521739130434786,0.519220616827648,0.48986795039755315,4.141766400912881,3,1,0.9995121951219512,0.9986357435197817,39.998930557396434,0.005239177375856913,10.056020499413108,1,12.17779100000007
18,4,4,706,120,3435,3435,1,1.0013679890560876,0,-0.028695652173913042,0.4665168643139372,0.29696081840187905,2.056499290397369,0,1,1,1,40,0,10.558953652076179,1,10.170791999999892
18,4,4,707,120,3310,3308,0.9993957703927493,0.998546511627907,2,0.0408695652173913,0.6154799632396506,0.6685967472230397,5.1238873295105805,3,1,0.999000499750125,1,39.9989305601768,0.0052391637548870815,9.88621590159935,1,12.538832999999613
18,4,4,708,120,3427,3425,0.9994163991829589,0.9986282578875172,2,0.03739130434782609,0.5553927137207694,0.5365781738849534,2.9800490874337506,13,1,0.9990338164251208,1,39.9863051692982,0.06709069466644664,10.350830449311848,1,10.474749999999403
18,4,4,709,120,3375,3373,0.9994074074074074,0.9970501474926253,2,0.017391304347826087,0.493856687877427,0.45976765524244795,2.9096300364820613,5,1,0.9990113692535838,1,39.998930782432026,0.005238074931114282,9.676628506008514,1,10.232500000000073
18,4,4,710,120,3283,3282,0.999695400548279,1.002824858757062,1,-0.00043478260869565566,0.4551003646732905,0.4669950385504602,3.547575190529036,1,1,0.9995042141794744,1,40,0,10.098317771506713,1,11.884124999999585
18,4,4,711,120,3380,3379,0.9997041420118343,0.9985714285714286,1,0.030434782608695653,0.4347193633582813,0.5599398693939579,4.510842441217695,4,1,0.9994952044422009,1,40,0,10.0131007518257,1,10.337415999999394
18,4,4,712,120,3324,3322,0.9993983152827918,0.9985443959243085,2,-0.02608695652173913,0.4937027280797325,0.5340353418636283,4.270725711760254,4,1,0.9989821882951654,1,39.98630503528325,0.0670913512028995,9.886010566765638,1,11.817082999999911
18,4,4,713,120,3440,3439,0.9997093023255814,0.9986504723346828,1,-0.030000000000000006,0.5288784170109216,0.7499128916619501,5.272674924775553,9,0.9985052316890882,1,1,39.998930655207516,0.005238698201371771,10.51916676519131,1,10.410917000000154
18,4,4,714,120,3434,3433,0.9997087944088526,1.0028328611898016,1,0.01173913043478261,0.49618183430050117,0.41191512446239154,3.525705936613425,9,1,0.9995249406175772,1,39.99786144442998,0.007258883134960991,10.056440710969524,1,11.260041000000456
18,4,4,715,120,3287,3286,0.9996957712199575,1,1,0.0191304347826087,0.4602618451264225,0.5560994962369833,3.8531307460846924,14,1,1,0.9985549132947977,40,0,9.762472646673142,1,21.028333000000202
18,4,4,716,120,3397,3395,0.9994112452163674,1,2,-0.0013043478260869549,0.44050550440814795,0.3931330659029708,1.7975751905290356,6,1,0.9995002498750625,0.9984615384615385,39.986305361231274,0.06708975439023916,9.426211666233138,1,16.22674999999981
18,4,4,717,120,3340,3338,0.9994011976047904,0.9985207100591716,2,0.017391304347826084,0.43309884817559374,0.3436245804689221,1.7519183413493618,10,1,0.9990113692535838,1,39.998930498569585,0.005239465567404501,9.67642282288068,1,14.130625000000691
18,4,4,718,120,3359,3359,1,1,0,-0.035652173913043476,0.5460765854485035,0.5264099334459839,4.386801611891921,0,1,1,1,40,0,9.972270250185927,1,11.915666999999303
18,4,4,719,120,3466,3466,1,1.00278940027894,0,-0.012608695652173913,0.48127088505378723,0.5645937521849407,4.63282686521173,0,1,1,1,40,0,10.183116125138133,1,12.075458000000253
18,4,4,720,120,3380,3378,0.9994082840236687,1,2,0.05,0.5452088898402091,0.567210010815849,4.848181392897156,6,0.9985422740524781,0.9995049504950495,1,40,0,9.089737798626098,1,10.697500000000218
18,4,4,721,120,3399,3398,0.9997057958223007,0.9986225895316805,1,0.018695652173913044,0.508383967583757,0.5961130179442939,4.379918481522509,4,1,0.9995037220843672,1,39.998930655207516,0.005238698201371771,10.26728841863166,1,14.381416000000172
18,4,4,722,120,3366,3364,0.9994058229352347,0.9970674486803519,2,-0.053478260869565204,0.4317817968804225,0.3848651205051925,3.0812614921693844,8,1,0.9995069033530573,0.9984756097560976,40,0,9.760382095294776,1,10.40270800000053
18,4,4,723,120,3392,3392,1,1.0014513788098693,0,0.018695652173913044,0.5411077642765468,0.5089556020203273,3.8312460563365676,0,1,1,1,39.99899332200873,0.00493169482779673,9.762471512770338,1,10.716582999999446
18,4,4,724,120,3330,3330,1,1,0,-0.019130434782608695,0.5879901945755998,0.5644388962813517,4.242004199140865,0,1,1,1,39.99899329227433,0.004931840496033275,10.434994133560767,1,12.583957999999257
18,4,4,725,120,3392,3390,0.9994103773584906,0.9970238095238095,2,0.010869565217391302,0.670130803760354,0.41765233794034595,3.385842441217695,3,1,0.999001996007984,1,39.99880522288529,0.005853188574798511,9.468089385956082,1,11.060166999999637
18,4,4,726,120,3387,3387,1,1.0030075187969925,0,-0.03608695652173913,0.4542626070002531,0.42617171603249565,2.946362785793705,0,1,1,1,40,0,9.467459625663476,1,10.41662499999984
18,4,4,727,120,3337,3337,1,1,0,0.016956521739130436,0.5022167793488199,0.4622668678530263,2.9473219564682345,0,1,1,1,40,0,9.467879911756828,1,12.003332999999657
18,4,4,728,120,3311,3310,0.9996979764421625,1,1,0.08478260869565217,0.45821985384480346,0.3761884534826737,2.7053023214948553,12,1,0.9994916115912558,1,40,0,9.887054541961442,1,9.93658300000061
18,4,4,729,120,3417,3414,0.9991220368744512,0.9971305595408895,3,0.01391304347826087,0.5061191463432457,0.4241790169551416,3.4136202189953715,4,0.9985380116959064,0.9990239141044412,1,40,0,9.970807027288439,1,12.485959000000548
18,4,4,730,120,3275,3274,0.9996946564885496,1.0014814814814814,1,0.050434782608695654,0.5014784057751666,0.49551662936794494,2.697306520635417,4,1,1,0.9984567901234568,40,0,9.676631591160929,1,10.294208000000253
18,6,6,701,120,3344,3343,0.999700956937799,0.9985052316890882,1,-0.001739130434782611,0.27624033918949303,0.23952095808383234,2.1666666666666665,13,1,1,0.998546511627907,39.998993549503716,0.004930580334547017,9.550581589352204,1,10.515707999999904
18,6,6,702,120,3298,3298,1,1,0,-0.00434782608695652,0.25848943541607433,0.22121212121212122,1,0,1,1,1,40,0,9.465998087865737,1,12.719291999999768
18,6,6,703,120,3394,3394,1,1.001386962552011,0,-0.02391304347826087,0.2916280056402983,0.3448753462603878,2.3333333333333335,0,1,1,1,40,0,10.308115127224712,1,10.27429200000006
18,6,6,704,120,3338,3338,1,1.003125,0,-0.04434782608695652,0.29122791626019146,0.33177570093459074,2.63888888888899,0,1,1,1,39.98630506469668,0.06709120710712571,9.296401696302015,1,12.15520800000013
18,6,6,705,120,3494,3492,0.9994275901545506,0.9985855728429985,2,-0.006521739130434786,0.25998114002627354,0.19863678321956985,1.7083333333333333,3,1,0.9995121951219512,0.9986357435197817,39.998930557396434,0.005239177375856913,10.056020499413108,1,10.347999999999956
18,6,6,706,120,3435,3435,1,1.0013679890560876,0,-0.028695652173913042,0.28688562381654736,0.19262295081967212,1.1666666666666667,0,1,1,1,40,0,10.558953652076179,1,10.965167000000292
18,6,6,707,120,3310,3308,0.9993957703927493,0.998546511627907,2,0.0408695652173913,0.37046498125823,0.4211547792333854,2.2916666666666665,3,1,0.999000499750125,1,39.9989305601768,0.0052391637548870815,9.88621590159935,1,15.351916999999958
18,6,6,708,120,3427,3425,0.9994163991829589,0.9986282578875172,2,0.03739130434782609,0.3037604010294042,0.25964700562663284,0.9077271309655165,13,1,0.9990338164251208,1,39.9863051692982,0.06709069466644664,10.350830449311848,1,14.50183399999969
18,6,6,709,120,3375,3373,0.9994074074074074,0.9970501474926253,2,0.017391304347826087,0.2969092106273459,0.2733512590875331,1.2827271309655164,5,1,0.9990113692535838,1,39.998930782432026,0.005238074931114282,9.676628506008514,1,11.166250000000218
18,6,6,710,120,3283,3282,0.999695400548279,1.002824858757062,1,-0.003043478260869565,0.2800121876904327,0.27605633802816903,1.6666666666666667,1,1,0.9995042141794744,1,40,0,10.098317771506709,1,10.177583000000595
18,6,6,711,120,3380,3379,0.9997041420118343,0.9985714285714286,1,0.030434782608695653,0.24709289294343964,0.36211557149715046,2.6299493531878397,4,1,0.9994952044422009,1,40,0,10.0131007518257,1,10.730875000000196
18,6,6,712,120,3324,3322,0.9993983152827918,0.9985443959243085,2,-0.02608695652173913,0.27294170270892576,0.3130983252815924,1.9910604642988499,4,1,0.9989821882951654,1,39.98630503528325,0.0670913512028995,9.886010566765638,1,12.183082999999897
18,6,6,713,120,3440,3439,0.9997093023255814,0.9986504723346828,1,-0.023478260869565216,0.2885384149884816,0.33426534247233036,1.1666666666666667,9,0.9985052316890882,1,1,39.998930655207516,0.005238698201371771,10.519166970548717,1,10.414040999999997
18,6,6,714,120,3434,3433,0.9997087944088526,1.0028328611898016,1,0.01173913043478261,0.3064442237390593,0.25504364729710743,1.9166666666666667,9,1,0.9995249406175772,1,39.99786144442998,0.007258883134960991,10.056440710969524,1,10.364207999999962
18,6,6,715,120,3287,3286,0.9996957712199575,1,1,0.01608695652173913,0.2822796415965765,0.35942028985507246,2.75,14,1,1,0.9985549132947977,40,0,9.76247219995667,1,11.522124999999505
18,6,6,716,120,3397,3395,0.9994112452163674,1,2,-0.0013043478260869549,0.2563991569679041,0.23969877915644933,0.9166666666666666,6,1,0.9995002498750625,0.9984615384615385,39.986305361231274,0.06708975439023916,9.426211666233138,1,10.339500000000044
18,6,6,717,120,3340,3338,0.9994011976047904,0.9985207100591716,2,0.017391304347826084,0.26028493735037866,0.18158652190570676,0.375,10,1,0.9990113692535838,1,39.998930498569585,0.005239465567404501,9.67642282288068,1,11.842749999999796
18,6,6,718,120,3359,3359,1,1,0,-0.035652173913043476,0.3355302292921622,0.34045584045584043,2.1666666666666665,0,1,1,1,40,0,9.972270250185927,1,10.221416999999747
18,6,6,719,120,3466,3466,1,1.00278940027894,0,-0.008695652173913044,0.2865591974601369,0.3769123783031989,2.75,0,1,1,1,40,0,10.224573050205043,1,10.539792000000489
18,6,6,720,120,3380,3378,0.9994082840236687,1,2,0.05,0.28930824117389126,0.33211500526641863,3.383924099868333,6,0.9985422740524781,0.9995049504950495,1,40,0,9.089737798626098,1,11.849750000000313
18,6,6,721,120,3399,3398,0.9997057958223007,0.9986225895316805,1,0.018695652173913044,0.24614538645141573,0.31359497024761995,2.75,4,1,0.9995037220843672,1,39.998930655207516,0.005238698201371771,10.26728841863166,1,10.04424999999992
18,6,6,722,120,3366,3364,0.9994058229352347,0.9970674486803519,2,-0.053478260869565204,0.2619612273938801,0.26029411764705884,1.625,8,1,0.9995069033530573,0.9984756097560976,40,0,9.760382095294776,1,10.142749999999978
18,6,6,723,120,3392,3392,1,1.0014513788098693,0,0.018695652173913044,0.2944384895327919,0.17584541062802284,1.3888888888889899,0,1,1,1,39.99899332200873,0.00493169482779673,9.762471512770338,1,10.263999999999214
18,6,6,724,120,3330,3330,1,1,0,-0.019130434782608695,0.32544605300157164,0.27218726313783703,1.5743937976321831,0,1,1,1,39.99899329227433,0.004931840496033275,10.434994133560767,1,10.182416999999987
18,6,6,725,120,3392,3390,0.9994103773584906,0.9970238095238095,2,0.01652173913043478,0.352099393061567,0.2626865671641791,2.0833333333333335,3,1,0.999001996007984,1,39.99880522288529,0.005853188574798511,9.468090038029962,1,12.007000000000517
18,6,6,726,120,3387,3387,1,1.0030075187969925,0,-0.03608695652173913,0.27986543714782525,0.2983508245877061,1.7083333333333333,0,1,1,1,40,0,9.467459625663476,1,10.056125000000065
18,6,6,727,120,3337,3337,1,1,0,0.016956521739130436,0.3141257323802877,0.2664238698849272,1,0,1,1,1,40,0,9.467879911756828,1,10.028124999999818
18,6,6,728,120,3311,3310,0.9996979764421625,1,1,0.08478260869565217,0.2560996032516161,0.23733719247467439,1.4583333333333333,12,1,0.9994916115912558,1,40,0,9.887054541961442,1,11.817167000000154
18,6,6,729,120,3417,3414,0.9991220368744512,0.9971305595408895,3,0.01391304347826087,0.2755523511878235,0.2733812949640288,1.3333333333333333,4,0.9985380116959064,0.9990239141044412,1,40,0,9.970807027288439,1,10.417124999999942
18,6,6,730,120,3275,3274,0.9996946564885496,1.0014814814814814,1,0.050434782608695654,0.28420824298785335,0.3058950897680356,1.31447965542399,4,1,1,0.9984567901234568,40,0,9.676631591160929,1,11.624709000000621
20,1,1,701,120,3663,2710,0.7398307398307399,0.7152145643693107,953,9.414347826086956,7005.584788891241,12734.099781203755,12804.132931193039,14565,0.7390070921985815,0.7408071748878924,0.7376373626373627,40,0,7.9505168823908425,0,23.13524999999936
20,1,1,702,120,3782,2725,0.7205182443151772,0.68875,1057,10.19,6955.598732264121,13296.453153278271,13363.77361834773,15270,0.7025392986698912,0.7230839416058394,0.7326343381389253,40,0,7.99218180034929,0,25.133374999999432
20,1,1,703,120,3821,2743,0.7178749018581523,0.699238578680203,1078,9.234782608695653,7495.523778971414,14510.708638543341,14581.966902955674,16195,0.7354085603112841,0.7029177718832891,0.7436548223350253,40,0,7.950723081980769,0,24.52862499999992
20,1,1,704,120,3695,2724,0.737212449255751,0.7352941176470589,971,7.9534782608695656,6922.199955028734,13126.550408572948,13193.079621207646,14739,0.7282608695652174,0.7406417112299465,0.7356643356643356,40,0,7.909058277770693,0,24.486541999999645
20,1,1,705,120,3790,2734,0.7213720316622692,0.7131782945736435,1056,7.9543478260869565,7501.373806407829,14266.312213973833,14330.23180125757,15807,0.7293333333333333,0.7237762237762237,0.7061170212765957,40,0,8.075304631807127,0,25.72149999999965
20,1,1,706,120,3701,2718,0.7343961091596866,0.7376171352074966,983,7.359565217391303,7313.05250524839,13407.398198021492,13472.998355803551,15005,0.7364130434782609,0.7323881258307487,0.7387005649717514,40,0,8.075097989796593,0,23.84020800000053
20,1,1,707,120,3667,2718,0.7412053449686392,0.7593360995850622,949,6.355217391304348,6578.060519698662,12860.306767567105,12937.411510729755,14981,0.7346101231190151,0.7357798165137615,0.7632275132275133,40,0,7.9503081921720336,0,29.76666600000044
20,1,1,708,120,3697,2704,0.7314038409521233,0.6965865992414665,993,10.55391304347826,7073.484445438777,13116.150404062268,13182.5137822432,14367,0.7417582417582418,0.7356529597830999,0.708994708994709,40,0,7.992182128526085,0,22.820958000000246
20,1,1,709,120,3715,2713,0.7302826379542395,0.7236842105263158,1002,8.805652173913044,6886.226289660574,13051.906406214353,13122.846433870189,14712,0.7215363511659808,0.722875226039783,0.7596899224806202,40,0,7.909057539075968,0,24.99620800000048
20,1,1,710,120,3784,2729,0.7211945031712473,0.7294429708222812,1055,8.084782608695653,7122.785006179972,13792.536303356974,13867.597065880835,15604,0.7019867549668874,0.7300131061598951,0.7135135135135136,40,0,7.991975154420488,0,27.53558299999986
20,1,1,711,120,3752,2714,0.7233475479744137,0.7482993197278912,1038,7.216956521739131,7602.307020379246,14151.396948767817,14222.756800033305,15919,0.727391874180865,0.7264995523724261,0.7099337748344371,40,0,8.0334298959659,0,23.61487500000021
20,1,1,712,120,3690,2746,0.7441734417344174,0.748641304347826,944,6.74,6695.05557074136,12784.327532632633,12858.385379912857,14503,0.7242302543507363,0.7472972972972973,0.7551867219917012,40,0,7.9921822584735125,0,24.500500000000102
20,1,1,713,120,3809,2721,0.7143607245996324,0.7109677419354838,1088,8.868695652173914,7134.494964172979,14053.593446042958,14119.51371150565,15596,0.7062841530054644,0.7189119170984456,0.7082785808147175,40,0,7.992181986281698,0,23.91112499999963
20,1,1,714,120,3832,2735,0.7137265135699373,0.7253613666228647,1097,8.555217391304348,7584.567223328249,14481.24034520026,14552.420561392602,16310,0.7115384615384616,0.7170294494238156,0.7056504599211564,40,0,7.992390396622331,0,25.676790999999866
20,1,1,715,120,3650,2725,0.7465753424657534,0.7603305785123967,925,6.217826086956522,7018.136155741543,13400.5457830431,13466.344921585078,14582,0.7702127659574468,0.7432246210381258,0.734375,40,0,8.075306652030998,0,24.41491700000006
20,1,1,716,120,3781,2735,0.7233536101560434,0.7006369426751592,1046,9.876521739130435,7661.2439028149465,14378.876882341516,14444.18378095759,15765,0.72870249017038,0.7186395759717314,0.7320954907161804,40,0,7.867602816758677,0,24.07787499999995
20,1,1,717,120,3743,2731,0.7296286401282394,0.7046035805626598,1012,9.253913043478262,6938.152601919351,13259.99573950942,13324.929300597285,15006,0.7425227568270482,0.7203352448169387,0.7454031117397454,40,0,8.07509619435513,0,24.495249999999942
20,1,1,718,120,3744,2734,0.7302350427350427,0.7193211488250653,1010,8.715652173913044,6809.786581021119,13428.10084696978,13502.773871427862,15350,0.7192982456140351,0.7278761061946902,0.7483176312247645,40,0,8.075096069576611,0,25.84833299999991
20,1,1,719,120,3805,2739,0.7198423127463863,0.7052767052767053,1066,8.36,7560.792898527772,14304.360592757746,14378.020254189178,15587,0.7160804020100503,0.7256835499775885,0.7069408740359897,40,0,7.991559369928161,0,25.09691699999985
20,1,1,720,120,3799,2729,0.7183469334035273,0.6756756756756757,1070,11.110869565217392,7353.934116993107,13648.640487157165,13712.57800507256,15212,0.6978319783197832,0.72,0.7324290998766955,40,0,7.9505167629781175,0,26.076500000000124
20,1,1,721,120,3764,2728,0.7247608926673751,0.6913425345043914,1036,10.410434782608696,7067.443000229406,13418.029782688343,13487.730255024473,15073,0.7282321899736148,0.7239208633093526,0.7237851662404092,40,0,7.992182356518268,0,23.764250000000175
20,1,1,722,120,3731,2731,0.7319753417314393,0.7082262210796915,1000,10.080434782608696,6989.63145008972,13403.390059176729,13471.805965211819,15171,0.7355263157894737,0.7320954907161804,0.7277856135401974,40,0,7.950724696839455,0,24.973374999999578
20,1,1,723,120,3726,2715,0.7286634460547504,0.7174479166666666,1011,9.275652173913043,7454.1142075916505,13779.554707832305,13848.528267308866,15211,0.7271468144044322,0.7348754448398577,0.7116402116402116,40,0,7.8678102894667346,0,25.14283400000022
20,1,1,724,120,3663,2720,0.7425607425607426,0.7159533073929961,943,9.318695652173913,6524.602119673818,12470.034655161446,12535.241536611384,14196,0.7391304347826086,0.7481884057971014,0.7287899860917941,40,0,8.033848707682697,0,23.376290999999583
20,1,1,725,120,3804,2704,0.7108307045215563,0.6896120150187734,1100,10.342608695652174,7708.434321127916,14872.436445778974,14944.069610203709,16220,0.7007575757575758,0.7154904571682201,0.7075098814229249,40,0,7.950726910816105,0,25.542583000000377
20,1,1,726,120,3753,2737,0.729283240074607,0.7259552042160737,1016,8.14304347826087,8032.004689711581,14384.107006360227,14444.001208027003,15590,0.6954787234042553,0.7439461883408072,0.7198443579766537,40,0,8.075097631479379,0,24.493500000000495
20,1,1,727,120,3735,2723,0.7290495314591701,0.7141009055627425,1012,9.435652173913043,7151.118775444582,13549.664566872034,13626.137083034,15282,0.7170596393897365,0.7308031774051191,0.7352941176470589,40,0,8.075306333995147,0,25.484208000000763
20,1,1,728,120,3684,2726,0.739956568946797,0.7115135834411385,958,9.764782608695654,7133.866483905993,13039.774033985557,13101.248585601097,14340,0.7295081967213115,0.7441441441441441,0.7377049180327869,40,0,8.033431954331283,0,24.51141700000062
20,1,1,729,120,3770,2737,0.7259946949602122,0.716514954486346,1033,9.27,7418.531424429674,13902.394900366275,13971.097369492263,15348,0.748221906116643,0.7251082251082251,0.7080581241743725,40,0,7.950723860973021,0,24.15479200000027
20,1,1,730,120,3778,2745,0.7265749073583907,0.7010178117048346,1033,9.353043478260869,7053.049916838498,13511.30563120281,13586.911413913878,15504,0.7496706192358367,0.7221231043710973,0.7168597168597168,40,0,8.03364147134551,0,25.00745899999947
20,2,2,701,120,3663,3657,0.9983619983619983,0.9934980494148244,6,0.06217391304347826,10.409111624501557,7.136362408910004,23.29207272290144,71,0.9985815602836879,0.9982062780269059,0.9986263736263736,39.99685444049069,0.008505202106923885,10.897303662800923,1,14.291334000000461
20,2,2,702,120,3782,3779,0.9992067689053411,0.99625,3,0.0021739130434782626,10.42919403065112,10.024176230438371,30.537683784274122,35,0.9987908101571947,0.9990875912408759,1,39.98334756184519,0.06701931202267455,11.277326916043064,1,16.85016700000051
20,2,2,703,120,3821,3821,1,1.001269035532995,0,0.01608695652173913,10.090117834843342,9.40613853263909,29.198687183377235,0,1,1,1,39.9989305601768,0.005239163754887081,11.192736994300965,1,15.405499999999847
20,2,2,704,120,3695,3693,0.9994587280108255,1,2,0.05565217391304348,10.79289984727974,10.371693183622385,30.635213006126833,13,1,1,0.9972027972027973,40,0,10.686670179803777,1,16.408374999999978
20,2,2,705,120,3790,3790,1,1.0025839793281655,0,-0.00826086956521739,13.010788455505073,11.588575275686754,33.402954013546456,0,1,1,1,39.99773553818388,0.007671902017801299,11.02418783509267,1,15.437249999999949
20,2,2,706,120,3701,3699,0.9994596055120237,1.002677376171352,2,0.03956521739130435,10.20387266769909,9.609005255701637,27.69567160737036,15,0.998641304347826,0.9995569339831635,1,39.98517295438318,0.06737556997971748,10.645422202018358,1,16.393957999999657
20,2,2,707,120,3667,3667,1,1.0013831258644537,0,-0.03260869565217391,10.778223959989749,8.640871744038188,27.34752108613854,0,1,1,1,40,0,10.34999019124273,1,16.267499999999927
20,2,2,708,120,3697,3696,0.999729510413849,1,1,0.012173913043478264,11.120347760054363,13.169721486971776,35.48331721985809,5,1,0.9995481247175779,1,39.96946457453606,0.09200068618171726,11.317528614612364,1,14.859375
20,2,2,709,120,3715,3713,0.9994616419919247,0.9986842105263158,2,0.06260869565217392,10.129765243044293,7.871953740012667,24.95863219725076,15,1,0.9990958408679927,1,39.9989305936003,0.005239000013889187,10.97917447788896,1,15.985332999999628
20,2,2,710,120,3784,3781,0.9992071881606766,1.0026525198938991,3,-0.040869565217391296,11.994009000708983,11.524741727726564,32.11923684024017,32,1,0.9986893840104849,1,39.998868022150766,0.00554553626148762,10.605425256072358,1,15.744499999999789
20,2,2,711,120,3752,3751,0.9997334754797441,1.002721088435374,1,-0.0817391304347826,9.661050293754878,10.184623067168761,29.843546339458953,7,1,0.9995523724261415,1,39.998930438513035,0.005239759783204902,10.684371252324178,1,17.28137499999957
20,2,2,712,120,3690,3686,0.9989159891598915,1,4,0.06086956521739131,11.258031173294215,11.25712914442572,29.22648039698773,33,0.998661311914324,0.9986486486486487,1,39.99786128378197,0.007259460588727589,10.476874992973583,1,14.765584000000672
20,2,2,713,120,3809,3806,0.9992123917038592,0.9987096774193548,3,0.019130434782608695,11.044992015198536,14.222808022578842,34.22120860833638,24,0.9986338797814208,0.9991364421416234,1,39.932700476150174,0.14888068185658818,11.02376901430486,1,17.07379200000014
20,2,2,714,120,3832,3831,0.9997390396659708,1,1,-0.03608695652173913,10.81035160410444,9.432591310763312,27.631191951947585,13,1,1,0.9986859395532195,39.99672899736796,0.011783964809453576,10.896675344801475,1,15.252999999999702
20,2,2,715,120,3650,3646,0.9989041095890411,0.9972451790633609,4,0.13565217391304346,11.187341045628344,15.138246589636545,36.08615640214551,25,0.9985815602836879,0.9986219568213137,1,39.99893050257965,0.005239445922180405,10.267075303291726,0,16.13483300000007
20,2,2,716,120,3781,3778,0.9992065591113463,0.9974522292993631,3,0.03869565217391304,9.384172007768294,8.868635060695695,26.561609443520258,25,1,0.9991166077738516,0.9986737400530504,39.99899339286578,0.004931347700578301,11.232941965041176,1,15.378458000000137
20,2,2,717,120,3743,3741,0.9994656692492653,1,2,0.004782608695652173,9.526109469176372,8.56179994000873,25.677777100135852,21,0.9986996098829649,1,0.9985855728429985,39.99786116580729,0.007259918180689514,11.191275197993024,1,16.38104099999964
20,2,2,718,120,3744,3743,0.999732905982906,0.9986945169712794,1,-0.04956521739130434,10.93125238835259,12.182720707266641,32.79719831185745,1,1,0.9995575221238938,1,39.98617921294639,0.06770775225000812,10.897512525404537,1,15.181125000000065
20,2,2,719,120,3805,3795,0.9973718791064389,0.9935649935649936,10,0.11304347826086956,11.463877773607157,9.007134473380038,29.00247789739903,45,0.9987437185929648,0.997310623038996,0.9961439588688946,40,0,10.898981136027237,0,16.657624999999825
20,2,2,720,120,3799,3797,0.9994735456699131,0.9987714987714987,2,-0.0634782608695652,10.342897643417144,11.952465213678712,33.4175713941313,31,1,0.9991111111111111,1,39.997923694262525,0.007037913692626489,11.653789479361029,1,14.934707999999773
20,2,2,721,120,3764,3762,0.9994686503719448,0.998745294855709,2,-0.036956521739130443,9.766854325483521,11.99177048171356,33.95320690878513,13,1,0.9995503597122302,0.9987212276214834,39.98517260704187,0.067080110375577,11.277115955468865,1,16.165208999999777
20,2,2,722,120,3731,3728,0.9991959260251944,0.9974293059125964,3,0.07695652173913045,10.684025699574788,14.473761518937666,36.152892270214885,17,0.9986842105263158,0.9991158267020336,1,39.99786105286467,0.007260235703135981,10.982728325434946,1,14.477625000000444
20,2,2,723,120,3726,3723,0.999194847020934,0.9973958333333334,3,-0.0773913043478261,10.365487415502448,13.025004501258918,33.72235215049174,37,1,0.9991103202846975,0.9986772486772487,39.9851728351788,0.06707933189994683,10.81480804928537,1,15.715583000000152
20,2,2,724,120,3663,3661,0.9994539994539995,1.0025940337224384,2,-0.01913043478260869,10.183148698580231,12.217393106769784,33.07354911939486,12,1,0.9995471014492754,0.9986091794158554,39.97065952877329,0.09588530429853605,10.816273467623716,1,15.70129100000031
20,2,2,725,120,3804,3803,0.9997371188222923,1,1,0.02217391304347826,13.824815212962571,16.69207614013515,37.426372865850375,7,0.9987373737373737,1,1,39.955518219594616,0.11692952050699636,11.36065868992821,1,15.612041999999747
20,2,2,726,120,3753,3752,0.9997335464961364,0.9986824769433466,1,0.02695652173913043,12.225287717031243,13.427239770862778,32.152692462901236,8,1,0.9995515695067264,1,39.9691508446288,0.09652507024308188,10.771681034347312,1,16.419874999999593
20,2,2,727,120,3735,3732,0.9991967871485944,0.9974126778783958,3,0.08130434782608696,11.301397618757031,12.49103000141336,30.0269794070385,21,1,0.999117387466902,0.9986631016042781,39.98536118720059,0.0667515420897702,10.981682502400078,1,14.75708300000042
20,2,2,728,120,3684,3683,0.999728555917481,1.001293661060802,1,-0.003043478260869565,9.242987630953648,12.784926259769412,34.447589948719724,26,1,1,0.9986338797814208,39.98209010990914,0.06731112460910167,10.982309372559852,1,15.853917000000365
20,2,2,729,120,3770,3767,0.9992042440318303,1,3,-0.009565217391304344,10.299189540601665,11.056663408703454,28.94347713805716,13,0.9985775248933144,0.9991341991341991,1,39.970095000105616,0.09737318669191189,10.856893705206383,1,15.453708000000006
20,2,2,730,120,3778,3778,1,1.0038167938931297,0,0.0017391304347826088,12.3073167700421,11.668886129611705,34.68370105983134,0,1,1,1,40,0,11.192737643165072,1,27.02179100000012
20,3,3,701,120,3663,3663,1,1,0,0.017826086956521735,1.5991278616973044,1.3624230056058986,9.040538560345036,0,1,1,1,39.9713523991556,0.12930607466962638,10.939812631645998,1,12.101290999999947
20,3,3,702,120,3782,3782,1,1,0,-0.02826086956521739,1.8159757960334328,2.0226703102787815,12.386663547910151,0,1,1,1,39.9863050086502,0.06709148167770199,11.319411231059464,1,14.305250000000342
20,3,3,703,120,3821,3821,1,1.001269035532995,0,0.002173913043478259,1.8811611520439626,1.5888365653085252,8.945096615489396,0,1,1,1,39.99779835975138,0.007462370599888228,11.192737718378163,1,12.654875000000175
20,3,3,704,120,3695,3693,0.9994587280108255,1,2,0.04826086956521739,1.8973546120686167,2.1787979306581473,11.325168596826794,13,1,1,0.9972027972027973,40,0,10.68667091655553,1,12.140167000000474
20,3,3,705,120,3790,3790,1,1.0025839793281655,0,0.014347826086956521,1.9502936360254788,1.9968117690921026,9.763566453426089,0,1,1,1,39.98511039528483,0.06768082042696404,11.024188040450078,1,14.765290999999706
20,3,3,706,120,3701,3699,0.9994596055120237,1.001338688085676,2,0.014347826086956521,1.7276578192808782,1.6343998645066375,9.6644104540228,15,0.998641304347826,0.9995569339831635,1,39.985235300797115,0.06736594188582021,10.60375704485686,1,11.839167000000089
20,3,3,707,120,3667,3667,1,1.0013831258644537,0,-0.006086956521739134,1.81146672351194,1.47220217208697,9.884729770728276,0,1,1,1,39.99893055461607,0.005239190996826743,10.391450666714322,1,14.671624999999949
20,3,3,708,120,3697,3696,0.999729510413849,1,1,0.013913043478260872,1.9636744819546532,2.4155023720550473,12.27550612930069,5,1,0.9995481247175779,1,39.95790858882747,0.11057880287166148,11.23461406372845,1,12.645416000000296
20,3,3,709,120,3715,3713,0.9994616419919247,0.9986842105263158,2,0.06043478260869565,1.950328879953076,1.4174849262916758,9.355033651600934,15,1,0.9990958408679927,1,39.98517308962782,0.06737355599539609,10.979175250642378,1,15.903583999999682
20,3,3,710,120,3784,3783,0.9997357293868921,1.0026525198938991,1,-0.03826086956521739,2.156759054670163,2.169712836756021,11.54038506052954,19,1,0.999563128003495,1,39.98422965974352,0.06672172077428366,10.77125702477214,1,13.011707999999999
20,3,3,711,120,3752,3751,0.9997334754797441,1.0013605442176872,1,-0.05173913043478261,1.6047690792548552,1.8559559604901827,11.105992822276676,7,1,0.9995523724261415,1,39.99886760983412,0.005547556192288136,10.642702241355837,1,14.720832999999402
20,3,3,712,120,3690,3687,0.9991869918699187,1,3,0.03608695652173913,1.9476154983833027,1.7054389752060675,9.13152982324209,16,1,0.9986486486486487,1,39.99773578985252,0.007671049374898205,10.435415919694508,1,12.073875000000044
20,3,3,713,120,3809,3808,0.9997374639012864,1.001290322580645,1,0.01565217391304348,1.549789152951064,1.7040908988294983,9.196193850146605,9,1,0.9995682210708118,1,39.93081571451385,0.13772425544447944,11.06564588265464,1,12.35962500000096
20,3,3,714,120,3832,3831,0.9997390396659708,0.9986859395532195,1,-0.00782608695652174,1.7245719114179003,1.5820487548565851,8.98594217546391,13,1,1,0.9986859395532195,39.96845819869919,0.09599409164160547,10.855008048695707,1,14.200749999999971
20,3,3,715,120,3650,3647,0.9991780821917808,0.9986225895316805,3,0.056956521739130433,1.865361472010366,2.148159188756685,8.982895727792615,25,0.9985815602836879,0.9990813045475425,1,39.959733590328824,0.14341255219864374,10.267285624962048,1,11.90954099999908
20,3,3,716,120,3781,3779,0.9994710394075641,0.9987261146496815,2,0.016956521739130436,1.6519066994833587,1.456760393670089,9.057304961257918,14,1,0.9995583038869258,0.9986737400530504,39.997861382822755,0.007259133168577326,11.233153336825637,1,14.099874999999884
20,3,3,717,120,3743,3743,1,1.0012787723785166,0,-0.011304347826086957,1.648859535282925,1.5712542118237802,9.878805811033393,0,1,1,1,39.99773586348994,0.00768365114616858,11.191481861946007,1,11.980708999999479
20,3,3,718,120,3744,3743,0.999732905982906,0.9986945169712794,1,-0.07260869565217391,1.928943616912953,2.133480859695351,11.15245534231508,1,1,0.9995575221238938,1,39.973679212946394,0.12894499581958854,10.980429479226565,1,14.026874999999563
20,3,3,719,120,3805,3799,0.9984231274638633,0.9961389961389961,6,0.0391304347826087,2.079629988859994,1.6204312238738843,10.047390819049724,25,0.9987437185929648,0.9986553115194979,0.9974293059125964,40,0,10.940856021421615,1,12.402000000000044
20,3,3,720,120,3799,3799,1,1.0012285012285012,0,-0.030434782608695653,1.5809082830136958,1.600059168458687,10.49090696448396,0,1,1,1,39.98429184796884,0.06671222622568286,11.654207163020097,1,13.964916999999332
20,3,3,721,120,3764,3762,0.9994686503719448,0.998745294855709,2,0.007826086956521735,1.7379860565351974,2.057255631093773,11.45595449254021,13,1,0.9995503597122302,0.9987212276214834,39.9327196533073,0.22528519027154426,11.318573411930123,1,12.151542000001427
20,3,3,722,120,3731,3729,0.9994639506834628,0.9987146529562982,2,0.03,1.7762923767454408,1.9140687596937125,10.302340172236958,7,1,0.9991158267020336,1,39.986179767940065,0.06770503334738254,11.10731089650183,1,13.933541999998852
20,3,3,723,120,3726,3725,0.9997316156736447,1,1,-0.06130434782608696,1.8455731557029387,2.3063777463698805,11.865876092818931,3,1,1,0.9986772486772487,39.99672865221927,0.008845035647304725,10.773772430285527,1,12.532666999999492
20,3,3,724,120,3663,3661,0.9994539994539995,1,2,-0.0191304347826087,1.9117159017015835,1.878839237999044,9.463113750873466,12,1,0.9995471014492754,0.9986091794158554,39.968332457753114,0.09566933789901048,10.940226594474709,1,12.047082999999475
20,3,3,725,120,3804,3803,0.9997371188222923,0.9987484355444305,1,0.06521739130434784,2.2766002208500984,2.887309591518104,11.994728211349562,7,0.9987373737373737,1,1,39.90495343782089,0.22320734829768935,11.318988544167853,1,14.086459000000104
20,3,3,726,120,3753,3752,0.9997335464961364,0.9986824769433466,1,0.011304347826086955,1.9709366011524112,2.23797643158479,10.24774378735583,8,1,0.9995515695067264,1,39.96908806798631,0.09672720742890888,10.771678980773244,1,12.183208000000377
20,3,3,727,120,3735,3733,0.9994645247657296,0.9987063389391979,2,0.028695652173913042,1.7468722378888841,1.896337480484617,9.822153020820528,9,1,0.999117387466902,1,39.984291518010764,0.06711527597038158,11.06480977858475,1,13.974709000000075
20,3,3,728,120,3684,3684,1,1,0,-0.011304347826086957,1.565024875289554,2.1790762475119654,11.14557221194597,0,1,1,1,39.99572230600352,0.012367331935675003,10.940643612000684,1,11.826624999999694
20,3,3,729,120,3770,3767,0.9992042440318303,1,3,0.01652173913043478,1.8088555783270912,1.7242298457125012,8.616850699326582,13,0.9985775248933144,0.9991341991341991,1,39.9167610876658,0.2332073511883551,10.939807627343521,1,14.493499999998676
20,3,3,730,120,3778,3778,1,1.0025445292620865,0,-0.024782608695652176,2.067211597957594,2.111230568363357,11.377708576376184,0,1,1,1,39.99786134506822,0.0072456735909588186,11.233984849267001,1,12.415666999999303
20,4,4,701,120,3663,3663,1,1,0,0.025217391304347823,0.5318057287078379,0.505782304052676,3.363988623134901,0,1,1,1,39.9713523991556,0.12930607466962638,10.939811086139171,1,11.397666999999274
20,4,4,702,120,3782,3782,1,1,0,-0.02434782608695652,0.5927416091448999,0.6701579095881698,4.939326155609099,0,1,1,1,39.9863050086502,0.06709148167770199,11.36087019702589,1,11.638582999999926
20,4,4,703,120,3821,3821,1,1.001269035532995,0,0.004347826086956522,0.6189532600947152,0.5023091392733998,3.7717157541007205,0,1,1,1,39.99786114821636,0.0072463404726603306,11.234195090161547,1,11.862208000000464
20,4,4,704,120,3695,3693,0.9994587280108255,1,2,0.041304347826086954,0.6236031025503429,0.7531691493244541,4.687423250092252,13,1,1,0.9972027972027973,40,0,10.686669455726573,1,13.156208000000333
20,4,4,705,120,3790,3790,1,1.0025839793281655,0,0.013043478260869565,0.6646892738280771,0.672265327134295,3.7658072302383516,0,1,1,1,39.985172705494904,0.06767116083372036,11.06564635434262,1,11.78479200000038
20,4,4,706,120,3701,3699,0.9994596055120237,1,2,0.014347826086956521,0.5688276619535043,0.577539129481332,3.867019634973682,15,0.998641304347826,0.9995569339831635,1,39.985298295684764,0.06705816165197681,10.603547061898036,1,13.600291000000652
20,4,4,707,120,3667,3667,1,1.0013831258644537,0,-0.006521739130434782,0.6653171071818547,0.5724733604841362,4.505893088029855,0,1,1,1,39.99893055461607,0.005239190996826743,10.432906082276064,1,11.297749999999724
20,4,4,708,120,3697,3696,0.999729510413849,1,1,0.022608695652173914,0.6497779073976222,0.8236500157166725,6.17048791353227,5,1,0.9995481247175779,1,39.957970990058186,0.11041034220243473,11.234615283198337,1,11.275084000000788
20,4,4,709,120,3715,3713,0.9994616419919247,0.9986842105263158,2,0.054347826086956534,0.6869960583999208,0.534308489774784,4.036563813663936,15,1,0.9990958408679927,1,39.972610329346566,0.12882101894021894,11.062090248242763,1,11.252375000000029
20,4,4,710,120,3784,3784,1,1,0,-0.04695652173913043,0.718418726440471,0.7293657777732125,4.2717003182682065,0,1,1,1,39.9841668966819,0.0667306554753126,10.68792546493782,1,11.693750000000364
20,4,4,711,120,3752,3751,0.9997334754797441,1.0013605442176872,1,-0.034782608695652174,0.5494218995800468,0.6165765792503882,4.784645472315181,7,1,0.9995523724261415,1,39.99786073188965,0.007261346503972971,10.601244990251987,1,13.75720899999942
20,4,4,712,120,3690,3687,0.9991869918699187,1,3,0.03739130434782609,0.643750738831829,0.5305566285749532,3.5902010278705347,16,1,0.9986486486486487,1,39.99773578985252,0.007671049374898205,10.435415799014974,1,11.534374999999272
20,4,4,713,120,3809,3808,0.9997374639012864,1.001290322580645,1,0.009130434782608688,0.46211585297701735,0.4810538394465616,3.2846454723151814,9,1,0.9995682210708118,1,39.94331575071771,0.12644317040710135,11.024188305513851,1,21.022375000000466
20,4,4,714,120,3832,3831,0.9997390396659708,0.9986859395532195,1,-0.00782608695652174,0.5638201941962264,0.5203157295305382,3.2260280332548064,13,1,1,0.9986859395532195,39.9684577820515,0.09599418126490145,10.855008048695707,1,17.694916000000376
20,4,4,715,120,3650,3648,0.9994520547945206,1,2,0.02391304347826087,0.5919338152674868,0.6293641954336746,3.9136356548278854,19,0.9985815602836879,0.9995406522737712,1,39.934733590328825,0.22550065492615404,10.308950407410391,1,20.823749999999563
20,4,4,716,120,3781,3779,0.9994710394075641,0.9987261146496815,2,0.027391304347826086,0.5032432159758554,0.45106526428496496,3.0574430252393845,14,1,0.9995583038869258,0.9986737400530504,39.997861382822755,0.007259133168577326,11.233153336825632,1,11.484875000000102
20,4,4,717,120,3743,3743,1,1.0012787723785166,0,-0.017391304347826087,0.5794544318326921,0.5777116788230697,4.238014016628161,0,1,1,1,39.98523586348994,0.06706746224913934,11.15002346337559,1,11.493291999999201
20,4,4,718,120,3744,3743,0.999732905982906,0.9986945169712794,1,-0.06695652173913043,0.6876348076822285,0.7896163744600759,5.345134945225557,1,1,0.9995575221238938,1,39.973679212946394,0.12894499581958854,10.938970923974956,1,13.457666999998764
20,4,4,719,120,3805,3801,0.9989487516425756,0.9987129987129987,4,0.019130434782608695,0.6270544612020243,0.5057842361484759,3.6050490874337506,16,1,0.9991035410129987,0.9974293059125964,40,0,10.941274334519784,1,11.966042000000016
20,4,4,720,120,3799,3799,1,1.0012285012285012,0,-0.02,0.5233818839124575,0.562329472798177,4.453215044497786,0,1,1,1,39.983285135912126,0.06664714638628468,11.654207042340564,1,13.917708000000857
20,4,4,721,120,3764,3762,0.9994686503719448,0.998745294855709,2,0.020869565217391306,0.6033291558889279,0.667277678093319,4.253836682698723,13,1,0.9995503597122302,0.9987212276214834,39.92015689024568,0.2780697705590824,11.318573532609657,1,12.447833000000173
20,4,4,722,120,3731,3729,0.9994639506834628,0.9987146529562982,2,0.03391304347826087,0.5756579510510846,0.5165591624699162,3.9105892071568937,7,1,0.9991158267020336,1,39.986179767940065,0.06770503334738254,11.107311548575709,1,38.80279100000007
20,4,4,723,120,3726,3725,0.9997316156736447,1,1,-0.05,0.6284544863919721,0.7754366515150272,6.5118016118916175,3,1,1,0.9986772486772487,39.99685428016367,0.008505639103918628,10.856686896491567,1,16.38133299999936
20,4,4,724,120,3663,3661,0.9994539994539995,1,2,-0.02782608695652174,0.6901796379147837,0.5730471179882447,3.936433207752392,12,1,0.9995471014492754,0.9986091794158554,39.968332457753114,0.09566933789901048,10.981684292295034,1,12.842625000001135
20,4,4,725,120,3804,3803,0.9997371188222923,0.9987484355444305,1,0.046086956521739136,0.6767635569402566,0.6536931520162476,4.367978805648211,7,0.9987373737373737,1,1,39.90489067475927,0.2233645223077784,11.277533043928237,1,16.289416000001438
20,4,4,726,120,3753,3752,0.9997335464961364,0.9986824769433466,1,0.018260869565217393,0.6586215873475522,0.6986493703436262,3.7121545801989364,8,1,0.9995515695067264,1,39.96915093286908,0.09673023123088668,10.730221524311986,1,14.424791999999798
20,4,4,727,120,3735,3733,0.9994645247657296,0.9987063389391979,2,0.029130434782608697,0.5743346183001565,0.5822717747504014,3.9324738969047153,9,1,0.999117387466902,1,39.9842289505713,0.06741911882415591,11.023349508470567,1,12.092749999999796
20,4,4,728,120,3684,3684,1,1,0,-0.00391304347826087,0.5067286574821857,0.6619037001609924,4.809392238253774,0,1,1,1,39.995785007457926,0.01224946913421645,10.94064340664328,1,12.32695799999965
20,4,4,729,120,3770,3767,0.9992042440318303,1,3,0.013478260869565214,0.6451609105155985,0.6744836070952431,4.451312138981848,13,0.9985775248933144,0.9991341991341991,1,39.9167610876658,0.2332073511883551,10.939806975269642,1,26.267040999999153
20,4,4,730,120,3778,3778,1,1.0025445292620865,0,-0.023043478260869565,0.6515166683900748,0.6706717108771386,4.6080800992728355,0,1,1,1,39.99786134506822,0.0072456735909588186,11.316900052224794,1,14.218333999999231
20,6,6,701,120,3663,3663,1,1,0,0.02565217391304348,0.2441008556136235,0.34101114298181573,2.0416666666666665,0,1,1,1,39.9713523991556,0.12930607466962638,10.939810965459635,1,34.638167000000976
20,6,6,702,120,3782,3782,1,1,0,-0.03,0.2585731284294832,0.2647893641694463,1.875,0,1,1,1,39.9863050086502,0.06709148167770199,11.360870317705421,1,16.494915999999648
20,6,6,703,120,3821,3821,1,1.001269035532995,0,0.004347826086956522,0.3244782756701246,0.2582832080395087,1.7410604642988499,0,1,1,1,39.99786114821636,0.0072463404726603306,11.234195090161547,1,16.659874999999374
20,6,6,704,120,3695,3693,0.9994587280108255,1,2,0.033478260869565214,0.2937212853666538,0.3296402436983316,2.51388888888899,13,1,1,0.9972027972027973,40,0,10.64521199926532,1,11.74579200000153
20,6,6,705,120,3790,3790,1,1.0025839793281655,0,0.014347826086956521,0.3072927683680522,0.22867493215187668,1.4493937976321831,0,1,1,1,39.986179580659005,0.06770595083344041,10.98273120006104,1,14.100124999999025
20,6,6,706,120,3701,3699,0.9994596055120237,1,2,0.014347826086956521,0.2955298255390339,0.3377956269522567,2.3333333333333335,15,0.998641304347826,0.9995569339831635,1,39.985298295684764,0.06705816165197681,10.603547061898036,1,13.64049999999952
20,6,6,707,120,3667,3667,1,1.0013831258644537,0,-0.013043478260869565,0.33635807015492286,0.30435960418442604,1.5515653730423462,0,1,1,1,39.99893055461607,0.005239190996826743,10.391449483246094,1,11.434708999999202
20,6,6,708,120,3697,3696,0.999729510413849,1,1,0.022608695652173914,0.3123507667246431,0.39870970104389436,4.051565373042346,5,1,0.9995481247175779,1,39.957970990058186,0.11041034220243473,11.234615283198337,1,13.835957999999664
20,6,6,709,120,3715,3713,0.9994616419919247,0.9986842105263158,2,0.05652173913043477,0.33764762518375996,0.3309804721961001,1.2589240998683333,15,1,0.9990958408679927,1,39.972610329346566,0.12882101894021894,11.020632465744567,1,11.260000000000218
20,6,6,710,120,3784,3784,1,1,0,-0.03739130434782609,0.3404300936324227,0.38376174194897145,2.4166666666666665,0,1,1,1,39.984104068002985,0.06674101708952705,10.64646752575843,1,14.3700000000008
20,6,6,711,120,3752,3751,0.9997334754797441,1.0013605442176872,1,-0.026521739130434784,0.30423562910292523,0.3162845803575712,2.199393797632183,7,1,0.9995523724261415,1,39.997797968828024,0.007463693240619722,10.60124478489458,1,11.492500000000291
20,6,6,712,120,3690,3687,0.9991869918699187,1,3,0.03869565217391304,0.2869333336751569,0.2806669868021088,1.75,16,1,0.9986486486486487,1,39.99773578985252,0.007671049374898205,10.393957931838907,1,10.99870799999917
20,6,6,713,120,3809,3808,0.9997374639012864,1.001290322580645,1,0.009130434782608688,0.23945154709442054,0.21179942452258307,0.875,9,1,0.9995682210708118,1,39.94331575071771,0.12644317040710135,11.024188305513851,1,15.962790999999925
20,6,6,714,120,3832,3831,0.9997390396659708,0.9986859395532195,1,-0.00782608695652174,0.30052369062427525,0.30629664624102587,1.352171575410163,13,1,1,0.9986859395532195,39.9684577820515,0.09599418126490145,10.855008048695707,1,11.824124999999185
20,6,6,715,120,3650,3649,0.9997260273972602,1.0013774104683195,1,0.013913043478260875,0.2866990475935539,0.3296652911508549,2.2916666666666665,11,1,0.9995406522737712,1,39.934733590328825,0.22550065492615404,10.30915951030315,1,12.944959000000381
20,6,6,716,120,3781,3779,0.9994710394075641,0.9987261146496815,2,0.02826086956521739,0.22833468923205735,0.20353431414075518,0.5972222222223232,14,1,0.9995583038869258,0.9986737400530504,39.997861382822755,0.007259133168577326,11.191695759684842,1,12.021458000001076
20,6,6,717,120,3743,3743,1,1.0012787723785166,0,-0.017391304347826087,0.30042687350847525,0.3322078984374306,0.9166666666666666,0,1,1,1,39.98523586348994,0.06706746224913934,11.15002346337559,1,13.57300000000032
20,6,6,718,120,3744,3743,0.999732905982906,0.9986945169712794,1,-0.06130434782608696,0.33665297365342195,0.3734806625608483,2.0049493531878397,1,1,0.9995575221238938,1,39.97267250800109,0.12882482765417275,10.980428175078805,1,11.662500000000364
20,6,6,719,120,3805,3801,0.9989487516425756,0.9987129987129987,4,0.019130434782608695,0.2738872136996556,0.27607934143429935,1.2916666666666667,16,1,0.9991035410129987,0.9974293059125964,39.99899331799867,0.0049317144730208285,10.941274334519784,1,11.832500000000437
20,6,6,720,120,3799,3799,1,1.0012285012285012,0,-0.009565217391304347,0.2784751923442659,0.2886350539300814,2.0416666666666665,0,1,1,1,39.9832224050443,0.06665516783990905,11.65420757373491,1,13.986707999998544
20,6,6,721,120,3764,3762,0.9994686503719448,0.998745294855709,2,0.020869565217391306,0.2788461818449293,0.3379975379301315,2.051565373042346,13,1,0.9995503597122302,0.9987212276214834,39.92015689024568,0.2780697705590824,11.318573532609657,1,11.681791999999405
20,6,6,722,120,3731,3729,0.9994639506834628,0.9987146529562982,2,0.03391304347826087,0.30616500839443717,0.2712811469024098,2.2410604642988496,7,1,0.9991158267020336,1,39.986179767940065,0.06770503334738254,11.107311548575709,1,13.176666999999725
20,6,6,723,120,3726,3725,0.9997316156736447,1,1,-0.04434782608695652,0.3315230070497437,0.43303502901868757,4.083333333333333,3,1,1,0.9986772486772487,39.996917300454676,0.008335415610758673,10.898143495521536,1,11.345208000000639
20,6,6,724,120,3663,3661,0.9994539994539995,1,2,-0.02782608695652174,0.32022105405019713,0.27598631795482803,1.625,12,1,0.9995471014492754,0.9986091794158554,39.968332457753114,0.09566933789901048,10.981684292295034,1,13.087541999999303
20,6,6,725,120,3804,3803,0.9997371188222923,0.9987484355444305,1,0.03826086956521739,0.2842049674823947,0.23558897243107768,1.7916666666666667,7,0.9987373737373737,1,1,39.917202515579284,0.21674958510754777,11.318990102349233,1,11.724541999999929
20,6,6,726,120,3753,3752,0.9997335464961364,0.9986824769433466,1,0.018260869565217393,0.3064195103324346,0.20338367370566338,0.9166666666666666,8,1,0.9995515695067264,1,39.96915093286908,0.09673023123088668,10.730221524311986,1,11.543874999999389
20,6,6,727,120,3735,3733,0.9994645247657296,0.9987063389391979,2,0.029130434782608697,0.29430473938250923,0.3096153110054258,1.9583333333333333,9,1,0.999117387466902,1,39.9842289505713,0.06741911882415591,11.023349508470567,1,13.208540999999968
20,6,6,728,120,3684,3684,1,1,0,-0.00391304347826087,0.2819201743709394,0.34876315961518856,1.4682320397090127,0,1,1,1,39.995785007457926,0.01224946913421645,10.94064340664328,1,11.130083000000013
20,6,6,729,120,3770,3767,0.9992042440318303,1,3,0.013478260869565214,0.30166694279949957,0.3098017801729731,1.963282686521173,13,0.9985775248933144,0.9991341991341991,1,39.9167610876658,0.2332073511883551,10.939806975269642,1,13.410792000000583
20,6,6,730,120,3778,3778,1,1.0025445292620865,0,-0.023043478260869565,0.3113630622916279,0.36043530469060403,2.6805555555556566,0,1,1,1,39.99786134506822,0.0072456735909588186,11.316900052224794,1,11.56041600000026
22,1,1,701,120,4210,2742,0.6513064133016627,0.6167597765363129,1468,14.085652173913044,9351.517882787077,17514.81037694367,17588.799153700445,19429,0.635118306351183,0.6472404477035893,0.6801470588235294,40,0,7.868017653972932,0,29.132125000000087
22,1,1,702,120,3997,2730,0.6830122591943958,0.6658624849215923,1267,10.952173913043477,8194.284269133348,15786.448434862139,15860.767549882445,17911,0.6834804539722572,0.6882898062342039,0.6674698795180722,40,0,7.992388526148489,0,25.27679200000057
22,1,1,703,120,4073,2740,0.6727228087404862,0.6413551401869159,1333,12.404347826086957,8648.58755858877,16512.53636080021,16594.89191789475,18383,0.6954314720812182,0.6635284486287352,0.6781472684085511,40,0,7.908851040182864,0,27.67791599999873
22,1,1,704,120,4102,2728,0.6650414431984398,0.6509433962264151,1374,12.792608695652174,8844.796597332079,16167.502330332161,16253.4045085942,18536,0.6526946107784432,0.6678685897435898,0.669260700389105,40,0,8.075307273075248,0,27.79229200000009
22,1,1,705,120,4204,2734,0.6503330161750713,0.6459554513481829,1470,13.838260869565218,9685.011351509256,18099.57316044587,18178.604970159955,20107,0.6602870813397129,0.6504739336492891,0.6399521531100478,40,0,7.992184137522923,0,27.014624999999796
22,1,1,706,120,4185,2744,0.6556750298685783,0.6579261025029798,1441,11.619565217391305,9433.428319817114,17608.010711355295,17697.89415361217,19714,0.6362515413070283,0.6662721893491125,0.6424314660309892,40,0,7.992391152979806,0,28.990749999999025
22,1,1,707,120,3996,2748,0.6876876876876877,0.7217847769028871,1248,8.421304347826087,8379.253945714063,15909.535850228875,15988.539168797752,18223,0.6705729166666666,0.6941807676434173,0.684472049689441,40,0,8.07488974130606,0,28.422875000000204
22,1,1,708,120,4121,2728,0.6619752487260374,0.65906362545018,1393,12.58,8912.029168959447,16770.589414617327,16860.10708466275,18972,0.6493349455864571,0.6752411575562701,0.6339950372208437,40,0,7.9503087424797725,0,27.357874999999694
22,1,1,709,120,4131,2720,0.6584362139917695,0.6406976744186047,1411,13.627391304347826,8855.391205632883,16876.268047231486,16957.87410836758,18917,0.6709154113557358,0.6505775577557755,0.6682464454976303,40,0,8.033640691975663,0,27.278583999999682
22,1,1,710,120,4186,2739,0.6543239369326326,0.6618705035971223,1447,10.394347826086957,9187.669892292986,17692.662361738378,17785.325233416475,20128,0.655952380952381,0.6608140462889066,0.6333333333333333,40,0,7.950930724044575,0,26.41779200000019
22,1,1,711,120,4137,2716,0.6565143824027073,0.6391152502910361,1421,13.391304347826084,8725.49119332493,16702.742171761278,16797.768660000325,18840,0.6605166051660517,0.655364978061428,0.6560587515299877,40,0,7.991765569501922,0,26.91041700000096
22,1,1,712,120,4100,2748,0.6702439024390244,0.640279394644936,1352,14.09608695652174,8784.626014645746,16492.935022104426,16568.142019481038,18571,0.6552119129438717,0.6797706797706797,0.6573248407643312,40,0,7.991971835729379,0,26.232500000000073
22,1,1,713,120,4238,2751,0.6491269466729589,0.6279863481228669,1487,13.999565217391304,9110.506493589188,17189.696115731233,17259.410097758908,19034,0.6272401433691757,0.6612712198973549,0.6347926267281107,40,0,7.909473016759474,0,27.04566700000032
22,1,1,714,120,4168,2734,0.6559500959692899,0.6658624849215923,1434,11.375217391304348,9396.041413270732,17678.9428794992,17760.63977701012,19776,0.6434378629500581,0.6536447845348369,0.6759708737864077,40,0,7.9509316060697754,0,34.95249999999942
22,1,1,715,120,4125,2727,0.6610909090909091,0.6489988221436984,1398,13.29869565217391,8849.058343301886,16767.58961732343,16853.37876753918,18804,0.6691635455680399,0.6531932093775262,0.6764705882352942,40,0,7.950725953577809,0,26.31904200000099
22,1,1,716,120,4091,2741,0.670007333170374,0.6251415628539071,1350,14.354347826086956,8356.621667375974,15909.059949655539,15987.019622559199,17680,0.6662468513853904,0.6748066748066748,0.6595238095238095,40,0,7.909475046251242,0,26.757583999999042
22,1,1,717,120,4145,2749,0.6632086851628468,0.6414435389988359,1396,13.080434782608696,8797.362833901572,16842.00287879994,16919.285567017836,18993,0.6622436670687576,0.6636146496815286,0.6629353233830846,40,0,7.992181889306867,0,27.92620899999929
22,1,1,718,120,4126,2747,0.6657779932137664,0.6567342073897497,1379,11.890434782608695,8989.397470646138,16876.725402802924,16952.494636666677,18868,0.6810035842293907,0.6533767290480065,0.6871239470517448,40,0,7.909268278392265,0,26.384374999999636
22,1,1,719,120,4118,2748,0.6673142302088393,0.6369942196531792,1370,13.767391304347827,8491.438641839557,16077.158567625174,16153.345620398426,18109,0.6581508515815085,0.6658576051779935,0.6808252427184466,40,0,7.992179615065541,0,27.433917000000292
22,1,1,720,120,4140,2740,0.6618357487922706,0.6242905788876277,1400,14.164347826086956,8817.900824950138,16742.567791321533,16812.516745047174,18378,0.62625,0.6704225352112676,0.6701754385964912,40,0,7.950514813884522,0,26.84795799999847
22,1,1,721,120,4110,2743,0.667396593673966,0.6752450980392157,1367,10.762608695652174,8926.991083693547,16676.578824471562,16749.199373013453,18528,0.6745341614906832,0.6689351481184947,0.6555142503097894,40,0,7.9921819613101865,0,28.64087499999914
22,1,1,722,120,4172,2755,0.6603547459252157,0.6563614744351962,1417,13.512608695652174,8740.933124984836,16990.71918506278,17073.11810839911,19160,0.6480446927374302,0.6606778276847693,0.6727053140096618,40,0,7.992389319396832,0,29.1010839999999
22,1,1,723,120,4125,2738,0.6637575757575758,0.631578947368421,1387,13.183478260869565,8662.956425385477,16709.437720089456,16783.72712665013,18603,0.6622864651773982,0.6726475279106858,0.639018691588785,40,0,7.950932346031306,0,26.773417000000336
22,1,1,724,120,4117,2727,0.6623755161525382,0.6257110352673493,1390,14.108695652173912,8467.335668754225,16484.208848349197,16561.277732016908,18588,0.6568986568986569,0.6676056338028169,0.6519065190651907,40,0,7.909058493662801,0,27.088957999998456
22,1,1,725,120,4109,2729,0.6641518617668533,0.6715328467153284,1380,10.97391304347826,9136.607579337675,17298.217772772437,17377.149042057605,19172,0.6626360338573156,0.673469387755102,0.6382211538461539,40,0,8.075305432364226,0,27.207499999998618
22,1,1,726,120,4121,2751,0.6675564183450619,0.6456140350877193,1370,12.668260869565218,9375.407354810844,17418.54195875096,17486.815157303947,19124,0.6461352657004831,0.6775889967637541,0.658952496954933,40,0,8.033848011904631,0,26.444374999999127
22,1,1,727,120,4181,2747,0.6570198517101172,0.6392111368909513,1434,13.962173913043479,9431.94744598679,17520.126362369247,17591.202165977422,19382,0.6521212121212121,0.6633545310015898,0.6428571428571429,40,0,8.075098583926362,0,28.549000000000888
22,1,1,728,120,3986,2730,0.6848971399899649,0.6836228287841191,1256,10.806086956521739,8350.626226666505,15961.010771281013,16027.687325217988,17493,0.6695979899497487,0.6871601840234212,0.6933667083854819,40,0,7.950725638571016,0,25.60504199999923
22,1,1,729,120,4075,2742,0.672883435582822,0.6426076833527358,1333,12.803478260869568,8247.389846930513,15876.271941058156,15957.991386499789,17748,0.6972361809045227,0.6695087291920422,0.6593137254901961,40,0,8.075305059987807,0,26.724750000001222
22,1,1,730,120,4105,2743,0.6682095006090134,0.6563245823389021,1362,12.234782608695653,8972.800469770194,16941.463115633454,17021.258422564137,18981,0.6733021077283372,0.6669435215946844,0.6666666666666666,40,0,7.95051785659956,0,27.105750000000626
22,2,2,701,120,4210,4208,0.9995249406175772,1,2,0.036956521739130443,16.629881087240847,18.599403108122456,42.696262035086875,30,1,0.9996140486298727,0.9987745098039216,39.92422722832917,0.19087359638605825,12.956127153877851,1,18.764374999998836
22,2,2,702,120,3997,3995,0.9994996247185389,1.0036188178528347,2,0.049130434782608694,15.074634642925606,16.134299536573263,40.95832519762098,39,1,1,0.9975903614457832,39.997924145884376,0.007036426682625904,11.699222168944297,1,18.315833000000566
22,2,2,703,120,4073,4072,0.999754480726737,1.0023364485981308,1,-0.13956521739130434,14.87126243015551,12.490296923784602,33.554710877318335,6,1,0.9995906672124437,1,39.88767182734865,0.23772012885319938,12.243608824077178,1,17.136834000000817
22,2,2,704,120,4102,4100,0.999512432959532,0.9976415094339622,2,0.00391304347826087,18.38647654558183,20.316426384455088,43.25811673490383,9,1,0.999198717948718,1,39.90400953266975,0.2933689054675647,12.1581858228382,1,20.005459000001792
22,2,2,705,120,4204,4202,0.9995242626070409,1,2,-0.02260869565217392,19.114097817085867,23.434356074346518,47.79540259865704,2,1,0.9996050552922591,0.9988038277511961,39.927752987078755,0.16916784247735925,12.15964881453373,1,20.195290999999997
22,2,2,706,120,4185,4183,0.9995221027479092,0.99880810488677,2,0.05217391304347826,15.999196252222408,13.323249995279305,33.61204671023794,18,1,1,0.9976162097735399,39.91493611402719,0.19617711568438373,12.03213587986279,1,18.347125000000233
22,2,2,707,120,3996,3995,0.9997497497497497,1.0013123359580052,1,-0.013478260869565217,13.932105433653069,11.163409270954503,30.417755765612128,10,0.9986979166666666,1,1,39.984166538861054,0.06732455182818772,10.938554516282364,1,18.212040999998862
22,2,2,708,120,4121,4119,0.9995146809026936,0.9987995198079231,2,-0.0017391304347826088,16.015372381109362,13.85789902322546,36.71339717895838,13,1,0.9995980707395499,0.9987593052109182,39.953568191825916,0.14108214345527997,11.865051106525291,1,19.5559170000015
22,2,2,709,120,4131,4131,1,1.0046511627906978,0,-0.06086956521739131,16.55368817983715,15.423226616665893,38.16213066983346,0,1,1,1,39.899209643793256,0.1853607507949453,12.203408086845158,1,18.113666999999623
22,2,2,710,120,4186,4179,0.9983277591973244,0.9928057553956835,7,0.07652173913043478,17.40983934056107,12.133374274484455,34.02071757604699,42,0.9952380952380953,0.9992019154030327,0.9988095238095238,39.99773549395989,0.007672051851231473,11.86421722374081,1,20.158332999999402
22,2,2,711,120,4137,4136,0.9997582789460963,1.0023282887077998,1,0.03173913043478262,16.112899232924363,17.797592441618857,44.17730116485927,1,0.998769987699877,1,1,39.90858218081924,0.179167036984626,12.2442369408182,1,21.11529200000041
22,2,2,712,120,4100,4100,1,1.0011641443538999,0,-0.0030434782608695712,15.119928092182569,18.959792252739906,41.73148249927939,0,1,1,1,39.96405550480167,0.10311741038566223,12.244027140778885,1,17.870082999999795
22,2,2,713,120,4238,4237,0.9997640396413403,1.0034129692832765,1,-0.04130434782608695,20.1639064406418,21.202348282032574,46.719880694701715,20,1,0.9996052112120016,1,39.82423769831488,0.23024743473314344,12.53883091248955,1,21.02491700000064
22,2,2,714,120,4168,4166,0.9995201535508638,1.0048250904704463,2,0.09913043478260869,17.3667826821425,16.852365556473448,38.70322234461977,19,0.9988385598141696,0.999597261377366,1,39.87221664356054,0.2830597231461981,11.782346953414,1,18.578708999999435
22,2,2,715,120,4125,4123,0.9995151515151515,1.0023557126030624,2,-0.21086956521739125,21.494597275492644,45.74506497979281,66.68338506597804,15,0.9987515605493134,1,0.9988235294117647,39.67331591260856,0.515088973637546,12.159234975098881,1,18.086374999998952
22,2,2,716,120,4091,4090,0.9997555609875336,1.001132502831257,1,0.08043478260869565,14.19159245589487,16.500839810897507,42.58515092397374,23,0.9987405541561712,1,1,39.909905772831216,0.18352701887823797,12.49779129264717,1,18.679333000000042
22,2,2,717,120,4145,4142,0.9992762364294331,0.9988358556461001,3,-0.007826086956521736,14.42651561485971,13.41859806990538,34.97209059984986,16,1,0.9988057324840764,1,39.951366946623985,0.14348435660117584,12.119236288366722,1,17.883082999998805
22,2,2,718,120,4126,4124,0.9995152690256908,0.99880810488677,2,-0.02173913043478261,14.982564351588245,10.683908560326083,31.05041369517433,20,0.998805256869773,0.999593165174939,1,39.96915063200344,0.09652361496077283,11.990681491961128,1,19.317834000001312
22,2,2,719,120,4118,4115,0.9992714910150559,1.0023121387283238,3,0.020000000000000007,14.697915625333005,17.735243077078355,40.628951175136535,47,0.9987834549878345,0.9991909385113269,1,39.96921361699931,0.09241813212228589,12.369866370974878,1,19.480790999999954
22,2,2,720,120,4140,4138,0.9995169082125603,1.0079455164585698,2,0.018260869565217396,16.56430223757045,15.996447813793983,40.56844626639364,31,0.99875,0.9995975855130784,1,39.938427191058544,0.1324193776898258,12.705916178190686,1,17.971666999999798
22,2,2,721,120,4110,4107,0.9992700729927008,0.9975490196078431,3,-0.02478260869565218,17.1449039918672,14.32580644420108,38.0167273935358,13,0.9975155279503105,0.999599679743795,1,39.97875589505301,0.06717644351940827,11.654001551698704,1,19.308250000000044
22,2,2,722,120,4172,4171,0.9997603068072867,0.9988109393579072,1,-0.01565217391304348,16.20281064139396,19.7971151240104,49.53528864913611,28,1,0.9995916700694161,1,39.971352218664975,0.09325109076763737,11.908184861123322,1,20.230249999998705
22,2,2,723,120,4125,4123,0.9995151515151515,1.0011441647597255,2,-0.06086956521739131,15.33470192237147,16.65544094168192,38.00277676131676,21,1,1,0.9976635514018691,39.99263976833589,0.013953573894301744,12.537367556993168,1,17.830042000001413
22,2,2,724,120,4117,4115,0.9995142093757591,1.0022753128555177,2,0.0004347826086956522,15.953401848068133,18.130561981737213,46.23297934856449,63,0.9987789987789988,0.9995975855130784,1,39.91260886968686,0.19189642005825794,12.538625164289568,1,20.38812499999949
22,2,2,725,120,4109,4108,0.9997566317838891,1,1,0.05391304347826088,16.220071770802257,12.968200354999228,34.61312850906385,11,1,0.9995918367346939,1,39.99672894811191,0.00885535386547652,11.697129249559554,1,20.153250000001208
22,2,2,726,120,4121,4118,0.9992720213540403,0.9976608187134502,3,-0.06608695652173913,19.11427314876703,29.791473629573442,55.89171195770359,26,1,0.9991909385113269,0.9987819732034104,39.93641436616277,0.15847325065305032,12.035273369462326,1,20.496791000001394
22,2,2,727,120,4181,4177,0.9990432910786893,0.9965197215777262,4,-0.021739130434782608,17.310135319182905,16.351772817068245,36.69184222479392,20,1,0.9988076311605724,0.9988095238095238,39.896022128594,0.17842119506609724,12.243816099625802,1,22.022124999999505
22,2,2,728,120,3986,3986,1,1.0024813895781637,0,-0.10739130434782608,15.93356410060756,22.883284722833707,49.51298246732131,0,1,1,1,39.94295563076186,0.15776927882086098,11.652746724012713,1,17.486582999999882
22,2,2,729,120,4075,4074,0.9997546012269939,1.0023282887077998,1,-0.024782608695652176,15.414294796578742,17.20777527387479,44.287314182801914,22,1,0.9995939910678034,1,39.942893204883006,0.18173187479745614,12.20277864615378,1,19.11516699999993
22,2,2,730,120,4105,4102,0.9992691839220463,1.0023866348448687,3,-0.033478260869565214,15.918443815483014,10.834850871815624,34.53576544292415,17,1,0.9991694352159468,0.9988137603795967,39.997735750868294,0.007671181470526861,11.949637720094815,1,19.59979099999873
22,3,3,701,120,4210,4210,1,1.0011173184357542,0,-0.013478260869565214,2.4908699132212644,2.7937110875182287,13.562254314445454,0,1,1,1,39.94708823644118,0.14371550444995088,12.831962605873862,1,14.078125
22,3,3,702,120,3997,3997,1,1.0012062726176116,0,0.029130434782608697,2.1839114923555347,2.674900876669922,13.512576411086533,0,1,1,1,39.98196448939713,0.06699115205901583,11.740266724295616,1,14.13616600000023
22,3,3,703,120,4073,4072,0.999754480726737,1.0011682242990654,1,-0.06391304347826086,2.421783803352717,2.028955930985928,10.879764981708226,6,1,0.9995906672124437,1,39.83716998286542,0.37719300893445956,12.284857771083118,1,14.459749999999985
22,3,3,704,120,4102,4100,0.999512432959532,0.9976415094339622,2,-0.0013043478260869542,2.4964753051873187,2.6185484962219774,13.917287966045782,9,1,0.999198717948718,1,39.900424416264286,0.24823098741173513,11.992356492385865,1,14.369666999999026
22,3,3,705,120,4204,4202,0.9995242626070409,1,2,0.04521739130434783,2.7047716531301234,2.857079325824022,12.317219103465808,2,1,0.9996050552922591,0.9988038277511961,39.883206963862925,0.2637273082419683,12.242564923599025,1,16.40966599999956
22,3,3,706,120,4185,4184,0.9997610513739545,1,1,-0.00826086956521739,2.2292036710081047,2.036672350282226,10.632673365396537,16,1,1,0.99880810488677,39.95130437602412,0.11217269512386907,11.949428645005746,1,14.224374999999782
22,3,3,707,120,3996,3995,0.9997497497497497,1.0013123359580052,1,-0.0008695652173913044,2.2262887893419103,2.007329488707934,10.963098315040952,10,0.9986979166666666,1,1,39.97034604679137,0.0928438115067403,10.897098109935248,1,22.351667000000816
22,3,3,708,120,4121,4119,0.9995146809026936,0.9987995198079231,2,0.017391304347826084,2.3724653637994577,2.250561519403443,11.351864575780079,13,1,0.9995980707395499,0.9987593052109182,39.93146266844561,0.16324871794054818,11.823592345916275,1,18.882665999999517
22,3,3,709,120,4131,4131,1,1.0023255813953489,0,-0.06521739130434782,2.5021235278871323,2.2798814159142173,11.172406254882238,0,1,1,1,39.88432088707075,0.23236514020637256,12.244445443342352,1,14.098833000000013
22,3,3,710,120,4186,4183,0.9992833253702819,0.9976019184652278,3,0.04391304347826088,2.5132615475987494,1.8897654508050437,11.274593266124612,19,0.9976190476190476,0.9996009577015164,1,39.95904054437468,0.1422619998717064,11.947967762114066,1,15.91979100000026
22,3,3,711,120,4137,4136,0.9997582789460963,1.0011641443538999,1,0.030434782608695653,2.3799271614142508,3.015053675167224,15.541482295187356,1,0.998769987699877,1,1,39.94860031458431,0.14612773642125923,12.161113844477308,1,13.927750000000742
22,3,3,712,120,4100,4100,1,1.0011641443538999,0,-0.018260869565217396,2.1204920626365285,2.4365424004480594,11.726864575780988,0,1,1,1,39.91128869431537,0.2216955286461158,12.2025675947419,1,15.576625000001513
22,3,3,713,120,4238,4238,1,1.0045506257110353,0,-0.026086956521739132,2.6372111732210426,3.281112945695956,13.579964450199745,0,1,1,1,39.728766977230656,0.3725750521073116,12.58049930669335,1,14.422333000000435
22,3,3,714,120,4168,4167,0.9997600767754319,0.9987937273823885,1,0.04913043478260869,2.291662437378326,2.2532409952800134,10.326143203334444,11,1,0.999597261377366,1,39.85124327295936,0.34844529150550535,11.698386217456623,1,15.700999999999112
22,3,3,715,120,4125,4123,0.9995151515151515,1.0011778563015312,2,-0.029130434782608697,2.4681290710590726,3.3232187946350487,11.816075561310754,15,0.9987515605493134,1,0.9988235294117647,39.41157612496702,0.9306030343426307,12.076108169650118,1,14.053332999999839
22,3,3,716,120,4091,4091,1,1.0022650056625142,0,0.04652173913043478,2.308423860423298,2.48955516303093,13.137607282752166,0,1,1,1,39.868821566138934,0.24039014241552176,12.539456355170572,1,15.665750000000116
22,3,3,717,120,4145,4142,0.9992762364294331,0.9988358556461001,3,-0.015217391304347827,2.281812629030727,2.230816594919964,11.983870334300263,16,1,0.9988057324840764,1,39.96896277251845,0.1289459267514792,12.077779738012966,1,13.568833999999697
22,3,3,718,120,4126,4125,0.9997576345128454,1,1,-0.009130434782608702,2.257711247729382,1.6066745641734181,10.676381001562126,14,1,0.999593165174939,1,39.94087982253418,0.18113088707764646,12.073804154952429,1,15.550416000000041
22,3,3,719,120,4118,4117,0.9997571636716853,1.001156069364162,1,-0.018695652173913044,2.509642484390703,2.6703968462351764,14.161394878015926,4,1,0.9995954692556634,1,39.966886409504795,0.09250673699753567,12.286739796232625,1,13.972333000001527
22,3,3,720,120,4140,4140,1,1.0034052213393871,0,-0.016956521739130436,2.1653594075911826,1.9942763512973705,12.506683323056981,0,1,1,1,39.91323880406259,0.19570460251781818,12.539247975285086,1,15.863250000000335
22,3,3,721,120,4110,4107,0.9992700729927008,0.9975490196078431,3,0.014782608695652174,2.411670130872133,2.4887090312613487,11.667426030029068,13,0.9975155279503105,0.999599679743795,1,39.95337901710155,0.14183939845131213,11.529628771600121,1,13.985875000000306
22,3,3,722,120,4172,4172,1,1,0,-0.058695652173913045,2.390501056257117,2.9454522602080924,14.493753604842217,0,1,1,1,39.92831691919586,0.16858003935154292,11.991309600323463,1,16.80987499999901
22,3,3,723,120,4125,4124,0.9997575757575757,1,1,-0.033043478260869556,2.484621692451604,2.5581089733758136,14.089057485715784,12,1,1,0.9988317757009346,39.98949438551484,0.019601662517985976,12.45424152701215,1,14.036917000001267
22,3,3,724,120,4117,4117,1,1.0011376564277588,0,-0.035217391304347825,2.421972484007023,2.830272615752677,15.008632536072582,0,1,1,1,39.87259435202703,0.27070964407185644,12.538413189799767,1,15.744832999998835
22,3,3,725,120,4109,4108,0.9997566317838891,1,1,0.021739130434782608,2.475074520810421,2.1063096175196994,11.312100814629957,11,1,0.9995918367346939,1,39.99779835451161,0.007462402145125319,11.65567089966535,1,13.749499999999898
22,3,3,726,120,4121,4119,0.9995146809026936,0.9988304093567252,2,-0.014782608695652174,2.7867134607974893,4.0823640300323865,14.522459681629394,25,1,0.9991909385113269,1,39.87523707310972,0.25205691090346194,12.076942090395386,1,15.64020900000105
22,3,3,727,120,4181,4178,0.999282468309017,0.9976798143851509,3,0.006956521739130435,2.387705422542202,1.9438210659388226,10.893500370781416,11,1,0.9992050874403816,0.9988095238095238,39.88270362716596,0.2070178011536284,12.285484722514111,1,14.058875000000626
22,3,3,728,120,3986,3986,1,1.0024813895781637,0,-0.028695652173913042,2.470388380087251,3.8799257896284467,13.55823326026651,0,1,1,1,39.855646358629876,0.4089270226788555,11.611287552688884,1,14.989459000000352
22,3,3,729,120,4075,4075,1,1.0011641443538999,0,-0.01869565217391304,2.1263265296129523,2.7567948767320263,14.666313359539345,0,1,1,1,39.91669742703448,0.23658684473961647,12.368402231435185,1,13.546167000000423
22,3,3,730,120,4105,4103,0.9995127892813642,1.003579952267303,2,-0.010869565217391304,2.6160722463365964,1.9949758965018272,12.886586368746066,9,1,0.9991694352159468,1,39.9579089668119,0.11057850254996822,12.0327632327407,1,16.00512499999968
22,4,4,701,120,4210,4210,1,1.0011173184357542,0,-0.035652173913043476,0.7882460692517257,0.8576464080723228,6.009698899062641,0,1,1,1,39.951114756527396,0.14408852126130023,12.831961543085166,1,13.389917000000423
22,4,4,702,120,3997,3997,1,1.0012062726176116,0,0.04304347826086958,0.6166049350639156,0.7092455896393852,5.384745206560486,0,1,1,1,39.98196448939713,0.06699115205901583,11.698807601648,1,14.488750000000437
22,4,4,703,120,4073,4072,0.999754480726737,1.0011682242990654,1,-0.06391304347826086,0.7767985066647536,0.7201578890764155,5.355033651601237,6,1,0.9995906672124437,1,39.83716998286542,0.37719300893445956,12.284857771083118,1,12.789042000000336
22,4,4,704,120,4102,4100,0.999512432959532,0.9976415094339622,2,0.003478260869565219,0.7176819256423187,0.771364090502149,4.842119369219593,9,1,0.999198717948718,1,39.887672949942775,0.26592721596642127,11.992360574184893,1,14.746832999999242
22,4,4,705,120,4204,4202,0.9995242626070409,1,2,0.049130434782608694,0.789533555460249,0.9291545776428107,6.46121084535783,2,1,0.9996050552922591,0.9988038277511961,39.87070847483775,0.2691819565427339,12.24256209727154,1,13.142916999999215
22,4,4,706,120,4185,4184,0.9997610513739545,1,1,-0.021739130434782608,0.7024621439824679,0.665881502169981,5.313382420767084,16,1,1,0.99880810488677,39.910658353504715,0.1772040968738262,12.073803006612815,1,14.854624999999942
22,4,4,707,120,3996,3995,0.9997497497497497,1.0013123359580052,1,0.002173913043478261,0.7236921271659394,0.725316597492863,5.509745206560486,10,0.9986979166666666,1,1,39.97028328372975,0.0928415035580642,10.897098037931928,1,12.487916000000041
22,4,4,708,120,4121,4119,0.9995146809026936,0.9987995198079231,2,0.016956521739130436,0.7353738127366932,0.7024434578270127,4.985957611296423,13,1,0.9995980707395499,0.9987593052109182,39.93146266844561,0.16324871794054818,11.823593118669686,1,15.047167000000627
22,4,4,709,120,4131,4131,1,1.0023255813953489,0,-0.06130434782608696,0.7695231470469648,0.6919175834247058,5.73100825810828,0,1,1,1,39.88532740318432,0.23283066964939014,12.202988759634513,1,13.09179199999926
22,4,4,710,120,4186,4184,0.9995222169135213,0.9988009592326139,2,0.029130434782608697,0.7550899276916038,0.5192193945399513,3.702271309656377,14,0.9988095238095238,0.9996009577015164,1,39.95897778131306,0.14253333037964544,11.948176865006824,1,15.015124999999898
22,4,4,711,120,4137,4136,0.9997582789460963,1,1,0.027391304347826086,0.7329684215724969,1.0037989951893955,6.515653730423158,1,0.998769987699877,1,1,39.9485374859054,0.14625240918193563,12.119447164443761,1,12.96900000000096
22,4,4,712,120,4100,4100,1,1.0011641443538999,0,-0.012608695652173913,0.7003870876574272,0.8141539161196666,6.281614460476097,0,1,1,1,39.911226061258624,0.22176659862583392,12.20256824681578,1,12.807833000000755
22,4,4,713,120,4238,4238,1,1.0045506257110353,0,-0.02913043478260869,0.7246768324825074,0.976641010683039,5.321209285979118,0,1,1,1,39.728453638947755,0.3610519525982344,12.539042430302652,1,16.03266700000131
22,4,4,714,120,4168,4167,0.9997600767754319,0.9987937273823885,1,0.04913043478260869,0.7040904425391515,0.6541394067008753,4.390791794405534,11,1,0.999597261377366,1,39.85124327295936,0.34844529150550535,11.698386217456623,1,13.088958000000275
22,4,4,715,120,4125,4123,0.9995151515151515,1,2,-0.019130434782608695,0.7106883475350707,0.8454168452886247,5.087154580199543,15,0.9987515605493134,1,0.9988235294117647,39.39528131790127,0.9478217017271212,12.117356607896488,1,14.530374999998457
22,4,4,716,120,4091,4091,1,1.0022650056625142,0,0.04,0.75455787368679,0.9561223880308917,5.971094115900693,0,1,1,1,39.81888336168253,0.3454064209069864,12.62237284960157,1,12.694416999998793
22,4,4,717,120,4145,4142,0.9992762364294331,0.9988358556461001,3,-0.016086956521739127,0.7273597461595016,0.6941490754265783,4.886786176059711,16,1,0.9988057324840764,1,39.982657690438536,0.06792324609108258,11.994865489838888,1,14.954332999999679
22,4,4,718,120,4126,4125,0.9997576345128454,1,1,-0.009130434782608702,0.7948777378280676,0.49718005497211176,4.447321956468234,14,1,0.999593165174939,1,39.94087982253418,0.18113088707764646,12.073804154952429,1,13.179833000000144
22,4,4,719,120,4118,4117,0.9997571636716853,1.001156069364162,1,-0.01739130434782609,0.8207450345586638,0.8084286987514953,6.242947933983184,4,1,0.9995954692556634,1,39.95444926358707,0.14175826640892697,12.286740327626973,1,15.325291999999536
22,4,4,720,120,4140,4140,1,1.0022701475595914,0,-0.03,0.6075093069887145,0.6270413628496405,4.92446266021246,0,1,1,1,39.91216939087245,0.19532842066395115,12.539038631033263,1,13.185083000000304
22,4,4,721,120,4110,4107,0.9992700729927008,0.9975490196078431,3,0.016956521739130436,0.7568040030833196,0.6934052156414865,5.20225587382356,13,0.9975155279503105,0.999599679743795,1,39.95350517308558,0.1415655287456164,11.529626900056352,1,15.110833000000639
22,4,4,722,120,4172,4172,1,1,0,-0.06826086956521739,0.7458131637650333,0.9948232989167369,6.629780417541042,0,1,1,1,39.93855339875802,0.15900835503656394,11.991306858673854,1,13.553332999999839
22,4,4,723,120,4125,4124,0.9997575757575757,1,1,-0.010434782608695653,0.7459026918521603,0.8203697005474773,5.807304961257311,12,1,1,0.9988317757009346,39.982090258205965,0.0668841226724399,12.371327302165176,1,14.787625000000844
22,4,4,724,120,4117,4117,1,1.0011376564277588,0,-0.023043478260869565,0.7516121036335651,0.8672362988038333,6.829189651005436,0,1,1,1,39.87246885809757,0.27080695797062326,12.538411921653667,1,13.075707999998485
22,4,4,725,120,4109,4108,0.9997566317838891,1,1,0.021739130434782608,0.7951060592002599,0.749659208383126,4.814341591442219,11,1,0.9995918367346939,1,39.99779835451161,0.007462402145125319,11.65567089966535,1,20.716166999998677
22,4,4,726,120,4121,4120,0.9997573404513468,1,1,-0.014782608695652177,0.819399170188951,1.095425627070892,6.569290944629756,8,1,0.9995954692556634,1,39.8762435260654,0.252695102419438,12.077151952674678,1,13.12091700000019
22,4,4,727,120,4181,4178,0.999282468309017,0.9976798143851509,3,0.021304347826086957,0.761200150780021,0.5253708808243763,4.235957611296726,11,1,0.9992050874403816,0.9988095238095238,39.88188598988411,0.20626936218557257,12.326940222753725,1,14.750917000001209
22,4,4,728,120,3986,3986,1,1.0024813895781637,0,-0.021739130434782608,0.7360577177668253,0.9076916915718005,6.136770740226893,0,1,1,1,39.85558352995097,0.40895668917820616,11.56983050694244,1,12.500124999998661
22,4,4,729,120,4075,4075,1,1.0011641443538999,0,-0.02,0.6058057231508786,0.8602404583050588,6.332220662844217,0,1,1,1,39.91669742703448,0.23658684473961647,12.326943917542643,1,12.734542000000147
22,4,4,730,120,4105,4103,0.9995127892813642,1.003579952267303,2,-0.01,0.8230185791926534,0.6073095417417136,4.50782686521173,9,1,0.9991694352159468,1,39.94534620375028,0.15339161085934674,12.03276290670376,1,14.866334000000279
22,6,6,701,120,4210,4210,1,1.0011173184357542,0,-0.04434782608695652,0.3094035051180553,0.329557599492635,2.38888888888899,0,1,1,1,39.94903856475453,0.14352494875174127,12.873418999546425,1,13.09112500000083
22,6,6,702,120,3997,3997,1,1.0012062726176116,0,0.0434782608695652,0.2577160292731508,0.2997410610640868,1.4255907665349998,0,1,1,1,39.98089515016538,0.06689550746618642,11.74026485275185,1,13.970249999998487
22,6,6,703,120,4073,4072,0.999754480726737,1.0011682242990654,1,-0.06391304347826086,0.3273096235863945,0.34411229360523665,2.347222222222323,6,1,0.9995906672124437,1,39.83716998286542,0.37719300893445956,12.284857771083118,1,12.629167000000962
22,6,6,704,120,4102,4100,0.999512432959532,0.9976415094339622,2,-0.007391304347826087,0.27578259814719297,0.21186430081918287,0.7598987063756795,9,1,0.999198717948718,1,39.87504801747645,0.27041905857328113,12.033816762500047,1,14.713041999999405
22,6,6,705,120,4204,4202,0.9995242626070409,1,2,0.049130434782608694,0.28434723141837076,0.3202131354896798,2.806514726229883,2,1,0.9996050552922591,0.9988038277511961,39.87070847483775,0.2691819565427339,12.24256209727154,1,13.007917000000816
22,6,6,706,120,4185,4184,0.9997610513739545,1,1,-0.021739130434782608,0.2742805611680131,0.3227752934914912,2.074393797632183,16,1,1,0.99880810488677,39.910658353504715,0.1772040968738262,12.073803006612815,1,15.218249999999898
22,6,6,707,120,3996,3995,0.9997497497497497,1.0013123359580052,1,0.002173913043478261,0.35305342523511346,0.31401562566519103,1.4781307460846922,10,0.9986979166666666,1,1,39.957720520668126,0.11108753698978813,10.938555325037436,1,12.29833299999882
22,6,6,708,120,4121,4119,0.9995146809026936,0.9987995198079231,2,0.016956521739130436,0.3041005677074448,0.3401442307692308,1.8333333333333333,13,1,0.9995980707395499,0.9987593052109182,39.93146266844561,0.16324871794054818,11.823593118669686,1,14.725916999999754
22,6,6,709,120,4131,4131,1,1.0023255813953489,0,-0.06130434782608696,0.33189672628733824,0.3225592113600666,3.1487875952643662,0,1,1,1,39.88532740318432,0.23283066964939014,12.202988759634513,1,12.705500000000029
22,6,6,710,120,4186,4184,0.9995222169135213,0.9988009592326139,2,0.030434782608695653,0.28215036415938033,0.25012767518550355,0.7182320397090128,14,0.9988095238095238,0.9996009577015164,1,39.95897778131306,0.14253333037964544,11.906718551114281,1,14.839500000000044
22,6,6,711,120,4137,4136,0.9997582789460963,0.9988358556461001,1,0.024347826086956525,0.30504962810622,0.3606084186036381,2.2003529683070155,1,0.998769987699877,1,1,39.9360374859054,0.18003012331518944,12.160696147451361,1,12.872084000000541
22,6,6,712,120,4100,4100,1,1.0011641443538999,0,-0.006956521739130434,0.3030182801488222,0.38687480976635885,3.41666666666697,0,1,1,1,39.88628892213132,0.2485186817925627,12.244024966525282,1,14.42895900000076
22,6,6,713,120,4238,4238,1,1.0045506257110353,0,-0.02913043478260869,0.2804148109264647,0.29665900945875157,1.727171575410163,0,1,1,1,39.728453638947755,0.3610519525982344,12.539042430302652,1,13.096083000000363
22,6,6,714,120,4168,4167,0.9997600767754319,0.9987937273823885,1,0.04913043478260869,0.3045629923448443,0.3051525316505844,2.4305555555556566,11,1,0.999597261377366,1,39.85124327295936,0.34844529150550535,11.698386217456623,1,14.771499999998923
22,6,6,715,120,4125,4123,0.9995151515151515,0.9988221436984688,2,-0.01695652173913044,0.2712073356209229,0.2607804299206331,1.1993937976321831,15,0.9987515605493134,1,0.9988235294117647,39.45371105345518,0.8764245964112007,12.075689722505532,1,12.721125000000029
22,6,6,716,120,4091,4091,1,1.0022650056625142,0,0.03782608695652174,0.3177630165076274,0.3754352752420618,2.329343150820326,0,1,1,1,39.85606964717357,0.2588694485861027,12.539460352291727,1,12.576042000000598
22,6,6,717,120,4145,4142,0.9992762364294331,0.9988358556461001,3,-0.01565217391304348,0.29984780586979154,0.31007696992119427,1.8432320397090127,16,1,0.9988057324840764,1,39.982720606128034,0.06761796711271192,11.994864873766668,1,14.636666000000332
22,6,6,718,120,4126,4125,0.9997576345128454,1,1,-0.009130434782608702,0.37153126724140395,0.27056019070321813,1.7083333333333333,14,1,0.999593165174939,1,39.94087982253418,0.18113088707764646,12.073804154952429,1,12.777750000001106
22,6,6,719,120,4118,4117,0.9997571636716853,1.001156069364162,1,-0.01739130434782609,0.3796507843517638,0.35128658013491915,2.3333333333333335,4,1,0.9995954692556634,1,39.95444926358707,0.14175826640892697,12.286740327626973,1,15.69604199999958
22,6,6,720,120,4140,4140,1,1.0022701475595914,0,-0.03,0.25602009692278,0.2632526815513521,2.25,0,1,1,1,39.91216939087245,0.19532842066395115,12.539038631033263,1,12.757416000000376
22,6,6,721,120,4110,4107,0.9992700729927008,0.9975490196078431,3,0.016956521739130436,0.26934080324557297,0.25476581514215374,1.5972222222223234,13,0.9975155279503105,0.999599679743795,1,39.95350517308558,0.1415655287456164,11.529626900056352,1,14.662540999999692
22,6,6,722,120,4172,4172,1,1,0,-0.07347826086956522,0.2800173545343995,0.3616695407240486,1.7598987063756795,0,1,1,1,39.92699730320814,0.16834754841632704,11.949849558893794,1,12.752999999998792
22,6,6,723,120,4125,4124,0.9997575757575757,1,1,-0.010434782608695653,0.33408851266431383,0.4302586272224164,2.9166666666666665,12,1,1,0.9988317757009346,39.97888187958855,0.06782783655677911,12.371327302165176,1,14.416625000001659
22,6,6,724,120,4117,4117,1,1.0011376564277588,0,-0.023043478260869565,0.31115350149152715,0.37186087381025407,2.7876764841533563,0,1,1,1,39.87246885809757,0.27080695797062326,12.538411921653667,1,12.680249999999432
22,6,6,725,120,4109,4108,0.9997566317838891,1,1,0.021739130434782608,0.34523698016004367,0.2699560403402679,1.0089240998683333,11,1,0.9995918367346939,1,39.99779835451161,0.007462402145125319,11.65567089966535,1,14.612708000000566
22,6,6,726,120,4121,4120,0.9997573404513468,1,1,-0.00826086956521739,0.33158133506819015,0.3484798547509535,2.8055555555556566,8,1,0.9995954692556634,1,39.8762435260654,0.252695102419438,12.077151952674678,1,12.724334000000454
22,6,6,727,120,4181,4178,0.999282468309017,0.9976798143851509,3,0.029130434782608697,0.31959218863897443,0.20813953488372092,1.875,11,1,0.9992050874403816,0.9988095238095238,39.89444835892104,0.18130139723554617,12.326941526901486,1,15.02008300000125
22,6,6,728,120,3986,3986,1,1.0024813895781637,0,-0.021739130434782608,0.32250320811395716,0.3777692685062173,2.63888888888899,0,1,1,1,39.85558352995097,0.40895668917820616,11.56983050694244,1,12.20508399999926
22,6,6,729,120,4075,4075,1,1.0011641443538999,0,-0.02,0.2286409732365834,0.23582294223185252,1.9265345013767121,0,1,1,1,39.91669742703448,0.23658684473961647,12.326943917542643,1,14.549208000000363
22,6,6,730,120,4105,4103,0.9995127892813642,1.003579952267303,2,-0.01,0.29188614027969745,0.24098295679746912,1.0972222222223234,9,1,0.9991694352159468,1,39.94534620375028,0.15339161085934674,12.03276290670376,1,12.526541999999608
25,1,1,701,120,4647,2751,0.591994835377663,0.5762004175365344,1896,16.463478260869564,11231.444260751261,20666.718123768107,20750.855781202084,22927,0.5826859045504994,0.5944992947813822,0.5934065934065934,40,0,7.9509321335458525,0,31.56408399999964
25,1,1,702,120,4607,2755,0.5980030388539179,0.580441640378549,1852,17.821739130434782,10580.301770295575,20299.411517716337,20396.34357434662,22845,0.5962732919254659,0.6067622197721426,0.5739130434782609,40,0,8.033846753223306,0,29.545624999998836
25,1,1,703,120,4677,2745,0.586914688903143,0.5438423645320197,1932,20.535217391304347,10806.099289270576,20474.555933477706,20570.28670161161,22810,0.5942796610169492,0.5789847355342563,0.6037117903930131,40,0,8.033847537762068,0,31.19750000000022
25,1,1,704,120,4662,2747,0.5892320892320893,0.5775681341719078,1915,16.295652173913044,11158.91030650237,20803.081927729032,20904.112323384845,23508,0.5833333333333334,0.5951096727795757,0.5775577557755776,40,0,8.033639960573536,0,31.216208000001643
25,1,1,705,120,4804,2754,0.5732722731057452,0.5609756097560976,2050,17.995652173913044,11227.39016983421,21356.090486528934,21446.899534599117,23814,0.5864262990455992,0.574271012006861,0.5570824524312896,40,0,7.950931301778404,0,30.59216600000036
25,1,1,706,120,4661,2745,0.5889294142887792,0.5769633507853403,1916,16.52695652173913,10721.757851600947,20411.89792800011,20503.977561048338,22814,0.5728368017524644,0.5955414012738853,0.5845986984815619,40,0,7.992182628890799,0,30.869582999999693
25,1,1,707,120,4713,2751,0.5837046467218332,0.5727650727650727,1962,16.825652173913042,11136.789892824576,21099.19986227759,21194.53118416309,23782,0.5961342828077314,0.5808770668583753,0.5791139240506329,40,0,7.992181646500277,0,30.352124999999432
25,1,1,708,120,4684,2744,0.5858240819812126,0.5514485514485514,1940,19.22608695652174,10965.500788263964,20769.818483721305,20865.708002973977,23244,0.6058315334773218,0.5882352941176471,0.558215451577802,40,0,8.033848259699417,0,31.422875000000204
25,1,1,709,120,4623,2742,0.5931213497728748,0.5571284125379171,1881,18.454347826086956,10365.259383641465,19875.944639240235,19971.032663023914,22359,0.6178128523111612,0.5744985673352435,0.625,40,0,7.909265568842212,0,30.656833999999435
25,1,1,710,120,4627,2750,0.5943375837475686,0.5941872981700753,1877,15.265217391304347,10493.313625694374,20074.185378758564,20167.02629912877,22489,0.5975197294250282,0.5992869875222816,0.5764705882352941,40,0,7.992390210870643,0,29.745332999998936
25,1,1,711,120,4664,2747,0.5889794168096055,0.5847457627118644,1917,16.297391304347826,11322.704100944846,21406.39285271932,21501.00431400019,23876,0.5719960278053625,0.6002933626696003,0.5741935483870968,40,0,8.033847245586935,0,31.5145420000008
25,1,1,712,120,4666,2748,0.5889412773253322,0.5548841893252769,1918,18.079565217391306,10286.250681809139,19807.698183654815,19905.278885889664,22398,0.5672097759674134,0.5930936276254895,0.6,40,0,7.950725763727132,0,30.951332999999067
25,1,1,713,120,4619,2756,0.5966659450097423,0.5621181262729125,1863,17.42478260869565,10530.888990279786,20163.665187246228,20254.411257360665,22394,0.5837209302325581,0.6039395005276117,0.5862445414847162,40,0,7.992389774491991,0,29.44195799999943
25,1,1,714,120,4744,2751,0.5798903878583473,0.5982627578718784,1993,15.726521739130435,11526.358245543974,21467.743381708406,21559.815751620652,24051,0.5829741379310345,0.5748086290883786,0.5923566878980892,40,0,7.950724618219702,0,31.883750000000873
25,1,1,715,120,4725,2746,0.5811640211640212,0.584305408271474,1979,16.563478260869566,10946.383186792162,20686.942805887153,20773.703475424743,23043,0.5804480651731161,0.5766345123258306,0.5953389830508474,40,0,7.909266724309867,0,30.18829199999891
25,1,1,716,120,4603,2740,0.595263958288073,0.5976138828633406,1863,14.728260869565217,11216.522034688149,20946.121092733698,21031.870683347133,23133,0.5985401459854015,0.5938993017273061,0.5958829902491874,40,0,8.033641479165885,0,31.00249999999869
25,1,1,717,120,4727,2753,0.5823989845568014,0.5686274509803921,1974,17.09913043478261,11013.443596377074,20913.00159964764,21015.11942784223,23530,0.5964546402502607,0.5756302521008403,0.5888157894736842,40,0,7.950724395396429,0,31.683917000000292
25,1,1,718,120,4699,2744,0.5839540327729305,0.5686274509803921,1955,17.769565217391303,10913.221061957778,20509.094649398303,20598.146727466916,22947,0.5730688935281837,0.5788150807899461,0.6098326359832636,40,0,8.075097971953127,0,30.369666999999026
25,1,1,719,120,4682,2751,0.5875694147800086,0.557013118062563,1931,17.172608695652173,10700.25722749939,20489.611425060808,20586.591244554842,22928,0.5870488322717622,0.5910859568447117,0.5772179627601315,40,0,7.950933630573348,0,31.110791999999492
25,1,1,720,120,4785,2739,0.5724137931034483,0.5344325897187197,2046,20.236956521739135,10919.066259998835,20751.697024453704,20846.029942422825,23215,0.5592315901814301,0.5786713286713286,0.5668016194331984,40,0,7.992184248934559,0,31.871083
25,1,1,721,120,4652,2747,0.5904987102321582,0.5787815126050421,1905,16.719565217391306,10890.076089608963,20143.64478171017,20229.184109333877,22456,0.5831556503198294,0.5890753302392003,0.6024096385542169,40,0,8.075096211820997,0,40.755332999999155
25,1,1,722,120,4606,2753,0.5976986539296569,0.5724713242961418,1853,17.118260869565216,10111.088657170352,19556.831619641158,19644.284176980218,22074,0.5867861142217246,0.5930024991074616,0.6228070175438597,40,0,7.991768145517175,0,30.31395799999882
25,1,1,723,120,4537,2753,0.6067886268459335,0.5841269841269842,1784,16.508260869565216,10219.370988985549,19360.91911208059,19447.952715391784,21826,0.5925925925925926,0.6175616835994194,0.5877862595419847,40,0,7.909477145787196,0,29.05500000000029
25,1,1,724,120,4674,2749,0.5881471972614463,0.5745568300312826,1925,16.79173913043478,10577.52478404362,20201.119350599587,20299.947598608138,22756,0.5870488322717622,0.5899357601713062,0.5838709677419355,40,0,7.909266504515656,0,31.360999999998967
25,1,1,725,120,4736,2753,0.5812922297297297,0.5599593495934959,1983,18.529565217391305,10754.297227251584,20583.07282477962,20674.387586429802,23057,0.5822916666666667,0.5773159563226489,0.5923159018143009,40,0,7.950724526413782,0,31.37475000000086
25,1,1,726,120,4708,2758,0.5858113848768054,0.5714285714285714,1950,17.863478260869567,11305.166343574396,21149.26792844863,21235.43978770247,23470,0.5724867724867725,0.5901639344262295,0.5862068965517241,40,0,7.9509336066717635,0,30.49699999999939
25,1,1,727,120,4651,2754,0.5921307245753601,0.5652620760534429,1897,17.446956521739132,11181.74900285538,20896.803285983613,20995.945817995977,23331,0.5969331872946331,0.5936056838365897,0.5828819068255688,40,0,7.9919761506895055,0,32.05762500000128
25,1,1,728,120,4691,2743,0.5847367299083351,0.577124868835257,1948,16.87217391304348,10707.424181836925,20596.828299369405,20688.556316301136,22964,0.5761099365750528,0.5871036693979338,0.5863539445628998,40,0,7.991974228707267,0,29.914542000000438
25,1,1,729,120,4708,2754,0.5849617672047579,0.5961123110151187,1954,16.264347826086958,11054.36196904726,20965.501828168908,21063.25672934159,23418,0.576844262295082,0.5843694493783304,0.5954198473282443,40,0,7.950931689858437,0,30.857790999998542
25,1,1,730,120,4717,2751,0.5832096671613314,0.5751565762004175,1966,16.774347826086956,11049.363878598275,20710.179152403467,20801.582842485932,23124,0.5824742268041238,0.5897069335239457,0.5648050579557429,40,0,8.033640256666938,0,31.506792000000132
25,2,2,701,120,4647,4644,0.9993544222078761,1.0052192066805845,3,-0.058260869565217394,29.827771689118098,25.963074297401015,52.69231002435814,12,1,0.9996473906911142,0.9978021978021978,39.44266874188352,0.5056636628811217,13.716585466961432,1,24.331709000000046
25,2,2,702,120,4607,4604,0.9993488170175819,0.9978969505783386,3,-0.04695652173913043,33.28086715140598,26.431635797153966,55.84536393010027,15,1,0.9992649761117236,0.9989130434782608,39.45938297048085,0.5157783367814165,13.464910069008049,1,23.0278330000001
25,2,2,703,120,4677,4676,0.9997861877271755,1.000985221674877,1,0.05260869565217392,28.963640095297396,48.56623621871669,77.75851298424065,15,1,0.9996450124245652,1,38.097123972291534,1.6047925345575345,14.390990295246402,1,24.46087500000067
25,2,2,704,120,4662,4659,0.9993564993564994,1.0020964360587001,3,-0.047826086956521754,34.29492696099256,37.33185772801145,67.70606084926537,16,0.9979423868312757,0.9996404171161453,1,39.69309094250652,0.3862733566224525,13.71512156147204,1,25.394000000000233
25,2,2,705,120,4804,4798,0.9987510407993339,0.9939024390243902,6,0.03565217391304346,38.22336882670752,35.64142024288657,61.731204677212496,12,1,0.9982847341337907,0.9989429175475687,38.41270227801278,0.8015457455622804,13.844096256449257,1,26.412374999999884
25,2,2,706,120,4661,4658,0.9993563612958593,0.9979057591623036,3,0.13434782608695653,28.51606250890916,36.70893068485661,66.36740211966419,22,1,0.9992922859164898,0.9989154013015185,39.70570138255278,0.3953147617249007,13.54866350551522,0,24.384375000001455
25,2,2,707,120,4713,4707,0.9987269255251432,0.9958419958419958,6,0.08565217391304347,39.21313773924304,28.957834877825572,56.82320311238558,56,1,0.9985621854780733,0.9978902953586498,39.8237087001297,0.3383661741975383,13.549708699307871,1,24.507666999999856
25,2,2,708,120,4684,4674,0.997865072587532,0.9920079920079921,10,0.1308695652173913,31.257200203472546,36.88508611417484,65.87897221698374,91,0.9978401727861771,0.9975343430785488,0.998911860718172,39.002307310203875,0.906297969581361,14.013065888194921,0,24.51037499999984
25,2,2,709,120,4623,4620,0.9993510707332901,0.9969666329625885,3,0.07913043478260869,28.481544985666442,37.59322800405226,69.47446946356347,23,1,0.9989255014326648,1,39.33875197413061,0.5917916201882988,14.053054407618943,1,24.401707999999417
25,2,2,710,120,4627,4624,0.9993516317268208,0.9978471474703983,3,0.039999999999999994,33.219244911995496,32.240127263360066,59.03914076766614,9,1,0.9989304812834224,1,39.78217651688831,0.27611252772157885,13.170108036360105,1,25.697292000000743
25,2,2,711,120,4664,4659,0.9989279588336192,0.9989406779661016,5,-0.07347826086956522,31.373582087037022,21.969896890963383,46.25006004922428,8,0.9990069513406157,0.9985331866519985,1,39.66976357411347,0.4254926007580028,13.297825386406538,1,25.172749999999724
25,2,2,712,120,4666,4666,1,1.0030211480362539,0,-0.22695652173913045,30.966087481377226,51.27396157111471,82.69477165033125,0,1,1,1,38.49286417113021,0.8985590336422595,14.179518088853696,1,26.093249999999898
25,2,2,713,120,4619,4617,0.9995670058454211,1.0030549898167007,2,-0.08739130434782608,37.393544969538084,39.72067319882164,69.55348932040852,27,0.9988372093023256,0.9996482588814632,1,39.293667491680374,0.5122405971237876,14.011393213158476,1,23.559790999999677
25,2,2,714,120,4744,4738,0.9987352445193929,0.997828447339848,6,0.07739130434782608,38.565754566470275,19.690801981190724,45.4942132686956,35,1,0.9982602644398052,0.9989384288747346,39.84530500964036,0.2384246735370692,13.126977400579419,1,27.06304199999977
25,2,2,715,120,4725,4725,1,1.026511134676564,0,-0.33260869565217394,42.81021993385799,66.35415356532785,99.9003427996704,0,1,1,1,38.22961008948576,1.1166537053324765,13.717625988349782,1,26.63904100000036
25,2,2,716,120,4603,4599,0.9991310015207473,1.0086767895878526,4,-0.1265217391304348,40.128534627054286,28.19067951936797,50.51751762856323,28,1,0.9988974641675854,0.9989165763813651,38.528791368119435,1.4313810261204416,13.129277702644723,1,25.062041000001045
25,2,2,717,120,4727,4723,0.9991537973344616,1.001031991744066,4,-0.018260869565217386,30.44731011919687,32.630727139762634,60.070563579463546,61,1,0.9985994397759104,1,39.181949266064066,0.8306192923048377,13.7180488506391,1,25.4703329999993
25,2,2,718,120,4699,4695,0.9991487550542668,0.9969040247678018,4,-0.024782608695652172,35.666015225414995,40.20665064809612,69.9612400229189,40,1,0.9989228007181329,0.9989539748953975,38.91127331694382,0.560261615315824,13.758669953292712,1,25.364292000000205
25,2,2,719,120,4682,4676,0.9987184963690731,0.9989909182643795,6,-0.15565217391304348,35.68547211211915,50.14727930396564,86.17605434230184,38,0.9989384288747346,0.9985850725150336,0.9989047097480832,38.55817175490339,1.0240752558347184,14.012437691944937,1,24.17462500000147
25,2,2,720,120,4785,4782,0.9993730407523511,0.9990300678952473,3,0.01217391304347826,41.90793749687816,52.64290006249075,88.45481655640197,15,0.9989327641408752,0.9996503496503496,0.9989878542510121,35.93952253184326,1.1850158380518117,14.393919531186489,1,27.03795899999932
25,2,2,721,120,4652,4643,0.9980653482373173,0.9926470588235294,9,0.06,30.844104008283743,26.996165603698852,56.679825369755235,110,1,0.9978579078900393,0.9967141292442497,39.490019024033664,0.46484148473094594,13.464074399160795,1,24.834791999999652
25,2,2,722,120,4606,4606,1,1,0,-0.10173913043478261,30.165662482368287,30.39702128744602,57.376034655735566,0,1,1,1,39.654223755985846,0.41130746413508446,13.591376091302378,1,24.451208000000406
25,2,2,723,120,4537,4535,0.9995591800749394,0.9989417989417989,2,-0.08652173913043479,24.026672591959727,22.377552018265952,48.33473673202934,9,1,0.9992743105950653,1,39.62790776323509,0.45883006401354587,13.339489761349846,1,23.00970800000141
25,2,2,724,120,4674,4674,1,1.0041710114702815,0,-0.06739130434782609,31.096045677189036,36.48199875406096,68.27987066079065,0,1,1,1,39.40341664118769,0.5173204968684261,13.675127451994463,1,23.638709000000745
25,2,2,725,120,4736,4728,0.9983108108108109,0.991869918699187,8,0.009565217391304347,35.78132055843089,25.039852862443716,48.16104073529823,78,0.9979166666666667,0.9982388164846777,0.9989327641408752,38.630183175393825,0.8676891982090067,13.760762604702478,1,26.091624999999112
25,2,2,726,120,4708,4702,0.9987255734919286,0.9937888198757764,6,0.0682608695652174,34.43236907878434,43.404941222263474,72.46789247430843,63,0.9989417989417989,0.9989308624376336,0.9979101358411703,39.313759754475804,0.652612057000574,13.674500358830704,1,25.15533400000095
25,2,2,727,120,4651,4646,0.9989249623736831,0.9969167523124358,5,-0.04565217391304348,32.47626898399214,37.61279215160693,66.34694440015544,23,1,0.9989342806394316,0.9978331527627302,38.97239295611497,0.8237729728960731,13.75951044880263,1,24.588666999999987
25,2,2,728,120,4691,4685,0.9987209550202516,1.0041972717733474,6,-0.0808695652173913,36.08945001122398,28.8693546817234,56.51195427611341,37,0.9978858350951374,0.9985749910936943,1,38.26993104028822,1.0664226115504991,13.42512453726772,1,26.037249999999403
25,2,2,729,120,4708,4700,0.9983007646559049,0.9946004319654428,8,0.06478260869565218,29.564100362627187,17.426002259644857,43.22272733506088,78,0.9959016393442623,0.9989342806394316,0.9989094874591058,39.90240561499375,0.1725780659807313,13.044478824927713,1,24.965791000000536
25,2,2,730,120,4717,4712,0.9989400042399831,0.9989561586638831,5,-0.059130434782608696,27.14409687067478,25.33204993810345,53.89482659031243,23,0.9989690721649485,0.998927805575411,0.9989462592202318,39.47200251541794,0.535383771644224,13.549499350579458,1,23.640665999999328
25,3,3,701,120,4647,4644,0.9993544222078761,0.9979123173277662,3,-0.024347826086956518,3.3060467741200186,3.0795829681392433,15.03829778353338,12,1,0.9996473906911142,0.9978021978021978,39.19128975834281,0.7019887186192378,13.549296297492715,1,17.77983299999869
25,3,3,702,120,4607,4604,0.9993488170175819,0.9978969505783386,3,-0.07478260869565216,3.059371104963814,3.04808892841897,14.699071362170798,15,1,0.9992649761117236,0.9989130434782608,39.42606833316987,0.5605274601948302,13.464911989228028,1,16.18279099999927
25,3,3,703,120,4677,4676,0.9997861877271755,1,1,-0.010434782608695653,3.033355858619068,3.476838471721925,14.483532463004243,15,1,0.9996450124245652,1,38.108886714939096,1.5703256987547831,14.307869093084063,1,17.876917000001413
25,3,3,704,120,4662,4659,0.9993564993564994,0.9989517819706499,3,0.002173913043478261,3.9077246526310043,3.712796359675746,15.941060125478847,16,0.9979423868312757,0.9996404171161453,1,39.68554401314347,0.38659424068185205,13.631578714531132,1,18.826457999999548
25,3,3,705,120,4804,4798,0.9987510407993339,0.9939024390243902,6,0.012608695652173913,4.142256573049811,3.6091407771365254,16.27838364132458,12,1,0.9982847341337907,0.9989429175475687,38.3253307662698,0.7963886029251364,13.844094541586683,1,17.56116699999984
25,3,3,706,120,4661,4659,0.9995709075305729,0.9989528795811519,2,0.01652173913043478,3.237610941569927,4.20479445603978,17.531399217330847,16,1,0.9996461429582448,0.9989154013015185,39.52712031291535,0.5466490423948299,13.548872921078036,1,18.416040999998586
25,3,3,707,120,4713,4712,0.9997878209208572,1,1,-0.006956521739130432,3.7590553951856593,3.1659823534951226,14.281245717515958,15,1,0.9996405463695184,1,39.78260810985527,0.26247902431253456,13.716378737063247,1,17.00787500000115
25,3,3,708,120,4684,4681,0.9993595217762596,0.999000999000999,3,0.05434782608695651,3.318693872953317,3.5599336067630136,15.398434288136437,15,0.9989200863930886,0.9992955265938711,1,38.826803414772776,0.9328588638519544,14.180358751382627,1,18.08508399999846
25,3,3,709,120,4623,4621,0.9995673804888601,0.9979777553083923,2,0.049130434782608694,3.3197005701616735,3.68073187388717,15.346868915095001,10,1,0.9992836676217765,1,39.32134036499192,0.5946295045923881,13.970352278633628,1,24.59570899999926
25,3,3,710,120,4627,4624,0.9993516317268208,0.9978471474703983,3,-0.02782608695652174,3.320949326311367,3.16943298749007,14.583970068546478,9,1,0.9989304812834224,1,39.68951485145141,0.3749824551096929,13.170107915680573,1,16.837665999999444
25,3,3,711,120,4664,4659,0.9989279588336192,0.9978813559322034,5,0.019999999999999997,2.9772065173715894,2.3309536261981587,11.812100814629352,8,0.9990069513406157,0.9985331866519985,1,39.68504389898063,0.39669093828842295,13.33907646964242,1,17.787500000000364
25,3,3,712,120,4666,4666,1,1.0030211480362539,0,-0.01217391304347826,3.0105337011287165,3.108223057983751,14.748718393863177,0,1,1,1,38.50110208068867,1.1003683391754204,14.220975206603457,1,16.332291999999143
25,3,3,713,120,4619,4618,0.9997835029227106,1.0010183299389002,1,-0.06391304347826086,3.241371450528975,3.8869734633851443,15.995687382025002,5,1,0.9996482588814632,1,39.289890469815674,0.72794040454457,13.928057922911172,1,18.399333000001207
25,3,3,714,120,4744,4741,0.9993676222596964,0.997828447339848,3,-0.00869565217391304,3.346379410534606,2.77802253287288,13.385550877420428,14,1,0.9989561586638831,1,39.81621981134328,0.2893257760229716,13.168435039070973,1,16.755417000000307
25,3,3,715,120,4725,4725,1,1,0,0.04913043478260871,3.9678631404348805,3.3427891368049796,13.825989703519857,0,1,1,1,37.91458536682688,1.830194708786046,13.25636466118103,1,18.989290999999866
25,3,3,716,120,4603,4601,0.9995655007603736,0.9978308026030369,2,0.008260869565217393,3.492364009078645,2.480842504085764,12.911410313849046,23,1,0.9996324880558618,0.9989165763813651,38.41377754508454,1.4647152389435159,13.085726483804237,1,18.69154200000048
25,3,3,717,120,4727,4726,0.9997884493336154,1.0020639834881322,1,0.036086956521739134,3.1086956282240488,3.5914753351550246,15.85276200312425,16,1,0.9996498599439776,1,39.157517778198574,0.8147668044860535,13.67680112241072,1,16.655291999999463
25,3,3,718,120,4699,4698,0.9997871887635668,1,1,-0.026521739130434784,3.8059723795491665,3.599822752621977,16.05025289524019,7,1,0.999640933572711,1,38.8204029339986,0.6719914178362997,13.759299178784312,1,19.551375000000917
25,3,3,719,120,4682,4678,0.9991456642460487,1,4,0.011304347826086955,3.527620042885128,4.338212692536204,16.30922330260728,28,1,0.9989388043862752,0.9989047097480832,38.375094136907684,1.1880462983208084,14.054102910457203,1,17.084249999999884
25,3,3,720,120,4785,4782,0.9993730407523511,0.9980601357904947,3,0.10043478260869565,3.527132432523593,4.7871713644430836,17.595894308587656,15,0.9989327641408752,0.9996503496503496,0.9989878542510121,35.515399066621534,1.2190403239316199,14.393711105716719,0,18.832958000000872
25,3,3,721,120,4652,4652,1,1.0021008403361344,0,-0.06782608695652174,3.098902230845261,3.5069339721299433,14.608854898467143,0,1,1,1,39.43885609951884,0.49493648987750777,13.465956160316466,1,18.100875000000087
25,3,3,722,120,4606,4606,1,1,0,0.011739130434782608,3.0675997076011168,3.2990291734632926,14.579036151190243,0,1,1,1,39.4269508787536,0.47045402203214504,13.757206774578691,1,16.177292000000307
25,3,3,723,120,4537,4535,0.9995591800749394,0.9989417989417989,2,-0.04,3.0040134015077045,3.202306636497963,14.226864575780686,9,1,0.9992743105950653,1,39.47727541262105,0.5842299045615716,13.422407536601497,1,18.277500000000146
25,3,3,724,120,4674,4674,1,1.0010427528675705,0,-0.10391304347826087,3.1150139231628384,4.031040394913824,17.43422330260728,0,1,1,1,39.328169247115504,0.568408846671774,13.674497825748276,1,16.61974999999984
25,3,3,725,120,4736,4734,0.9995777027027027,0.9979674796747967,2,-0.030869565217391298,3.637106707040204,2.723621801923006,12.313213485120286,12,0.9989583333333333,0.9996477632969355,1,38.35418210617633,0.8718012936249043,13.844931139404856,1,19.663582999999562
25,3,3,726,120,4708,4706,0.9995751911639762,0.9979296066252588,2,0.017391304347826087,3.136144352438491,3.540328676177848,13.832980026205709,15,1,0.9992872416250891,1,39.44443415523016,0.5021905284236297,13.592427242733685,1,16.555207999999766
25,3,3,727,120,4651,4649,0.9995699849494732,0.998972250770812,2,0.07173913043478262,3.2777386938259294,3.584767138149295,15.35777309964366,20,1,0.9996447602131439,0.9989165763813651,38.7220894376538,1.0379383313952286,13.801381543817909,1,16.382417000000714
25,3,3,728,120,4691,4688,0.9993604775101258,1,3,-0.01391304347826087,3.7577487453256846,3.3500641660163892,13.584929239220097,17,0.9989429175475687,0.9992874955468471,1,38.340746711940916,0.9942844142904425,13.465749727384724,1,18.550208000000566
25,3,3,729,120,4708,4707,0.9997875955819882,1.0021598272138228,1,-0.00826086956521739,3.4440259942020917,2.5621159552393644,12.892541200107189,14,0.9989754098360656,1,1,39.8010521403041,0.31952796279180407,13.170315839896412,1,16.684916999998677
25,3,3,730,120,4717,4713,0.9991520033919864,0.9968684759916493,4,0.04739130434782609,3.650512586056367,3.212131430673392,14.537276869526977,23,0.9989690721649485,0.9992852037169406,0.9989462592202318,39.4091263213486,0.6389548669604757,13.424708980767576,1,18.939500000000407
25,4,4,701,120,4647,4644,0.9993544222078761,0.9979123173277662,3,-0.006521739130434782,0.9751479745778414,0.9780018478151806,5.878805811033089,12,1,0.9996473906911142,0.9978021978021978,38.917355784473365,0.8608905538342239,13.549294872665422,1,15.005750000000262
25,4,4,702,120,4607,4604,0.9993488170175819,0.9978969505783386,3,-0.06695652173913043,0.8608901077482534,0.7435406330423786,5.46311375087286,15,1,0.9992649761117236,0.9989130434782608,39.5883901278542,0.4039452286098358,13.38199621887423,1,16.479459000000134
25,4,4,703,120,4677,4676,0.9997861877271755,1,1,-0.018260869565217393,0.9503034406894894,1.0391234372827993,6.663604783163161,15,1,0.9996450124245652,1,37.89744790696094,1.6840812810607186,14.34932479868108,1,15.17620800000077
25,4,4,704,120,4662,4659,0.9993564993564994,0.9979035639412998,3,0.01,1.0248278219480342,1.07239733727237,7.8797804175401325,16,0.9979423868312757,0.9996404171161453,1,39.68002967952026,0.3781023295284691,13.548453117899703,1,17.03141599999981
25,4,4,705,120,4804,4798,0.9987510407993339,0.9939024390243902,6,0.025652173913043478,1.0847292981412466,1.0112381952064158,6.963098315040952,12,1,0.9982847341337907,0.9989429175475687,38.46892051473417,0.8704009010265521,13.761180208734729,1,17.675708000000668
25,4,4,706,120,4661,4659,0.9995709075305729,0.9989528795811519,2,0.04695652173913044,0.951955419270568,1.3034959676168332,8.27171575410072,16,1,0.9996461429582448,0.9989154013015185,39.53899444486466,0.5149279043199113,13.54887248703612,1,15.495833000000857
25,4,4,707,120,4713,4712,0.9997878209208572,1,1,0.0004347826086956522,1.060374061911737,0.8593191159767861,5.523618659617266,15,1,0.9996405463695184,1,39.74504592564001,0.33493506371265624,13.757833983269244,1,17.907124999999724
25,4,4,708,120,4684,4681,0.9993595217762596,0.999000999000999,3,0.06826086956521739,0.9532701397131929,1.1500373655642324,7.67942744923342,15,0.9989200863930886,0.9992955265938711,1,38.82674504539741,0.9329699831398324,14.180356227764982,1,15.3559580000001
25,4,4,709,120,4623,4621,0.9995673804888601,0.9979777553083923,2,0.04652173913043478,0.9898001251178,1.0224479736988548,7.3331798335193525,10,1,0.9992836676217765,1,39.3087087851744,0.6234715637469526,13.97035488692915,1,17.614582999998674
25,4,4,710,120,4627,4624,0.9993516317268208,0.9978471474703983,3,-0.01130434782608696,0.9416063396749933,0.9986556164173175,6.554289385251347,9,1,0.9989304812834224,1,39.701827492143316,0.35606798701863274,13.1286504105431,1,15.067082999999911
25,4,4,711,120,4664,4659,0.9989279588336192,0.996822033898305,5,0.029130434782608697,0.8578221659486781,0.7011323584755121,5.574224861984779,8,0.9990069513406157,0.9985331866519985,1,39.685547267698574,0.3962459945583571,13.33886638863884,1,16.931500000000597
25,4,4,712,120,4666,4666,1,1.0030211480362539,0,-0.025652173913043478,0.9187418849740175,0.9880362918439609,6.802371043901682,0,1,1,1,38.48847463454763,1.1057800389342676,14.220976148712621,1,15.421582999999373
25,4,4,713,120,4619,4618,0.9997835029227106,1.0010183299389002,1,-0.042173913043478256,0.8828579147929517,1.1312119885708873,7.577117809841487,5,1,0.9996482588814632,1,39.36044338244262,0.6634591051147717,13.886599971057231,1,16.74987499999952
25,4,4,714,120,4744,4741,0.9993676222596964,0.997828447339848,3,-0.016086956521739134,1.0399165258913097,0.8527915720103987,6.039594825503021,14,1,0.9989561586638831,1,39.827458200872535,0.28524822119952403,13.168439205547879,1,15.559665999999197
25,4,4,715,120,4725,4725,1,1,0,0.022608695652173914,1.0280655253142892,0.7428614948265577,5.192372603281001,0,1,1,1,37.876777461948286,1.892484926837883,13.256365349256564,1,17.17645799999991
25,4,4,716,120,4603,4602,0.9997827503801868,0.9989154013015185,1,0.01217391304347826,1.0419112132123174,0.8249612490137193,6.425452702553533,20,1,1,0.9989165763813651,38.43852956498782,1.42042319522676,13.08593451054142,1,16.915791000001263
25,4,4,717,120,4727,4726,0.9997884493336154,1.0020639834881322,1,0.021304347826086957,0.8712298996370282,1.0460797583441288,6.763735389075009,16,1,0.9996498599439776,1,39.12481136931384,0.7989712442106716,13.75971248492855,1,15.620333000000755
25,4,4,718,120,4699,4698,0.9997871887635668,1,1,-0.035652173913043476,1.1405676448049165,1.118222324337108,7.558279567764657,7,1,0.999640933572711,1,38.82040309539945,0.6719915799272009,13.800755777814281,1,17.07604100000026
25,4,4,719,120,4682,4680,0.9995728321230244,1.0010090817356205,2,0.008695652173913044,1.0038287393846421,1.1687774449188775,6.918416072368321,21,1,0.9992925362575168,1,38.549886794262726,1.1372527547693132,14.012857816565779,1,15.198209000000134
25,4,4,720,120,4785,4782,0.9993730407523511,0.9980601357904947,3,0.09652173913043478,0.9368327012175856,1.2244674051017002,8.044528742858043,15,0.9989327641408752,0.9996503496503496,0.9989878542510121,35.52747052521322,1.2571513329751856,14.393706649204534,1,17.296416000001045
25,4,4,721,120,4652,4652,1,1.0021008403361344,0,-0.05956521739130433,0.9382818939731168,1.0303907616430907,6.540523124511917,0,1,1,1,39.48851963965064,0.4308810339289753,13.507415367641956,1,15.041457999999693
25,4,4,722,120,4606,4606,1,1,0,0.041304347826086954,0.8880783449725853,0.8604857916878784,5.855992822275766,0,1,1,1,39.41419010697259,0.5063050169845098,13.715750006192975,1,17.363750000000437
25,4,4,723,120,4537,4535,0.9995591800749394,0.9989417989417989,2,-0.03608695652173913,0.9087689428792256,0.9839236526349234,6.490906964484263,9,1,0.9992743105950653,1,39.55135060873791,0.49782698657416397,13.380949114703974,1,14.753167000000758
25,4,4,724,120,4674,4674,1,1.0010427528675705,0,-0.08826086956521739,0.8814281377246951,1.0990726451962625,8.1604357073417,0,1,1,1,39.29965994470562,0.5789877442153778,13.633040695323958,1,17.018292000000656
25,4,4,725,120,4736,4734,0.9995777027027027,0.9979674796747967,2,-0.010869565217391304,0.9910809919862683,0.6886085668836692,4.569260072963819,12,0.9989583333333333,0.9996477632969355,1,38.40411233641078,0.7985780797305418,13.844931103403196,1,15.404749999999694
25,4,4,726,120,4708,4706,0.9995751911639762,0.9979296066252588,2,0.012173913043478257,0.9300309987747497,0.9783311209793135,5.823265691310553,15,1,0.9992872416250891,1,39.394560037000474,0.552423556462199,13.592425261162937,1,17.330707999999504
25,4,4,727,120,4651,4650,0.9997849924747366,0.998972250770812,1,0.04,0.8986518003046147,0.8009929740059486,5.401634235622926,15,1,1,0.9989165763813651,38.711039927169324,1.04796108936004,13.759923689316395,1,15.232833000000028
25,4,4,728,120,4691,4689,0.9995736516734172,1.0010493179433368,2,0.00869565217391304,0.9969645830227432,0.9987189600576265,7.4661601985447605,8,0.9989429175475687,0.9996437477734236,1,38.26567115690253,1.0767550763341966,13.50741443782975,1,17.631000000001222
25,4,4,729,120,4708,4707,0.9997875955819882,1.0021598272138228,1,-0.02173913043478261,0.8891820349311432,0.7382030948345126,5.747928158836355,14,0.9989754098360656,1,1,39.73899767538317,0.3425096714398555,13.21177300632239,1,25.073875000000044
25,4,4,730,120,4717,4714,0.9993640025439898,0.9979123173277662,3,0.04043478260869565,1.0952554775385273,0.8506601427619761,6.5781996086652725,21,0.9989690721649485,0.9996426018584703,0.9989462592202318,39.315398885090964,0.639986302119866,13.507833599288189,1,16.03166699999929
25,6,6,701,120,4647,4644,0.9993544222078761,0.9979123173277662,3,-0.006956521739130432,0.32338429765992077,0.33116441575582933,1.4583333333333333,12,1,0.9996473906911142,0.9978021978021978,38.917292898197296,0.8609562233620779,13.54929471598423,1,16.166000000001077
25,6,6,702,120,4607,4604,0.9993488170175819,0.9978969505783386,3,-0.06304347826086956,0.3134680300620484,0.21792251974643664,1.0972222222223234,15,1,0.9992649761117236,0.9989130434782608,39.63832478943043,0.4148164675775041,13.423454653446305,1,14.53716600000007
25,6,6,703,120,4677,4676,0.9997861877271755,1,1,-0.01913043478260869,0.39243269496259137,0.34719447647478735,2.2321209285976997,15,1,0.9996450124245652,1,38.083760301725675,1.5705769605499265,14.349324919360614,1,17.121750000000247
25,6,6,704,120,4662,4659,0.9993564993564994,0.9968553459119497,3,0.027391304347826086,0.2869328329875188,0.2764222203238007,0.5376764841533562,16,0.9979423868312757,0.9996404171161453,1,39.65138294656536,0.4086135616740062,13.58970108679482,1,15.067165999998906
25,6,6,705,120,4804,4798,0.9987510407993339,0.9939024390243902,6,0.035217391304347825,0.29885683458715795,0.28683147044827945,1.1577271309655164,12,1,0.9982847341337907,0.9989429175475687,38.494295916781766,0.8714141226051586,13.761179785345368,1,17.190542000000278
25,6,6,706,120,4661,4659,0.9995709075305729,0.9989528795811519,2,0.030434782608695646,0.35889905034672753,0.4991482959172892,3.500959170674529,16,1,0.9996461429582448,0.9989154013015185,39.52643165238962,0.5418268502445577,13.548872523037778,1,14.748582999998689
25,6,6,707,120,4713,4712,0.9997878209208572,1,1,0.0004347826086956522,0.3650067442303882,0.28544028266378424,0.7182320397090128,15,1,0.9996405463695184,1,39.74504592564001,0.33493506371265624,13.757833983269244,1,16.975040999999692
25,6,6,708,120,4684,4681,0.9993595217762596,0.999000999000999,3,0.08434782608695653,0.3392060997403168,0.41878508068319936,3.04166666666697,15,0.9989200863930886,0.9992955265938711,1,38.83917819587134,0.9467053415280501,14.138901174241838,1,15.196374999999534
25,6,6,709,120,4623,4621,0.9995673804888601,0.9979777553083923,2,0.03739130434782609,0.3835058378649464,0.38413556694296264,3.1805555555556566,10,1,0.9992836676217765,1,39.3087087851744,0.6234715637469526,13.970354766249613,1,16.97674999999981
25,6,6,710,120,4627,4624,0.9993516317268208,0.9978471474703983,3,-0.01130434782608696,0.30051564265386216,0.24387129431347687,0.7697974127513589,9,1,0.9989304812834224,1,39.70182734732788,0.356068169073092,13.1286504105431,1,14.57195799999863
25,6,6,711,120,4664,4659,0.9989279588336192,0.9957627118644068,5,0.029130434782608697,0.31196488073807793,0.26443713009185615,1.9077271309655164,8,0.9990069513406157,0.9985331866519985,1,39.685547267698574,0.3962459945583571,13.338657504470369,1,16.569916000000376
25,6,6,712,120,4666,4666,1,1.0030211480362539,0,-0.02869565217391304,0.28591582309337094,0.2711533030407561,1.7916512308341528,0,1,1,1,38.50084892360272,1.0912585215571098,14.220976148712621,1,14.662624999999025
25,6,6,713,120,4619,4618,0.9997835029227106,1.0010183299389002,1,-0.03173913043478261,0.2622844218367107,0.26277378356216097,1.4929788056482114,5,1,0.9996482588814632,1,39.33531768908863,0.6960237392821649,13.886599814376035,1,16.25379199999952
25,6,6,714,120,4744,4741,0.9993676222596964,0.997828447339848,3,-0.016086956521739134,0.34333463968789335,0.35874789586819655,2.4166666666666665,14,1,0.9989561586638831,1,39.827457875037794,0.2852489633265336,13.168439205547879,1,14.938417000001209
25,6,6,715,120,4725,4725,1,1,0,0.022608695652173914,0.3227339757512791,0.23377743139963011,1.3055555555556566,0,1,1,1,37.90158692812409,1.8480223814367847,13.297822926397354,1,16.6859170000007
25,6,6,716,120,4603,4603,1,1,0,0.02173913043478261,0.3469816892804162,0.3379293951045033,3,0,1,1,1,38.36371354267265,1.5072959146090366,13.086145122939348,1,16.32391599999937
25,6,6,717,120,4727,4726,0.9997884493336154,1.0020639834881322,1,0.021304347826086957,0.28343492163505873,0.34397148919099607,1.6120702817858426,16,1,0.9996498599439776,1,39.23602657977058,0.7070095165116529,13.759712605608081,1,14.772665999998935
25,6,6,718,120,4699,4698,0.9997871887635668,1,1,-0.035652173913043476,0.39137942603073017,0.4501184981103125,3.375,7,1,0.999640933572711,1,38.82040309539945,0.6719915799272009,13.800755777814281,1,16.93104200000016
25,6,6,719,120,4682,4682,1,1.0030272452068618,0,-0.008695652173913038,0.31930039429243673,0.2725618861125841,1.4880294524603717,0,1,1,1,38.53732263506662,1.1477389495662715,14.054734743551998,1,14.768334000000323
25,6,6,720,120,4785,4782,0.9993730407523511,0.9980601357904947,3,0.09521739130434782,0.291646696633215,0.30010147403677156,2.2370702817858423,15,0.9989327641408752,0.9996503496503496,0.9989878542510121,35.39045863761604,1.0759478710104262,14.352253094534008,1,16.89191700000083
25,6,6,721,120,4652,4652,1,1.0021008403361344,0,-0.05956521739130433,0.33106915211985766,0.37343799594260413,2.722222222222323,0,1,1,1,39.48851963965064,0.4308810339289753,13.507415367641956,1,14.650458000000071
25,6,6,722,120,4606,4606,1,1,0,0.03173913043478261,0.2875010487411884,0.2430848946991948,1.3432320397090127,0,1,1,1,39.40144937748834,0.5060050059817577,13.674291776978306,1,16.18920799999978
25,6,6,723,120,4537,4535,0.9995591800749394,0.9989417989417989,2,-0.02695652173913043,0.3618819044281312,0.38327168563492414,2.4305555555556566,9,1,0.9992743105950653,1,39.551287845676285,0.4978144763334847,13.380949320061381,1,14.240416999997251
25,6,6,724,120,4674,4674,1,1.0010427528675705,0,-0.06521739130434782,0.27651697152399213,0.37413002569677095,3.033686301640349,0,1,1,1,39.27447080741481,0.6140411798984223,13.674499866647787,1,16.662666000000172
25,6,6,725,120,4736,4734,0.9995777027027027,0.9979674796747967,2,-0.010869565217391304,0.3301483862146865,0.31999752439207363,1.2916666666666667,12,0.9989583333333333,0.9996477632969355,1,38.404115075121084,0.7985787840687699,13.844931103403196,1,15.02587499999936
25,6,6,726,120,4708,4706,0.9995751911639762,0.9979296066252588,2,0.014347826086956521,0.36510974074495084,0.33130563548314573,2.958317897500516,15,1,0.9992872416250891,1,39.300124888129574,0.595515511592193,13.633878792506358,1,17.358917000001384
25,6,6,727,120,4651,4650,0.9997849924747366,0.998972250770812,1,0.03565217391304347,0.30184649116804113,0.24404750863872426,1.0416666666666667,15,1,1,0.9989165763813651,38.698477311703506,1.0572387855383945,13.759923447957329,1,14.683375000000524
25,6,6,728,120,4691,4689,0.9995736516734172,1.0010493179433368,2,0.00869565217391304,0.35211365992268157,0.4134955633606418,3.875,8,0.9989429175475687,0.9996437477734236,1,38.26566869261365,1.076755859858462,13.50741443782975,1,16.635874999999942
25,6,6,729,120,4708,4707,0.9997875955819882,1.0021598272138228,1,-0.034782608695652174,0.2788021118390975,0.2538479550499405,2,14,0.9989754098360656,1,1,39.73692052031006,0.34075304613816076,13.211774189790619,1,14.820959000000585
25,6,6,730,120,4717,4716,0.9997880008479966,1,1,0.013913043478260872,0.32833135660216184,0.28814826742420113,1.0138888888889899,2,1,1,0.9989462592202318,39.31533849109632,0.6400179129900543,13.549708221381046,1,16.87987499999872
30,1,1,701,120,5565,2752,0.4945193171608266,0.4728682170542636,2813,26.69434782608696,13876.23994214126,25903.429154436362,26010.318513280934,28772,0.5009107468123861,0.49300803332341564,0.49276672694394213,40,0,7.908850971208605,0,38.267500000001746
30,1,1,702,120,5626,2752,0.48915748311411306,0.48845470692717585,2874,24.079565217391306,13543.21050115131,25536.70382978479,25638.56484553388,28649,0.48713550600343053,0.49698976520168575,0.46836555360281196,40,0,7.991976189027895,0,36.59004199999981
30,1,1,703,120,5622,2752,0.4895055140519388,0.5013648771610555,2870,22.928695652173914,14258.093380390277,26360.52514865167,26473.99897877412,29342,0.4938488576449912,0.48779035139964266,0.49023090586145646,40,0,7.992182479337653,0,38.442000000002736
30,1,1,704,120,5569,2745,0.4929071646615191,0.46644010195412067,2824,26.925652173913036,13311.124263705942,25003.424904587067,25126.674368039236,28220,0.477088948787062,0.500148588410104,0.4867094408799267,40,0,8.033221900061465,0,37.10645900000236
30,1,1,705,120,5746,2756,0.4796380090497738,0.4623115577889447,2990,25.493913043478262,13758.744135067107,25972.47202194835,26084.237079799717,28909,0.4637554585152838,0.4862199013635045,0.475736568457539,40,0,8.07530573576639,0,37.27970899999855
30,1,1,706,120,5588,2748,0.4917680744452398,0.46102263202011734,2840,27.528695652173912,13445.85588071084,25129.921958789044,25236.490675973615,28097,0.49633699633699635,0.48817966903073284,0.4982014388489209,40,0,7.95051578379737,0,37.39383299999827
30,1,1,707,120,5554,2756,0.496218941303565,0.5130111524163569,2798,22.940434782608694,13687.1181823324,25885.905042410992,26001.788900805503,29153,0.492091388400703,0.49742033383915024,0.49687778768956287,40,0,7.95093231696081,0,36.58141700000124
30,1,1,708,120,5712,2754,0.48214285714285715,0.4520884520884521,2958,27.176956521739125,14007.038914112627,25644.609835161897,25750.82307287223,28539,0.4754816112084063,0.4868421052631579,0.4747826086956522,40,0,7.909475149464908,0,38.146333000000595
30,1,1,709,120,5661,2752,0.48613319201554495,0.462248322147651,2909,25.918260869565216,13515.04280817721,25321.84414405848,25433.328085639932,28528,0.4842381786339755,0.4784172661870504,0.5097210481825867,40,0,7.9092656285485745,0,38.22766599999886
30,1,1,710,120,5654,2755,0.4872656526353024,0.49023090586145646,2899,23.603478260869565,14161.450022458714,26302.266852315293,26413.30159984474,29331,0.48032936870997256,0.493905977945444,0.473542600896861,40,0,8.033848519594276,0,37.26487499999712
30,1,1,711,120,5613,2756,0.4910030286834135,0.4820960698689956,2857,25.41695652173913,13751.397922075299,25596.044323872928,25710.966332399406,28632,0.47192982456140353,0.4939503932244404,0.5012853470437018,40,0,8.033847701571306,0,37.69916599999851
30,1,1,712,120,5542,2755,0.49711295561169255,0.47332185886402756,2787,26.32304347826087,13226.1520153783,25037.900862533028,25145.72906400442,28334,0.4954873646209386,0.49615839243498816,0.5019047619047619,40,0,7.950518633451957,0,37.8326249999991
30,1,1,713,120,5542,2751,0.49639119451461566,0.4749568221070812,2791,25.628260869565217,13089.054872690114,24714.615494105903,24816.11347589829,27579,0.4863593603010348,0.5004476275738585,0.49379432624113473,40,0,7.991973816230202,0,36.01900000000023
30,1,1,714,120,5537,2751,0.4968394437420986,0.4850352112676056,2786,24.74695652173913,13541.561752403404,25605.05182242167,25718.403693883258,28556,0.4942084942084942,0.49413833528722156,0.5078053259871441,40,0,8.075098083364765,0,37.97770799999853
30,1,1,715,120,5617,2754,0.4902973117322414,0.5018181818181818,2863,22.42478260869565,13702.903971217196,25638.867357457162,25747.24332535928,28488,0.48353552859618715,0.49285062366899907,0.4897959183673469,40,0,8.07530423855818,0,38.019374999999854
30,1,1,716,120,5688,2749,0.4832981715893108,0.4602510460251046,2939,27.65086956521739,13347.6979696657,25201.84813567272,25318.71099782002,28366,0.4827586206896552,0.48985680190930786,0.46422182468694095,40,0,7.950516444069222,0,36.57187499999782
30,1,1,717,120,5418,2755,0.5084902177925433,0.5144995322731525,2663,22.199565217391303,13249.570033084448,24974.736806334313,25086.564788249118,27871,0.5114638447971781,0.5062787136294028,0.5122669283611384,40,0,7.909060585693109,0,36.88904199999888
30,1,1,718,120,5692,2753,0.4836612789880534,0.4705380017079419,2939,25.663478260869564,13813.315184462563,25799.502572124075,25911.004269598623,28895,0.4851569126378287,0.47917273521701137,0.4962962962962963,40,0,7.9507251084434785,0,38.42412500000137
30,1,1,719,120,5581,2755,0.4936391327719047,0.5013673655423884,2826,22.698695652173914,13552.476004156795,25535.59196853688,25643.932059893865,28501,0.4922089825847846,0.49600473512873633,0.4878487848784879,40,0,7.950516337826496,0,36.471832999999606
30,1,1,720,120,5605,2747,0.49009812667261377,0.4880636604774536,2858,24.149565217391306,13946.48919119773,26147.441494296134,26258.927938947472,29066,0.5116696588868941,0.47867019711679903,0.5036630036630036,40,0,8.033849882952952,0,37.961082999998325
30,1,1,721,120,5733,2751,0.47985347985347987,0.46070234113712377,2982,26.143478260869564,14116.726528708106,26285.85441566201,26392.757979194634,29223,0.47408666100254887,0.4810052600818235,0.48236331569664903,40,0,7.95072422818053,0,37.520416000003024
30,1,1,722,120,5600,2756,0.49214285714285716,0.4725557461406518,2844,26.33,13676.392179241975,25541.370317543257,25650.115483466438,28655,0.484903934126258,0.4881936245572609,0.5111706881143878,40,0,8.075097620252349,0,38.12133299999914
30,1,1,723,120,5640,2758,0.48900709219858157,0.4872021182700794,2882,24.57913043478261,14016.941009332815,26219.63507121604,26333.62629758859,29218,0.4831358249772106,0.5,0.46384039900249374,40,0,7.992390381296315,0,38.496125000001484
30,1,1,724,120,5587,2755,0.4931090030427779,0.5111317254174397,2832,21.58782608695652,13497.403521795519,25555.493203700196,25668.315339099874,28552,0.49911971830985913,0.49566257852228535,0.47924187725631767,40,0,8.075098434373215,0,36.775125000000116
30,1,1,725,120,5579,2751,0.493099121706399,0.4816753926701571,2828,24.945217391304347,13578.939085200549,25495.54501188397,25600.126728910476,28242,0.4990859232175503,0.4967455621301775,0.4760180995475113,40,0,8.03384707320213,0,44.633583999999246
30,1,1,726,120,5702,2754,0.4829884251139951,0.4798951048951049,2948,23.789565217391303,14271.28583760792,26506.541488145303,26605.387680738913,29376,0.45793581960104074,0.4888308674209457,0.4909255898366606,40,0,7.908854153138969,0,38.79941699999836
30,1,1,727,120,5671,2757,0.4861576441544701,0.4607679465776294,2914,26.741304347826087,13531.189772651764,25299.249417024235,25406.145839056728,28253,0.4672413793103448,0.48945022288261514,0.4956369982547993,40,0,7.950933753392733,0,36.712750000002416
30,1,1,728,120,5640,2752,0.4879432624113475,0.48586572438162545,2888,23.738260869565217,13679.780069747268,25744.437896182164,25852.865997550573,28625,0.49785038693035255,0.4878482513337285,0.47778785131459656,40,0,7.9505159734511635,0,38.24804199999926
30,1,1,729,120,5719,2754,0.4815527190068194,0.4889086069210293,2965,23.903913043478262,13907.059285288897,26166.646658483518,26278.578679644765,29202,0.4827586206896552,0.48432556801840665,0.4713493530499076,40,0,8.033641978460675,0,38.677332999999635
30,1,1,730,120,5652,2753,0.4870842179759377,0.4875886524822695,2899,24.69086956521739,14003.720454371722,26111.27220282199,26230.518257856005,29376,0.4933920704845815,0.4838422769048325,0.49038461538461536,40,0,7.95051756870413,0,37.03204199999891
30,2,2,701,120,5565,5079,0.9126684636118598,0.8664944013781223,486,7.639565217391306,1913.723729366423,3980.909482391914,4019.940850488349,4858,0.9116575591985429,0.9143112168997323,0.9086799276672695,14.38272423568633,0.16689762339273553,14.057259611784191,0,43.90016699999978
30,2,2,702,120,5626,5079,0.9027728403839318,0.8934280639431617,547,5.081304347826087,1929.8224799738668,4694.219164065882,4728.677752692999,5285,0.8970840480274442,0.9027694160144492,0.9086115992970123,14.382637675501668,0.16689630309547573,14.057258011739913,0,38.20441699999719
30,2,2,703,120,5622,5080,0.903593027392387,0.9153776160145587,542,3.986086956521739,2471.232386306287,4976.661352283898,5012.951800980393,5552,0.8998242530755711,0.9055985705777249,0.9014209591474245,14.370141038879575,0.1582214043587876,14.057252928243209,0,38.00141599999915
30,2,2,704,120,5569,5079,0.9120129287125157,0.8547153780798641,490,7.851304347826085,1520.2151148662203,3852.876917550969,3889.1758034799827,4772,0.9137466307277629,0.912332838038633,0.9092575618698442,14.382734449430346,0.166892601618849,14.057255847446534,0,36.50824999999895
30,2,2,705,120,5746,5079,0.8839192481726419,0.8425460636515912,667,6.556086956521739,2455.203723207365,5512.015171793016,5549.06381037736,6510,0.879475982532751,0.8848273861328692,0.8856152512998267,14.382687612884693,0.1669014420409298,14.057257953103475,0,38.77774999999747
30,2,2,706,120,5588,5079,0.9089119541875448,0.8432523051131601,509,8.476521739130435,1642.4300205100956,3932.83413325062,3970.0905972542882,4963,0.9157509157509157,0.9072104018912529,0.9073741007194245,14.38264902580864,0.16689970692654457,14.05726223665637,0,37.16370800000004
30,2,2,707,120,5554,5079,0.9144760532949225,0.9349442379182156,475,4.002608695652174,2236.924368284924,4560.180409312698,4600.875082785179,4950,0.8945518453427065,0.9150227617602428,0.9330954504906334,14.38267392307769,0.16689848840528343,14.05726111025921,0,38.377416999999696
30,2,2,708,120,5712,5080,0.8893557422969187,0.823914823914824,632,8.296521739130435,2276.7953833660813,5020.0312435797505,5055.016310648974,6043,0.8887915936952715,0.889766081871345,0.888695652173913,14.370200815727808,0.15821621855215054,14.057254850917774,0,37.7934580000001
30,2,2,709,120,5661,5079,0.8971913089560148,0.8439597315436241,582,6.970434782608696,1927.8686969433256,4744.3518049014665,4783.896605173575,5783,0.8957968476357268,0.8971822541966427,0.8985629754860525,14.382796273071762,0.16689984876105768,14.057261018075698,0,37.95383299999958
30,2,2,710,120,5654,5079,0.8983020870180404,0.8934280639431617,575,4.665652173913044,2657.919471414166,5172.923810291611,5210.865574699204,5784,0.8902104300091491,0.9053975623911782,0.884304932735426,14.382631372146781,0.16690250333420978,14.057261813463883,0,38.385041999998066
30,2,2,711,120,5613,5079,0.9048637092463923,0.8786026200873363,534,6.4791304347826095,2148.7595155312724,4542.6095859303305,4582.692486260124,5202,0.9122807017543859,0.9038112522686026,0.9005998286203942,14.382666489741638,0.16689988928737068,14.057257025250408,0,37.34508300000016
30,2,2,712,120,5542,5079,0.9164561530133526,0.8657487091222031,463,7.326521739130435,1676.4996110463399,3809.727892995655,3848.1617456554463,4707,0.9250902527075813,0.9125295508274232,0.92,14.382644592244676,0.16690055058231446,14.057258288030717,0,36.36395800000173
30,2,2,713,120,5542,5080,0.9166365932876218,0.8687392055267703,462,6.67695652173913,1476.5556119564142,3860.2005272431406,3899.199575639415,4652,0.9200376293508937,0.9149507609668756,0.9184397163120568,14.37013205546868,0.1582079728952869,14.05725865359382,0,37.28108400000201
30,2,2,714,120,5537,5079,0.9172837276503522,0.8855633802816901,458,5.7534782608695645,1899.5342662753096,4027.744420077384,4069.690428996279,4896,0.9237451737451737,0.9167643610785463,0.9127640036730946,14.382735704941977,0.1668948376556616,14.057257968924938,0,37.117041000001336
30,2,2,715,120,5617,5079,0.9042193341641446,0.9145454545454546,538,3.4869565217391303,2315.304793959024,5124.952984356833,5161.866488420892,5805,0.9072790294627383,0.9087313659872224,0.8886054421768708,14.38272498311649,0.1668997175962393,14.05726201422686,0,37.96783399999913
30,2,2,716,120,5688,5079,0.8929324894514767,0.8418410041841005,609,8.596521739130434,2005.079568107642,4928.605753630568,4964.477292532373,5904,0.8908045977011494,0.8970763723150358,0.8828264758497316,14.382744908196628,0.16689037426132253,14.057257338990388,0,37.265290999999706
30,2,2,717,120,5418,5079,0.9374307862679956,0.941066417212348,339,3.207826086956522,1368.534589900507,3197.0623173992476,3240.6661590241315,3514,0.9453262786596119,0.9372128637059725,0.929342492639843,14.382746749215693,0.16688970485975355,14.05725614069159,0,35.74141700000109
30,2,2,718,120,5692,5079,0.8923049894588897,0.8590947907771136,613,6.6634782608695655,2300.4273315018495,5044.982956066134,5086.028113119375,5889,0.8871925360474979,0.89163996504515,0.9,14.382769312832222,0.16689847535807667,14.057257701902031,0,37.83441699999821
30,2,2,719,120,5581,5079,0.910051962013976,0.9170464904284412,502,3.674782608695652,1989.1520084902468,4659.6150382547885,4702.662421398036,5076,0.9110907424381302,0.9106244451021012,0.9072907290729073,14.38262852295108,0.16690230125520147,14.05726053466523,0,38.57737499999712
30,2,2,720,120,5605,5079,0.9061552185548617,0.8894783377541998,526,5.211739130434783,2198.8624907987933,4597.9681502777,4643.351556740557,5041,0.9066427289048474,0.9046778464254193,0.9102564102564102,14.382702620260977,0.16689381493582556,14.057258462358492,0,37.73199999999997
30,2,2,721,120,5733,5079,0.8859236002093145,0.8411371237458194,654,7.14304347826087,2616.7203546939027,5336.38508603407,5377.830875642189,6329,0.8768054375531011,0.8898305084745762,0.8835978835978836,14.382742197603354,0.1668943857369266,14.057253854530906,0,38.37462500000038
30,2,2,722,120,5600,5079,0.9069642857142857,0.8627787307032591,521,7.357391304347824,1966.7678459036988,4267.345067295943,4302.4244910021835,5168,0.9048490393412626,0.903482880755608,0.9195710455764075,14.382727354809084,0.16689994704748098,14.05726019771599,0,36.98425000000134
30,2,2,723,120,5640,5079,0.9005319148936171,0.8879082082965578,561,5.641304347826086,2495.7499550462717,5064.984351404181,5103.120677552207,5616,0.8933454876937101,0.9020958083832336,0.9027431421446384,14.382772403702516,0.16689853267615706,14.057259616772392,0,38.00600000000122
30,2,2,724,120,5587,5079,0.9090746375514588,0.9332096474953617,508,2.591304347826087,2184.638087110584,4941.129453337749,4985.785334121042,5500,0.9102112676056338,0.9066706551002094,0.9151624548736462,14.382809727434791,0.16689732916872593,14.05725602020894,0,37.22750000000087
30,2,2,725,120,5579,5080,0.9105574475712493,0.8778359511343804,499,6.064782608695653,1821.821178088046,4139.991859547031,4177.183177981463,4918,0.9113345521023766,0.9112426035502958,0.9076923076923077,14.370157089340248,0.1582160672541404,14.057253218278488,0,37.74354099999982
30,2,2,726,120,5702,5078,0.8905647141353911,0.8793706293706294,624,4.772173913043479,2656.0236964047153,5536.9059191910055,5576.959627845607,6288,0.8777103209019947,0.8946910356832027,0.8911070780399274,14.373165610243134,0.15820701574420865,14.057255311378723,0,38.08645799999795
30,2,2,727,120,5671,5079,0.8956092399929466,0.8397328881469115,592,7.803478260869565,1960.5665910852535,4716.274215997742,4759.7100729092135,5445,0.896551724137931,0.8953937592867757,0.8952879581151832,14.382749994588716,0.1668982281557163,14.057259577938552,0,37.43254199999865
30,2,2,728,120,5640,5079,0.9005319148936171,0.8886925795053003,561,4.780434782608696,2227.749667567141,5021.886438756376,5063.662720261955,5820,0.8976784178847808,0.9010077059869591,0.9020852221214869,14.382717381448456,0.16689408193168034,14.057255890953835,0,37.67883399999846
30,2,2,729,120,5719,5080,0.8882671795768491,0.8926353149955635,639,4.971739130434782,2648.7390341985906,5841.508604410202,5876.248892935529,6354,0.8939655172413793,0.8855335058958873,0.8909426987060998,14.37017860484908,0.15821707615433123,14.057253088331057,0,38.41500000000087
30,2,2,730,120,5652,5080,0.8987968860580325,0.8918439716312057,572,5.704782608695651,2449.3455474363777,5111.961008132925,5153.077721979283,5863,0.8872246696035242,0.9009783575452119,0.9038461538461539,14.37013923828417,0.1582112352596131,14.057256322281427,0,38.18516699999964
30,3,3,701,120,5565,5077,0.9123090745732255,0.8664944013781223,488,7.639565217391306,1714.382057303827,3927.453502188249,3991.4848449408073,4861,0.9116575591985429,0.9137161559059803,0.9086799276672695,14.385689540983627,0.1668681025255251,14.057243573293677,0,37.69587500000125
30,3,3,702,120,5626,5078,0.9025950942054746,0.8934280639431617,548,5.138695652173913,1809.8047630388191,4641.344107414326,4698.182289525424,5304,0.8970840480274442,0.9024683925346177,0.9086115992970123,14.3730412895993,0.158211553207959,14.05724944807959,0,36.91258399999788
30,3,3,703,120,5622,5077,0.9030594094628246,0.9153776160145587,545,3.928695652173913,2263.6593516866637,4923.53049332638,4984.379795853373,5561,0.8998242530755711,0.9050029779630733,0.9005328596802842,14.385664956953027,0.1668722586881358,14.057248674374101,0,40.22595799999908
30,3,3,704,120,5569,5078,0.9118333632609086,0.8547153780798641,491,7.851304347826085,1392.7353050211034,3789.5815110564668,3846.3974751174615,4778,0.9137466307277629,0.9120356612184249,0.9092575618698442,14.384014143161584,0.16689191813772436,14.05725601749461,0,34.38187499999913
30,3,3,705,120,5746,5077,0.8835711799512704,0.8425460636515912,669,6.556086956521739,2249.3726211745197,5457.519378509543,5510.532389259672,6528,0.879475982532751,0.8842471714534378,0.8856152512998267,14.385657153471948,0.16686653000931434,14.057245341623782,0,38.08808300000237
30,3,3,706,120,5588,5078,0.9087329992841804,0.8432523051131601,510,8.533913043478263,1460.2664199100398,3879.572507543276,3931.9094919725017,4984,0.9157509157509157,0.9069148936170213,0.9073741007194245,14.373108429044983,0.15820981330979644,14.057256016605399,0,36.377292000001034
30,3,3,707,120,5554,5077,0.9141159524666906,0.9349442379182156,477,4.002608695652174,2038.4801180679422,4507.868859758881,4577.944122008983,4970,0.8945518453427065,0.9144157814871017,0.9330954504906334,14.38566434870392,0.16687145062868275,14.057246144517615,0,36.35516600000119
30,3,3,708,120,5712,5077,0.8888305322128851,0.823914823914824,635,8.23913043478261,2060.913385100562,4964.710179401043,5024.193178274141,6067,0.8887915936952715,0.8888888888888888,0.888695652173913,14.38565696012156,0.16687354439403615,14.057245713307871,0,38.9900000000016
30,3,3,709,120,5661,5078,0.8970146617205441,0.8439597315436241,583,7.027826086956521,1791.7010602923306,4690.745319491027,4742.24075346467,5787,0.8957968476357268,0.8968824940047961,0.8985629754860525,14.3731842107233,0.15821535397347372,14.057250016167927,0,47.479708999999275
30,3,3,710,120,5654,5080,0.8984789529536611,0.8934280639431617,574,4.72304347826087,2389.7054012036024,5099.904376940338,5163.115891528653,5782,0.8902104300091491,0.9056877539175856,0.884304932735426,14.370131396825213,0.15821681960666667,14.057252633039015,0,39.65341699999772
30,3,3,711,120,5613,5077,0.9045073935506859,0.8786026200873363,536,6.4791304347826095,1870.750919216202,4489.542320261776,4553.418431508203,5257,0.9122807017543859,0.9032062915910466,0.9005998286203942,14.385684442140963,0.16686949702930842,14.057242339583867,0,39.716958000000886
30,3,3,712,120,5542,5078,0.9162757127390834,0.8657487091222031,464,7.3839130434782625,1495.6446697874305,3757.0321888123144,3818.476864575781,4709,0.9250902527075813,0.9122340425531915,0.92,14.373190469211638,0.15821062665227512,14.057250050407333,0,34.97091700000237
30,3,3,713,120,5542,5078,0.9162757127390834,0.8687392055267703,464,6.67695652173913,1313.3504872321842,3806.781239058885,3863.203230480332,4653,0.9200376293508937,0.9143539242017308,0.9184397163120568,14.373177840442464,0.1582103948618322,14.057250816032704,0,34.08954100000119
30,3,3,714,120,5537,5078,0.9171031244356149,0.8855633802816901,459,5.810869565217391,1735.437536136995,3974.968422964969,4037.169344371379,4897,0.9237451737451737,0.9164712778429074,0.9127640036730946,14.373202716066913,0.15820678228056032,14.057252629632359,0,37.41804199999751
30,3,3,715,120,5617,5077,0.9038632722093645,0.9145454545454546,540,3.4869565217391303,2019.6373582594624,5071.400638676135,5129.566259932792,5833,0.9072790294627383,0.9081229084271372,0.8886054421768708,14.38570975968292,0.1668695413670047,14.057244114845131,0,37.52875000000131
30,3,3,716,120,5688,5079,0.8929324894514767,0.8418410041841005,609,8.65391304347826,1825.5413693223863,4865.891670025076,4923.965991262899,5904,0.8908045977011494,0.8970763723150358,0.8828264758497316,14.371600989080848,0.15820427551010366,14.05725734964294,0,35.70341700000063
30,3,3,717,120,5418,5078,0.9372462163159837,0.941066417212348,340,3.265217391304348,1279.3157485356596,3145.3972517182997,3225.6952501153046,3555,0.9453262786596119,0.936906584992343,0.929342492639843,14.373208705649708,0.1582141440375238,14.057251104108849,0,33.50787499999933
30,3,3,718,120,5692,5077,0.8919536191145467,0.8590947907771136,615,6.6634782608695655,2111.2780505390588,4990.957657701105,5052.414287825873,5908,0.8863443596268024,0.89163996504515,0.899074074074074,14.385651128745318,0.16687905602561673,14.05725052366069,0,37.518958000000566
30,3,3,719,120,5581,5078,0.9098727826554381,0.9170464904284412,503,3.732173913043478,1856.5404528638057,4606.918896556524,4678.519628477105,5109,0.9110907424381302,0.9103284995560816,0.9072907290729073,14.373188538850192,0.15821577566035264,14.05724814393183,0,36.37041699999827
30,3,3,720,120,5605,5079,0.9061552185548617,0.8894783377541998,526,5.269130434782609,2010.0403589631055,4535.305250001053,4613.4759054051065,5041,0.9066427289048474,0.9046778464254193,0.9102564102564102,14.371539241771428,0.15820856064273167,14.057258642366788,0,38.681916999998066
30,3,3,721,120,5733,5078,0.8857491714634572,0.8411371237458194,655,7.14304347826087,2359.079332943688,5272.969060042357,5330.55732039709,6333,0.8768054375531011,0.8895382817066043,0.8835978835978836,14.38406678954739,0.1668946632198964,14.057258018985806,0,38.61712500000067
30,3,3,722,120,5600,5077,0.9066071428571428,0.8627787307032591,523,7.357391304347824,1795.00706287826,4213.402740016536,4270.034476536667,5186,0.9048490393412626,0.9031877213695395,0.9186773905272565,14.385695058513383,0.1668723324083741,14.057247611585405,0,37.91120900000169
30,3,3,723,120,5640,5078,0.900354609929078,0.8879082082965578,562,5.698695652173914,2266.4198304285997,5012.4233465177085,5082.088129186708,5626,0.8924339106654512,0.9020958083832336,0.9027431421446384,14.373153863272059,0.15821467267740197,14.057248203457478,0,39.76224999999977
30,3,3,724,120,5587,5078,0.9088956506175049,0.9332096474953617,509,2.648695652173913,1947.2556639403933,4888.49281729915,4954.53529764336,5514,0.9102112676056338,0.9063715225845049,0.9151624548736462,14.373234464227318,0.15821064536997267,14.057251042954961,0,36.68204100000003
30,3,3,725,120,5579,5078,0.9101989603871662,0.8778359511343804,501,6.064782608695653,1609.5832293376825,4086.759124719215,4147.907573631151,4934,0.9104204753199269,0.9109467455621302,0.9076923076923077,14.37305770758809,0.1582127897592962,14.057250052547188,0,37.010082999997394
30,3,3,726,120,5702,5077,0.8903893370747106,0.8793706293706294,625,4.714782608695653,2473.8598013351843,5463.038382488021,5527.4195441786915,6296,0.8777103209019947,0.8944009283434871,0.8911070780399274,14.385694875179832,0.1668709668669779,14.057247569148032,0,39.03891699999804
30,3,3,727,120,5671,5078,0.8954329042496915,0.8397328881469115,593,7.860869565217391,1794.6758613913921,4663.165198985497,4719.660282207528,5448,0.896551724137931,0.8950965824665676,0.8952879581151832,14.37316015880463,0.1582067416780008,14.05725044688222,0,36.810874999999214
30,3,3,728,120,5640,5079,0.9005319148936171,0.8886925795053003,561,4.780434782608696,2066.732000950443,4948.864723038877,5012.342925040079,5820,0.8976784178847808,0.9010077059869591,0.9020852221214869,14.3826804205182,0.16689514106121495,14.057256869064657,0,38.25274999999965
30,3,3,729,120,5719,5077,0.8877426123448156,0.8926353149955635,642,4.914347826086956,2489.0704739940975,5788.723775706283,5854.7022713096585,6412,0.8939655172413793,0.8849582973828013,0.890018484288355,14.385639586856831,0.16688174628328734,14.057252192183784,0,38.36445800000001
30,3,3,730,120,5652,5077,0.8982661004953999,0.8918439716312057,575,5.647391304347826,2252.4981903407192,5058.809486087507,5132.672421690716,5910,0.8872246696035242,0.9000889415950193,0.9038461538461539,14.385663625590986,0.1668731486057643,14.057247891975193,0,39.78216600000087
30,4,4,701,120,5565,5077,0.9123090745732255,0.8664944013781223,488,7.639565217391306,1686.5241116376721,3891.125220115778,3983.1447974127527,4861,0.9116575591985429,0.9137161559059803,0.9086799276672695,14.385719462918955,0.16686810252552556,14.057243573293677,0,37.85704199999964
30,4,4,702,120,5626,5078,0.9025950942054746,0.8934280639431617,548,5.138695652173913,1783.5947382171591,4604.968744455063,4690.098181392898,5304,0.8970840480274442,0.9024683925346177,0.9086115992970123,14.37304929214663,0.15821155320795927,14.05724944807959,0,37.99424999999974
30,4,4,703,120,5622,5077,0.9030594094628246,0.9153776160145587,545,3.928695652173913,2234.5152757082938,4887.162589369758,4978.238029452463,5561,0.8998242530755711,0.9050029779630733,0.9005328596802842,14.385667274769423,0.16687235980992313,14.057248469016693,0,39.54212499999994
30,4,4,704,120,5569,5078,0.9118333632609086,0.8547153780798641,491,7.851304347826085,1368.660725167523,3753.134238953759,3837.7816144604753,4778,0.9137466307277629,0.9120356612184249,0.9092575618698442,14.384043455416235,0.16689191813772492,14.05725601749461,0,36.13445800000045
30,4,4,705,120,5746,5077,0.8835711799512704,0.8425460636515912,669,6.556086956521739,2221.0707609341102,5421.177505450777,5501.016750965081,6528,0.879475982532751,0.8842471714534378,0.8856152512998267,14.385660461087335,0.16686653000931434,14.057245341623783,0,39.09225000000151
30,4,4,706,120,5588,5078,0.9087329992841804,0.8432523051131601,510,8.533913043478263,1434.3664624521195,3843.141505186301,3925.010857877051,4984,0.9157509157509157,0.9069148936170213,0.9073741007194245,14.373112255084289,0.15820981330979644,14.057256016605399,0,37.0580000000009
30,4,4,707,120,5554,5077,0.9141159524666906,0.9349442379182156,477,4.002608695652174,2011.7267687637484,4471.540200207298,4570.598181392898,4970,0.8945518453427065,0.9144157814871017,0.9330954504906334,14.385656519689462,0.1668715583836204,14.057246265197149,0,37.2164159999993
30,4,4,708,120,5712,5077,0.8888305322128851,0.823914823914824,635,8.23913043478261,2031.2998213140104,4928.361457544361,5015.034645472316,6067,0.8887915936952715,0.8888888888888888,0.888695652173913,14.385692195369131,0.16687301742640637,14.057245507950464,0,40.692666999999346
30,4,4,709,120,5661,5078,0.8970146617205441,0.8439597315436241,583,7.027826086956521,1765.5187226116225,4654.374162106748,4735.312423250093,5787,0.8957968476357268,0.8968824940047961,0.8985629754860525,14.373173360247478,0.1582145651886882,14.057250342204867,0,36.85529200000019
30,4,4,710,120,5654,5079,0.8983020870180404,0.8934280639431617,575,4.72304347826087,2362.0746678617793,5073.644576614805,5167.612070281787,5784,0.8902104300091491,0.9053975623911782,0.884304932735426,14.371538396389765,0.15820825490159016,14.057256353491773,0,40.61529200000223
30,4,4,711,120,5613,5077,0.9045073935506859,0.8786026200873363,536,6.4791304347826095,1841.8995091812926,4453.2443119369555,4547.6855049087435,5257,0.9122807017543859,0.9032062915910466,0.9005998286203942,14.385691758309235,0.16686949702930856,14.057242339583867,0,38.33458300000348
30,4,4,712,120,5542,5078,0.9162757127390834,0.8657487091222031,464,7.3839130434782625,1470.6749202575004,3720.683880840403,3810.3204036151196,4709,0.9250902527075813,0.9122340425531915,0.92,14.373220904718067,0.1582102649341074,14.057250376444273,0,36.187165999999706
30,4,4,713,120,5542,5078,0.9162757127390834,0.8687392055267703,464,6.67695652173913,1290.4020371225595,3770.4145403509187,3855.393838242077,4653,0.9200376293508937,0.9143539242017308,0.9184397163120568,14.373169060259265,0.15821039486183208,14.057250816032704,0,34.17137499999808
30,4,4,714,120,5537,5078,0.9171031244356149,0.8855633802816901,459,5.810869565217391,1709.0209828164284,3938.571989641059,4027.9195441786906,4897,0.9237451737451737,0.9164712778429074,0.9127640036730946,14.373159612449697,0.15820672973753144,14.057252955669298,0,36.40166699999827
30,4,4,715,120,5617,5077,0.9038632722093645,0.9145454545454546,540,3.4869565217391303,1991.436671628611,5035.077623542963,5122.904696119128,5833,0.9072790294627383,0.9081229084271372,0.8886054421768708,14.385681171179945,0.16686998013620627,14.057244440882071,0,39.39783399999942
30,4,4,716,120,5688,5079,0.8929324894514767,0.8418410041841005,609,8.65391304347826,1801.206576106304,4829.464604111811,4917.154696119128,5904,0.8908045977011494,0.8970763723150358,0.8828264758497316,14.371601416247957,0.15820427551010366,14.05725734964294,0,35.703999999997905
30,4,4,717,120,5418,5078,0.9372462163159837,0.941066417212348,340,3.265217391304348,1256.2569964439278,3109.02728181442,3218.773787595265,3555,0.9453262786596119,0.936906584992343,0.929342492639843,14.373236433515821,0.15821414403752382,14.057251104108849,0,34.777750000001106
30,4,4,718,120,5692,5078,0.8921293042867182,0.8590947907771136,614,6.7208695652173915,2083.7404277665,4955.423038530613,5041.73802945246,5900,0.8863443596268024,0.89163996504515,0.9,14.373217313604124,0.15820755133752346,14.057252023205633,0,38.7242499999993
30,4,4,719,120,5581,5078,0.9098727826554381,0.9170464904284412,503,3.732173913043478,1830.5139430707598,4570.557950614799,4671.432473896905,5109,0.9110907424381302,0.9103284995560816,0.9072907290729073,14.373178125247096,0.1582157581446629,14.05724846996877,0,37.652374999997846
30,4,4,720,120,5605,5079,0.9061552185548617,0.8894783377541998,526,5.211739130434783,1980.2553119595061,4488.390529492449,4596.901665107289,5041,0.9066427289048474,0.9046778464254193,0.9102564102564102,14.38261638993125,0.16689517276198135,14.057259440469315,0,48.325958999997965
30,4,4,721,120,5733,5077,0.8855747427175998,0.8411371237458194,656,7.14304347826087,2332.0416122043107,5245.981192067584,5333.9275245437175,6336,0.8768054375531011,0.8892460549386324,0.8835978835978836,14.385596409454843,0.16687177761583716,14.0572471730669,0,39.898417000000336
30,4,4,722,120,5600,5077,0.9066071428571428,0.8627787307032591,523,7.357391304347824,1766.7727312859502,4177.0341352756095,4263.876918341351,5186,0.9048490393412626,0.9031877213695395,0.9186773905272565,14.385664190987034,0.1668723324083741,14.057247611585405,0,39.10004200000185
30,4,4,723,120,5640,5078,0.900354609929078,0.8879082082965578,562,5.698695652173914,2237.0533300857023,4976.066283714927,5075.28863565483,5626,0.8924339106654512,0.9020958083832336,0.9027431421446384,14.373145083088877,0.1582146726774019,14.057248203457478,0,39.08191699999952
30,4,4,724,120,5587,5077,0.9087166636835511,0.9332096474953617,510,2.591304347826087,1918.8035036934518,4851.584609678636,4947.570403615121,5520,0.9102112676056338,0.9060723900688005,0.9151624548736462,14.385713685845781,0.16686718100482612,14.05724161190313,0,37.96583299999838
30,4,4,725,120,5579,5078,0.9101989603871662,0.8778359511343804,501,6.064782608695653,1583.1430627545137,4050.3679592037524,4139.395756583427,4934,0.9104204753199269,0.9109467455621302,0.9076923076923077,14.373058667737519,0.1582127897592973,14.057250052547188,0,36.60212499999761
30,4,4,726,120,5702,5077,0.8903893370747106,0.8793706293706294,625,4.714782608695653,2444.3020928601377,5426.681372990002,5521.379949353189,6296,0.8777103209019947,0.8944009283434871,0.8911070780399274,14.3856687792838,0.1668709668669779,14.057247569148032,0,41.0344159999986
30,4,4,727,120,5671,5078,0.8954329042496915,0.8397328881469115,593,7.860869565217391,1768.0376106113963,4626.797763087564,4711.030655289803,5448,0.896551724137931,0.8950965824665676,0.8952879581151832,14.373106762209595,0.1582067416780002,14.05725044688222,0,37.36533299999792
30,4,4,728,120,5640,5077,0.900177304964539,0.8886925795053003,563,4.780434782608696,2040.630421599121,4931.930519483276,5026.787676484154,5823,0.8968185726569218,0.9007113218731476,0.9020852221214869,14.385719260889159,0.16686039855523188,14.057238280915064,0,39.06716599999709
30,4,4,729,120,5719,5077,0.8877426123448156,0.8926353149955635,642,4.914347826086956,2460.773463001192,5752.330200562663,5847.102171575413,6412,0.8939655172413793,0.8849582973828013,0.890018484288355,14.385641492597273,0.16688174628328734,14.057252192183784,0,39.141999999999825
30,4,4,730,120,5652,5077,0.8982661004953999,0.8918439716312057,575,5.647391304347826,2223.6235845651704,5022.41849912375,5123.9275245437175,5910,0.8872246696035242,0.9000889415950193,0.9038461538461539,14.38567293875648,0.16687314860576447,14.057247891975193,0,40.33079199999702
30,6,6,701,120,5565,5077,0.9123090745732255,0.8664944013781223,488,7.639565217391306,1659.5602779052917,3854.502830569838,3977.680555555556,4861,0.9116575591985429,0.9137161559059803,0.9086799276672695,14.385714158306323,0.16686810252552509,14.057243573293677,0,39.47412500000064
30,6,6,702,120,5626,5078,0.9025950942054746,0.8934280639431617,548,5.138695652173913,1758.893925572776,4568.303102987355,4684.166666666667,5304,0.8970840480274442,0.9024683925346177,0.9086115992970123,14.37301963912885,0.15821119145761847,14.05724977411653,0,37.5279580000024
30,6,6,703,120,5622,5078,0.9032372821060121,0.9153776160145587,544,3.928695652173913,2203.965821582559,4840.381743394552,4961.694444444445,5559,0.8998242530755711,0.905300774270399,0.9005328596802842,14.384041907562683,0.16688883878289743,14.057253107559182,0,41.805874999998196
30,6,6,704,120,5569,5079,0.9120129287125157,0.8547153780798641,490,7.851304347826085,1347.4690321273945,3706.665686848533,3822.5882826865213,4772,0.9137466307277629,0.912332838038633,0.9092575618698442,14.382735424138168,0.16689260161884967,14.057255847446534,0,36.401583000002574
30,6,6,705,120,5746,5078,0.8837452140619562,0.8425460636515912,668,6.613478260869565,2197.1089477362384,5385.587140396608,5494.625,6515,0.879475982532751,0.8845372787931535,0.8856152512998267,14.373138384780331,0.15820755517869725,14.05725179238127,0,39.43279199999961
30,6,6,706,120,5588,5078,0.9087329992841804,0.8432523051131601,510,8.533913043478263,1409.497261312633,3806.427846714426,3920.152777777778,4984,0.9157509157509157,0.9069148936170213,0.9073741007194245,14.373112255084287,0.1582098133097967,14.0572560166054,0,38.35579199999847
30,6,6,707,120,5554,5078,0.9142960028808066,0.9349442379182156,476,4.06,1987.6025658433857,4434.829783379611,4564.996009817488,4954,0.8945518453427065,0.9147192716236723,0.9330954504906334,14.373122236070465,0.1582111216035059,14.057250493024819,0,38.843041000000085
30,6,6,708,120,5712,5077,0.8888305322128851,0.823914823914824,635,8.23913043478261,2002.5680287273233,4891.7283715980775,5009.884898706377,6067,0.8887915936952715,0.8888888888888888,0.888695652173913,14.38567766014817,0.16687354439403737,14.057245713307871,0,42.77337500000067
30,6,6,709,120,5661,5078,0.8970146617205441,0.8439597315436241,583,7.027826086956521,1740.3301920232325,4617.701616798063,4730.180555555556,5787,0.8957968476357268,0.8968824940047961,0.8985629754860525,14.373143511607553,0.15821535397347372,14.057250016167927,0,39.47195799999827
30,6,6,710,120,5654,5079,0.8983020870180404,0.8934280639431617,575,4.665652173913044,2331.0093498532447,5026.53920871465,5154.737070281786,5784,0.8902104300091491,0.9053975623911782,0.884304932735426,14.382582957614288,0.16689814404432002,14.057259531205306,0,41.949375000000146
30,6,6,711,120,5613,5077,0.9045073935506859,0.8786026200873363,536,6.4791304347826095,1814.8879249902243,4416.652285849094,4544.76388888889,5257,0.9122807017543859,0.9032062915910466,0.9005998286203942,14.385648270001973,0.16686949702930975,14.057242339583867,0,39.56999999999971
30,6,6,712,120,5542,5078,0.9162757127390834,0.8657487091222031,464,7.3839130434782625,1447.1221183602763,3684.0146973072065,3806.152777777778,4709,0.9250902527075813,0.9122340425531915,0.92,14.373228547091047,0.158210626652275,14.057250050407333,0,37.80120800000077
30,6,6,713,120,5542,5078,0.9162757127390834,0.8687392055267703,464,6.67695652173913,1268.78584084077,3733.752673674322,3852.6944444444453,4653,0.9200376293508937,0.9143539242017308,0.9184397163120568,14.373181451241157,0.15820911991155948,14.05725134742705,0,34.72150000000329
30,6,6,714,120,5537,5078,0.9171031244356149,0.8855633802816901,459,5.810869565217391,1684.0873073861715,3901.8797772746407,4023.676565373042,4897,0.9237451737451737,0.9164712778429074,0.9127640036730946,14.373174714430414,0.15820678228056026,14.057252629632359,0,38.689542000000074
30,6,6,715,120,5617,5077,0.9038632722093645,0.9145454545454546,540,3.4869565217391303,1964.492459989473,4998.4625863901365,5117.574393797632,5833,0.9072790294627383,0.9081229084271372,0.8886054421768708,14.385710455767581,0.1668699914314082,14.05724476691901,0,39.23504200000025
30,6,6,716,120,5688,5079,0.8929324894514767,0.8418410041841005,609,8.65391304347826,1778.0926438275576,4792.772680383226,4913.4771715754105,5904,0.8908045977011494,0.8970763723150358,0.8828264758497316,14.371565770255932,0.15821073894108242,14.057258399757083,0,37.459915999999794
30,6,6,717,120,5418,5078,0.9372462163159837,0.941066417212348,340,3.265217391304348,1234.247258288265,3072.3708445988686,3216.223181392897,3555,0.9453262786596119,0.936906584992343,0.929342492639843,14.373226169906486,0.1582137823106971,14.057251430145788,0,35.43575000000055
30,6,6,718,120,5692,5079,0.8923049894588897,0.8590947907771136,613,6.6634782608695655,2053.1771644012065,4898.751000418252,5022.972222222223,5889,0.8871925360474979,0.89163996504515,0.9,14.382675693319905,0.16689898731194783,14.057258027938973,0,40.861832999999024
30,6,6,719,120,5581,5078,0.9098727826554381,0.9170464904284412,503,3.732173913043478,1805.3644595512792,4533.884093447927,4665.541666666667,5109,0.9110907424381302,0.9103284995560816,0.9072907290729073,14.373176191839649,0.15821577566035222,14.057248143931831,0,39.23633300000074
30,6,6,720,120,5605,5079,0.9061552185548617,0.8894783377541998,526,5.211739130434783,1953.832935870151,4451.656701236793,4593.129949353188,5041,0.9066427289048474,0.9046778464254193,0.9102564102564102,14.382613432784588,0.16689517276198146,14.057259440469315,0,39.15550000000076
30,6,6,721,120,5733,5077,0.8855747427175998,0.8411371237458194,656,7.14304347826087,2304.07717758707,5209.3300386904375,5329.38888888889,6336,0.8768054375531011,0.8892460549386324,0.8835978835978836,14.385639303172546,0.16687178243122944,14.0572471730669,0,42.33695799999987
30,6,6,722,120,5600,5077,0.9066071428571428,0.8627787307032591,523,7.357391304347824,1739.551700683734,4140.402847014455,4260.032727130965,5186,0.9048490393412626,0.9031877213695395,0.9186773905272565,14.38568792485867,0.16687233240837474,14.057247611585405,0,39.76116700000057
30,6,6,723,120,5640,5078,0.900354609929078,0.8879082082965578,562,5.698695652173914,2208.6210523516024,4939.409864267632,5071.472222222223,5626,0.8924339106654512,0.9020958083832336,0.9027431421446384,14.373147430554836,0.1582146726774021,14.057248203457478,0,40.850625000002765
30,6,6,724,120,5587,5078,0.9088956506175049,0.9332096474953617,509,2.648695652173913,1895.4657489153524,4815.4358664316405,4940.88888888889,5514,0.9102112676056338,0.9063715225845049,0.9151624548736462,14.373172298856195,0.15821113119647412,14.057250716918022,0,38.06433300000208
30,6,6,725,120,5579,5078,0.9101989603871662,0.8778359511343804,501,6.064782608695653,1557.8979303759168,4013.675549648226,4136.152777777778,4934,0.9104204753199269,0.9109467455621302,0.9076923076923077,14.37305515111028,0.15821230393224434,14.05725037858413,0,38.29620900000009
30,6,6,726,120,5702,5077,0.8903893370747106,0.8793706293706294,625,4.714782608695653,2415.4619572877377,5390.0474237376675,5518.777777777778,6296,0.8777103209019947,0.8944009283434871,0.8911070780399274,14.38569208598834,0.1668709668669779,14.057247569148032,0,41.1207089999989
30,6,6,727,120,5671,5078,0.8954329042496915,0.8397328881469115,593,7.860869565217391,1742.4240670885056,4590.138988186028,4706.76388888889,5448,0.896551724137931,0.8950965824665676,0.8952879581151832,14.373112417290967,0.15820674167800006,14.05725044688222,0,39.12262499999997
30,6,6,728,120,5640,5077,0.900177304964539,0.8886925795053003,563,4.780434782608696,2014.1814745945364,4895.33523909861,5023.097222222223,5823,0.8968185726569218,0.9007113218731476,0.9020852221214869,14.385724306289822,0.1668603985552333,14.057238280915064,0,39.97137499999735
30,6,6,729,120,5719,5077,0.8877426123448156,0.8926353149955635,642,4.914347826086956,2433.636721609525,5715.658912938247,5844.01388888889,6412,0.8939655172413793,0.8849582973828013,0.890018484288355,14.385641492597264,0.166881746283288,14.057252192183787,0,40.192874999997
30,6,6,730,120,5652,5077,0.8982661004953999,0.8918439716312057,575,5.647391304347826,2195.5818484382635,4985.762923475953,5120,5910,0.8872246696035242,0.9000889415950193,0.9038461538461539,14.385684157662418,0.16687314860576533,14.057247891975193,0,41.135167000000365
45,1,1,701,120,8295,2754,0.33200723327305603,0.3237198351971748,5541,47.18608695652174,18390.008244357767,34088.025066065486,34221.738489016265,37970,0.3204968944099379,0.33631129640659124,0.3300970873786408,40,0,7.9505184580380925,0,77.24662499999977
45,1,1,702,120,8346,2753,0.32985861490534385,0.3256501182033097,5593,46.36086956521739,18187.298034915068,33692.51011006692,33834.69857882066,37714,0.3304042179261863,0.33036977167104464,0.32781065088757394,40,0,7.9507248071811665,0,56.694541000000754
45,1,1,703,120,8460,2755,0.3256501182033097,0.3283671036948749,5705,46.7795652173913,18462.759326905096,34255.44688757228,34395.01798867043,38165,0.33313325330132054,0.3236903831118061,0.32419547079856975,40,0,7.9507236401088806,0,57.3325420000001
45,1,1,704,120,8475,2752,0.3247197640117994,0.3205351948807446,5723,48.014347826086954,18259.612711136382,33840.060322884856,33986.96933795671,37932,0.31780167264038234,0.3302361595044522,0.3143730886850153,40,0,7.867808516840767,0,58.23016600000119
45,1,1,705,120,8570,2749,0.3207701283547258,0.31828703703703703,5821,48.06478260869565,18404.72054798641,34368.665854690815,34518.21525057767,38391,0.33135743924125666,0.32090417310664604,0.309900410076157,40,0,7.950516521241454,0,58.90116699999999
45,1,1,706,120,8534,2749,0.32212327161940474,0.32582938388625593,5785,46.643478260869564,18376.98406685312,34125.78402051419,34269.82043808682,37985,0.3323371189479976,0.321184954199961,0.315028901734104,40,0,7.8676018582535745,0,57.50300000000061
45,1,1,707,120,8343,2751,0.32973750449478606,0.32180539273153574,5592,47.68826086956522,18363.619557756563,33976.24185749667,34114.76478683994,38039,0.31713100177830467,0.33005222981116916,0.34147794994040526,40,0,8.033224260066756,0,58.20366600000125
45,1,1,708,120,8294,2757,0.33240897034000483,0.31378132118451024,5537,50.00739130434783,18047.51219287428,33387.480044826596,33533.67289817261,37341,0.33353474320241694,0.33226065969428803,0.3317336532693461,40,0,7.950723907312501,0,56.462665999999444
45,1,1,709,120,8379,2756,0.32891753192505074,0.3256501182033097,5623,47.71782608695652,18145.894177103095,33596.05280432551,33743.40870226117,37638,0.3311337732453509,0.3209703287890938,0.34976798143851506,40,0,7.992182390757676,0,55.82945800000016
45,1,1,710,120,8459,2754,0.32557039839224494,0.31831311380704796,5705,48.485217391304346,18140.472643641406,33742.25593825763,33897.08033118718,37954,0.3339253996447602,0.32959464777646597,0.30509478672985785,40,0,8.07509684642901,0,58.12845799999923
45,1,1,711,120,8404,2755,0.3278200856734888,0.313960113960114,5649,50.08695652173913,18117.92170089745,33611.139308792015,33750.369520237036,37532,0.3198090692124105,0.32926829268292684,0.3314020857473928,40,0,7.99218399918064,0,58.150416000000405
45,1,1,712,120,8377,2754,0.32875731168676137,0.3188908145580589,5623,47.98913043478261,18331.487445277155,33893.01397519169,34031.834404990455,37755,0.32270916334661354,0.33392999204455054,0.31909547738693467,40,0,7.868016532170203,0,69.44512499999837
45,1,1,713,120,8478,2759,0.32543052606746875,0.3252656434474616,5719,47.37913043478261,18513.376369617712,34535.22588475957,34673.76910592245,38310,0.3327294685990338,0.3292964244521338,0.3055555555555556,40,0,7.9921830333667785,0,59.294708999997965
45,1,1,714,120,8552,2755,0.3221468662301216,0.30324711062190424,5797,52.92478260869565,18098.289891205888,33682.4435339462,33826.989364331406,37609,0.3147295742232451,0.32117213273821077,0.3329319686935581,40,0,7.992181130809542,0,59.016083999998955
45,1,1,715,120,8397,2754,0.3279742765273312,0.33866995073891626,5643,44.62826086956522,18188.6670492019,34030.09297280301,34176.2380091003,38015,0.3335304553518628,0.3270264887472615,0.3252225519287834,40,0,7.909060001720445,0,56.762666999999055
45,1,1,716,120,8496,2753,0.3240348399246704,0.3057713651498335,5743,51.66347826086957,18206.827160935583,33772.10610723782,33915.514456268764,37631,0.3176043557168784,0.3300233644859813,0.31224370240187466,40,0,8.033638206499527,0,57.79833399999916
45,1,1,717,120,8297,2754,0.3319272026033506,0.317762399077278,5543,48.83086956521739,18293.43235143419,33926.12114284937,34069.25598198001,37893,0.3412264723740134,0.3312662532506501,0.3246517262265294,40,0,7.992181098709987,0,56.95866599999863
45,1,1,718,120,8401,2755,0.3279371503392453,0.3108108108108108,5646,51.17304347826087,18232.112167643474,33745.44128571804,33886.94181612356,37706,0.3290676416819013,0.32572328281834284,0.33353186420488384,40,0,7.950930411374515,0,55.91041699999914
45,1,1,719,120,8456,2755,0.32580416272469254,0.32994011976047904,5701,47.53521739130435,18464.448370567883,34185.95578474773,34323.784735199886,38140,0.3423529411764706,0.31980099502487563,0.3269786250722126,40,0,7.95072499186293,0,58.40466700000252
45,1,1,720,120,8387,2757,0.32872302372719686,0.34760705289672544,5630,42.453478260869566,18484.197641707276,34350.52310839757,34490.95918247011,38316,0.31928783382789316,0.33071816535908266,0.3321779318313114,40,0,7.992390381493197,0,58.29858299999978
45,1,1,721,120,8387,2755,0.32848455943722427,0.3205351948807446,5632,48.71521739130435,18065.636923467995,33702.69410573188,33844.807579918815,37488,0.3238153098420413,0.32745990892892496,0.336094674556213,40,0,7.992179493119202,0,55.86587500000314
45,1,1,722,120,8611,2752,0.31959122053187783,0.3107344632768362,5859,51.02739130434782,18614.185289317593,34430.908945456766,34572.40822856663,38496,0.3105022831050228,0.3206047683659624,0.32588235294117646,40,0,7.950517741088938,0,59.20966700000281
45,1,1,723,120,8331,2756,0.33081262753571,0.33133253301320525,5575,46.904782608695655,18385.24684720178,34107.902944483736,34256.197406123865,38252,0.3442319555829735,0.3291240729605131,0.3230679837303893,40,0,7.950931619617374,0,58.35520800000086
45,1,1,724,120,8512,2757,0.3238956766917293,0.3090705487122061,5755,52.332608695652176,18261.65214530854,33799.09947481476,33940.97015176328,37670,0.33042466550319954,0.3234601804629266,0.3185840707964602,40,0,7.992389004767637,0,56.63162499999817
45,1,1,725,120,8471,2758,0.32558139534883723,0.323943661971831,5713,48.15217391304348,18514.126112494825,34433.66443607106,34577.81707512157,38398,0.34430225472273,0.3236903831118061,0.31330221703617267,40,0,7.950931357582664,0,58.071499999998196
45,1,1,726,120,8420,2757,0.3274346793349169,0.3137478608100399,5663,51.56130434782609,18430.6552318609,33949.23973276525,34090.3888821354,37703,0.30306603773584906,0.33833233353329334,0.3197910621009867,40,0,7.991973455953857,0,57.32666700000118
45,1,1,727,120,8447,2754,0.3260329110926956,0.31046119235095615,5693,52.557826086956524,18389.385833404922,33900.65425501146,34041.48026399577,37731,0.3230586840545347,0.32651455546813535,0.3275656324582339,40,0,8.075305943082931,0,55.95466699999815
45,1,1,728,120,8471,2754,0.32510919608074607,0.31232254400908577,5717,50.66,18185.060410523798,33803.98829537192,33952.55823485431,37715,0.33057362507392074,0.32803921568627453,0.3107142857142857,40,0,7.909057987932292,0,55.822917000001326
45,1,1,729,120,8324,2755,0.33097068716962996,0.3305237808549067,5569,45.12130434782609,18228.520482101303,33558.39786401229,33696.66312123588,37403,0.3317422434367542,0.3311337732453509,0.3296903460837887,40,0,7.950306847923625,0,57.098957999998674
45,1,1,730,120,8319,2756,0.33128981848779904,0.31833910034602075,5563,49.31608695652174,17948.34999638001,33381.51240175828,33523.11624845875,37261,0.32919621749408984,0.3276071139854487,0.34425253126861227,40,0,8.075306757187633,0,55.0982499999991
45,2,2,701,120,8295,5078,0.612176009644364,0.5921130076515597,3217,28.215652173913043,10239.691667225465,19630.289303805544,19694.409282358287,22025,0.5888198757763975,0.6190192574945405,0.6140776699029126,14.37309613616163,0.15821054773146712,14.05724879063992,0,60.17779199999859
45,2,2,702,120,8346,5078,0.6084351785286365,0.5945626477541371,3268,27.4195652173913,10031.993840823203,19451.705846105757,19519.15066439954,21965,0.6063268892794376,0.608405738533037,0.6106508875739645,14.373167823436374,0.15821215449050133,14.057250541701032,0,58.51629099999991
45,2,2,703,120,8460,5077,0.6001182033096927,0.599523241954708,3383,27.78608695652174,10466.654677724508,20305.1376813191,20384.861007830707,22899,0.6020408163265306,0.6014464425332291,0.5941597139451729,14.385629422108552,0.16687539822476485,14.057248501989292,0,59.18170800000007
45,2,2,704,120,8475,5078,0.5991740412979351,0.5852239674229203,3397,29.086956521739125,10234.63544194345,19860.383317796623,19932.550364857983,22278,0.5967741935483871,0.6012388695315525,0.5951070336391437,14.373121812739905,0.1582125695305724,14.057250397119914,0,62.088041000002704
45,2,2,705,120,8570,5078,0.5925320886814469,0.5821759259259259,3492,29.08217391304348,10633.719081056111,20682.736502794833,20752.039353481112,23207,0.6040308239478364,0.5861669242658424,0.6004686584651435,14.373124463784952,0.15820933791045202,14.057252942680016,0,61.83945799999856
45,2,2,706,120,8534,5078,0.5950316381532693,0.5959715639810427,3456,27.70130434782609,10406.978619652018,20442.904308815178,20523.652445535423,23226,0.5905558876270174,0.6016371077762619,0.5797687861271676,14.373111133130784,0.15821519469968337,14.057248802047669,0,60.16483299999891
45,2,2,707,120,8343,5078,0.6086539614047705,0.5896834701055099,3265,28.686521739130434,10343.851292442792,19972.23743605734,20043.38164178598,22435,0.6182572614107884,0.6024507834471675,0.6174016686531585,14.373121645077598,0.1582113941441099,14.057252139605461,0,58.94683299999815
45,2,2,708,120,8294,5078,0.6122498191463709,0.5728929384965832,3216,31.092173913043478,9846.713175179531,19283.406126497037,19351.76047846868,21611,0.6151057401812688,0.6126307320997586,0.6082783443311338,14.37306342326661,0.15820822204839663,14.057253318085492,0,59.96099999999933
45,2,2,709,120,8379,5078,0.6060389067907865,0.5945626477541371,3301,28.77521739130435,9941.328480594091,19280.42152588814,19356.35496124286,21861,0.593881223755249,0.6016439454691259,0.6305104408352669,14.373114740338687,0.1582108387987102,14.057249195808224,0,61.896458000002895
45,2,2,710,120,8459,5078,0.6003073649367537,0.5811669555170422,3381,29.549130434782608,10250.064596156351,19988.699134348557,20056.020484367375,22299,0.5926583777383067,0.6048799685163322,0.5941943127962085,14.373141857236739,0.15820636723934117,14.057253054091651,0,58.508042000001296
45,2,2,711,120,8404,5078,0.6042360780580676,0.5732193732193732,3326,31.15086956521739,10036.273020725655,19545.813985150467,19614.485716266907,22002,0.613961813842482,0.6011595361855258,0.6037079953650057,14.373119549870625,0.15821108128043773,14.057249604760784,0,58.429542000001675
45,2,2,712,120,8377,5078,0.606183597946759,0.5811669555170422,3299,29.108695652173914,10077.547891559185,19452.29886377979,19521.530414803925,21924,0.6044393853158794,0.6097852028639618,0.5967336683417085,14.373129111221358,0.158212419859907,14.057249736352622,0,60.5413750000007
45,2,2,713,120,8478,5078,0.5989620193441849,0.5938606847697757,3400,28.437826086956523,10562.213163646793,20147.98474039007,20216.042507121103,22595,0.5851449275362319,0.5970780469050365,0.6191358024691358,14.373098149257816,0.1582139993355635,14.057249608662891,0,59.141459000002214
45,2,2,714,120,8552,5078,0.5937792329279701,0.5536598789212989,3474,34.03434782608696,10163.786270601773,19978.501892866483,20050.474965582172,22490,0.6024165707710012,0.5866485542402484,0.6068633353401566,14.373133746977365,0.1582119421976072,14.057251018180336,0,59.000874999997905
45,2,2,715,120,8397,5078,0.6047397880195308,0.6194581280788177,3319,25.709565217391305,10286.109582795742,20156.49230680995,20228.864583821265,22662,0.6055588409225311,0.6046604262099183,0.6041543026706232,14.373156163641076,0.15821149136554108,14.057249985712778,0,60.43174999999974
45,2,2,716,120,8496,5078,0.597693032015066,0.55826859045505,3418,32.748260869565215,10206.62616424439,20017.118808982104,20082.693075852243,22198,0.5983061101028433,0.6000778816199377,0.5899238429994141,14.373111565923024,0.15821351634744024,14.057250169127732,0,60.736041000000114
45,2,2,717,120,8297,5078,0.6120284440159094,0.580161476355248,3219,29.887826086956522,10184.324530277347,19604.086098477557,19671.05958138016,21872,0.6375227686703097,0.6107221444288857,0.5905511811023622,14.373194738474417,0.15821221808820068,14.05724811379141,0,70.93008299999929
45,2,2,718,120,8401,5078,0.6044518509701226,0.5664414414414415,3323,32.29260869565218,10060.788673199417,19459.189187975262,19531.049528315452,21900,0.6130408287629494,0.6034245227317457,0.5991661703394878,14.373179963642444,0.15820316759009795,14.057253110588242,0,59.41054200000144
45,2,2,719,120,8456,5079,0.6006385998107853,0.6023952095808384,3377,28.65478260869565,10482.460023796333,20293.801350178885,20364.07416874759,22680,0.6041176470588235,0.5974129353233831,0.6065857885615251,14.371555143328159,0.1582104743702228,14.057252804731498,0,61.66783299999952
45,2,2,720,120,8387,5078,0.605460832240372,0.6335012594458438,3309,23.57304347826087,10658.794544637336,20836.229502521048,20912.416548808942,23256,0.6077151335311572,0.6067189700261517,0.5996533795493935,14.373192232334196,0.15821476609367688,14.057248417885901,0,61.05312500000218
45,2,2,721,120,8387,5078,0.605460832240372,0.5852239674229203,3309,29.776086956521738,10023.565435683693,19794.138263076857,19867.89757164438,22244,0.6051032806804374,0.6078004355573153,0.5988165680473373,14.373176777039163,0.15821177362770772,14.057250300837415,0,58.47912499999802
45,2,2,722,120,8611,5079,0.5898269655092324,0.5683615819209039,3532,32.05347826086957,10764.26638512527,20800.912077700505,20876.738578343095,23250,0.571917808219178,0.5952704012405505,0.591764705882353,14.37155176063635,0.15821072643752424,14.057253602259541,0,60.471417000000656
45,2,2,723,120,8331,5078,0.6095306685872044,0.6038415366146459,3253,28.024347826086956,10490.994995869476,20416.866584134634,20484.414230852963,22680,0.6138186304750154,0.597714972940469,0.6397443346891343,14.373074677734687,0.1582160015132865,14.05725113406855,0,60.47429099999863
45,2,2,724,120,8512,5078,0.5965695488721805,0.5632698768197089,3434,33.45217391304348,10212.418269628419,19984.536816639775,20053.887703809658,22444,0.6067481093659104,0.5898391526088662,0.6064896755162242,14.37319916613224,0.15821048042620625,14.057250211368226,0,62.33549999999741
45,2,2,725,120,8471,5078,0.5994569708416952,0.5903755868544601,3393,29.27173913043478,10502.881472890289,20175.999938746798,20255.44896894028,22860,0.6099939061547837,0.6032056293979672,0.5781796966161027,14.373080371497252,0.15821716473503034,14.057249903867081,0,59.503082999999606
45,2,2,726,120,8420,5078,0.6030878859857483,0.573873359954364,3342,32.608695652173914,10255.10709829223,19803.09531147713,19875.675027845195,22312,0.5849056603773585,0.6130773845230953,0.591990713871155,14.3731190543977,0.1582125339568279,14.057248570153376,0,59.008999999998196
45,2,2,727,120,8447,5078,0.6011601752101338,0.5658042744656918,3369,33.67739130434783,10233.252053754684,19717.825904466823,19785.940152032726,21893,0.5880260818020154,0.6012981904012589,0.613961813842482,14.373150130919377,0.1582121869723588,14.057251084700008,0,60.54937500000233
45,2,2,728,120,8471,5078,0.5994569708416952,0.5712663259511641,3393,31.689565217391305,10122.565545315412,19762.0323370859,19830.121589579798,22049,0.6061502069781195,0.6015686274509804,0.5863095238095238,14.373122417984135,0.1582069595394458,14.05725418302243,0,62.38512499999706
45,2,2,729,120,8324,5078,0.6100432484382509,0.6056592414208308,3246,26.081739130434784,10048.379790297173,19615.477740915452,19694.990696491765,22160,0.6235083532219571,0.612877424515097,0.5877352762598664,14.373181861803184,0.1582054967809925,14.057253551246594,0,58.68779100000029
45,2,2,730,120,8319,5078,0.610409905036663,0.580161476355248,3241,30.435652173913045,9762.805911950529,19264.46984986183,19330.950019867432,21585,0.6134751773049646,0.6020614389652384,0.6319237641453246,14.373164959888975,0.15821127583927444,14.057251255818008,0,58.35279100000116
45,3,3,701,120,8295,5078,0.612176009644364,0.5921130076515597,3217,28.15826086956522,10140.283013199445,19546.925926943826,19577.862345574158,22025,0.5888198757763975,0.6190192574945405,0.6140776699029126,14.383990168321105,0.16688721551018076,14.057253573189044,0,62.32724999999846
45,3,3,702,120,8346,5077,0.6083153606518092,0.5945626477541371,3269,27.362173913043485,9937.291924231497,19374.734524255375,19400.78885006238,21969,0.6063268892794376,0.608405738533037,0.6100591715976331,14.38557907326056,0.16687078789166376,14.05724654186555,0,66.36637500000143
45,3,3,703,120,8460,5078,0.6002364066193854,0.599523241954708,3382,27.78608695652174,10370.60644448395,20226.229241420948,20256.145080005244,22893,0.6020408163265306,0.6016419077404223,0.5941597139451729,14.384043000017302,0.16689189086766287,14.057257981717342,0,65.8092080000024
45,3,3,704,120,8475,5077,0.5990560471976402,0.5852239674229203,3398,29.029565217391312,10127.98870384905,19783.50748230238,19816.675559059277,22282,0.5961768219832736,0.6012388695315525,0.5951070336391437,14.385674031580455,0.1668679811041716,14.057245396538827,0,64.08408299999792
45,3,3,705,120,8570,5078,0.5925320886814469,0.5821759259259259,3492,29.024782608695652,10541.723283015559,20599.3149178621,20628.215429154232,23207,0.6040308239478364,0.5861669242658424,0.6004686584651435,14.384026258454385,0.16688622165153463,14.057255502299322,0,63.71941700000025
45,3,3,706,120,8534,5079,0.595148816498711,0.5959715639810427,3455,27.64391304347826,10303.788877430528,20353.61972753843,20385.483063827847,23224,0.5905558876270174,0.6018320015591503,0.5797687861271676,14.3826023150225,0.16689238463619024,14.057255481489667,0,65.16441599999962
45,3,3,707,120,8343,5079,0.6087738223660554,0.5896834701055099,3264,28.62913043478261,10256.24764667094,19882.497232410282,19912.775704242504,22429,0.6182572614107884,0.6026516673362796,0.6174016686531585,14.382535923671627,0.16690563754710758,14.057261416690432,0,66.3849169999994
45,3,3,708,120,8294,5077,0.6121292500602845,0.5728929384965832,3217,31.034782608695654,9746.898137576803,19206.38644168033,19234.745793738748,21613,0.6145015105740181,0.6126307320997586,0.6082783443311338,14.385690122115257,0.16686876105489412,14.057243980979436,0,63.60179100000096
45,3,3,709,120,8379,5077,0.6059195608067789,0.5945626477541371,3302,28.71782608695652,9846.378059638613,19203.397547505476,19234.418568736597,21863,0.593881223755249,0.6014434643143545,0.6305104408352669,14.3856512975661,0.16687261917990914,14.0572464054824,0,63.41045799999847
45,3,3,710,120,8459,5078,0.6003073649367537,0.5811669555170422,3381,29.549130434782608,10151.953944033467,19915.68660424581,19939.378912167755,22299,0.5926583777383067,0.6048799685163322,0.5941943127962085,14.373191680450127,0.1582079587383709,14.057252402017772,0,64.72604199999842
45,3,3,711,120,8404,5078,0.6042360780580676,0.5732193732193732,3326,31.093478260869563,9924.639789997434,19462.404119838437,19490.29798854688,22002,0.613961813842482,0.6011595361855258,0.6037079953650057,14.38397010533813,0.16688989417831368,14.057255280742856,0,71.22450000000026
45,3,3,712,120,8377,5077,0.6060642234690223,0.5811669555170422,3300,29.051304347826086,9993.590242124832,19375.36183861934,19407.55875466745,21924,0.6044393853158794,0.6097852028639618,0.5961055276381909,14.385585574578718,0.1668685749904667,14.057243960303786,0,65.17841699999917
45,3,3,713,120,8478,5077,0.5988440669969333,0.5938606847697757,3401,28.380434782608695,10469.457844293267,20071.272336465976,20102.13053894531,22606,0.5845410628019324,0.5970780469050365,0.6191358024691358,14.385646301858445,0.16687125585194296,14.057246335618933,0,65.77891699999964
45,3,3,714,120,8552,5079,0.5938961646398503,0.5536598789212989,3473,33.97695652173913,10053.85534149089,19888.7040818288,19915.451870859437,22488,0.6029919447640967,0.5866485542402484,0.6068633353401566,14.382595804530524,0.16689520434978583,14.057257420953936,0,63.480124999998225
45,3,3,715,120,8397,5078,0.6047397880195308,0.6194581280788177,3319,25.652173913043477,10194.550948494605,20073.349836345733,20102.927568298597,22662,0.6055588409225311,0.6046604262099183,0.6041543026706232,14.383960169216392,0.16689521619018874,14.057260998965424,0,63.50829199999862
45,3,3,716,120,8496,5078,0.597693032015066,0.55826859045505,3418,32.69086956521739,10102.78837909987,19933.825705231302,19964.113673487795,22198,0.5983061101028433,0.6000778816199377,0.5899238429994141,14.384023709527375,0.16688912509751744,14.05725714925756,0,67.82179199999882
45,3,3,717,120,8297,5078,0.6120284440159094,0.580161476355248,3219,29.887826086956522,10093.177799928153,19531.142258757955,19555.357411656805,21872,0.6375227686703097,0.6107221444288857,0.5905511811023622,14.37321552975782,0.15821221808820074,14.05724811379141,0,63.71287500000108
45,3,3,718,120,8401,5078,0.6044518509701226,0.5664414414414415,3323,32.235217391304346,9973.403515743727,19375.906885496035,19402.60817016165,21900,0.6130408287629494,0.6034245227317457,0.5991661703394878,14.38401621377235,0.16689756741407913,14.057262036287158,0,63.30354199999783
45,3,3,719,120,8456,5079,0.6006385998107853,0.6023952095808384,3377,28.597391304347827,10385.932988355562,20210.509846924106,20239.765384902585,22680,0.6041176470588235,0.5974129353233831,0.6065857885615251,14.38254600009674,0.16688925330064347,14.0572540728776,0,63.04766699999891
45,3,3,720,120,8387,5077,0.6053416000953857,0.6335012594458438,3310,23.515652173913043,10568.00725976858,20759.240987635967,20793.022344353605,23259,0.6077151335311572,0.6065178032589016,0.5996533795493935,14.38570114352825,0.1668685757942649,14.05724416742345,0,64.73500000000058
45,3,3,721,120,8387,5077,0.6053416000953857,0.5852239674229203,3310,29.718695652173913,9932.472374964993,19717.033619002057,19745.334122732773,22252,0.6051032806804374,0.6078004355573153,0.598224852071006,14.385663617935336,0.16686611682912175,14.057245396916429,0,65.97008300000016
45,3,3,722,120,8611,5078,0.5897108349785158,0.5683615819209039,3533,31.99608695652174,10663.716447823826,20724.180629270453,20756.302646336273,23278,0.571917808219178,0.595076565225819,0.591764705882353,14.384001483993252,0.16689302310110601,14.057259011533434,0,66.56175000000076
45,3,3,723,120,8331,5078,0.6095306685872044,0.6038415366146459,3253,27.96695652173913,10398.65353424364,20333.59911690347,20362.477800174907,22680,0.6138186304750154,0.597714972940469,0.6397443346891343,14.384016478480158,0.16688913366944316,14.057255939944781,0,64.5189160000009
45,3,3,724,120,8512,5078,0.5965695488721805,0.5632698768197089,3434,33.45217391304348,10128.310022946673,19911.562937636438,19940.165782981054,22444,0.6067481093659104,0.5898391526088662,0.6064896755162242,14.37323101006792,0.15821084849874362,14.057249885331286,0,78.29999999999927
45,3,3,725,120,8471,5079,0.5995750206587179,0.5903755868544601,3392,29.214347826086957,10406.980346667693,20086.332070647375,20119.556981690203,22853,0.6099939061547837,0.6032056293979672,0.5787631271878646,14.382673598906786,0.16689857389497645,14.057258780889788,0,67.56787500000064
45,3,3,726,120,8420,5079,0.6032066508313539,0.573873359954364,3341,32.55130434782609,10157.960984199399,19713.226849398707,19742.284552880235,22299,0.5849056603773585,0.6130773845230953,0.5925710969239698,14.382578194749025,0.1668966401633857,14.057256844470743,0,64.94316700000127
45,3,3,727,120,8447,5078,0.6011601752101338,0.5658042744656918,3369,33.62,10139.555646618472,19634.44230625486,19666.731467921963,21893,0.5880260818020154,0.6012981904012589,0.613961813842482,14.384100637238111,0.1668947775897377,14.057259440980923,0,64.31208300000071
45,3,3,728,120,8471,5078,0.5994569708416952,0.5712663259511641,3393,31.632173913043477,10024.423815351825,19678.535339088197,19709.59742033543,22049,0.6061502069781195,0.6015686274509804,0.5863095238095238,14.383960056867968,0.16689834879980064,14.057260208368545,0,63.6775000000016
45,3,3,729,120,8324,5077,0.609923113887554,0.6056592414208308,3247,26.024347826086956,9945.591722637077,19538.16281715029,19568.78231124491,22170,0.6235083532219571,0.6126774645070986,0.5877352762598664,14.38567653829702,0.16686826807184404,14.057243842834033,0,64.15445800000089
45,3,3,730,120,8319,5078,0.610409905036663,0.580161476355248,3241,30.378260869565217,9679.12950870606,19181.110375645614,19215.054250377874,21585,0.6134751773049646,0.6020614389652384,0.6319237641453246,14.383969522115018,0.1668964939161663,14.05725912938079,0,64.0893329999999
45,4,4,701,120,8295,5078,0.612176009644364,0.5921130076515597,3217,28.15826086956522,10106.216105760222,19510.692367021507,19554.235788675647,22025,0.5888198757763975,0.6190192574945405,0.6140776699029126,14.38400590081416,0.16689017790977392,14.057259418526861,0,66.98262500000055
45,4,4,702,120,8346,5077,0.6083153606518092,0.5945626477541371,3269,27.362173913043485,9903.2078393908,19338.381937028003,19373.3984651598,21969,0.6063268892794376,0.608405738533037,0.6100591715976331,14.385571253226795,0.16687078789166437,14.05724654186555,0,67.86675000000105
45,4,4,703,120,8460,5078,0.6002364066193854,0.599523241954708,3382,27.78608695652174,10336.712418668763,20189.78189737607,20219.695733350705,22893,0.6020408163265306,0.6016419077404223,0.5941597139451729,14.384038305085364,0.16689189086766315,14.057257981717342,0,69.9092079999973
45,4,4,704,120,8475,5077,0.5990560471976402,0.5852239674229203,3398,29.029565217391312,10093.714303033385,19747.16251746855,19786.754335353926,22282,0.5961768219832736,0.6012388695315525,0.5951070336391437,14.385677598407783,0.16686798110417364,14.057245396538827,0,69.83962500000052
45,4,4,705,120,8570,5078,0.5925320886814469,0.5821759259259259,3492,29.024782608695652,10507.651572698502,20562.894429877175,20604.120702817858,23207,0.6040308239478364,0.5861669242658424,0.6004686584651435,14.383924142027686,0.16688892889371412,14.057254706218805,0,73.07412499999919
45,4,4,706,120,8534,5079,0.595148816498711,0.5959715639810427,3455,27.64391304347826,10269.898390765016,20317.16564391261,20349.919068243413,23224,0.5905558876270174,0.6018320015591503,0.5797687861271676,14.382602315022488,0.1668923846361912,14.057255481489667,0,68.48362500000076
45,4,4,707,120,8343,5079,0.6087738223660554,0.5896834701055099,3264,28.62913043478261,10222.074815724953,19846.01368329981,19882.74554931804,22429,0.6182572614107884,0.6026516673362796,0.6174016686531585,14.38253139014055,0.16690720436353765,14.057262068764315,0,66.14579199999935
45,4,4,708,120,8294,5077,0.6121292500602845,0.5728929384965832,3217,31.034782608695654,9713.069169445915,19170.069863198598,19208.829995321867,21613,0.6145015105740181,0.6126307320997586,0.6082783443311338,14.38569012211525,0.16686876105489395,14.057243980979436,0,64.6028750000005
45,4,4,709,120,8379,5077,0.6059195608067789,0.5945626477541371,3302,28.71782608695652,9812.388906431344,19167.05450647286,19202.092925040084,21863,0.593881223755249,0.6014434643143545,0.6305104408352669,14.385651297566099,0.16687261917990892,14.0572464054824,0,65.22600000000239
45,4,4,710,120,8459,5078,0.6003073649367537,0.5811669555170422,3381,29.549130434782608,10117.154026722592,19879.2879779894,19915.19110643298,22299,0.5926583777383067,0.6048799685163322,0.5941943127962085,14.373169024201852,0.15820771880766202,14.057252075980832,0,66.80033299999923
45,4,4,711,120,8404,5079,0.6043550690147549,0.5732193732193732,3325,31.093478260869563,9889.073459753474,19419.43242457711,19458.611578910673,22002,0.613961813842482,0.601359456217513,0.6037079953650057,14.382607459777203,0.1668958090353747,14.057258651139241,0,69.37250000000131
45,4,4,712,120,8377,5078,0.606183597946759,0.5811669555170422,3299,29.051304347826086,9958.080684139273,19332.64278454566,19373.62738614091,21924,0.6044393853158794,0.6097852028639618,0.5967336683417085,14.383989021012349,0.16689293343892253,14.057259710143676,0,66.60737499999959
45,4,4,713,120,8478,5078,0.5989620193441849,0.5938606847697757,3400,28.437826086956523,10439.634735034422,20038.676701301083,20073.463781357754,22595,0.5851449275362319,0.5970780469050365,0.6191358024691358,14.373090440143722,0.15821394677742326,14.057249934699833,0,68.15449999999691
45,4,4,714,120,8552,5078,0.5937792329279701,0.5536598789212989,3474,33.97695652173913,10021.178812963706,19858.805397776872,19895.094996881246,22490,0.6024165707710012,0.5866485542402484,0.6068633353401566,14.383958490956921,0.16689460038405807,14.057259194452945,0,68.80433300000004
45,4,4,715,120,8397,5077,0.6046206978682863,0.6194581280788177,3320,25.652173913043477,10161.17490151647,20043.185817663038,20082.139387560117,22667,0.6055588409225311,0.604461262696674,0.6041543026706232,14.385644256597692,0.16687327947023095,14.057245517218364,0,67.58458399999654
45,4,4,716,120,8496,5078,0.597693032015066,0.55826859045505,3418,32.69086956521739,10068.719889377733,19897.384185894836,19940.448112191494,22198,0.5983061101028433,0.6000778816199377,0.5899238429994141,14.384023709527368,0.1668891250975189,14.05725714925756,0,68.91908400000102
45,4,4,717,120,8297,5078,0.6120284440159094,0.580161476355248,3219,29.830434782608695,10053.364839400938,19484.364401128787,19524.958970068543,21872,0.6375227686703097,0.6107221444288857,0.5905511811023622,14.384037461727152,0.16688793902423374,14.05725557663938,0,68.09999999999854
45,4,4,718,120,8401,5078,0.6044518509701226,0.5664414414414415,3323,32.235217391304346,9939.701122754092,19339.429735762194,19379.685197909115,21900,0.6130408287629494,0.6034245227317457,0.5991661703394878,14.384031700443122,0.16689756741407913,14.057262036287158,0,69.40104200000133
45,4,4,719,120,8456,5079,0.6006385998107853,0.6023952095808384,3377,28.597391304347827,10352.023351330825,20174.072678785265,20211.758479036256,22680,0.6041176470588235,0.5974129353233831,0.6065857885615251,14.382601652900938,0.1668892533006435,14.0572540728776,0,71.56575000000157
45,4,4,720,120,8387,5077,0.6053416000953857,0.6335012594458438,3310,23.515652173913043,10533.890590079394,20722.93336117421,20761.735650611667,23259,0.6077151335311572,0.6065178032589016,0.5996533795493935,14.38569670780826,0.1668685757942649,14.05724416742345,0,120.40362499999901
45,4,4,721,120,8387,5077,0.6053416000953857,0.5852239674229203,3310,29.718695652173913,9898.431886185104,19680.697481810425,19717.015346730794,22252,0.6051032806804374,0.6078004355573153,0.598224852071006,14.385644838207588,0.1668661168291216,14.057245396916429,0,70.96075000000201
45,4,4,722,120,8611,5078,0.5897108349785158,0.5683615819209039,3533,31.99608695652174,10629.361943930675,20687.728323823216,20722.817840402848,23278,0.571917808219178,0.595076565225819,0.591764705882353,14.384011483537817,0.16689302310110646,14.057259011533434,0,68.81087499999921
45,4,4,723,120,8331,5078,0.6095306685872044,0.6038415366146459,3253,27.96695652173913,10364.975034940191,20297.135251749838,20336.288313219364,22680,0.6138186304750154,0.597714972940469,0.6397443346891343,14.383986481947325,0.16688724549794304,14.057255613907836,0,66.66895799999838
45,4,4,724,120,8512,5078,0.5965695488721805,0.5632698768197089,3434,33.45217391304348,10094.087666540781,19875.19578950719,19910.436157079785,22444,0.6067481093659104,0.5898391526088662,0.6064896755162242,14.373231010067911,0.15821084849874364,14.057249885331286,0,68.21862500000134
45,4,4,725,120,8471,5079,0.5995750206587179,0.5903755868544601,3392,29.214347826086957,10372.503992722111,20049.86498847175,20083.16988935011,22853,0.6099939061547837,0.6032056293979672,0.5787631271878646,14.38270997322221,0.16689855488618152,14.05725910692673,0,68.47404199999801
45,4,4,726,120,8420,5079,0.6032066508313539,0.573873359954364,3341,32.55130434782609,10124.138989725394,19676.786715600898,19710.96664343394,22299,0.5849056603773585,0.6130773845230953,0.5925710969239698,14.382598621005267,0.16689664016338623,14.057256844470743,0,68.29195800000161
45,4,4,727,120,8447,5078,0.6011601752101338,0.5658042744656918,3369,33.62,10105.256516206671,19598.05583387963,19643.661410313845,21893,0.5880260818020154,0.6012981904012589,0.613961813842482,14.384018041808375,0.16689112298433176,14.057255841900028,0,81.72091600000203
45,4,4,728,120,8471,5078,0.5994569708416952,0.5712663259511641,3393,31.632173913043477,9990.296071310859,19642.164758110437,19681.899286266493,22049,0.6061502069781195,0.6015686274509804,0.5863095238095238,14.383994355224155,0.16689728009304555,14.057259918333267,0,69.73712499999965
45,4,4,729,120,8324,5077,0.609923113887554,0.6056592414208308,3247,26.024347826086956,9911.315016175951,19501.834014583506,19536.128376183256,22170,0.6235083532219571,0.6126774645070986,0.5877352762598664,14.385666005770133,0.1668682680718441,14.057243842834033,0,69.51674999999886
45,4,4,730,120,8319,5077,0.6102896982810434,0.580161476355248,3242,30.378260869565217,9647.317475338772,19151.39477976651,19197.626595905884,21587,0.6134751773049646,0.6018593371059013,0.6319237641453246,14.385655343405864,0.1668678641996882,14.057243500912763,0,68.46925000000192
45,6,6,701,120,8295,5078,0.612176009644364,0.5921130076515597,3217,28.15826086956522,10072.325195954445,19473.975724253254,19545.523787595263,22025,0.5888198757763975,0.6190192574945405,0.6140776699029126,14.384002943667499,0.16689017790977503,14.057259418526861,0,71.89341699999932
45,6,6,702,120,8346,5077,0.6083153606518092,0.5945626477541371,3269,27.362173913043485,9869.422126253965,19301.74219947291,19363.64383824208,21969,0.6063268892794376,0.608405738533037,0.6100591715976331,14.385571253226795,0.16687078789166424,14.05724654186555,0,69.56587500000023
45,6,6,703,120,8460,5078,0.6002364066193854,0.599523241954708,3382,27.78608695652174,10302.965018337032,20153.07555489165,20207.102171575407,22893,0.6020408163265306,0.6016419077404223,0.5941597139451729,14.384038305085356,0.16689189086766443,14.057257981717342,0,71.95562500000233
45,6,6,704,120,8475,5077,0.5990560471976402,0.5852239674229203,3398,29.029565217391312,10059.676197333463,19710.527489952798,19778.477171575407,22282,0.5961768219832736,0.6012388695315525,0.5951070336391437,14.385677598407783,0.16686798110417228,14.057245396538827,0,70.84799999999814
45,6,6,705,120,8570,5078,0.5925320886814469,0.5821759259259259,3492,29.024782608695652,10473.669573459316,20526.197491441464,20597.339241857193,23207,0.6040308239478364,0.5861669242658424,0.6004686584651435,14.384025389561733,0.16688622165153538,14.057255502299322,0,71.3972500000018
45,6,6,706,120,8534,5079,0.595148816498711,0.5959715639810427,3455,27.64391304347826,10236.192811893432,20280.461424156805,20339.089241857193,23224,0.5905558876270174,0.6018320015591503,0.5797687861271676,14.382602315022476,0.16689238463619205,14.057255481489667,0,73.81254199999967
45,6,6,707,120,8343,5079,0.6087738223660554,0.5896834701055099,3264,28.62913043478261,10188.095745999623,19809.267612321706,19872.057473896904,22429,0.6182572614107884,0.6026516673362796,0.6174016686531585,14.382531390140544,0.1669072043635373,14.057262068764315,0,69.65445799999725
45,6,6,708,120,8294,5077,0.6121292500602845,0.5728929384965832,3217,31.034782608695654,9679.528541645395,19133.45223786591,19200.83828268652,21613,0.6145015105740181,0.6126307320997586,0.6082783443311338,14.385690122115234,0.1668687610548954,14.057243980979436,0,68.72933299999931
45,6,6,709,120,8379,5077,0.6059195608067789,0.5945626477541371,3302,28.71782608695652,9778.592028612395,19130.427838540614,19193.708333333332,21863,0.593881223755249,0.6014434643143545,0.6305104408352669,14.385651297566087,0.16687261917991003,14.0572464054824,0,71.55524999999761
45,6,6,710,120,8459,5077,0.6001891476533869,0.5811669555170422,3382,29.491739130434784,10078.855360625623,19838.929308286424,19909.491060464297,22303,0.5926583777383067,0.6046831955922864,0.5941943127962085,14.3857317068286,0.16687523105992622,14.057247134728513,0,74.50029100000029
45,6,6,711,120,8404,5078,0.6042360780580676,0.5732193732193732,3326,31.093478260869563,9856.528054617846,19389.279736272045,19455.652777777777,22002,0.613961813842482,0.6011595361855258,0.6037079953650057,14.38399897586723,0.1668898941783138,14.057255280742856,0,69.29149999999936
45,6,6,712,120,8377,5078,0.606183597946759,0.5811669555170422,3299,29.051304347826086,9924.42696351516,19295.933638054867,19363.58429250401,21924,0.6044393853158794,0.6097852028639618,0.5967336683417085,14.383989021012345,0.1668929334389231,14.057259710143677,0,76.58754199999748
45,6,6,713,120,8478,5078,0.5989620193441849,0.5938606847697757,3400,28.437826086956523,10405.987136682908,20002.02058739072,20062.163635654826,22595,0.5851449275362319,0.5970780469050365,0.6191358024691358,14.373090440143718,0.15821394677742232,14.057249934699833,0,79.27791699999943
45,6,6,714,120,8552,5078,0.5937792329279701,0.5536598789212989,3474,33.97695652173913,9987.945405147739,19822.09006686681,19887.593232039708,22490,0.6024165707710012,0.5866485542402484,0.6068633353401566,14.383958490956921,0.16689460038405826,14.057259194452945,0,71.742209
45,6,6,715,120,8397,5077,0.6046206978682863,0.6194581280788177,3320,25.652173913043477,10127.519162247057,20006.55010713123,20075.305555555555,22667,0.6055588409225311,0.604461262696674,0.6041543026706232,14.385651298995592,0.16687327947023084,14.057245517218364,0,72.63437500000146
45,6,6,716,120,8496,5078,0.597693032015066,0.55826859045505,3418,32.69086956521739,10034.7149364094,19860.670617133383,19933.796616019852,22198,0.5983061101028433,0.6000778816199377,0.5899238429994141,14.38402370952736,0.16688912509751913,14.057257149257564,0,69.8860829999976
45,6,6,717,120,8297,5078,0.6120284440159094,0.580161476355248,3219,29.887826086956522,10024.999336093995,19458.127859027903,19523.70929250401,21872,0.6375227686703097,0.6107221444288857,0.5905511811023622,14.373216139438496,0.15821221808820066,14.057248113791415,0,71.19570799999929
45,6,6,718,120,8401,5078,0.6044518509701226,0.5664414414414415,3323,32.235217391304346,9906.05864655915,19302.689740855523,19372.400705936612,21900,0.6130408287629494,0.6034245227317457,0.5991661703394878,14.384031700443117,0.16689756741407916,14.057262036287158,0,72.71854200000234
45,6,6,719,120,8456,5079,0.6006385998107853,0.6023952095808384,3377,28.597391304347827,10318.155478297533,20137.388574639328,20203.54262583734,22680,0.6041176470588235,0.5974129353233831,0.6065857885615251,14.38260165290094,0.16688925330064464,14.0572540728776,0,71.10770800000319
45,6,6,720,120,8387,5077,0.6053416000953857,0.6335012594458438,3310,23.515652173913043,10500.00722886646,20686.327582447466,20750.05555555556,23259,0.6077151335311572,0.6065178032589016,0.5996533795493935,14.385699664954904,0.1668685757942654,14.05724416742345,0,71.58841699999903
45,6,6,721,120,8387,5077,0.6053416000953857,0.5852239674229203,3310,29.718695652173913,9864.86343310076,19644.063389542895,19705.912676484153,22252,0.6051032806804374,0.6078004355573153,0.598224852071006,14.385644838207583,0.16686611682912117,14.057245396916429,0,70.93308299999626
45,6,6,722,120,8611,5078,0.5897108349785158,0.5683615819209039,3533,31.99608695652174,10595.20483966461,20651.010638328058,20714.48611111111,23278,0.571917808219178,0.595076565225819,0.591764705882353,14.384011483537817,0.16689302310110757,14.057259011533434,0,72.56483299999672
45,6,6,723,120,8331,5078,0.6095306685872044,0.6038415366146459,3253,27.96695652173913,10331.136040554527,20260.455965121924,20328.839241857197,22680,0.6138186304750154,0.597714972940469,0.6397443346891343,14.383986481947323,0.16688724549794304,14.057255613907836,0,70.02341700000397
45,6,6,724,120,8512,5078,0.5965695488721805,0.5632698768197089,3434,33.45217391304348,10060.07041422645,19838.52552771058,19900.5,22444,0.6067481093659104,0.5898391526088662,0.6064896755162242,14.373231010067906,0.1582108484987424,14.057249885331286,0,69.59066699999676
45,6,6,725,120,8471,5079,0.5995750206587179,0.5903755868544601,3392,29.214347826086957,10338.567749898482,20013.182142879225,20070.867019634974,22853,0.6099939061547837,0.6032056293979672,0.5787631271878646,14.382709973222198,0.16689855488618235,14.05725910692673,0,70.65608400000201
45,6,6,726,120,8420,5079,0.6032066508313539,0.573873359954364,3341,32.55130434782609,10090.454474489863,19640.090387369914,19701.21328268652,22299,0.5849056603773585,0.6130773845230953,0.5925710969239698,14.38260758370201,0.16689664016338773,14.057256518433805,0,73.22204099999362
45,6,6,727,120,8447,5077,0.6010417899846099,0.5658042744656918,3370,33.62,10072.952375100538,19568.409271656998,19644.718232039708,21895,0.5880260818020154,0.6011014948859166,0.613961813842482,14.385597739170032,0.16686582217849635,14.057244271903926,0,69.45416699999623
45,6,6,728,120,8471,5078,0.5994569708416952,0.5712663259511641,3393,31.632173913043477,9956.723323904293,19605.441588980313,19672.47717157541,22049,0.6061502069781195,0.6015686274509804,0.5863095238095238,14.383994355224146,0.16689728009304622,14.057259918333267,0,69.35504200000287
45,6,6,729,120,8324,5079,0.6101633829889476,0.6056592414208308,3245,26.081739130434784,9879.75912335366,19463.018666760392,19518.537676484153,22156,0.6235083532219571,0.6130773845230953,0.5877352762598664,14.37153376999544,0.15820884208631086,14.0572564495774,0,70.34195800000452
45,6,6,730,120,8319,5077,0.6102896982810434,0.580161476355248,3242,30.378260869565217,9613.938364393674,19114.78765277591,19187.51883824208,21587,0.6134751773049646,0.6018593371059013,0.6319237641453246,14.38568864965495,0.1668678641996882,14.057243500912763,0,68.34862499999872
