setting,policy,target,delay,damping,period,runs,dispatched_mean,dispatched_ci_low,dispatched_ci_high,queue_end_mean,queue_end_ci_low,queue_end_ci_high,central_budget_mean,central_budget_ci_low,central_budget_ci_high,central_use_mean,central_use_ci_low,central_use_ci_high,next_central_budget_mean,next_central_budget_ci_low,next_central_budget_ci_high,blocked_dispatch_attempts_mean,blocked_dispatch_attempts_ci_low,blocked_dispatch_attempts_ci_high,head_of_line_blocked_attempts_mean,head_of_line_blocked_attempts_ci_low,head_of_line_blocked_attempts_ci_high
p2_b14,P2,14,0,0,1,30,39,39,39,39.46666666666667,36.774434685178896,42.15889864815444,14,14,14,13.130551531712857,13.130547545776995,13.13055551764872,14,14,14,11.166666666666666,9.804572156018196,12.528761177315136,0,0,0
p2_b14,P2,14,0,0,2,30,39,39,39,79.33333333333333,74.94526997045577,83.72139669621089,14,14,14,13.130547577351495,13.130543898557713,13.130551256145276,14,14,14,12.2,11.244409744905179,13.15559025509482,0,0,0
p2_b14,P2,14,0,0,3,30,39,39,39,121.23333333333333,115.23461632618915,127.23205034047751,14,14,14,13.130549841642374,13.130545443275462,13.130554240009285,14,14,14,12.366666666666667,11.14686305204768,13.586470281285655,0,0,0
p2_b14,P2,14,0,0,4,30,39,39,39,160.96666666666667,155.2950061274568,166.63832720587655,14,14,14,13.13054712454241,13.13054189364833,13.13055235543649,14,14,14,12.7,11.848243950525685,13.551756049474314,0,0,0
p2_b14,P2,14,0,0,5,30,39,39,39,205.93333333333334,199.64197909552462,212.22468757114206,14,14,14,13.130548313038213,13.13054371113727,13.130552914939157,14,14,14,13.833333333333334,12.380264813749566,15.286401852917102,0,0,0
p2_b14,P2,14,0,0,6,30,39,39,39,244.3,236.69259570602733,251.9074042939727,14,14,14,13.130547884089683,13.130543619371721,13.130552148807645,14,14,14,13.233333333333333,11.918749274004243,14.547917392662422,0,0,0
p2_b14,P2,14,0,0,7,30,39,39,39,287.3,278.81560488003277,295.78439511996726,14,14,14,13.130549888299742,13.130545614808641,13.130554161790842,14,14,14,13.033333333333333,11.78490593328955,14.281760733377116,0,0,0
p2_b14,P2,14,0,0,8,30,39,39,39,326.2,316.8669247851784,335.53307521482157,14,14,14,13.13054858158416,13.130544724916016,13.130552438252304,14,14,14,12,10.781947286118903,13.218052713881097,0,0,0
p2_b14,P2,14,0,0,9,30,39,39,39,416.53333333333336,404.90863323601945,428.15803343064727,14,14,14,13.130545421512682,13.130541096201112,13.130549746824252,14,14,14,19.533333333333335,17.78597462161071,21.28069204505596,0,0,0
p2_b14,P2,14,0,0,10,30,39,39,39,504.06666666666666,492.4757462512454,515.6575870820878,14,14,14,13.130546747651612,13.130542711699466,13.13055078360376,14,14,14,20.2,18.2915940093137,22.108405990686297,0,0,0
p2_b14,P2,14,0,0,11,30,39,39,39,589.3333333333334,576.2069891518455,602.4596775148212,14,14,14,13.130547952372913,13.130544617002885,13.130551287742941,14,14,14,20.666666666666668,18.870460874157875,22.46287245917546,0,0,0
p2_b14,P2,14,0,0,12,30,39,39,39,677.9333333333333,665.0996864740492,690.7669801926173,14,14,14,13.130547808933068,13.130542896439223,13.130552721426913,14,14,14,17.833333333333332,16.544530152142837,19.122136514523827,0,0,0
p2_b14,P2,14,0,0,13,30,39,39,39,762.9333333333333,749.2365468410732,776.6301198255934,14,14,14,13.130548431270928,13.130543752058164,13.13055311048369,14,14,14,17.8,16.179377273086516,19.420622726913486,0,0,0
p2_b14,P2,14,0,0,14,30,39,39,39,851.8666666666667,838.3945550918792,865.3387782414542,14,14,14,13.130546322234057,13.130542391534382,13.130550252933732,14,14,14,19.433333333333334,17.999845268977253,20.866821397689414,0,0,0
p2_b14,P2,14,0,0,15,30,39,39,39,938.6333333333333,925.4686457032196,951.798020963447,14,14,14,13.130547419019788,13.130542836655279,13.130552001384297,14,14,14,18.4,16.874247304653757,19.92575269534624,0,0,0
p2_b14,P2,14,0,0,16,30,39,39,39,1032.9666666666667,1018.0825632300766,1047.8507701032568,14,14,14,13.130548067641449,13.130543233574645,13.130552901708253,14,14,14,19.133333333333333,17.578530634290722,20.688136032375944,0,0,0
p2_b14,P2,14,0,0,17,30,39,39,39,1122.9333333333334,1107.6036446190565,1138.2630220476103,14,14,14,13.13055022398383,13.130545768681154,13.130554679286506,14,14,14,19.033333333333335,17.516627303782247,20.550039362884423,0,0,0
p2_b14,P2,14,0,0,18,30,39,39,39,1210.3333333333333,1195.233674531271,1225.4329921353956,14,14,14,13.130549243007563,13.130543896778269,13.130554589236857,14,14,14,18.533333333333335,17.133981452702965,19.932685213963705,0,0,0
p2_b14,P2,14,0,0,19,30,39,39,39,1295.1666666666667,1278.9024852378984,1311.430848095435,14,14,14,13.130549963456358,13.130546287189512,13.130553639723205,14,14,14,19.533333333333335,18.05421245950761,21.01245420715906,0,0,0
p2_b14,P2,14,0,0,20,30,39,39,39,1385.3,1368.5018487990458,1402.0981512009541,14,14,14,13.130548041357653,13.130543623403279,13.130552459312026,14,14,14,20.433333333333334,18.619148931971225,22.247517734695442,0,0,0
p2_b14,P2,14,0,0,21,30,39,39,39,1470.7666666666667,1453.3170143042016,1488.2163190291317,14,14,14,13.130551789420728,13.13054645146659,13.130557127374868,14,14,14,20.166666666666668,18.84738844765557,21.485944885677764,0,0,0
p2_b14,P2,14,0,0,22,30,39,39,39,1559.4666666666667,1542.8704035522187,1576.0629297811147,14,14,14,13.130548018957196,13.130543869088081,13.130552168826311,14,14,14,19.8,18.008553246321743,21.59144675367826,0,0,0
p2_b14,P2,14,0,0,23,30,39,39,39,1649.5666666666666,1632.4202727162783,1666.713060617055,14,14,14,13.130546719561648,13.130542300817172,13.130551138306124,14,14,14,19.2,17.715911952297528,20.68408804770247,0,0,0
p2_b14,P2,14,0,0,24,30,39,39,39,1740.5666666666666,1723.2863673202457,1757.8469660130875,14,14,14,13.130548381082583,13.130543894122173,13.130552868042994,14,14,14,19.866666666666667,18.568815947045394,21.16451738628794,0,0,0
p2_b18,P2,18,0,0,1,30,44.2,43.77555001106909,44.62444998893091,34.266666666666666,31.713847763475446,36.81948556985788,18,18,18,17.136569895174535,17.134439279223436,17.138700511125634,18,18,18,0,0,0,0,0,0
p2_b18,P2,18,0,0,2,30,45.833333333333336,45.69769238290556,45.96897428376111,67.3,62.98723204330724,71.61276795669276,18,18,18,17.144776067836933,17.144095583413364,17.1454565522605,18,18,18,0,0,0,0,0,0
p2_b18,P2,18,0,0,3,30,45.8,45.65441485486919,45.945585145130806,102.4,96.50080680365392,108.2991931963461,18,18,18,17.144602924602655,17.143873646623845,17.145332202581464,18,18,18,0,0,0,0,0,0
p2_b18,P2,18,0,0,4,30,45.666666666666664,45.495092927729964,45.838240405603365,135.46666666666667,129.86610454928493,141.0672287840484,18,18,18,17.14393079784839,17.143071868987043,17.14478972670974,18,18,18,0,0,0,0,0,0
p2_b18,P2,18,0,0,5,30,45.7,45.53321126309424,45.86678873690577,173.73333333333332,167.492717409315,179.97394925735165,18,18,18,17.14410144775361,17.1432663528412,17.14493654266602,18,18,18,0,0,0,0,0,0
p2_b18,P2,18,0,0,6,30,45.53333333333333,45.32887962706303,45.73778703960363,205.56666666666666,197.97522183071362,213.1581115026197,18,18,18,17.14326795977569,17.14224402321934,17.144291896332042,18,18,18,0,0,0,0,0,0
p2_b18,P2,18,0,0,7,30,45.63333333333333,45.45794166435247,45.8087250023142,241.93333333333334,233.44384808658313,250.42281858008354,18,18,18,17.143767811634454,17.142889211228642,17.144646412040267,18,18,18,0,0,0,0,0,0
p2_b18,P2,18,0,0,8,30,45.666666666666664,45.47104250593866,45.862290827394666,274.1666666666667,264.88688246716765,283.4464508661657,18,18,18,17.143933460373102,17.1429545869977,17.144912333748504,18,18,18,0,0,0,0,0,0
p2_b18,P2,18,0,0,9,30,45.833333333333336,45.69769238290556,45.96897428376111,357.6666666666667,346.0402193946673,369.29311393866607,18,18,18,17.144773583570846,17.144094779852654,17.145452387289037,18,18,18,0,0,0,0,0,0
p2_b18,P2,18,0,0,10,30,45.666666666666664,45.495092927729964,45.838240405603365,438.53333333333336,426.9002795567628,450.1663871099039,18,18,18,17.143932026128173,17.143072494694145,17.1447915575622,18,18,18,0,0,0,0,0,0
p2_b18,P2,18,0,0,11,30,45.766666666666666,45.61272763310584,45.92060570022749,517.0333333333333,503.85624119659553,530.2104254700711,18,18,18,17.144435571581973,17.143663065655513,17.145208077508432,18,18,18,0,0,0,0,0,0
p2_b18,P2,18,0,0,12,30,45.56666666666667,45.36329568842918,45.77003764490416,599.0666666666667,586.2471343089818,611.8861990243516,18,18,18,17.143432274249726,17.142412284191213,17.14445226430824,18,18,18,0,0,0,0,0,0
p2_b18,P2,18,0,0,13,30,45.7,45.53321126309424,45.86678873690577,677.3666666666667,663.6838949526543,691.049438380679,18,18,18,17.144100383142668,17.14326596082463,17.144934805460707,18,18,18,0,0,0,0,0,0
p2_b18,P2,18,0,0,14,30,45.63333333333333,45.43435217363295,45.832314493033714,759.6666666666666,746.1416926332215,773.1916407001117,18,18,18,17.14376735256907,17.14276960719894,17.144765097939203,18,18,18,0,0,0,0,0,0
p2_b18,P2,18,0,0,15,30,45.8,45.65441485486919,45.945585145130806,839.6333333333333,826.3827244665304,852.8839422001363,18,18,18,17.14460057769055,17.14387040994846,17.14533074543264,18,18,18,0,0,0,0,0,0
p2_b18,P2,18,0,0,16,30,45.733333333333334,45.57238289951722,45.894283767149446,927.2333333333333,912.3233829187952,942.1432837478715,18,18,18,17.144266768001753,17.143458947530924,17.145074588472582,18,18,18,0,0,0,0,0,0
p2_b18,P2,18,0,0,17,30,45.63333333333333,45.45794166435247,45.8087250023142,1010.5666666666667,995.1784008062272,1025.9549325271064,18,18,18,17.143766099163507,17.142886617985734,17.14464558034128,18,18,18,0,0,0,0,0,0
p2_b18,P2,18,0,0,18,30,45.7,45.50855876325505,45.89144123674495,1091.2666666666667,1076.1513416053651,1106.3819917279682,18,18,18,17.14410385211087,17.143144995939338,17.145062708282403,18,18,18,0,0,0,0,0,0
p2_b18,P2,18,0,0,19,30,45.666666666666664,45.495092927729964,45.838240405603365,1169.4333333333334,1153.1188403833653,1185.7478262833015,18,18,18,17.143931737051158,17.14307200880797,17.144791465294347,18,18,18,0,0,0,0,0,0
p2_b18,P2,18,0,0,20,30,45.6,45.37761501745898,45.822384982541024,1252.9666666666667,1236.0900148787414,1269.843318454592,18,18,18,17.143602516593432,17.142486931758917,17.144718101427948,18,18,18,0,0,0,0,0,0
p2_b18,P2,18,0,0,21,30,45.53333333333333,45.289481233192085,45.77718543347458,1331.9,1314.4772760512858,1349.3227239487144,18,18,18,17.143266485494998,17.142045833273873,17.144487137716123,18,18,18,0,0,0,0,0,0
p2_b18,P2,18,0,0,22,30,45.7,45.53321126309424,45.86678873690577,1413.9,1397.3038388762347,1430.4961611237654,18,18,18,17.144104554848195,17.143269268279077,17.14493984141731,18,18,18,0,0,0,0,0,0
p2_b18,P2,18,0,0,23,30,45.63333333333333,45.43435217363295,45.832314493033714,1497.3666666666666,1480.1909913266115,1514.5423420067216,18,18,18,17.143768625190184,17.142771761909195,17.144765488471172,18,18,18,0,0,0,0,0,0
p2_b18,P2,18,0,0,24,30,45.63333333333333,45.43435217363295,45.832314493033714,1581.7333333333333,1564.4320294230447,1599.034637243622,18,18,18,17.1437688910108,17.142771943204497,17.144765838817104,18,18,18,0,0,0,0,0,0
p2_b20,P2,20,0,0,1,30,44.36666666666667,43.931092337569346,44.80224099576399,34.1,31.59887503012294,36.60112496987706,20,20,20,19.12736237186346,19.12517509540871,19.129549648318207,20,20,20,0,0,0,0,0,0
p2_b20,P2,20,0,0,2,30,45.833333333333336,45.69769238290556,45.96897428376111,67.13333333333334,62.78124107039427,71.4854255962724,20,20,20,19.13473101120081,19.134050947483697,19.135411074917922,20,20,20,0,0,0,0,0,0
p2_b20,P2,20,0,0,3,30,45.96666666666667,45.90133333333333,46.032000000000004,102.06666666666666,96.1657271947401,107.96760613859323,20,20,20,19.13539596930597,19.13506998907013,19.135721949541814,20,20,20,0,0,0,0,0,0
p2_b20,P2,20,0,0,4,30,45.96666666666667,45.90133333333333,46.032000000000004,134.83333333333334,129.2609495116697,140.40571715499698,20,20,20,19.13539485466419,19.13506915653174,19.135720552796645,20,20,20,0,0,0,0,0,0
p2_b20,P2,20,0,0,5,30,45.8,45.65441485486919,45.945585145130806,173,166.73321193563416,179.26678806436584,20,20,20,19.134558723503556,19.133829166635643,19.13528828037147,20,20,20,0,0,0,0,0,0
p2_b20,P2,20,0,0,6,30,45.93333333333333,45.84254504438612,46.02412162228054,204.43333333333334,196.86985965996982,211.99680700669686,20,20,20,19.13523145301483,19.13477714797181,19.135685758057846,20,20,20,0,0,0,0,0,0
p2_b20,P2,20,0,0,7,30,45.96666666666667,45.90133333333333,46.032000000000004,240.46666666666667,232.0273662144606,248.90596711887272,20,20,20,19.135394978901427,19.135067536290446,19.13572242151241,20,20,20,0,0,0,0,0,0
p2_b20,P2,20,0,0,8,30,45.9,45.79081114115189,46.009188858848105,272.46666666666664,263.1613890177942,281.7719443155391,20,20,20,19.135060540631407,19.134512361344143,19.13560871991867,20,20,20,0,0,0,0,0,0
p2_b20,P2,20,0,0,9,30,45.9,45.79081114115189,46.009188858848105,355.9,344.2796246563875,367.52037534361244,20,20,20,19.13506456357808,19.134516632639148,19.135612494517012,20,20,20,0,0,0,0,0,0
p2_b20,P2,20,0,0,10,30,46,46,46,436.43333333333334,424.84898627507044,448.01768039159623,20,20,20,19.135561481546578,19.13555792194824,19.135565041144915,20,20,20,0,0,0,0,0,0
p2_b20,P2,20,0,0,11,30,45.93333333333333,45.84254504438612,46.02412162228054,514.7666666666667,501.6304530120371,527.9028803212963,20,20,20,19.135228605591774,19.134773085320393,19.135684125863154,20,20,20,0,0,0,0,0,0
p2_b20,P2,20,0,0,12,30,45.96666666666667,45.90133333333333,46.032000000000004,596.4,583.5878179234286,609.2121820765714,20,20,20,19.135395288905865,19.13506732224806,19.135723255563672,20,20,20,0,0,0,0,0,0
p2_b20,P2,20,0,0,13,30,45.93333333333333,45.84254504438612,46.02412162228054,674.4666666666667,660.7857506882805,688.1475826450529,20,20,20,19.13522588031584,19.134771375291123,19.135680385340557,20,20,20,0,0,0,0,0,0
p2_b20,P2,20,0,0,14,30,45.96666666666667,45.90133333333333,46.032000000000004,756.4333333333333,742.9750111638778,769.8916555027888,20,20,20,19.1353958810326,19.135068368978025,19.135723393087176,20,20,20,0,0,0,0,0,0
p2_b20,P2,20,0,0,15,30,46,46,46,836.2,823.0642177345946,849.3357822654054,20,20,20,19.13556399047887,19.135560443831572,19.13556753712617,20,20,20,0,0,0,0,0,0
p2_b20,P2,20,0,0,16,30,45.96666666666667,45.90133333333333,46.032000000000004,923.5666666666667,908.7080391180554,938.4252942152781,20,20,20,19.135397577755743,19.135070163900558,19.135724991610928,20,20,20,0,0,0,0,0,0
p2_b20,P2,20,0,0,17,30,45.93333333333333,45.84254504438612,46.02412162228054,1006.6,991.3125199027395,1021.8874800972605,20,20,20,19.13522644872659,19.134770877649757,19.135682019803426,20,20,20,0,0,0,0,0,0
p2_b20,P2,20,0,0,18,30,45.96666666666667,45.90133333333333,46.032000000000004,1087.0333333333333,1071.9514795513237,1102.115187115343,20,20,20,19.135397146698974,19.135071291474933,19.135723001923015,20,20,20,0,0,0,0,0,0
p2_b20,P2,20,0,0,19,30,45.93333333333333,45.84254504438612,46.02412162228054,1164.9333333333334,1148.6567086519335,1181.2099580147333,20,20,20,19.135224154728142,19.134769948127563,19.135678361328722,20,20,20,0,0,0,0,0,0
p2_b20,P2,20,0,0,20,30,45.96666666666667,45.90133333333333,46.032000000000004,1248.1,1231.281305382293,1264.9186946177067,20,20,20,19.135396903977245,19.13506979410537,19.13572401384912,20,20,20,0,0,0,0,0,0
p2_b20,P2,20,0,0,21,30,45.96666666666667,45.90133333333333,46.032000000000004,1326.6,1309.1341810225879,1344.065818977412,20,20,20,19.135398439297283,19.135072153233217,19.13572472536135,20,20,20,0,0,0,0,0,0
p2_b20,P2,20,0,0,22,30,45.9,45.79081114115189,46.009188858848105,1408.4,1391.8226735541598,1424.9773264458404,20,20,20,19.13505948671398,19.134513614011038,19.135605359416925,20,20,20,0,0,0,0,0,0
p2_b20,P2,20,0,0,23,30,46,46,46,1491.5,1474.3528163231983,1508.6471836768017,20,20,20,19.13556375330207,19.135559852966495,19.135567653637644,20,20,20,0,0,0,0,0,0
p2_b20,P2,20,0,0,24,30,46,46,46,1575.5,1558.2153401610815,1592.7846598389185,20,20,20,19.13556053562794,19.13555713351547,19.135563937740407,20,20,20,0,0,0,0,0,0
p3u_t10_d0,P3-U,10,0,1,1,30,44.36666666666667,43.931092337569346,44.80224099576399,34.1,31.59887503012294,36.60112496987706,20,20,20,19.12736237186346,19.12517509540871,19.129549648318207,14.523582576881923,14.522270211009074,14.524894942754772,0,0,0,0,0,0
p3u_t10_d0,P3-U,10,0,1,2,30,45.36666666666667,45.14661038685733,45.586722946476,67.6,63.27042245165576,71.92957754834423,14.523582576881923,14.522270211009074,14.524894942754772,14.157498742263735,14.156396169347564,14.158601315179906,12.029083331523685,12.027788327876133,12.030378335171237,0,0,0,0,0,0
p3u_t10_d0,P3-U,10,0,1,3,30,17.366666666666667,17.077271048602416,17.65606228473092,131.13333333333333,125.17223839932493,137.09442826734173,12.029083331523685,12.027788327876133,12.030378335171237,12.02695166779726,12.025498429381603,12.028404906212916,10.812912330845329,10.8123947776521,10.813429884038557,50.06666666666667,47.75531939903879,52.37801393429455,0,0,0
p3u_t10_d0,P3-U,10,0,1,4,30,40.86666666666667,38.44012626323179,43.293207070101545,169,162.53483377995016,175.46516622004984,10.812912330845329,10.8123947776521,10.813429884038557,10.154981588178382,10.142796770952188,10.167166405404576,10.7199233779383,10.712609090067673,10.727237665808929,7.4,2.8632451316351473,11.936754868364854,0,0,0
p3u_t10_d0,P3-U,10,0,1,5,30,40.13333333333333,39.04657925744682,41.22008740921984,212.83333333333334,206.48180189824768,219.184864768419,10.7199233779383,10.712609090067673,10.727237665808929,10.151304875696423,10.145847982595885,10.156761768796962,10.629140452520444,10.625054109912522,10.633226795128365,10.433333333333334,7.809292624836846,13.05737404182982,0,0,0
p3u_t10_d0,P3-U,10,0,1,6,30,34.8,34.05173389698614,35.54826610301385,255.4,247.83482373886312,262.9651762611369,10.629140452520444,10.625054109912522,10.633226795128365,10.124523898344828,10.120766522837531,10.128281273852124,10.554426113513546,10.552562279415644,10.556289947611448,19.366666666666667,17.469670872747873,21.26366246058546,0,0,0
p3u_t10_d0,P3-U,10,0,1,7,30,31.533333333333335,31.211432465701115,31.855234200965555,305.8666666666667,297.4174308346169,314.31590249871647,10.554426113513546,10.552562279415644,10.556289947611448,10.108119813608374,10.106502189482148,10.1097374377346,10.489554225348522,10.488629813339548,10.490478637357496,25.1,23.245693449936287,26.954306550063716,0,0,0
p3u_t10_d0,P3-U,10,0,1,8,30,30.333333333333332,30.161759594396628,30.504907072270036,353.43333333333334,344.1176455768937,362.74902108977295,10.489554225348522,10.488629813339548,10.490478637357496,10.102094770887627,10.101234443159354,10.1029550986159,10.428297362815945,10.427834402583763,10.428760323048127,26.9,25.244468998613517,28.55553100138648,0,0,0
p3u_t10_d0,P3-U,10,0,1,9,30,30.233333333333334,30.079394299772513,30.387272366894155,452.53333333333336,440.90863323601945,464.15803343064727,10.428297362815945,10.427834402583763,10.428760323048127,10.101593142000535,10.100820711377262,10.102365572623809,10.367341477615627,10.367334227185218,10.367348728046036,41.96666666666667,39.363236580307635,44.5700967530257,0,0,0
p3u_t10_d0,P3-U,10,0,1,10,30,30,30,30,549.0666666666667,537.4757462512455,560.657587082088,10.367341477615627,10.367334227185218,10.367348728046036,10.100417428346908,10.100413829802111,10.100421026891706,10.30709102060748,10.30708354025759,10.30709850095737,43.03333333333333,40.832469566988934,45.23419709967773,0,0,0
p3u_t10_d0,P3-U,10,0,1,11,30,30,30,30,643.3333333333334,630.2069891518455,656.4596775148212,10.30709102060748,10.30708354025759,10.30709850095737,10.100419407192332,10.100415865662496,10.100422948722168,10.24683937629208,10.24683171207982,10.24684704050434,42,39.59123668874354,44.40876331125646,0,0,0
p3u_t10_d0,P3-U,10,0,1,12,30,30,30,30,740.9333333333333,728.0996864740492,753.7669801926173,10.24683937629208,10.24683171207982,10.24684704050434,10.10042325446114,10.10041981846619,10.10042669045609,10.186585423615401,10.186577316050224,10.186593531180579,40.53333333333333,38.257021144709675,42.80964552195699,0,0,0
p3u_t10_d0,P3-U,10,0,1,13,30,30,30,30,834.9333333333333,821.2365468410732,848.6301198255934,10.186585423615401,10.186577316050224,10.186593531180579,10.100421086663593,10.100417844654933,10.100424328672252,10.126332771617246,10.126324624262727,10.126340918971765,40.4,38.21097189465804,42.58902810534196,0,0,0
p3u_t10_d0,P3-U,10,0,1,14,30,30,30,30,932.8666666666667,919.3945550918792,946.3387782414542,10.126332771617246,10.126324624262727,10.126340918971765,10.10042175708155,10.100417504990423,10.100426009172677,10.066079717368316,10.066070843805473,10.066088590931159,42.833333333333336,40.48945143027616,45.17721523639051,0,0,0
p3u_t10_d0,P3-U,10,0,1,15,30,23,23,23,1035.6333333333334,1022.4686457032197,1048.798020963447,10.066079717368316,10.066070843805473,10.066088590931159,10.06527197448802,10.06526936043944,10.0652745885366,10.0269165326755,10.026907514825925,10.026925550525075,62.5,59.68585069304433,65.31414930695567,0,0,0
p3u_t10_d0,P3-U,10,0,1,16,30,15,15,15,1153.9666666666667,1139.0825632300766,1168.8507701032568,10.0269165326755,10.026907514825925,10.026925550525075,10.025110333903696,10.025109064137595,10.025111603669796,10.011850332333283,10.011841156640523,10.011859508026044,87.7,84.61288825234189,90.78711174765812,0,0,0
p3u_t10_d0,P3-U,10,0,1,17,30,12,12,12,1270.9333333333334,1255.6036446190565,1286.2630220476103,10.011850332333283,10.011841156640523,10.011859508026044,10.010048649980941,10.010047241503408,10.010050058458475,10.005821142344722,10.005812137250702,10.005830147438742,94.43333333333334,91.08344670175244,97.78321996491424,0,0,0
p3u_t10_d0,P3-U,10,0,1,18,30,11,11,11,1386.3333333333333,1371.233674531271,1401.4329921353956,10.005821142344722,10.005812137250702,10.005830147438742,10.005029176888854,10.005027502270917,10.005030851506792,10.002803636211404,10.00279439662661,10.002812875796197,97.53333333333333,95.24734262864625,99.81932403802041,0,0,0
p3u_t10_d0,P3-U,10,0,1,19,30,10,10,10,1500.1666666666667,1483.9024852378984,1516.430848095435,10.002803636211404,10.00279439662661,10.002812875796197,10.00000949073231,10.00000851466744,10.00001046679718,10.00279794177202,10.002788447113403,10.002807436430636,94.93333333333334,90.5658463804593,99.30082028620737,0,0,0
p3u_t10_d0,P3-U,10,0,1,20,30,10,10,10,1619.3,1602.5018487990458,1636.0981512009541,10.00279794177202,10.002788447113403,10.002807436430636,10.000009255424898,10.000007789728132,10.000010721121663,10.002792388517083,10.00278309724543,10.002801679788735,100.6,96.79013568286972,104.40986431713027,0,0,0
p3u_t10_d0,P3-U,10,0,1,21,30,10,10,10,1733.7666666666667,1716.3170143042016,1751.2163190291317,10.002792388517083,10.00278309724543,10.002801679788735,10.000009412296505,10.000008104075633,10.000010720517377,10.00278674113918,10.002777332864694,10.002796149413667,96.56666666666666,93.77467636049943,99.3586569728339,0,0,0
p3u_t10_d0,P3-U,10,0,1,22,30,10,10,10,1851.4666666666667,1834.8704035522187,1868.0629297811147,10.00278674113918,10.002777332864694,10.002796149413667,10.00000878481007,10.000007459261015,10.000010110359126,10.002781470253135,10.002771971812392,10.002790968693878,99.33333333333333,95.63911525597716,103.0275514106895,0,0,0
p3u_t10_d0,P3-U,10,0,1,23,30,10,10,10,1970.5666666666666,1953.4202727162783,1987.713060617055,10.002781470253135,10.002771971812392,10.002790968693878,10.00000964760392,10.000008174973173,10.000011120234666,10.002775681690782,10.002765955372627,10.002785408008936,99.03333333333333,95.99766583176525,102.06900083490142,0,0,0
p3u_t10_d0,P3-U,10,0,1,24,30,10,10,10,2090.5666666666666,2073.2863673202455,2107.8469660130877,10.002775681690782,10.002765955372627,10.002785408008936,10.000009882911332,10.00000856723615,10.000011198586513,10.002769751943983,10.002759733082469,10.002779770805498,98.46666666666667,95.4466764203045,101.48665691302884,0,0,0
p3d_025_t10_d0,P3-D0.25,10,0,0.25,1,30,44.36666666666667,43.931092337569346,44.80224099576399,34.1,31.59887503012294,36.60112496987706,20,20,20,19.12736237186346,19.12517509540871,19.129549648318207,18.63089564422048,18.630567552752268,18.631223735688692,0,0,0,0,0,0
p3d_025_t10_d0,P3-D0.25,10,0,0.25,2,30,45.8,45.65441485486919,45.945585145130806,67.16666666666667,62.815233943609236,71.5180993897241,18.63089564422048,18.630567552752268,18.631223735688692,18.1395861750617,18.138856304047607,18.140316046075796,17.409957717961227,17.409648597769234,17.41026683815322,0,0,0,0,0,0
p3d_025_t10_d0,P3-D0.25,10,0,0.25,3,30,45.833333333333336,45.69769238290556,45.96897428376111,102.23333333333333,96.33632370866678,108.13034295799989,17.409957717961227,17.409648597769234,17.41026683815322,17.144770128481056,17.144090702324316,17.145449554637796,16.33824219868907,16.33794199895321,16.33854239842493,0,0,0,0,0,0
p3d_025_t10_d0,P3-D0.25,10,0,0.25,4,30,45.7,45.53321126309424,45.86678873690577,135.26666666666668,129.71981744332254,140.81351589001082,16.33824219868907,16.33794199895321,16.33854239842493,16.149121441031767,16.1482858327287,16.149957049334834,15.415873982534302,15.41555644555932,15.416191519509285,0,0,0,0,0,0
p3d_025_t10_d0,P3-D0.25,10,0,0.25,5,30,45.3,45.066950057150684,45.53304994284931,173.93333333333334,167.67575892658925,180.19090774007742,15.415873982534302,15.41555644555932,15.416191519509285,15.152138569991868,15.150971506740524,15.153305633243212,14.643053197035522,14.642679184357776,14.643427209713268,0,0,0,0,0,0
p3d_025_t10_d0,P3-D0.25,10,0,0.25,6,30,45.1,44.863190944565815,45.33680905543419,206.2,198.64311652147222,213.75688347852775,14.643053197035522,14.642679184357776,14.643427209713268,14.1561585305843,14.154972418983629,14.15734464218497,14.019629417447875,14.019310569459941,14.01994826543581,0,0,0,0,0,0
p3d_025_t10_d0,P3-D0.25,10,0,0.25,7,30,17.233333333333334,17.079394299772513,17.387272366894155,270.96666666666664,262.49303416609234,279.44029916724094,14.019629417447875,14.019310569459941,14.01994826543581,14.016245168486668,14.015472390045336,14.017017946928,13.417192642174879,13.416954658960003,13.417430625389754,51.5,49.31875180729911,53.68124819270089,0,0,0
p3d_025_t10_d0,P3-D0.25,10,0,0.25,8,30,45.6,45.358574349275834,45.84142565072417,303.26666666666665,293.94233243036905,312.59100090296425,13.417192642174879,13.416954658960003,13.417430625389754,13.163687614424353,13.162478892865696,13.16489633598301,12.942639500011223,12.942349061998602,12.942929938023845,0,0,0,0,0,0
p3d_025_t10_d0,P3-D0.25,10,0,0.25,9,30,43.46666666666667,43.28509008877225,43.64824324456109,389.1333333333333,377.5143323699556,400.75233429671107,12.942639500011223,12.942349061998602,12.942929938023845,12.157990894675164,12.1570801756943,12.158901613656028,12.618940865809948,12.618722102343025,12.619159629276872,4.4,3.224,5.5760000000000005,0,0,0
p3d_025_t10_d0,P3-D0.25,10,0,0.25,10,30,41.03333333333333,40.967999999999996,41.09866666666667,474.6333333333333,463.0490625097808,486.21760415688584,12.618940865809948,12.618722102343025,12.619159629276872,12.145782157840234,12.14545451095469,12.146109804725779,12.297073542133916,12.296865557158462,12.29728152710937,13.166666666666666,12.026959774186725,14.306373559146607,0,0,0
p3d_025_t10_d0,P3-D0.25,10,0,0.25,11,30,40.13333333333333,40.00960975068146,40.2570569159852,558.7666666666667,545.6398683602334,571.8934649730999,12.297073542133916,12.296865557158462,12.29728152710937,12.141256066610307,12.140635243839485,12.141876889381129,11.97588513214237,11.975702245837791,11.976068018446949,15.3,13.718680138065949,16.881319861934053,0,0,0
p3d_025_t10_d0,P3-D0.25,10,0,0.25,12,30,37.86666666666667,37.68509008877225,38.048243244561085,648.5,635.6406369725688,661.3593630274312,11.97588513214237,11.975702245837791,11.976068018446949,11.134900646966257,11.133989744568495,11.135811549364018,11.805650035097432,11.805496641154255,11.80580342904061,19,17.631706155105192,20.368293844894808,0,0,0
p3d_025_t10_d0,P3-D0.25,10,0,0.25,13,30,37,37,37,735.5,721.781689759228,749.218310240772,11.805650035097432,11.805496641154255,11.80580342904061,11.130550557087165,11.130547223094974,11.130553891079357,11.636067451534355,11.635914030490103,11.636220872578608,23.2,21.280059962622154,25.119940037377845,0,0,0
p3d_025_t10_d0,P3-D0.25,10,0,0.25,14,30,36,36,36,827.4333333333333,813.942568685276,840.9240979813906,11.636067451534355,11.635914030490103,11.636220872578608,11.12552829002663,11.125524123909823,11.125532456143436,11.467238208030361,11.46708492823948,11.467391487821242,26.466666666666665,24.701707370249984,28.231625963083346,0,0,0
p3d_025_t10_d0,P3-D0.25,10,0,0.25,15,30,35,35,35,918.2,905.0319865923728,931.3680134076272,11.467238208030361,11.46708492823948,11.467391487821242,11.120505828720813,11.120501889839328,11.120509767602297,11.299162333722238,11.299009107864109,11.299315559580368,29.033333333333335,26.973412135569653,31.093254531097017,0,0,0
p3d_025_t10_d0,P3-D0.25,10,0,0.25,16,30,34,34,34,1017.5333333333333,1002.642630504276,1032.4240361623906,11.299162333722238,11.299009107864109,11.299315559580368,11.115485924653314,11.115482106397595,11.115489742909032,11.131839445024244,11.131686244653448,11.13199264539504,32.233333333333334,30.138973807426957,34.32769285923971,0,0,0
p3d_025_t10_d0,P3-D0.25,10,0,0.25,17,30,34,34,34,1112.5,1097.1885217122474,1127.8114782877526,11.131839445024244,11.131686244653448,11.13199264539504,11.115483516557282,11.11548050430693,11.115486528807633,10.964516917540646,10.964363716391903,10.964670118689389,30.666666666666668,28.974250225609183,32.35908310772415,0,0,0
p3d_025_t10_d0,P3-D0.25,10,0,0.25,18,30,32.96666666666667,32.90133333333333,33.032000000000004,1205.9333333333334,1190.8370086307807,1221.029658035886,10.964516917540646,10.964363716391903,10.964670118689389,10.115321285836826,10.1149928415998,10.115649730073851,10.947218724665124,10.947084400459389,10.947353048870859,35.2,33.291594009313705,37.1084059906863,0,0,0
p3d_025_t10_d0,P3-D0.25,10,0,0.25,19,30,32,32,32,1297.7666666666667,1281.4960792345248,1314.0372540988085,10.947218724665124,10.947084400459389,10.947353048870859,10.110465033712236,10.110461869749367,10.110468197675106,10.930648969608288,10.930514717168228,10.93078322204835,37.53333333333333,35.132404215605675,39.93426245106099,0,0,0
p3d_025_t10_d0,P3-D0.25,10,0,0.25,20,30,32,32,32,1394.9,1378.0883955404088,1411.7116044595914,10.930648969608288,10.930514717168228,10.93078322204835,10.110458857481643,10.11045506763522,10.110462647328065,10.914080140986044,10.913946141223935,10.914214140748154,37.4,35.036388813895044,39.76361118610495,0,0,0
p3d_025_t10_d0,P3-D0.25,10,0,0.25,21,30,31.666666666666668,31.495092927729964,31.838240405603372,1487.7,1470.257569488144,1505.142430511856,10.914080140986044,10.913946141223935,10.914214140748154,10.108784535852259,10.107922962620473,10.109646109084045,10.897762460608204,10.897694414449868,10.89783050676654,37.96666666666667,36.4441491105077,39.489184222825635,0,0,0
p3d_025_t10_d0,P3-D0.25,10,0,0.25,22,30,31,31,31,1584.4,1567.8101590870424,1600.9898409129578,10.897762460608204,10.897694414449868,10.89783050676654,10.10544264412635,10.105439296009296,10.105445992243405,10.881946063989254,10.88187813158681,10.882013996391699,42.166666666666664,39.72317108628576,44.61016224704757,0,0,0
p3d_025_t10_d0,P3-D0.25,10,0,0.25,23,30,31,31,31,1682.5,1665.3577097789419,1699.6422902210581,10.881946063989254,10.88187813158681,10.882013996391699,10.10544218163721,10.105437965801444,10.105446397472976,10.866129736743675,10.866061646256616,10.866197827230733,42.86666666666667,40.691533866739725,45.04179946659361,0,0,0
p3d_025_t10_d0,P3-D0.25,10,0,0.25,24,30,30.933333333333334,30.842545044386124,31.024121622280543,1781.5666666666666,1764.2863673202457,1798.8469660130875,10.866129736743675,10.866061646256616,10.866197827230733,10.105109710109307,10.10465412855991,10.105565291658705,10.850363280227276,10.85036078277516,10.850365777679391,43.166666666666664,41.2752655966493,45.05806773668403,0,0,0
p3d_05_t10_d0,P3-D0.5,10,0,0.5,1,30,44.36666666666667,43.931092337569346,44.80224099576399,34.1,31.59887503012294,36.60112496987706,20,20,20,19.12736237186346,19.12517509540871,19.129549648318207,17.26179128844097,17.261135105504547,17.262447471377396,0,0,0,0,0,0
p3d_05_t10_d0,P3-D0.5,10,0,0.5,2,30,45.666666666666664,45.495092927729964,45.838240405603365,67.3,62.98723204330724,71.61276795669276,17.26179128844097,17.261135105504547,17.262447471377396,17.143938720184824,17.143078488473744,17.144798951895904,15.118609672385519,15.118017995625808,15.11920134914523,0,0,0,0,0,0
p3d_05_t10_d0,P3-D0.5,10,0,0.5,3,30,38.06666666666667,37.97587837771946,38.15745495561388,110.13333333333334,104.21834268063947,116.04832398602721,15.118609672385519,15.118017995625808,15.11920134914523,15.1158150390138,15.115358773939295,15.116271304088304,13.583865160681377,13.583367970586673,13.58436235077608,12.866666666666667,11.642346472151639,14.090986861181696,0,0,0
p3d_05_t10_d0,P3-D0.5,10,0,0.5,4,30,45.53333333333333,45.32887962706303,45.73778703960363,143.33333333333334,137.75283318408967,148.91383348257702,13.583865160681377,13.583367970586673,13.58436235077608,13.163355296425651,13.162331932596562,13.16437866025474,12.634858571753686,12.634250021361206,12.635467122146165,0,0,0,0,0,0
p3d_05_t10_d0,P3-D0.5,10,0,0.5,5,30,41.8,41.65441485486919,41.945585145130806,185.5,179.25173528457518,191.74826471542482,12.634858571753686,12.634250021361206,12.635467122146165,12.149628971995355,12.148898127660331,12.15035981633038,11.989969880155076,11.98948570134757,11.990454058962582,6.8,5.89179292451885,7.70820707548115,0,0,0
p3d_05_t10_d0,P3-D0.5,10,0,0.5,6,30,38.06666666666667,37.97587837771946,38.15745495561388,224.8,217.23377319016072,232.3662268098393,11.989969880155076,11.98948570134757,11.990454058962582,11.135901708588218,11.135445562390037,11.136357854786398,11.64919936757861,11.648805234893773,11.649593500263448,13.3,12.021286350389131,14.57871364961087,0,0,0
p3d_05_t10_d0,P3-D0.5,10,0,0.5,7,30,35.93333333333333,35.84254504438612,36.02412162228054,270.8666666666667,262.424750507142,279.30858282619135,11.64919936757861,11.648805234893773,11.649593500263448,11.125191317302184,11.124734241299596,11.125648393304772,11.311641972387957,11.311304680920623,11.31197926385529,17.066666666666666,15.572102805836485,18.561230527496846,0,0,0
p3d_05_t10_d0,P3-D0.5,10,0,0.5,8,30,34.36666666666667,34.1912749976858,34.54205833564753,314.4,305.1009565984501,323.69904340154983,11.311641972387957,11.311304680920623,11.31197926385529,11.117324636832517,11.116444475281526,11.118204798383509,10.976444581338201,10.976225819641034,10.97666334303537,20.133333333333333,18.753044197095257,21.51362246957141,0,0,0
p3d_05_t10_d0,P3-D0.5,10,0,0.5,9,30,32.166666666666664,32.03102571623889,32.30230761709444,411.56666666666666,399.93666888118014,423.1966644521532,10.976444581338201,10.976225819641034,10.97666334303537,10.111303153317007,10.110622379706662,10.111983926927351,10.9430536353431,10.9429561654373,10.9431511052489,36.63333333333333,34.17470500191953,39.09196166474714,0,0,0
p3d_05_t10_d0,P3-D0.5,10,0,0.5,10,30,31,31,31,507.1,495.5020657645969,518.6979342354032,10.9430536353431,10.9429561654373,10.9431511052489,10.105444003057158,10.105440818420286,10.10544718769403,10.91142043442595,10.911323163254716,10.911517705597186,42.63333333333333,40.41647712849049,44.850189538176174,0,0,0
p3d_05_t10_d0,P3-D0.5,10,0,0.5,11,30,31,31,31,600.3666666666667,587.2342183412721,613.4991149920612,10.91142043442595,10.911323163254716,10.911517705597186,10.105444164460256,10.105440933703603,10.105447395216908,10.879787185087874,10.879689941500388,10.87988442867536,41.53333333333333,39.08325072936188,43.983415937304784,0,0,0
p3d_05_t10_d0,P3-D0.5,10,0,0.5,12,30,31,31,31,696.9666666666667,684.1283585483437,709.8049747849897,10.879787185087874,10.879689941500388,10.87988442867536,10.105441031937806,10.105436711012455,10.105445352863157,10.848154875506532,10.848057835148277,10.848251915864788,40.1,37.91349480551332,42.286505194486686,0,0,0
p3d_05_t10_d0,P3-D0.5,10,0,0.5,13,30,30,30,30,790.9666666666667,777.2645457490917,804.6687875842417,10.848154875506532,10.848057835148277,10.848251915864788,10.100417629861926,10.1004142073826,10.100421052341252,10.818029586547953,10.817932657196252,10.818126515899653,40.53333333333333,38.27259295347232,42.794073713194344,0,0,0
p3d_05_t10_d0,P3-D0.5,10,0,0.5,14,30,30,30,30,888.9,875.4253922105146,902.3746077894854,10.818029586547953,10.817932657196252,10.818126515899653,10.100421545886473,10.100418243640934,10.100424848132011,10.787903122782014,10.787806116102011,10.788000129462016,42.86666666666667,40.54997641292087,45.183356920412464,0,0,0
p3d_05_t10_d0,P3-D0.5,10,0,0.5,15,30,30,30,30,984.6666666666666,971.5030356358412,997.830297697492,10.787903122782014,10.787806116102011,10.788000129462016,10.10042274092772,10.100418352026908,10.10042712982853,10.7577763005037,10.757679604139332,10.757872996868068,40.166666666666664,37.615318439203826,42.7180148941295,0,0,0
p3d_05_t10_d0,P3-D0.5,10,0,0.5,16,30,30,30,30,1088,1073.1139634046788,1102.8860365953212,10.7577763005037,10.757679604139332,10.757872996868068,10.100419670287627,10.100416198317088,10.100423142258165,10.727650399417408,10.727554182204507,10.72774661663031,42.833333333333336,40.639301651894556,45.027365014772116,0,0,0
p3d_05_t10_d0,P3-D0.5,10,0,0.5,17,30,30,30,30,1186.9666666666667,1171.6368195287455,1202.296513804588,10.727650399417408,10.727554182204507,10.72774661663031,10.100419440286293,10.100416307145535,10.100422573427052,10.697524567331524,10.697428176984786,10.69762095767826,42.13333333333333,40.005403913249516,44.26126275341715,0,0,0
p3d_05_t10_d0,P3-D0.5,10,0,0.5,18,30,30,30,30,1283.3666666666666,1268.2672564343434,1298.4660768989897,10.697524567331524,10.697428176984786,10.69762095767826,10.10041935099948,10.100415624400739,10.100423077598222,10.667398762031677,10.667302282250054,10.6674952418133,40.8,38.832355139042974,42.76764486095702,0,0,0
p3d_05_t10_d0,P3-D0.5,10,0,0.5,19,30,30,30,30,1377.2,1360.9327464511373,1393.4672535488628,10.667398762031677,10.667302282250054,10.6674952418133,10.100422949699546,10.100420151352434,10.100425748046657,10.637271877121814,10.63717557844263,10.637368175800997,42.7,40.269065909629774,45.13093409037023,0,0,0
p3d_05_t10_d0,P3-D0.5,10,0,0.5,20,30,30,30,30,1476.3333333333333,1459.5272498881554,1493.139416778511,10.637271877121814,10.63717557844263,10.637368175800997,10.100418872114396,10.100415179638027,10.100422564590765,10.607146215487493,10.60705005452917,10.607242376445816,43.1,40.98118588796013,45.21881411203987,0,0,0
p3d_05_t10_d0,P3-D0.5,10,0,0.5,21,30,30,30,30,1570.8,1553.3418177244073,1588.2581822755926,10.607146215487493,10.60705005452917,10.607242376445816,10.100421693870738,10.100419199954292,10.100424187787183,10.577019707326277,10.57692346229431,10.577115952358245,41.7,40.158268893549305,43.2417311064507,0,0,0
p3d_05_t10_d0,P3-D0.5,10,0,0.5,22,30,30,30,30,1668.5,1651.890434690513,1685.109565309487,10.577019707326277,10.57692346229431,10.577115952358245,10.100420355219217,10.100416686400052,10.100424024038382,10.54689360076051,10.54679697699412,10.546990224526901,42.56666666666667,40.066718946140504,45.066614387192836,0,0,0
p3d_05_t10_d0,P3-D0.5,10,0,0.5,23,30,30,30,30,1767.6,1750.4407560544873,1784.7592439455125,10.54689360076051,10.54679697699412,10.546990224526901,10.100422729378272,10.100419339334028,10.100426119422515,10.516766781947036,10.516670209517686,10.516863354376385,43.06666666666667,40.852899973182446,45.280433360150894,0,0,0
p3d_05_t10_d0,P3-D0.5,10,0,0.5,24,30,30,30,30,1867.6,1850.3082269139404,1884.8917730860594,10.516766781947036,10.516670209517686,10.516863354376385,10.100419882798228,10.100416171069714,10.100423594526742,10.486640817107562,10.486544295036854,10.48673733917827,43.833333333333336,41.87089423795607,45.7957724287106,0,0,0
p3d_075_t10_d0,P3-D0.75,10,0,0.75,1,30,44.36666666666667,43.931092337569346,44.80224099576399,34.1,31.59887503012294,36.60112496987706,20,20,20,19.12736237186346,19.12517509540871,19.129549648318207,15.892686932661446,15.89170265825681,15.893671207066083,0,0,0,0,0,0
p3d_075_t10_d0,P3-D0.75,10,0,0.75,2,30,45.5,45.31801856858649,45.68198143141351,67.46666666666667,63.134913929289134,71.79841940404421,15.892686932661446,15.89170265825681,15.893671207066083,15.153146304377747,15.15223443685094,15.154058171904556,13.573771095691463,13.5728281241292,13.574714067253725,0,0,0,0,0,0
p3d_075_t10_d0,P3-D0.75,10,0,0.75,3,30,43.6,42.607241669161986,44.592758330838016,104.76666666666667,99.27200595771353,110.2613273756198,13.573771095691463,13.5728281241292,13.574714067253725,13.153645499187087,13.148661044076857,13.158629954297318,12.15463062105727,12.151744382328918,12.157516859785623,1.8333333333333333,0.3651492697893768,3.3015173968772897,0,0,0
p3d_075_t10_d0,P3-D0.75,10,0,0.75,4,30,39.06666666666667,38.569991066963006,39.563342266370334,144.43333333333334,139.04989455425147,149.8167721124152,12.15463062105727,12.151744382328918,12.157516859785623,12.135905439493689,12.133412001135738,12.138398877851639,11.19347317328511,11.19167430008104,11.19527204648918,12.3,11.114463950721898,13.485536049278103,0,0,0
p3d_075_t10_d0,P3-D0.75,10,0,0.75,5,30,35.1,34.756638121932056,35.44336187806795,193.3,187.1742047872537,199.42579521274632,11.19347317328511,11.19167430008104,11.19527204648918,11.121008066986516,11.119284231297,11.122731902676032,10.689019543141178,10.687968305250376,10.69007078103198,21.366666666666667,19.228903320876174,23.50443001245716,0,0,0
p3d_075_t10_d0,P3-D0.75,10,0,0.75,6,30,31.233333333333334,31.00929981093749,31.457366855729177,239.43333333333334,231.95558170533968,246.911084961327,10.689019543141178,10.687968305250376,10.69007078103198,10.106615756754195,10.105491094243167,10.107740419265223,10.64104245260179,10.64045090586011,10.641633999343469,26.233333333333334,24.54522734621203,27.92143932045464,0,0,0
p3d_075_t10_d0,P3-D0.75,10,0,0.75,7,30,31.033333333333335,30.968,31.09866666666667,290.4,282.0190487248844,298.78095127511557,10.64104245260179,10.64045090586011,10.641633999343469,10.105611358104731,10.105283337757301,10.105939378452161,10.59351734145466,10.593073388993982,10.593961293915338,26,24.194802905020026,27.805197094979974,0,0,0
p3d_075_t10_d0,P3-D0.75,10,0,0.75,8,30,30.066666666666666,29.936,30.197333333333333,338.23333333333335,328.93662489428,347.5300417723867,10.59351734145466,10.593073388993982,10.593961293915338,10.100757710298046,10.100102975934192,10.1014124446619,10.548176371820542,10.548026972958652,10.548325770682432,26.933333333333334,25.31944540737692,28.547221259289746,0,0,0
p3d_075_t10_d0,P3-D0.75,10,0,0.75,9,30,30.033333333333335,29.968,30.09866666666667,437.53333333333336,425.90863323601945,449.15803343064727,10.548176371820542,10.548026972958652,10.548325770682432,10.10058956690187,10.100262685198448,10.100916448605293,10.5029110667147,10.502905010885629,10.502917122543773,41.9,39.32407871184723,44.47592128815277,0,0,0
p3d_075_t10_d0,P3-D0.75,10,0,0.75,10,30,30,30,30,534.0666666666667,522.4757462512455,545.657587082088,10.5029110667147,10.502905010885629,10.502917122543773,10.100421102663175,10.10041769933176,10.100424505994589,10.45772157051627,10.4577152934274,10.45772784760514,43.166666666666664,40.96059264130759,45.37274069202574,0,0,0
p3d_075_t10_d0,P3-D0.75,10,0,0.75,11,30,30,30,30,628.3333333333334,615.2069891518455,641.4596775148212,10.45772157051627,10.4577152934274,10.45772784760514,10.100420916832736,10.100416634590772,10.1004251990747,10.412532157941543,10.412525203096722,10.412539112786364,42,39.60041996011467,44.39958003988533,0,0,0
p3d_075_t10_d0,P3-D0.75,10,0,0.75,12,30,30,30,30,725.9333333333333,713.0996864740492,738.7669801926173,10.412532157941543,10.412525203096722,10.412539112786364,10.100424974440672,10.10042169114988,10.100428257731465,10.36734091944324,10.367333791564938,10.367348047321542,40.7,38.35787706085505,43.04212293914495,0,0,0
p3d_075_t10_d0,P3-D0.75,10,0,0.75,13,30,30,30,30,819.9333333333333,806.2365468410732,833.6301198255934,10.36734091944324,10.367333791564938,10.367348047321542,10.100419452232098,10.10041545260181,10.100423451862385,10.322152165938796,10.322145267418595,10.322159064458997,40.666666666666664,38.3853165253177,42.94801680801563,0,0,0
p3d_075_t10_d0,P3-D0.75,10,0,0.75,14,30,30,30,30,917.8666666666667,904.3945550918792,931.3387782414542,10.322152165938796,10.322145267418595,10.322159064458997,10.100418733508116,10.100415093775037,10.100422373241194,10.276963735860143,10.276957168099093,10.276970303621193,42.8,40.480135239772125,45.11986476022787,0,0,0
p3d_075_t10_d0,P3-D0.75,10,0,0.75,15,30,30,30,30,1013.6333333333333,1000.4686457032196,1026.798020963447,10.276963735860143,10.276957168099093,10.276970303621193,10.100421120770998,10.100417399674097,10.100424841867898,10.231774231513194,10.231768024877612,10.231780438148776,40.2,37.67069813821166,42.72930186178834,0,0,0
p3d_075_t10_d0,P3-D0.75,10,0,0.75,16,30,30,30,30,1116.9666666666667,1102.0825632300766,1131.8507701032568,10.231774231513194,10.231768024877612,10.231780438148776,10.100420779636256,10.10041653560365,10.100425023668862,10.186584880676882,10.186578960566647,10.186590800787117,42.7,40.48580118015724,44.91419881984277,0,0,0
p3d_075_t10_d0,P3-D0.75,10,0,0.75,17,30,30,30,30,1215.9333333333334,1200.6036446190565,1231.2630220476103,10.186584880676882,10.186578960566647,10.186590800787117,10.100419073471906,10.10041552045988,10.100422626483933,10.141396297614525,10.141390098944584,10.141402496284467,41.96666666666667,39.85383516600421,44.07949816732913,0,0,0
p3d_075_t10_d0,P3-D0.75,10,0,0.75,18,30,30,30,30,1312.3333333333333,1297.233674531271,1327.4329921353956,10.141396297614525,10.141390098944584,10.141402496284467,10.1004198942031,10.100416786165757,10.100423002240442,10.09620734522313,10.096200839983325,10.096213850462934,40.833333333333336,38.848521038242616,42.818145628424055,0,0,0
p3d_075_t10_d0,P3-D0.75,10,0,0.75,19,30,29,29,29,1407.1666666666667,1390.9024852378984,1423.430848095435,10.09620734522313,10.096200839983325,10.096213850462934,10.095398918569922,10.095395527451124,10.095402309688719,10.053277831866662,10.053271379264531,10.053284284468793,47.86666666666667,45.36839748497015,50.36493584836318,0,0,0
p3d_075_t10_d0,P3-D0.75,10,0,0.75,20,30,20,20,20,1516.3,1499.5018487990458,1533.0981512009541,10.053277831866662,10.053271379264531,10.053284284468793,10.050209424951808,10.050207700899852,10.050211149003763,10.030683590638349,10.03067689373873,10.030690287537967,73,69.89456272166782,76.10543727833218,0,0,0
p3d_075_t10_d0,P3-D0.75,10,0,0.75,21,30,16,16,16,1624.7666666666667,1607.3170143042016,1642.2163190291317,10.030683590638349,10.03067689373873,10.030690287537967,10.030129007809105,10.030127339596621,10.030130676021589,10.01712553712425,10.017118699655894,10.017132374592604,79.9,77.25139379095822,82.5486062090418,0,0,0
p3d_075_t10_d0,P3-D0.75,10,0,0.75,22,30,13,13,13,1739.4666666666667,1722.8704035522187,1756.0629297811147,10.01712553712425,10.017118699655894,10.017132374592604,10.01506893396665,10.015067030012286,10.015070837921012,10.010344516839258,10.01033764521565,10.010351388462865,93.73333333333333,90.0527666936334,97.41389997303327,0,0,0
p3d_075_t10_d0,P3-D0.75,10,0,0.75,23,30,12,12,12,1856.5666666666666,1839.4202727162783,1873.713060617055,10.010344516839258,10.01033764521565,10.010351388462865,10.010049922904125,10.010048657406506,10.010051188401745,10.0058220515324,10.00581502071936,10.00582908234544,93.26666666666667,90.05644910919746,96.47688422413587,0,0,0
p3d_075_t10_d0,P3-D0.75,10,0,0.75,24,30,11,11,11,1975.5666666666666,1958.2863673202457,1992.8469660130875,10.0058220515324,10.00581502071936,10.00582908234544,10.005028500623887,10.005027257197694,10.005029744050079,10.003559226251655,10.003552075915437,10.003566376587873,98.23333333333333,95.23395642741524,101.23271023925143,0,0,0
p3u_t10_d1,P3-U,10,1,1,1,30,44.36666666666667,43.931092337569346,44.80224099576399,34.1,31.59887503012294,36.60112496987706,20,20,20,19.12736237186346,19.12517509540871,19.129549648318207,20,20,20,0,0,0,0,0,0
p3u_t10_d1,P3-U,10,1,1,2,30,45.833333333333336,45.69769238290556,45.96897428376111,67.13333333333334,62.78124107039427,71.4854255962724,20,20,20,19.13473101120081,19.134050947483697,19.135411074917922,14.523582576881923,14.522270211009074,14.524894942754772,0,0,0,0,0,0
p3u_t10_d1,P3-U,10,1,1,3,30,45.5,45.295186656325505,45.704813343674495,102.53333333333333,96.67158490378256,108.3950817628841,14.523582576881923,14.522270211009074,14.524894942754772,14.15816391484316,14.15713780048671,14.159190029199609,9.042743970161444,9.041465635578362,9.044022304744527,0,0,0,0,0,0
p3u_t10_d1,P3-U,10,1,1,4,30,17.1,16.845225996021085,17.354774003978918,164.16666666666666,158.52341625143237,169.80991708190095,9.042743970161444,9.041465635578362,9.044022304744527,9.04067008072921,9.039391662338025,9.041948499120396,6.547845621255547,6.546292569301649,6.549398673209446,49.833333333333336,47.5875844843477,52.07908218231897,0,0,0
p3u_t10_d1,P3-U,10,1,1,5,30,30.2,29.796892986456676,30.603107013543323,217.93333333333334,211.61886028566485,224.24780638100182,6.547845621255547,6.546292569301649,6.549398673209446,6.121512964767634,6.1194885920888105,6.123537337446457,7.12344357281802,7.122489390367626,7.124397755268413,28.366666666666667,26.044740804626223,30.68859252870711,0,0,0
p3u_t10_d1,P3-U,10,1,1,6,30,31.133333333333333,30.872,31.394666666666666,264.1666666666667,256.46641700160944,271.8669163317239,7.12344357281802,7.122489390367626,7.124397755268413,7.1211762346706395,7.119863263401213,7.122489205940066,9.450535793957439,9.45004586593039,9.451025721984488,25.9,24.121044242762935,27.678955757237063,0,0,0
p3u_t10_d1,P3-U,10,1,1,7,30,37.86666666666667,37.711300038100454,38.02203329523288,308.3,299.70700715297835,316.8929928470217,9.450535793957439,9.45004586593039,9.451025721984488,9.14494360283577,9.144163657918883,9.145723547752658,11.177830053155057,11.176778959618211,11.178881146691904,13.833333333333334,12.398613661620958,15.26805300504571,0,0,0
p3u_t10_d1,P3-U,10,1,1,8,30,37,36.73419910658064,37.26580089341936,349.2,339.7690299568908,358.6309700431092,11.177830053155057,11.176778959618211,11.178881146691904,11.130547127059941,11.129213983118966,11.131880271000917,11.690863891453594,11.68984140088139,11.691886382025798,15.033333333333333,13.606638113939175,16.46002855272749,0,0,0
p3u_t10_d1,P3-U,10,1,1,9,30,31.733333333333334,31.524604871255864,31.942061795410805,446.8,435.13485302771295,458.4651469722871,11.690863891453594,11.68984140088139,11.691886382025798,11.10410261560232,11.103054296792584,11.105150934412057,11.012535615217633,11.01190276057694,11.013168469858327,37.96666666666667,35.44071312037813,40.49262021295521,0,0,0
p3u_t10_d1,P3-U,10,1,1,10,30,13.033333333333333,12.85794166435247,13.208725002314196,560.3,548.7337855227679,571.866214477232,11.012535615217633,11.01190276057694,11.013168469858327,11.010216978496185,11.009336669273388,11.011097287718982,10.350074045856234,10.349514056150268,10.3506340355622,90.8,88.31828209296162,93.28171790703837,0,0,0
p3u_t10_d1,P3-U,10,1,1,11,30,26.266666666666666,26.080289880254274,26.453043453079058,658.3,645.2161720740678,671.3838279259321,10.350074045856234,10.349514056150268,10.3506340355622,10.081674669925034,10.080738538139085,10.082610801710983,9.743943858758529,9.743401098157445,9.744486619359613,53.1,50.54646048670145,55.653539513298554,0,0,0
p3u_t10_d1,P3-U,10,1,1,12,30,36.1,35.95593934866048,36.244060651339524,749.8,737.0255084056447,762.5744915943552,9.743943858758529,9.743401098157445,9.744486619359613,9.136063034281737,9.135340436190099,9.136785632373375,9.69493905680351,9.694409899592177,9.695468214014841,24,22.226886886027142,25.773113113972858,0,0,0
p3u_t10_d1,P3-U,10,1,1,13,30,38.56666666666667,38.38631010199143,38.74702323134191,835.2333333333333,821.6080611168534,848.8586055498133,9.69493905680351,9.694409899592177,9.695468214014841,9.148451306559886,9.147545684303434,9.149356928816339,10.213301236234463,10.21275416786628,10.213848304602646,17.766666666666666,16.175511015413964,19.357822317919368,0,0,0
p3u_t10_d1,P3-U,10,1,1,14,30,35.166666666666664,34.95478872884302,35.37854460449031,928,914.5392774698205,941.4607225301795,10.213301236234463,10.21275416786628,10.213848304602646,10.126363444056976,10.12529841066691,10.127428477447042,10.724230452298531,10.723530726319549,10.724930178277514,30.4,28.344119865741977,32.45588013425802,0,0,0
p3u_t10_d1,P3-U,10,1,1,15,30,29.6,29.421695340150244,29.77830465984976,1024.1666666666667,1010.96259316308,1037.3707401702536,10.724230452298531,10.723530726319549,10.724930178277514,10.098412838837515,10.097517584192225,10.099308093482804,10.648412385864349,10.647532133549035,10.649292638179663,41.93333333333333,39.43471068133321,44.43195598533345,0,0,0
p3u_t10_d1,P3-U,10,1,1,16,30,26.466666666666665,26.28509008877225,26.64824324456108,1131.0333333333333,1116.1056834522174,1145.9609832144492,10.648412385864349,10.647532133549035,10.649292638179663,10.082683071147601,10.081770957132317,10.083595185162885,10.589364682561836,10.588396941646332,10.59033242347734,54.46666666666667,51.928070994907515,57.00526233842582,0,0,0
p3u_t10_d1,P3-U,10,1,1,17,30,26.533333333333335,26.211432465701115,26.855234200965555,1233.4666666666667,1218.1235033927833,1248.8098299405501,10.589364682561836,10.588396941646332,10.59033242347734,10.083017099288277,10.08140060688438,10.084633591692175,10.539754839873275,10.538957605164972,10.540552074581578,54.56666666666667,51.599854571561416,57.533478761771924,0,0,0
p3u_t10_d1,P3-U,10,1,1,18,30,28.666666666666668,28.495092927729964,28.838240405603372,1331.2,1316.0935972591053,1346.3064027408948,10.539754839873275,10.538957605164972,10.540552074581578,10.093725540530214,10.092863448702746,10.094587632357682,10.489944580300314,10.489394281588538,10.49049487901209,46.6,44.4869246903227,48.7130753096773,0,0,0
p3u_t10_d1,P3-U,10,1,1,19,30,30,30,30,1425.0333333333333,1408.7511346641757,1441.315532002491,10.489944580300314,10.489394281588538,10.49049487901209,10.10042289966871,10.100419325069996,10.100426474267422,10.433709255982187,10.432822258112651,10.434596253851723,42.833333333333336,40.38262002720953,45.28404663945714,0,0,0
p3u_t10_d1,P3-U,10,1,1,20,30,30.866666666666667,30.573481333052,31.159852000281333,1523.3,1506.5018487990458,1540.0981512009541,10.433709255982187,10.432822258112651,10.434596253851723,10.1047707126308,10.103298733244552,10.10624269201705,10.37345551618096,10.37256794705271,10.374343085309208,41.4,38.852953317153826,43.94704668284617,0,0,0
p3u_t10_d1,P3-U,10,1,1,21,30,30.866666666666667,30.573481333052,31.159852000281333,1616.9,1599.4615697901472,1634.338430209853,10.37345551618096,10.37256794705271,10.374343085309208,10.104770250997605,10.10329858853251,10.1062419134627,10.310593088602475,10.310583786874773,10.310602390330178,40.5,38.77037842156219,42.22962157843781,0,0,0
p3u_t10_d1,P3-U,10,1,1,22,30,30,30,30,1714.6,1698.0029741924893,1731.1970258075105,10.310593088602475,10.310583786874773,10.310602390330178,10.10042525554951,10.100421099722567,10.100429411376453,10.247730938003913,10.246852255098709,10.248609620909118,42.43333333333333,39.94223271643226,44.9244339502344,0,0,0
p3u_t10_d1,P3-U,10,1,1,23,30,30,30,30,1813.7,1796.5364977289921,1830.863502271008,10.247730938003913,10.246852255098709,10.248609620909118,10.100422408522812,10.10041910444783,10.100425712597794,10.187475784674206,10.186597074628356,10.188354494720055,43.1,40.931746420225046,45.26825357977496,0,0,0
p3u_t10_d1,P3-U,10,1,1,24,30,30,30,30,1913.7,1896.4101294527625,1930.9898705472376,10.187475784674206,10.186597074628356,10.188354494720055,10.100420753100671,10.100416878328687,10.100424627872655,10.127222339560513,10.126343960128084,10.128100718992942,43.7,41.76459803099997,45.635401969000036,0,0,0
p3d_025_t10_d1,P3-D0.25,10,1,0.25,1,30,44.36666666666667,43.931092337569346,44.80224099576399,34.1,31.59887503012294,36.60112496987706,20,20,20,19.12736237186346,19.12517509540871,19.129549648318207,20,20,20,0,0,0,0,0,0
p3d_025_t10_d1,P3-D0.25,10,1,0.25,2,30,45.833333333333336,45.69769238290556,45.96897428376111,67.13333333333334,62.78124107039427,71.4854255962724,20,20,20,19.13473101120081,19.134050947483697,19.135411074917922,18.63089564422048,18.630567552752268,18.631223735688692,0,0,0,0,0,0
p3d_025_t10_d1,P3-D0.25,10,1,0.25,3,30,45.96666666666667,45.90133333333333,46.032000000000004,102.06666666666666,96.1657271947401,107.96760613859323,18.63089564422048,18.630567552752268,18.631223735688692,18.14041824050164,18.140092180100062,18.140744300903215,17.26068599254036,17.26036640889459,17.26100557618613,0,0,0,0,0,0
p3d_025_t10_d1,P3-D0.25,10,1,0.25,4,30,45.733333333333334,45.57238289951722,45.894283767149446,135.06666666666666,129.48964915257454,140.64368418075878,17.26068599254036,17.26036640889459,17.26100557618613,17.144266373714498,17.143460652341222,17.145072095087773,16.039623256465116,16.03930616619526,16.039940346734973,0,0,0,0,0,0
p3d_025_t10_d1,P3-D0.25,10,1,0.25,5,30,23.133333333333333,23.00960975068146,23.257056915985206,195.9,189.6259234759301,202.1740765240699,16.039623256465116,16.03930616619526,16.039940346734973,16.03582553958856,16.035204187044325,16.036446892132798,14.967983300407942,14.96764141301157,14.968325187804314,42.4,39.67537877355655,45.124621226443445,0,0,0
p3d_025_t10_d1,P3-D0.25,10,1,0.25,6,30,45.766666666666666,45.58631010199142,45.94702323134191,227.5,219.93531988202037,235.06468011797963,14.967983300407942,14.96764141301157,14.968325187804314,14.15950277532111,14.15860087974496,14.160404670897261,14.062609469469656,14.062322318897555,14.062896620041757,0,0,0,0,0,0
p3d_025_t10_d1,P3-D0.25,10,1,0.25,7,30,26,26,26,283.5,275.0502328672501,291.9497671327499,14.062609469469656,14.062322318897555,14.062896620041757,14.060251983475602,14.06024938815095,14.060254578800254,13.43868405317149,13.43838106505641,13.438987041286572,32.96666666666667,30.8769506471689,35.05638268616443,0,0,0
p3d_025_t10_d1,P3-D0.25,10,1,0.25,8,30,45.7,45.50855876325505,45.89144123674495,315.7,306.42589581858084,324.97410418141914,13.43868405317149,13.43838106505641,13.438987041286572,13.164188790552656,13.163230726572968,13.165146854532344,12.829646255650147,12.829343349386216,12.829949161914078,0,0,0,0,0,0
p3d_025_t10_d1,P3-D0.25,10,1,0.25,9,30,44.666666666666664,44.379568888723995,44.953764444609334,400.3666666666667,388.7314305307433,412.00190280259005,12.829646255650147,12.829343349386216,12.829949161914078,12.164019574036434,12.162581271826868,12.165457876246,12.355017937067247,12.354666778689126,12.355369095445369,0,0,0,0,0,0
p3d_025_t10_d1,P3-D0.25,10,1,0.25,10,30,44.9,44.64522599602108,45.154774003978915,482,470.3380331305406,493.6619668694594,12.355017937067247,12.354666778689126,12.355369095445369,12.165196496388992,12.163919099953732,12.166473892824252,12.030415000961785,12.030002827214357,12.030827174709213,0.03333333333333333,-0.03199999999999995,0.09866666666666662,0,0,0
p3d_025_t10_d1,P3-D0.25,10,1,0.25,11,30,17.6,17.421695340150244,17.77830465984976,588.6666666666666,575.4661886072868,601.8671447260465,12.030415000961785,12.030002827214357,12.030827174709213,12.028123210997657,12.027228206527946,12.029018215467369,11.705635526503436,11.705269396895284,11.706001656111587,77.06666666666666,73.87714823894653,80.2561850943868,0,0,0
p3d_025_t10_d1,P3-D0.25,10,1,0.25,12,30,40.9,40.704,41.096,675.3666666666667,662.487151649977,688.2461816833563,11.705635526503436,11.705269396895284,11.706001656111587,11.150129537429523,11.149144962404021,11.151114112455025,11.40141704485379,11.401123446988167,11.401710642719413,12.333333333333334,10.846470916448942,13.820195750217726,0,0,0
p3d_025_t10_d1,P3-D0.25,10,1,0.25,13,30,43,42.906025192908864,43.093974807091136,756.3666666666667,742.6684134032964,770.0649199300369,11.40141704485379,11.401123446988167,11.401710642719413,11.160674722898117,11.160204312149197,11.161145133647036,11.228897614239362,11.228636391802008,11.229158836676715,7.466666666666667,6.611891878376021,8.321441454957313,0,0,0
p3d_025_t10_d1,P3-D0.25,10,1,0.25,14,30,41.56666666666667,41.38631010199143,41.74702323134191,842.7333333333333,829.2870741267235,856.1795925399432,11.228897614239362,11.228636391802008,11.229158836676715,11.153479031838406,11.152574132385041,11.154383931291772,11.054796405804641,11.054554975219471,11.055037836389811,10.533333333333333,9.01009089533989,12.056575771326777,0,0,0
p3d_025_t10_d1,P3-D0.25,10,1,0.25,15,30,21.1,20.990811141151895,21.20918885884811,947.4,934.2665037736923,960.5334962263076,11.054796405804641,11.054554975219471,11.055037836389811,11.050711305844334,11.050164325732101,11.051258285956568,10.881774551028881,10.881578203371035,10.881970898686728,67.63333333333334,64.72848808518177,70.53817858148491,2,-1.92,5.92
p3d_025_t10_d1,P3-D0.25,10,1,0.25,16,30,37.03333333333333,36.967999999999996,37.09866666666667,1043.7,1028.821039691495,1058.5789603085052,10.881774551028881,10.881578203371035,10.881970898686728,10.13573445149407,10.135406309664521,10.136062593323619,10.724167855152233,10.724015211001742,10.724320499302724,24.533333333333335,22.83206918311672,26.23459748354995,0,0,0
p3d_025_t10_d1,P3-D0.25,10,1,0.25,17,30,38.4,38.22169534015024,38.578304659849756,1134.2666666666667,1118.9145269233827,1149.6188064099506,10.724167855152233,10.724015211001742,10.724320499302724,10.14259577427888,10.141700235818888,10.14349131273887,10.70380768742812,10.703668049922028,10.70394732493421,19.266666666666666,17.663760187773832,20.8695731455595,0,0,0
p3d_025_t10_d1,P3-D0.25,10,1,0.25,18,30,37.733333333333334,37.57238289951722,37.894283767149446,1222.9333333333334,1207.8133349226623,1238.0533317440045,10.70380768742812,10.703668049922028,10.70394732493421,10.139249983843523,10.138441069718231,10.140058897968816,10.682418321286288,10.682255553932977,10.6825810886396,20.033333333333335,18.124734537361622,21.941932129305048,0,0,0
p3d_025_t10_d1,P3-D0.25,10,1,0.25,19,30,36.43333333333333,36.25297676865809,36.61368989800857,1310.3333333333333,1294.090546150127,1326.5761205165395,10.682418321286288,10.682255553932977,10.6825810886396,10.132723873785983,10.131817738790552,10.133630008781413,10.661530823709764,10.661379421374209,10.66168222604532,25.533333333333335,23.52716745088674,27.53949921577993,0,0,0
p3d_025_t10_d1,P3-D0.25,10,1,0.25,20,30,35.03333333333333,34.967999999999996,35.09866666666667,1404.4333333333334,1387.643981624906,1421.2226850417608,10.661530823709764,10.661379421374209,10.66168222604532,10.125696059590455,10.125366973006763,10.126025146174147,10.641622242641864,10.641478922138866,10.641765563144862,31.033333333333335,28.82846058264152,33.23820608402515,0,0,0
p3d_025_t10_d1,P3-D0.25,10,1,0.25,21,30,34,34,34,1494.9,1477.4635956095024,1512.3364043904978,10.641622242641864,10.641478922138866,10.641765563144862,10.120507303807155,10.120503656258274,10.120510951356037,10.622767833703296,10.622630665575349,10.622905001831244,31.266666666666666,29.908305337006656,32.62502799632667,0,0,0
p3d_025_t10_d1,P3-D0.25,10,1,0.25,22,30,33.03333333333333,32.967999999999996,33.09866666666667,1589.5666666666666,1572.9664264043606,1606.1669069289726,10.622767833703296,10.622630665575349,10.622905001831244,10.11564674478159,10.1153184080485,10.115975081514678,10.604691738132221,10.604554652597944,10.604828823666498,36.13333333333333,33.754576209131976,38.51209045753469,0,0,0
p3d_025_t10_d1,P3-D0.25,10,1,0.25,23,30,33,33,33,1685.6666666666667,1668.5031172297925,1702.830216103541,10.604691738132221,10.604554652597944,10.604828823666498,10.115483731427904,10.115479045220196,10.115488417635612,10.587344726414983,10.587196905293212,10.587492547536755,36.06666666666667,34.09558382444993,38.03774950888341,0,0,0
p3d_025_t10_d1,P3-D0.25,10,1,0.25,24,30,32.93333333333333,32.84254504438612,33.02412162228054,1782.7333333333333,1765.4767506550681,1799.9899160115986,10.587344726414983,10.587196905293212,10.587492547536755,10.115149807006317,10.114694068471275,10.115605545541358,10.570022166700797,10.56987439789488,10.570169935506714,37.13333333333333,35.38597462161071,38.88069204505596,0,0,0
p3d_05_t10_d1,P3-D0.5,10,1,0.5,1,30,44.36666666666667,43.931092337569346,44.80224099576399,34.1,31.59887503012294,36.60112496987706,20,20,20,19.12736237186346,19.12517509540871,19.129549648318207,20,20,20,0,0,0,0,0,0
p3d_05_t10_d1,P3-D0.5,10,1,0.5,2,30,45.833333333333336,45.69769238290556,45.96897428376111,67.13333333333334,62.78124107039427,71.4854255962724,20,20,20,19.13473101120081,19.134050947483697,19.135411074917922,17.26179128844097,17.261135105504547,17.262447471377396,0,0,0,0,0,0
p3d_05_t10_d1,P3-D0.5,10,1,0.5,3,30,45.86666666666667,45.7429430840148,45.99039024931854,102.16666666666667,96.27610017100204,108.0572331623313,17.26179128844097,17.261135105504547,17.262447471377396,17.14493758577469,17.144317898299008,17.145557273250375,14.521371985080721,14.52073281778918,14.522011152372263,0,0,0,0,0,0
p3d_05_t10_d1,P3-D0.5,10,1,0.5,4,30,45.36666666666667,45.12738434251517,45.60594899081816,135.53333333333333,129.946190545074,141.12047612159267,14.521371985080721,14.52073281778918,14.522011152372263,14.157493020661313,14.156294179369551,14.158691861953075,12.377890709348309,12.377258936446596,12.378522482250021,0,0,0,0,0,0
p3d_05_t10_d1,P3-D0.5,10,1,0.5,5,30,44.4,44.22169534015024,44.578304659849756,175.1,168.79993706289417,181.40006293710582,12.377890709348309,12.377258936446596,12.378522482250021,12.16268457324561,12.161791423643127,12.163577722848093,11.13064280314992,11.129999605275138,11.131286001024701,0.5666666666666667,0.2454523996049673,0.887880933728366,0,0,0
p3d_05_t10_d1,P3-D0.5,10,1,0.5,6,30,36.46666666666667,36.26221296039637,36.67112037293697,216,208.35735762129775,223.64264237870225,11.13064280314992,11.129999605275138,11.131286001024701,11.12787076579651,11.126845628704963,11.128895902888058,10.48183743117624,10.481288500418545,10.482386361933935,16.033333333333335,14.666707844747073,17.399958821919597,0,0,0
p3d_05_t10_d1,P3-D0.5,10,1,0.5,7,30,35.06666666666667,34.97587837771946,35.15745495561388,262.93333333333334,254.39457874793086,271.47208791873584,10.48183743117624,10.481288500418545,10.482386361933935,10.125865266835907,10.125408974008803,10.126321559663012,10.143476201437284,10.143073080676398,10.14387932219817,19.5,18.0786795842816,20.9213204157184,0,0,0
p3d_05_t10_d1,P3-D0.5,10,1,0.5,8,30,33.96666666666667,33.90133333333333,34.032000000000004,306.8666666666667,297.4999032720665,316.23343006126686,10.143476201437284,10.143073080676398,10.14387932219817,10.120339680962363,10.12001192360567,10.120667438319057,10.105716621386515,10.10535743570445,10.10607580706858,20.2,18.85317347028304,21.54682652971696,0,0,0
p3d_05_t10_d1,P3-D0.5,10,1,0.5,9,30,30.6,30.421695340150244,30.77830465984976,405.6,393.95599427459206,417.244005725408,10.105716621386515,10.10535743570445,10.10607580706858,10.103433407607612,10.102538431143689,10.104328384071536,10.069614717097803,10.069289253836626,10.06994018035898,41.93333333333333,39.35812639227558,44.50854027439108,0,0,0
p3d_05_t10_d1,P3-D0.5,10,1,0.5,10,30,23.066666666666666,22.975878377719457,23.157454955613876,509.06666666666666,497.4757462512454,520.6575870820878,10.069614717097803,10.069289253836626,10.06994018035898,10.065606112987508,10.065150155068975,10.06606207090604,10.038584694815524,10.03844893031122,10.038720459319828,64.23333333333333,61.805064808097434,66.66160185856924,0,0,0
p3d_05_t10_d1,P3-D0.5,10,1,0.5,11,30,17,17,17,616.3333333333334,603.2069891518455,629.4596775148212,10.038584694815524,10.03844893031122,10.038720459319828,10.035148532801408,10.035146590284954,10.035150475317861,10.018902860919265,10.018899335361857,10.018906386476674,80.9,78.0243862584129,83.77561374158711,0,0,0
p3d_05_t10_d1,P3-D0.5,10,1,0.5,12,30,13,13,13,730.9333333333333,718.0996864740492,743.7669801926173,10.018902860919265,10.018899335361857,10.018906386476674,10.015068507837727,10.015066733542586,10.015070282132868,10.008358301078841,10.008354792656595,10.008361809501087,92.1,88.17510305867783,96.02489694132215,0,0,0
p3d_05_t10_d1,P3-D0.5,10,1,0.5,13,30,11,11,11,843.9333333333333,830.2365468410732,857.6301198255934,10.008358301078841,10.008354792656595,10.008361809501087,10.005028978653028,10.005027849743817,10.00503010756224,10.003837748727525,10.003834229493313,10.003841267961738,95.86666666666666,93.104809065348,98.62852426798533,0,0,0
p3d_05_t10_d1,P3-D0.5,10,1,0.5,14,30,10,10,10,961.8666666666667,948.3945550918792,975.3387782414542,10.003837748727525,10.003834229493313,10.003841267961738,10.000009255424896,10.000007858043897,10.000010652805894,10.002329055131614,10.002325515834205,10.002332594429024,97.96666666666667,94.16970842450489,101.76362490882845,0,0,0
p3d_05_t10_d1,P3-D0.5,10,1,0.5,15,30,10,10,10,1077.6333333333334,1064.4686457032199,1090.798020963447,10.002329055131614,10.002325515834205,10.002332594429024,10.000009647603921,10.000008278205774,10.000011017002068,10.002326278504144,10.002322582317676,10.002329974690612,95.03333333333333,91.71949416197334,98.34717250469332,0,0,0
p3d_05_t10_d1,P3-D0.5,10,1,0.5,16,30,10,10,10,1200.9666666666667,1186.0825632300766,1215.8507701032568,10.002326278504144,10.002322582317676,10.002329974690612,10.000008471066854,10.000007133277936,10.000009808855772,10.002323384222972,10.002319603169285,10.00232716527666,100.76666666666667,97.83880718675654,103.69452614657679,0,0,0
p3d_05_t10_d1,P3-D0.5,10,1,0.5,17,30,10,10,10,1319.9333333333334,1304.6036446190565,1335.2630220476103,10.002323384222972,10.002319603169285,10.00232716527666,10.000011294755806,10.000010271806909,10.000012317704703,10.002320842902913,10.002317053368195,10.002324632437631,100.1,96.51002706762677,103.68997293237322,0,0,0
p3d_05_t10_d1,P3-D0.5,10,1,0.5,18,30,10,10,10,1436.3333333333333,1421.233674531271,1451.4329921353956,10.002320842902913,10.002317053368195,10.002324632437631,10.0000093338607,10.000008195883987,10.000010471837411,10.002317454476172,10.002313649419973,10.002321259532371,97.63333333333334,95.38876452527697,99.87790214138971,0,0,0
p3d_05_t10_d1,P3-D0.5,10,1,0.5,19,30,10,10,10,1550.1666666666667,1533.9024852378984,1566.430848095435,10.002317454476172,10.002313649419973,10.002321259532371,10.000009726039723,10.000008297512277,10.000011154567169,10.002314654317962,10.00231088712944,10.002318421506484,94.93333333333334,90.5658463804593,99.30082028620737,0,0,0
p3d_05_t10_d1,P3-D0.5,10,1,0.5,20,30,10,10,10,1669.3,1652.5018487990458,1686.0981512009541,10.002314654317962,10.00231088712944,10.002318421506484,10.000010667269374,10.000009736070933,10.000011598467815,10.002311736506044,10.002308026077666,10.002315446934423,100.46666666666667,96.63699630081126,104.29633703252208,0,0,0
p3d_05_t10_d1,P3-D0.5,10,1,0.5,21,30,10,10,10,1783.7666666666667,1766.3170143042016,1801.2163190291317,10.002311736506044,10.002308026077666,10.002315446934423,10.000009490732308,10.000008352755595,10.000010628709022,10.002308536325232,10.002304739675653,10.002312332974812,96.53333333333333,93.75553383487419,99.31113283179248,0,0,0
p3d_05_t10_d1,P3-D0.5,10,1,0.5,22,30,10,10,10,1901.4666666666667,1884.8704035522187,1918.0629297811147,10.002308536325232,10.002304739675653,10.002312332974812,10.000009255424896,10.0000078580439,10.000010652805893,10.002305689105535,10.002301858875926,10.002309519335144,99.33333333333333,95.64509650779921,103.02157015886745,0,0,0
p3d_05_t10_d1,P3-D0.5,10,1,0.5,23,30,10,10,10,2020.5666666666666,2003.4202727162783,2037.713060617055,10.002305689105535,10.002301858875926,10.002309519335144,10.000009255424898,10.000007789728134,10.000010721121662,10.00230291247807,10.002299236646648,10.002306588309493,98.93333333333334,95.8955574177316,101.97110924893508,0,0,0
p3d_05_t10_d1,P3-D0.5,10,1,0.5,24,30,10,10,10,2140.5666666666666,2123.2863673202455,2157.8469660130877,10.00230291247807,10.002299236646648,10.002306588309493,10.00000949073231,10.00000851466744,10.00001046679718,10.002300135850598,10.00229634846477,10.002303923236427,98.5,95.49464217901031,101.50535782098969,0,0,0
p3d_075_t10_d1,P3-D0.75,10,1,0.75,1,30,44.36666666666667,43.931092337569346,44.80224099576399,34.1,31.59887503012294,36.60112496987706,20,20,20,19.12736237186346,19.12517509540871,19.129549648318207,20,20,20,0,0,0,0,0,0
p3d_075_t10_d1,P3-D0.75,10,1,0.75,2,30,45.833333333333336,45.69769238290556,45.96897428376111,67.13333333333334,62.78124107039427,71.4854255962724,20,20,20,19.13473101120081,19.134050947483697,19.135411074917922,15.892686932661446,15.89170265825681,15.893671207066083,0,0,0,0,0,0
p3d_075_t10_d1,P3-D0.75,10,1,0.75,3,30,45.63333333333333,45.45794166435247,45.8087250023142,102.4,96.53985882246089,108.26014117753913,15.892686932661446,15.89170265825681,15.893671207066083,15.153810054878774,15.152930957468591,15.154689152288956,11.782057977621086,11.781099226683775,11.783016728558398,0,0,0,0,0,0
p3d_075_t10_d1,P3-D0.75,10,1,0.75,4,30,43.96666666666667,43.818575569094676,44.11475776423866,137.16666666666666,131.57529726367008,142.75803606966323,11.782057977621086,11.781099226683775,11.783016728558398,11.165532049407991,11.164791065838749,11.166273032977234,9.462843452925636,9.461739436469943,9.46394746938133,1.0666666666666667,0.597419548148558,1.5359137851847753,0,0,0
p3d_075_t10_d1,P3-D0.75,10,1,0.75,5,30,37.266666666666666,37.01921950136292,37.51411383197041,183.86666666666667,177.5937280395831,190.13960529375024,9.462843452925636,9.461739436469943,9.46394746938133,9.14193227831374,9.140690383304902,9.14317417332258,8.938354030692043,8.937419597419765,8.93928846396432,16.4,14.41849043960645,18.381509560393546,0,0,0
p3d_075_t10_d1,P3-D0.75,10,1,0.75,6,30,29.9,29.663190944565812,30.136809055434185,231.33333333333334,223.71538203946773,238.95128462719896,8.938354030692043,8.937419597419765,8.93928846396432,8.109962681046872,8.108773081362187,8.111152280731556,9.324484505450858,9.323968020927166,9.32500098997455,27.633333333333333,25.998918978426687,29.26774768823998,0,0,0
p3d_075_t10_d1,P3-D0.75,10,1,0.75,7,30,27.8,27.62671901763155,27.97328098236845,285.53333333333336,277.0065845662828,294.0600821003839,9.324484505450858,9.323968020927166,9.32500098997455,9.09439519925682,9.093525183367518,9.09526521514612,10.175001298979767,10.174666607824586,10.175335990134949,30.433333333333334,28.545203507937874,32.3214631587288,0,0,0
p3d_075_t10_d1,P3-D0.75,10,1,0.75,8,30,27.933333333333334,27.842545044386124,28.024121622280543,335.5,326.1403026377642,344.8596973622358,10.175001298979767,10.174666607824586,10.175335990134949,10.090043508103426,10.089587748503833,10.090499267703018,10.582523459314196,10.582115100667073,10.582931817961319,30.4,28.76257157039797,32.03742842960203,0,0,0
p3d_075_t10_d1,P3-D0.75,10,1,0.75,9,30,28,28,28,436.8333333333333,425.19862851676913,448.4680381498975,10.582523459314196,10.582115100667073,10.582931817961319,10.090379650114537,10.090375506045813,10.09038379418326,10.542003880667657,10.541570291388776,10.542437469946538,48.233333333333334,45.584171464861726,50.88249520180494,0,0,0
p3d_075_t10_d1,P3-D0.75,10,1,0.75,10,30,29.033333333333335,28.918879373977354,29.147787292689316,534.3333333333334,522.7521695011094,545.9144971655573,10.542003880667657,10.541570291388776,10.542437469946538,10.09556723452228,10.094992377495924,10.096142091548636,10.501333038116112,10.500900056234643,10.50176601999758,48.266666666666666,46.02318010804918,50.51015322528415,0,0,0
p3d_075_t10_d1,P3-D0.75,10,1,0.75,11,30,30.033333333333335,29.918879373977354,30.147787292689316,628.5666666666667,615.4661325112558,641.6672008220777,10.501333038116112,10.500900056234643,10.50176601999758,10.10058800192456,10.100014143844838,10.101161860004282,10.458327782581087,10.457962678311677,10.458692886850496,42.1,39.71453878769696,44.48546121230304,0,0,0
p3d_075_t10_d1,P3-D0.75,10,1,0.75,12,30,30.266666666666666,30.105716232850558,30.427617100482774,725.9,713.0937643996031,738.7062356003969,10.458327782581087,10.457962678311677,10.458692886850496,10.10176292662543,10.10095412227328,10.10257173097758,10.413063181715039,10.412602185477287,10.413524177952791,40.56666666666667,38.242459871638815,42.890873461694525,0,0,0
p3d_075_t10_d1,P3-D0.75,10,1,0.75,13,30,30.3,30.133211263094235,30.466788736905766,819.6,805.9110604459315,833.2889395540685,10.413063181715039,10.412602185477287,10.413524177952791,10.101925690554435,10.101087452214083,10.102763928894786,10.36726986473359,10.367010552323816,10.367529177143364,40.4,38.17694454854813,42.62305545145187,0,0,0
p3d_075_t10_d1,P3-D0.75,10,1,0.75,14,30,30.033333333333335,29.968,30.09866666666667,917.5,904.000706225369,930.999293774631,10.36726986473359,10.367010552323816,10.367529177143364,10.100586530067112,10.100258086142308,10.100914973991916,10.321403303984093,10.321017052646127,10.32178955532206,42.9,40.59934394164391,45.20065605835609,0,0,0
p3d_075_t10_d1,P3-D0.75,10,1,0.75,15,30,30,30,30,1013.2666666666667,1000.0689987523918,1026.4643345809416,10.321403303984093,10.321017052646127,10.32178955532206,10.10042111749181,10.100417572784606,10.100424662199016,10.276139365453897,10.275744542839792,10.276534188068002,40.266666666666666,37.753945975457505,42.77938735787583,0,0,0
p3d_075_t10_d1,P3-D0.75,10,1,0.75,16,30,30,30,30,1116.6,1101.7013323622778,1131.498667637722,10.276139365453897,10.275744542839792,10.276534188068002,10.100420704479637,10.100416398981276,10.100425009977998,10.23094986258258,10.230555171230703,10.231344553934457,42.833333333333336,40.60535072267185,45.06131594399482,0,0,0
p3d_075_t10_d1,P3-D0.75,10,1,0.75,17,30,30,30,30,1215.5666666666666,1200.2125855892527,1230.9207477440805,10.23094986258258,10.230555171230703,10.231344553934457,10.100419509280892,10.100416226599442,10.100422791962341,10.185760545566746,10.185365405270085,10.186155685863406,42.06666666666667,39.94455543569211,44.18877789764123,0,0,0
p3d_075_t10_d1,P3-D0.75,10,1,0.75,18,30,30,30,30,1311.9666666666667,1296.8500124746279,1327.0833208587055,10.185760545566746,10.185365405270085,10.186155685863406,10.100419330323836,10.100416172091265,10.100422488556408,10.140571766390345,10.140176827088618,10.14096670569207,40.8,38.818936173401404,42.78106382659859,0,0,0
p3d_075_t10_d1,P3-D0.75,10,1,0.75,19,30,30,30,30,1405.8,1389.5294894611322,1422.0705105388677,10.140571766390345,10.140176827088618,10.14096670569207,10.10041988420803,10.100416292462505,10.100423475953555,10.09538306774462,10.094988316906989,10.095777818582253,42.833333333333336,40.42441726415357,45.2422494025131,0,0,0
p3d_075_t10_d1,P3-D0.75,10,1,0.75,20,30,28.633333333333333,28.457941664352468,28.808725002314198,1506.3,1489.5018487990458,1523.0981512009541,10.09538306774462,10.094988316906989,10.095777818582253,10.093561577424834,10.092680238230379,10.09444291661929,10.050194119851005,10.049799255389809,10.050588984312201,48.5,46.345229190521806,50.654770809478194,0,0,0
p3d_075_t10_d1,P3-D0.75,10,1,0.75,21,30,19.633333333333333,19.457941664352468,19.808725002314198,1611.1333333333334,1593.6861989987092,1628.5804676679577,10.050194119851005,10.049799255389809,10.050588984312201,10.048367423378544,10.047487035408928,10.04924781134816,10.00809141000983,10.008084962886427,10.008097857133235,70.26666666666667,67.58396435205697,72.94936898127636,0,0,0
p3d_075_t10_d1,P3-D0.75,10,1,0.75,22,30,11,11,11,1727.8333333333333,1711.2505517263846,1744.416114940282,10.00809141000983,10.008084962886427,10.008097857133235,10.00502907191747,10.005027656099484,10.005030487735455,9.986326069489483,9.985928074374131,9.986724064604834,99.23333333333333,95.52914809761194,102.93751856905473,0,0,0
p3d_075_t10_d1,P3-D0.75,10,1,0.75,23,30,33.833333333333336,33.66831899516611,33.99834767150056,1823.1,1805.9477698001808,1840.252230199819,9.986326069489483,9.985928074374131,9.986724064604834,9.124688891034577,9.123861759671058,9.125516022398095,9.984062987126629,9.983664994496348,9.98446097975691,31.9,29.760447269858144,34.03955273014186,0,0,0
p3d_075_t10_d1,P3-D0.75,10,1,0.75,24,30,42.2,42.054414854869194,42.34558514513081,1910.9,1893.6292430691208,1928.1707569308794,9.984062987126629,9.983664994496348,9.98446097975691,9.166692434936655,9.165960829366849,9.16742404050646,10.377952986161063,10.377542266386937,10.378363705935188,7.966666666666667,7.150202783796977,8.783130549536358,0,0,0
p3u_t10_d3,P3-U,10,3,1,1,30,44.36666666666667,43.931092337569346,44.80224099576399,34.1,31.59887503012294,36.60112496987706,20,20,20,19.12736237186346,19.12517509540871,19.129549648318207,20,20,20,0,0,0,0,0,0
p3u_t10_d3,P3-U,10,3,1,2,30,45.833333333333336,45.69769238290556,45.96897428376111,67.13333333333334,62.78124107039427,71.4854255962724,20,20,20,19.13473101120081,19.134050947483697,19.135411074917922,20,20,20,0,0,0,0,0,0
p3u_t10_d3,P3-U,10,3,1,3,30,45.96666666666667,45.90133333333333,46.032000000000004,102.06666666666666,96.1657271947401,107.96760613859323,20,20,20,19.13539596930597,19.13506998907013,19.135721949541814,20,20,20,0,0,0,0,0,0
p3u_t10_d3,P3-U,10,3,1,4,30,45.96666666666667,45.90133333333333,46.032000000000004,134.83333333333334,129.2609495116697,140.40571715499698,20,20,20,19.13539485466419,19.13506915653174,19.135720552796645,14.523582576881923,14.522270211009074,14.524894942754772,0,0,0,0,0,0
p3u_t10_d3,P3-U,10,3,1,5,30,45.36666666666667,45.10959217353451,45.623741159798826,173.43333333333334,167.20564383108626,179.6610228355804,14.523582576881923,14.522270211009074,14.524894942754772,14.157495306547007,14.156207930506232,14.158782682587782,9.042743970161444,9.041465635578362,9.044022304744527,0,0,0,0,0,0
p3u_t10_d3,P3-U,10,3,1,6,30,17.1,16.845225996021085,17.354774003978918,233.7,226.1024695724399,241.29753042756008,9.042743970161444,9.041465635578362,9.044022304744527,9.04067024930777,9.039391987403738,9.041948511211801,5,5,5,49.666666666666664,47.183288668148336,52.15004466518499,0,0,0
p3u_t10_d3,P3-U,10,3,1,7,30,27.2,23.580566679268923,30.819433320731076,288.5,278.7402966410258,298.2597033589742,5,5,5,4.282328284768287,4.16550882772683,4.3991477418097436,5,5,5,32.43333333333333,25.969749562924832,38.89691710374183,0,0,0
p3u_t10_d3,P3-U,10,3,1,8,30,31.033333333333335,28.495172548713423,33.57149411795325,335.3666666666667,324.58308996988006,346.1502433634533,5,5,5,4.2020785551465245,4.124457409681274,4.279699700611775,5,5,5,24.7,21.08209197425382,28.317908025746178,0,0,0
p3u_t10_d3,P3-U,10,3,1,9,30,26.966666666666665,24.81449312041625,29.11884021291708,437.73333333333335,424.6617338046778,450.8049328619889,5,5,5,4.1816564763519555,4.102043141854918,4.261269810848993,5.575597850415338,5.574830893272919,5.576364807557757,50.833333333333336,43.23409826394334,58.432568402723334,0,0,0
p3u_t10_d3,P3-U,10,3,1,10,30,36.96666666666667,36.70959217353451,37.22374115979883,527.3,514.401071929059,540.198928070941,5.575597850415338,5.574830893272919,5.576364807557757,5.160511979373717,5.159221058788316,5.161802899959118,9.006200879554367,8.936150016529048,9.076251742579686,23.6,21.316199497409595,25.883800502590407,0,0,0
p3u_t10_d3,P3-U,10,3,1,11,30,29.933333333333334,27.466725865885902,32.39994080078076,621.6333333333333,608.354761815738,634.9119048509286,9.006200879554367,8.936150016529048,9.076251742579686,8.939276143458017,8.816622522678147,9.061929764237886,12.484953746466454,12.405598112307278,12.56430938062563,43.86666666666667,36.401887824859756,51.33144550847358,0,0,0
p3u_t10_d3,P3-U,10,3,1,12,30,32.9,32.10066153788805,33.699338462111946,716.3333333333334,703.4363966095126,729.2302700571541,12.484953746466454,12.405598112307278,12.56430938062563,12.104936024829426,12.100922236893561,12.10894981276529,15.975959860655276,15.88998049747548,16.061939223835072,33.86666666666667,30.77300612115085,36.960327212182484,0,0,0
p3u_t10_d3,P3-U,10,3,1,13,30,40.13333333333333,38.715174924681236,41.55149174198543,800.2,786.9710972783685,813.4289027216316,15.975959860655276,15.88998049747548,16.061939223835072,15.822678742213965,15.663739657898919,15.98161782652901,18.879652673031046,18.793882109904768,18.965423236157324,14.966666666666667,10.858039809510982,19.075293523822353,0,0,0
p3u_t10_d3,P3-U,10,3,1,14,30,31.466666666666665,28.025682721134523,34.90765061219881,896.6666666666666,883.4849342239423,909.8483991093909,18.879652673031046,18.793882109904768,18.965423236157324,18.764107036593195,18.615255646459463,18.912958426726927,19.51608698695624,19.45163689974617,19.58053707416631,39.166666666666664,29.627837979647147,48.70549535368618,0,0,0
p3u_t10_d3,P3-U,10,3,1,15,30,42.13333333333333,40.59279605331992,43.67387061334674,980.3,967.4154576225671,993.1845423774328,19.51608698695624,19.45163689974617,19.58053707416631,19.11615465460076,19.108420913940794,19.123888395260725,18.253125372058584,18.188893563977743,18.317357180139425,9,4.7399239119633005,13.2600760880367,0,0,0
p3u_t10_d3,P3-U,10,3,1,16,30,42.666666666666664,42.01333333333333,43.32,1070.9666666666667,1056.1262374528926,1085.8070958804408,18.253125372058584,18.188893563977743,18.317357180139425,17.991185142896764,17.869722231817825,18.112648053975704,14.759518126730203,14.677139701794035,14.841896551666371,8.333333333333334,5.947902972232253,10.718763694434415,0,0,0
p3u_t10_d3,P3-U,10,3,1,17,30,36.166666666666664,35.63437314005993,36.6989601932734,1163.7666666666667,1148.2287675577038,1179.3045657756295,14.759518126730203,14.677139701794035,14.841896551666371,14.27713251547088,14.143267606614756,14.410997424327004,9.501053904774286,9.34058977717107,9.661518032377503,26.266666666666666,24.182345837713584,28.350987495619748,0,0,0
p3u_t10_d3,P3-U,10,3,1,18,30,35.6,33.17552282683083,38.024477173169174,1254.5666666666666,1239.6277214136699,1269.5056119196634,9.501053904774286,9.34058977717107,9.661518032377503,9.299390655406174,9.172803662830606,9.425977647981743,5,5,5,27.266666666666666,20.099934858355397,34.433398474977935,0,0,0
p3u_t10_d3,P3-U,10,3,1,19,30,29.433333333333334,27.92773100354006,30.938935663126607,1348.9666666666667,1333.0038116823903,1364.9295216509431,5,5,5,4.127701155565001,4.120141871321332,4.13526043980867,5,5,5,44.63333333333333,39.71648078122674,49.55018588543992,0,0,0
p3u_t10_d3,P3-U,10,3,1,20,30,24.833333333333332,21.827485801109987,27.839180865556678,1453.2666666666667,1436.4509696831294,1470.082363650204,5,5,5,4.237277248190563,4.128274677154972,4.346279819226154,5,5,5,57.86666666666667,48.82663539150292,66.90669794183042,0,0,0
p3u_t10_d3,P3-U,10,3,1,21,30,25.066666666666666,22.552189278341515,27.581144054991817,1552.6666666666667,1535.5561965149654,1569.777136818368,5,5,5,4.205281286622208,4.108813565423408,4.301749007821008,5.427897924566971,5.358060644765297,5.497735204368645,54.96666666666667,48.57673680657757,61.356596526755766,0,0,0
p3u_t10_d3,P3-U,10,3,1,22,30,25.766666666666666,25.12458189170502,26.40875144162831,1654.6,1638.9108222261843,1670.2891777738155,5.427897924566971,5.358060644765297,5.497735204368645,4.938446960908036,4.804131022894985,5.072762898921086,8.951277231227971,8.88493880054206,9.017615661913883,54.86666666666667,51.76445404386208,57.96887928947125,0,0,0
p3u_t10_d3,P3-U,10,3,1,23,30,18.266666666666666,15.587258302852627,20.946075030480706,1765.4333333333334,1749.1779506991911,1781.6887159674757,8.951277231227971,8.88493880054206,9.017615661913883,8.847535682469605,8.71315687813107,8.98191448680814,12.40891088231363,12.313380244344055,12.504441520283207,75.96666666666667,67.85403142813844,84.0793019051949,0,0,0
p3u_t10_d3,P3-U,10,3,1,24,30,26.5,24.536061428495362,28.463938571504638,1868.9333333333334,1852.1142230275257,1885.7524436391411,12.40891088231363,12.313380244344055,12.504441520283207,12.039639955561842,11.980796119860399,12.098483791263286,15.88574211034031,15.775127186247792,15.996357034432828,55.56666666666667,49.127037725165884,62.006295608167456,0,0,0
p3d_025_t10_d3,P3-D0.25,10,3,0.25,1,30,44.36666666666667,43.931092337569346,44.80224099576399,34.1,31.59887503012294,36.60112496987706,20,20,20,19.12736237186346,19.12517509540871,19.129549648318207,20,20,20,0,0,0,0,0,0
p3d_025_t10_d3,P3-D0.25,10,3,0.25,2,30,45.833333333333336,45.69769238290556,45.96897428376111,67.13333333333334,62.78124107039427,71.4854255962724,20,20,20,19.13473101120081,19.134050947483697,19.135411074917922,20,20,20,0,0,0,0,0,0
p3d_025_t10_d3,P3-D0.25,10,3,0.25,3,30,45.96666666666667,45.90133333333333,46.032000000000004,102.06666666666666,96.1657271947401,107.96760613859323,20,20,20,19.13539596930597,19.13506998907013,19.135721949541814,20,20,20,0,0,0,0,0,0
p3d_025_t10_d3,P3-D0.25,10,3,0.25,4,30,45.96666666666667,45.90133333333333,46.032000000000004,134.83333333333334,129.2609495116697,140.40571715499698,20,20,20,19.13539485466419,19.13506915653174,19.135720552796645,18.63089564422048,18.630567552752268,18.631223735688692,0,0,0,0,0,0
p3d_025_t10_d3,P3-D0.25,10,3,0.25,5,30,45.8,45.65441485486919,45.945585145130806,173,166.73321193563416,179.26678806436584,18.63089564422048,18.630567552752268,18.631223735688692,18.139581120044188,18.138851491009042,18.140310749079333,17.26068599254036,17.26036640889459,17.26100557618613,0,0,0,0,0,0
p3d_025_t10_d3,P3-D0.25,10,3,0.25,6,30,45.833333333333336,45.69769238290556,45.96897428376111,204.53333333333333,196.97976172272234,212.08690494394432,17.26068599254036,17.26036640889459,17.26100557618613,17.14477407330694,17.144095023718453,17.14545312289543,15.890376597144463,15.89005941236911,15.890693781919817,0,0,0,0,0,0
p3d_025_t10_d3,P3-D0.25,10,3,0.25,7,30,45.233333333333334,44.97284619758049,45.49382046908618,241.3,232.8046826366846,249.79531736331543,15.890376597144463,15.89005941236911,15.890693781919817,15.151802450922144,15.15049661064754,15.153108291196748,14.520067368944837,14.519745009255216,14.520389728634457,0,0,0,0,0,0
p3d_025_t10_d3,P3-D0.25,10,3,0.25,8,30,45.3,45.066950057150684,45.53304994284931,273.9,264.5991760889001,283.20082391109986,14.520067368944837,14.519745009255216,14.520389728634457,14.157159432622255,14.155991421506194,14.158327443738315,13.299130200938206,13.298814328466854,13.299446073409559,0,0,0,0,0,0
p3d_025_t10_d3,P3-D0.25,10,3,0.25,9,30,44.8,44.58162228230378,45.01837771769621,358.43333333333334,346.8018169426002,370.06484972406645,13.299130200938206,13.298814328466854,13.299446073409559,13.159673992862484,13.158579184592169,13.160768801132798,12.227414089942169,12.227124919827094,12.227703260057243,0,0,0,0,0,0
p3d_025_t10_d3,P3-D0.25,10,3,0.25,10,30,44.43333333333333,44.25297676865809,44.61368989800857,440.53333333333336,428.85255084760377,452.21411581906295,12.227414089942169,12.227124919827094,12.227703260057243,12.162853658254859,12.161950528146347,12.16375678836337,11.454643722303846,11.45433576669683,11.454951677910861,0.6,0.35857434927583565,0.8414256507241643,0,0,0
p3d_025_t10_d3,P3-D0.25,10,3,0.25,11,30,41.86666666666667,41.7429430840148,41.99039024931854,522.9333333333333,509.69090803428907,536.1757586323776,11.454643722303846,11.45433576669683,11.454951677910861,11.15498838786749,11.154367420884995,11.155609354849986,10.831069807410506,10.83077727317272,10.831362341648292,9.066666666666666,8.0332286000425,10.100104733290832,0,0,0
p3d_025_t10_d3,P3-D0.25,10,3,0.25,12,30,38.86666666666667,38.711300038100454,39.02203329523288,611.6666666666666,598.7177930074581,624.6155403258751,10.831069807410506,10.83077727317272,10.831362341648292,10.144950248365666,10.144169371548985,10.145731125182346,10.357118708481133,10.356815934460093,10.357421482502174,17.5,16.219216116465454,18.780783883534546,0,0,0
p3d_025_t10_d3,P3-D0.25,10,3,0.25,13,30,37.13333333333333,37.00960975068146,37.2570569159852,698.5333333333333,684.7098553561029,712.3568113105637,10.357118708481133,10.356815934460093,10.357421482502174,10.136242304219342,10.135621211395245,10.13686339704344,10.032690659742906,10.032401371417288,10.032979948068524,22.533333333333335,20.492254751363063,24.574411915303607,0,0,0
p3d_025_t10_d3,P3-D0.25,10,3,0.25,14,30,16,16,16,810.4666666666667,796.8783731609145,824.0549601724189,10.032690659742906,10.032401371417288,10.032979948068524,10.030130348632092,10.03012867446016,10.030132022804024,9.859442401562786,9.859154253488002,9.85973054963757,81.83333333333333,77.86065094431899,85.80601572234767,0,0,0
p3d_025_t10_d3,P3-D0.25,10,3,0.25,15,30,32.36666666666667,32.1912749976858,32.54205833564753,903.8666666666667,890.6173075085935,917.1160258247398,9.859442401562786,9.859154253488002,9.85973054963757,9.117330045195294,9.116449339391092,9.118210750999495,9.83769986430793,9.837435732327165,9.837963996288696,34.5,32.23727475878281,36.76272524121719,0,0,0
p3d_025_t10_d3,P3-D0.25,10,3,0.25,16,30,31.333333333333332,31.161759594396628,31.504907072270036,1005.8666666666667,990.8958182141916,1020.8375151191417,9.83769986430793,9.837435732327165,9.837963996288696,9.112135420655388,9.111275392285773,9.112995449025004,9.817263518675032,9.817033180123344,9.81749385722672,40.233333333333334,37.8178273449167,42.64883932174997,0,0,0
p3d_025_t10_d3,P3-D0.25,10,3,0.25,17,30,30.333333333333332,30.161759594396628,30.504907072270036,1104.5,1089.0621528807233,1119.9378471192767,9.817263518675032,9.817033180123344,9.81749385722672,9.107115444169526,9.10625450106679,9.107976387272263,9.812743966380218,9.812513553530396,9.81297437923004,41.86666666666667,39.78488958907976,43.948443744253574,0,0,0
p3d_025_t10_d3,P3-D0.25,10,3,0.25,18,30,32.1,31.990811141151895,32.20918885884811,1198.8,1183.591925991945,1214.008074008055,9.812743966380218,9.812513553530396,9.81297437923004,9.115990869960681,9.115441682404597,9.116540057516765,9.945144459600924,9.944976287894809,9.945312631307038,35.4,33.47960004165799,37.32039995834201,0,0,0
p3d_025_t10_d3,P3-D0.25,10,3,0.25,19,30,31.8,31.65441485486919,31.94558514513081,1290.8333333333333,1274.513049350754,1307.1536173159125,9.945144459600924,9.944976287894809,9.945312631307038,9.114481021690908,9.113749810656842,9.115212232724975,10.078324146502617,10.078120767044284,10.078527525960949,38.06666666666667,35.61442233065019,40.51891100268315,0,0,0
p3d_025_t10_d3,P3-D0.25,10,3,0.25,20,30,25,25,25,1394.9666666666667,1378.1256357119757,1411.8076976213576,10.078324146502617,10.078120767044284,10.078527525960949,10.075312781284897,10.075309781526006,10.075315781043788,10.21225682987719,10.211960380800193,10.212553278954186,61.13333333333333,58.56533810768995,63.70132855897671,0,0,0
p3d_025_t10_d3,P3-D0.25,10,3,0.25,21,30,32.333333333333336,32.137709172605334,32.52895749406134,1487.1,1469.613778076742,1504.5862219232579,10.21225682987719,10.211960380800193,10.212553278954186,10.112133624266933,10.111151583952303,10.113115664581564,10.344858199383083,10.344544779045028,10.345171619721137,36.4,34.921277220885784,37.87872277911421,0,0,0
p3d_025_t10_d3,P3-D0.25,10,3,0.25,22,30,31.633333333333333,31.457941664352468,31.808725002314198,1583.1666666666667,1566.5439913260686,1599.7893420072648,10.344858199383083,10.344544779045028,10.345171619721137,10.108622580789989,10.107742774834838,10.10950238674514,10.477686046129447,10.477400949081707,10.477971143177188,38.36666666666667,35.5232751457895,41.21005818754384,0,0,0
p3d_025_t10_d3,P3-D0.25,10,3,0.25,23,30,31.466666666666665,31.28509008877225,31.64824324456108,1680.8,1663.6104690080228,1697.989530991977,10.477686046129447,10.477400949081707,10.477971143177188,10.107783667002543,10.10687210293622,10.108695231068866,10.46638912893671,10.466103960367288,10.466674297506131,39.9,37.34473185157705,42.455268148422945,0,0,0
p3d_025_t10_d3,P3-D0.25,10,3,0.25,24,30,32.3,32.086737224311754,32.51326277568824,1778.5,1761.135817893437,1795.864182106563,10.46638912893671,10.466103960367288,10.466674297506131,10.111972895231636,10.110902292343566,10.113043498119707,10.449569085296673,10.449342171611553,10.449795998981793,37.43333333333333,35.71412508644508,39.15254158022158,0,0,0
p3d_05_t10_d3,P3-D0.5,10,3,0.5,1,30,44.36666666666667,43.931092337569346,44.80224099576399,34.1,31.59887503012294,36.60112496987706,20,20,20,19.12736237186346,19.12517509540871,19.129549648318207,20,20,20,0,0,0,0,0,0
p3d_05_t10_d3,P3-D0.5,10,3,0.5,2,30,45.833333333333336,45.69769238290556,45.96897428376111,67.13333333333334,62.78124107039427,71.4854255962724,20,20,20,19.13473101120081,19.134050947483697,19.135411074917922,20,20,20,0,0,0,0,0,0
p3d_05_t10_d3,P3-D0.5,10,3,0.5,3,30,45.96666666666667,45.90133333333333,46.032000000000004,102.06666666666666,96.1657271947401,107.96760613859323,20,20,20,19.13539596930597,19.13506998907013,19.135721949541814,20,20,20,0,0,0,0,0,0
p3d_05_t10_d3,P3-D0.5,10,3,0.5,4,30,45.96666666666667,45.90133333333333,46.032000000000004,134.83333333333334,129.2609495116697,140.40571715499698,20,20,20,19.13539485466419,19.13506915653174,19.135720552796645,17.26179128844097,17.261135105504547,17.262447471377396,0,0,0,0,0,0
p3d_05_t10_d3,P3-D0.5,10,3,0.5,5,30,45.766666666666666,45.61272763310584,45.92060570022749,173.03333333333333,166.7626828559138,179.30398381075287,17.26179128844097,17.261135105504547,17.262447471377396,17.144436437497504,17.143664237486657,17.14520863750835,14.521371985080721,14.52073281778918,14.522011152372263,0,0,0,0,0,0
p3d_05_t10_d3,P3-D0.5,10,3,0.5,6,30,45.333333333333336,45.06205143247779,45.604615234188884,205.06666666666666,197.544610960037,212.58872237329632,14.521371985080721,14.52073281778918,14.522011152372263,14.157328943760428,14.155968774281426,14.15868911323943,11.780753194288929,11.780118824738224,11.781387563839633,0,0,0,0,0,0
p3d_05_t10_d3,P3-D0.5,10,3,0.5,7,30,43.666666666666664,43.495092927729964,43.838240405603365,243.4,234.95187913705405,251.84812086294596,11.780753194288929,11.780118824738224,11.781387563839633,11.164027756138672,11.163166341335959,11.164889170941386,9.040134737889673,9.039490018510431,9.040779457268915,2,0.9326513674303623,3.0673486325696375,0,0,0
p3d_05_t10_d3,P3-D0.5,10,3,0.5,8,30,16.7,16.508558763255046,16.891441236744953,304.6,295.30570629148025,313.8942937085198,9.040134737889673,9.039490018510431,9.040779457268915,9.038661024734834,9.03770009945191,9.039621950017757,6.896803806640422,6.896181468855863,6.897426144424982,49.766666666666666,47.186748690008585,52.346584643324746,0,0,0
p3d_05_t10_d3,P3-D0.5,10,3,0.5,9,30,33.9,33.682635641450084,34.117364358549914,400.03333333333336,388.38368492727943,411.6829817393873,6.896803806640422,6.896181468855863,6.897426144424982,6.140093278706155,6.1390015700047265,6.141184987407584,5.649605123512296,5.648931672877662,5.650278574146929,31.366666666666667,29.09083948430315,33.64249384903019,0,0,0
p3d_05_t10_d3,P3-D0.5,10,3,0.5,10,30,28.3,26.65302615364581,29.94697384635419,498.26666666666665,486.11229290271365,510.42104043061966,5.649605123512296,5.648931672877662,5.650278574146929,5.116992982409432,5.1087233700345624,5.125262594784301,5.300396796670694,5.2998088037945585,5.300984789546829,49,43.353685771424324,54.646314228575676,0,0,0
p3d_05_t10_d3,P3-D0.5,10,3,0.5,11,30,25.9,25.755939348660476,26.04406065133952,596.6333333333333,583.0568246854838,610.2098419811829,5.300396796670694,5.2998088037945585,5.300984789546829,5.104947922643193,5.104225749894351,5.1056700953920355,5.588798489250244,5.588223875169097,5.58937310333139,52.5,49.952693286183845,55.047306713816155,0,0,0
p3d_05_t10_d3,P3-D0.5,10,3,0.5,12,30,29.533333333333335,29.32887962706303,29.73778703960364,694.7,681.4012698004832,707.9987301995169,5.588798489250244,5.588223875169097,5.58937310333139,5.123186041563792,5.122158136722073,5.1242139464055105,6.7467705056383975,6.746127986700708,6.747413024576087,42.6,39.62736427955984,45.57263572044016,0,0,0
p3d_05_t10_d3,P3-D0.5,10,3,0.5,13,30,28.166666666666668,27.976769336067782,28.356563997265553,790.5333333333333,776.3161738474605,804.7504928192061,6.7467705056383975,6.746127986700708,6.747413024576087,6.111300334870895,6.11034678526911,6.112253884472681,8.211672610915567,8.209195625988835,8.214149595842299,45.93333333333333,43.522859686295234,48.343806980371426,0,0,0
p3d_05_t10_d3,P3-D0.5,10,3,0.5,14,30,29,28.42837356463404,29.57162643536596,889.4666666666667,875.7113955287855,903.2219378045479,8.211672610915567,8.209195625988835,8.214149595842299,8.105444258989921,8.102574931701742,8.1083135862781,9.680188234122609,9.677740509148963,9.682635959096254,46.56666666666667,43.52344473016758,49.60988860316576,0,0,0
p3d_05_t10_d3,P3-D0.5,10,3,0.5,15,30,30.033333333333335,29.549720556405696,30.516946110260974,985.2,971.9194611105046,998.4805388894955,9.680188234122609,9.677740509148963,9.682635959096254,9.105610640330974,9.103181730024678,9.10803955063727,11.14323242165347,11.140774092730311,11.14569075057663,41.2,38.519822685570674,43.88017731442933,0,0,0
p3d_05_t10_d3,P3-D0.5,10,3,0.5,16,30,30.2,29.726381889131623,30.673618110868375,1088.3333333333333,1073.5030686165157,1103.1635980501508,11.14323242165347,11.140774092730311,11.14569075057663,11.096402357630128,11.094022488639522,11.098782226620733,12.309842321192203,12.307375975336926,12.31230866704748,43.166666666666664,40.5318783010098,45.80145503232353,0,0,0
p3d_05_t10_d3,P3-D0.5,10,3,0.5,17,30,30.666666666666668,30.166447557587333,31.166885775746003,1186.6333333333334,1171.4592438040686,1201.8074228625983,12.309842321192203,12.307375975336926,12.31230866704748,12.0937237682541,12.091211510253745,12.096236026254454,12.87820904349523,12.87654228331619,12.87987580367427,41.4,38.737675304999556,44.06232469500044,0,0,0
p3d_05_t10_d3,P3-D0.5,10,3,0.5,18,30,30.833333333333332,30.480666862221117,31.185999804445547,1282.2,1267.3369996500605,1297.0630003499396,12.87820904349523,12.87654228331619,12.87987580367427,12.094561741667835,12.092791089299224,12.096332394036446,13.146525851395937,13.145459606890208,13.147592095901667,40.2,37.80336603862259,42.596633961377414,0,0,0
p3d_05_t10_d3,P3-D0.5,10,3,0.5,19,30,31.266666666666666,31.019219501362922,31.51411383197041,1374.7666666666667,1358.8430845959865,1390.6902487373468,13.146525851395937,13.145459606890208,13.147592095901667,13.091715248892035,13.090472829589215,13.092957668194854,12.817605144106897,12.816963370887411,12.818246917326384,41.63333333333333,39.07610747771785,44.19055918894882,0,0,0
p3d_05_t10_d3,P3-D0.5,10,3,0.5,20,30,30.366666666666667,30.167685506966286,30.565647826367048,1473.5333333333333,1457.008795843617,1490.0578708230496,12.817605144106897,12.816963370887411,12.818246917326384,12.092217466469164,12.091218876236864,12.093216056701463,12.189488013630667,12.18881959998613,12.190156427275204,43.266666666666666,41.08302429492563,45.4503090384077,0,0,0
p3d_05_t10_d3,P3-D0.5,10,3,0.5,21,30,30.733333333333334,30.572382899517226,30.894283767149442,1567.2666666666667,1550.0359473540364,1584.497385979297,12.189488013630667,12.18881959998613,12.190156427275204,12.09405764491059,12.09325031727697,12.09486497254421,11.561119491130317,11.560051453259607,11.562187529001026,41.833333333333336,40.31779228330219,43.34887438336448,0,0,0
p3d_05_t10_d3,P3-D0.5,10,3,0.5,22,30,30.1,29.812645999089835,30.387354000910168,1664.8666666666666,1648.4641633832746,1681.2691699500585,11.561119491130317,11.560051453259607,11.562187529001026,11.095903349141865,11.094461531869193,11.097345166414538,10.633604916462707,10.632348224000514,10.634861608924899,43.13333333333333,40.6156969790795,45.650969687587164,0,0,0
p3d_05_t10_d3,P3-D0.5,10,3,0.5,23,30,29.366666666666667,29.04821360499129,29.685119728342045,1764.6,1747.5186472742193,1781.6813527257805,10.633604916462707,10.632348224000514,10.634861608924899,10.097243600171563,10.095644883849653,10.098842316493473,10.005939676521958,10.004597900962738,10.007281452081179,45.96666666666667,43.460016030865646,48.47331730246769,0,0,0
p3d_05_t10_d3,P3-D0.5,10,3,0.5,24,30,12.133333333333333,10.727684652275585,13.538982014391081,1882.4666666666667,1865.6560121652417,1899.2773211680917,10.005939676521958,10.004597900962738,10.007281452081179,9.944388114254378,9.861069045800301,10.027707182708456,9.377722383048775,9.376481094597263,9.378963671500287,94.76666666666667,89.65934267307874,99.87399066025459,0,0,0
p3d_075_t10_d3,P3-D0.75,10,3,0.75,1,30,44.36666666666667,43.931092337569346,44.80224099576399,34.1,31.59887503012294,36.60112496987706,20,20,20,19.12736237186346,19.12517509540871,19.129549648318207,20,20,20,0,0,0,0,0,0
p3d_075_t10_d3,P3-D0.75,10,3,0.75,2,30,45.833333333333336,45.69769238290556,45.96897428376111,67.13333333333334,62.78124107039427,71.4854255962724,20,20,20,19.13473101120081,19.134050947483697,19.135411074917922,20,20,20,0,0,0,0,0,0
p3d_075_t10_d3,P3-D0.75,10,3,0.75,3,30,45.96666666666667,45.90133333333333,46.032000000000004,102.06666666666666,96.1657271947401,107.96760613859323,20,20,20,19.13539596930597,19.13506998907013,19.135721949541814,20,20,20,0,0,0,0,0,0
p3d_075_t10_d3,P3-D0.75,10,3,0.75,4,30,45.96666666666667,45.90133333333333,46.032000000000004,134.83333333333334,129.2609495116697,140.40571715499698,20,20,20,19.13539485466419,19.13506915653174,19.135720552796645,15.892686932661446,15.89170265825681,15.893671207066083,0,0,0,0,0,0
p3d_075_t10_d3,P3-D0.75,10,3,0.75,5,30,45.56666666666667,45.36329568842918,45.77003764490416,173.23333333333332,166.99077191288077,179.47589475378587,15.892686932661446,15.89170265825681,15.893671207066083,15.153476146695624,15.15245787970325,15.154494413687997,11.782057977621086,11.781099226683775,11.783016728558398,0,0,0,0,0,0
p3d_075_t10_d3,P3-D0.75,10,3,0.75,6,30,44,43.83723085948667,44.16276914051333,206.6,199.0348237388631,214.16517626113688,11.782057977621086,11.781099226683775,11.783016728558398,11.16569938962693,11.164882965539153,11.166515813714707,7.671129791433397,7.67017823710734,7.672081345759453,1.0333333333333334,0.4657120144191971,1.6009546522474698,0,0,0
p3d_075_t10_d3,P3-D0.75,10,3,0.75,7,30,36.8,36.544360886557165,37.05563911344283,251.8,243.3009151216078,260.2990848783922,7.671129791433397,7.67017823710734,7.672081345759453,7.149636752571627,7.148353269294283,7.150920235848972,5,5,5,15.833333333333334,14.410977724166905,17.255688942499763,0,0,0
p3d_075_t10_d3,P3-D0.75,10,3,0.75,8,30,27.966666666666665,24.68092877360281,31.252404559730522,301.73333333333335,291.33650270515096,312.13016396151573,5,5,5,4.253009227005908,4.146364862159649,4.359653591852167,5,5,5,30.833333333333332,24.735763413504362,36.9309032531623,0,0,0
p3d_075_t10_d3,P3-D0.75,10,3,0.75,9,30,25.866666666666667,22.884934248330072,28.848399085003262,405.2,392.0877695559302,418.31223044406977,5,5,5,4.24246513176467,4.134319002394667,4.350611261134674,5,5,5,56.93333333333333,46.033903094788556,67.8327635718781,0,0,0
p3d_075_t10_d3,P3-D0.75,10,3,0.75,10,30,21.966666666666665,19.898188869235078,24.035144464098252,509.76666666666665,497.57647023879105,521.9568630945423,5,5,5,4.189713217602217,4.091403126567513,4.288023308636922,6.282663461342769,6.282085893867964,6.2832410288175735,65.1,59.65890736125102,70.54109263874896,0,0,0
p3d_075_t10_d3,P3-D0.75,10,3,0.75,11,30,21.9,21.727997861547642,22.072002138452355,612.1333333333333,599.0098824648568,625.2567842018099,6.282663461342769,6.282085893867964,6.2832410288175735,6.079836707631149,6.078973232146093,6.080700183116204,8.86880930919011,8.82082733286374,8.916791285516481,64.43333333333334,61.54342338233067,67.323243284336,0,0,0
p3d_075_t10_d3,P3-D0.75,10,3,0.75,12,30,21.733333333333334,20.226997981703132,23.239668684963537,718,704.9435879319028,731.0564120680972,8.86880930919011,8.82082733286374,8.916791285516481,8.068954770678554,8.061390866561645,8.076518674795462,11.459699999896005,11.387059663330191,11.532340336461818,62.96666666666667,57.49552205269664,68.4378112806367,0,0,0
p3d_075_t10_d3,P3-D0.75,10,3,0.75,13,30,27.933333333333334,26.456602637541877,29.41006402912479,814.0666666666667,800.2879173537445,827.8454159795889,11.459699999896005,11.387059663330191,11.532340336461818,11.05185669467309,10.992090712923666,11.111622676422513,14.07432905197501,13.996269938886497,14.152388165063522,47.166666666666664,42.99765428787005,51.33567904546328,0,0,0
p3d_075_t10_d3,P3-D0.75,10,3,0.75,14,30,33.666666666666664,32.50299695275935,34.83033638057398,908.3333333333334,894.8178305332634,921.8488361334033,14.07432905197501,13.996269938886497,14.152388165063522,13.7670840598746,13.601162190942128,13.933005928807072,15.838402533540991,15.76033602980664,15.916469037275343,33.46666666666667,29.767193087049762,37.166140246283575,0,0,0
p3d_075_t10_d3,P3-D0.75,10,3,0.75,15,30,36.7,35.71371212614423,37.686287873855775,997.4,984.2523904746952,1010.5476095253048,15.838402533540991,15.76033602980664,15.916469037275343,15.108953099580637,15.10400307057365,15.113903128587623,16.707372886735644,16.627142378190968,16.78760339528032,24.166666666666668,20.953493159886442,27.379840173446894,0,0,0
p3d_075_t10_d3,P3-D0.75,10,3,0.75,16,30,39.63333333333333,38.37433978041754,40.89232688624912,1091.1,1076.3356785007459,1105.864321499254,16.707372886735644,16.627142378190968,16.78760339528032,16.11866178152929,16.112341628286426,16.124981934772155,16.23403737413275,16.16323594679636,16.304838801469142,16.666666666666668,13.433969727280653,19.89936360605268,0,0,0
p3d_075_t10_d3,P3-D0.75,10,3,0.75,17,30,41.63333333333333,40.84437392360963,42.422292743057035,1178.4333333333334,1163.229532878824,1193.6371337878427,16.23403737413275,16.16323594679636,16.304838801469142,15.797045336871172,15.625600110174753,15.96849056356759,14.53884954718918,14.534081362090777,14.543617732287583,9.666666666666666,7.137481193616474,12.195852139716859,0,0,0
p3d_075_t10_d3,P3-D0.75,10,3,0.75,18,30,39.7,38.75020336114913,40.64979663885087,1265.1333333333334,1250.188462904902,1280.0782037617648,14.53884954718918,14.534081362090777,14.543617732287583,14.129039625608,14.124269881620341,14.133809369595658,12.239820652377894,12.236384852324061,12.243256452431726,15.166666666666666,12.08824456998077,18.245088763352562,0,0,0
p3d_075_t10_d3,P3-D0.75,10,3,0.75,19,30,36.9,35.827080939518346,37.97291906048165,1352.0666666666666,1336.2909488573728,1367.8423844759604,12.239820652377894,12.236384852324061,12.243256452431726,12.125025962789119,12.119638491992417,12.13041343358582,9.486422850689717,9.483786233043727,9.489059468335707,23.1,20.054360735619593,26.14563926438041,0,0,0
p3d_075_t10_d3,P3-D0.75,10,3,0.75,20,30,32.36666666666667,31.41069141890682,33.32264191442651,1448.8333333333333,1432.5851779626398,1465.0814887040267,9.486422850689717,9.483786233043727,9.489059468335707,9.117334544157147,9.112535552498587,9.122133535815708,6.877752449097689,6.7991927116674304,6.956312186527947,36.86666666666667,33.32077249792182,40.41256083541151,0,0,0
p3d_075_t10_d3,P3-D0.75,10,3,0.75,21,30,26.866666666666667,26.24520015240183,27.488133180931506,1546.4333333333334,1529.5728587423573,1563.2938079243095,6.877752449097689,6.7991927116674304,6.956312186527947,6.43643876457289,6.2687839965925765,6.604093532553204,5.109150080799217,5.052805486875902,5.165494674722532,49.63333333333333,47.1603789490041,52.10628771766257,0,0,0
p3d_075_t10_d3,P3-D0.75,10,3,0.75,22,30,21.933333333333334,20.730113234862575,23.136553431804092,1652.2,1635.9952986075525,1668.4047013924476,5.109150080799217,5.052805486875902,5.165494674722532,4.454874151065135,4.28296723583524,4.626781066295029,5,5,5,66.43333333333334,61.17604687507233,71.69061979159434,0,0,0
p3d_075_t10_d3,P3-D0.75,10,3,0.75,23,30,19.066666666666666,17.28378517272044,20.849548160612894,1762.2333333333333,1745.8031387931476,1778.6635278735191,5,5,5,4.175154485439222,4.075049907872435,4.275259063006009,5.397199455129284,5.395039908882932,5.399359001375636,75.5,69.46381006217355,81.53618993782645,0,0,0
p3d_075_t10_d3,P3-D0.75,10,3,0.75,24,30,20.4,19.616,21.183999999999997,1871.8333333333333,1855.1184712196655,1888.548195447001,5.397199455129284,5.395039908882932,5.399359001375636,5.077328975855493,5.073392670915436,5.08126528079555,7.000802011071482,6.927306424095648,7.074297598047315,70.43333333333334,67.57260169581197,73.2940649708547,0,0,0
p3u_t14_d0,P3-U,14,0,1,1,30,44.36666666666667,43.931092337569346,44.80224099576399,34.1,31.59887503012294,36.60112496987706,20,20,20,19.12736237186346,19.12517509540871,19.129549648318207,16.923582576881934,16.922270211009085,16.924894942754783,0,0,0,0,0,0
p3u_t14_d0,P3-U,14,0,1,2,30,45.666666666666664,45.495092927729964,45.838240405603365,67.3,62.98723204330724,71.61276795669276,16.923582576881934,16.922270211009085,16.924894942754783,16.148959976863612,16.148100317806836,16.149819635920387,15.63420659076376,15.633023171833184,15.635390009694337,0,0,0,0,0,0
p3u_t14_d0,P3-U,14,0,1,3,30,45.36666666666667,45.12738434251517,45.60594899081816,102.83333333333333,96.9962318377508,108.67043482891586,15.63420659076376,15.633023171833184,15.635390009694337,15.152471713794188,15.151271888503869,15.153671539084508,14.942723562487247,14.94123757029047,14.944209554684024,0,0,0,0,0,0
p3u_t14_d0,P3-U,14,0,1,4,30,45.233333333333334,44.940902013826765,45.525764652839904,136.33333333333334,130.7126237341397,141.954042932527,14.942723562487247,14.94123757029047,14.944209554684024,14.156822501406603,14.15535650598863,14.158288496824577,14.848630061643286,14.847174615152888,14.850085508133684,0,0,0,0,0,0
p3u_t14_d0,P3-U,14,0,1,5,30,45.166666666666664,44.916557112126995,45.416776221206334,175.13333333333333,168.8287979883845,181.43786867828214,14.848630061643286,14.847174615152888,14.850085508133684,14.156492287057345,14.155238691942836,14.157745882171854,14.754734689408878,14.753337954451737,14.756131424366018,0,0,0,0,0,0
p3u_t14_d0,P3-U,14,0,1,6,30,45.2,44.94436088655717,45.455639113442835,207.3,199.75086272113347,214.84913727886655,14.754734689408878,14.753337954451737,14.756131424366018,14.156658610178653,14.15537664939737,14.157940570959935,14.66073952330169,14.659354394956928,14.662124651646451,0,0,0,0,0,0
p3u_t14_d0,P3-U,14,0,1,7,30,44.86666666666667,44.66221296039637,45.07112037293697,244.43333333333334,235.98621432594956,252.8804523407171,14.66073952330169,14.659354394956928,14.662124651646451,14.154985290201182,14.153960469972763,14.156010110429602,14.567748349180984,14.566627501497853,14.568869196864116,0.26666666666666666,0.0579382045891961,0.47539512874413725,0,0,0
p3u_t14_d0,P3-U,14,0,1,8,30,43.233333333333334,43.02996235509585,43.43670431157082,279.1,269.81295425021386,288.3870457497862,14.567748349180984,14.566627501497853,14.568869196864116,14.146781748933195,14.145760358320684,14.147803139545706,14.479679299821065,14.479025808022904,14.480332791619226,4.7,3.7595473821415664,5.6404526178584335,0,0,0
p3u_t14_d0,P3-U,14,0,1,9,30,42.833333333333336,42.66831899516611,42.99834767150056,365.6,353.96927452475734,377.2307254752427,14.479679299821065,14.479025808022904,14.480332791619226,14.144773155572535,14.143944959163129,14.145601351981941,14.392815406477544,14.392541445262655,14.393089367692433,8.1,7.056287175622472,9.143712824377527,0,0,0
p3u_t14_d0,P3-U,14,0,1,10,30,42.06666666666667,41.97587837771946,42.15745495561388,450.06666666666666,438.4757462512454,461.6575870820879,14.392815406477544,14.392541445262655,14.393089367692433,14.140924864424326,14.140468192640116,14.141381536208536,14.308260487822944,14.30825315610332,14.308267819542568,7.866666666666666,7.0652134272202485,8.668119906113084,0,0,0
p3u_t14_d0,P3-U,14,0,1,11,30,42,42,42,532.3333333333334,519.2069891518455,545.4596775148212,14.308260487822944,14.30825315610332,14.308267819542568,14.140587920104847,14.140583585832873,14.140592254376822,14.223907735760035,14.223900039030752,14.223915432489317,9.066666666666666,8.067995488247382,10.065337845085951,0,0,0
p3u_t14_d0,P3-U,14,0,1,12,30,42,42,42,617.9333333333333,605.0996864740492,630.7669801926173,14.223907735760035,14.223900039030752,14.223915432489317,14.140591009456923,14.140586985909625,14.140595033004221,14.139553130085885,14.139544702820714,14.139561557351055,8.4,7.4574369011030095,9.342563098896992,0,0,0
p3u_t14_d0,P3-U,14,0,1,13,30,41,41,41,700.9333333333333,687.2365468410732,714.6301198255934,14.139553130085885,14.139544702820714,14.139561557351055,14.135569678873818,14.135565366698838,14.135573991048798,14.058211322761597,14.058202231248194,14.058220414275,13.133333333333333,11.77562230036566,14.491044366301006,0,0,0
p3u_t14_d0,P3-U,14,0,1,14,30,25,25,25,803.8666666666667,790.3945550918792,817.3387782414542,14.058211322761597,14.058202231248194,14.058220414275,14.05523375794207,14.055231464265798,14.05523605161834,14.025071067996354,14.025061623830785,14.025080512161923,59.53333333333333,56.80687599937966,62.259790667287,0,0,0
p3u_t14_d0,P3-U,14,0,1,15,30,18.066666666666666,17.975878377719457,18.157454955613876,911.5666666666667,898.396881717137,924.7364516161964,14.025071067996354,14.025061623830785,14.025080512161923,14.02042762905686,14.019971841607289,14.02088341650643,14.012814490562233,14.012545848974014,14.013083132150452,73.63333333333334,70.77136713622164,76.49529953044504,0,0,0
p3u_t14_d0,P3-U,14,0,1,16,30,16,16,16,1028.9,1014.0174195353308,1043.7825804646693,14.012814490562233,14.012545848974014,14.013083132150452,14.01005200789189,14.010049944066633,14.010054071717146,14.006783285827105,14.00651474002475,14.00705183162946,83.13333333333334,79.9999627881887,86.26670387847798,0,0,0
p3u_t14_d0,P3-U,14,0,1,17,30,14.933333333333334,14.842545044386126,15.024121622280541,1142.9333333333334,1127.6036446190565,1158.2630220476103,14.006783285827105,14.00651474002475,14.00705183162946,14.004698227721756,14.004242815686272,14.00515363975724,14.003964349194055,14.003954567889783,14.003974130498326,89.1,85.72559772513061,92.47440227486938,0,0,0
p3u_t14_d0,P3-U,14,0,1,18,30,14,14,14,1255.3333333333333,1240.233674531271,1270.4329921353956,14.003964349194055,14.003954567889783,14.003974130498326,14.000012471292868,14.000010859167968,14.000014083417767,14.00395686641833,14.003947276252584,14.003966456584076,86.7,84.44822948842881,88.9517705115712,0,0,0
p3u_t14_d0,P3-U,14,0,1,19,30,14,14,14,1365.1666666666667,1348.9024852378984,1381.430848095435,14.00395686641833,14.003947276252584,14.003966456584076,14.000013647829935,14.00001201685795,14.00001527880192,14.00394867772037,14.003939098188889,14.00395825725185,84.56666666666666,80.50321151116583,88.6301218221675,0,0,0
p3u_t14_d0,P3-U,14,0,1,20,30,14,14,14,1480.3,1463.5018487990458,1497.0981512009541,14.00394867772037,14.003939098188889,14.00395825725185,14.000013177215111,14.000011821273546,14.000014533156676,14.003940771391308,14.003931028204898,14.003950514577719,89.2,85.75303277061418,92.64696722938582,0,0,0
p3u_t14_d0,P3-U,14,0,1,21,30,14,14,14,1590.7666666666667,1573.3170143042016,1608.2163190291317,14.003940771391308,14.003931028204898,14.003950514577719,14.00001137319161,14.000010063414258,14.000012682968961,14.003933947476337,14.003924080289652,14.003943814663023,85.76666666666667,83.17139054540445,88.36194278792888,0,0,0
p3u_t14_d0,P3-U,14,0,1,22,30,14,14,14,1704.4666666666667,1687.8704035522187,1721.0629297811147,14.003933947476337,14.003924080289652,14.003943814663023,14.000013020343497,14.000011591816053,14.00001444887094,14.003926135270234,14.003916257554016,14.003936012986452,87.23333333333333,83.49119641436491,90.97547025230176,0,0,0
p3u_t14_d0,P3-U,14,0,1,23,30,14,14,14,1819.5666666666666,1802.4202727162783,1836.713060617055,14.003926135270234,14.003916257554016,14.003936012986452,14.000012706600282,14.00001113362351,14.000014279577055,14.003918511310065,14.003908785636337,14.003928236983793,88,84.74597388194078,91.25402611805922,0,0,0
p3u_t14_d0,P3-U,14,0,1,24,30,14,14,14,1935.5666666666666,1918.2863673202457,1952.8469660130875,14.003918511310065,14.003908785636337,14.003928236983793,14.000012392857064,14.00001042824289,14.000014357471239,14.00391107559583,14.003901405970192,14.00392074522147,87.76666666666667,84.90284962805346,90.63048370527987,0,0,0
p3d_025_t14_d0,P3-D0.25,14,0,0.25,1,30,44.36666666666667,43.931092337569346,44.80224099576399,34.1,31.59887503012294,36.60112496987706,20,20,20,19.12736237186346,19.12517509540871,19.129549648318207,19.230895644220478,19.230567552752266,19.23122373568869,0,0,0,0,0,0
p3d_025_t14_d0,P3-D0.25,14,0,0.25,2,30,45.833333333333336,45.69769238290556,45.96897428376111,67.13333333333334,62.78124107039427,71.4854255962724,19.230895644220478,19.230567552752266,19.23122373568869,19.13473101120081,19.134050947483697,19.135411074917922,18.46068599254036,18.46036640889459,18.46100557618613,0,0,0,0,0,0
p3d_025_t14_d0,P3-D0.25,14,0,0.25,3,30,45.96666666666667,45.90133333333333,46.032000000000004,102.06666666666666,96.1657271947401,107.96760613859323,18.46068599254036,18.46036640889459,18.46100557618613,18.14041824050164,18.140092180100062,18.140744300903215,17.839623256465117,17.83930616619526,17.839940346734974,0,0,0,0,0,0
p3d_025_t14_d0,P3-D0.25,14,0,0.25,4,30,45.766666666666666,45.61272763310584,45.92060570022749,135.03333333333333,129.457463982357,140.60920268430965,17.839623256465117,17.83930616619526,17.839940346734974,17.14443339519915,17.14366251637412,17.14520427402418,17.367958247185243,17.36761938131478,17.368297113055707,0,0,0,0,0,0
p3d_025_t14_d0,P3-D0.25,14,0,0.25,5,30,45.733333333333334,45.57238289951722,45.894283767149446,173.26666666666668,167.02605074264835,179.507282590685,17.367958247185243,17.36761938131478,17.368297113055707,17.144268200994397,17.14346131850577,17.14507508348302,16.89631801703609,16.89596922691425,16.89666680715793,0,0,0,0,0,0
p3d_025_t14_d0,P3-D0.25,14,0,0.25,6,30,45.53333333333333,45.32887962706303,45.73778703960363,205.1,197.55484121721275,212.64515878278723,16.89631801703609,16.89596922691425,16.89666680715793,16.148289842071524,16.147265978372683,16.149313705770364,16.574074540725352,16.573732484663157,16.574416596787547,0,0,0,0,0,0
p3d_025_t14_d0,P3-D0.25,14,0,0.25,7,30,45.63333333333333,45.413277053524,45.85338961314267,241.46666666666667,233.02475050714196,249.90858282619138,16.574074540725352,16.573732484663157,16.574416596787547,16.148788982463117,16.147686030558187,16.149891934368046,16.251756193355885,16.251431765041907,16.25208062166986,0,0,0,0,0,0
p3d_025_t14_d0,P3-D0.25,14,0,0.25,8,30,45.43333333333333,45.20929981093749,45.65736685572917,273.93333333333334,264.6289098774311,283.23775678923556,16.251756193355885,16.251431765041907,16.25208062166986,16.147783833260945,16.146661555306466,16.148906111215425,15.929588618366742,15.929222095787853,15.92995514094563,0,0,0,0,0,0
p3d_025_t14_d0,P3-D0.25,14,0,0.25,9,30,45.36666666666667,45.14661038685733,45.586722946476,357.9,346.236386183332,369.56361381666795,15.929588618366742,15.929222095787853,15.92995514094563,15.152476269250972,15.151373040605112,15.153579497896832,15.756717177979095,15.756375089567145,15.757059266391044,0,0,0,0,0,0
p3d_025_t14_d0,P3-D0.25,14,0,0.25,10,30,45.166666666666664,44.89948498009394,45.43384835323939,439.26666666666665,427.5706974333575,450.9626358999758,15.756717177979095,15.756375089567145,15.757059266391044,15.151465982447421,15.150127695005702,15.15280426988914,15.583997280611985,15.583634199806479,15.584360361417492,0,0,0,0,0,0
p3d_025_t14_d0,P3-D0.25,14,0,0.25,11,30,45.56666666666667,45.38631010199143,45.74702323134191,517.9666666666667,504.72872697444046,531.204606358893,15.583997280611985,15.583634199806479,15.584360361417492,15.153478042668041,15.152573232262455,15.154382853073628,15.410975574211783,15.410625979370534,15.41132516905303,0,0,0,0,0,0
p3d_025_t14_d0,P3-D0.25,14,0,0.25,12,30,45.1,44.863190944565815,45.33680905543419,600.4666666666667,587.5500923749688,613.3832409583646,15.410975574211783,15.410625979370534,15.41132516905303,15.15113475529316,15.149947648573752,15.152321862012569,15.238305360917808,15.237968910974967,15.23864181086065,0,0,0,0,0,0
p3d_025_t14_d0,P3-D0.25,14,0,0.25,13,30,45.266666666666666,45.037758747954705,45.49557458537863,679.2,665.4316804888571,692.968319511143,15.238305360917808,15.237968910974967,15.23864181086065,15.151970101856897,15.150823658043091,15.153116545670702,15.065509845639264,15.065150344290146,15.065869346988382,0,0,0,0,0,0
p3d_025_t14_d0,P3-D0.25,14,0,0.25,14,30,27.8,27.65441485486919,27.94558514513081,779.3333333333334,765.8044421083372,792.8622245583296,15.065509845639264,15.065150344290146,15.065869346988382,15.064269750113134,15.063538543585826,15.065000956640441,14.905869383122301,14.905563902938994,14.906174863305608,49.233333333333334,46.43029413983166,52.03637252683501,0,0,0
p3d_025_t14_d0,P3-D0.25,14,0,0.25,15,30,45.7,45.46695005715069,45.933049942849316,859.4,846.1430222268361,872.6569777731638,14.905869383122301,14.905563902938994,14.906174863305608,14.159168541070711,14.158002267241345,14.160334814900077,14.881994101961697,14.88165796139546,14.882330242527933,0,0,0,0,0,0
p3d_025_t14_d0,P3-D0.25,14,0,0.25,16,30,44.96666666666667,44.72738434251517,45.205948990818165,947.7666666666667,932.7757898477222,962.7575434856111,14.881994101961697,14.88165796139546,14.882330242527933,14.155490063462242,14.154292033295983,14.156688093628501,14.858670592442357,14.858294676405041,14.859046508479672,0,0,0,0,0,0
p3d_025_t14_d0,P3-D0.25,14,0,0.25,17,30,45.166666666666664,44.89948498009394,45.43384835323939,1031.5666666666666,1016.1718024167932,1046.9615309165401,14.858670592442357,14.858294676405041,14.859046508479672,14.156490968923958,14.155151700295209,14.157830237552707,14.835196947103762,14.834807540681505,14.83558635352602,0,0,0,0,0,0
p3d_025_t14_d0,P3-D0.25,14,0,0.25,18,30,45.233333333333334,44.990388311723706,45.47627835494296,1112.7333333333333,1097.4590492807824,1128.0076173858843,14.835196947103762,14.834807540681505,14.83558635352602,14.156824377005453,14.155607140098518,14.158041613912388,14.81167329055295,14.811229723714586,14.812116857391313,0,0,0,0,0,0
p3d_025_t14_d0,P3-D0.25,14,0,0.25,19,30,45.3,45.03171879566823,45.56828120433176,1191.2666666666667,1174.8329115607505,1207.7004217725828,14.81167329055295,14.811229723714586,14.812116857391313,14.157158273783724,14.155812997321966,14.15850355024548,14.788099549485388,14.787669066422593,14.788530032548183,0,0,0,0,0,0
p3d_025_t14_d0,P3-D0.25,14,0,0.25,20,30,45.2,44.94436088655717,45.455639113442835,1275.2,1258.1042287247913,1292.2957712752088,14.788099549485388,14.787669066422593,14.788530032548183,14.156656539239739,14.155373899916851,14.157939178562627,14.764601068599427,14.764116057072776,14.765086080126078,0,0,0,0,0,0
p3d_025_t14_d0,P3-D0.25,14,0,0.25,21,30,45.2,44.94436088655717,45.455639113442835,1354.4666666666667,1336.8643215007237,1372.0690118326097,14.764601068599427,14.764116057072776,14.765086080126078,14.1566586619343,14.155379056145925,14.157938267722674,14.741102269309284,14.7406183232026,14.741586215415968,0,0,0,0,0,0
p3d_025_t14_d0,P3-D0.25,14,0,0.25,22,30,45.2,44.92763513315838,45.47236486684162,1436.9666666666667,1420.1836808121898,1453.7496525211436,14.741102269309284,14.7406183232026,14.741586215415968,14.156657615481471,14.15529308484844,14.158022146114503,14.71760362698706,14.717092050999229,14.718115202974891,0,0,0,0,0,0
p3d_025_t14_d0,P3-D0.25,14,0,0.25,23,30,45.233333333333334,44.956413106082714,45.510253560583955,1520.8333333333333,1503.472881293736,1538.1937853729305,14.71760362698706,14.717092050999229,14.718115202974891,14.156826119227938,14.155439170888934,14.158213067566942,14.694079709102871,14.693597123404256,14.694562294801486,0,0,0,0,0,0
p3d_025_t14_d0,P3-D0.25,14,0,0.25,24,30,45.2,44.96226045353366,45.43773954646635,1605.6333333333334,1588.2679476034427,1622.9987190632241,14.694079709102871,14.693597123404256,14.694562294801486,14.15665585242584,14.155463564262124,14.157848140589557,14.670581331238996,14.670073587867552,14.671089074610439,0,0,0,0,0,0
p3d_05_t14_d0,P3-D0.5,14,0,0.5,1,30,44.36666666666667,43.931092337569346,44.80224099576399,34.1,31.59887503012294,36.60112496987706,20,20,20,19.12736237186346,19.12517509540871,19.129549648318207,18.46179128844096,18.461135105504535,18.462447471377384,0,0,0,0,0,0
p3d_05_t14_d0,P3-D0.5,14,0,0.5,2,30,45.8,45.65441485486919,45.945585145130806,67.16666666666667,62.815233943609236,71.5180993897241,18.46179128844096,18.461135105504535,18.462447471377384,18.1395861750617,18.138856304047607,18.140316046075796,17.219915435922456,17.219297195538473,17.220533676306438,0,0,0,0,0,0
p3d_05_t14_d0,P3-D0.5,14,0,0.5,3,30,45.833333333333336,45.69769238290556,45.96897428376111,102.23333333333333,96.33632370866678,108.13034295799989,17.219915435922456,17.219297195538473,17.220533676306438,17.144770128481056,17.144090702324316,17.145449554637796,16.276484397378137,16.275883997906412,16.277084796849863,0,0,0,0,0,0
p3d_05_t14_d0,P3-D0.5,14,0,0.5,4,30,45.7,45.53321126309424,45.86678873690577,135.26666666666668,129.71981744332254,140.81351589001082,16.276484397378137,16.275883997906412,16.277084796849863,16.149121441031767,16.1482858327287,16.149957049334834,15.631747965068605,15.631112891118638,15.632383039018572,0,0,0,0,0,0
p3d_05_t14_d0,P3-D0.5,14,0,0.5,5,30,45.3,45.066950057150684,45.53304994284931,173.93333333333334,167.67575892658925,180.19090774007742,15.631747965068605,15.631112891118638,15.632383039018572,15.152138309162314,15.150971201606989,15.15330541671764,15.28610647231991,15.285358426227814,15.286854518412005,0,0,0,0,0,0
p3d_05_t14_d0,P3-D0.5,14,0,0.5,6,30,45.3,45.10855876325505,45.49144123674495,206,198.41884781146382,213.58115218853618,15.28610647231991,15.285358426227814,15.286854518412005,15.152140200130727,15.151181201720782,15.153099198540673,14.940464412280686,14.939829683488336,14.941099141073037,0,0,0,0,0,0
p3d_05_t14_d0,P3-D0.5,14,0,0.5,7,30,45.13333333333333,44.85561697537268,45.41104969129398,242.86666666666667,234.40020235919263,251.33313097414072,14.940464412280686,14.939829683488336,14.941099141073037,14.156323642835217,14.154932043358272,14.157715242312161,14.893567319430124,14.892824232700898,14.89431040615935,0,0,0,0,0,0
p3d_05_t14_d0,P3-D0.5,14,0,0.5,8,30,45.266666666666666,45.01921950136292,45.51411383197041,275.5,266.2652118495383,284.7347881504617,14.893567319430124,14.892824232700898,14.89431040615935,14.156992179109377,14.155752215227563,14.15823214299119,14.84646966569731,14.845669323747986,14.847270007646634,0,0,0,0,0,0
p3d_05_t14_d0,P3-D0.5,14,0,0.5,9,30,45,44.73419910658064,45.26580089341936,359.8333333333333,348.1645214845766,371.50214518209003,14.84646966569731,14.845669323747986,14.847270007646634,14.155656522477438,14.154324612401892,14.156988432552984,14.799772708954078,14.799010602392377,14.80053481551578,0,0,0,0,0,0
p3d_05_t14_d0,P3-D0.5,14,0,0.5,10,30,45.4,45.140929335517505,45.65907066448249,440.96666666666664,429.26935726257636,452.6639760707569,14.799772708954078,14.799010602392377,14.80053481551578,14.157661385077194,14.156363112516873,14.158959657637515,14.752474293430927,14.751722279527995,14.75322630733386,0,0,0,0,0,0
p3d_05_t14_d0,P3-D0.5,14,0,0.5,11,30,44.93333333333333,44.68588616802958,45.18078049863708,520.3,507.04283903418366,533.5571609658163,14.752474293430927,14.751722279527995,14.75322630733386,14.155321527201547,14.154080455278741,14.156562599124353,14.70587783527046,14.705085703720194,14.706669966820726,0,0,0,0,0,0
p3d_05_t14_d0,P3-D0.5,14,0,0.5,12,30,45.36666666666667,45.10959217353451,45.623741159798826,602.5333333333333,589.6065073747313,615.4601592919353,14.70587783527046,14.705085703720194,14.706669966820726,14.157496893609764,14.156209061670937,14.15878472554859,14.658628767187528,14.657928473151104,14.659329061223952,0,0,0,0,0,0
p3d_05_t14_d0,P3-D0.5,14,0,0.5,13,30,44.56666666666667,44.38631010199143,44.74702323134191,681.9666666666667,668.1845368433254,695.748796490008,14.658628767187528,14.657928473151104,14.659329061223952,14.153479154521262,14.152575008003742,14.154383301038783,14.612585020831157,14.611900667400752,14.613269374261561,0.5666666666666667,0.17148798357396583,0.9618453497593675,0,0,0
p3d_05_t14_d0,P3-D0.5,14,0,0.5,14,30,44.1,43.990811141151895,44.20918885884811,765.8,752.2697815395978,779.3302184604021,14.612585020831157,14.611900667400752,14.613269374261561,14.151132573825002,14.150584935125126,14.151680212524878,14.567245248683655,14.566681559515073,14.567808937852236,2.1666666666666665,1.668659296243127,2.6646740370902062,0,0,0
p3d_05_t14_d0,P3-D0.5,14,0,0.5,15,30,43.266666666666666,43.105716232850554,43.42761710048278,848.3,835.0945666145881,861.5054333854118,14.567245248683655,14.566681559515073,14.567808937852236,14.146948641793708,14.14614031102216,14.147756972565256,14.523160656145537,14.522777964370714,14.52354334792036,6.566666666666666,5.3570413866697315,7.776291946663601,0,0,0
p3d_05_t14_d0,P3-D0.5,14,0,0.5,16,30,43.03333333333333,42.967999999999996,43.09866666666667,938.6,923.7063716346534,953.4936283653467,14.523160656145537,14.522777964370714,14.52354334792036,14.145782524654617,14.14545448606973,14.146110563239505,14.479425898749154,14.479095334953207,14.479756462545101,7.533333333333333,6.609061923061035,8.457604743605632,0,0,0
p3d_05_t14_d0,P3-D0.5,14,0,0.5,17,30,43,43,43,1024.5666666666666,1009.2252446302446,1039.9080887030887,14.479425898749154,14.479095334953207,14.479756462545101,14.1456110547928,14.145606496149417,14.145615613436183,14.435742582311315,14.435412100879654,14.436073063742976,7.566666666666666,6.696786118210515,8.436547215122818,0,0,0
p3d_05_t14_d0,P3-D0.5,14,0,0.5,18,30,42.06666666666667,41.97587837771946,42.15745495561388,1108.9,1093.8000438944082,1123.999956105592,14.435742582311315,14.435412100879654,14.436073063742976,14.14092116691489,14.140465485440386,14.141376848389394,14.393466232236843,14.39319585585743,14.393736608616257,9,8.159463772687168,9.840536227312832,0,0,0
p3d_05_t14_d0,P3-D0.5,14,0,0.5,19,30,42,42,42,1190.7333333333333,1174.464577869178,1207.0020887974888,14.393466232236843,14.39319585585743,14.393736608616257,14.140593610482702,14.14058958238199,14.140597638583413,14.351288149092037,14.351018024230735,14.351558273953339,8.833333333333334,7.956374988429017,9.71029167823765,0,0,0
p3d_05_t14_d0,P3-D0.5,14,0,0.5,20,30,42,42,42,1277.8666666666666,1261.0591644847875,1294.6741688485456,14.351288149092037,14.351018024230735,14.351558273953339,14.140587384630555,14.140583081671956,14.140591687589154,14.309111933702868,14.308841952692894,14.30938191471284,8.666666666666666,7.783436787667383,9.549896545665948,0,0,0
p3d_05_t14_d0,P3-D0.5,14,0,0.5,21,30,42,42,42,1360.3333333333333,1342.886553323248,1377.7801133434184,14.309111933702868,14.308841952692894,14.30938191471284,14.14058939025042,14.140584668388353,14.140594112112488,14.266935116627744,14.266665186774107,14.267205046481381,8.833333333333334,7.838427534831425,9.828239131835243,0,0,0
p3d_05_t14_d0,P3-D0.5,14,0,0.5,22,30,42,42,42,1446.0333333333333,1429.4368706737102,1462.6297959929564,14.266935116627744,14.266665186774107,14.267205046481381,14.140589722403542,14.140584912697166,14.140594532109917,14.224758199906685,14.224488307839383,14.225028091973986,8.933333333333334,7.970683860439469,9.895982806227199,0,0,0
p3d_05_t14_d0,P3-D0.5,14,0,0.5,23,30,42,42,42,1533.1333333333334,1515.980489584429,1550.2861770822378,14.224758199906685,14.224488307839383,14.225028091973986,14.140589990899189,14.140586143840494,14.140593837957883,14.182581202636927,14.182311229542151,14.182851175731702,7.966666666666667,7.058054521331078,8.875278812002255,0,0,0
p3d_05_t14_d0,P3-D0.5,14,0,0.5,24,30,42,42,42,1621.1333333333334,1603.8468895865717,1638.4197770800952,14.182581202636927,14.182311229542151,14.182851175731702,14.140590558359719,14.140585878383634,14.140595238335804,14.140404035129013,14.140134288060676,14.14067378219735,8.7,7.754863824200661,9.645136175799337,0,0,0
p3d_075_t14_d0,P3-D0.75,14,0,0.75,1,30,44.36666666666667,43.931092337569346,44.80224099576399,34.1,31.59887503012294,36.60112496987706,20,20,20,19.12736237186346,19.12517509540871,19.129549648318207,17.69268693266144,17.691702658256805,17.693671207066078,0,0,0,0,0,0
p3d_075_t14_d0,P3-D0.75,14,0,0.75,2,30,45.666666666666664,45.495092927729964,45.838240405603365,67.3,62.98723204330724,71.61276795669276,17.69268693266144,17.691702658256805,17.693671207066078,17.143938459355265,17.143078294662196,17.144798624048335,16.27791462595157,16.277027109353487,16.278802142549655,0,0,0,0,0,0
p3d_075_t14_d0,P3-D0.75,14,0,0.75,3,30,45.766666666666666,45.61272763310584,45.92060570022749,102.43333333333334,96.52435518620037,108.34231148046631,16.27791462595157,16.277027109353487,16.278802142549655,16.14945703445184,16.14868533203984,16.150228736863838,15.310658960448245,15.309748566508674,15.311569354387817,0,0,0,0,0,0
p3d_075_t14_d0,P3-D0.75,14,0,0.75,4,30,45.4,45.177615017458976,45.62238498254102,135.76666666666668,130.19856352211625,141.33476981121711,15.310658960448245,15.309748566508674,15.311569354387817,15.152637906434895,15.151523241260648,15.153752571609143,14.79197190255255,14.790881829329898,14.793061975775203,0,0,0,0,0,0
p3d_075_t14_d0,P3-D0.75,14,0,0.75,5,30,45.1,44.863190944565815,45.33680905543419,174.63333333333333,168.3331769453212,180.93348972134544,14.79197190255255,14.790881829329898,14.793061975775203,14.156156775654349,14.15496987940117,14.157343671907528,14.721701353508088,14.720703482800841,14.722699224215335,0,0,0,0,0,0
p3d_075_t14_d0,P3-D0.75,14,0,0.75,6,30,45.3,45.066950057150684,45.53304994284931,206.7,199.23970826739114,214.16029173260884,14.721701353508088,14.720703482800841,14.722699224215335,14.157161936248468,14.155993692094766,14.158330180402169,14.650978482196278,14.650039359144028,14.651917605248528,0,0,0,0,0,0
p3d_075_t14_d0,P3-D0.75,14,0,0.75,7,30,45.06666666666667,44.785788350749456,45.347544982583884,243.63333333333333,235.19311729135615,252.0735493753105,14.650978482196278,14.650039359144028,14.651917605248528,14.15598918130881,14.15458137804146,14.15739698457616,14.580783350607318,14.579675072172302,14.581891629042333,0,0,0,0,0,0
p3d_075_t14_d0,P3-D0.75,14,0,0.75,8,30,45.2,44.96226045353366,45.43773954646635,276.3333333333333,267.1083126177433,285.5583540489233,14.580783350607318,14.579675072172302,14.581891629042333,14.156658661934298,14.155466973630075,14.15785035023852,14.51028695273689,14.509170881933665,14.511403023540113,0,0,0,0,0,0
p3d_075_t14_d0,P3-D0.75,14,0,0.75,9,30,44.833333333333336,44.62145539550969,45.04521127115698,360.8333333333333,349.23435849423623,372.4323081724304,14.51028695273689,14.509170881933665,14.511403023540113,14.15481866658505,14.153755872056085,14.155881461114017,14.44061855277361,14.439740618054973,14.441496487492248,0.3333333333333333,0.06205143247778283,0.6046152341888837,0,0,0
p3d_075_t14_d0,P3-D0.75,14,0,0.75,10,30,43.93333333333333,43.724604871255856,44.142061795410804,443.43333333333334,431.83070443053987,455.0359622361268,14.44061855277361,14.439740618054973,14.441496487492248,14.150297640921568,14.149250387297691,14.151344894545446,14.372984614358906,14.372488830532925,14.373480398184887,2.3666666666666667,1.5610918760388697,3.1722414572944637,0,0,0
p3d_075_t14_d0,P3-D0.75,14,0,0.75,11,30,43.06666666666667,42.97587837771946,43.15745495561388,524.6333333333333,511.50357518993195,537.7630914767346,14.372984614358906,14.372488830532925,14.373480398184887,14.145945857768966,14.145489920047947,14.146401795489986,14.307308978362869,14.306934339460593,14.307683617265145,7.833333333333333,6.709230694205118,8.957435972461548,0,0,0
p3d_075_t14_d0,P3-D0.75,14,0,0.75,12,30,42.3,42.13321126309423,42.46678873690576,609.9333333333333,597.0996864740492,622.7669801926173,14.307308978362869,14.306934339460593,14.307683617265145,14.142098728316252,14.141261293157807,14.142936163474698,14.243364550620553,14.243358054671488,14.243371046569619,8.266666666666667,7.365618626392884,9.167714706940451,0,0,0
p3d_075_t14_d0,P3-D0.75,14,0,0.75,13,30,42,42,42,691.9333333333333,678.2365468410732,705.6301198255934,14.243364550620553,14.243358054671488,14.243371046569619,14.140589911909524,14.140584751535133,14.140595072283915,14.180099090261269,14.180092033423554,14.180106147098984,8.333333333333334,7.396722994289895,9.269943672376773,0,0,0
p3d_075_t14_d0,P3-D0.75,14,0,0.75,14,30,42,42,42,777.8666666666667,764.3945550918792,791.3387782414542,14.180099090261269,14.180092033423554,14.180106147098984,14.140593281766273,14.14058966836187,14.140596895170678,14.116832113466446,14.116825161529103,14.116839065403788,8.8,7.636077341906694,9.963922658093308,0,0,0
p3d_075_t14_d0,P3-D0.75,14,0,0.75,15,30,37,37,37,866.6333333333333,853.4686457032196,879.798020963447,14.116832113466446,14.116825161529103,14.116839065403788,14.115482215594431,14.115478551081361,14.115485880107501,14.06486511644895,14.064857653437643,14.064872579460255,24.233333333333334,22.29899636038777,26.1676703062789,0,0,0
p3d_075_t14_d0,P3-D0.75,14,0,0.75,16,30,26,26,26,973.9666666666667,959.0825632300766,988.8507701032568,14.06486511644895,14.064857653437643,14.064872579460255,14.060253481170198,14.060251221177836,14.06025574116256,14.037751049922361,14.037743940781,14.037758159063722,55.166666666666664,52.623986691534384,57.709346641798945,0,0,0
p3d_075_t14_d0,P3-D0.75,14,0,0.75,17,30,21,21,21,1081.9333333333334,1066.6036446190565,1097.2630220476103,14.037751049922361,14.037743940781,14.037758159063722,14.035151748669382,14.03514975128488,14.035153746053883,14.021932763021141,14.021925373348305,14.021940152693977,71.83333333333333,68.6297938636062,75.03687280306046,0,0,0
p3d_075_t14_d0,P3-D0.75,14,0,0.75,18,30,18,18,18,1190.3333333333333,1175.233674531271,1205.4329921353956,14.021932763021141,14.021925373348305,14.021940152693977,14.020093721572154,14.020091716749931,14.020095726394377,14.01289058831367,14.012883283628158,14.012897892999183,75.9,74.0126498780675,77.7873501219325,0,0,0
p3d_075_t14_d0,P3-D0.75,14,0,0.75,19,30,16,16,16,1298.1666666666667,1281.9024852378984,1314.430848095435,14.01289058831367,14.012883283628158,14.012897892999183,14.010053165307681,14.010051544993313,14.01005478562205,14.008366663925212,14.008359575494895,14.00837375235553,79.8,75.95805059060275,83.64194940939724,0,0,0
p3d_075_t14_d0,P3-D0.75,14,0,0.75,20,30,15,15,15,1412.3,1395.5018487990458,1429.0981512009541,14.008366663925212,14.008359575494895,14.00837375235553,14.005031787513344,14.005030218434491,14.005033356592197,14.006102359544208,14.00609516832232,14.006109550766096,88.8,85.38520842930869,92.2147915706913,0,0,0
p3d_075_t14_d0,P3-D0.75,14,0,0.75,21,30,15,15,15,1521.7666666666667,1504.3170143042016,1539.2163190291317,14.006102359544208,14.00609516832232,14.006109550766096,14.005033991130183,14.005032407815943,14.005035574444424,14.003837063535629,14.003829647422082,14.003844479649176,85.6,83.02708030243558,88.17291969756441,0,0,0
p3d_075_t14_d0,P3-D0.75,14,0,0.75,22,30,14,14,14,1635.4666666666667,1618.8704035522187,1652.0629297811147,14.003837063535629,14.003829647422082,14.003844479649176,14.000013569394127,14.000012010730453,14.000015128057802,14.00383095730827,14.003823488432523,14.003838426184018,87.23333333333333,83.49355711120842,90.97310955545825,0,0,0
p3d_075_t14_d0,P3-D0.75,14,0,0.75,23,30,14,14,14,1750.5666666666666,1733.4202727162783,1767.713060617055,14.00383095730827,14.003823488432523,14.003838426184018,14.000014824366994,14.000013476563865,14.000016172170124,14.003824286343121,14.003816906857676,14.003831665828567,88,84.78694101423939,91.21305898576061,0,0,0
p3d_075_t14_d0,P3-D0.75,14,0,0.75,24,30,14,14,14,1866.5666666666666,1849.2863673202457,1883.8469660130875,14.003824286343121,14.003816906857676,14.003831665828567,14.000010902576786,14.000009300594327,14.000012504559246,14.003819380183568,14.0038118747755,14.003826885591636,87.76666666666667,84.896688776835,90.63664455649833,0,0,0
p3u_t14_d1,P3-U,14,1,1,1,30,44.36666666666667,43.931092337569346,44.80224099576399,34.1,31.59887503012294,36.60112496987706,20,20,20,19.12736237186346,19.12517509540871,19.129549648318207,20,20,20,0,0,0,0,0,0
p3u_t14_d1,P3-U,14,1,1,2,30,45.833333333333336,45.69769238290556,45.96897428376111,67.13333333333334,62.78124107039427,71.4854255962724,20,20,20,19.13473101120081,19.134050947483697,19.135411074917922,16.923582576881934,16.922270211009085,16.924894942754783,0,0,0,0,0,0
p3u_t14_d1,P3-U,14,1,1,3,30,45.833333333333336,45.69769238290556,45.96897428376111,102.2,96.2964670153247,108.10353298467531,16.923582576881934,16.922270211009085,16.924894942754783,16.149791348944206,16.149111754187583,16.150470943700828,13.842743970161445,13.841465635578363,13.844022304744527,0,0,0,0,0,0
p3u_t14_d1,P3-U,14,1,1,4,30,45.1,44.81264599908983,45.38735400091017,135.83333333333334,130.21360582054345,141.45306084612324,13.842743970161445,13.841465635578363,13.844022304744527,13.161175414596407,13.159735239743402,13.162615589449413,12.552869160794923,12.55158836068373,12.554149960906116,0,0,0,0,0,0
p3u_t14_d1,P3-U,14,1,1,5,30,44.96666666666667,44.70959217353451,45.22374115979883,174.83333333333334,168.56155627790878,181.1051103887579,12.552869160794923,12.55158836068373,12.554149960906116,12.165530288379244,12.164242651979528,12.166817924778961,13.056163912037075,13.054815409972871,13.057512414101279,0,0,0,0,0,0
p3u_t14_d1,P3-U,14,1,1,6,30,23.7,23.400605054596216,23.999394945403782,228.5,220.91957590729336,236.08042409270664,13.056163912037075,13.054815409972871,13.057512414101279,13.053725255674912,13.052223342468547,13.055227168881277,14.156845739009526,14.155394355352476,14.158297122666577,38.36666666666667,36.268515552085816,40.46481778124752,0,0,0
p3u_t14_d1,P3-U,14,1,1,7,30,44.63333333333333,44.413277053524,44.85338961314267,265.8666666666667,257.4509441649409,274.28238916839246,14.156845739009526,14.155394355352476,14.158297122666577,14.153812973732602,14.152706942992861,14.154919004472344,14.724610585604584,14.7236996752669,14.725521495942267,1.5,0.9704788543616403,2.02952114563836,0,0,0
p3u_t14_d1,P3-U,14,1,1,8,30,45.7,45.53321126309424,45.86678873690577,298.06666666666666,288.7988574060905,307.3344759272428,14.724610585604584,14.7236996752669,14.725521495942267,14.159165324869605,14.158329422139964,14.160001227599246,14.632322801365024,14.631592183087063,14.633053419642986,0,0,0,0,0,0
p3u_t14_d1,P3-U,14,1,1,9,30,45.1,44.863190944565815,45.33680905543419,382.3,370.72882357881815,393.8711764211819,14.632322801365024,14.631592183087063,14.633053419642986,14.156149913069436,14.154962518631683,14.15733730750719,14.536823606443258,14.535943199616975,14.537704013269542,0,0,0,0,0,0
p3u_t14_d1,P3-U,14,1,1,10,30,45.266666666666666,45.05793820458919,45.47539512874414,463.56666666666666,452.0553537410256,475.0779795923077,14.536823606443258,14.535943199616975,14.537704013269542,14.156992043057985,14.155945066454015,14.158039019661954,14.443133658601592,14.442052638273106,14.444214678930079,0,0,0,0,0,0
p3u_t14_d1,P3-U,14,1,1,11,30,44.93333333333333,44.70442541462137,45.16224125204529,542.9,529.887848317734,555.912151682266,14.443133658601592,14.442052638273106,14.444214678930079,14.155319168028623,14.154171503071597,14.156466832985648,14.348938432766804,14.347892373816514,14.349984491717095,0,0,0,0,0,0
p3u_t14_d1,P3-U,14,1,1,12,30,45.2,45.00287678163547,45.397123218364534,625.3,612.6230980759964,637.9769019240035,14.348938432766804,14.347892373816514,14.349984491717095,14.156662280057711,14.155674318668646,14.157650241446776,14.25574693194963,14.254704414609535,14.256789449289727,0,0,0,0,0,0
p3u_t14_d1,P3-U,14,1,1,13,30,44.96666666666667,44.72738434251517,45.205948990818165,704.3333333333334,690.8266545483483,717.8400121183184,14.25574693194963,14.254704414609535,14.256789449289727,14.155489637188749,14.154291594585397,14.156687679792102,14.161749563915,14.160638510606072,14.162860617223929,0,0,0,0,0,0
p3u_t14_d1,P3-U,14,1,1,14,30,45,44.78986594317179,45.21013405682821,787.2666666666667,773.8964810066851,800.6368523266482,14.161749563915,14.160638510606072,14.162860617223929,14.15565366163555,14.154600319352221,14.15670700391888,14.068455781601754,14.06711412359741,14.069797439606099,0.5,0.16444282053626813,0.8355571794637319,0,0,0
p3u_t14_d1,P3-U,14,1,1,15,30,26.9,26.645225996021082,27.154774003978915,886.1333333333333,872.965208149457,899.3014585172097,14.068455781601754,14.06711412359741,14.069797439606099,14.064771222827055,14.06349164701715,14.06605079863696,13.975063584620425,13.973915637245929,13.976211531994922,51.03333333333333,48.44009970938957,53.62656695727709,0,0,0
p3u_t14_d1,P3-U,14,1,1,16,30,42.166666666666664,41.85380911642487,42.47952421690846,977.3,962.297796925003,992.3022030749969,13.975063584620425,13.973915637245929,13.976211531994922,13.146441680902461,13.14487084488279,13.148012516922131,13.936200850924196,13.935527390478535,13.936874311369857,9.7,8.113105222617845,11.286894777382154,0,0,0
p3u_t14_d1,P3-U,14,1,1,17,30,45.7,45.53321126309424,45.86678873690577,1060.5666666666666,1045.176105393389,1075.9572279399442,13.936200850924196,13.935527390478535,13.936874311369857,13.164185472596127,13.163349496229639,13.165021448962616,14.448335842382715,14.447743850322263,14.448927834443166,0,0,0,0,0,0
p3u_t14_d1,P3-U,14,1,1,18,30,45.233333333333334,45.00929981093749,45.45736685572918,1141.7333333333333,1126.5698835170974,1156.8967831495693,14.448335842382715,14.447743850322263,14.448927834443166,14.156820674032426,14.155698013745338,14.157943334319514,14.94982455882504,14.949047930298995,14.950601187351083,0,0,0,0,0,0
p3u_t14_d1,P3-U,14,1,1,19,30,45.166666666666664,44.95478872884302,45.37854460449031,1220.4,1204.0809290776065,1236.7190709223937,14.94982455882504,14.949047930298995,14.950601187351083,14.156492531490954,14.155429624376787,14.157555438605122,14.855732154405583,14.854901615497445,14.856562693313721,0,0,0,0,0,0
p3u_t14_d1,P3-U,14,1,1,20,30,44.86666666666667,44.573481333052,45.15985200028133,1304.6666666666667,1287.9084701452227,1321.4248631881107,14.855732154405583,14.854901615497445,14.856562693313721,14.154988422264044,14.153518582497494,14.156458262030593,14.761836635511012,14.761052651605711,14.762620619416312,0.1,-0.096,0.29600000000000004,0,0,0
p3u_t14_d1,P3-U,14,1,1,21,30,43.7,43.50855876325505,43.89144123674495,1385.4333333333334,1368.089523765378,1402.7771429012887,14.761836635511012,14.761052651605711,14.762620619416312,14.149131741454587,14.14817037902864,14.150093103880534,14.668843582152583,14.66766401550152,14.670023148803645,3.7666666666666666,2.560697324751273,4.97263600858206,0,0,0
p3u_t14_d1,P3-U,14,1,1,22,30,42.13333333333333,41.90831648424092,42.358350182425745,1471,1454.5157901817122,1487.4842098182878,14.668843582152583,14.66766401550152,14.670023148803645,14.141257318461491,14.140127056961534,14.142387579961449,14.579364537279837,14.57833230490032,14.580396769659353,9.433333333333334,8.400964009178486,10.465702657488182,0,0,0
p3u_t14_d1,P3-U,14,1,1,23,30,40.8,40.49694035335385,41.103059646646145,1559.3,1542.1689442562183,1576.4310557437816,14.579364537279837,14.57833230490032,14.580396769659353,14.134565268372828,14.133042924352107,14.136087612393549,14.494610146202941,14.493771735264735,14.495448557141147,12.1,10.670624957719545,13.529375042280455,0,0,0
p3u_t14_d1,P3-U,14,1,1,24,30,40.6,40.358574349275834,40.84142565072417,1648.7,1631.3448731719302,1666.05512682807,14.494610146202941,14.493771735264735,14.495448557141147,14.133562359556993,14.132350805491704,14.134773913622283,14.41387098517924,14.413176730744322,14.41456523961416,13.433333333333334,12.152779310511967,14.7138873561547,0,0,0
p3d_025_t14_d1,P3-D0.25,14,1,0.25,1,30,44.36666666666667,43.931092337569346,44.80224099576399,34.1,31.59887503012294,36.60112496987706,20,20,20,19.12736237186346,19.12517509540871,19.129549648318207,20,20,20,0,0,0,0,0,0
p3d_025_t14_d1,P3-D0.25,14,1,0.25,2,30,45.833333333333336,45.69769238290556,45.96897428376111,67.13333333333334,62.78124107039427,71.4854255962724,20,20,20,19.13473101120081,19.134050947483697,19.135411074917922,19.230895644220478,19.230567552752266,19.23122373568869,0,0,0,0,0,0
p3d_025_t14_d1,P3-D0.25,14,1,0.25,3,30,45.96666666666667,45.90133333333333,46.032000000000004,102.06666666666666,96.1657271947401,107.96760613859323,19.230895644220478,19.230567552752266,19.23122373568869,19.13539596930597,19.13506998907013,19.135721949541814,18.46068599254036,18.46036640889459,18.46100557618613,0,0,0,0,0,0
p3d_025_t14_d1,P3-D0.25,14,1,0.25,4,30,45.86666666666667,45.7429430840148,45.99039024931854,134.93333333333334,129.37693958568306,140.4897270809836,18.46068599254036,18.46036640889459,18.46100557618613,18.13991459297221,18.13929529917908,18.140533886765343,17.690376597144464,17.690059412369113,17.690693781919816,0,0,0,0,0,0
p3d_025_t14_d1,P3-D0.25,14,1,0.25,5,30,45.8,45.65441485486919,45.945585145130806,173.1,166.8682939440458,179.33170605595419,17.690376597144464,17.690059412369113,17.690693781919816,17.14460353741796,17.14387366459955,17.145333410236372,17.06938940819863,17.069076965099207,17.069701851298056,0,0,0,0,0,0
p3d_025_t14_d1,P3-D0.25,14,1,0.25,6,30,30.066666666666666,29.975878377719457,30.157454955613876,220.4,212.8394946103368,227.9605053896632,17.06938940819863,17.069076965099207,17.069701851298056,17.06561322441219,17.065157962718924,17.066068486105454,16.597698877585938,16.597382005439762,16.598015749732113,27.633333333333333,26.140099572285152,29.126567094381514,0,0,0
p3d_025_t14_d1,P3-D0.25,14,1,0.25,7,30,45.9,45.79081114115189,46.009188858848105,256.5,248.0251864157755,264.97481358422453,16.597698877585938,16.597382005439762,16.598015749732113,16.150129294676738,16.149583070649392,16.150675518704084,16.13785689392411,16.137579850164354,16.138133937683865,0,0,0,0,0,0
p3d_025_t14_d1,P3-D0.25,14,1,0.25,8,30,43,43,43,291.4,282.0781917594512,300.72180824054874,16.13785689392411,16.137579850164354,16.138133937683865,16.13556288177839,16.13555821564477,16.13556754791201,15.815337499722599,15.815026118039693,15.815648881405505,5.5,4.767538867690013,6.232461132309987,0,0,0
p3d_025_t14_d1,P3-D0.25,14,1,0.25,9,30,45.93333333333333,45.84254504438612,46.02412162228054,374.8,363.19671780085037,386.40328219914966,15.815337499722599,15.815026118039693,15.815648881405505,15.155316010430692,15.154862616383856,15.155769404477528,15.495003067455842,15.494691523760459,15.495314611151226,0,0,0,0,0,0
p3d_025_t14_d1,P3-D0.25,14,1,0.25,10,30,45.333333333333336,45.1163078126489,45.55035885401777,456,444.401818295501,467.598181704499,15.495003067455842,15.494691523760459,15.495314611151226,15.15230471111579,15.151216612212831,15.153392810018747,15.321705665891237,15.321359787427022,15.322051544355451,0,0,0,0,0,0
p3d_025_t14_d1,P3-D0.25,14,1,0.25,11,30,45.43333333333333,45.22996235509584,45.63670431157082,534.8333333333334,521.6483352287011,548.0183314379657,15.321705665891237,15.321359787427022,15.322051544355451,15.152800534879301,15.151781461123596,15.153819608635006,15.148859959223872,15.148480036191385,15.149239882256358,0,0,0,0,0,0
p3d_025_t14_d1,P3-D0.25,14,1,0.25,12,30,44.03333333333333,43.967999999999996,44.09866666666667,618.4,605.5540872853944,631.2459127146055,15.148859959223872,15.148480036191385,15.149239882256358,15.145780705469354,15.145451675900132,15.146109735038577,14.975939878991976,14.975535934694117,14.976343823289836,1.7666666666666666,1.3714879835739657,2.1618453497593673,0,0,0
p3d_025_t14_d1,P3-D0.25,14,1,0.25,13,30,45.766666666666666,45.61272763310584,45.92060570022749,696.6333333333333,682.9524980448149,710.3141686218518,14.975939878991976,14.975535934694117,14.976343823289836,14.15950340265004,14.15873436042512,14.16027244487496,14.80407277317157,14.8036880444205,14.804457501922641,0,0,0,0,0,0
p3d_025_t14_d1,P3-D0.25,14,1,0.25,14,30,44.93333333333333,44.70442541462137,45.16224125204529,779.6333333333333,766.1030876768456,793.1635789898211,14.80407277317157,14.8036880444205,14.804457501922641,14.155319171307813,14.154172944806348,14.156465397809278,14.780147262774067,14.779711467700292,14.780583057847842,0,0,0,0,0,0
p3d_025_t14_d1,P3-D0.25,14,1,0.25,15,30,45.333333333333336,45.06205143247779,45.604615234188884,860.0666666666667,846.8129090564917,873.3204242768418,14.780147262774067,14.779711467700292,14.780583057847842,14.157326512408,14.155967179544461,14.158685845271538,14.756849387077894,14.756428129536417,14.757270644619371,0,0,0,0,0,0
p3d_025_t14_d1,P3-D0.25,14,1,0.25,16,30,45.03333333333333,44.75962078450341,45.30704588216325,948.3666666666667,933.393827442877,963.3395058904564,14.756849387077894,14.756428129536417,14.757270644619371,14.155825557311278,14.154454879068524,14.157196235554032,14.733250410216696,14.732806311338715,14.733694509094677,0,0,0,0,0,0
p3d_025_t14_d1,P3-D0.25,14,1,0.25,17,30,45,44.769809673950235,45.230190326049765,1032.3333333333333,1016.9572245230524,1047.709442143614,14.733250410216696,14.732806311338715,14.733694509094677,14.155655986845638,14.154502330224568,14.156809643466707,14.70987657662,14.70942695972854,14.710326193511458,0,0,0,0,0,0
p3d_025_t14_d1,P3-D0.25,14,1,0.25,18,30,45.166666666666664,44.95478872884302,45.37854460449031,1113.5666666666666,1098.315599676043,1128.8177336572903,14.70987657662,14.70942695972854,14.710326193511458,14.156492363623768,14.155430274926095,14.15755445232144,14.686528178593159,14.686138216585245,14.686918140601072,0,0,0,0,0,0
p3d_025_t14_d1,P3-D0.25,14,1,0.25,19,30,45.266666666666666,45.037758747954705,45.49557458537863,1192.1333333333334,1175.7087700928741,1208.5578965737927,14.686528178593159,14.686138216585245,14.686918140601072,14.156990877371927,14.155842716894654,14.1581390378492,14.663054324049595,14.662567317826076,14.663541330273114,0,0,0,0,0,0
p3d_025_t14_d1,P3-D0.25,14,1,0.25,20,30,45.13333333333333,44.889481233192086,45.37718543347458,1276.1333333333334,1259.1611258709675,1293.1055407956994,14.663054324049595,14.662567317826076,14.663541330273114,14.156322511099065,14.15509976982277,14.157545252375359,14.6395056924438,14.639041084947866,14.639970299939733,0,0,0,0,0,0
p3d_025_t14_d1,P3-D0.25,14,1,0.25,21,30,45.13333333333333,44.872,45.394666666666666,1355.4666666666667,1337.8440139788677,1373.0893193544657,14.6395056924438,14.639041084947866,14.639970299939733,14.156323660640961,14.15501445069391,14.157632870588012,14.616057315778944,14.615548743335317,14.61656588822257,0,0,0,0,0,0
p3d_025_t14_d1,P3-D0.25,14,1,0.25,22,30,45.233333333333334,44.97284619758049,45.49382046908618,1437.9333333333334,1421.1512815158987,1454.715385150768,14.616057315778944,14.615548743335317,14.61656588822257,14.156825376378686,14.155520328259298,14.158130424498074,14.5926087666828,14.592071257171055,14.593146276194544,0,0,0,0,0,0
p3d_025_t14_d1,P3-D0.25,14,1,0.25,23,30,45.03333333333333,44.75962078450341,45.30704588216325,1522,1504.613644773962,1539.386355226038,14.5926087666828,14.592071257171055,14.593146276194544,14.155821297030302,14.154449805894245,14.157192788166359,14.569084960225995,14.568563287368635,14.569606633083355,0,0,0,0,0,0
p3d_025_t14_d1,P3-D0.25,14,1,0.25,24,30,45.333333333333336,45.1163078126489,45.55035885401777,1606.6666666666667,1589.3013190784889,1624.0320142548446,14.569084960225995,14.568563287368635,14.569606633083355,14.157326349437598,14.156237955873001,14.158414743002195,14.545711765671452,14.545204897124554,14.54621863421835,0,0,0,0,0,0
p3d_05_t14_d1,P3-D0.5,14,1,0.5,1,30,44.36666666666667,43.931092337569346,44.80224099576399,34.1,31.59887503012294,36.60112496987706,20,20,20,19.12736237186346,19.12517509540871,19.129549648318207,20,20,20,0,0,0,0,0,0
p3d_05_t14_d1,P3-D0.5,14,1,0.5,2,30,45.833333333333336,45.69769238290556,45.96897428376111,67.13333333333334,62.78124107039427,71.4854255962724,20,20,20,19.13473101120081,19.134050947483697,19.135411074917922,18.46179128844096,18.461135105504535,18.462447471377384,0,0,0,0,0,0
p3d_05_t14_d1,P3-D0.5,14,1,0.5,3,30,45.96666666666667,45.90133333333333,46.032000000000004,102.06666666666666,96.1657271947401,107.96760613859323,18.46179128844096,18.461135105504535,18.462447471377384,18.14041824050164,18.140092180100062,18.140744300903215,16.92137198508072,16.92073281778918,16.922011152372264,0,0,0,0,0,0
p3d_05_t14_d1,P3-D0.5,14,1,0.5,4,30,45.733333333333334,45.57238289951722,45.894283767149446,135.06666666666666,129.48964915257454,140.64368418075878,16.92137198508072,16.92073281778918,16.922011152372264,16.149287958965143,16.14848165826958,16.150094259660705,15.67924651293023,15.678612332390522,15.67988069346994,0,0,0,0,0,0
p3d_05_t14_d1,P3-D0.5,14,1,0.5,5,30,45.36666666666667,45.14661038685733,45.586722946476,173.66666666666666,167.3771375222682,179.9561958110651,15.67924651293023,15.678612332390522,15.67988069346994,15.15247269139698,15.151371147071934,15.153574235722026,15.034460125240688,15.033776391545503,15.035143858935873,0,0,0,0,0,0
p3d_05_t14_d1,P3-D0.5,14,1,0.5,6,30,21.3,21.108558763255047,21.491441236744954,229.73333333333332,222.10402964968577,237.36263701698087,15.034460125240688,15.033776391545503,15.035143858935873,15.031640826622986,15.030679807082256,15.032601846163717,14.688718317821593,14.687932290364369,14.689504345278817,42.833333333333336,40.83080244426175,44.83586422240492,0,0,0
p3d_05_t14_d1,P3-D0.5,14,1,0.5,7,30,45.7,45.50855876325505,45.89144123674495,266.03333333333336,257.521745346733,274.54492131993374,14.688718317821593,14.687932290364369,14.689504345278817,14.159168946366483,14.158211691667104,14.160126201065863,14.379226069834694,14.378632428030839,14.379819711638548,0,0,0,0,0,0
p3d_05_t14_d1,P3-D0.5,14,1,0.5,8,30,45.06666666666667,44.857938204589196,45.275395128744144,298.8666666666667,289.5032037581137,308.2301295752196,14.379226069834694,14.378632428030839,14.379819711638548,14.155984544835459,14.154937518648001,14.157031571022916,14.33147538592475,14.330814280877716,14.332136490971783,0,0,0,0,0,0
p3d_05_t14_d1,P3-D0.5,14,1,0.5,9,30,45.46666666666667,45.28509008877225,45.64824324456109,382.73333333333335,371.0177487532264,394.4489179134403,14.33147538592475,14.330814280877716,14.332136490971783,14.157991383857398,14.157080166859666,14.15890260085513,14.28468002247411,14.283955486550113,14.285404558398106,0,0,0,0,0,0
p3d_05_t14_d1,P3-D0.5,14,1,0.5,10,30,45.1,44.845225996021085,45.35477400397892,464.1666666666667,452.5130011752012,475.82033215813215,14.28468002247411,14.283955486550113,14.285404558398106,14.156152765641062,14.15487543815577,14.157430093126354,14.237282607316889,14.236530511069375,14.238034703564402,0,0,0,0,0,0
p3d_05_t14_d1,P3-D0.5,14,1,0.5,11,30,45.3,45.066950057150684,45.53304994284931,543.1333333333333,529.9353977604123,556.3312689062543,14.237282607316889,14.236530511069375,14.238034703564402,14.15715788020783,14.155989041637108,14.158326718778552,14.190436777624571,14.189621580240738,14.191251975008404,0,0,0,0,0,0
p3d_05_t14_d1,P3-D0.5,14,1,0.5,12,30,45.1,44.882635641450086,45.317364358549916,625.6333333333333,612.7778396221067,638.4888270445599,14.190436777624571,14.189621580240738,14.191251975008404,14.15615656016664,14.155066217261746,14.157246903071533,14.143289413562226,14.14252443086192,14.144054396262531,0,0,0,0,0,0
p3d_05_t14_d1,P3-D0.5,14,1,0.5,13,30,41.96666666666667,41.791274997685804,42.14205833564753,707.6666666666666,693.9575061976122,721.375827135721,14.143289413562226,14.14252443086192,14.144054396262531,14.140421257151397,14.13954032835552,14.141302185947273,14.096442445512233,14.09564168446861,14.097243206555856,9,7.691082398561193,10.308917601438807,1,-0.3747329103184531,2.3747329103184533
p3d_05_t14_d1,P3-D0.5,14,1,0.5,14,30,32.733333333333334,32.57238289951722,32.894283767149446,802.8666666666667,789.3467866789883,816.386546654345,14.096442445512233,14.09564168446861,14.097243206555856,14.094055706938748,14.093247638522161,14.094863775355336,14.054316068366818,14.053686550389816,14.05494558634382,37.6,35.656742774700646,39.54325722529936,0,0,0
p3d_05_t14_d1,P3-D0.5,14,1,0.5,15,30,24.333333333333332,24.161759594396628,24.504907072270036,904.3,891.1143097905779,917.485690209422,14.054316068366818,14.053686550389816,14.05494558634382,14.051886326755698,14.051024637827267,14.052748015684129,14.02609935628519,14.025654444133252,14.026544268437128,57.86666666666667,54.95233632883472,60.780997004498616,0,0,0
p3d_05_t14_d1,P3-D0.5,14,1,0.5,16,30,18.666666666666668,18.495092927729964,18.838240405603372,1018.9666666666667,1004.0825632300766,1033.8507701032568,14.02609935628519,14.025654444133252,14.026544268437128,14.023438564376981,14.022577408179542,14.02429972057442,14.010533458258482,14.010277797747657,14.010789118769308,77.43333333333334,74.07160434012839,80.79506232653829,0,0,0
p3d_05_t14_d1,P3-D0.5,14,1,0.5,17,30,15.666666666666666,15.495092927729962,15.83824040560337,1132.2666666666667,1116.9510986353266,1147.5822346980067,14.010533458258482,14.010277797747657,14.010789118769308,14.008378669649087,14.007517359136363,14.00923998016181,14.003501888945385,14.003498027235906,14.003505750654863,85.03333333333333,81.53287163198516,88.5337950346815,0,0,0
p3d_05_t14_d1,P3-D0.5,14,1,0.5,18,30,14,14,14,1244.6666666666667,1229.5933497740384,1259.739983559295,14.003501888945385,14.003498027235906,14.003505750654863,14.000013412522517,14.000011600473005,14.000015224572028,14.000988288050658,14.000727180505951,14.001249395595366,86.83333333333333,84.5797333355095,89.08693333115716,0,0,0
p3d_05_t14_d1,P3-D0.5,14,1,0.5,19,30,14,14,14,1354.5,1338.2638972175212,1370.7361027824788,14.000988288050658,14.000727180505951,14.001249395595366,14.000013883137344,14.00001213705275,14.000015629221938,14.000984264293901,14.000722938445126,14.001245590142677,84.63333333333334,80.57009551751543,88.69657114915125,0,0,0
p3d_05_t14_d1,P3-D0.5,14,1,0.5,20,30,14,14,14,1469.6333333333334,1452.8743068361262,1486.3923598305407,14.000984264293901,14.000722938445126,14.001245590142677,14.00001137319161,14.000009904994839,14.000012841388381,14.000980099352695,14.000718790011218,14.001241408694172,89.33333333333333,85.88517069304652,92.78149597362014,0,0,0
p3d_05_t14_d1,P3-D0.5,14,1,0.5,21,30,14,14,14,1580.1,1562.6907136050436,1597.5092863949562,14.000980099352695,14.000718790011218,14.001241408694172,14.000012549728671,14.000010965394518,14.000014134062825,14.000976687395214,14.000715332096354,14.001238042694075,85.86666666666666,83.26960467796094,88.46372865537238,0,0,0
p3d_05_t14_d1,P3-D0.5,14,1,0.5,22,30,14,14,14,1693.8,1677.2509857750954,1710.3490142249045,14.000976687395214,14.000715332096354,14.001238042694075,14.000012941907695,14.000011190231143,14.000014693584246,14.000972922476613,14.000711797172336,14.00123404778089,87.23333333333333,83.47119029849809,90.99547636816858,0,0,0
p3d_05_t14_d1,P3-D0.5,14,1,0.5,23,30,14,14,14,1808.9,1791.8073413782813,1825.9926586217189,14.000972922476613,14.000711797172336,14.00123404778089,14.000012628164477,14.000010908416092,14.000014347912861,14.000969039904307,14.000708022908215,14.001230056900399,88,84.75412594347769,91.24587405652231,0,0,0
p3d_05_t14_d1,P3-D0.5,14,1,0.5,24,30,14,14,14,1924.9,1907.667380159282,1942.1326198407182,14.000969039904307,14.000708022908215,14.001230056900399,14.00001153006322,14.000010008440295,14.000013051686146,14.000965251454954,14.000704276480716,14.001226226429191,87.76666666666667,84.92451777375096,90.60881555958237,0,0,0
p3d_075_t14_d1,P3-D0.75,14,1,0.75,1,30,44.36666666666667,43.931092337569346,44.80224099576399,34.1,31.59887503012294,36.60112496987706,20,20,20,19.12736237186346,19.12517509540871,19.129549648318207,20,20,20,0,0,0,0,0,0
p3d_075_t14_d1,P3-D0.75,14,1,0.75,2,30,45.833333333333336,45.69769238290556,45.96897428376111,67.13333333333334,62.78124107039427,71.4854255962724,20,20,20,19.13473101120081,19.134050947483697,19.135411074917922,17.69268693266144,17.691702658256805,17.693671207066078,0,0,0,0,0,0
p3d_075_t14_d1,P3-D0.75,14,1,0.75,3,30,45.86666666666667,45.7429430840148,45.99039024931854,102.16666666666667,96.27610017100204,108.0572331623313,17.69268693266144,17.691702658256805,17.693671207066078,17.14493732494514,17.144317674853948,17.14555697503633,15.382057977621084,15.381099226683773,15.383016728558395,0,0,0,0,0,0
p3d_075_t14_d1,P3-D0.75,14,1,0.75,4,30,45.43333333333333,45.20929981093749,45.65736685572917,135.46666666666667,129.891391285945,141.04194204738835,15.382057977621084,15.381099226683773,15.383016728558395,15.152805360449348,15.15168293715919,15.153927783739505,13.966836181395772,13.965888519582785,13.967783843208759,0,0,0,0,0,0
p3d_075_t14_d1,P3-D0.75,14,1,0.75,5,30,45,44.751366030931585,45.248633969068415,174.43333333333334,168.09948478320692,180.76718188345976,13.966836181395772,13.965888519582785,13.967783843208759,13.160676699635301,13.159431398653426,13.161922000617176,13.448073769193563,13.447084456201814,13.449063082185312,0,0,0,0,0,0
p3d_075_t14_d1,P3-D0.75,14,1,0.75,6,30,45.13333333333333,44.889481233192086,45.37718543347458,206.66666666666666,199.1555375547156,214.1777957786177,13.448073769193563,13.447084456201814,13.449063082185312,13.161347499381764,13.160125579973302,13.162569418790225,13.825769254357677,13.824612763157818,13.826925745557537,0,0,0,0,0,0
p3d_075_t14_d1,P3-D0.75,14,1,0.75,7,30,45.03333333333333,44.77625884020117,45.29040782646549,243.63333333333333,235.14616297871262,252.12050368795403,13.825769254357677,13.824612763157818,13.826925745557537,13.160845202814972,13.159556478008097,13.162133927621847,14.20316287963588,14.20217995215871,14.204145807113049,0,0,0,0,0,0
p3d_075_t14_d1,P3-D0.75,14,1,0.75,8,30,45.2,44.94436088655717,45.455639113442835,276.3333333333333,267.08345587737796,285.58321078928867,14.20316287963588,14.20217995215871,14.204145807113049,14.156657796874708,14.15537699506383,14.157938598685584,14.580782538369144,14.579576975616193,14.581988101122095,0,0,0,0,0,0
p3d_075_t14_d1,P3-D0.75,14,1,0.75,9,30,45.1,44.863190944565815,45.33680905543419,360.56666666666666,348.8896839539951,372.24364937933825,14.580782538369144,14.579576975616193,14.581988101122095,14.156157487108588,14.154970123598666,14.157344850618511,14.510286529775524,14.509092312542869,14.511480747008179,0,0,0,0,0,0
p3d_075_t14_d1,P3-D0.75,14,1,0.75,10,30,44.96666666666667,44.746610386857334,45.186722946476,442.1333333333333,430.4635187327383,453.80314793392836,14.510286529775524,14.509092312542869,14.511480747008179,14.155485045201306,14.154382010666248,14.156588079736364,14.440015660576659,14.438789038082827,14.44124228307049,0.16666666666666666,0.031025716238891415,0.30230761709444187,0,0,0
p3d_075_t14_d1,P3-D0.75,14,1,0.75,11,30,43.7,43.46695005715069,43.933049942849316,522.7,509.571362928456,535.8286370715441,14.440015660576659,14.438789038082827,14.44124228307049,14.149127409598265,14.147957071774904,14.150297747421625,14.370047390236076,14.369077244341122,14.37101753613103,4.033333333333333,2.588187376950711,5.478479289715955,0,0,0
p3d_075_t14_d1,P3-D0.75,14,1,0.75,12,30,42.7,42.48673722431176,42.913262775688246,607.6,594.7909200883159,620.4090799116841,14.370047390236076,14.369077244341122,14.37101753613103,14.144104613703153,14.143033972645918,14.145175254760387,14.302940055916855,14.302321198150736,14.303558913682973,7.9,6.912817127889414,8.887182872110586,0,0,0
p3d_075_t14_d1,P3-D0.75,14,1,0.75,13,30,42,41.906025192908864,42.093974807091136,689.6,675.8878551222128,703.3121448777872,14.302940055916855,14.302321198150736,14.303558913682973,14.1405920407661,14.140119930705813,14.141064150826386,14.238092979750437,14.237648310991894,14.23853764850898,8.6,7.493648680852546,9.706351319147453,0,0,0
p3d_075_t14_d1,P3-D0.75,14,1,0.75,14,30,41.63333333333333,41.45794166435247,41.8087250023142,775.9,762.4208051879347,789.3791948120653,14.238092979750437,14.237648310991894,14.23853764850898,14.13874915718344,14.13786840767353,14.13962990669335,14.174826561405697,14.174436317420332,14.175216805391061,10.7,9.141179166547804,12.258820833452194,0,0,0
p3d_075_t14_d1,P3-D0.75,14,1,0.75,15,30,41.666666666666664,41.495092927729964,41.838240405603365,860,846.8163694672905,873.1836305327095,14.174826561405697,14.174436317420332,14.175216805391061,14.138917978493241,14.138056327068574,14.139779629917909,14.112389440673143,14.112243193553196,14.11253568779309,9.6,8.469955386904479,10.73004461309552,0,0,0
p3d_075_t14_d1,P3-D0.75,14,1,0.75,16,30,36,36,36,957.3333333333334,942.4507578136319,972.2159088530349,14.112389440673143,14.112243193553196,14.11253568779309,14.110463954543686,14.110459300263233,14.110468608824139,14.049876350351186,14.049482785431376,14.050269915270995,25.566666666666666,23.870731639356293,27.26260169397704,0,0,0
p3d_075_t14_d1,P3-D0.75,14,1,0.75,17,30,23.366666666666667,23.191274997685802,23.542058335647532,1062.9333333333334,1047.6036446190565,1078.2630220476103,14.049876350351186,14.049482785431376,14.050269915270995,14.047033859306193,14.046152995613761,14.047914722998625,14.000167570806527,13.999773470399374,14.00056167121368,63.733333333333334,60.380482190011875,67.0861844766548,0,0,0
p3d_075_t14_d1,P3-D0.75,14,1,0.75,18,30,32.36666666666667,27.28030826622163,37.4530250671117,1156.9666666666667,1141.0870142794545,1172.846319053879,14.000167570806527,13.999773470399374,14.00056167121368,13.462072807668223,13.313099401296274,13.611046214040172,13.979002334118745,13.978994735424525,13.979009932812964,35.9,22.781389567558577,49.01861043244142,0,0,0
p3d_075_t14_d1,P3-D0.75,14,1,0.75,19,30,45.733333333333334,45.57238289951722,45.894283767149446,1235.0666666666666,1218.0811438050875,1252.0521895282457,13.979002334118745,13.978994735424525,13.979009932812964,13.164349591320816,13.163545224733156,13.165153957908476,14.22106957066804,14.154029184364134,14.288109956971947,0,0,0,0,0,0
p3d_075_t14_d1,P3-D0.75,14,1,0.75,20,30,44.2,43.405926781800275,44.99407321819973,1320,1302.599935737997,1337.400064262003,14.22106957066804,14.154029184364134,14.288109956971947,13.786803610970274,13.613997318192203,13.959609903748346,14.597112254573675,14.530074388812118,14.664150120335233,2.7,0.6194605916048941,4.780539408395106,0,0,0
p3d_075_t14_d1,P3-D0.75,14,1,0.75,21,30,45.333333333333336,45.07884835270779,45.587818313958884,1399.1333333333334,1380.9352548966062,1417.3314117700606,14.597112254573675,14.530074388812118,14.664150120335233,14.15732125204242,14.156046925008228,14.158595579076612,14.69305062963705,14.68220278341509,14.70389847585901,0,0,0,0,0,0
p3d_075_t14_d1,P3-D0.75,14,1,0.75,22,30,45.43333333333333,45.22996235509584,45.63670431157082,1481.4,1463.6814245558478,1499.1185754441524,14.69305062963705,14.68220278341509,14.70389847585901,14.15782611302299,14.156806616576002,14.158845609469978,14.62225606621796,14.611675380653928,14.63283675178199,0,0,0,0,0,0
p3d_075_t14_d1,P3-D0.75,14,1,0.75,23,30,45.03333333333333,44.77625884020117,45.29040782646549,1565.4666666666667,1547.7313688686404,1583.201964464693,14.62225606621796,14.611675380653928,14.63283675178199,14.155824197128169,14.15453769281756,14.157110701438778,14.551234315357615,14.540527422976348,14.561941207738881,0,0,0,0,0,0
p3d_075_t14_d1,P3-D0.75,14,1,0.75,24,30,44.733333333333334,44.46864226060009,44.99802440606658,1650.7333333333333,1633.115893182848,1668.3507734838188,14.551234315357615,14.540527422976348,14.561941207738881,14.154319277480147,14.152991663484332,14.15564689147596,14.481113426649937,14.470600721519395,14.49162613178048,0.5,0.07192438094165665,0.9280756190583433,0,0,0
p3u_t14_d3,P3-U,14,3,1,1,30,44.36666666666667,43.931092337569346,44.80224099576399,34.1,31.59887503012294,36.60112496987706,20,20,20,19.12736237186346,19.12517509540871,19.129549648318207,20,20,20,0,0,0,0,0,0
p3u_t14_d3,P3-U,14,3,1,2,30,45.833333333333336,45.69769238290556,45.96897428376111,67.13333333333334,62.78124107039427,71.4854255962724,20,20,20,19.13473101120081,19.134050947483697,19.135411074917922,20,20,20,0,0,0,0,0,0
p3u_t14_d3,P3-U,14,3,1,3,30,45.96666666666667,45.90133333333333,46.032000000000004,102.06666666666666,96.1657271947401,107.96760613859323,20,20,20,19.13539596930597,19.13506998907013,19.135721949541814,20,20,20,0,0,0,0,0,0
p3u_t14_d3,P3-U,14,3,1,4,30,45.96666666666667,45.90133333333333,46.032000000000004,134.83333333333334,129.2609495116697,140.40571715499698,20,20,20,19.13539485466419,19.13506915653174,19.135720552796645,16.923582576881934,16.922270211009085,16.924894942754783,0,0,0,0,0,0
p3u_t14_d3,P3-U,14,3,1,5,30,45.733333333333334,45.57238289951722,45.894283767149446,173.06666666666666,166.78584911000442,179.3474842233289,16.923582576881934,16.922270211009085,16.924894942754783,16.14929017983386,16.148483268156543,16.150097091511174,13.842743970161445,13.841465635578363,13.844022304744527,0,0,0,0,0,0
p3u_t14_d3,P3-U,14,3,1,6,30,44.93333333333333,44.652455017416116,45.214211649250544,205.5,197.9335689337403,213.0664310662597,13.842743970161445,13.841465635578363,13.844022304744527,13.160342822506296,13.158935462910982,13.16175018210161,10.761506388577862,10.760237649476453,10.762775127679271,0,0,0,0,0,0
p3u_t14_d3,P3-U,14,3,1,7,30,44.6,44.32441176809737,44.87558823190263,242.9,234.3915944522186,251.4084055477814,10.761506388577862,10.760237649476453,10.762775127679271,10.17373485650627,10.172355465627897,10.175114247384643,7.680269475779346,7.678980037020862,7.681558914537829,0,0,0,0,0,0
p3u_t14_d3,P3-U,14,3,1,8,30,44.233333333333334,44.07939429977251,44.38727236689416,276.56666666666666,267.17403474225733,285.959298591076,7.680269475779346,7.678980037020862,7.681558914537829,7.186960077491319,7.18618982353525,7.187730331447388,6.390695367879031,6.389438279240207,6.391952456517855,0,0,0,0,0,0
p3u_t14_d3,P3-U,14,3,1,9,30,44.06666666666667,43.97587837771946,44.15745495561388,361.8333333333333,350.11241679730915,373.5542498693575,6.390695367879031,6.389438279240207,6.391952456517855,6.191144919766535,6.190691223245365,6.191598616287706,6.8944896743752535,6.893181210163466,6.895798138587041,0,0,0,0,0,0
p3u_t14_d3,P3-U,14,3,1,10,30,44.03333333333333,43.91887937397735,44.147787292689316,444.3333333333333,432.6375906229325,456.0290760437341,6.8944896743752535,6.893181210163466,6.895798138587041,6.190977444062997,6.190402635717205,6.19155225240879,9.190248760471492,9.188763854409503,9.191733666533482,0.23333333333333334,-0.16184534975936726,0.6285120164260339,0,0,0
p3u_t14_d3,P3-U,14,3,1,11,30,43.233333333333334,42.92617321060226,43.54049345606441,525.3666666666667,512.1734995764745,538.5598337568589,9.190248760471492,9.188763854409503,9.191733666533482,9.17189257054498,9.170349655667092,9.173435485422868,13.278072713976703,13.27659101568798,13.279554412265426,4.166666666666667,2.8744418780890144,5.45889145524432,0,0,0
p3u_t14_d3,P3-U,14,3,1,12,30,41.6,41.2534380352631,41.9465619647369,611.3666666666667,598.5204503201522,624.2128830131811,13.278072713976703,13.27659101568798,13.279554412265426,13.143607869556064,13.141867203402395,13.145348535709733,17.963385762116776,17.96188637379866,17.964885150434892,10.533333333333333,8.890162041982274,12.176504624684393,0,0,0
p3u_t14_d3,P3-U,14,3,1,13,30,39.8,39.52763513315838,40.07236486684162,695.5666666666667,681.8957760135658,709.2375573197677,17.963385762116776,17.96188637379866,17.964885150434892,17.114481957199995,17.11311419256983,17.11584972183016,22.648799295678984,22.647360008980666,22.650238582377302,15.433333333333334,13.673510266643492,17.193156400023177,0,0,0
p3u_t14_d3,P3-U,14,3,1,14,30,45.96666666666667,45.90133333333333,46.032000000000004,777.5333333333333,764.125616806369,790.9410498602977,22.648799295678984,22.647360008980666,22.650238582377302,22.120345226378156,22.12001638504372,22.120674067712592,25.545663753352006,25.544791266199848,25.546536240504164,0.1,-0.096,0.29600000000000004,0,0,0
p3u_t14_d3,P3-U,14,3,1,15,30,46,46,46,857.3,844.1878537453894,870.4121462546105,25.545663753352006,25.544791266199848,25.546536240504164,25.10544830848623,25.105445759841277,25.105450857131185,26.05949903161836,26.058762360872525,26.060235702364192,0,0,0,0,0,0
p3u_t14_d3,P3-U,14,3,1,16,30,37.4,37.177615017458976,37.62238498254102,953.2333333333333,938.4136870151458,968.0529796515209,26.05949903161836,26.058762360872525,26.060235702364192,26.057253312627253,26.056137799926066,26.05836882532844,24.19080985729836,24.18949201336438,24.192127701232337,23.966666666666665,22.381628015748582,25.551705317584748,0,0,0
p3u_t14_d3,P3-U,14,3,1,17,30,46,46,46,1036.2,1020.9411997097135,1051.4588002902867,24.19080985729836,24.18949201336438,24.192127701232337,24.110464652781708,24.11046108901197,24.110468216551446,19.318602721471468,19.317319452912336,19.3198859900306,0,0,0,0,0,0
p3u_t14_d3,P3-U,14,3,1,18,30,46,46,46,1116.6,1101.5758998693555,1131.6241001306444,19.318602721471468,19.317319452912336,19.3198859900306,19.135564172728046,19.135561206032502,19.13556713942359,12.655333736379731,12.6540507536619,12.656616719097562,0,0,0,0,0,0
p3u_t14_d3,P3-U,14,3,1,19,30,45.666666666666664,45.495092927729964,45.838240405603365,1194.7666666666667,1178.5107407591365,1211.0225925741968,12.655333736379731,12.6540507536619,12.656616719097562,12.169034312940596,12.16817555687881,12.169893069002383,5.420981748803377,5.42013071418673,5.421832783420024,0,0,0,0,0,0
p3u_t14_d3,P3-U,14,3,1,20,30,44.2,44.054414854869194,44.34558514513081,1279.7,1262.9160494669982,1296.483950533002,5.420981748803377,5.42013071418673,5.421832783420024,5.196808062618745,5.196079010149512,5.197537115087978,5,5,5,0,0,0,0,0,0
p3u_t14_d3,P3-U,14,3,1,21,30,41.63333333333333,38.066641710260264,45.2000249564064,1362.5333333333333,1345.0581289901718,1380.0085376764948,5,5,5,4.255282015234989,4.182836929401689,4.327727101068288,5,5,5,6.333333333333333,-2.299741655034901,14.966408321701568,0,0,0
p3u_t14_d3,P3-U,14,3,1,22,30,42.13333333333333,39.19786760892824,45.068799057738424,1448.1,1430.536676736848,1465.6633232631518,5,5,5,4.224633148052763,4.1716742558404585,4.277592040265067,6.098579412235641,6.098064158598569,6.099094665872713,6.6,-2.470686722029125,15.670686722029124,0,0,0
p3u_t14_d3,P3-U,14,3,1,23,30,25.333333333333332,25.161759594396628,25.504907072270036,1551.8666666666666,1534.0340380433577,1569.6992952899755,6.098579412235641,6.098064158598569,6.099094665872713,6.097064407448504,6.0962030386878725,6.097925776209135,11.380494574664397,11.379950343157207,11.381038806171587,58.3,55.6450661674587,60.95493383254129,0,0,0
p3u_t14_d3,P3-U,14,3,1,24,30,44.63333333333333,44.35962078450341,44.90704588216325,1637.2333333333333,1619.2960353722247,1655.170631294442,11.380494574664397,11.379950343157207,11.381038806171587,11.168890852425344,11.167520970356412,11.170260734494276,17.227325365523406,17.18367053193786,17.27098019910895,0,0,0,0,0,0
p3d_025_t14_d3,P3-D0.25,14,3,0.25,1,30,44.36666666666667,43.931092337569346,44.80224099576399,34.1,31.59887503012294,36.60112496987706,20,20,20,19.12736237186346,19.12517509540871,19.129549648318207,20,20,20,0,0,0,0,0,0
p3d_025_t14_d3,P3-D0.25,14,3,0.25,2,30,45.833333333333336,45.69769238290556,45.96897428376111,67.13333333333334,62.78124107039427,71.4854255962724,20,20,20,19.13473101120081,19.134050947483697,19.135411074917922,20,20,20,0,0,0,0,0,0
p3d_025_t14_d3,P3-D0.25,14,3,0.25,3,30,45.96666666666667,45.90133333333333,46.032000000000004,102.06666666666666,96.1657271947401,107.96760613859323,20,20,20,19.13539596930597,19.13506998907013,19.135721949541814,20,20,20,0,0,0,0,0,0
p3d_025_t14_d3,P3-D0.25,14,3,0.25,4,30,45.96666666666667,45.90133333333333,46.032000000000004,134.83333333333334,129.2609495116697,140.40571715499698,20,20,20,19.13539485466419,19.13506915653174,19.135720552796645,19.230895644220478,19.230567552752266,19.23122373568869,0,0,0,0,0,0
p3d_025_t14_d3,P3-D0.25,14,3,0.25,5,30,45.8,45.65441485486919,45.945585145130806,173,166.73321193563416,179.26678806436584,19.230895644220478,19.230567552752266,19.23122373568869,19.134558723503556,19.133829166635643,19.13528828037147,18.46068599254036,18.46036640889459,18.46100557618613,0,0,0,0,0,0
p3d_025_t14_d3,P3-D0.25,14,3,0.25,6,30,45.9,45.79081114115189,46.009188858848105,204.46666666666667,196.90841989962004,212.0249134337133,18.46068599254036,18.46036640889459,18.46100557618613,18.14008628830387,18.13954006098832,18.14063251561942,17.690376597144464,17.690059412369113,17.690693781919816,0,0,0,0,0,0
p3d_025_t14_d3,P3-D0.25,14,3,0.25,7,30,45.833333333333336,45.69769238290556,45.96897428376111,240.63333333333333,232.15709572006242,249.10957094660424,17.690376597144464,17.690059412369113,17.690693781919816,17.14477222112199,17.144091934612952,17.145452507631028,16.920067368944835,16.919745009255216,16.920389728634454,0,0,0,0,0,0
p3d_025_t14_d3,P3-D0.25,14,3,0.25,8,30,45.3,45.04871621574426,45.55128378425574,273.23333333333335,264.01484861812963,282.45181804853706,16.920067368944835,16.919745009255216,16.920389728634454,16.1471153106574,16.145856282344546,16.148374338970257,16.149883560419305,16.14956766446009,16.15019945637852,0.16666666666666666,-0.04521127115697404,0.37854460449030736,0,0,0
p3d_025_t14_d3,P3-D0.25,14,3,0.25,9,30,45.03333333333333,44.88524223576134,45.181424430905324,357.53333333333336,345.9634608066577,369.10320586000904,16.149883560419305,16.14956766446009,16.15019945637852,16.14577956358063,16.145036925757914,16.146522201403343,15.52887061717372,15.528569679450754,15.529171554896685,0.7,0.37243342345568065,1.0275665765443192,0,0,0
p3d_025_t14_d3,P3-D0.25,14,3,0.25,10,30,45.63333333333333,45.45794166435247,45.8087250023142,438.43333333333334,426.8592825027748,450.00738416389186,15.52887061717372,15.528569679450754,15.529171554896685,15.153809200355186,15.152930535720033,15.154687864990338,15.057154784005423,15.056828014523598,15.057481553487248,0,0,0,0,0,0
p3d_025_t14_d3,P3-D0.25,14,3,0.25,11,30,26,26,26,536.7,523.5848232653308,549.8151767346693,15.057154784005423,15.056828014523598,15.057481553487248,15.05523534148679,15.055233460411822,15.05523722256176,14.735087487406815,14.734767256864128,14.735407717949503,53.06666666666667,50.515578058224655,55.617755275108685,0,0,0
p3d_025_t14_d3,P3-D0.25,14,3,0.25,12,30,45.7,45.50855876325505,45.89144123674495,618.6,605.840311235014,631.359688764986,14.735087487406815,14.734767256864128,14.735407717949503,14.15917214396913,14.158212379870331,14.160131908067928,14.413220552869719,14.412965085814884,14.413476019924554,0.2,-0.19199999999999984,0.5919999999999999,0.2,-0.19199999999999984,0.5919999999999999
p3d_025_t14_d3,P3-D0.25,14,3,0.25,13,30,44.86666666666667,44.62281456652542,45.110518766807914,697.7333333333333,684.0765810315249,711.3900856351418,14.413220552869719,14.412965085814884,14.413476019924554,14.154986622438903,14.153764595876346,14.15620864900146,14.240149172816439,14.239870157229051,14.240428188403827,0,0,0,0,0,0
p3d_025_t14_d3,P3-D0.25,14,3,0.25,14,30,45.06666666666667,44.80197559393343,45.33135773939991,780.6,767.1712664079945,794.0287335920056,14.240149172816439,14.239870157229051,14.240428188403827,14.155991958182886,14.154665375969287,14.157318540396485,14.081863871593422,14.081584844545576,14.082142898641267,0,0,0,0,0,0
p3d_025_t14_d3,P3-D0.25,14,3,0.25,15,30,30,30,30,876.3666666666667,863.2830637345297,889.4502695988036,14.081863871593422,14.081584844545576,14.082142898641267,14.080333266533838,14.080330857236406,14.08033567583127,14.057988049998054,14.05766837580381,14.058307724192296,40.56666666666667,38.003921239862564,43.129412093470776,0,0,0
p3d_025_t14_d3,P3-D0.25,14,3,0.25,16,30,25.033333333333335,24.968,25.09866666666667,984.6666666666666,969.8286626080189,999.5046707253143,14.057988049998054,14.05766837580381,14.058307724192296,14.055401842564637,14.055074406702262,14.05572927842701,14.034740056632218,14.034397346486577,14.03508276677786,60.766666666666666,57.91986071567433,63.613472617659,0,0,0
p3d_025_t14_d3,P3-D0.25,14,3,0.25,17,30,20.2,20.05441485486919,20.34558514513081,1093.4333333333334,1078.1487178321454,1108.7179488345214,14.034740056632218,14.034397346486577,14.03508276677786,14.031138583208714,14.030407604605502,14.031869561811925,14.011341262904788,14.011017151526865,14.01166537428271,71.96666666666667,68.73649768303203,75.19683565030131,0,0,0
p3d_025_t14_d3,P3-D0.25,14,3,0.25,18,30,15.933333333333334,15.842545044386126,16.024121622280543,1203.9,1188.8135015252087,1218.9864984747915,14.011341262904788,14.011017151526865,14.01166537428271,14.009718249864468,14.009262594672546,14.01017390505639,13.999291272924706,13.998967203607885,13.999615342241528,81.83333333333333,79.60139044827879,84.06527621838787,0,0,0
p3d_025_t14_d3,P3-D0.25,14,3,0.25,19,30,40.36666666666667,36.070996787729015,44.66233654560432,1287.3666666666666,1269.2693821321043,1305.4639512012288,13.999291272924706,13.998967203607885,13.999615342241528,13.303243034594184,13.189826574964155,13.416659494224213,13.990980996540015,13.9906875430919,13.991274449988131,15.233333333333333,2.7305570813298203,27.736109585336845,0,0,0
p3d_025_t14_d3,P3-D0.25,14,3,0.25,20,30,44.96666666666667,44.70959217353451,45.22374115979883,1371.5333333333333,1352.9164204212666,1390.1502462454,13.990980996540015,13.9906875430919,13.991274449988131,13.16050556333641,13.159216224860184,13.161794901812634,13.986310209058706,13.98607793920337,13.986542478914043,0,0,0,0,0,0
p3d_025_t14_d3,P3-D0.25,14,3,0.25,21,30,44.766666666666666,44.27221865600322,45.26111467733011,1451.2333333333333,1432.012398990899,1470.4542676757676,13.986310209058706,13.98607793920337,13.986542478914043,13.159495206354384,13.15701288053993,13.161977532168837,13.984852471579039,13.984643732372367,13.98506121078571,1.8333333333333333,0.42972801390756765,3.2369386527590986,0,0,0
p3d_025_t14_d3,P3-D0.25,14,3,0.25,22,30,45.333333333333336,45.07884835270779,45.587818313958884,1533.6,1515.390068280156,1551.809931719844,13.984852471579039,13.984643732372367,13.98506121078571,13.162337374304743,13.161061960191025,13.16361278841846,14.089366016389908,14.072503737114827,14.10622829566499,0,0,0,0,0,0
p3d_025_t14_d3,P3-D0.25,14,3,0.25,23,30,36.86666666666667,35.50246661616902,38.23086671716431,1625.8333333333333,1607.4596162644546,1644.207050402212,14.089366016389908,14.072503737114827,14.10622829566499,13.948975634395701,13.820824086817373,14.07712718197403,14.21529018188945,14.198325971799072,14.23225439197983,25.033333333333335,20.55251506514945,29.51415160151722,0,0,0
p3d_025_t14_d3,P3-D0.25,14,3,0.25,24,30,44.2,42.82719563808533,45.57280436191468,1711.6333333333334,1692.4069321857417,1730.8597344809252,14.21529018188945,14.198325971799072,14.23225439197983,14.15162951847365,14.144736276304533,14.158522760642766,14.341365900936287,14.324370724165297,14.358361077707277,4.433333333333334,0.7602725678445332,8.106394098822134,0,0,0
p3d_05_t14_d3,P3-D0.5,14,3,0.5,1,30,44.36666666666667,43.931092337569346,44.80224099576399,34.1,31.59887503012294,36.60112496987706,20,20,20,19.12736237186346,19.12517509540871,19.129549648318207,20,20,20,0,0,0,0,0,0
p3d_05_t14_d3,P3-D0.5,14,3,0.5,2,30,45.833333333333336,45.69769238290556,45.96897428376111,67.13333333333334,62.78124107039427,71.4854255962724,20,20,20,19.13473101120081,19.134050947483697,19.135411074917922,20,20,20,0,0,0,0,0,0
p3d_05_t14_d3,P3-D0.5,14,3,0.5,3,30,45.96666666666667,45.90133333333333,46.032000000000004,102.06666666666666,96.1657271947401,107.96760613859323,20,20,20,19.13539596930597,19.13506998907013,19.135721949541814,20,20,20,0,0,0,0,0,0
p3d_05_t14_d3,P3-D0.5,14,3,0.5,4,30,45.96666666666667,45.90133333333333,46.032000000000004,134.83333333333334,129.2609495116697,140.40571715499698,20,20,20,19.13539485466419,19.13506915653174,19.135720552796645,18.46179128844096,18.461135105504535,18.462447471377384,0,0,0,0,0,0
p3d_05_t14_d3,P3-D0.5,14,3,0.5,5,30,45.8,45.65441485486919,45.945585145130806,173,166.73321193563416,179.26678806436584,18.46179128844096,18.461135105504535,18.462447471377384,18.139581120044188,18.138851491009042,18.140310749079333,16.92137198508072,16.92073281778918,16.922011152372264,0,0,0,0,0,0
p3d_05_t14_d3,P3-D0.5,14,3,0.5,6,30,45.8,45.65441485486919,45.945585145130806,204.56666666666666,196.98453408622248,212.14879924711084,16.92137198508072,16.92073281778918,16.922011152372264,16.149629158732026,16.148900381559358,16.150357935904694,15.380753194288928,15.380118824738224,15.381387563839633,0,0,0,0,0,0
p3d_05_t14_d3,P3-D0.5,14,3,0.5,7,30,45.166666666666664,44.916557112126995,45.416776221206334,241.4,232.9565845337546,249.8434154662454,15.380753194288928,15.380118824738224,15.381387563839633,15.151468486388639,15.150215339713334,15.152721633063944,13.840134737889674,13.839490018510432,13.840779457268916,0,0,0,0,0,0
p3d_05_t14_d3,P3-D0.5,14,3,0.5,8,30,44.93333333333333,44.68588616802958,45.18078049863708,274.3666666666667,265.13726726735416,283.5960660659792,13.840134737889674,13.839490018510432,13.840779457268916,13.160340582988823,13.159100836707578,13.161580329270068,12.598260401876418,12.597628656933713,12.598892146819123,0,0,0,0,0,0
p3d_05_t14_d3,P3-D0.5,14,3,0.5,9,30,44.766666666666666,44.50617953091382,45.02715380241951,358.93333333333334,347.28882199311425,370.5778446735524,12.598260401876418,12.597628656933713,12.598892146819123,12.164528238750131,12.163222871015634,12.165833606484629,11.95337165425681,11.952755628449712,11.953987680063907,0,0,0,0,0,0
p3d_05_t14_d3,P3-D0.5,14,3,0.5,10,30,44.7,44.46695005715069,44.933049942849316,440.76666666666665,429.13249319372636,452.40084013960694,11.95337165425681,11.952755628449712,11.953987680063907,11.1692148432385,11.168047642811652,11.170382043665347,11.607931108340216,11.60726287246437,11.608599344216062,0,0,0,0,0,0
p3d_05_t14_d3,P3-D0.5,14,3,0.5,11,30,44.93333333333333,44.70442541462137,45.16224125204529,520.1,506.8764556405899,533.3235443594101,11.607931108340216,11.60726287246437,11.608599344216062,11.17038849821403,11.169241311052307,11.171535685375751,11.85982893344357,11.859093758413161,11.860564108473978,0,0,0,0,0,0
p3d_05_t14_d3,P3-D0.5,14,3,0.5,12,30,44.7,44.44871621574426,44.95128378425574,603,590.1275094354926,615.8724905645074,11.85982893344357,11.859093758413161,11.860564108473978,11.169217699102246,11.167957018535779,11.170478379668713,12.410470461818534,12.409828672040389,12.411112251596679,0,0,0,0,0,0
p3d_05_t14_d3,P3-D0.5,14,3,0.5,13,30,44.666666666666664,44.412181686041116,44.92115164729221,682.3333333333334,668.5493293662712,696.1173373003955,12.410470461818534,12.409828672040389,12.411112251596679,12.16402957453122,12.162753962701146,12.165305186361294,13.259706008846985,13.259086985129564,13.260325032564406,0,0,0,0,0,0
p3d_05_t14_d3,P3-D0.5,14,3,0.5,14,30,45.233333333333334,44.940902013826765,45.525764652839904,765.0333333333333,751.4929745227143,778.5736921439523,13.259706008846985,13.259086985129564,13.260325032564406,13.161846350444558,13.160381490866719,13.163311210022396,14.108589459382777,14.10787326481795,14.109305653947604,0,0,0,0,0,0
p3d_05_t14_d3,P3-D0.5,14,3,0.5,15,30,35.1,34.990811141151895,35.20918885884811,855.7,842.5002522977786,868.8997477022215,14.108589459382777,14.10787326481795,14.109305653947604,14.105940647444651,14.105392116856144,14.106489178033158,14.957824149652104,14.957104483324404,14.958543815979805,28.6,26.512151324460028,30.687848675539975,0,0,0
p3d_05_t14_d3,P3-D0.5,14,3,0.5,16,30,45.03333333333333,44.83435217363295,45.23231449303371,944,929.057119144025,958.942880855975,14.957824149652104,14.957104483324404,14.958543815979805,14.15582545748846,14.154828648407495,14.156822266569424,15.508615277292733,15.507847449673237,15.50938310491223,1.1666666666666667,0.7151636000579358,1.6181697332753977,0,0,0
p3d_05_t14_d3,P3-D0.5,14,3,0.5,17,30,44.5,44.31801856858649,44.68198143141351,1028.4666666666667,1013.0818302170201,1043.8515031163133,15.508615277292733,15.507847449673237,15.50938310491223,15.148123300422174,15.14720906884255,15.149037532001799,15.760061372159365,15.759224918823056,15.760897825495674,1.1333333333333333,0.7265913768583612,1.5400752898083054,0,0,0
p3d_05_t14_d3,P3-D0.5,14,3,0.5,18,30,42.86666666666667,42.605333333333334,43.128,1112,1096.8374044013779,1127.1625955986221,15.760061372159365,15.759224918823056,15.760897825495674,15.139918690074987,15.138607073040001,15.141230307109973,15.728279177925968,15.727519736544863,15.729038619307072,7.8,6.6322897540953045,8.967710245904694,0,0,0
p3d_05_t14_d3,P3-D0.5,14,3,0.5,19,30,45.03333333333333,44.91887937397735,45.147787292689316,1190.8,1174.4601616631753,1207.1398383368246,15.728279177925968,15.727519736544863,15.729038619307072,15.150800672117649,15.15022494516139,15.151376399073907,15.68153154067943,15.680833057474294,15.682230023884566,1.4666666666666666,1.0822495879338714,1.8510837453994617,0,0,0
p3d_05_t14_d3,P3-D0.5,14,3,0.5,20,30,44.266666666666666,44.105716232850554,44.42761710048278,1275.6666666666667,1258.8293461783571,1292.5039871549764,15.68153154067943,15.680833057474294,15.682230023884566,15.14694664959268,15.146138938009633,15.147754361175727,15.337094550552775,15.33650009878176,15.33768900232379,2,1.6012986598709635,2.3987013401290365,0,0,0
p3d_05_t14_d3,P3-D0.5,14,3,0.5,21,30,43.96666666666667,43.852212707310684,44.08112062602265,1356.1666666666667,1338.7184314409935,1373.61490189234,15.337094550552775,15.33650009878176,15.33768900232379,15.145442669449496,15.144867654268094,15.146017684630898,14.995118943530285,14.994644203947274,14.995593683113295,3.3333333333333335,2.6342887746540193,4.032377892012647,0,0,0
p3d_05_t14_d3,P3-D0.5,14,3,0.5,22,30,42.333333333333336,42.161759594396635,42.504907072270036,1441.5333333333333,1425.0010483758415,1458.0656182908251,14.995118943530285,14.994644203947274,14.995593683113295,14.142261971828782,14.141403056862849,14.143120886794716,14.649878741894984,14.649400259500307,14.65035722428966,8.933333333333334,7.9986106891998245,9.868055977466842,0,0,0
p3d_05_t14_d3,P3-D0.5,14,3,0.5,23,30,41.93333333333333,41.84254504438612,42.02412162228054,1528.7,1511.612818958236,1545.7871810417641,14.649878741894984,14.649400259500307,14.65035722428966,14.140254085907367,14.139798406160327,14.140709765654407,14.305794747017181,14.305337271892277,14.306252222142085,8.7,7.466994663061209,9.93300533693879,0,0,0
p3d_05_t14_d3,P3-D0.5,14,3,0.5,24,30,41.9,41.79081114115189,42.009188858848105,1616.8,1599.5724928428233,1634.0275071571766,14.305794747017181,14.305337271892277,14.306252222142085,14.140087678792396,14.139539105721635,14.140636251863157,13.962161946182334,13.961746891971101,13.962577000393567,9.233333333333333,8.267249767621392,10.199416899045273,0,0,0
p3d_075_t14_d3,P3-D0.75,14,3,0.75,1,30,44.36666666666667,43.931092337569346,44.80224099576399,34.1,31.59887503012294,36.60112496987706,20,20,20,19.12736237186346,19.12517509540871,19.129549648318207,20,20,20,0,0,0,0,0,0
p3d_075_t14_d3,P3-D0.75,14,3,0.75,2,30,45.833333333333336,45.69769238290556,45.96897428376111,67.13333333333334,62.78124107039427,71.4854255962724,20,20,20,19.13473101120081,19.134050947483697,19.135411074917922,20,20,20,0,0,0,0,0,0
p3d_075_t14_d3,P3-D0.75,14,3,0.75,3,30,45.96666666666667,45.90133333333333,46.032000000000004,102.06666666666666,96.1657271947401,107.96760613859323,20,20,20,19.13539596930597,19.13506998907013,19.135721949541814,20,20,20,0,0,0,0,0,0
p3d_075_t14_d3,P3-D0.75,14,3,0.75,4,30,45.96666666666667,45.90133333333333,46.032000000000004,134.83333333333334,129.2609495116697,140.40571715499698,20,20,20,19.13539485466419,19.13506915653174,19.135720552796645,17.69268693266144,17.691702658256805,17.693671207066078,0,0,0,0,0,0
p3d_075_t14_d3,P3-D0.75,14,3,0.75,5,30,45.766666666666666,45.61272763310584,45.92060570022749,173.03333333333333,166.7626828559138,179.30398381075287,17.69268693266144,17.691702658256805,17.693671207066078,17.14443617666795,17.1436640286371,17.145208324698796,15.382057977621084,15.381099226683773,15.383016728558395,0,0,0,0,0,0
p3d_075_t14_d3,P3-D0.75,14,3,0.75,6,30,45.43333333333333,45.1903883117237,45.67627835494296,204.96666666666667,197.42728433681307,212.50604899652026,15.382057977621084,15.381099226683773,15.383016728558395,15.152809880703929,15.151592192712497,15.15402756869536,13.071129791433398,13.070178237107342,13.072081345759454,0,0,0,0,0,0
p3d_075_t14_d3,P3-D0.75,14,3,0.75,7,30,26.766666666666666,26.523721645057034,27.009611688276298,260.2,251.71807733789223,268.68192266210775,13.071129791433398,13.070178237107342,13.072081345759454,13.069121589062759,13.067901795209027,13.07034138291649,10.76020210683451,10.759235027765648,10.761169185903373,32.63333333333333,30.46684543266211,34.799821234004554,0,0,0
p3d_075_t14_d3,P3-D0.75,14,3,0.75,8,30,44.9,44.682635641450084,45.117364358549914,293.2,283.868344242718,302.53165575728195,10.76020210683451,10.759235027765648,10.761169185903373,10.17524182026847,10.174153183514388,10.176330457022551,9.345205827333935,9.344272324340741,9.346139330327128,0,0,0,0,0,0
p3d_075_t14_d3,P3-D0.75,14,3,0.75,9,30,44.46666666666667,44.26221296039637,44.67112037293697,378.06666666666666,366.4119213459648,389.7214119873685,9.345205827333935,9.344272324340741,9.346139330327128,9.178082497768118,9.177059230644119,9.179105764892117,8.826441381017164,8.82541660248001,8.827466159554318,0,0,0,0,0,0
p3d_075_t14_d3,P3-D0.75,14,3,0.75,10,30,44.333333333333336,44.161759594396635,44.504907072270036,460.26666666666665,448.61608966025295,471.91724367308035,8.826441381017164,8.82541660248001,8.827466159554318,8.182441217648806,8.181581914145232,8.18330052115238,9.245336665938924,9.244623109398425,9.246050222479422,0,0,0,0,0,0
p3d_075_t14_d3,P3-D0.75,14,3,0.75,11,30,44.5,44.27465632887755,44.72534367112245,540.0333333333333,526.7943930023202,553.2722736643464,9.245336665938924,9.244623109398425,9.246050222479422,9.178253284819517,9.177125146138666,9.179381423500368,10.966477846818112,10.965579676483243,10.967376017152981,0,0,0,0,0,0
p3d_075_t14_d3,P3-D0.75,14,3,0.75,12,30,44.766666666666666,44.50617953091382,45.02715380241951,622.8666666666667,610.0571960706509,635.6761372626825,10.966477846818112,10.965579676483243,10.967376017152981,10.174570249425297,10.173267693274763,10.175872805575832,13.136340722822457,13.135448267275052,13.137233178369861,0,0,0,0,0,0
p3d_075_t14_d3,P3-D0.75,14,3,0.75,13,30,39.46666666666667,39.26221296039637,39.67112037293697,707.4,693.800056308433,720.999943691567,13.136340722822457,13.135448267275052,13.137233178369861,13.132888318564994,13.131862127077634,13.133914510052355,15.75424217488049,15.753332664285479,15.755151685475502,15.7,13.911636952180961,17.488363047819036,0,0,0
p3d_075_t14_d3,P3-D0.75,14,3,0.75,14,30,45.9,45.79081114115189,46.009188858848105,789.4333333333333,776.0642210601425,802.8024456065241,15.75424217488049,15.753332664285479,15.755151685475502,15.155146699794086,15.154600228461087,15.155693171127085,17.92402819671171,17.923009935728448,17.92504645769497,0,0,0,0,0,0
p3d_075_t14_d3,P3-D0.75,14,3,0.75,15,30,45.766666666666666,45.61272763310584,45.92060570022749,869.4333333333333,856.2998090894323,882.5668575772343,17.92402819671171,17.923009935728448,17.92504645769497,17.14443411851785,17.143662591390346,17.145205645645355,19.64547158447032,19.64455071535502,19.646392453585623,0,0,0,0,0,0
p3d_075_t14_d3,P3-D0.75,14,3,0.75,16,30,45.8,45.62671901763155,45.97328098236844,956.9666666666667,942.0692191669216,971.8641141664118,19.64547158447032,19.64455071535502,19.646392453585623,19.134563009149176,19.133695956176382,19.13543006212197,20.03567184111608,20.03501243709875,20.03633124513341,0,0,0,0,0,0
p3d_075_t14_d3,P3-D0.75,14,3,0.75,17,30,26.466666666666665,26.28509008877225,26.64824324456108,1059.4666666666667,1044.0580266382638,1074.8753066950696,20.03567184111608,20.03501243709875,20.03633124513341,20.032482246378546,20.031571381600113,20.03339311115698,19.51585582620874,19.515132444540587,19.51657920787689,54.56666666666667,51.84191039017449,57.29142294315885,0,0,0
p3d_075_t14_d3,P3-D0.75,14,3,0.75,18,30,46,46,46,1139.8666666666666,1124.669823590589,1155.0635097427441,19.51585582620874,19.515132444540587,19.51657920787689,19.135564472183557,19.13556098144685,19.135567962920263,18.10086047287571,18.100116371122386,18.101604574629032,0,0,0,0,0,0
p3d_075_t14_d3,P3-D0.75,14,3,0.75,19,30,37.666666666666664,37.495092927729964,37.838240405603365,1226.0333333333333,1209.7113178522727,1242.355348814394,18.10086047287571,18.100116371122386,18.101604574629032,18.098746813385333,18.097885988316794,18.09960763845387,15.79030711875858,15.7894353276167,15.791178909900461,22,20.36689196956219,23.63310803043781,0,0,0
p3d_075_t14_d3,P3-D0.75,14,3,0.75,20,30,43.166666666666664,42.89948498009394,43.43384835323939,1312,1295.2071463475352,1328.7928536524648,15.79030711875858,15.7894353276167,15.791178909900461,15.141431666480297,15.140090770429289,15.142772562531306,13.075690107888237,13.075030659997491,13.076349555778982,6.533333333333333,5.291111026120812,7.775555640545854,0,0,0
p3d_075_t14_d3,P3-D0.75,14,3,0.75,21,30,27.533333333333335,27.32887962706303,27.73778703960364,1408.9333333333334,1391.5320171792973,1426.3346494873695,13.075690107888237,13.075030659997491,13.076349555778982,13.072967070507644,13.071940781751058,13.07399335926423,10.764686095405633,10.764026883491805,10.76534530731946,49.9,47.744,52.056,0,0,0
p3d_075_t14_d3,P3-D0.75,14,3,0.75,22,30,44.5,43.73799236737162,45.26200763262838,1492.1333333333334,1475.6446417592954,1508.6220249073715,10.764686095405633,10.764026883491805,10.76534530731946,10.173220937657435,10.169394872958339,10.177047002356531,8.920250029382236,8.91974279760394,8.920757261160533,2.6666666666666665,0.09592173534506454,5.2374115979882685,0,0,0
p3d_075_t14_d3,P3-D0.75,14,3,0.75,23,30,44.4,44.177615017458976,44.62238498254102,1576.8333333333333,1559.753148232898,1593.9135184337686,8.920250029382236,8.91974279760394,8.920757261160533,8.182762582675709,8.18164939961424,8.183875765737177,8.406605779466101,8.406076444093479,8.407135114838724,0,0,0,0,0,0
p3d_075_t14_d3,P3-D0.75,14,3,0.75,24,30,44.56666666666667,44.30617953091382,44.82715380241952,1662.2666666666667,1645.103220137304,1679.4301131960292,8.406605779466101,8.406076444093479,8.407135114838724,8.18360229802278,8.182298921225424,8.184905674820136,8.82377059773766,8.822998822213668,8.824542373261652,0,0,0,0,0,0
p3u_t18_d0,P3-U,18,0,1,1,30,44.36666666666667,43.931092337569346,44.80224099576399,34.1,31.59887503012294,36.60112496987706,20,20,20,19.12736237186346,19.12517509540871,19.129549648318207,19.323582576881922,19.322270211009073,19.32489494275477,0,0,0,0,0,0
p3u_t18_d0,P3-U,18,0,1,2,30,45.833333333333336,45.69769238290556,45.96897428376111,67.13333333333334,62.78124107039427,71.4854255962724,19.323582576881922,19.322270211009073,19.32489494275477,19.134730750371254,19.134050729180114,19.135410771562395,18.64274412665918,18.641465733311467,18.644022520006896,0,0,0,0,0,0
p3u_t18_d0,P3-U,18,0,1,3,30,45.96666666666667,45.90133333333333,46.032000000000004,102.06666666666666,96.1657271947401,107.96760613859323,18.64274412665918,18.641465733311467,18.644022520006896,18.140417979672087,18.14009193632608,18.140744023018094,18.558493338855918,18.557224911846408,18.559761765865428,0,0,0,0,0,0
p3u_t18_d0,P3-U,18,0,1,4,30,45.86666666666667,45.7429430840148,45.99039024931854,134.93333333333334,129.37693958568306,140.4897270809836,18.558493338855918,18.557224911846408,18.559761765865428,18.13991459297221,18.13929529917908,18.140533886765343,18.474544583072596,18.47329512839163,18.475794037753563,0,0,0,0,0,0
p3u_t18_d0,P3-U,18,0,1,5,30,45.86666666666667,45.7429430840148,45.99039024931854,173.03333333333333,166.77395978799538,179.29270687867128,18.474544583072596,18.47329512839163,18.475794037753563,18.139916013244452,18.139295829426057,18.140536197062847,18.390594975125925,18.38931855036596,18.39187139988589,0,0,0,0,0,0
p3u_t18_d0,P3-U,18,0,1,6,30,45.8,45.65441485486919,45.945585145130806,204.6,197.0231591577079,212.17684084229208,18.390594975125925,18.38931855036596,18.39187139988589,18.13958417311738,18.138855479206104,18.14031286702866,18.30684447125549,18.30557435208843,18.30811459042255,0,0,0,0,0,0
p3u_t18_d0,P3-U,18,0,1,7,30,45.86666666666667,45.7429430840148,45.99039024931854,240.73333333333332,232.25790321935926,249.20876344730738,18.30684447125549,18.30557435208843,18.30811459042255,18.139916856759523,18.139296759603255,18.14053695391579,18.22289435719978,18.221607579094883,18.22418113530468,0,0,0,0,0,0
p3u_t18_d0,P3-U,18,0,1,8,30,45.766666666666666,45.58631010199142,45.94702323134191,272.8666666666667,263.592760872756,282.14057246057735,18.22289435719978,18.221607579094883,18.22418113530468,18.139413625521463,18.138510726745622,18.140316524297305,18.139246181886904,18.137971023741,18.14052134003281,0,0,0,0,0,0
p3u_t18_d0,P3-U,18,0,1,9,30,45.03333333333333,44.83435217363295,45.23231449303371,357.1666666666667,345.5669304693757,368.7664028639577,18.139246181886904,18.137971023741,18.14052134003281,18.135734377464416,18.134736727964466,18.136732026964367,18.05780555540825,18.056981665676126,18.058629445140376,1.1666666666666667,0.8834400471414836,1.4498932861918499,0,0,0
p3u_t18_d0,P3-U,18,0,1,10,30,29.1,28.990811141151895,29.20918885884811,454.6,443.0550123171265,466.14498768287353,18.05780555540825,18.056981665676126,18.058629445140376,18.055736475092854,18.055188054405143,18.056284895780564,18.024363670352542,18.023747735143484,18.0249796055616,48.833333333333336,46.58955156400894,51.07711510265773,0,0,0
p3u_t18_d0,P3-U,18,0,1,11,30,22.5,22.31801856858649,22.68198143141351,556.3666666666667,543.2688966736765,569.4644366596568,18.024363670352542,18.023747735143484,18.0249796055616,18.02260618698186,18.021693008425316,18.023519365538405,18.010799958163428,18.010601918678198,18.01099799764866,64.46666666666667,61.57668031927286,67.35665301406048,0,0,0
p3u_t18_d0,P3-U,18,0,1,12,30,20,20,20,663.9666666666667,651.1624540720328,676.7708792613006,18.010799958163428,18.010601918678198,18.01099799764866,18.01005796901301,18.010056527917126,18.01005941010889,18.004765176755622,18.00456686654807,18.004963486963174,69.3,66.08398767658333,72.51601232341666,0,0,0
p3u_t18_d0,P3-U,18,0,1,13,30,18.033333333333335,17.968,18.09866666666667,769.9333333333333,756.2365468410732,783.6301198255934,18.004765176755622,18.00456686654807,18.004963486963174,18.000185165677564,17.99985754438965,18.00051278696548,18.004654077349084,18.004646467747587,18.00466168695058,75.33333333333333,72.52927038073301,78.13739628593365,0,0,0
p3u_t18_d0,P3-U,18,0,1,14,30,18,18,18,879.8666666666667,866.3945550918792,893.3387782414542,18.004654077349084,18.004646467747587,18.00466168695058,18.00001686369791,18.00001528322642,18.000018444169395,18.004643959130338,18.00463654324254,18.004651375018135,76.86666666666666,72.90996643537461,80.8233668979587,0,0,0
p3u_t18_d0,P3-U,18,0,1,15,30,18,18,18,987.6333333333333,974.4686457032196,1000.798020963447,18.004643959130338,18.00463654324254,18.004651375018135,18.000016863697905,18.000015207684072,18.000018519711737,18.004633840911595,18.004625981302983,18.004641700520207,73.96666666666667,71.04061751860742,76.89271581472592,0,0,0
p3u_t18_d0,P3-U,18,0,1,16,30,18,18,18,1102.9666666666667,1088.0825632300766,1117.8507701032568,18.004633840911595,18.004625981302983,18.004641700520207,18.00001662839049,18.000014792436932,18.00001846434405,18.004623863877303,18.004616077325824,18.00463165042878,77.7,74.43899294871879,80.96100705128121,0,0,0
p3u_t18_d0,P3-U,18,0,1,17,30,18,18,18,1213.9333333333334,1198.6036446190565,1229.2630220476103,18.004623863877303,18.004616077325824,18.00463165042878,18.00001654995469,18.000014667319682,18.000018432589698,18.004613933904487,18.004606055793282,18.004621812015692,78.1,74.80504706398183,81.39495293601816,0,0,0
p3u_t18_d0,P3-U,18,0,1,18,30,18,18,18,1322.3333333333333,1307.233674531271,1337.4329921353956,18.004613933904487,18.004606055793282,18.004621812015692,18.000018040234966,18.000016083101897,18.000019997368035,18.00460310976351,18.004595006398866,18.004611213128157,76.33333333333333,74.44134870766779,78.22531795899887,0,0,0
p3u_t18_d0,P3-U,18,0,1,19,30,18,18,18,1428.1666666666667,1411.9024852378984,1444.430848095435,18.00460310976351,18.004595006398866,18.004611213128157,18.000017099005316,18.000015737066633,18.000018460944,18.00459285036032,18.00458465067145,18.004601050049192,75.23333333333333,71.77577127503659,78.69089539163008,0,0,0
p3u_t18_d0,P3-U,18,0,1,20,30,18,18,18,1539.3,1522.5018487990458,1556.0981512009541,18.00459285036032,18.00458465067145,18.004601050049192,18.00001631464728,18.000014182914278,18.00001844638028,18.00458306157195,18.00457461981432,18.00459150332958,78.66666666666667,75.42851062357873,81.90482270975461,0,0,0
p3u_t18_d0,P3-U,18,0,1,21,30,18,18,18,1645.7666666666667,1628.3170143042016,1663.2163190291317,18.00458306157195,18.00457461981432,18.00459150332958,18.000016549954687,18.00001480200412,18.000018297905253,18.004573131599145,18.00456449023375,18.00458177296454,74.33333333333333,71.83930970278533,76.82735696388133,0,0,0
p3u_t18_d0,P3-U,18,0,1,22,30,18,18,18,1755.4666666666667,1738.8704035522187,1772.0629297811147,18.004573131599145,18.00456449023375,18.00458177296454,18.000017334312727,18.000015230866826,18.000019437758628,18.004562731011504,18.00455375596299,18.004571706060016,76.26666666666667,72.58010633064731,79.95322700268602,0,0,0
p3u_t18_d0,P3-U,18,0,1,23,30,18,18,18,1866.5666666666666,1849.4202727162783,1883.713060617055,18.004562731011504,18.00455375596299,18.004571706060016,18.000017020569512,18.000015355720922,18.0000186854181,18.0045525186698,18.00454346072289,18.004561576616712,77.53333333333333,74.70512356151478,80.36154310515188,0,0,0
p3u_t18_d0,P3-U,18,0,1,24,30,18,18,18,1978.5666666666666,1961.2863673202457,1995.8469660130875,18.0045525186698,18.00454346072289,18.004561576616712,18.000014745931193,18.00001321496406,18.000016276898325,18.004543671111083,18.004534472231065,18.0045528699911,76.93333333333334,74.4048463052193,79.46182036144738,0,0,0
p3d_025_t18_d0,P3-D0.25,18,0,0.25,1,30,44.36666666666667,43.931092337569346,44.80224099576399,34.1,31.59887503012294,36.60112496987706,20,20,20,19.12736237186346,19.12517509540871,19.129549648318207,19.830895644220483,19.83056755275227,19.831223735688695,0,0,0,0,0,0
p3d_025_t18_d0,P3-D0.25,18,0,0.25,2,30,45.833333333333336,45.69769238290556,45.96897428376111,67.13333333333334,62.78124107039427,71.4854255962724,19.830895644220483,19.83056755275227,19.831223735688695,19.134730750371254,19.134050729180114,19.135410771562395,19.660686031664792,19.660366433327862,19.66100563000172,0,0,0,0,0,0
p3d_025_t18_d0,P3-D0.25,18,0,0.25,3,30,45.96666666666667,45.90133333333333,46.032000000000004,102.06666666666666,96.1657271947401,107.96760613859323,19.660686031664792,19.660366433327862,19.66100563000172,19.13539596930597,19.13506998907013,19.135721949541814,19.49037663626889,19.490059437095894,19.49069383544189,0,0,0,0,0,0
p3d_025_t18_d0,P3-D0.25,18,0,0.25,4,30,45.96666666666667,45.90133333333333,46.032000000000004,134.83333333333334,129.2609495116697,140.40571715499698,19.49037663626889,19.490059437095894,19.49069383544189,19.13539485466419,19.13506915653174,19.135720552796645,19.320067408069278,19.319745034613643,19.320389781524913,0,0,0,0,0,0
p3d_025_t18_d0,P3-D0.25,18,0,0.25,5,30,45.8,45.65441485486919,45.945585145130806,173,166.73321193563416,179.26678806436584,19.320067408069278,19.319745034613643,19.320389781524913,19.134558723503556,19.133829166635643,19.13528828037147,19.149883599543738,19.149567692027986,19.15019950705949,0,0,0,0,0,0
p3d_025_t18_d0,P3-D0.25,18,0,0.25,6,30,45.93333333333333,45.84254504438612,46.02412162228054,204.43333333333334,196.86985965996982,211.99680700669686,19.149883599543738,19.149567692027986,19.15019950705949,19.13523145301483,19.13477714797181,19.135685758057846,18.979598881591507,18.979284498997767,18.979913264185246,0,0,0,0,0,0
p3d_025_t18_d0,P3-D0.25,18,0,0.25,7,30,45.9,45.79081114115189,46.009188858848105,240.53333333333333,232.10293235660913,248.96373431005753,18.979598881591507,18.979284498997767,18.979913264185246,18.140083624828947,18.13953578585015,18.140631463807743,18.958586337867168,18.958280404482377,18.95889227125196,0,0,0,0,0,0
p3d_025_t18_d0,P3-D0.25,18,0,0.25,8,30,45.9,45.79081114115189,46.009188858848105,272.53333333333336,263.23565126236963,281.8310154042971,18.958586337867168,18.958280404482377,18.95889227125196,18.140082733391278,18.13953544385463,18.140630022927926,18.937573927858473,18.93726261952223,18.937885236194717,0,0,0,0,0,0
p3d_025_t18_d0,P3-D0.25,18,0,0.25,9,30,45.733333333333334,45.57238289951722,45.894283767149446,356.1333333333333,344.51509246570464,367.751574200962,18.937573927858473,18.93726261952223,18.937885236194717,18.139249354916227,18.13844318282264,18.140055527009814,18.916686524621046,18.916373165107128,18.916999884134963,0,0,0,0,0,0
p3d_025_t18_d0,P3-D0.25,18,0,0.25,10,30,45.96666666666667,45.90133333333333,46.032000000000004,436.7,425.1204312866926,448.27956871330736,18.916686524621046,18.916373165107128,18.916999884134963,18.1404156169179,18.140088399133447,18.14074283470235,18.89562418208336,18.895319859580006,18.895928504586713,0,0,0,0,0,0
p3d_025_t18_d0,P3-D0.25,18,0,0.25,11,30,45.833333333333336,45.69769238290556,45.96897428376111,515.1333333333333,502.0021459621251,528.2645207045415,18.89562418208336,18.895319859580006,18.895928504586713,18.139749151054655,18.13906939586881,18.1404289062405,18.874661809425156,18.874384003700783,18.87493961514953,0,0,0,0,0,0
p3d_025_t18_d0,P3-D0.25,18,0,0.25,12,30,45.833333333333336,45.69769238290556,45.96897428376111,596.9,584.1096351853454,609.6903648146546,18.874661809425156,18.874384003700783,18.87493961514953,18.139746923470057,18.139065762087032,18.14042808485308,18.85369977090465,18.853379338467796,18.854020203341506,0,0,0,0,0,0
p3d_025_t18_d0,P3-D0.25,18,0,0.25,13,30,45.833333333333336,45.69769238290556,45.96897428376111,675.0666666666667,661.3869772256354,688.746356107698,18.85369977090465,18.853379338467796,18.854020203341506,18.139746993793104,18.13906795643729,18.140426031148916,18.83273772183568,18.832423461674495,18.833051981996867,0,0,0,0,0,0
p3d_025_t18_d0,P3-D0.25,18,0,0.25,14,30,45.96666666666667,45.90133333333333,46.032000000000004,757.0333333333333,743.586565130114,770.4801015365526,18.83273772183568,18.832423461674495,18.833051981996867,18.140416876881837,18.140088630055534,18.14074512370814,18.811675190303408,18.81135825805652,18.811992122550297,0,0,0,0,0,0
p3d_025_t18_d0,P3-D0.25,18,0,0.25,15,30,45.93333333333333,45.84254504438612,46.02412162228054,836.8666666666667,823.7445617425378,849.9887715907955,18.811675190303408,18.81135825805652,18.811992122550297,18.140249089304465,18.139793947762378,18.140704230846552,18.790637826907744,18.790316177243042,18.790959476572446,0,0,0,0,0,0
p3d_025_t18_d0,P3-D0.25,18,0,0.25,16,30,45.93333333333333,45.84254504438612,46.02412162228054,924.2666666666667,909.4538004439601,939.0795328893732,18.790637826907744,18.790316177243042,18.790959476572446,18.140250537603443,18.139795022940266,18.14070605226662,18.76960024626722,18.769274976382253,18.76992551615219,0,0,0,0,0,0
p3d_025_t18_d0,P3-D0.25,18,0,0.25,17,30,45.86666666666667,45.7429430840148,45.99039024931854,1007.3666666666667,992.103791448062,1022.6295418852714,18.76960024626722,18.769274976382253,18.76992551615219,18.139915759212133,18.139296154174122,18.140535364250145,18.748612882385405,18.748291242689817,18.748934522080994,0,0,0,0,0,0
p3d_025_t18_d0,P3-D0.25,18,0,0.25,18,30,45.8,45.62671901763155,45.97328098236844,1087.9666666666667,1072.9517146112637,1102.9816187220697,18.748612882385405,18.748291242689817,18.748934522080994,18.13958251205603,18.13871393761755,18.14045108649451,18.727675505576997,18.72734777722044,18.728003233933553,0,0,0,0,0,0
p3d_025_t18_d0,P3-D0.25,18,0,0.25,19,30,45.833333333333336,45.69769238290556,45.96897428376111,1165.9666666666667,1149.7475070038302,1182.1858263295032,18.727675505576997,18.72734777722044,18.728003233933553,18.139744254544475,18.13906489474955,18.1404236143394,18.706713867395326,18.70635773782336,18.70706999696729,0,0,0,0,0,0
p3d_025_t18_d0,P3-D0.25,18,0,0.25,20,30,45.86666666666667,45.7429430840148,45.99039024931854,1249.2333333333333,1232.4927076914637,1265.973958975203,18.706713867395326,18.70635773782336,18.70706999696729,18.139918552532446,18.139298827891633,18.14053827717326,18.685726084515462,18.685373262074418,18.686078906956507,0,0,0,0,0,0
p3d_025_t18_d0,P3-D0.25,18,0,0.25,21,30,45.86666666666667,45.7429430840148,45.99039024931854,1327.8333333333333,1310.487385306483,1345.1792813601835,18.685726084515462,18.685373262074418,18.686078906956507,18.139918594450524,18.139298476001464,18.140538712899584,18.66473829534788,18.664392744250247,18.665083846445516,0,0,0,0,0,0
p3d_025_t18_d0,P3-D0.25,18,0,0.25,22,30,45.8,45.602876781635466,45.99712321836453,1409.7333333333333,1393.2864175484438,1426.180249118223,18.66473829534788,18.664392744250247,18.665083846445516,18.139581198416767,18.13859399740216,18.140568399431373,18.64380111558536,18.643441260000284,18.64416097117044,0,0,0,0,0,0
p3d_025_t18_d0,P3-D0.25,18,0,0.25,23,30,45.9,45.79081114115189,46.009188858848105,1492.9333333333334,1475.8987480478988,1509.967918618768,18.64380111558536,18.643441260000284,18.64416097117044,18.140082398657405,18.139535084648255,18.140629712666556,18.62278875578676,18.622411746988842,18.62316576458468,0,0,0,0,0,0
p3d_025_t18_d0,P3-D0.25,18,0,0.25,24,30,45.833333333333336,45.69769238290556,45.96897428376111,1577.1,1559.9676039775147,1594.232396022485,18.62278875578676,18.622411746988842,18.62316576458468,18.13974800900842,18.139068546706874,18.14042747130997,18.601826554435494,18.601441458448985,18.602211650422003,0,0,0,0,0,0
p3d_05_t18_d0,P3-D0.5,18,0,0.5,1,30,44.36666666666667,43.931092337569346,44.80224099576399,34.1,31.59887503012294,36.60112496987706,20,20,20,19.12736237186346,19.12517509540871,19.129549648318207,19.661791288440963,19.66113510550454,19.662447471377387,0,0,0,0,0,0
p3d_05_t18_d0,P3-D0.5,18,0,0.5,2,30,45.833333333333336,45.69769238290556,45.96897428376111,67.13333333333334,62.78124107039427,71.4854255962724,19.661791288440963,19.66113510550454,19.662447471377387,19.134730750371254,19.134050729180114,19.135410771562395,19.321372063329584,19.320732866655725,19.322011260003443,0,0,0,0,0,0
p3d_05_t18_d0,P3-D0.5,18,0,0.5,3,30,45.96666666666667,45.90133333333333,46.032000000000004,102.06666666666666,96.1657271947401,107.96760613859323,19.321372063329584,19.320732866655725,19.322011260003443,19.13539596930597,19.13506998907013,19.135721949541814,18.9807532725378,18.980118874191806,18.981387670883795,0,0,0,0,0,0
p3d_05_t18_d0,P3-D0.5,18,0,0.5,4,30,45.86666666666667,45.7429430840148,45.99039024931854,134.93333333333334,129.37693958568306,140.4897270809836,18.9807532725378,18.980118874191806,18.981387670883795,18.13991433214266,18.139295076056015,18.140533588229303,18.938778972894998,18.93815405996591,18.939403885824085,0,0,0,0,0,0
p3d_05_t18_d0,P3-D0.5,18,0,0.5,5,30,45.9,45.79081114115189,46.009188858848105,173,166.73321193563416,179.26678806436584,18.938778972894998,18.93815405996591,18.939403885824085,18.14008329555866,18.139535521925236,18.140631069192086,18.896753984227406,18.896122165286155,18.897385803168657,0,0,0,0,0,0
p3d_05_t18_d0,P3-D0.5,18,0,0.5,6,30,45.833333333333336,45.69769238290556,45.96897428376111,204.53333333333333,196.97567080268254,212.09099586398412,18.896753984227406,18.896122165286155,18.897385803168657,18.13975111616623,18.139072185489173,18.14043004684329,18.854828649377527,18.85423343688213,18.855423861872925,0,0,0,0,0,0
p3d_05_t18_d0,P3-D0.5,18,0,0.5,7,30,45.9,45.79081114115189,46.009188858848105,240.63333333333333,232.185273449504,249.08139321716266,18.854828649377527,18.85423343688213,18.855423861872925,18.140083799808377,18.139537110587177,18.140630489029576,18.812803509435017,18.812197504749722,18.813409514120313,0,0,0,0,0,0
p3d_05_t18_d0,P3-D0.5,18,0,0.5,8,30,45.766666666666666,45.58631010199142,45.94702323134191,272.76666666666665,263.47185829084225,282.06147504249105,18.812803509435017,18.812197504749722,18.813409514120313,18.139413189712474,18.13850960587565,18.140316773549298,18.770979552521275,18.77035208001192,18.77160702503063,0,0,0,0,0,0
p3d_05_t18_d0,P3-D0.5,18,0,0.5,9,30,45.8,45.65441485486919,45.945585145130806,356.3,344.6759013460294,367.92409865397065,18.770979552521275,18.77035208001192,18.77160702503063,18.139584527053866,18.13885540707786,18.140313647029874,18.729104194405114,18.728476582849087,18.72973180596114,0,0,0,0,0,0
p3d_05_t18_d0,P3-D0.5,18,0,0.5,10,30,45.9,45.79081114115189,46.009188858848105,436.93333333333334,425.3477475313344,448.5189191353323,18.729104194405114,18.728476582849087,18.72973180596114,18.140080627174008,18.139533501953373,18.140627752394643,18.68708000625291,18.686501420641907,18.68765859186391,0,0,0,0,0,0
p3d_05_t18_d0,P3-D0.5,18,0,0.5,11,30,45.833333333333336,45.69769238290556,45.96897428376111,515.3666666666667,502.24801135523796,528.4853219780954,18.68708000625291,18.686501420641907,18.68765859186391,18.139748193586563,18.13906861731507,18.140427769858057,18.645155548176948,18.64454716816765,18.645763928186245,0,0,0,0,0,0
p3d_05_t18_d0,P3-D0.5,18,0,0.5,12,30,45.86666666666667,45.7429430840148,45.99039024931854,597.1,584.2913510039721,609.908648996028,18.645155548176948,18.64454716816765,18.645763928186245,18.139914537635303,18.13929400864806,18.140535066622544,18.603181186886353,18.602563012563316,18.60379936120939,0,0,0,0,0,0
p3d_05_t18_d0,P3-D0.5,18,0,0.5,13,30,45.86666666666667,45.7429430840148,45.99039024931854,675.2333333333333,661.5288923471678,688.9377743194989,18.603181186886353,18.602563012563316,18.60379936120939,18.13991419767151,18.139294702449035,18.14053369289398,18.561206927584898,18.56060427998034,18.561809575189457,0,0,0,0,0,0
p3d_05_t18_d0,P3-D0.5,18,0,0.5,14,30,45.9,45.79081114115189,46.009188858848105,757.2666666666667,743.8289483418253,770.704384991508,18.561206927584898,18.56060427998034,18.561809575189457,18.140082151246688,18.139534264058053,18.140630038435322,18.519182282210895,18.518509883700766,18.519854680721025,0,0,0,0,0,0
p3d_05_t18_d0,P3-D0.5,18,0,0.5,15,30,45.93333333333333,45.84254504438612,46.02412162228054,837.1,823.9810529788962,850.2189470211039,18.519182282210895,18.518509883700766,18.519854680721025,18.14024902897648,18.139793894533206,18.140704163419755,18.477107573517948,18.47643331213254,18.477781834903357,0,0,0,0,0,0
p3d_05_t18_d0,P3-D0.5,18,0,0.5,16,30,45.93333333333333,45.84254504438612,46.02412162228054,924.5,909.6955374543901,939.3044625456099,18.477107573517948,18.47643331213254,18.477781834903357,18.140250041466476,18.139794575834856,18.140705507098097,18.435032561078007,18.43435816665104,18.435706955504973,0,0,0,0,0,0
p3d_05_t18_d0,P3-D0.5,18,0,0.5,17,30,45.86666666666667,45.7429430840148,45.99039024931854,1007.6,992.3211875529182,1022.8788124470818,18.435032561078007,18.43435816665104,18.435706955504973,18.13991564783987,18.139295778608595,18.140535517071147,18.393057866726043,18.392374696122854,18.39374103732923,0,0,0,0,0,0
p3d_05_t18_d0,P3-D0.5,18,0,0.5,18,30,45.833333333333336,45.66831899516611,45.99834767150056,1088.1666666666667,1073.115409925055,1103.2179234082785,18.393057866726043,18.392374696122854,18.39374103732923,18.139750334137165,18.138923316331923,18.140577351942408,18.3511327664849,18.350453245783687,18.35181228718611,0,0,0,0,0,0
p3d_05_t18_d0,P3-D0.5,18,0,0.5,19,30,45.9,45.79081114115189,46.009188858848105,1166.1,1149.8368321814519,1182.363167818548,18.3511327664849,18.350453245783687,18.35181228718611,18.14007892313083,18.139531922885848,18.14062592337581,18.309109089545647,18.308447399470747,18.309770779620546,0,0,0,0,0,0
p3d_05_t18_d0,P3-D0.5,18,0,0.5,20,30,45.86666666666667,45.7429430840148,45.99039024931854,1249.3666666666666,1232.5894700481763,1266.1438632851568,18.309109089545647,18.308447399470747,18.309770779620546,18.139918474096643,18.13929876057318,18.140538187620106,18.26713354731665,18.266487079828877,18.267780014804423,0,0,0,0,0,0
p3d_05_t18_d0,P3-D0.5,18,0,0.5,21,30,45.8,45.65441485486919,45.945585145130806,1328.0333333333333,1310.6488872283958,1345.4177794382708,18.26713354731665,18.266487079828877,18.267780014804423,18.139584115672232,18.138854140005837,18.140314091338627,18.225258312614987,18.22456708861608,18.225949536613893,0,0,0,0,0,0
p3d_05_t18_d0,P3-D0.5,18,0,0.5,22,30,45.8,45.602876781635466,45.99712321836453,1409.9333333333334,1393.4419104498977,1426.424756216769,18.225258312614987,18.22456708861608,18.225949536613893,18.13958185883966,18.138594568036627,18.14056914964269,18.18338375496309,18.182680799575976,18.1840867103502,0,0,0,0,0,0
p3d_05_t18_d0,P3-D0.5,18,0,0.5,23,30,45.86666666666667,45.7429430840148,45.99039024931854,1493.1666666666667,1476.0895841320907,1510.2437492012427,18.18338375496309,18.182680799575976,18.1840867103502,18.139915984681977,18.13929565977872,18.140536309585233,18.14140895955849,18.140666708454795,18.142151210662185,0,0,0,0,0,0
p3d_05_t18_d0,P3-D0.5,18,0,0.5,24,30,45.43333333333333,45.25297676865809,45.61368989800857,1577.7333333333333,1560.5226143068091,1594.9440523598576,18.14140895955849,18.140666708454795,18.142151210662185,18.137739898221323,18.136833801942156,18.13864599450049,18.100086990092095,18.099520267848398,18.10065371233579,0.7666666666666667,0.38282434591104036,1.1505089874222931,0,0,0
p3d_075_t18_d0,P3-D0.75,18,0,0.75,1,30,44.36666666666667,43.931092337569346,44.80224099576399,34.1,31.59887503012294,36.60112496987706,20,20,20,19.12736237186346,19.12517509540871,19.129549648318207,19.492686932661446,19.49170265825681,19.493671207066082,0,0,0,0,0,0
p3d_075_t18_d0,P3-D0.75,18,0,0.75,2,30,45.833333333333336,45.69769238290556,45.96897428376111,67.13333333333334,62.78124107039427,71.4854255962724,19.492686932661446,19.49170265825681,19.493671207066082,19.134730750371254,19.134050729180114,19.135410771562395,18.98205809499438,18.981099299983594,18.983016890005164,0,0,0,0,0,0
p3d_075_t18_d0,P3-D0.75,18,0,0.75,3,30,45.96666666666667,45.90133333333333,46.032000000000004,102.06666666666666,96.1657271947401,107.96760613859323,18.98205809499438,18.981099299983594,18.983016890005164,18.140417979672087,18.14009193632608,18.140744023018094,18.91887000414194,18.91791868388481,18.91982132439907,0,0,0,0,0,0
p3d_075_t18_d0,P3-D0.75,18,0,0.75,4,30,45.86666666666667,45.7429430840148,45.99039024931854,134.93333333333334,129.37693958568306,140.4897270809836,18.91887000414194,18.91791868388481,18.91982132439907,18.13991459297221,18.13929529917908,18.140533886765343,18.855908437304446,18.85497134629372,18.856845528315173,0,0,0,0,0,0
p3d_075_t18_d0,P3-D0.75,18,0,0.75,5,30,45.86666666666667,45.7429430840148,45.99039024931854,173.03333333333333,166.77395978799538,179.29270687867128,18.855908437304446,18.85497134629372,18.856845528315173,18.139916013244452,18.139295829426057,18.140536197062847,18.79294623134444,18.791988912774467,18.793903549914415,0,0,0,0,0,0
p3d_075_t18_d0,P3-D0.75,18,0,0.75,6,30,45.8,45.65441485486919,45.945585145130806,204.6,197.0231591577079,212.17684084229208,18.79294623134444,18.791988912774467,18.793903549914415,18.13958417311738,18.138855479206104,18.14031286702866,18.73013335344162,18.729180764066324,18.731085942816915,0,0,0,0,0,0
p3d_075_t18_d0,P3-D0.75,18,0,0.75,7,30,45.86666666666667,45.7429430840148,45.99039024931854,240.73333333333332,232.25790321935926,249.20876344730738,18.73013335344162,18.729180764066324,18.731085942816915,18.13991659592997,18.13929653578071,18.140536656079234,18.66717088527313,18.66620578073559,18.66813598981067,0,0,0,0,0,0
p3d_075_t18_d0,P3-D0.75,18,0,0.75,8,30,45.766666666666666,45.58631010199142,45.94702323134191,272.8666666666667,263.592760872756,282.14057246057735,18.66717088527313,18.66620578073559,18.66813598981067,18.139413625521463,18.138510726745622,18.140316524297305,18.604434753788475,18.603478372543872,18.605391135033077,0,0,0,0,0,0
p3d_075_t18_d0,P3-D0.75,18,0,0.75,9,30,45.86666666666667,45.7429430840148,45.99039024931854,356.3333333333333,344.7175251063401,367.94914156032655,18.604434753788475,18.603478372543872,18.605391135033077,18.139918934810677,18.139298847839463,18.14053902178189,18.54147123312367,18.540513174232434,18.542429292014905,0,0,0,0,0,0
p3d_075_t18_d0,P3-D0.75,18,0,0.75,10,30,45.9,45.79081114115189,46.009188858848105,436.96666666666664,425.38620821849923,448.54712511483405,18.54147123312367,18.540513174232434,18.542429292014905,18.1400805487382,18.13953343307262,18.14062766440378,18.478434986191473,18.477551573633313,18.479318398749633,0,0,0,0,0,0
p3d_075_t18_d0,P3-D0.75,18,0,0.75,11,30,45.833333333333336,45.69769238290556,45.96897428376111,515.4,502.2816420147228,528.5183579852771,18.478434986191473,18.477551573633313,18.479318398749633,18.13974853285192,18.139068901590154,18.14042816411369,18.415548146408113,18.41462492887574,18.416471363940488,0,0,0,0,0,0
p3d_075_t18_d0,P3-D0.75,18,0,0.75,12,30,45.833333333333336,45.69769238290556,45.96897428376111,597.1666666666666,584.3581096011882,609.9752237321451,18.415548146408113,18.41462492887574,18.416471363940488,18.13974735186472,18.139067025282642,18.140427678446798,18.352661838068986,18.35169700155561,18.35362667458236,0,0,0,0,0,0
p3d_075_t18_d0,P3-D0.75,18,0,0.75,13,30,45.86666666666667,45.7429430840148,45.99039024931854,675.3,661.5957308572973,689.0042691427026,18.352661838068986,18.35169700155561,18.35362667458236,18.139914111821387,18.13929462869555,18.140533594947225,18.28970048774936,18.288764233233167,18.290636742265555,0,0,0,0,0,0
p3d_075_t18_d0,P3-D0.75,18,0,0.75,14,30,45.9,45.79081114115189,46.009188858848105,757.3333333333334,743.8977839425213,770.7688827241454,18.28970048774936,18.288764233233167,18.290636742265555,18.140081908524955,18.139534050457602,18.14062976659231,18.226663628913133,18.225630277683443,18.227696980142824,0,0,0,0,0,0
p3d_075_t18_d0,P3-D0.75,18,0,0.75,15,30,45.93333333333333,45.84254504438612,46.02412162228054,837.1666666666666,824.0451169848021,850.2882163485311,18.226663628913133,18.225630277683443,18.227696980142824,18.14024902897648,18.139793894533206,18.140704163419755,18.163551565873714,18.16251827505043,18.164584856696997,0,0,0,0,0,0
p3d_075_t18_d0,P3-D0.75,18,0,0.75,16,30,45.93333333333333,45.84254504438612,46.02412162228054,924.5666666666667,909.7720699912155,939.3612633421179,18.163551565873714,18.16251827505043,18.164584856696997,18.140249866487046,18.13979441894662,18.14070531402747,18.100439125954548,18.09940873766522,18.101469514243874,0,0,0,0,0,0
p3d_075_t18_d0,P3-D0.75,18,0,0.75,17,30,37.5,37.295186656325505,37.704813343674495,1016.0333333333333,1000.7652515056341,1031.3014151610325,18.100439125954548,18.09940873766522,18.101469514243874,18.097906366543587,18.096877742850168,18.098934990237005,18.056381261009935,18.05573244397329,18.05703007804658,22.7,20.70173670806171,24.69826329193829,0,0,0
p3d_075_t18_d0,P3-D0.75,18,0,0.75,18,30,28.866666666666667,28.711300038100457,29.022033295232877,1113.5666666666666,1098.4818268465535,1128.6515064867797,18.056381261009935,18.05573244397329,18.05703007804658,18.054568393603844,18.05378805712601,18.05534873008168,18.031825483888205,18.03141858530699,18.03223238246942,46.86666666666667,44.8539085239689,48.87942480936444,0,0,0
p3d_075_t18_d0,P3-D0.75,18,0,0.75,19,30,24.033333333333335,23.968,24.09866666666667,1213.3666666666666,1197.0785028254595,1229.6548305078736,18.031825483888205,18.03141858530699,18.03223238246942,18.030304499347164,18.029976593991904,18.030632404702423,18.01818845918198,18.017860754821513,18.01851616354245,59.2,56.61202185160854,61.78797814839147,0,0,0
p3d_075_t18_d0,P3-D0.75,18,0,0.75,20,30,21,21,21,1321.5,1304.6835634045106,1338.3164365954894,18.01818845918198,18.017860754821513,18.01851616354245,18.015075462088713,18.015073455586155,18.015077468591272,18.01140450124206,18.011076653603308,18.01173234888081,73.33333333333333,70.18786677863221,76.47879988803444,0,0,0
p3d_075_t18_d0,P3-D0.75,18,0,0.75,21,30,20,20,20,1425.9666666666667,1408.4980964290773,1443.435236904256,18.01140450124206,18.011076653603308,18.01173234888081,18.01005725567645,18.01005573925598,18.010058772096922,18.006878736187655,18.0065507824844,18.00720668989091,68.63333333333334,66.22368416092263,71.04298250574405,0,0,0
p3d_075_t18_d0,P3-D0.75,18,0,0.75,22,30,19,19,19,1534.6666666666667,1518.0508329403244,1551.282500393009,18.006878736187655,18.0065507824844,18.00720668989091,18.0050389887787,18.00503714445119,18.00504083310621,18.004611191237238,18.004282918287196,18.00493946418728,76.03333333333333,72.29851943151358,79.76814723515308,0,0,0
p3d_075_t18_d0,P3-D0.75,18,0,0.75,23,30,18.2,18.05441485486919,18.34558514513081,1645.5666666666666,1628.4202727162783,1662.713060617055,18.004611191237238,18.004282918287196,18.00493946418728,18.00102010921127,18.000289462329544,18.001750756093,18.004152142092163,18.00414647384379,18.004157810340537,77.6,74.70868976922664,80.49131023077335,0,0,0
p3d_075_t18_d0,P3-D0.75,18,0,0.75,24,30,18,18,18,1757.5666666666666,1740.2863673202457,1774.8469660130875,18.004152142092163,18.00414647384379,18.004157810340537,18.000016236211472,18.000014394717574,18.00001807770537,18.004144835797003,18.004139041493264,18.004150630100742,76.9,74.39182313773256,79.40817686226745,0,0,0
p3u_t18_d1,P3-U,18,1,1,1,30,44.36666666666667,43.931092337569346,44.80224099576399,34.1,31.59887503012294,36.60112496987706,20,20,20,19.12736237186346,19.12517509540871,19.129549648318207,20,20,20,0,0,0,0,0,0
p3u_t18_d1,P3-U,18,1,1,2,30,45.833333333333336,45.69769238290556,45.96897428376111,67.13333333333334,62.78124107039427,71.4854255962724,20,20,20,19.13473101120081,19.134050947483697,19.135411074917922,19.323582576881922,19.322270211009073,19.32489494275477,0,0,0,0,0,0
p3u_t18_d1,P3-U,18,1,1,3,30,45.96666666666667,45.90133333333333,46.032000000000004,102.06666666666666,96.1657271947401,107.96760613859323,19.323582576881922,19.322270211009073,19.32489494275477,19.13539570847642,19.135069745180903,19.135721671771936,18.64274397016145,18.641465635578367,18.644022304744535,0,0,0,0,0,0
p3u_t18_d1,P3-U,18,1,1,4,30,45.86666666666667,45.7429430840148,45.99039024931854,134.93333333333334,129.37693958568306,140.4897270809836,18.64274397016145,18.641465635578367,18.644022304744535,18.13991433214266,18.139295076056015,18.140533588229303,17.9615065450756,17.960237600768988,17.962775489382214,0,0,0,0,0,0
p3u_t18_d1,P3-U,18,1,1,5,30,45.8,45.65441485486919,45.945585145130806,173.1,166.8682939440458,179.33170605595419,17.9615065450756,17.960237600768988,17.962775489382214,17.144603276588406,17.14387345085369,17.14533310232312,17.87755794579,17.876307969973364,17.878807921606633,0,0,0,0,0,0
p3u_t18_d1,P3-U,18,1,1,6,30,45.766666666666666,45.61272763310584,45.92060570022749,204.7,197.15261768146934,212.24738231853064,17.87755794579,17.876307969973364,17.878807921606633,17.144439587114327,17.143668898733356,17.145210275495298,18.39079597983695,18.38952831840819,18.392063641265707,0,0,0,0,0,0
p3u_t18_d1,P3-U,18,1,1,7,30,45.8,45.65441485486919,45.945585145130806,240.9,232.45305524049584,249.34694475950417,18.39079597983695,18.38952831840819,18.392063641265707,18.13958210232305,18.13885235601787,18.14031184862823,18.904132227568358,18.902848052060122,18.905416403076593,0,0,0,0,0,0
p3u_t18_d1,P3-U,18,1,1,8,30,45.766666666666666,45.58631010199142,45.94702323134191,273.03333333333336,263.78768158450913,282.2789850821576,18.904132227568358,18.902848052060122,18.905416403076593,18.139414165288386,18.13851148582078,18.140316844755993,18.820382966174527,18.81909908548938,18.821666846859674,0,0,0,0,0,0
p3u_t18_d1,P3-U,18,1,1,9,30,45.733333333333334,45.57238289951722,45.894283767149446,356.6333333333333,345.03763290410336,368.2290337625633,18.820382966174527,18.81909908548938,18.821666846859674,18.139249887268836,18.13844273207323,18.14005704246444,18.7367344670015,18.735467712616543,18.738001221386458,0,0,0,0,0,0
p3u_t18_d1,P3-U,18,1,1,10,30,45.833333333333336,45.66831899516611,45.99834767150056,437.3333333333333,425.74683285174,448.9198338149266,18.7367344670015,18.735467712616543,18.738001221386458,18.13974668402751,18.13891924395789,18.14057412409713,18.653184534640193,18.651878119611254,18.654490949669132,0,0,0,0,0,0
p3u_t18_d1,P3-U,18,1,1,11,30,45.8,45.62671901763155,45.97328098236844,515.8,502.69989840874695,528.9001015912529,18.653184534640193,18.651878119611254,18.654490949669132,18.139581186930545,18.13871291677022,18.14044945709087,18.569336524223683,18.568208512698934,18.57046453574843,0,0,0,0,0,0
p3u_t18_d1,P3-U,18,1,1,12,30,45.93333333333333,45.84254504438612,46.02412162228054,597.4666666666667,584.6854940572372,610.2478392760962,18.569336524223683,18.568208512698934,18.57046453574843,18.140249519964875,18.139794677677767,18.140704362251984,18.485587812065358,18.484398367210897,18.48677725691982,0,0,0,0,0,0
p3u_t18_d1,P3-U,18,1,1,13,30,45.833333333333336,45.69769238290556,45.96897428376111,675.6333333333333,661.9754332596963,689.2912334069704,18.485587812065358,18.484398367210897,18.48677725691982,18.139745386595635,18.139066799663002,18.140423973528268,18.40143810008643,18.400282036682718,18.402594163490143,0,0,0,0,0,0
p3u_t18_d1,P3-U,18,1,1,14,30,45.9,45.79081114115189,46.009188858848105,757.6666666666666,744.259081874405,771.0742514589283,18.40143810008643,18.400282036682718,18.402594163490143,18.1400823188118,18.13953507296999,18.140629564653608,18.317590868129052,18.316454763285353,18.31872697297275,0,0,0,0,0,0
p3u_t18_d1,P3-U,18,1,1,15,30,45.93333333333333,45.84254504438612,46.02412162228054,837.5,824.4119204187002,850.5880795812998,18.317590868129052,18.316454763285353,18.31872697297275,18.140248354580898,18.139793282731066,18.14070342643073,18.23354147684197,18.232233830086738,18.234849123597204,0,0,0,0,0,0
p3u_t18_d1,P3-U,18,1,1,16,30,45.93333333333333,45.84254504438612,46.02412162228054,924.9,910.134482251177,939.6655177488229,18.23354147684197,18.232233830086738,18.234849123597204,18.140249747700466,18.13979386019329,18.14070563520764,18.14939246409343,18.148105144561814,18.150679783625048,0,0,0,0,0,0
p3u_t18_d1,P3-U,18,1,1,17,30,45.86666666666667,45.7429430840148,45.99039024931854,1008,992.7569502553707,1023.2430497446293,18.14939246409343,18.148105144561814,18.150679783625048,18.13991573368999,18.139296027636746,18.140535439743232,18.06524261547315,18.06397997390032,18.06650525704598,0,0,0,0,0,0
p3u_t18_d1,P3-U,18,1,1,18,30,30.666666666666668,30.395384765811116,30.93794856752222,1103.7333333333333,1088.646371443505,1118.8202952231618,18.06524261547315,18.06397997390032,18.06650525704598,18.063607103321523,18.062245399872214,18.064968806770832,17.981293175259157,17.98003029420505,17.982556056313264,40.9,38.79582453421664,43.004175465783355,0,0,0
p3u_t18_d1,P3-U,18,1,1,19,30,45.96666666666667,45.90133333333333,46.032000000000004,1181.6,1165.3240083332648,1197.875991666735,17.981293175259157,17.98003029420505,17.982556056313264,17.145443991912874,17.145118166720582,17.145769817105165,17.94312891326625,17.942521565119257,17.943736261413243,0,0,0,0,0,0
p3u_t18_d1,P3-U,18,1,1,20,30,45.9,45.79081114115189,46.009188858848105,1264.8333333333333,1248.0294176338527,1281.6372490328138,17.94312891326625,17.942521565119257,17.943736261413243,17.14509858967547,17.144552112415766,17.145645066935174,18.455862518118522,18.455249761174766,18.456475275062278,0,0,0,0,0,0
p3u_t18_d1,P3-U,18,1,1,21,30,45.833333333333336,45.66831899516611,45.99834767150056,1343.4666666666667,1326.036497368069,1360.8968359652645,18.455862518118522,18.455249761174766,18.456475275062278,18.139740588561686,18.138913147444146,18.140568029679226,18.968803364313242,18.968017617732244,18.96958911089424,0,0,0,0,0,0
p3u_t18_d1,P3-U,18,1,1,22,30,45.86666666666667,45.7429430840148,45.99039024931854,1425.3,1408.7361171579669,1441.863882842033,18.968803364313242,18.968017617732244,18.96958911089424,18.139914887896243,18.139295175570883,18.140534600221603,18.884959011176225,18.883974081031496,18.885943941320953,0,0,0,0,0,0
p3u_t18_d1,P3-U,18,1,1,23,30,45.86666666666667,45.7429430840148,45.99039024931854,1508.5333333333333,1491.4312782055463,1525.6353884611203,18.884959011176225,18.883974081031496,18.885943941320953,18.139918557221435,18.13930027936586,18.14053683507701,18.801010078438484,18.80002834797832,18.80199180889865,0,0,0,0,0,0
p3u_t18_d1,P3-U,18,1,1,24,30,45.86666666666667,45.7429430840148,45.99039024931854,1592.6666666666667,1575.4325137436717,1609.9008195896618,18.801010078438484,18.80002834797832,18.80199180889865,18.139918346724794,18.139298456886724,18.140538236562865,18.717058944105624,18.716062678409966,18.718055209801282,0,0,0,0,0,0
p3d_025_t18_d1,P3-D0.25,18,1,0.25,1,30,44.36666666666667,43.931092337569346,44.80224099576399,34.1,31.59887503012294,36.60112496987706,20,20,20,19.12736237186346,19.12517509540871,19.129549648318207,20,20,20,0,0,0,0,0,0
p3d_025_t18_d1,P3-D0.25,18,1,0.25,2,30,45.833333333333336,45.69769238290556,45.96897428376111,67.13333333333334,62.78124107039427,71.4854255962724,20,20,20,19.13473101120081,19.134050947483697,19.135411074917922,19.830895644220483,19.83056755275227,19.831223735688695,0,0,0,0,0,0
p3d_025_t18_d1,P3-D0.25,18,1,0.25,3,30,45.96666666666667,45.90133333333333,46.032000000000004,102.06666666666666,96.1657271947401,107.96760613859323,19.830895644220483,19.83056755275227,19.831223735688695,19.13539570847642,19.135069745180903,19.135721671771936,19.66068599254036,19.66036640889459,19.661005576186128,0,0,0,0,0,0
p3d_025_t18_d1,P3-D0.25,18,1,0.25,4,30,45.96666666666667,45.90133333333333,46.032000000000004,134.83333333333334,129.2609495116697,140.40571715499698,19.66068599254036,19.66036640889459,19.661005576186128,19.13539485466419,19.13506915653174,19.135720552796645,19.49037663626889,19.490059400192237,19.490693872345545,0,0,0,0,0,0
p3d_025_t18_d1,P3-D0.25,18,1,0.25,5,30,45.8,45.65441485486919,45.945585145130806,173,166.73321193563416,179.26678806436584,19.49037663626889,19.490059400192237,19.490693872345545,19.134558723503556,19.133829166635643,19.13528828037147,19.320067408069274,19.319744998289046,19.320389817849502,0,0,0,0,0,0
p3d_025_t18_d1,P3-D0.25,18,1,0.25,6,30,45.93333333333333,45.84254504438612,46.02412162228054,204.43333333333334,196.86985965996982,211.99680700669686,19.320067408069274,19.319744998289046,19.320389817849502,19.13523145301483,19.13477714797181,19.135685758057846,19.149883599543738,19.14956765494074,19.150199544146737,0,0,0,0,0,0
p3d_025_t18_d1,P3-D0.25,18,1,0.25,7,30,45.96666666666667,45.90133333333333,46.032000000000004,240.46666666666667,232.0273662144606,248.90596711887272,19.149883599543738,19.14956765494074,19.150199544146737,19.135394978901427,19.135067536290446,19.13572242151241,18.97959888159151,18.979284461756677,18.979913301426343,0,0,0,0,0,0
p3d_025_t18_d1,P3-D0.25,18,1,0.25,8,30,45.9,45.79081114115189,46.009188858848105,272.46666666666664,263.1613890177942,281.7719443155391,18.97959888159151,18.979284461756677,18.979913301426343,18.14008271528346,18.1395347088399,18.140630721727018,18.809289634756297,18.808972402437952,18.809606867074642,0,0,0,0,0,0
p3d_025_t18_d1,P3-D0.25,18,1,0.25,9,30,45.8,45.65441485486919,45.945585145130806,356,344.39192385775584,367.60807614224416,18.809289634756297,18.808972402437952,18.809606867074642,18.13958425553081,18.138855017990565,18.140313493071055,18.788277227463777,18.787969061758808,18.788585393168745,0,0,0,0,0,0
p3d_025_t18_d1,P3-D0.25,18,1,0.25,10,30,45.93333333333333,45.84254504438612,46.02412162228054,436.6,425.0404875256922,448.15951247430786,18.788277227463777,18.787969061758808,18.788585393168745,18.140248502168806,18.139793437475614,18.140703566861998,18.76733958913416,18.767041284563728,18.767637893704592,0,0,0,0,0,0
p3d_025_t18_d1,P3-D0.25,18,1,0.25,11,30,45.86666666666667,45.7429430840148,45.99039024931854,515,501.87309517270626,528.1269048272937,18.76733958913416,18.767041284563728,18.767637893704592,18.139916362347375,18.139295988857157,18.140536735837593,18.746302313808833,18.74601254828679,18.746592079330878,0,0,0,0,0,0
p3d_025_t18_d1,P3-D0.25,18,1,0.25,12,30,45.833333333333336,45.69769238290556,45.96897428376111,596.7666666666667,583.9713544958795,609.5619788374538,18.746302313808833,18.74601254828679,18.746592079330878,18.139747262735412,18.139065878983306,18.140428646487518,18.725314859456724,18.725046591733232,18.725583127180215,0,0,0,0,0,0
p3d_025_t18_d1,P3-D0.25,18,1,0.25,13,30,45.833333333333336,45.69769238290556,45.96897428376111,674.9333333333333,661.2500936909419,688.6165729757247,18.725314859456724,18.725046591733232,18.725583127180215,18.139746907942985,18.139067960993664,18.140425854892307,18.704352770046416,18.704035384461143,18.70467015563169,0,0,0,0,0,0
p3d_025_t18_d1,P3-D0.25,18,1,0.25,14,30,45.9,45.79081114115189,46.009188858848105,756.9666666666667,743.5133324926239,770.4200008407095,18.704352770046416,18.704035384461143,18.70467015563169,18.140081887137946,18.139534349891708,18.140629424384183,18.68339073385497,18.68308231803122,18.68369914967872,0,0,0,0,0,0
p3d_025_t18_d1,P3-D0.25,18,1,0.25,15,30,45.93333333333333,45.84254504438612,46.02412162228054,836.8,823.6658986069735,849.9341013930264,18.68339073385497,18.68308231803122,18.68369914967872,18.140249089304465,18.139793947762378,18.140704230846552,18.66237845078428,18.66205930704348,18.66269759452508,0,0,0,0,0,0
p3d_025_t18_d1,P3-D0.25,18,1,0.25,16,30,45.93333333333333,45.84254504438612,46.02412162228054,924.2,909.3703109340383,939.0296890659617,18.66237845078428,18.66205930704348,18.66269759452508,18.14025078773949,18.13979524952655,18.14070632595243,18.641341087388607,18.64101622311733,18.641665951659885,0,0,0,0,0,0
p3d_025_t18_d1,P3-D0.25,18,1,0.25,17,30,45.86666666666667,45.7429430840148,45.99039024931854,1007.3,992.0184278175373,1022.5815721824627,18.641341087388607,18.64101622311733,18.641665951659885,18.139915837647937,18.139296221711696,18.140535453584178,18.62030346922768,18.619974025105062,18.620632913350295,0,0,0,0,0,0
p3d_025_t18_d1,P3-D0.25,18,1,0.25,18,30,45.8,45.62671901763155,45.97328098236844,1087.9,1072.8739161532317,1102.9260838467685,18.62030346922768,18.619974025105062,18.620632913350295,18.139582433620223,18.138713871224766,18.14045099601568,18.599316093580494,18.59898824277316,18.59964394438783,0,0,0,0,0,0
p3d_025_t18_d1,P3-D0.25,18,1,0.25,19,30,45.86666666666667,45.7429430840148,45.99039024931854,1165.8666666666666,1149.6760500871148,1182.0572832462183,18.599316093580494,18.59898824277316,18.59964394438783,18.139911615294483,18.139292198591193,18.140531031997774,18.57837872853747,18.57804192060517,18.57871553646977,0,0,0,0,0,0
p3d_025_t18_d1,P3-D0.25,18,1,0.25,20,30,45.86666666666667,45.7429430840148,45.99039024931854,1249.1333333333334,1232.4235837686808,1265.843082897986,18.57837872853747,18.57804192060517,18.57871553646977,18.139919063498045,18.139299265724922,18.140538861271168,18.557391986243292,18.557030584882735,18.55775338760385,0,0,0,0,0,0
p3d_025_t18_d1,P3-D0.25,18,1,0.25,21,30,45.86666666666667,45.7429430840148,45.99039024931854,1327.7333333333333,1310.3988826248747,1345.067784041792,18.557391986243292,18.557030584882735,18.55775338760385,18.139917908505492,18.13929879559765,18.140537021413333,18.536404126718583,18.536043183762573,18.536765069674594,0,0,0,0,0,0
p3d_025_t18_d1,P3-D0.25,18,1,0.25,22,30,45.766666666666666,45.56329568842918,45.97003764490415,1409.6666666666667,1393.2486645108236,1426.08466882251,18.536404126718583,18.536043183762573,18.536765069674594,18.13941356942289,18.13839529997636,18.140431838869418,18.515416440442756,18.515073994243195,18.515758886642317,0,0,0,0,0,0
p3d_025_t18_d1,P3-D0.25,18,1,0.25,23,30,45.96666666666667,45.90133333333333,46.032000000000004,1492.8,1475.8185157330684,1509.7814842669316,18.515416440442756,18.515073994243195,18.515758886642317,18.14041678830639,18.140089648161855,18.140743928450924,18.49450440502932,18.494141227921205,18.494867582137438,0,0,0,0,0,0
p3d_025_t18_d1,P3-D0.25,18,1,0.25,24,30,45.86666666666667,45.7429430840148,45.99039024931854,1576.9333333333334,1559.84569145266,1594.0209752140067,18.49450440502932,18.494141227921205,18.494867582137438,18.139915463022874,18.13929605922487,18.14053486682088,18.473441886783363,18.47307008238739,18.473813691179334,0,0,0,0,0,0
p3d_05_t18_d1,P3-D0.5,18,1,0.5,1,30,44.36666666666667,43.931092337569346,44.80224099576399,34.1,31.59887503012294,36.60112496987706,20,20,20,19.12736237186346,19.12517509540871,19.129549648318207,20,20,20,0,0,0,0,0,0
p3d_05_t18_d1,P3-D0.5,18,1,0.5,2,30,45.833333333333336,45.69769238290556,45.96897428376111,67.13333333333334,62.78124107039427,71.4854255962724,20,20,20,19.13473101120081,19.134050947483697,19.135411074917922,19.661791288440963,19.66113510550454,19.662447471377387,0,0,0,0,0,0
p3d_05_t18_d1,P3-D0.5,18,1,0.5,3,30,45.96666666666667,45.90133333333333,46.032000000000004,102.06666666666666,96.1657271947401,107.96760613859323,19.661791288440963,19.66113510550454,19.662447471377387,19.13539570847642,19.135069745180903,19.135721671771936,19.321371985080717,19.320732817789175,19.32201115237226,0,0,0,0,0,0
p3d_05_t18_d1,P3-D0.5,18,1,0.5,4,30,45.96666666666667,45.90133333333333,46.032000000000004,134.83333333333334,129.2609495116697,140.40571715499698,19.321371985080717,19.320732817789175,19.32201115237226,19.13539485466419,19.13506915653174,19.135720552796645,18.9807532725378,18.980118800384496,18.981387744691105,0,0,0,0,0,0
p3d_05_t18_d1,P3-D0.5,18,1,0.5,5,30,45.8,45.65441485486919,45.945585145130806,173,166.73321193563416,179.26678806436584,18.9807532725378,18.980118800384496,18.981387744691105,18.139581120044188,18.138851491009042,18.140310749079333,18.640134816138534,18.639489996578078,18.64077963569899,0,0,0,0,0,0
p3d_05_t18_d1,P3-D0.5,18,1,0.5,6,30,45.9,45.79081114115189,46.009188858848105,204.46666666666667,196.90841989962004,212.0249134337133,18.640134816138534,18.639489996578078,18.64077963569899,18.140086027474318,18.139539831346017,18.14063222360262,18.59826048012528,18.597628637881122,18.598892322369437,0,0,0,0,0,0
p3d_05_t18_d1,P3-D0.5,18,1,0.5,7,30,45.86666666666667,45.7429430840148,45.99039024931854,240.6,232.15867666309595,249.04132333690404,18.59826048012528,18.597628637881122,18.598892322369437,18.13991677832372,18.139296929298016,18.140536627349423,18.55623467188299,18.55563260081762,18.55683674294836,0,0,0,0,0,0
p3d_05_t18_d1,P3-D0.5,18,1,0.5,8,30,45.833333333333336,45.69769238290556,45.96897428376111,272.6666666666667,263.38057981362977,281.9527535197036,18.55623467188299,18.55563260081762,18.55683674294836,18.139748015170444,18.13906898730571,18.140427043035178,18.51425963838587,18.513640228774353,18.514879047997386,0,0,0,0,0,0
p3d_05_t18_d1,P3-D0.5,18,1,0.5,9,30,45.8,45.65441485486919,45.945585145130806,356.2,344.5765661354057,367.8234338645943,18.51425963838587,18.513640228774353,18.514879047997386,18.139584527053866,18.13885524980633,18.140313804301403,18.47233523383473,18.47170663883671,18.47296382883275,0,0,0,0,0,0
p3d_05_t18_d1,P3-D0.5,18,1,0.5,10,30,45.9,45.79081114115189,46.009188858848105,436.8333333333333,425.24311770818,448.4235489584866,18.47233523383473,18.47170663883671,18.47296382883275,18.1400805487382,18.13953343342927,18.14062766404713,18.430459875718576,18.429821655281607,18.431098096155544,0,0,0,0,0,0
p3d_05_t18_d1,P3-D0.5,18,1,0.5,11,30,45.8,45.65441485486919,45.945585145130806,515.3,502.1737174910126,528.4262825089874,18.430459875718576,18.429821655281607,18.431098096155544,18.139581239844212,18.138851942642763,18.14031053704566,18.388435711097113,18.387840749692316,18.38903067250191,0,0,0,0,0,0
p3d_05_t18_d1,P3-D0.5,18,1,0.5,12,30,45.86666666666667,45.7429430840148,45.99039024931854,597.0333333333333,584.2163673526422,609.8502993140244,18.388435711097113,18.387840749692316,18.38903067250191,18.139914701921224,18.13929414940719,18.14053525443526,18.346561339143854,18.345952780102223,18.347169898185484,0,0,0,0,0,0
p3d_05_t18_d1,P3-D0.5,18,1,0.5,13,30,45.86666666666667,45.7429430840148,45.99039024931854,675.1666666666666,661.4569425454844,688.8763907878489,18.346561339143854,18.345952780102223,18.347169898185484,18.139914536936868,18.13929499312551,18.140534080748225,18.30458692856748,18.303964338252868,18.305209518882094,0,0,0,0,0,0
p3d_05_t18_d1,P3-D0.5,18,1,0.5,14,30,45.93333333333333,45.84254504438612,46.02412162228054,757.1666666666666,743.7200298155665,770.6133035177668,18.30458692856748,18.303964338252868,18.305209518882094,18.140249605261136,18.13979362946239,18.140705581059883,18.262612567486425,18.26200099462734,18.26322414034551,0,0,0,0,0,0
p3d_05_t18_d1,P3-D0.5,18,1,0.5,15,30,45.93333333333333,45.84254504438612,46.02412162228054,837,823.8720860705926,850.1279139294074,18.262612567486425,18.26200099462734,18.26322414034551,18.140249368241836,18.13979419958601,18.140704536897662,18.220537685908084,18.219856966562325,18.221218405253843,0,0,0,0,0,0
p3d_05_t18_d1,P3-D0.5,18,1,0.5,16,30,45.93333333333333,45.84254504438612,46.02412162228054,924.4,909.5863388802728,939.2136611197271,18.220537685908084,18.219856966562325,18.221218405253843,18.14025011990228,18.13979464562403,18.14070559418053,18.178462875435528,18.177777293341236,18.17914845752982,0,0,0,0,0,0
p3d_05_t18_d1,P3-D0.5,18,1,0.5,17,30,45.833333333333336,45.69769238290556,45.96897428376111,1007.5333333333333,992.2657576258192,1022.8009090408474,18.178462875435528,18.177777293341236,18.17914845752982,18.13974828708986,18.139068557953145,18.140428016226572,18.13638783946485,18.13569930356061,18.137076375369087,0,0,0,0,0,0
p3d_05_t18_d1,P3-D0.5,18,1,0.5,18,30,44.8,44.62671901763155,44.97328098236844,1089.1333333333334,1074.0373596314598,1104.229307035207,18.13638783946485,18.13569930356061,18.137076375369087,18.134562000334725,18.13369249926372,18.13543150140573,18.09446335333789,18.09376180619764,18.09516490047814,1.7,1.2781588248979312,2.1218411751020687,0,0,0
p3d_05_t18_d1,P3-D0.5,18,1,0.5,19,30,36.233333333333334,36.05297676865809,36.41368989800858,1176.7333333333333,1160.4588790904343,1193.0077875762324,18.09446335333789,18.09376180619764,18.09516490047814,18.091545415948186,18.09064021527126,18.09245061662511,18.05409475323747,18.053576913338965,18.054612593135978,26.333333333333332,24.23760383132362,28.429062835343043,0,0,0
p3d_05_t18_d1,P3-D0.5,18,1,0.5,20,30,28.2,28.05441485486919,28.34558514513081,1277.6666666666667,1260.8897727222725,1294.443560611061,18.05409475323747,18.053576913338965,18.054612593135978,18.0512230875985,18.050492109209245,18.051954065987758,18.026631128453015,18.02632552516255,18.02693673174348,49.5,47.29459326867475,51.70540673132525,0,0,0
p3d_05_t18_d1,P3-D0.5,18,1,0.5,21,30,23,23,23,1379.1333333333334,1361.6973383557522,1396.5693283109147,18.026631128453015,18.02632552516255,18.02693673174348,18.025116858904077,18.025114740661145,18.02511897714701,18.01126420217347,18.011000945728213,18.01152745861873,62.86666666666667,60.649312556687356,65.08402077664599,0,0,0
p3d_05_t18_d1,P3-D0.5,18,1,0.5,22,30,20,20,20,1486.8333333333333,1470.2428314575484,1503.4238352091181,18.01126420217347,18.011000945728213,18.01152745861873,18.010055556624344,18.01005371717374,18.01005739607495,18.00372914450224,18.00346571423476,18.003992574769722,71.2,67.66824720668286,74.73175279331714,0,0,0
p3d_05_t18_d1,P3-D0.5,18,1,0.5,23,30,18,18,18,1597.9333333333334,1580.7897080046591,1615.0769586620077,18.00372914450224,18.00346571423476,18.003992574769722,18.0000167852621,18.00001488646314,18.00001868406106,18.000712477514938,18.00044902699525,18.000975928034627,77.6,74.74094101165251,80.45905898834748,0,0,0
p3d_05_t18_d1,P3-D0.5,18,1,0.5,24,30,18,18,18,1709.9333333333334,1692.6511814948446,1727.2154851718221,18.000712477514938,18.00044902699525,18.000975928034627,18.000016314647276,18.000014617077813,18.00001801221674,18.000707441936314,18.00044414113064,18.000970742741988,76.9,74.3812823185953,79.41871768140471,0,0,0
p3d_075_t18_d1,P3-D0.75,18,1,0.75,1,30,44.36666666666667,43.931092337569346,44.80224099576399,34.1,31.59887503012294,36.60112496987706,20,20,20,19.12736237186346,19.12517509540871,19.129549648318207,20,20,20,0,0,0,0,0,0
p3d_075_t18_d1,P3-D0.75,18,1,0.75,2,30,45.833333333333336,45.69769238290556,45.96897428376111,67.13333333333334,62.78124107039427,71.4854255962724,20,20,20,19.13473101120081,19.134050947483697,19.135411074917922,19.492686932661446,19.49170265825681,19.493671207066082,0,0,0,0,0,0
p3d_075_t18_d1,P3-D0.75,18,1,0.75,3,30,45.96666666666667,45.90133333333333,46.032000000000004,102.06666666666666,96.1657271947401,107.96760613859323,19.492686932661446,19.49170265825681,19.493671207066082,19.13539570847642,19.135069745180903,19.135721671771936,18.98205797762108,18.981099226683767,18.98301672855839,0,0,0,0,0,0
p3d_075_t18_d1,P3-D0.75,18,1,0.75,4,30,45.86666666666667,45.7429430840148,45.99039024931854,134.93333333333334,129.37693958568306,140.4897270809836,18.98205797762108,18.981099226683767,18.98301672855839,18.13991433214266,18.139295076056015,18.140533588229303,18.47112990880669,18.470178200576733,18.47208161703665,0,0,0,0,0,0
p3d_075_t18_d1,P3-D0.75,18,1,0.75,5,30,45.9,45.79081114115189,46.009188858848105,173,166.73321193563416,179.26678806436584,18.47112990880669,18.470178200576733,18.47208161703665,18.14008329555866,18.139535521925236,18.140631069192086,18.408168459342495,18.40723097748002,18.40910594120497,0,0,0,0,0,0
p3d_075_t18_d1,P3-D0.75,18,1,0.75,6,30,45.833333333333336,45.69769238290556,45.96897428376111,204.53333333333333,196.97567080268254,212.09099586398412,18.408168459342495,18.40723097748002,18.40910594120497,18.13975111616623,18.139072185489173,18.14043004684329,18.345130976341103,18.3441831366318,18.346078816050408,0,0,0,0,0,0
p3d_075_t18_d1,P3-D0.75,18,1,0.75,7,30,45.9,45.79081114115189,46.009188858848105,240.63333333333333,232.185273449504,249.08139321716266,18.345130976341103,18.3441831366318,18.346078816050408,18.14008406063793,18.139537340010286,18.14063078126557,18.282242974066296,18.281350037225543,18.28313591090705,0,0,0,0,0,0
p3d_075_t18_d1,P3-D0.75,18,1,0.75,8,30,45.766666666666666,45.58631010199142,45.94702323134191,272.76666666666665,263.47185829084225,282.06147504249105,18.282242974066296,18.281350037225543,18.28313591090705,18.139413189712474,18.13850960587565,18.140316773549298,18.219205146779228,18.218296049837647,18.220114243720808,0,0,0,0,0,0
p3d_075_t18_d1,P3-D0.75,18,1,0.75,9,30,45.8,45.65441485486919,45.945585145130806,356.3,344.6759013460294,367.92409865397065,18.219205146779228,18.218296049837647,18.220114243720808,18.139584527053866,18.13885540707786,18.140313647029874,18.156469211408613,18.155527907161005,18.15741051565622,0,0,0,0,0,0
p3d_075_t18_d1,P3-D0.75,18,1,0.75,10,30,45.9,45.79081114115189,46.009188858848105,436.93333333333334,425.3477475313344,448.5189191353323,18.156469211408613,18.155527907161005,18.15741051565622,18.140080627174008,18.139533501953373,18.140627752394643,18.09365617423437,18.092714653959366,18.09459769450937,0,0,0,0,0,0
p3d_075_t18_d1,P3-D0.75,18,1,0.75,11,30,36.166666666666664,35.95478872884302,36.37854460449031,525.0333333333333,511.88609884651663,538.1805678201499,18.09365617423437,18.092714653959366,18.09459769450937,18.09121424318063,18.09014973552718,18.09227875083408,18.030619892006072,18.029751898168804,18.03148788584334,26.433333333333334,24.436101517243106,28.43056514942356,0,0,0
p3d_075_t18_d1,P3-D0.75,18,1,0.75,12,30,23.633333333333333,23.394051009181837,23.87261565748483,629,616.1573875970139,641.8426124029861,18.030619892006072,18.029751898168804,18.03148788584334,18.028295894846348,18.027094504755038,18.02949728493766,17.989573482574787,17.989048220820518,17.990098744329057,60.63333333333333,57.22361012572682,64.04305654093984,0,0,0
p3d_075_t18_d1,P3-D0.75,18,1,0.75,13,30,46,46,46,707,693.2941682350973,720.7058317649027,17.989573482574787,17.989048220820518,17.990098744329057,17.145602618325103,17.145597930154967,17.14560730649524,17.976840329893932,17.976636542112765,17.9770441176751,0,0,0,0,0,0
p3d_075_t18_d1,P3-D0.75,18,1,0.75,14,30,45.96666666666667,45.90133333333333,46.032000000000004,788.9666666666667,775.4818603359188,802.4514729974146,17.976840329893932,17.976636542112765,17.9770441176751,17.145429712015844,17.14510226097532,17.145757163056366,18.361319151647635,18.36111578405576,18.36152251923951,0,0,0,0,0,0
p3d_075_t18_d1,P3-D0.75,18,1,0.75,15,30,45.96666666666667,45.90133333333333,46.032000000000004,868.7666666666667,855.5915182482714,881.9418150850619,18.361319151647635,18.36111578405576,18.36152251923951,18.140410374250855,18.140083453512204,18.140737294989506,18.7458757812405,18.745630885486904,18.746120676994096,0,0,0,0,0,0
p3d_075_t18_d1,P3-D0.75,18,1,0.75,16,30,45.8,45.52763513315838,46.07236486684162,956.3,941.3025069803796,971.2974930196203,18.7458757812405,18.745630885486904,18.746120676994096,18.13957698897858,18.138210157589885,18.140943820367273,18.68269111282762,18.682413941851696,18.682968283803543,0.6666666666666666,-0.24606692281275266,1.5794002561460858,0,0,0
p3d_075_t18_d1,P3-D0.75,18,1,0.75,17,30,45.9,45.79081114115189,46.009188858848105,1039.3666666666666,1023.9437764405383,1054.7895568927947,18.68269111282762,18.682413941851696,18.682968283803543,18.14008177606776,18.139535797087312,18.140627755048207,18.61988146778726,18.61923421339317,18.620528722181348,0,0,0,0,0,0
p3d_075_t18_d1,P3-D0.75,18,1,0.75,18,30,45.96666666666667,45.90133333333333,46.032000000000004,1119.8,1104.593958562995,1135.0060414370048,18.61988146778726,18.61923421339317,18.620528722181348,18.14041786986713,18.14009087199905,18.140744867735208,18.55684466855676,18.55618563896811,18.55750369814541,0,0,0,0,0,0
p3d_075_t18_d1,P3-D0.75,18,1,0.75,19,30,45.9,45.79081114115189,46.009188858848105,1197.7333333333333,1181.362303363184,1214.1043633034826,18.55684466855676,18.55618563896811,18.55750369814541,18.14008121828729,18.139534718170744,18.140627718403834,18.493656627116554,18.49299616913396,18.494317085099148,0,0,0,0,0,0
p3d_075_t18_d1,P3-D0.75,18,1,0.75,20,30,45.86666666666667,45.7429430840148,45.99039024931854,1281,1264.0277231595337,1297.9722768404663,18.493656627116554,18.49299616913396,18.494317085099148,18.139914887909175,18.139295215788543,18.140534560029806,18.43062007888727,18.429962277384185,18.431277880390354,0,0,0,0,0,0
p3d_075_t18_d1,P3-D0.75,18,1,0.75,21,30,45.833333333333336,45.69769238290556,45.96897428376111,1359.6333333333334,1342.044351256095,1377.2223154105718,18.43062007888727,18.429962277384185,18.431277880390354,18.139748336724335,18.139069507791593,18.140427165657076,18.36765837932814,18.366862936776922,18.36845382187936,0,0,0,0,0,0
p3d_075_t18_d1,P3-D0.75,18,1,0.75,22,30,45.733333333333334,45.57238289951722,45.894283767149446,1441.6,1424.9212322073702,1458.2787677926297,18.36765837932814,18.366862936776922,18.36845382187936,18.139248864941287,18.138443117056564,18.14005461282601,18.304771627802193,18.303988185135694,18.305555070468692,0,0,0,0,0,0
p3d_075_t18_d1,P3-D0.75,18,1,0.75,23,30,45.96666666666667,45.90133333333333,46.032000000000004,1524.7333333333333,1507.467541395254,1541.9991252714126,18.304771627802193,18.303988185135694,18.305555070468692,18.140418397927114,18.140090924005182,18.140745871849045,18.242109638578615,18.241271456996863,18.242947820160367,0,0,0,0,0,0
p3d_075_t18_d1,P3-D0.75,18,1,0.75,24,30,45.93333333333333,45.84254504438612,46.02412162228054,1608.8,1591.4224343966466,1626.1775656033533,18.242109638578615,18.241271456996863,18.242947820160367,18.140247689469017,18.139792721479097,18.140702657458938,18.17892135951142,18.17802203704528,18.17982068197756,0,0,0,0,0,0
p3u_t18_d3,P3-U,18,3,1,1,30,44.36666666666667,43.931092337569346,44.80224099576399,34.1,31.59887503012294,36.60112496987706,20,20,20,19.12736237186346,19.12517509540871,19.129549648318207,20,20,20,0,0,0,0,0,0
p3u_t18_d3,P3-U,18,3,1,2,30,45.833333333333336,45.69769238290556,45.96897428376111,67.13333333333334,62.78124107039427,71.4854255962724,20,20,20,19.13473101120081,19.134050947483697,19.135411074917922,20,20,20,0,0,0,0,0,0
p3u_t18_d3,P3-U,18,3,1,3,30,45.96666666666667,45.90133333333333,46.032000000000004,102.06666666666666,96.1657271947401,107.96760613859323,20,20,20,19.13539596930597,19.13506998907013,19.135721949541814,20,20,20,0,0,0,0,0,0
p3u_t18_d3,P3-U,18,3,1,4,30,45.96666666666667,45.90133333333333,46.032000000000004,134.83333333333334,129.2609495116697,140.40571715499698,20,20,20,19.13539485466419,19.13506915653174,19.135720552796645,19.323582576881922,19.322270211009073,19.32489494275477,0,0,0,0,0,0
p3u_t18_d3,P3-U,18,3,1,5,30,45.833333333333336,45.69769238290556,45.96897428376111,172.96666666666667,166.70376689883423,179.2295664344991,19.323582576881922,19.322270211009073,19.32489494275477,19.13472557000878,19.134045848759996,19.135405291257563,18.64274397016145,18.641465635578367,18.644022304744535,0,0,0,0,0,0
p3u_t18_d3,P3-U,18,3,1,6,30,45.9,45.79081114115189,46.009188858848105,204.43333333333334,196.87862188668328,211.9880447799834,18.64274397016145,18.641465635578367,18.644022304744535,18.140085845080574,18.139539670908317,18.14063201925283,17.961506388577867,17.960237649476458,17.962775127679276,0,0,0,0,0,0
p3u_t18_d3,P3-U,18,3,1,7,30,45.833333333333336,45.69769238290556,45.96897428376111,240.6,232.13360523198827,249.06639476801172,17.961506388577867,17.960237649476458,17.962775127679276,17.14477152448346,17.144091180589644,17.145451868377275,17.280269475779345,17.27898003702086,17.28155891453783,0,0,0,0,0,0
p3u_t18_d3,P3-U,18,3,1,8,30,45.56666666666667,45.34263314427083,45.79070018906251,272.93333333333334,263.6793513891239,282.1873152775428,17.280269475779345,17.27898003702086,17.28155891453783,17.143432645199248,17.142311404342983,17.144553886055512,16.599434133774075,16.598184623290848,16.600683644257302,0,0,0,0,0,0
p3u_t18_d3,P3-U,18,3,1,9,30,45.53333333333333,45.30831648424092,45.758350182425744,356.73333333333335,345.1321316621891,368.3345350044776,16.599434133774075,16.598184623290848,16.600683644257302,16.148290157067045,16.147162815722723,16.149417498411367,16.515382626725728,16.514190126553974,16.516575126897482,0,0,0,0,0,0
p3u_t18_d3,P3-U,18,3,1,10,30,45.666666666666664,45.44964114598223,45.8836921873511,437.6,426.01225465386403,449.187745346136,16.515382626725728,16.514190126553974,16.516575126897482,16.14895352139356,16.147865869545754,16.15004117324137,17.028519712035653,17.027248564330357,17.02979085974095,0,0,0,0,0,0
p3u_t18_d3,P3-U,18,3,1,11,30,22.2,21.91187869732095,22.488121302679048,539.6666666666666,526.566924620129,552.7664087132042,17.028519712035653,17.027248564330357,17.02979085974095,17.02612150884761,17.024674901600903,17.027568116094315,17.542460124916108,17.54133038933941,17.543589860492805,64.63333333333334,61.477845512571996,67.78882115409469,0,0,0
p3u_t18_d3,P3-U,18,3,1,12,30,45.96666666666667,45.90133333333333,46.032000000000004,621.3,608.4941781702371,634.1058218297628,17.542460124916108,17.54133038933941,17.543589860492805,17.14544214215118,17.145115081739878,17.14576920256248,18.65348603067588,18.652574230930103,18.654397830421654,0,0,0,0,0,0
p3u_t18_d3,P3-U,18,3,1,13,30,45.93333333333333,45.84254504438612,46.02412162228054,699.3666666666667,685.726236096278,713.0070972370554,18.65348603067588,18.652574230930103,18.654397830421654,18.140252133711048,18.13979710499993,18.140707162422167,19.764113917839747,19.763231491023827,19.764996344655668,0,0,0,0,0,0
p3u_t18_d3,P3-U,18,3,1,14,30,45.833333333333336,45.69769238290556,45.96897428376111,781.4666666666667,768.1015018953672,794.8318314379662,19.764113917839747,19.763231491023827,19.764996344655668,19.13472964759393,19.134049256434764,19.135410038753093,20.348441012531183,20.347491551744778,20.349390473317587,0,0,0,0,0,0
p3u_t18_d3,P3-U,18,3,1,15,30,46,46,46,861.2333333333333,848.1770283612173,874.2896383054494,20.348441012531183,20.347491551744778,20.349390473317587,20.13053687357844,20.130533052855775,20.130540694301104,20.861175727240468,20.860179262740523,20.862172191740413,0,0,0,0,0,0
p3u_t18_d3,P3-U,18,3,1,16,30,46,46,46,948.5666666666667,933.8222969488565,963.3110363844769,20.861175727240468,20.860179262740523,20.862172191740413,20.130540860926555,20.13053856792712,20.13054315392599,20.77702444701384,20.77602021495462,20.77802867907306,0,0,0,0,0,0
p3u_t18_d3,P3-U,18,3,1,17,30,46,46,46,1031.5333333333333,1016.3193567303334,1046.7473099363333,20.77702444701384,20.77602021495462,20.77802867907306,20.130540076568522,20.130536862462737,20.130543290674307,20.096186658457487,20.095109437551645,20.09726387936333,0,0,0,0,0,0
p3u_t18_d3,P3-U,18,3,1,18,30,38.56666666666667,38.38631010199143,38.74702323134191,1119.3666666666666,1104.3293809635215,1134.4039523698116,20.096186658457487,20.095109437551645,20.09726387936333,20.093223737010874,20.09231816615076,20.094129307870986,18.81786453431042,18.816788123763313,18.818940944857527,19.533333333333335,18.124546806237337,20.942119860429333,0,0,0
p3u_t18_d3,P3-U,18,3,1,19,30,46,46,46,1197.2,1180.9860365669929,1213.4139634330072,18.81786453431042,18.816788123763313,18.818940944857527,18.140577752095243,18.140574750104918,18.14058075408557,17.53954001775448,17.53846352210466,17.5406165134043,0,0,0,0,0,0
p3u_t18_d3,P3-U,18,3,1,20,30,46,46,46,1280.3333333333333,1263.5962293573787,1297.0704373092879,17.53954001775448,17.53846352210466,17.5406165134043,17.145595302849767,17.145592581829675,17.14559802386986,16.261215971813368,16.260139544440605,16.26229239918613,0,0,0,0,0,0
p3u_t18_d3,P3-U,18,3,1,21,30,45.96666666666667,45.90133333333333,46.032000000000004,1358.8333333333333,1341.4464490088371,1376.2202176578294,16.261215971813368,16.260139544440605,16.26229239918613,16.150451424877183,16.150125007169965,16.1507778425844,15.005281729606848,15.004623573176552,15.005939886037144,0,0,0,0,0,0
p3u_t18_d3,P3-U,18,3,1,22,30,15.833333333333334,15.697692382905558,15.96897428376111,1470.7,1454.1435831351619,1487.2564168648382,15.005281729606848,15.004623573176552,15.005939886037144,15.004197549901878,15.00351669066487,15.004878409138886,14.920935078349705,14.92027660706471,14.9215935496347,82.43333333333334,78.70183131122533,86.16483535544134,0,0,0
p3u_t18_d3,P3-U,18,3,1,23,30,45.96666666666667,45.90133333333333,46.032000000000004,1553.8333333333333,1536.7105449597702,1570.9561217068963,14.920935078349705,14.92027660706471,14.9215935496347,14.160497069347409,14.160169890964493,14.160824247730325,15.433577896639843,15.4329191405398,15.434236652739886,0,0,0,0,0,0
p3u_t18_d3,P3-U,18,3,1,24,30,45.266666666666666,44.97048447152269,45.56284886181064,1638.5666666666666,1621.3162902194442,1655.817043113889,15.433577896639843,15.4329191405398,15.434236652739886,15.151967210237085,15.150483646431953,15.153450774042218,16.543307041713536,16.542621838564695,16.543992244862377,0,0,0,0,0,0
p3d_025_t18_d3,P3-D0.25,18,3,0.25,1,30,44.36666666666667,43.931092337569346,44.80224099576399,34.1,31.59887503012294,36.60112496987706,20,20,20,19.12736237186346,19.12517509540871,19.129549648318207,20,20,20,0,0,0,0,0,0
p3d_025_t18_d3,P3-D0.25,18,3,0.25,2,30,45.833333333333336,45.69769238290556,45.96897428376111,67.13333333333334,62.78124107039427,71.4854255962724,20,20,20,19.13473101120081,19.134050947483697,19.135411074917922,20,20,20,0,0,0,0,0,0
p3d_025_t18_d3,P3-D0.25,18,3,0.25,3,30,45.96666666666667,45.90133333333333,46.032000000000004,102.06666666666666,96.1657271947401,107.96760613859323,20,20,20,19.13539596930597,19.13506998907013,19.135721949541814,20,20,20,0,0,0,0,0,0
p3d_025_t18_d3,P3-D0.25,18,3,0.25,4,30,45.96666666666667,45.90133333333333,46.032000000000004,134.83333333333334,129.2609495116697,140.40571715499698,20,20,20,19.13539485466419,19.13506915653174,19.135720552796645,19.830895644220483,19.83056755275227,19.831223735688695,0,0,0,0,0,0
p3d_025_t18_d3,P3-D0.25,18,3,0.25,5,30,45.833333333333336,45.69769238290556,45.96897428376111,172.96666666666667,166.70376689883423,179.2295664344991,19.830895644220483,19.83056755275227,19.831223735688695,19.13472557000878,19.134045848759996,19.135405291257563,19.66068599254036,19.66036640889459,19.661005576186128,0,0,0,0,0,0
p3d_025_t18_d3,P3-D0.25,18,3,0.25,6,30,45.93333333333333,45.84254504438612,46.02412162228054,204.4,196.84007867218457,211.95992132781544,19.66068599254036,19.66036640889459,19.661005576186128,19.135231367164707,19.13477707034156,19.135685663987854,19.49037659714446,19.49005941236911,19.490693781919813,0,0,0,0,0,0
p3d_025_t18_d3,P3-D0.25,18,3,0.25,7,30,45.93333333333333,45.84254504438612,46.02412162228054,240.46666666666667,232.0273662144606,248.90596711887272,19.49037659714446,19.49005941236911,19.490693781919813,19.13522769658722,19.134773614863786,19.13568177831065,19.32006736894484,19.319745009255218,19.320389728634463,0,0,0,0,0,0
p3d_025_t18_d3,P3-D0.25,18,3,0.25,8,30,45.9,45.79081114115189,46.009188858848105,272.46666666666664,263.1613890177942,281.7719443155391,19.32006736894484,19.319745009255218,19.320389728634463,19.135060540631407,19.134512361344143,19.13560871991867,19.149858533443524,19.149546155822716,19.150170911064333,0,0,0,0,0,0
p3d_025_t18_d3,P3-D0.25,18,3,0.25,9,30,45.9,45.79081114115189,46.009188858848105,355.9,344.2796246563875,367.52037534361244,19.149858533443524,19.149546155822716,19.150170911064333,19.13506456357808,19.134516632639148,19.135612494517012,18.97957382836881,18.979262465714815,18.979885191022806,0,0,0,0,0,0
p3d_025_t18_d3,P3-D0.25,18,3,0.25,10,30,46,46,46,436.43333333333334,424.84898627507044,448.01768039159623,18.97957382836881,18.979262465714815,18.979885191022806,18.140582805967668,18.14057893314147,18.140586678793866,18.80928967388073,18.808972468310824,18.809606879450637,0,0,0,0,0,0
p3d_025_t18_d3,P3-D0.25,18,3,0.25,11,30,45.9,45.79081114115189,46.009188858848105,514.8,501.6611927062062,527.9388072937937,18.80928967388073,18.808972468310824,18.809606879450637,18.140082801844937,18.139535001113817,18.140630602576056,18.639030592786018,18.63872256372663,18.639338621845404,0,0,0,0,0,0
p3d_025_t18_d3,P3-D0.25,18,3,0.25,12,30,45.833333333333336,45.69769238290556,45.96897428376111,596.5666666666667,583.759281773537,609.3740515597964,18.639030592786018,18.63872256372663,18.639338621845404,18.13974674107631,18.13906608354723,18.140427398605386,18.468770908249308,18.468466423554982,18.469075392943633,0,0,0,0,0,0
p3d_025_t18_d3,P3-D0.25,18,3,0.25,13,30,45.86666666666667,45.7429430840148,45.99039024931854,674.7,661.0112056029037,688.3887943970964,18.468770908249308,18.468466423554982,18.469075392943633,18.13991419025719,18.13929423907184,18.14053414144254,18.447683487354155,18.447378993573786,18.447987981134524,0,0,0,0,0,0
p3d_025_t18_d3,P3-D0.25,18,3,0.25,14,30,46,46,46,756.6333333333333,743.1717961994224,770.0948704672443,18.447683487354155,18.447378993573786,18.447987981134524,18.14058399491012,18.140579763361938,18.140588226458302,18.426671067077415,18.426390261764737,18.42695187239009,0,0,0,0,0,0
p3d_025_t18_d3,P3-D0.25,18,3,0.25,15,30,45.96666666666667,45.90133333333333,46.032000000000004,836.4333333333333,823.307880627986,849.5587860386805,18.426671067077415,18.426390261764737,18.42695187239009,18.140416379032988,18.140089403265364,18.140743354800613,18.405709055915967,18.405373472123852,18.40604463970808,0,0,0,0,0,0
p3d_025_t18_d3,P3-D0.25,18,3,0.25,16,30,45.86666666666667,45.7429430840148,45.99039024931854,923.9,909.0260262666397,938.7739737333602,18.405709055915967,18.405373472123852,18.40604463970808,18.13991647652631,18.139297054288857,18.140535898763762,18.38472192737739,18.384385167140533,18.38505868761425,0,0,0,0,0,0
p3d_025_t18_d3,P3-D0.25,18,3,0.25,17,30,45.766666666666666,45.58631010199142,45.94702323134191,1007.1,991.8068163812958,1022.3931836187043,18.38472192737739,18.384385167140533,18.38505868761425,18.139413665412654,18.13851017535745,18.14031715546786,18.363634328140872,18.363297646317005,18.36397100996474,0,0,0,0,0,0
p3d_025_t18_d3,P3-D0.25,18,3,0.25,18,30,45.9,45.755939348660476,46.04406065133952,1087.6,1072.5292416989018,1102.670758301098,18.363634328140872,18.363297646317005,18.36397100996474,18.1400843028058,18.139362608293947,18.140805997317653,18.342571871285926,18.34222988856753,18.342913854004323,0,0,0,0,0,0
p3d_025_t18_d3,P3-D0.25,18,3,0.25,19,30,45.86666666666667,45.7429430840148,45.99039024931854,1165.5666666666666,1149.341192081869,1181.7921412514643,18.342571871285926,18.34222988856753,18.342913854004323,18.139912032995646,18.139292364524692,18.1405317014666,18.321584399806977,18.321245785825262,18.32192301378869,0,0,0,0,0,0
p3d_025_t18_d3,P3-D0.25,18,3,0.25,20,30,45.86666666666667,45.7429430840148,45.99039024931854,1248.8333333333333,1232.0939210657195,1265.572745600947,18.321584399806977,18.321245785825262,18.32192301378869,18.139918234654097,18.139298553738815,18.14053791556938,18.300672349995082,18.300332600122644,18.30101209986752,0,0,0,0,0,0
p3d_025_t18_d3,P3-D0.25,18,3,0.25,21,30,45.86666666666667,45.7429430840148,45.99039024931854,1327.4333333333334,1310.0798518850627,1344.786814781604,18.300672349995082,18.300332600122644,18.30101209986752,18.139917751633888,18.139298580114698,18.14053692315308,18.279659704574215,18.279299696941422,18.280019712207007,0,0,0,0,0,0
p3d_025_t18_d3,P3-D0.25,18,3,0.25,22,30,45.8,45.62671901763155,45.97328098236844,1409.3333333333333,1392.8790629004357,1425.7876037662309,18.279659704574215,18.279299696941422,18.280019712207007,18.1395809301729,18.138713710008368,18.140448150337434,18.25867289962486,18.25828846469307,18.259057334556648,0,0,0,0,0,0
p3d_025_t18_d3,P3-D0.25,18,3,0.25,23,30,45.9,45.79081114115189,46.009188858848105,1492.5333333333333,1475.494652931854,1509.5720137348126,18.25867289962486,18.25828846469307,18.259057334556648,18.14008190579963,18.13953481891395,18.140628992685308,18.237685164426743,18.23729357209268,18.238076756760808,0,0,0,0,0,0
p3d_025_t18_d3,P3-D0.25,18,3,0.25,24,30,45.86666666666667,45.7429430840148,45.99039024931854,1576.6666666666667,1559.5211354481164,1593.812197885217,18.237685164426743,18.23729357209268,18.238076756760808,18.139914359376682,18.13929475245548,18.140533966297884,18.216697501681665,18.216328311358264,18.217066692005066,0,0,0,0,0,0
p3d_05_t18_d3,P3-D0.5,18,3,0.5,1,30,44.36666666666667,43.931092337569346,44.80224099576399,34.1,31.59887503012294,36.60112496987706,20,20,20,19.12736237186346,19.12517509540871,19.129549648318207,20,20,20,0,0,0,0,0,0
p3d_05_t18_d3,P3-D0.5,18,3,0.5,2,30,45.833333333333336,45.69769238290556,45.96897428376111,67.13333333333334,62.78124107039427,71.4854255962724,20,20,20,19.13473101120081,19.134050947483697,19.135411074917922,20,20,20,0,0,0,0,0,0
p3d_05_t18_d3,P3-D0.5,18,3,0.5,3,30,45.96666666666667,45.90133333333333,46.032000000000004,102.06666666666666,96.1657271947401,107.96760613859323,20,20,20,19.13539596930597,19.13506998907013,19.135721949541814,20,20,20,0,0,0,0,0,0
p3d_05_t18_d3,P3-D0.5,18,3,0.5,4,30,45.96666666666667,45.90133333333333,46.032000000000004,134.83333333333334,129.2609495116697,140.40571715499698,20,20,20,19.13539485466419,19.13506915653174,19.135720552796645,19.661791288440963,19.66113510550454,19.662447471377387,0,0,0,0,0,0
p3d_05_t18_d3,P3-D0.5,18,3,0.5,5,30,45.833333333333336,45.69769238290556,45.96897428376111,172.96666666666667,166.70376689883423,179.2295664344991,19.661791288440963,19.66113510550454,19.662447471377387,19.13472557000878,19.134045848759996,19.135405291257563,19.321371985080717,19.320732817789175,19.32201115237226,0,0,0,0,0,0
p3d_05_t18_d3,P3-D0.5,18,3,0.5,6,30,45.93333333333333,45.84254504438612,46.02412162228054,204.4,196.84007867218457,211.95992132781544,19.321371985080717,19.320732817789175,19.32201115237226,19.135231367164707,19.13477707034156,19.135685663987854,18.980753194288933,18.98011882473823,18.981387563839636,0,0,0,0,0,0
p3d_05_t18_d3,P3-D0.5,18,3,0.5,7,30,45.86666666666667,45.7429430840148,45.99039024931854,240.53333333333333,232.10293235660913,248.96373431005753,18.980753194288933,18.98011882473823,18.981387563839636,18.139916178228813,18.139296052620328,18.140536303837298,18.64013473788967,18.63949001851043,18.640779457268913,0,0,0,0,0,0
p3d_05_t18_d3,P3-D0.5,18,3,0.5,8,30,45.9,45.79081114115189,46.009188858848105,272.53333333333336,263.23565126236963,281.8310154042971,18.64013473788967,18.63949001851043,18.640779457268913,18.140082733391278,18.139535444171997,18.14063002261056,18.299717066887037,18.299092311645424,18.30034182212865,0,0,0,0,0,0
p3d_05_t18_d3,P3-D0.5,18,3,0.5,9,30,45.766666666666666,45.61272763310584,45.92060570022749,356.1,344.4936928205037,367.7063071794963,18.299717066887037,18.299092311645424,18.30034182212865,18.139416723080558,18.138646010777396,18.14018743538372,17.959147656737617,17.958524931429622,17.959770382045612,0,0,0,0,0,0
p3d_05_t18_d3,P3-D0.5,18,3,0.5,10,30,45.733333333333334,45.57238289951722,45.894283767149446,436.9,425.30587364718417,448.4941263528158,17.959147656737617,17.958524931429622,17.959770382045612,17.14426485322309,17.14345812674903,17.145071579697145,17.917172803268986,17.9165609050141,17.91778470152387,0,0,0,0,0,0
p3d_05_t18_d3,P3-D0.5,18,3,0.5,11,30,45.86666666666667,45.7429430840148,45.99039024931854,515.3,502.1528774670442,528.4471225329556,17.917172803268986,17.9165609050141,17.91778470152387,17.14493813740608,17.1443182635991,17.14555801121306,17.8751479832516,17.874525314982815,17.875770651520387,0,0,0,0,0,0
p3d_05_t18_d3,P3-D0.5,18,3,0.5,12,30,45.56666666666667,45.38631010199143,45.74702323134191,597.3333333333334,584.5360715093504,610.1305951573163,17.8751479832516,17.874525314982815,17.875770651520387,17.143429967134534,17.142525370252795,17.144334564016273,17.83332296632743,17.832710847981424,17.833935084673435,0,0,0,0,0,0
p3d_05_t18_d3,P3-D0.5,18,3,0.5,13,30,45.8,45.65441485486919,45.945585145130806,675.5333333333333,661.8553224900728,689.2113441765938,17.83332296632743,17.832710847981424,17.833935084673435,17.144600428390763,17.143872991662565,17.14532786511896,18.090043510360502,18.08951171797684,18.090575302744163,0,0,0,0,0,0
p3d_05_t18_d3,P3-D0.5,18,3,0.5,14,30,35.13333333333333,35.00960975068146,35.2570569159852,768.3333333333334,754.9017283562454,781.7649383104214,18.090043510360502,18.08951171797684,18.090575302744163,18.08602685170263,18.085405090198908,18.086648613206354,18.346562069138677,18.346061363783797,18.34706277449356,31.366666666666667,29.104461876332696,33.628871457000635,0,0,0
p3d_05_t18_d3,P3-D0.5,18,3,0.5,15,30,46,46,46,848.1,834.9760051848515,861.2239948151486,18.346562069138677,18.346061363783797,18.34706277449356,18.140583879956584,18.140578647726716,18.14058911218645,18.60353307899832,18.602955799491312,18.60411035850533,0,0,0,0,0,0
p3d_05_t18_d3,P3-D0.5,18,3,0.5,16,30,45.9,45.79081114115189,46.009188858848105,935.5333333333333,920.6946150774014,950.3720515892652,18.60353307899832,18.602955799491312,18.60411035850533,18.140083421998405,18.139536140315784,18.140630703681026,18.860152950481094,18.859576018353543,18.860729882608645,0,0,0,0,0,0
p3d_05_t18_d3,P3-D0.5,18,3,0.5,17,30,45.93333333333333,45.84254504438612,46.02412162228054,1018.5666666666667,1003.3066269043367,1033.8267064289967,18.860152950481094,18.859576018353543,18.860729882608645,18.140249975593566,18.139795551484557,18.140704399702575,18.834344894970304,18.833859938302734,18.834829851637874,0,0,0,0,0,0
p3d_05_t18_d3,P3-D0.5,18,3,0.5,18,30,45.93333333333333,45.84254504438612,46.02412162228054,1099.0333333333333,1084.0036843539178,1114.0629823127488,18.834344894970304,18.833859938302734,18.834829851637874,18.14025221401624,18.139797752934104,18.140706675098375,18.79216973098332,18.791684037439452,18.79265542452719,0,0,0,0,0,0
p3d_05_t18_d3,P3-D0.5,18,3,0.5,19,30,45.86666666666667,45.7429430840148,45.99039024931854,1177,1160.7973151650083,1193.2026848349917,18.79216973098332,18.791684037439452,18.79265542452719,18.13991373648496,18.139293688354382,18.14053378461554,18.7501447043838,18.74970386739408,18.75058554137352,0,0,0,0,0,0
p3d_05_t18_d3,P3-D0.5,18,3,0.5,20,30,45.766666666666666,45.61272763310584,45.92060570022749,1260.3666666666666,1243.5994743456636,1277.1338589876696,18.7501447043838,18.74970386739408,18.75058554137352,18.139414148496087,18.138643376139957,18.140184920852217,18.70806971170573,18.707610994151047,18.70852842926041,0,0,0,0,0,0
p3d_05_t18_d3,P3-D0.5,18,3,0.5,21,30,45.96666666666667,45.90133333333333,46.032000000000004,1338.8666666666666,1321.4689541751147,1356.2643791582184,18.70806971170573,18.707610994151047,18.70852842926041,18.140414059512405,18.140087107106687,18.140741011918124,18.665994047500856,18.66556520546121,18.666422889540502,0,0,0,0,0,0
p3d_05_t18_d3,P3-D0.5,18,3,0.5,22,30,45.8,45.65441485486919,45.945585145130806,1420.7666666666667,1404.2490916384654,1437.284241694868,18.665994047500856,18.66556520546121,18.666422889540502,18.139580537742095,18.13885094915725,18.14031012632694,18.624019926555373,18.623570210711193,18.624469642399553,0,0,0,0,0,0
p3d_05_t18_d3,P3-D0.5,18,3,0.5,23,30,45.8,45.65441485486919,45.945585145130806,1504.0666666666666,1486.9950537770965,1521.1382795562367,18.624019926555373,18.623570210711193,18.624469642399553,18.13958345610528,18.138855334897343,18.14031157731322,18.58219568200655,18.581667956206314,18.582723407806785,0,0,0,0,0,0
p3d_05_t18_d3,P3-D0.5,18,3,0.5,24,30,45.9,45.79081114115189,46.009188858848105,1588.1666666666667,1570.971052996259,1605.3622803370745,18.58219568200655,18.581667956206314,18.582723407806785,18.140085707474807,18.139539343280834,18.14063207166878,18.540071464152827,18.53953617897495,18.540606749330706,0,0,0,0,0,0
p3d_075_t18_d3,P3-D0.75,18,3,0.75,1,30,44.36666666666667,43.931092337569346,44.80224099576399,34.1,31.59887503012294,36.60112496987706,20,20,20,19.12736237186346,19.12517509540871,19.129549648318207,20,20,20,0,0,0,0,0,0
p3d_075_t18_d3,P3-D0.75,18,3,0.75,2,30,45.833333333333336,45.69769238290556,45.96897428376111,67.13333333333334,62.78124107039427,71.4854255962724,20,20,20,19.13473101120081,19.134050947483697,19.135411074917922,20,20,20,0,0,0,0,0,0
p3d_075_t18_d3,P3-D0.75,18,3,0.75,3,30,45.96666666666667,45.90133333333333,46.032000000000004,102.06666666666666,96.1657271947401,107.96760613859323,20,20,20,19.13539596930597,19.13506998907013,19.135721949541814,20,20,20,0,0,0,0,0,0
p3d_075_t18_d3,P3-D0.75,18,3,0.75,4,30,45.96666666666667,45.90133333333333,46.032000000000004,134.83333333333334,129.2609495116697,140.40571715499698,20,20,20,19.13539485466419,19.13506915653174,19.135720552796645,19.492686932661446,19.49170265825681,19.493671207066082,0,0,0,0,0,0
p3d_075_t18_d3,P3-D0.75,18,3,0.75,5,30,45.833333333333336,45.69769238290556,45.96897428376111,172.96666666666667,166.70376689883423,179.2295664344991,19.492686932661446,19.49170265825681,19.493671207066082,19.13472557000878,19.134045848759996,19.135405291257563,18.98205797762108,18.981099226683767,18.98301672855839,0,0,0,0,0,0
p3d_075_t18_d3,P3-D0.75,18,3,0.75,6,30,45.9,45.79081114115189,46.009188858848105,204.43333333333334,196.87862188668328,211.9880447799834,18.98205797762108,18.981099226683767,18.98301672855839,18.140085845080574,18.139539670908317,18.14063201925283,18.471129791433395,18.470178237107337,18.472081345759452,0,0,0,0,0,0
p3d_075_t18_d3,P3-D0.75,18,3,0.75,7,30,45.86666666666667,45.7429430840148,45.99039024931854,240.56666666666666,232.13524439080658,248.99808894252675,18.471129791433395,18.470178237107337,18.472081345759452,18.139916178228813,18.139296052620328,18.140536303837298,17.96020210683451,17.95923502776565,17.961169185903373,0,0,0,0,0,0
p3d_075_t18_d3,P3-D0.75,18,3,0.75,8,30,45.733333333333334,45.57238289951722,45.894283767149446,272.73333333333335,263.4745810163398,281.9920856503269,17.96020210683451,17.95923502776565,17.961169185903373,17.144269139341212,17.14346421625116,17.145074062431263,17.44957560033056,17.44863846746814,17.450512733192983,0,0,0,0,0,0
p3d_075_t18_d3,P3-D0.75,18,3,0.75,9,30,45.666666666666664,45.495092927729964,45.838240405603365,356.4,344.81263572064256,367.9873642793574,17.44957560033056,17.44863846746814,17.450512733192983,17.143937090284815,17.14307699272345,17.14479718784618,17.3865369700443,17.385642594915485,17.387431345173116,0,0,0,0,0,0
p3d_075_t18_d3,P3-D0.75,18,3,0.75,10,30,45.63333333333333,45.43435217363295,45.832314493033714,437.3,425.71166402512137,448.88833597487866,17.3865369700443,17.385642594915485,17.387431345173116,17.143763517246068,17.14276647970927,17.144760554782867,17.32357468984133,17.32267532090872,17.32447405877394,0,0,0,0,0,0
p3d_075_t18_d3,P3-D0.75,18,3,0.75,11,30,45.8,45.65441485486919,45.945585145130806,515.7666666666667,502.6499637331264,528.883369600207,17.32357468984133,17.32267532090872,17.32447405877394,17.144603043704244,17.14387302174847,17.14533306566002,17.708653577137785,17.707759412697822,17.709547741577747,0,0,0,0,0,0
p3d_075_t18_d3,P3-D0.75,18,3,0.75,12,30,45.666666666666664,45.495092927729964,45.838240405603365,597.7,584.9155745399011,610.484425460099,17.708653577137785,17.707759412697822,17.709547741577747,17.14393293583117,17.14307205008573,17.14479382157661,18.093881886509617,18.093013392639943,18.094750380379292,0,0,0,0,0,0
p3d_075_t18_d3,P3-D0.75,18,3,0.75,13,30,36.166666666666664,35.95478872884302,36.37854460449031,685.5333333333333,671.8650107333463,699.2016559333204,18.093881886509617,18.093013392639943,18.094750380379292,18.091213196979584,18.09014998365664,18.092276410302528,18.479188303748888,18.478463363550294,18.479913243947482,24.6,22.464061992375765,26.735938007624238,0,0,0
p3d_075_t18_d3,P3-D0.75,18,3,0.75,14,30,46,46,46,767.4666666666667,754.0135786586965,780.9197546746369,18.479188303748888,18.478463363550294,18.479913243947482,18.140586947065703,18.14058200491425,18.140591889217156,18.86411693408198,18.86327614452584,18.86495772363812,0,0,0,0,0,0
p3d_075_t18_d3,P3-D0.75,18,3,0.75,15,30,45.96666666666667,45.90133333333333,46.032000000000004,847.2666666666667,834.1229759820735,860.4103573512598,18.86411693408198,18.86327614452584,18.86495772363812,18.140415782217268,18.140089465043086,18.14074209939145,19.24934711295795,19.24859121832676,19.25010300758914,0,0,0,0,0,0
p3d_075_t18_d3,P3-D0.75,18,3,0.75,16,30,45.93333333333333,45.84254504438612,46.02412162228054,934.6666666666666,919.8075487852257,949.5257845481076,19.24934711295795,19.24859121832676,19.25010300758914,19.135228429837756,19.134773621564058,19.135683238111454,19.208301174317135,19.20779998036885,19.20880236826542,0,0,0,0,0,0
p3d_075_t18_d3,P3-D0.75,18,3,0.75,17,30,45.96666666666667,45.90133333333333,46.032000000000004,1017.6666666666666,1002.3466593039442,1032.9866740293892,19.208301174317135,19.20779998036885,19.20880236826542,19.135392470825074,19.13506513087516,19.13571981077499,19.145037048137567,19.144535605704313,19.14553849057082,0,0,0,0,0,0
p3d_075_t18_d3,P3-D0.75,18,3,0.75,18,30,46,46,46,1098.0666666666666,1082.9999131403174,1113.1334201930158,19.145037048137567,19.144535605704313,19.14553849057082,19.13556513634522,19.13556105837521,19.135569214315233,19.081849946139805,19.081310126939968,19.08238976533964,0,0,0,0,0,0
p3d_075_t18_d3,P3-D0.75,18,3,0.75,19,30,35,35,35,1186.9,1170.661558497295,1203.1384415027053,19.081849946139805,19.081310126939968,19.08238976533964,19.080338144382335,19.080335579828542,19.080340708936127,18.570997152712813,18.57047212062614,18.571522184799488,31.9,29.812680121336914,33.98731987866308,0,0,0
p3d_075_t18_d3,P3-D0.75,18,3,0.75,20,30,46,46,46,1270.0333333333333,1253.2748338001004,1286.7918328665662,18.570997152712813,18.57047212062614,18.571522184799488,18.1405802772789,18.140576682432336,18.140583872125465,18.06007054084153,18.059553592830216,18.060587488852843,0,0,0,0,0,0
p3d_075_t18_d3,P3-D0.75,18,3,0.75,21,30,29.633333333333333,29.457941664352468,29.808725002314198,1364.8666666666666,1347.4511968640904,1382.2821364692427,18.06007054084153,18.059553592830216,18.060587488852843,18.05841593443819,18.05753525291955,18.059296615956832,17.54906622948618,17.548549352531563,17.549583106440796,44,42.277413332344,45.722586667656,0,0,0
p3d_075_t18_d3,P3-D0.75,18,3,0.75,22,30,46,46,46,1446.5666666666666,1430.0026416482037,1463.1306916851295,17.54906622948618,17.548549352531563,17.549583106440796,17.145607081990487,17.145602460402422,17.145611703578552,17.062914064514125,17.062397180026615,17.063430949001635,0,0,0,0,0,0
p3d_075_t18_d3,P3-D0.75,18,3,0.75,23,30,29.1,28.990811141151895,29.20918885884811,1546.5666666666666,1529.4202727162783,1563.713060617055,17.062914064514125,17.062397180026615,17.063430949001635,17.06075622485657,17.060208168392663,17.061304281320474,16.99965293973862,16.999136220684804,17.000169658792437,48.1,45.46644091175756,50.733559088242444,0,0,0
p3d_075_t18_d3,P3-D0.75,18,3,0.75,24,30,27.633333333333333,22.546974932888297,32.71969173377837,1648.9333333333334,1631.0754163541544,1666.7912503125124,16.99965293973862,16.999136220684804,17.000169658792437,16.68857461387391,16.539599230576965,16.837549997170857,16.973365769241436,16.973120467468384,16.97361107101449,51.36666666666667,36.96259910789884,65.7707342254345,0,0,0
