demand,fleet_size,charger_capacity,target,seed,periods,requests,dispatched,completion_rate,late_service_ratio,final_queue,late_queue_slope,late_mean_wait_minutes,late_p95_wait_mean,final_oldest_queue_age,north_completion_rate,central_completion_rate,south_completion_rate,destination_completion_gap,late_budget_mean,late_budget_sd,late_budget_saturation_share,late_exposure_mean,gate_pass,runtime_ms
25,2,2,14.05,741,120,4704,4701,0.9993622448979592,1,3,0.07652173913043478,40.218740204058705,71.12268120843298,17,0.9988901220865705,0.9996467679265277,0.9989711934156379,0.0007566458399572706,39.604887738718645,0.44578167045770367,0.3333333333333333,13.8847166915061,0,60.158833000000016
25,2,2,14.05,742,120,4631,4629,0.999568127834161,1.0063424947145878,2,-0.1726086956521739,36.24052721880752,63.11677268457121,36,1,0.9992743105950653,1,0.0007256894049346707,39.32505473364405,0.6441877328222814,0.25,13.548452635181567,0,46.607708
25,2,2,14.05,743,120,4659,4655,0.9991414466623739,1.0051440329218106,4,-0.16608695652173913,44.243634025839235,77.93039222592385,49,1,0.998933522929257,0.9989200863930886,0.001079913606911398,37.75981486514917,0.9399631063302414,0,13.760972775057395,0,35.161834
25,2,2,14.05,744,120,4718,4718,1,1.0021186440677967,0,-0.12,22.59143664775023,46.87507548506043,0,1,1,1,0,39.63284092263917,0.32692834794643405,0.3333333333333333,13.505744216248916,0,27.776792
25,2,2,14.05,745,120,4729,4708,0.9955593148657221,0.9795291709314228,21,1.1643478260869564,86.6248266814066,108.82708440848062,246,0.9908814589665653,0.9964298464833988,0.997874601487779,0.0069931425212136356,39.355553957115184,0.8627543025327545,0.375,13.549505098053238,0,31.25200000000001
25,2,2,14.05,746,120,4721,4718,0.9993645414107181,1.0031413612565445,3,0.06521739130434782,47.88114603123896,81.80385806336774,8,1,0.9989308624376336,1,0.0010691375623663735,38.95818416032875,0.7679638805978002,0.08333333333333333,13.549706343779159,0,30.309540999999967
25,2,2,14.05,747,120,4631,4623,0.9982725113366444,0.9959349593495935,8,-0.4778260869565216,59.01510219014616,89.24426518220965,129,0.9978308026030369,0.998913830557567,0.996832101372756,0.0020817291848109765,39.144193686475454,0.8775517203882552,0.16666666666666666,13.803052069194665,0,24.687167000000045
25,2,2,14.05,748,120,4583,4580,0.9993454069386865,0.9969072164948454,3,0.009565217391304342,27.707752515413365,57.17910331966838,41,1,0.9992841803865425,0.9988839285714286,0.0011160714285713969,39.39336241815665,0.6069362341692404,0.375,13.675962413766698,0,24.320291999999995
25,2,2,14.05,749,120,4662,4661,0.9997854997854998,1.001054852320675,1,-0.07869565217391304,34.772088219688555,63.91992666337986,32,0.998914223669924,1,1,0.0010857763300760048,39.14218830239832,0.8356423931345442,0.25,13.464913305853464,0,26.417084000000045
25,2,2,14.05,750,120,4782,4778,0.999163529903806,0.9979360165118679,4,-0.28130434782608693,59.26551351695281,86.65549926028628,32,1,0.9989331436699858,0.9989837398373984,0.001066856330014243,39.3415448209321,0.5997110514530044,0.16666666666666666,13.593063313993975,0,27.426333
25,2,2,14.05,751,120,4722,4718,0.9991529013130029,0.9958333333333333,4,0.029130434782608697,24.43587781340007,49.86948939665975,31,0.9989517819706499,0.9992854590925331,0.9989680082559339,0.0003336771218831469,39.57151078098271,0.5304616363563381,0.3333333333333333,13.632202012721372,0,32.59216700000002
25,2,2,14.05,752,120,4717,4712,0.9989400042399831,0.9989327641408752,5,0.036521739130434785,27.79811576522726,55.409260457930635,47,0.9989384288747346,0.9989406779661016,0.9989395546129375,0.0000022490913670347723,39.39359655326714,0.743344405788976,0.2916666666666667,13.420731763620237,0,29.10591599999998
25,2,2,14.05,753,120,4594,4587,0.998476273400087,0.9989417989417989,7,-0.06913043478260869,30.201895521545655,58.998417835842396,44,0.9977949283351709,0.9989255014326648,0.9977653631284916,0.0011601383041731639,39.55386770407055,0.5166037314123417,0.3333333333333333,13.33949428204498,0,27.63791600000002
25,2,2,14.05,754,120,4712,4707,0.9989388794567062,0.9979144942648592,5,0.06913043478260869,32.628126539018105,60.549975931682035,44,1,0.998593035525853,0.9989417989417989,0.00140696447414701,39.46600620688588,0.8324709545611296,0.4583333333333333,13.590955530004315,0,31.890041999999994
25,2,2,14.05,755,120,4604,4601,0.9993483927019983,1.0160771704180065,3,-0.30521739130434783,45.33646299311055,71.17303485438212,21,1,0.9992761491132827,0.9989743589743589,0.0010256410256410664,39.18285518578568,0.8249682696887622,0.25,13.506159083918321,0,24.468792000000008
25,2,2,14.05,756,120,4825,4822,0.9993782383419689,0.997997997997998,3,0.17869565217391303,36.30860598699843,64.53589367709083,13,0.9989939637826962,0.9996540989277066,0.9989361702127659,0.0007179287149406965,38.7951636721312,1.1923011642471069,0.20833333333333334,14.221187794828744,0,28.315207999999984
25,2,2,14.05,757,120,4714,4712,0.9995757318625371,1,2,-0.044782608695652176,70.346689581674,103.23319375612179,55,0.9989373007438895,0.9996508379888268,1,0.0010626992561104665,38.22816503627083,1.2117132755082836,0.041666666666666664,14.308501283803741,0,24.50141599999995
25,2,2,14.05,758,120,4569,4565,0.9991245349091705,0.9978540772532188,4,-0.16260869565217392,31.094775131964457,58.10509370082764,55,0.9989270386266095,0.9988818486768543,1,0.001118151323145744,38.335321428878636,1.1793213560966336,0.16666666666666666,13.1707362334993,0,24.891875000000027
25,2,2,14.05,759,120,4862,4852,0.9979432332373509,0.993993993993994,10,0.03956521739130435,29.780272412846767,60.254234603219935,82,0.9971209213051824,0.9982535801606707,0.9979101358411703,0.0011326588554883,35.07328761832585,0.5184112320172682,0,13.888693463896104,1,29.071416
25,2,2,14.05,760,120,4683,4682,0.9997864616698697,1.016546018614271,1,-0.6891304347826087,68.44457386684175,93.0064038068834,8,1,0.9996423462088698,1,0.0003576537911301747,37.35806976495776,1.6254638899257574,0,13.845141252885588,0,26.017584000000056
25,2,2,14.05,761,120,4595,4593,0.9995647442872688,1.0010764262648009,2,-0.06130434782608696,30.591667658652412,57.765046172771385,40,1,0.9992748368382887,1,0.0007251631617113397,39.72432138054437,0.3404983131291899,0.4583333333333333,13.170738260835057,0,24.26679200000001
25,2,2,14.05,762,120,4777,4776,0.9997906635963995,1.0009970089730809,1,0.07086956521739128,33.25101574202709,61.15098852910645,8,0.9989235737351991,1,1,0.0010764262648008671,38.62600156173338,1.056430285447602,0.20833333333333334,14.181192638069213,0,26.441542000000027
25,2,2,14.05,763,120,4653,4649,0.9991403395658714,1.0062565172054223,4,-0.11869565217391306,30.05787012450164,60.07664917468537,44,0.9967637540453075,0.9996482588814632,1,0.003236245954692518,39.1546332838285,0.6668942922623652,0.25,13.675544667175329,0,23.619707999999946
25,2,2,14.05,764,120,4621,4614,0.9984851763687513,0.9948186528497409,7,-0.03869565217391304,22.610214319486417,50.19531830024213,82,0.9979166666666667,0.9989027066569129,0.9978425026968716,0.0010602039600413615,39.68979300065188,0.35755622516557106,0.25,13.591583606959425,1,25.72445800000014
25,2,2,14.05,765,120,4707,4704,0.9993626513702996,1.0009803921568627,3,0.029130434782608707,48.53488695862226,87.72387734174481,29,1,0.9989488437281009,1,0.0010511562718991119,36.24663648473396,0.7707140600283038,0,14.267664151791946,0,25.121417000000065
25,2,2,14.05,766,120,4728,4723,0.998942470389171,0.9969635627530364,5,-0.20434782608695654,66.1451153514513,96.01407803079564,55,0.9988974641675854,0.9986173522295195,1,0.0013826477704804718,39.12269751232315,0.962552032972771,0.20833333333333334,14.011394295238157,0,27.08137499999998
25,2,2,14.05,767,120,4663,4657,0.9987132747158481,0.9949135300101729,6,-0.10608695652173913,50.83849526813455,77.9716129704663,90,0.9989572471324296,0.9985310319500551,0.9989806320081549,0.0004496000580997972,38.18274827349081,1.1356656246684689,0.041666666666666664,13.844092934548376,0,26.102333000000044
25,2,2,14.05,768,120,4683,4680,0.9993593850096092,0.9989361702127659,3,-0.047391304347826096,26.14917754738579,58.83884954269312,33,1,0.9993055555555556,0.9989010989010989,0.001098901098901095,39.89123989634017,0.1767993432969129,0.4583333333333333,13.421364335032152,0,24.80049999999983
25,2,2,14.05,769,120,4689,4684,0.998933674557475,0.9989528795811519,5,0.009130434782608695,32.36615081327399,66.85480213703188,32,0.9977900552486187,0.998945518453427,1,0.0022099447513812542,39.49388081577515,0.6068729683647593,0.3333333333333333,13.59032856910855,0,24.039582999999993
25,2,2,14.05,770,120,4700,4697,0.9993617021276596,1.0020833333333334,3,0.014782608695652186,30.0202077656171,59.1280301762481,32,1,0.9989320042719829,1,0.0010679957280170793,39.47217552068373,0.40676331702245166,0.16666666666666666,13.674917396654726,0,24.28045800000018
25,2,2,14.5,741,120,4704,4701,0.9993622448979592,1,3,0.07652173913043478,40.218740204058705,71.12268120843298,17,0.9988901220865705,0.9996467679265277,0.9989711934156379,0.0007566458399572706,39.79480097479598,0.26438646117714737,0.5416666666666666,13.8847166915061,0,26.59483299999988
25,2,2,14.5,742,120,4631,4629,0.999568127834161,1.0063424947145878,2,-0.1726086956521739,36.24115782132043,63.12855886063062,36,1,0.9992743105950653,1,0.0007256894049346707,39.64783505129021,0.47778616049032224,0.4583333333333333,13.548452755861101,0,25.299833000000035
25,2,2,14.5,743,120,4659,4655,0.9991414466623739,1.0051440329218106,4,-0.16608695652173913,44.22654074976576,77.92961742672894,49,1,0.998933522929257,0.9989200863930886,0.001079913606911398,39.06693382060696,0.7713108152805849,0.25,13.760975154668406,0,27.761416000000054
25,2,2,14.5,744,120,4718,4718,1,1.0021186440677967,0,-0.12,22.59143664775023,46.87507548506043,0,1,1,1,0,39.857926673567086,0.18822931826076642,0.4583333333333333,13.505744216248916,0,26.125499999999874
25,2,2,14.5,745,120,4729,4708,0.9955593148657221,0.9795291709314228,21,1.1643478260869564,86.6248266814066,108.82708440848062,246,0.9908814589665653,0.9964298464833988,0.997874601487779,0.0069931425212136356,39.707870765366316,0.5240392186818846,0.625,13.549505098053238,0,27.06508400000007
25,2,2,14.5,746,120,4721,4718,0.9993645414107181,1.0041884816753928,3,0.06521739130434782,48.390383497800336,82.348079806596,8,1,0.9989308624376336,1,0.0010691375623663735,39.48686025296004,0.45906561666497075,0.2916666666666667,13.67428929951942,0,24.60916700000007
25,2,2,14.5,747,120,4631,4623,0.9982725113366444,0.9959349593495935,8,-0.4778260869565216,59.05095850723648,89.3037954844458,129,0.9978308026030369,0.998913830557567,0.996832101372756,0.0020817291848109765,39.5870560143804,0.5629911442374539,0.4583333333333333,13.803053663377709,0,25.42275000000018
25,2,2,14.5,748,120,4583,4580,0.9993454069386865,0.9969072164948454,3,0.009565217391304342,27.714204842868025,57.17910331966838,41,1,0.9992841803865425,0.9988839285714286,0.0011160714285713969,39.73712593861437,0.334719193320957,0.4583333333333333,13.717419990907487,0,42.436333000000104
25,2,2,14.5,749,120,4662,4661,0.9997854997854998,1.001054852320675,1,-0.07869565217391304,34.77967318831609,63.91992666337986,32,0.998914223669924,1,1,0.0010857763300760048,39.738171902190054,0.3240064071462283,0.4583333333333333,13.589285711238894,0,66.50170899999989
25,2,2,14.5,750,120,4782,4778,0.999163529903806,0.9979360165118679,4,-0.24782608695652175,56.050118817541865,83.47802102406665,32,1,0.9989331436699858,0.9989837398373984,0.001066856330014243,39.71547582848891,0.33854167840571825,0.4166666666666667,13.593056079830525,0,28.73504099999991
25,2,2,14.5,751,120,4722,4718,0.9991529013130029,0.9958333333333333,4,0.029130434782608697,24.507967970328238,49.9071658808131,31,0.9989517819706499,0.9992854590925331,0.9989680082559339,0.0003336771218831469,39.81474259431217,0.28473370002687365,0.5833333333333334,13.632203896939695,0,27.369666000000052
25,2,2,14.5,752,120,4717,4712,0.9989400042399831,0.9989327641408752,5,0.036521739130434785,27.78652300087238,55.371583973777284,47,0.9989384288747346,0.9989406779661016,0.9989395546129375,0.0000022490913670347723,39.74004088309194,0.2961842577714034,0.5,13.420732004979305,0,29.589582999999948
25,2,2,14.5,753,120,4594,4587,0.998476273400087,0.9989417989417989,7,-0.06913043478260869,30.201895521545655,58.998417835842396,44,0.9977949283351709,0.9989255014326648,0.9977653631284916,0.0011601383041731639,39.8025553582521,0.2907512678697751,0.5833333333333334,13.33949428204498,0,39.801750000000084
25,2,2,14.5,754,120,4712,4707,0.9989388794567062,0.9979144942648592,5,0.06913043478260869,32.57611840387466,60.53113768960551,44,1,0.998593035525853,0.9989417989417989,0.00140696447414701,39.657400720327466,0.5500917095578288,0.625,13.590954587895155,0,30.54166699999996
25,2,2,14.5,755,120,4604,4601,0.9993483927019983,1.0160771704180065,3,-0.30521739130434783,45.33806740539049,71.19187309645865,21,1,0.9992761491132827,0.9989743589743589,0.0010256410256410664,39.593570031508044,0.5960466185419685,0.5,13.547617107775585,0,27.36787500000014
25,2,2,14.5,756,120,4825,4822,0.9993782383419689,0.997997997997998,3,0.17869565217391303,36.311326856465875,64.53589367709083,13,0.9989939637826962,0.9996540989277066,0.9989361702127659,0.0007179287149406965,39.348084486978216,0.8604612391030038,0.4166666666666667,14.221187794828744,0,33.927000000000135
25,2,2,14.5,757,120,4714,4712,0.9995757318625371,1,2,-0.03434782608695652,71.1482897906159,104.15922875067554,55,0.9989373007438895,0.9996508379888268,1,0.0010626992561104665,39.285760193616554,0.5783780005141922,0.16666666666666666,14.349955780583423,0,89.74587500000007
25,2,2,14.5,758,120,4569,4565,0.9991245349091705,0.9978540772532188,4,-0.16260869565217392,31.540506294940712,58.7414030830987,55,0.9989270386266095,0.9988818486768543,1,0.001118151323145744,39.66586533439422,0.42328834515323566,0.4166666666666667,13.212197022333278,0,27.456083000000035
25,2,2,14.5,759,120,4862,4852,0.9979432332373509,0.993993993993994,10,0.03956521739130435,29.743642639031325,60.27599666481789,82,0.9971209213051824,0.9982535801606707,0.9979101358411703,0.0011326588554883,39.12005872411773,0.8043199512884024,0.20833333333333334,14.054522999705851,1,28.91283300000009
25,2,2,14.5,760,120,4683,4682,0.9997864616698697,1.016546018614271,1,-0.7360869565217392,72.4876957091015,96.79909308165952,8,1,0.9996423462088698,1,0.0003576537911301747,38.87146211122985,1.0336168780774098,0.3333333333333333,13.845148112335886,0,27.81574999999998
25,2,2,14.5,761,120,4595,4593,0.9995647442872688,1.0010764262648009,2,-0.06130434782608696,30.58388928773043,57.765046172771385,40,1,0.9992748368382887,1,0.0007251631617113397,39.862432627704194,0.21396523044698476,0.625,13.17073805547765,0,29.20641599999999
25,2,2,14.5,762,120,4777,4776,0.9997906635963995,1.0009970089730809,1,0.06956521739130438,32.92608049703846,61.278835169465005,8,0.9989235737351991,1,1,0.0010764262648008671,39.29793338124255,0.5700164429702491,0.25,14.26410913250021,0,27.47008300000016
25,2,2,14.5,763,120,4653,4649,0.9991403395658714,1.0062565172054223,4,-0.11869565217391306,30.06369878805145,60.13617947692152,44,0.9967637540453075,0.9996482588814632,1,0.003236245954692518,39.70444917391792,0.40146276345039816,0.5,13.758460437529125,0,41.97716700000001
25,2,2,14.5,764,120,4621,4614,0.9984851763687513,0.9948186528497409,7,-0.03869565217391304,22.626226825251592,50.19531830024213,82,0.9979166666666667,0.9989027066569129,0.9978425026968716,0.0010602039600413615,39.86765569007727,0.2119722707361537,0.5833333333333334,13.591584017674238,0,58.314542000000074
25,2,2,14.5,765,120,4707,4704,0.9993626513702996,1.0009803921568627,3,0.03391304347826086,49.34447684649497,88.39505557518775,29,1,0.9989488437281009,1,0.0010511562718991119,39.12240630974626,0.4030762626920805,0,14.5164118608936,0,43.48154199999999
25,2,2,14.5,766,120,4728,4723,0.998942470389171,0.9969635627530364,5,-0.20434782608695654,65.9271858445276,95.67908704824337,55,0.9988974641675854,0.9986173522295195,1,0.0013826477704804718,39.51316277864918,0.6227103423585433,0.4166666666666667,14.011391951628804,0,32.29104200000029
25,2,2,14.5,767,120,4663,4657,0.9987132747158481,0.9949135300101729,6,-0.10304347826086957,51.656586752769854,79.49939888395845,90,0.9989572471324296,0.9985310319500551,0.9989806320081549,0.0004496000580997972,39.079969225446455,0.8359039522157339,0.2916666666666667,13.968467429509532,0,27.14416600000004
25,2,2,14.5,768,120,4683,4680,0.9993593850096092,0.9989361702127659,3,-0.047391304347826096,26.14917754738579,58.83884954269312,33,1,0.9993055555555556,0.9989010989010989,0.001098901098901095,39.94344778703847,0.11919735294842931,0.75,13.421364335032152,0,26.147625000000062
25,2,2,14.5,769,120,4689,4684,0.998933674557475,0.9989528795811519,5,0.009130434782608695,32.33280198672477,66.80631408332586,32,0.9977900552486187,0.998945518453427,1,0.0022099447513812542,39.78321520814905,0.2859630503235122,0.5416666666666666,13.59032795303633,0,28.461084000000028
25,2,2,14.5,770,120,4700,4697,0.9993617021276596,1.0020833333333334,3,0.014782608695652186,30.06501796801538,59.14686841832463,32,1,0.9989320042719829,1,0.0010679957280170793,39.76584819308301,0.2600352433464085,0.4583333333333333,13.716375710547268,0,27.2681249999996
25,2,2,15,741,120,4704,4701,0.9993622448979592,1,3,0.07652173913043478,40.237512235887344,71.18221151066912,17,0.9988901220865705,0.9996467679265277,0.9989711934156379,0.0007566458399572706,39.93269100821385,0.11784238158875213,0.625,13.884718044330073,0,28.541999999999916
25,2,2,15,742,120,4631,4629,0.999568127834161,1.0063424947145878,2,-0.1726086956521739,36.25283217961979,63.16623534478398,36,1,0.9992743105950653,1,0.0007256894049346707,39.852053655912364,0.27741849158568394,0.5833333333333334,13.58991082839458,0,29.54016700000011
25,2,2,15,743,120,4659,4655,0.9991414466623739,1.0051440329218106,4,-0.16608695652173913,44.224234641721125,77.85202368161056,49,1,0.998933522929257,0.9989200863930886,0.001079913606911398,39.79623081621558,0.3093856174177462,0.5,13.802430316196528,0,26.701666999999816
25,2,2,15,744,120,4718,4718,1,1.0021186440677967,0,-0.12,22.573448155846723,46.857211849490945,0,1,1,1,0,39.95447807570368,0.10343311850624991,0.6666666666666666,13.505743274139755,0,28.081208999999944
25,2,2,15,745,120,4729,4708,0.9955593148657221,0.9795291709314228,21,1.1643478260869564,86.6248266814066,108.82708440848062,246,0.9908814589665653,0.9964298464833988,0.997874601487779,0.0069931425212136356,39.89483440932055,0.20779921409973315,0.6666666666666666,13.549505098053238,0,27.78862500000014
25,2,2,15,746,120,4721,4718,0.9993645414107181,1.0041884816753928,3,0.06521739130434782,48.394645161151246,82.38575629074937,8,1,0.9989308624376336,1,0.0010691375623663735,39.8711563642603,0.17092211523219208,0.5,13.674289830913766,0,26.185833999999886
25,2,2,15,747,120,4631,4623,0.9982725113366444,0.9959349593495935,8,-0.4778260869565216,59.05095850723648,89.3037954844458,129,0.9978308026030369,0.998913830557567,0.996832101372756,0.0020817291848109765,39.84364744158852,0.2552444033690271,0.625,13.803053989414648,0,24.479249999999865
25,2,2,15,748,120,4583,4580,0.9993454069386865,0.9969072164948454,3,0.0056521739130434775,27.304315495499452,56.721560221361564,41,1,0.9992841803865425,0.9988839285714286,0.0011160714285713969,39.93645603632241,0.1533027576473102,0.625,13.675963319874198,0,24.129707999999937
25,2,2,15,749,120,4662,4661,0.9997854997854998,1.001054852320675,1,-0.07869565217391304,34.76170218899585,63.86039636114371,32,0.998914223669924,1,1,0.0010857763300760048,39.91855962520651,0.16203488863192037,0.5416666666666666,13.589285795916767,0,24.025666999999885
25,2,2,15,750,120,4782,4778,0.999163529903806,0.9979360165118679,4,-0.22869565217391305,54.197470903119275,81.72521983269537,32,1,0.9989331436699858,0.9989837398373984,0.001066856330014243,39.861351720571484,0.2414899520701319,0.4583333333333333,13.63451064861353,0,26.934541999999965
25,2,2,15,751,120,4722,4718,0.9991529013130029,0.9958333333333333,4,0.029130434782608697,24.456532073133133,49.9071658808131,31,0.9989517819706499,0.9992854590925331,0.9989680082559339,0.0003336771218831469,39.93639356792372,0.1326758778902979,0.6666666666666666,13.632202749473128,0,25.91445900000008
25,2,2,15,752,120,4717,4712,0.9989400042399831,0.9989327641408752,5,0.036521739130434785,27.78652300087238,55.371583973777284,47,0.9989384288747346,0.9989406779661016,0.9989395546129375,0.0000022490913670347723,39.92044310360071,0.1347682645214018,0.625,13.420732004979305,0,25.469790999999987
25,2,2,15,753,120,4594,4587,0.998476273400087,0.9989417989417989,7,-0.06913043478260869,30.209156264100475,58.998417835842396,44,0.9977949283351709,0.9989255014326648,0.9977653631284916,0.0011601383041731639,39.93136110306377,0.16486568934637327,0.7083333333333334,13.339495018796732,0,24.4675000000002
25,2,2,15,754,120,4712,4707,0.9989388794567062,0.9979144942648592,5,0.06913043478260869,32.474148455840485,60.413481319420804,44,1,0.998593035525853,0.9989417989417989,0.00140696447414701,39.832328396886425,0.299558104905276,0.6666666666666666,13.590953235071181,0,25.76533399999971
25,2,2,15,755,120,4604,4601,0.9993483927019983,1.0160771704180065,3,-0.30521739130434783,45.33646299311057,71.17303485438212,21,1,0.9992761491132827,0.9989743589743589,0.0010256410256410664,39.792504994787315,0.3604797615678351,0.625,13.58907456423684,0,24.605334000000312
25,2,2,15,756,120,4825,4822,0.9993782383419689,0.997997997997998,3,0.17869565217391303,36.31041989997672,64.53589367709083,13,0.9989939637826962,0.9996540989277066,0.9989361702127659,0.0007179287149406965,39.68558448697821,0.44687236133495,0.4166666666666667,14.221187794828744,0,25.685207999999875
25,2,2,15,757,120,4714,4712,0.9995757318625371,1,2,-0.034782608695652195,71.52221577566347,104.30626694023886,55,0.9989373007438895,0.9996508379888268,1,0.0010626992561104665,39.79343812424816,0.2637574039888532,0.375,14.43287065750428,0,25.348250000000007
25,2,2,15,758,120,4569,4565,0.9991245349091705,0.9978540772532188,4,-0.16956521739130434,32.43361423633898,59.899238264892425,55,0.9989270386266095,0.9988818486768543,1,0.001118151323145744,39.95832897891294,0.06436829428993643,0.5833333333333334,13.212198798546622,0,23.933583
25,2,2,15,759,120,4862,4852,0.9979432332373509,0.993993993993994,10,0.03956521739130435,29.867781308551216,60.354134530152805,82,0.9971209213051824,0.9982535801606707,0.9979101358411703,0.0011326588554883,39.95260681309654,0.08600653790272283,0.5833333333333334,14.137442320464332,0,26.808250000000044
25,2,2,15,760,120,4683,4682,0.9997864616698697,1.016546018614271,1,-0.7360869565217392,72.4876957091015,96.79909308165952,8,1,0.9996423462088698,1,0.0003576537911301747,39.65338644316243,0.43089018346015096,0.4583333333333333,13.845147170226724,0,25.579125000000204
25,2,2,15,761,120,4595,4593,0.9995647442872688,1.0010764262648009,2,-0.06130434782608696,30.60724456095796,57.78689999085418,40,1,0.9992748368382887,1,0.0007251631617113397,39.95083730158655,0.10502258660853299,0.6666666666666666,13.170738176157181,0,23.881792000000132
25,2,2,15,762,120,4777,4776,0.9997906635963995,1.0009970089730809,1,0.06956521739130438,32.92561237684444,61.34507966642286,8,0.9989235737351991,1,1,0.0010764262648008671,39.85294536605371,0.20375613084419586,0.4166666666666667,14.347025349570485,0,26.15958300000011
25,2,2,15,763,120,4653,4649,0.9991403395658714,1.0062565172054223,4,-0.11869565217391306,30.059257148920878,60.13617947692152,44,0.9967637540453075,0.9996482588814632,1,0.003236245954692518,39.907200862509974,0.16300595253576705,0.6666666666666666,13.758460232171721,0,23.474957999999788
25,2,2,15,764,120,4621,4614,0.9984851763687513,0.9948186528497409,7,-0.03869565217391304,22.626226825251592,50.19531830024213,82,0.9979166666666667,0.9989027066569129,0.9978425026968716,0.0010602039600413615,39.95617332128048,0.10874361080153656,0.6666666666666666,13.591584102352114,0,24.44208299999991
25,2,2,15,765,120,4707,4704,0.9993626513702996,1.0009803921568627,3,0.02956521739130436,49.97163787075224,89.18309266658889,29,1,0.9989488437281009,1,0.0010511562718991119,39.82106304605386,0.20271741112105704,0.375,14.557869812747546,0,25.15804199999957
25,2,2,15,766,120,4728,4723,0.998942470389171,0.9969635627530364,5,-0.20434782608695654,65.86565466161092,95.62179752281857,55,0.9988974641675854,0.9986173522295195,1,0.0013826477704804718,39.797240883224475,0.27417779701908457,0.5,14.0113917462714,0,26.75283300000001
25,2,2,15,767,120,4663,4657,0.9987132747158481,0.9949135300101729,6,-0.10608695652173913,50.78138399214934,77.9547548130713,90,0.9989572471324296,0.9985310319500551,0.9989806320081549,0.0004496000580997972,39.633643185252126,0.4649157577357177,0.4583333333333333,14.009923327789407,0,25.75537499999973
25,2,2,15,768,120,4683,4680,0.9993593850096092,0.9989361702127659,3,-0.047391304347826096,26.14917754738579,58.83884954269312,33,1,0.9993055555555556,0.9989010989010989,0.001098901098901095,39.97821219312909,0.0709134358343379,0.7916666666666666,13.421364335032152,0,28.719250000000102
25,2,2,15,769,120,4689,4684,0.998933674557475,0.9989528795811519,5,0.009130434782608695,32.34316030262408,66.81712565287853,32,0.9977900552486187,0.998945518453427,1,0.0022099447513812542,39.916613229251155,0.14477550777989404,0.5833333333333334,13.59032795303633,0,26.70699999999988
25,2,2,15,770,120,4700,4697,0.9993617021276596,1.0020833333333334,3,0.014782608695652186,30.064400585081344,59.14686841832463,32,1,0.9989320042719829,1,0.0010679957280170793,39.9221489780653,0.12074090330984166,0.5416666666666666,13.71637550518986,0,26.253541999999925
25,2,2,15.5,741,120,4704,4701,0.9993622448979592,1,3,0.07652173913043478,40.217273338295186,71.12268120843298,17,0.9988901220865705,0.9996467679265277,0.9989711934156379,0.0007566458399572706,39.97560210640905,0.06593910615401014,0.875,13.8847166915061,0,25.984457999999904
25,2,2,15.5,742,120,4631,4629,0.999568127834161,1.0063424947145878,2,-0.1726086956521739,36.25283217961979,63.16623534478398,36,1,0.9992743105950653,1,0.0007256894049346707,39.943071807357725,0.14650446152440103,0.8333333333333334,13.58991082839458,0,25.359165999999732
25,2,2,15.5,743,120,4659,4655,0.9991414466623739,1.0051440329218106,4,-0.16608695652173913,44.25891290244301,77.8768776398665,49,1,0.998933522929257,0.9989200863930886,0.001079913606911398,39.96436871211676,0.07877915658264706,0.7916666666666666,13.843887723981569,0,25.00350000000026
25,2,2,15.5,744,120,4718,4718,1,1.0021186440677967,0,-0.12,22.573448155846723,46.857211849490945,0,1,1,1,0,39.98810145948601,0.043172476854056854,0.9166666666666666,13.505743274139755,0,25.57070900000008
25,2,2,15.5,745,120,4729,4708,0.9955593148657221,0.9795291709314228,21,1.1643478260869564,86.52636175783145,108.72442229755386,246,0.9908814589665653,0.9964298464833988,0.997874601487779,0.0069931425212136356,39.98803914494489,0.04329093577028255,0.9166666666666666,13.549505134054899,0,25.93204199999991
25,2,2,15.5,746,120,4721,4718,0.9993645414107181,1.0041884816753928,3,0.06521739130434782,48.37224119059421,82.26669568627706,8,1,0.9989308624376336,1,0.0010691375623663735,39.96436947230341,0.06854223889709152,0.75,13.674289384197293,0,25.688292000000274
25,2,2,15.5,747,120,4631,4623,0.9982725113366444,0.9959349593495935,8,-0.4778260869565216,59.05095850723648,89.3037954844458,129,0.9978308026030369,0.998913830557567,0.996832101372756,0.0020817291848109765,39.96364190046961,0.07491941140905342,0.7916666666666666,13.803053989414648,0,24.747583000000304
25,2,2,15.5,748,120,4583,4580,0.9993454069386865,0.9969072164948454,3,0.009565217391304342,27.708537921795358,57.20688109744636,41,1,0.9992841803865425,0.9988839285714286,0.0011160714285713969,39.967469237825306,0.09399002745418678,0.875,13.717420280942767,0,23.76449999999977
25,2,2,15.5,749,120,4662,4661,0.9997854997854998,1.001054852320675,1,-0.07869565217391304,34.76170218899585,63.86039636114371,32,0.998914223669924,1,1,0.0010857763300760048,39.96746942285467,0.09398931845108635,0.875,13.589285590559362,0,25.020874999999705
25,2,2,15.5,750,120,4782,4778,0.999163529903806,0.9979360165118679,4,-0.22869565217391305,54.197470903119275,81.72521983269537,32,1,0.9989331436699858,0.9989837398373984,0.001066856330014243,39.95557046291261,0.10688422259684612,0.8333333333333334,13.63451064861353,0,26.952458000000206
25,2,2,15.5,751,120,4722,4718,0.9991529013130029,0.9958333333333333,4,0.029130434782608697,24.43587781340007,49.86948939665975,31,0.9989517819706499,0.9992854590925331,0.9989680082559339,0.0003336771218831469,39.97996941237515,0.05700109716658505,0.875,13.632202012721372,0,26.13145799999984
25,2,2,15.5,752,120,4717,4712,0.9989400042399831,0.9989327641408752,5,0.036521739130434785,27.78652300087238,55.371583973777284,47,0.9989384288747346,0.9989406779661016,0.9989395546129375,0.0000022490913670347723,39.97183671000014,0.06705603633420801,0.8333333333333334,13.420732004979305,0,24.25966699999981
25,2,2,15.5,753,120,4594,4587,0.998476273400087,0.9989417989417989,7,-0.06913043478260869,30.209156264100475,58.998417835842396,44,0.9977949283351709,0.9989255014326648,0.9977653631284916,0.0011601383041731639,39.96746911150951,0.09399024350317754,0.875,13.339495018796732,0,23.683542000000216
25,2,2,15.5,754,120,4712,4707,0.9989388794567062,0.9979144942648592,5,0.06913043478260869,32.474148455840485,60.413481319420804,44,1,0.998593035525853,0.9989417989417989,0.00140696447414701,39.953262620113,0.10566662075971069,0.7916666666666666,13.590953235071181,0,25.391250000000127
25,2,2,15.5,755,120,4604,4601,0.9993483927019983,1.0160771704180065,3,-0.30521739130434783,45.33957450164963,71.19187309645865,21,1,0.9992761491132827,0.9989743589743589,0.0010256410256410664,39.91968950743707,0.15197096346742792,0.75,13.58907489027378,0,24.333000000000084
25,2,2,15.5,756,120,4825,4822,0.9993782383419689,0.997997997997998,3,0.17869565217391303,36.35081619804093,64.59163360412579,13,0.9989939637826962,0.9996540989277066,0.9989361702127659,0.0007179287149406965,39.94098556852048,0.1092474388995935,0.7083333333333334,14.221189679047066,0,27.543083000000024
25,2,2,15.5,757,120,4714,4712,0.9995757318625371,1,2,-0.034782608695652195,71.55832431145079,104.34520959469592,55,0.9989373007438895,0.9996508379888268,1,0.0010626992561104665,39.96436795433045,0.06854406226067819,0.75,14.432870898863344,0,28.99862499999972
25,2,2,15.5,758,120,4569,4565,0.9991245349091705,0.9978540772532188,4,-0.16956521739130434,32.40513889581345,59.89019967258779,55,0.9989270386266095,0.9988818486768543,1,0.001118151323145744,40,0,1,13.17073937318917,0,23.661749999999756
25,2,2,15.5,759,120,4862,4852,0.9979432332373509,0.993993993993994,10,0.03956521739130435,29.86634250970563,60.354134530152805,82,0.9971209213051824,0.9982535801606707,0.9979101358411703,0.0011326588554883,39.99186708494057,0.03984298403399016,0.9583333333333334,14.137441789069983,0,28.637624999999844
25,2,2,15.5,760,120,4683,4682,0.9997864616698697,1.016546018614271,1,-0.6826086956521739,68.62561487478675,93.3783702653518,8,1,0.9996423462088698,1,0.0003576537911301747,39.844533367632614,0.26314804412509224,0.6666666666666666,14.010973687026132,0,27.65670799999998
25,2,2,15.5,761,120,4595,4593,0.9995647442872688,1.0010764262648009,2,-0.06130434782608696,30.60724456095796,57.78689999085418,40,1,0.9992748368382887,1,0.0007251631617113397,39.98373454722363,0.055106674362020006,0.9166666666666666,13.170738176157181,0,24.743875000000116
25,2,2,15.5,762,120,4777,4776,0.9997906635963995,1.0009970089730809,1,0.06956521739130438,32.92561237684444,61.34507966642286,8,0.9989235737351991,1,1,0.0010764262648008671,39.95557129289895,0.09944930249551653,0.7916666666666666,14.347025349570485,0,26.182624999999916
25,2,2,15.5,763,120,4653,4649,0.9991403395658714,1.0062565172054223,4,-0.11869565217391306,30.06675340276279,60.13617947692152,44,0.9967637540453075,0.9996482588814632,1,0.003236245954692518,39.988039265378966,0.0432907969977661,0.9166666666666666,13.758460352851252,0,25.333624999999756
25,2,2,15.5,764,120,4621,4614,0.9984851763687513,0.9948186528497409,7,-0.03869565217391304,22.627168737355426,50.19531830024213,82,0.9979166666666667,0.9989027066569129,0.9978425026968716,0.0010602039600413615,39.98803958576625,0.0432897859458631,0.9166666666666666,13.591583981672578,0,23.49291600000015
25,2,2,15.5,765,120,4707,4704,0.9993626513702996,1.0009803921568627,3,0.02956521739130436,49.96315343175996,89.10773969828217,29,1,0.9989488437281009,1,0.0010511562718991119,39.95610996497733,0.07545002743859694,0.7083333333333334,14.557868870638385,0,24.866791000000376
25,2,2,15.5,766,120,4728,4723,0.998942470389171,0.9969635627530364,5,-0.20956521739130435,63.305492224880815,92.98180240505128,55,0.9988974641675854,0.9986173522295195,1,0.0013826477704804718,39.93266335900362,0.11198611649143254,0.6666666666666666,13.969933915096988,0,26.237125000000106
25,2,2,15.5,767,120,4663,4657,0.9987132747158481,0.9949135300101729,6,-0.10304347826086957,51.600237847198336,79.44210935853395,90,0.9989572471324296,0.9985310319500551,0.9989806320081549,0.0004496000580997972,39.84244282304136,0.2850250077584028,0.6666666666666666,14.051382245079616,0,25.743625000000065
25,2,2,15.5,768,120,4683,4680,0.9993593850096092,0.9989361702127659,3,-0.047391304347826096,26.14917754738579,58.83884954269312,33,1,0.9993055555555556,0.9989010989010989,0.001098901098901095,39.99186713975736,0.03984271548766668,0.9583333333333334,13.421364335032152,0,23.95587500000056
25,2,2,15.5,769,120,4689,4684,0.998933674557475,0.9989528795811519,5,0.009130434782608695,32.34316030262408,66.81712565287853,32,0.9977900552486187,0.998945518453427,1,0.0022099447513812542,39.979969030059664,0.05700214006374623,0.875,13.59032795303633,0,25.327624999999898
25,2,2,15.5,770,120,4700,4697,0.9993617021276596,1.0020833333333334,3,0.014782608695652186,30.06252067734812,59.12898934692233,32,1,0.9989320042719829,1,0.0010679957280170793,39.980032241375035,0.056920718435095025,0.875,13.716375094475048,0,25.756124999999884
25,2,2,16,741,120,4704,4701,0.9993622448979592,1,3,0.07652173913043478,40.188623127010715,71.06315090619682,17,0.9988901220865705,0.9996467679265277,0.9989711934156379,0.0007566458399572706,39.994352106409046,0.015264311810310354,0.875,13.88471542336,0,25.10595799999919
25,2,2,16,742,120,4631,4629,0.999568127834161,1.0063424947145878,2,-0.16217391304347822,35.38315944755309,62.243444911109385,36,1,0.9992743105950653,1,0.0007256894049346707,39.98493898176827,0.03440134534929346,0.7916666666666666,13.589909752931332,0,25.123124999999163
25,2,2,16,743,120,4659,4655,0.9991414466623739,1.0051440329218106,4,-0.16608695652173913,44.22096705378406,77.87834361748355,49,1,0.998933522929257,0.9989200863930886,0.001079913606911398,39.99623443861205,0.01275756464060064,0.9166666666666666,13.843886371157595,0,24.676915999999437
25,2,2,16,744,120,4718,4718,1,1.0021186440677967,0,-0.12,22.52252935270553,46.79879421774452,0,1,1,1,0,39.998117107563566,0.00922425141962088,0.9583333333333334,13.50574241670847,0,26.414542000000438
25,2,2,16,745,120,4729,4707,0.9953478536688518,0.9785056294779939,22,1.1743478260869564,86.25886472748394,108.61285882271052,254,0.9908814589665653,0.9960728311317386,0.997874601487779,0.0069931425212136356,39.998117529451015,0.009222184601655152,0.9583333333333334,13.507836667847783,0,26.671040999999605
25,2,2,16,746,120,4721,4718,0.9993645414107181,1.0041884816753928,3,0.06521739130434782,48.37459933805355,82.348079806596,8,1,0.9989308624376336,1,0.0010691375623663735,39.99435235962837,0.015263627439028038,0.875,13.674288683447196,0,27.206624999999804
25,2,2,16,747,120,4631,4623,0.9982725113366444,0.9959349593495935,8,-0.4778260869565216,59.00218453843644,89.2065886980563,129,0.9978308026030369,0.998913830557567,0.996832101372756,0.0020817291848109765,39.99246976618592,0.01720026614455424,0.8333333333333334,13.8030521898742,0,22.913249999999607
25,2,2,16,748,120,4583,4580,0.9993454069386865,0.9969072164948454,3,0.009565217391304342,27.714204842868025,57.17910331966838,41,1,0.9992841803865425,0.9988839285714286,0.0011160714285713969,39.992469237825304,0.021758515607140313,0.875,13.717419990907487,0,23.37195800000063
25,2,2,16,749,120,4662,4661,0.9997854997854998,1.001054852320675,1,-0.07869565217391304,34.77782495619788,63.97945696561601,32,0.998914223669924,1,1,0.0010857763300760048,39.99246942285467,0.02175780660542653,0.875,13.54782775938495,0,25.228499999999258
25,2,2,16,750,120,4782,4778,0.999163529903806,0.9979360165118679,4,-0.23652173913043478,52.951818070051836,80.2608154814637,32,1,0.9989331436699858,0.9989837398373984,0.001066856330014243,39.99246889390631,0.01720225856596598,0.8333333333333334,13.634507170212165,0,27.868375000000015
25,2,2,16,751,120,4722,4718,0.9991529013130029,0.9958333333333333,4,0.029130434782608697,24.43587781340007,49.86948939665975,31,0.9989517819706499,0.9992854590925331,0.9989680082559339,0.0003336771218831469,39.99623473760603,0.012756551660943312,0.9166666666666666,13.632202012721372,0,26.456625000000713
25,2,2,16,752,120,4717,4712,0.9989400042399831,0.9989327641408752,5,0.036521739130434785,27.78652300087238,55.371583973777284,47,0.9989384288747346,0.9989406779661016,0.9989395546129375,0.0000022490913670347723,39.99435213737315,0.015264228118828046,0.875,13.420732004979305,0,25.98687500000051
25,2,2,16,753,120,4594,4587,0.998476273400087,0.9989417989417989,7,-0.06913043478260869,30.196952803593646,58.998417835842396,44,0.9977949283351709,0.9989255014326648,0.9977653631284916,0.0011601383041731639,39.992469111509514,0.021758731653785304,0.875,13.339493750650632,0,22.9385829999992
25,2,2,16,754,120,4712,4707,0.9989388794567062,0.9979144942648592,5,0.06913043478260869,32.474148455840485,60.413481319420804,44,1,0.998593035525853,0.9989417989417989,0.00140696447414701,39.994352288771324,0.020260694988342057,0.9166666666666666,13.590953235071181,0,25.346165999999357
25,2,2,16,755,120,4604,4601,0.9993483927019983,1.0160771704180065,3,-0.30521739130434783,45.321451635854345,71.1829335607578,21,1,0.9992761491132827,0.9989743589743589,0.0010256410256410664,39.99058680845318,0.022997059620812818,0.8333333333333334,13.589074479558967,0,24.911290999999437
25,2,2,16,756,120,4825,4822,0.9993782383419689,0.997997997997998,3,0.17869565217391303,36.32906708793875,64.59868567014443,13,0.9989939637826962,0.9996540989277066,0.9989361702127659,0.0007179287149406965,39.99246950986525,0.021757567671198165,0.875,14.221188446902625,0,26.683458000000428
25,2,2,16,757,120,4714,4712,0.9995757318625371,1,2,-0.034782608695652195,71.52791148416463,104.2698566263892,55,0.9989373007438895,0.9996508379888268,1,0.0010626992561104665,39.9943519962468,0.015264609578555827,0.875,14.39141233093718,0,25.27995800000008
25,2,2,16,758,120,4569,4565,0.9991245349091705,0.9978540772532188,4,-0.16260869565217392,31.402970262769166,58.62116162319762,55,0.9989270386266095,0.9988818486768543,1,0.001118151323145744,39.99811740655755,0.00922278665422579,0.9583333333333334,13.21219525879449,0,28.562791999999718
25,2,2,16,759,120,4862,4852,0.9979432332373509,0.993993993993994,10,0.03956521739130435,29.785817080767078,60.29191108737299,82,0.9971209213051824,0.9982535801606707,0.9979101358411703,0.0011326588554883,40,0,1,14.095983511179101,0,29.39820899999995
25,2,2,16,760,120,4683,4682,0.9997864616698697,1.016546018614271,1,-0.6891304347826087,68.39635283104292,92.96123019309896,8,1,0.9996423462088698,1,0.0003576537911301747,39.98682074896769,0.0339165695783832,0.8333333333333334,13.9695132475562,0,26.030625000000327
25,2,2,16,761,120,4595,4593,0.9995647442872688,1.0010764262648009,2,-0.06130434782608696,30.60627226459271,57.74922350670082,40,1,0.9992748368382887,1,0.0007251631617113397,39.99623454722363,0.012757196670571442,0.9166666666666666,13.170737765442368,0,27.87029199999961
25,2,2,16,762,120,4777,4776,0.9997906635963995,1.0009970089730809,1,0.06956521739130438,32.90641074008161,61.27405475192487,8,0.9989235737351991,1,1,0.0010764262648008671,39.99435231786377,0.015263740317982702,0.875,14.305567156357471,0,26.99145800000042
25,2,2,16,763,120,4653,4649,0.9991403395658714,1.0062565172054223,4,-0.11869565217391306,30.058320117190636,60.13617947692152,44,0.9967637540453075,0.9996482588814632,1,0.003236245954692518,39.99811733259916,0.009223148974878255,0.9583333333333334,13.758460026814312,0,25.48279199999979
25,2,2,16,764,120,4621,4614,0.9984851763687513,0.9948186528497409,7,-0.03869565217391304,22.582335832851207,50.15764181608878,82,0.9979166666666667,0.9989027066569129,0.9978425026968716,0.0010602039600413615,39.99811749078776,0.009222374012129957,0.9583333333333334,13.591582870207668,0,24.989582999999584
25,2,2,16,765,120,4707,4704,0.9993626513702996,1.0009803921568627,3,0.03739130434782609,48.813187429814676,88.25901332665914,29,1,0.9989488437281009,1,0.0010511562718991119,39.992469208411876,0.017201540175919204,0.8333333333333334,14.516409843321192,0,25.518291999999747
25,2,2,16,766,120,4728,4723,0.998942470389171,0.9969635627530364,5,-0.20956521739130435,63.08600103910983,92.82875663502364,55,0.9988974641675854,0.9986173522295195,1,0.0013826477704804718,39.99246917434643,0.02175867926257056,0.875,13.928476289279985,0,25.162540999999692
25,2,2,16,767,120,4663,4657,0.9987132747158481,0.9949135300101729,6,-0.10304347826086957,51.600237847198336,79.44210935853395,90,0.9989572471324296,0.9985310319500551,0.9989806320081549,0.0004496000580997972,39.969877943106184,0.06343407133498619,0.75,14.051382571116557,0,25.018958999999995
25,2,2,16,768,120,4683,4680,0.9993593850096092,0.9989361702127659,3,-0.047391304347826096,26.14917754738579,58.83884954269312,33,1,0.9993055555555556,0.9989010989010989,0.001098901098901095,39.99811713975736,0.009224093702877254,0.9583333333333334,13.421364335032152,0,25.962459000000308
25,2,2,16,769,120,4689,4684,0.998933674557475,0.9989528795811519,5,0.009130434782608695,32.31873052970812,66.84490343065681,32,0.9977900552486187,0.998945518453427,1,0.0022099447513812542,39.99811729885469,0.0092233142883389,0.9583333333333334,13.548869554465911,0,25.481332999999722
25,2,2,16,770,120,4700,4697,0.9993617021276596,1.0020833333333334,3,0.014782608695652186,30.041446948014787,59.11109483968752,32,1,0.9989320042719829,1,0.0010679957280170793,39.99623486793189,0.012756110155955454,0.9166666666666666,13.716373983010142,0,25.280791999999565
25,2,2,17,741,120,4704,4701,0.9993622448979592,1,3,0.07652173913043478,40.170055660487506,71.06315090619682,17,0.9988901220865705,0.9996467679265277,0.9989711934156379,0.0007566458399572706,40,0,1,13.884715218002592,0,26.338541000000077
25,2,2,17,742,120,4631,4629,0.999568127834161,1.0063424947145878,2,-0.16217391304347822,35.38315944755309,62.243444911109385,36,1,0.9992743105950653,1,0.0007256894049346707,40,0,1,13.589909752931332,0,24.875417000000198
25,2,2,17,743,120,4659,4655,0.9991414466623739,1.0051440329218106,4,-0.16608695652173913,44.22981472121399,77.8943043475371,49,1,0.998933522929257,0.9989200863930886,0.001079913606911398,40,0,1,13.843886491837127,0,23.490124999999352
25,2,2,17,744,120,4718,4718,1,1.0021186440677967,0,-0.12,22.548786814690825,46.835358031408155,0,1,1,1,0,40,0,1,13.50574274274541,0,25.086874999999964
25,2,2,17,745,120,4729,4707,0.9953478536688518,0.9785056294779939,22,1.1743478260869564,86.25886472748394,108.61285882271052,254,0.9908814589665653,0.9960728311317386,0.997874601487779,0.0069931425212136356,40,0,1,13.507836667847783,0,40.125708000000486
25,2,2,17,746,120,4721,4718,0.9993645414107181,1.0041884816753928,3,0.06521739130434782,48.37459933805355,82.348079806596,8,1,0.9989308624376336,1,0.0010691375623663735,40,0,1,13.674288683447196,0,34.52720800000043
25,2,2,17,747,120,4631,4623,0.9982725113366444,0.9959349593495935,8,-0.4778260869565216,59.00218453843644,89.2065886980563,129,0.9978308026030369,0.998913830557567,0.996832101372756,0.0020817291848109765,40,0,1,13.8030521898742,0,26.55316700000003
25,2,2,17,748,120,4583,4580,0.9993454069386865,0.9969072164948454,3,0.009565217391304342,27.714204842868025,57.17910331966838,41,1,0.9992841803865425,0.9988839285714286,0.0011160714285713969,40,0,1,13.717419990907487,0,25.92737500000021
25,2,2,17,749,120,4662,4661,0.9997854997854998,1.001054852320675,1,-0.07869565217391304,34.77782495619788,63.97945696561601,32,0.998914223669924,1,1,0.0010857763300760048,40,0,1,13.54782775938495,0,32.15949999999975
25,2,2,17,750,120,4782,4778,0.999163529903806,0.9979360165118679,4,-0.23652173913043478,52.79020451681687,80.15101684815424,32,1,0.9989331436699858,0.9989837398373984,0.001066856330014243,40,0,1,13.63450643346041,0,150.36720799999966
25,2,2,17,751,120,4722,4718,0.9991529013130029,0.9958333333333333,4,0.029130434782608697,24.43587781340007,49.86948939665975,31,0.9989517819706499,0.9992854590925331,0.9989680082559339,0.0003336771218831469,40,0,1,13.632202012721372,0,302.9032499999994
25,2,2,17,752,120,4717,4712,0.9989400042399831,0.9989327641408752,5,0.036521739130434785,27.78652300087238,55.371583973777284,47,0.9989384288747346,0.9989406779661016,0.9989395546129375,0.0000022490913670347723,40,0,1,13.420732004979305,0,50.49395900000036
25,2,2,17,753,120,4594,4587,0.998476273400087,0.9989417989417989,7,-0.06913043478260869,30.190247666583303,58.960741351689045,44,0.9977949283351709,0.9989255014326648,0.9977653631284916,0.0011601383041731639,40,0,1,13.339493545293225,0,26.1387909999994
25,2,2,17,754,120,4712,4707,0.9989388794567062,0.9979144942648592,5,0.06913043478260869,32.474148455840485,60.413481319420804,44,1,0.998593035525853,0.9989417989417989,0.00140696447414701,40,0,1,13.590953235071181,0,26.43120800000088
25,2,2,17,755,120,4604,4601,0.9993483927019983,1.0160771704180065,3,-0.30521739130434783,45.321451635854345,71.1829335607578,21,1,0.9992761491132827,0.9989743589743589,0.0010256410256410664,40,0,1,13.589074479558967,0,24.004165999999714
25,2,2,17,756,120,4825,4822,0.9993782383419689,0.997997997997998,3,0.17869565217391303,36.27324676649776,64.5106791115877,13,0.9989939637826962,0.9996540989277066,0.9989361702127659,0.0007179287149406965,40,0,1,14.221187589471336,0,28.56958399999985
25,2,2,17,757,120,4714,4712,0.9995757318625371,1,2,-0.034782608695652195,71.53366823954644,104.26761584957785,55,0.9989373007438895,0.9996508379888268,1,0.0010626992561104665,40,0,1,14.391412451616715,0,25.6264170000004
25,2,2,17,758,120,4569,4565,0.9991245349091705,0.9978540772532188,4,-0.16260869565217392,31.421951917062955,58.63631668239183,55,0.9989270386266095,0.9988818486768543,1,0.001118151323145744,40,0,1,13.212195500153557,0,24.408790999999837
25,2,2,17,759,120,4862,4852,0.9979432332373509,0.993993993993994,10,0.03956521739130435,29.785817080767078,60.29191108737299,82,0.9971209213051824,0.9982535801606707,0.9979101358411703,0.0011326588554883,40,0,1,14.095983511179101,0,28.812208000000282
25,2,2,17,760,120,4683,4682,0.9997864616698697,1.016546018614271,1,-0.6891304347826087,68.20959663530407,92.74801738562383,8,1,0.9996423462088698,1,0.0003576537911301747,40,0,1,13.969512716161853,0,25.560083999999733
25,2,2,17,761,120,4595,4593,0.9995647442872688,1.0010764262648009,2,-0.06130434782608696,30.60627226459271,57.74922350670082,40,1,0.9992748368382887,1,0.0007251631617113397,40,0,1,13.170737765442368,0,37.55412500000057
25,2,2,17,762,120,4777,4776,0.9997906635963995,1.0009970089730809,1,0.06956521739130438,32.90641074008161,61.27405475192487,8,0.9989235737351991,1,1,0.0010764262648008671,40,0,1,14.305567156357471,0,37.23566699999992
25,2,2,17,763,120,4653,4649,0.9991403395658714,1.0062565172054223,4,-0.11869565217391306,30.058320117190636,60.13617947692152,44,0.9967637540453075,0.9996482588814632,1,0.003236245954692518,40,0,1,13.758460026814312,0,26.81945799999994
25,2,2,17,764,120,4621,4614,0.9984851763687513,0.9948186528497409,7,-0.03869565217391304,22.581393920747374,50.15764181608878,82,0.9979166666666667,0.9989027066569129,0.9978425026968716,0.0010602039600413615,40,0,1,13.591582990887204,0,40.67816700000003
25,2,2,17,765,120,4707,4704,0.9993626513702996,1.0009803921568627,3,0.03739130434782609,48.792736537881886,88.25901332665914,29,1,0.9989488437281009,1,0.0010511562718991119,40,0,1,14.516409637963784,0,26.286667000000307
25,2,2,17,766,120,4728,4723,0.998942470389171,0.9969635627530364,5,-0.20956521739130435,63.01698462453767,92.75665636330814,55,0.9988974641675854,0.9986173522295195,1,0.0013826477704804718,40,0,1,13.928475757885641,0,27.12750000000051
25,2,2,17,767,120,4663,4657,0.9987132747158481,0.9949135300101729,6,-0.10304347826086957,51.600237847198336,79.44210935853395,90,0.9989572471324296,0.9985310319500551,0.9989806320081549,0.0004496000580997972,40,0,1,14.051382571116557,0,27.027667000000292
25,2,2,17,768,120,4683,4680,0.9993593850096092,0.9989361702127659,3,-0.047391304347826096,26.14917754738579,58.83884954269312,33,1,0.9993055555555556,0.9989010989010989,0.001098901098901095,40,0,1,13.421364335032152,0,27.326500000000124
25,2,2,17,769,120,4689,4684,0.998933674557475,0.9989528795811519,5,0.009130434782608695,32.32993501533423,66.86083328904442,32,0.9977900552486187,0.998945518453427,1,0.0022099447513812542,40,0,1,13.548869675145447,0,26.219625000000633
25,2,2,17,770,120,4700,4697,0.9993617021276596,1.0020833333333334,3,0.014782608695652186,30.041446948014787,59.11109483968752,32,1,0.9989320042719829,1,0.0010679957280170793,40,0,1,13.716373983010142,0,25.991250000000036
25,3,3,14.05,741,120,4704,4702,0.9995748299319728,1.0010266940451746,2,0.12086956521739133,4.0649218353019645,16.571024914498896,8,0.9988901220865705,0.9996467679265277,1,0.0011098779134295356,39.41531495201938,0.6582262001689664,0.2916666666666667,13.8849288367363,0,18.599083000000064
25,3,3,14.05,742,120,4631,4631,1,1.0042283298097252,0,-0.07434782608695653,3.4214619609530814,16.172221883401107,0,1,1,1,0,39.42226277093112,0.6352854116961861,0.2916666666666667,13.465118949769858,0,16.60108300000047
25,3,3,14.05,743,120,4659,4658,0.9997853616655935,1.0020576131687242,1,-0.0008695652173913036,4.222505846349639,17.457980026206013,36,1,1,0.9989200863930886,0.001079913606911398,37.15875647901485,1.0514083589085774,0,13.677426827142611,0,18.223582999999962
25,3,3,14.05,744,120,4718,4718,1,1.0010593220338984,0,-0.04695652173913043,2.564847582555561,12.292303401879204,0,1,1,1,0,39.63773465345373,0.35401225801793723,0.375,13.339701545115924,0,16.70562500000051
25,3,3,14.05,745,120,4729,4728,0.9997885388031297,1,1,0.06,4.192001489846934,16.06301367780634,9,0.9989868287740629,1,1,0.0010131712259371373,38.887661146275484,1.7543492175465032,0.4166666666666667,13.802430721545548,0,18.01404199999979
25,3,3,14.05,746,120,4721,4718,0.9993645414107181,0.9968586387434555,3,0.019130434782608695,3.5185762117127006,15.62846793973828,8,1,0.9989308624376336,1,0.0010691375623663735,38.85333366262235,0.8326033197916288,0.125,13.42408294754417,1,18.691791999999623
25,3,3,14.05,747,120,4631,4631,1,1.0010162601626016,0,-0.04173913043478261,4.134833245915483,17.478736609631596,0,1,1,1,0,38.707066262431134,1.241910662712305,0.16666666666666666,14.011387728293883,0,17.199209000000337
25,3,3,14.05,748,120,4583,4583,1,1,0,-0.014347826086956521,2.6115952661738326,12.246661988531438,0,1,1,1,0,39.303784337734335,0.7085862715918211,0.3333333333333333,13.635135209584073,0,20.015666999999667
25,3,3,14.05,749,120,4662,4662,1,1.0021097046413503,0,-0.034782608695652174,3.7985917050270657,15.325106853495527,0,1,1,1,0,39.18092237926845,0.7987365061401,0.3333333333333333,13.340749410615679,0,17.506374999999935
25,3,3,14.05,750,120,4782,4781,0.9997908824759515,1,1,-0.02826086956521739,3.458883855917854,13.891597465265477,10,1,0.9996443812233285,1,0.00035561877667145136,38.62592760826168,1.0251437393853808,0.16666666666666666,13.759295967783457,0,17.794041000000107
25,3,3,14.05,751,120,4722,4720,0.9995764506565015,0.9979166666666667,2,-0.016956521739130436,2.537248527927678,12.574984225346574,11,1,0.9996427295462665,0.9989680082559339,0.0010319917440660964,39.48942084567131,0.6192111205913907,0.375,13.549706958403858,0,18.802750000000742
25,3,3,14.05,752,120,4717,4716,0.9997880008479966,1.0021344717182497,1,0.016521739130434778,3.2452339708218716,14.465960391232025,6,1,0.9996468926553672,1,0.0003531073446327859,39.506934191258345,0.6044846515827429,0.3333333333333333,13.296987824339872,0,17.35645899999963
25,3,3,14.05,753,120,4594,4590,0.9991292990857641,1.001058201058201,4,0.03782608695652174,3.4947835887123686,15.333954632713661,15,0.9988974641675854,0.9992836676217765,0.9988826815642458,0.0004009860575306945,39.60041384985339,0.509650014384507,0.2916666666666667,13.339912862543649,0,17.907916999999543
25,3,3,14.05,754,120,4712,4711,0.9997877758913413,1.0010427528675705,1,-0.011304347826086957,3.3551869282793634,15.010520005755401,10,1,0.9996482588814632,1,0.0003517411185367525,39.38679721382444,0.7629445665898545,0.4166666666666667,13.633044083500936,0,20.477834000000257
25,3,3,14.05,755,120,4604,4603,0.9997827975673328,1.0010718113612005,1,-0.08,4.014640582169831,17.19506574382437,6,1,0.9996380745566413,1,0.0003619254433586683,39.09214498780818,0.9869452329143829,0.2916666666666667,13.254487060263429,0,18.013582999999926
25,3,3,14.05,756,120,4825,4822,0.9993782383419689,0.997997997997998,3,0.1117391304347826,3.2333356384607708,14.897505989127845,13,0.9989939637826962,0.9996540989277066,0.9989361702127659,0.0007179287149406965,38.608974891704676,1.213223605518335,0.16666666666666666,14.221185730602125,0,20.375458000000435
25,3,3,14.05,757,120,4714,4713,0.9997878659312686,1,1,-0.051304347826086956,4.306413007345645,17.18484460198609,8,1,0.9996508379888268,1,0.00034916201117318746,37.45888323432506,1.4595624698980645,0,14.349952859617849,0,16.917250000000422
25,3,3,14.05,758,120,4569,4568,0.9997811337272926,1,1,-0.062173913043478246,3.0112928933305323,13.049309160398176,11,1,0.9996272828922848,1,0.000372717107715248,38.294621593215346,1.3427738759070762,0.16666666666666666,13.088239621000405,0,17.34583400000065
25,3,3,14.05,759,120,4862,4858,0.9991772932949403,0.996996996996997,4,0.015652173913043473,3.6706142113083673,15.829780078719523,51,0.9971209213051824,1,0.9989550679205852,0.0028790786948176272,35.16110172083608,0.5712056934885644,0,13.972233666539823,1,19.404125000000022
25,3,3,14.05,760,120,4683,4682,0.9997864616698697,1,1,-0.06000000000000001,3.3792808407859924,14.778414512990821,8,1,0.9996423462088698,1,0.0003576537911301747,37.11491534307133,1.538747633393425,0,13.675967413970184,0,16.626124999999774
25,3,3,14.05,761,120,4595,4594,0.9997823721436344,1.0010764262648009,1,-0.030869565217391304,3.2157678553976323,14.082980026205405,13,1,0.9996374184191443,1,0.00036258158085566983,39.57108648985455,0.4879215657500177,0.4583333333333333,13.129279728910547,0,17.360209000000395
25,3,3,14.05,762,120,4777,4776,0.9997906635963995,1.0009970089730809,1,0.019999999999999997,3.5889250602647307,15.305064184445959,8,0.9989235737351991,1,1,0.0010764262648008671,38.33643275394761,1.343348117286429,0.25,14.222653814290894,0,16.988666000000194
25,3,3,14.05,763,120,4653,4651,0.9995701697829358,1,2,-0.04782608695652174,2.842312849832691,12.626611341719581,26,0.9978425026968716,1,1,0.0021574973031284195,39.29030187334843,0.5176249716691729,0.20833333333333334,13.715749453233775,1,17.87995899999987
25,3,3,14.05,764,120,4621,4620,0.9997835966241073,1,1,-0.023913043478260874,2.8259246097774327,13.295318977885168,23,0.9989583333333333,1,1,0.0010416666666667185,39.65573386023116,0.42019330878573186,0.25,13.67554790668837,1,17.680583000000297
25,3,3,14.05,765,120,4707,4705,0.9995751009135331,0.9990196078431373,2,-0.041304347826086954,4.730324059379617,18.430140505097068,8,1,0.9992992291520673,1,0.0007007708479327412,35.78086330608631,1.028856767484941,0,14.225793366732388,0,16.568458000000646
25,3,3,14.05,766,120,4728,4727,0.9997884940778342,1.0010121457489878,1,-0.07086956521739131,4.271745979096189,17.06510095480371,25,1,0.9996543380573799,1,0.0003456619426200902,38.466705625621756,1.4147643022664003,0.16666666666666666,14.012226523558752,0,18.69024999999965
25,3,3,14.05,767,120,4663,4662,0.9997855457859747,0.9989827060020345,1,0.002173913043478261,4.40682793697347,16.379473417910656,3,1,0.9996327579875137,1,0.00036724201248627963,38.15808451647759,1.2683291725099028,0.08333333333333333,13.844929488741393,0,16.67425000000003
25,3,3,14.05,768,120,4683,4681,0.9995729233397395,0.997872340425532,2,-0.006521739130434786,3.641024056181909,15.344781638098235,12,1,0.9996527777777777,0.9989010989010989,0.001098901098901095,39.84204362054794,0.21522788881073346,0.375,13.379694916063327,0,18.567291999999725
25,3,3,14.05,769,120,4689,4687,0.99957346982299,1,2,-0.01478260869565217,3.65466342481886,14.717878732582298,8,0.9988950276243094,0.9996485061511423,1,0.0011049723756906271,39.33155771200779,0.6991174978133966,0.2916666666666667,13.54908086761393,0,19.115749999999935
25,3,3,14.05,770,120,4700,4699,0.9997872340425532,1,1,0.07739130434782608,3.113609135903683,16.04228796604578,14,1,0.9996440014239943,1,0.0003559985760056561,39.49011071159031,0.46171735788612195,0.25,13.674499106191334,1,17.231792000000496
25,3,3,14.5,741,120,4704,4702,0.9995748299319728,1.0010266940451746,2,0.12086956521739133,4.0649218353019645,16.571024914498896,8,0.9988901220865705,0.9996467679265277,1,0.0011098779134295356,39.65281803300878,0.5038991523440428,0.5,13.8849288367363,0,18.347249999999804
25,3,3,14.5,742,120,4631,4631,1,1.0042283298097252,0,-0.07434782608695653,3.4214619609530814,16.172221883401107,0,1,1,1,0,39.65978491541893,0.4871313343827865,0.5416666666666666,13.465118949769858,0,16.373083999999835
25,3,3,14.5,743,120,4659,4658,0.9997853616655935,1.0020576131687242,1,-0.004782608695652174,4.197061792892162,17.374662128705495,36,1,1,0.9989200863930886,0.001079913606911398,38.78701927127318,0.977375900385363,0.20833333333333334,13.677429194079068,1,17.91083300000082
25,3,3,14.5,744,120,4718,4718,1,1.0010593220338984,0,-0.04695652173913043,2.564847582555561,12.292303401879204,0,1,1,1,0,39.82819897748801,0.2573328321690113,0.625,13.339701545115924,0,18.688624999999774
25,3,3,14.5,745,120,4729,4728,0.9997885388031297,1,1,0.06,4.192001489846934,16.06301367780634,9,0.9989868287740629,1,1,0.0010131712259371373,39.1714409798656,1.5095368927594308,0.6666666666666666,13.802430721545548,0,17.699874999999338
25,3,3,14.5,746,120,4721,4718,0.9993645414107181,0.9968586387434555,3,0.019130434782608695,3.5185762117127006,15.62846793973828,8,1,0.9989308624376336,1,0.0010691375623663735,39.343900612182956,0.6004170566500495,0.3333333333333333,13.42408327358111,0,18.536207999999533
25,3,3,14.5,747,120,4631,4631,1,1.0010162601626016,0,-0.04173913043478261,4.139955753258011,17.55408957793831,0,1,1,1,0,39.24118240167063,1.0998044528851765,0.4583333333333333,13.96993133462132,0,16.567791000000398
25,3,3,14.5,748,120,4583,4583,1,1,0,-0.014347826086956521,2.6101223514793297,12.246661988531438,0,1,1,1,0,39.59098835788957,0.4584834090813035,0.4166666666666667,13.676592013971451,0,18.339916999999332
25,3,3,14.5,749,120,4662,4662,1,1.0021097046413503,0,-0.024782608695652172,3.642587634153223,14.956030813191015,0,1,1,1,0,39.78942788839229,0.32923849243690195,0.5416666666666666,13.38220918533718,0,18.355750000000626
25,3,3,14.5,750,120,4782,4781,0.9997908824759515,1,1,-0.02826086956521739,3.458883855917854,13.891597465265477,10,1,0.9996443812233285,1,0.00035561877667145136,39.16950386110293,0.7395966849875019,0.25,13.759296499177802,1,17.50329099999999
25,3,3,14.5,751,120,4722,4720,0.9995764506565015,0.9979166666666667,2,-0.016956521739130436,2.5402312570585077,12.574984225346574,11,1,0.9996427295462665,0.9989680082559339,0.0010319917440660964,39.792114578036816,0.29337534743167176,0.5,13.591164704900395,0,18.486541999999645
25,3,3,14.5,752,120,4717,4716,0.9997880008479966,1.0021344717182497,1,0.016521739130434778,3.2452339708218716,14.465960391232025,6,1,0.9996468926553672,1,0.0003531073446327859,39.80299408434241,0.2744840272908579,0.5416666666666666,13.296987824339872,0,23.629500000000007
25,3,3,14.5,753,120,4594,4590,0.9991292990857641,1.001058201058201,4,0.03782608695652174,3.497927782463111,15.333954632713661,15,0.9988974641675854,0.9992836676217765,0.9988826815642458,0.0004009860575306945,39.83158278788789,0.2905105564929948,0.625,13.339912089790234,0,18.147500000000036
25,3,3,14.5,754,120,4712,4711,0.9997877758913413,1.0010427528675705,1,-0.011304347826086957,3.3556818635981474,15.010520005755401,10,1,0.9996482588814632,1,0.0003517411185367525,39.661576613523906,0.44054421424757845,0.5,13.633044288858343,0,18.766665999999532
25,3,3,14.5,755,120,4604,4603,0.9997827975673328,1.0010718113612005,1,-0.08,4.01560871452495,17.19506574382437,6,1,0.9996380745566413,1,0.0003619254433586683,39.491369584829194,0.8174091106665409,0.5416666666666666,13.254488123052125,0,16.314124999999876
25,3,3,14.5,756,120,4825,4822,0.9993782383419689,0.997997997997998,3,0.1117391304347826,3.2342425949499187,14.897505989127845,13,0.9989939637826962,0.9996540989277066,0.9989361702127659,0.0007179287149406965,39.185695994541355,0.8931202269915869,0.3333333333333333,14.221185645924253,0,25.190458999999464
25,3,3,14.5,757,120,4714,4713,0.9997878659312686,1,1,-0.051304347826086956,4.30552728730236,17.128329875756208,8,1,0.9996508379888268,1,0.00034916201117318746,38.60636210032707,1.0092719814254796,0.041666666666666664,14.432868545293772,0,18.818874999999935
25,3,3,14.5,758,120,4569,4568,0.9997811337272926,1,1,-0.062173913043478246,3.014358831643124,13.049309160398176,11,1,0.9996272828922848,1,0.000372717107715248,39.43644794962998,0.6856482484514325,0.4166666666666667,13.21261357189266,0,18.101542000000336
25,3,3,14.5,759,120,4862,4858,0.9991772932949403,0.996996996996997,4,0.015652173913043473,3.658307709788675,15.805033312780628,51,0.9971209213051824,1,0.9989550679205852,0.0028790786948176272,39.15730147646048,0.7329032474160846,0.20833333333333334,14.13806323835123,1,19.94300000000021
25,3,3,14.5,760,120,4683,4682,0.9997864616698697,1,1,-0.06000000000000001,3.3884628395073864,14.718868774922157,8,1,0.9996423462088698,1,0.0003576537911301747,38.351531085535164,1.3897324035422738,0.16666666666666666,13.758883872399524,0,16.988374999999905
25,3,3,14.5,761,120,4595,4594,0.9997823721436344,1.0010764262648009,1,-0.030869565217391304,3.2147955590323845,14.082980026205405,13,1,0.9996374184191443,1,0.00036258158085566983,39.7302542245652,0.34855305540157405,0.5416666666666666,13.1292791975162,0,17.286791999999878
25,3,3,14.5,762,120,4777,4776,0.9997906635963995,1.0009970089730809,1,0.024782608695652176,3.6177440170801973,15.304105013771428,8,0.9989235737351991,1,1,0.0010764262648008671,39.32323999491607,0.6145931406174479,0.25,14.30557113015152,1,18.011834000000817
25,3,3,14.5,763,120,4653,4651,0.9995701697829358,1,2,-0.04782608695652174,2.844050384980432,12.626611341719581,26,0.9978425026968716,1,1,0.0021574973031284195,39.81480526892582,0.25599553887683135,0.4583333333333333,13.632835844459022,0,18.171167000000423
25,3,3,14.5,764,120,4621,4620,0.9997835966241073,1,1,-0.023913043478260874,2.8268616415076715,13.295318977885168,23,0.9989583333333333,1,1,0.0010416666666667185,39.88196293069665,0.24125339990613404,0.7083333333333334,13.634091718373215,0,17.72595799999999
25,3,3,14.5,765,120,4707,4705,0.9995751009135331,0.9990196078431373,2,-0.041304347826086954,4.713829378147914,18.458877453549274,8,1,0.9992992291520673,1,0.0007007708479327412,38.696527722927776,0.8031284879179845,0.125,14.39162297454545,1,16.97875000000022
25,3,3,14.5,766,120,4728,4727,0.9997884940778342,1.0010121457489878,1,-0.07086956521739131,4.292661663325747,17.046262712726882,25,1,0.9996543380573799,1,0.0003456619426200902,38.98249843730154,1.142159694439384,0.375,13.970769719171374,0,18.891459000000395
25,3,3,14.5,767,120,4663,4662,0.9997855457859747,0.9989827060020345,1,0.002173913043478261,4.406461677334867,16.379473417910656,3,1,0.9996327579875137,1,0.00036724201248627963,39.0498082247515,0.954082211590413,0.3333333333333333,13.927845549130476,0,17.3364160000001
25,3,3,14.5,768,120,4683,4681,0.9995729233397395,0.997872340425532,2,-0.006521739130434786,3.6342760291693676,15.344781638098235,12,1,0.9996527777777777,0.9989010989010989,0.001098901098901095,39.9234810864235,0.12460397544745153,0.6666666666666666,13.379694952064986,0,16.79779199999939
25,3,3,14.5,769,120,4689,4687,0.99957346982299,1,2,-0.01478260869565217,3.6488824744121424,14.69808131983124,8,0.9988950276243094,0.9996485061511423,1,0.0011049723756906271,39.64013213594813,0.4230505606709209,0.4583333333333333,13.549080492900776,0,18.68029200000001
25,3,3,14.5,770,120,4700,4699,0.9997872340425532,1,1,0.07739130434782608,3.1121208783477794,16.04228796604578,14,1,0.9996440014239943,1,0.0003559985760056561,39.74991899554721,0.3205884254448844,0.4583333333333333,13.67449869547652,0,17.23174999999992
25,3,3,15,741,120,4704,4702,0.9995748299319728,1.0010266940451746,2,0.12086956521739133,4.0649218353019645,16.571024914498896,8,0.9988901220865705,0.9996467679265277,1,0.0011098779134295356,39.7975238130513,0.33588236630566587,0.5833333333333334,13.8849288367363,0,17.632250000000568
25,3,3,15,742,120,4631,4631,1,1.0042283298097252,0,-0.07434782608695653,3.4214619609530814,16.172221883401107,0,1,1,1,0,39.80807889924024,0.32023647856496634,0.625,13.465118949769858,0,16.385416000000077
25,3,3,15,743,120,4659,4658,0.9997853616655935,1.0020576131687242,1,-0.004782608695652174,4.197680254031126,17.428253035413945,36,1,1,0.9989200863930886,0.001079913606911398,39.57539282819203,0.48681870407093025,0.375,13.760343683612211,0,16.957166999999572
25,3,3,15,744,120,4718,4718,1,1.0010593220338984,0,-0.04695652173913043,2.564847582555561,12.292303401879204,0,1,1,1,0,39.912963092283796,0.14914116843771044,0.6666666666666666,13.339701424436392,0,18.148791999999958
25,3,3,15,745,120,4729,4728,0.9997885388031297,1,1,0.06,4.192001489846934,16.06301367780634,9,0.9989868287740629,1,1,0.0010131712259371373,39.3526909798656,1.1935376972956206,0.6666666666666666,13.802430721545548,0,17.24616700000024
25,3,3,15,746,120,4721,4718,0.9993645414107181,0.9968586387434555,3,0.019130434782608695,3.5177749496255535,15.62846793973828,8,1,0.9989308624376336,1,0.0010691375623663735,39.64502393032888,0.42532092749821326,0.4583333333333333,13.424082452151481,0,17.947291000000405
25,3,3,15,747,120,4631,4631,1,1.0010162601626016,0,-0.04173913043478261,4.138505268736521,17.55408957793831,0,1,1,1,0,39.477004381845845,0.9111784729922932,0.5833333333333334,13.969930561867907,0,16.423875000000407
25,3,3,15,748,120,4583,4583,1,1,0,-0.014347826086956521,2.6115952661738326,12.246661988531438,0,1,1,1,0,39.83351690564866,0.2715175121521998,0.5,13.71804991714918,0,16.24212499999976
25,3,3,15,749,120,4662,4662,1,1.0021097046413503,0,-0.024782608695652172,3.6395797873033966,14.913389540017002,0,1,1,1,0,39.902093294881006,0.21424669867603496,0.6666666666666666,13.382208859300237,0,18.113124999999854
25,3,3,15,750,120,4782,4781,0.9997908824759515,1,1,-0.02826086956521739,3.4618327253784686,13.891597465265477,10,1,0.9996443812233285,1,0.00035561877667145136,39.639497880505644,0.46266366309229023,0.3333333333333333,13.759297682646029,0,17.443584000000556
25,3,3,15,751,120,4722,4720,0.9995764506565015,0.9979166666666667,2,-0.016956521739130436,2.537248527927678,12.574984225346574,11,1,0.9996427295462665,0.9989680082559339,0.0010319917440660964,39.93614312361604,0.13730975585986527,0.6666666666666666,13.591164414865112,0,17.696791999999732
25,3,3,15,752,120,4717,4716,0.9997880008479966,1.0021344717182497,1,0.016521739130434778,3.244270993591115,14.465960391232025,6,1,0.9996468926553672,1,0.0003531073446327859,39.93111042233227,0.16533050406429894,0.6666666666666666,13.29698676155118,0,18.060875000000124
25,3,3,15,753,120,4594,4590,0.9991292990857641,1.001058201058201,4,0.03782608695652174,3.4845176315463235,15.333954632713358,15,0.9988974641675854,0.9992836676217765,0.9988826815642458,0.0004009860575306945,39.930419862712434,0.17379068987123586,0.75,13.29845384790101,0,16.119166999999834
25,3,3,15,754,120,4712,4711,0.9997877758913413,1.0010427528675705,1,-0.011304347826086957,3.348937700071004,14.972843521602044,10,1,0.9996482588814632,1,0.0003517411185367525,39.85116494750286,0.25755089979469725,0.625,13.633042815354834,0,17.747166000000107
25,3,3,15,755,120,4604,4603,0.9997827975673328,1.0010718113612005,1,-0.08,4.014640582169831,17.19506574382437,6,1,0.9996380745566413,1,0.0003619254433586683,39.678183149452416,0.5859190707104738,0.6666666666666666,13.254487386300369,0,16.59033400000044
25,3,3,15,756,120,4825,4822,0.9993782383419689,0.997997997997998,3,0.1117391304347826,3.2305443861763616,14.822153020821133,13,0.9989939637826962,0.9996540989277066,0.9989361702127659,0.0007179287149406965,39.54219770666867,0.5348681707551328,0.3333333333333333,14.26264202692226,0,18.416000000001077
25,3,3,15,757,120,4714,4713,0.9997878659312686,1,1,-0.051304347826086956,4.30630210525791,17.128329875756208,8,1,0.9996508379888268,1,0.00034916201117318746,39.474767446932894,0.6739961276702426,0.375,14.474325747721409,0,18.56525000000147
25,3,3,15,758,120,4569,4568,0.9997811337272926,1,1,-0.062173913043478246,3.014358831643124,13.049309160398176,11,1,0.9996272828922848,1,0.000372717107715248,39.681950300217906,0.5130185714130285,0.5833333333333334,13.21261357189266,0,16.286167000000205
25,3,3,15,759,120,4862,4858,0.9991772932949403,0.996996996996997,4,0.015652173913043473,3.671235470519583,15.845740808772765,51,0.9971209213051824,1,0.9989550679205852,0.0028790786948176272,39.810032888611936,0.343016108458,0.5,14.179523436462093,0,23.3354589999999
25,3,3,15,760,120,4683,4682,0.9997864616698697,1,1,-0.06000000000000001,3.3714073878975355,14.756545259075514,8,1,0.9996423462088698,1,0.0003576537911301747,39.23317748123784,0.970247936675235,0.4166666666666667,13.758880925392509,0,17.853624999999738
25,3,3,15,761,120,4595,4594,0.9997823721436344,1.0010764262648009,1,-0.030869565217391304,3.2147955590323845,14.082980026205405,13,1,0.9996374184191443,1,0.00036258158085566983,39.847951828091674,0.24123732869918738,0.625,13.1292791975162,0,18.9481250000008
25,3,3,15,762,120,4777,4776,0.9997906635963995,1.0009970089730809,1,0.024782608695652176,3.6578113349464383,15.417134466231497,8,0.9989235737351991,1,1,0.0010764262648008671,39.70653140725889,0.35601192074111343,0.4166666666666667,14.305571130151518,0,19.36933300000055
25,3,3,15,763,120,4653,4651,0.9995701697829358,1,2,-0.04782608695652174,2.843802659273429,12.626611341719581,26,0.9978425026968716,1,1,0.0021574973031284195,39.914970473056144,0.1920392415529993,0.625,13.632834165598107,0,17.14799999999923
25,3,3,15,764,120,4621,4620,0.9997835966241073,1,1,-0.023913043478260874,2.82740515615429,13.295318977885168,23,0.9989583333333333,1,1,0.0010416666666667185,39.93650739956332,0.14106328227057993,0.7916666666666666,13.634090570906649,0,17.49237499999981
25,3,3,15,765,120,4707,4705,0.9995751009135331,0.9990196078431373,2,-0.041304347826086954,4.738276446256118,18.46189302955554,8,1,0.9992992291520673,1,0.0007007708479327412,39.5293378580182,0.5459070595535027,0.25,14.51599757751159,1,16.991667000000234
25,3,3,15,766,120,4728,4727,0.9997884940778342,1.0010121457489878,1,-0.07086956521739131,4.2727042229753085,17.019444105623734,25,1,0.9996543380573799,1,0.0003456619426200902,39.36390694125417,0.8325797642067897,0.4583333333333333,13.970768415023613,0,18.261083000001236
25,3,3,15,767,120,4663,4662,0.9997855457859747,0.9989827060020345,1,0.002173913043478261,4.403699246724845,16.379473417910656,3,1,0.9996327579875137,1,0.00036724201248627963,39.63107818370121,0.5093836401234599,0.4583333333333333,13.969303041593392,0,19.09045900000092
25,3,3,15,768,120,4683,4681,0.9995729233397395,0.997872340425532,2,-0.006521739130434786,3.636763196411743,15.344781638098235,12,1,0.9996527777777777,0.9989010989010989,0.001098901098901095,39.983370119403716,0.02852588645925316,0.7083333333333334,13.338239005108898,0,19.05158300000039
25,3,3,15,769,120,4689,4687,0.99957346982299,1,2,-0.01478260869565217,3.6474622090409206,14.69808131983124,8,0.9988950276243094,0.9996485061511423,1,0.0011049723756906271,39.78640593452608,0.2978205596537557,0.5,13.549080287543369,0,20.175250000000233
25,3,3,15,770,120,4700,4699,0.9997872340425532,1,1,0.07739130434782608,3.113861963178935,16.013551017593574,14,1,0.9996440014239943,1,0.0003559985760056561,39.86402998963661,0.23520045405432286,0.6666666666666666,13.633039958194608,0,17.672375000000102
25,3,3,15.5,741,120,4704,4702,0.9995748299319728,1.0010266940451746,2,0.12086956521739133,4.0649218353019645,16.571024914498896,8,0.9988901220865705,0.9996467679265277,1,0.0011098779134295356,39.879980190355205,0.21942601759813216,0.7083333333333334,13.8849288367363,0,21.43420800000058
25,3,3,15.5,742,120,4631,4631,1,1.0042283298097252,0,-0.07434782608695653,3.4214619609530814,16.172221883401107,0,1,1,1,0,39.90589632817912,0.19023337262745252,0.75,13.465118949769858,0,18.524625000000015
25,3,3,15.5,743,120,4659,4658,0.9997853616655935,1.0020576131687242,1,-0.004782608695652174,4.199147119794645,17.428253035413945,36,1,1,0.9989200863930886,0.001079913606911398,39.86302319876192,0.24674961609263363,0.625,13.80180223886382,0,16.891915999998673
25,3,3,15.5,744,120,4718,4718,1,1.0010593220338984,0,-0.04695652173913043,2.564847582555561,12.292303401879204,0,1,1,1,0,39.96788345741529,0.06851218116839834,0.7916666666666666,13.339701424436392,0,17.679583999999522
25,3,3,15.5,745,120,4729,4728,0.9997885388031297,1,1,0.06,4.192001489846934,16.06301367780634,9,0.9989868287740629,1,1,0.0010131712259371373,39.52944814809724,0.879076852468752,0.7083333333333334,13.802430721545548,0,17.382458000000042
25,3,3,15.5,746,120,4721,4718,0.9993645414107181,0.9968586387434555,3,0.019130434782608695,3.5177749496255535,15.62846793973828,8,1,0.9989308624376336,1,0.0010691375623663735,39.784358326071015,0.3039195572500968,0.5833333333333334,13.424081510042319,0,20.38562499999898
25,3,3,15.5,747,120,4631,4631,1,1.0010162601626016,0,-0.04173913043478261,4.14179176466853,17.55408957793831,0,1,1,1,0,39.64958228686736,0.6615045865183804,0.6666666666666666,14.052845800827358,0,24.110083999999915
25,3,3,15.5,748,120,4583,4583,1,1,0,-0.014347826086956521,2.6115952661738326,12.246661988531438,0,1,1,1,0,39.909184903814115,0.20171381022907844,0.75,13.71804991714918,0,19.25879199999872
25,3,3,15.5,749,120,4662,4662,1,1.0021097046413503,0,-0.024782608695652172,3.6395797873033966,14.913389540017002,0,1,1,1,0,39.95446675476014,0.131328409471504,0.875,13.382208533263297,0,19.565958999999566
25,3,3,15.5,750,120,4782,4781,0.9997908824759515,1,1,-0.02826086956521739,3.4618327253784686,13.891597465265477,10,1,0.9996443812233285,1,0.00035561877667145136,39.83103246024618,0.28411693815587874,0.625,13.759297682646029,0,17.778833000000304
25,3,3,15.5,751,120,4722,4720,0.9995764506565015,0.9979166666666667,2,-0.016956521739130436,2.537248527927678,12.574984225346574,11,1,0.9996427295462665,0.9989680082559339,0.0010319917440660964,39.98785135283556,0.04396500633112526,0.9166666666666666,13.591164414865112,0,17.56829199999993
25,3,3,15.5,752,120,4717,4716,0.9997880008479966,1.0021344717182497,1,0.016521739130434778,3.244270993591115,14.465960391232025,6,1,0.9996468926553672,1,0.0003531073446327859,39.96696714290312,0.09544049080985009,0.875,13.296986556193772,0,19.712459000000308
25,3,3,15.5,753,120,4594,4590,0.9991292990857641,1.001058201058201,4,0.03782608695652174,3.4835617799398957,15.333954632713358,15,0.9988974641675854,0.9992836676217765,0.9988826815642458,0.0004009860575306945,39.9671554664202,0.10853562521525917,0.875,13.298453642543604,0,16.45141700000022
25,3,3,15.5,754,120,4712,4711,0.9997877758913413,1.0010427528675705,1,-0.011304347826086957,3.348937700071004,14.972843521602044,10,1,0.9996482588814632,1,0.0003517411185367525,39.921497444764206,0.17397765102079674,0.7916666666666666,13.633042730676962,0,18.11920900000041
25,3,3,15.5,755,120,4604,4603,0.9997827975673328,1.0010718113612005,1,-0.08,4.014640582169831,17.19506574382437,6,1,0.9996380745566413,1,0.0003619254433586683,39.80665961778819,0.41680648774871154,0.6666666666666666,13.254487386300369,0,16.720665999999255
25,3,3,15.5,756,120,4825,4822,0.9993782383419689,0.997997997997998,3,0.1117391304347826,3.2353200327832106,14.822153020821133,13,0.9989939637826962,0.9996540989277066,0.9989361702127659,0.0007179287149406965,39.8782346823883,0.2001426250052673,0.5833333333333334,14.34555791795559,0,18.451042000000598
25,3,3,15.5,757,120,4714,4713,0.9997878659312686,1,1,-0.051304347826086956,4.30630210525791,17.128329875756208,8,1,0.9996508379888268,1,0.00034916201117318746,39.69813858532346,0.4725679507288526,0.5416666666666666,14.474325747721409,0,18.52087500000016
25,3,3,15.5,758,120,4569,4568,0.9997811337272926,1,1,-0.062173913043478246,3.014358831643124,13.049309160398176,11,1,0.9996272828922848,1,0.000372717107715248,39.80568365333333,0.38452334358242934,0.6666666666666666,13.21261357189266,0,16.154833999999028
25,3,3,15.5,759,120,4862,4858,0.9991772932949403,0.996996996996997,4,0.015652173913043473,3.671235470519583,15.845740808772765,51,0.9971209213051824,1,0.9989550679205852,0.0028790786948176272,39.91845800937806,0.2125620944375267,0.75,14.179523436462093,0,18.496624999999767
25,3,3,15.5,760,120,4683,4682,0.9997864616698697,1,1,-0.06000000000000001,3.3784198245341845,14.718868774922157,8,1,0.9996423462088698,1,0.0003576537911301747,39.59250854696113,0.6557060106503627,0.625,13.758882966292022,0,17.88037500000064
25,3,3,15.5,761,120,4595,4594,0.9997823721436344,1.0010764262648009,1,-0.030869565217391304,3.2147955590323845,14.082980026205405,13,1,0.9996374184191443,1,0.00036258158085566983,39.91779426856672,0.15964734652644175,0.7083333333333334,13.1292791975162,0,16.14916599999924
25,3,3,15.5,762,120,4777,4776,0.9997906635963995,1.0009970089730809,1,0.024782608695652176,3.6578113349464383,15.417134466231497,8,0.9989235737351991,1,1,0.0010764262648008671,39.86906015053471,0.22874127455307297,0.625,14.305571130151518,0,18.27491700000064
25,3,3,15.5,763,120,4653,4651,0.9995701697829358,1,2,-0.04782608695652174,2.843802659273429,12.626611341719581,26,0.9978425026968716,1,1,0.0021574973031284195,39.95003708098681,0.1445053914515712,0.875,13.632834165598107,0,16.779207999999926
25,3,3,15.5,764,120,4621,4620,0.9997835966241073,1,1,-0.023913043478260874,2.82740515615429,13.295318977885168,23,0.9989583333333333,1,1,0.0010416666666667185,39.971397306052836,0.06799471720434129,0.8333333333333334,13.634090570906649,0,16.76274999999987
25,3,3,15.5,765,120,4707,4705,0.9995751009135331,0.9990196078431373,2,-0.041304347826086954,4.738276446256118,18.46189302955554,8,1,0.9992992291520673,1,0.0007007708479327412,39.73502453623865,0.3795357379873172,0.5833333333333334,14.51599757751159,0,18.385208000001512
25,3,3,15.5,766,120,4728,4727,0.9997884940778342,1.0010121457489878,1,-0.07086956521739131,4.267848596455402,17.046262712726882,25,1,0.9996543380573799,1,0.0003456619426200902,39.60586654987749,0.6079721222755257,0.5833333333333334,13.970767508916113,0,17.185833999999886
25,3,3,15.5,767,120,4663,4662,0.9997855457859747,0.9989827060020345,1,0.002173913043478261,4.409224107944889,16.412185113043353,3,1,0.9996327579875137,1,0.00036724201248627963,39.85979901567193,0.2859557813679331,0.625,14.01076325237881,0,17.93499999999949
25,3,3,15.5,768,120,4683,4681,0.9995729233397395,0.997872340425532,2,-0.006521739130434786,3.636763196411743,15.344781638098235,12,1,0.9996527777777777,0.9989010989010989,0.001098901098901095,40,0,1,13.338239005108898,0,16.450666999999157
25,3,3,15.5,769,120,4689,4687,0.99957346982299,1,2,-0.01478260869565217,3.6474622090409206,14.69808131983124,8,0.9988950276243094,0.9996485061511423,1,0.0011049723756906271,39.88434779414466,0.209684875186377,0.6666666666666666,13.549080287543369,0,17.709332999998878
25,3,3,15.5,770,120,4700,4699,0.9997872340425532,1,1,0.07739130434782608,3.116615375794034,16.013551017593574,14,1,0.9996440014239943,1,0.0003559985760056561,39.91719323684988,0.16263482814632,0.75,13.633039547479795,0,18.906958999999915
25,3,3,16,741,120,4704,4702,0.9995748299319728,1.0010266940451746,2,0.12086956521739133,4.0649218353019645,16.571024914498896,8,0.9988901220865705,0.9996467679265277,1,0.0011098779134295356,39.942480190355205,0.12340243457999894,0.7083333333333334,13.8849288367363,0,17.04125000000022
25,3,3,16,742,120,4631,4631,1,1.0042283298097252,0,-0.07434782608695653,3.4214619609530814,16.172221883401107,0,1,1,1,0,39.96301320874204,0.10583758591633563,0.8333333333333334,13.465118949769858,0,17.244833000000654
25,3,3,16,743,120,4659,4658,0.9997853616655935,1.0020576131687242,1,-0.004782608695652174,4.198927224110005,17.428253035413945,36,1,1,0.9989200863930886,0.001079913606911398,39.93368343848596,0.16349235653729952,0.75,13.801802033506414,0,16.74962500000038
25,3,3,16,744,120,4718,4718,1,1.0010593220338984,0,-0.04695652173913043,2.564847582555561,12.292303401879204,0,1,1,1,0,39.994101255345456,0.015944337996024252,0.875,13.339701545115924,0,17.34770799999933
25,3,3,16,745,120,4729,4728,0.9997885388031297,1,1,0.06,4.192001489846934,16.06301367780634,9,0.9989868287740629,1,1,0.0010131712259371373,39.70444814809724,0.573346987992388,0.7083333333333334,13.802430721545548,0,18.39233299999978
25,3,3,16,746,120,4721,4718,0.9993645414107181,0.9968586387434555,3,0.019130434782608695,3.5177749496255535,15.62846793973828,8,1,0.9989308624376336,1,0.0010691375623663735,39.88199950305219,0.19219168783365748,0.625,13.424081510042319,0,17.260792000000947
25,3,3,16,747,120,4631,4631,1,1.0010162601626016,0,-0.04173913043478261,4.134833245915483,17.478736609631596,0,1,1,1,0,39.793759842740194,0.4306744681480062,0.7083333333333334,14.011387558938138,0,17.384000000000015
25,3,3,16,748,120,4583,4583,1,1,0,-0.014347826086956521,2.6115952661738326,12.246661988531438,0,1,1,1,0,39.95038750341693,0.14767404764482203,0.7916666666666666,13.71804991714918,0,16.377125000000888
25,3,3,16,749,120,4662,4662,1,1.0021097046413503,0,-0.024782608695652172,3.6395797873033966,14.913389540017002,0,1,1,1,0,39.97946675476014,0.07359272368865924,0.875,13.423666605796775,0,17.63774999999987
25,3,3,16,750,120,4782,4781,0.9997908824759515,1,1,-0.02826086956521739,3.4618327253784686,13.891597465265477,10,1,0.9996443812233285,1,0.00035561877667145136,39.921821825481246,0.14744466041240145,0.6666666666666666,13.759297682646029,0,18.743875000000116
25,3,3,16,751,120,4722,4720,0.9995764506565015,0.9979166666666667,2,-0.016956521739130436,2.537248527927678,12.574984225346574,11,1,0.9996427295462665,0.9989680082559339,0.0010319917440660964,39.99799194172055,0.009837436316858907,0.9583333333333334,13.591164414865112,0,17.328125
25,3,3,16,752,120,4717,4716,0.9997880008479966,1.0021344717182497,1,0.016521739130434778,3.244270993591115,14.465960391232025,6,1,0.9996468926553672,1,0.0003531073446327859,39.99196714290312,0.023208978959620527,0.875,13.296986556193772,0,18.437167000000045
25,3,3,16,753,120,4594,4590,0.9991292990857641,1.001058201058201,4,0.03782608695652174,3.4782524251447495,15.333954632713358,15,0.9988974641675854,0.9992836676217765,0.9988826815642458,0.0004009860575306945,39.983483681028495,0.07160400386299129,0.9166666666666666,13.298452120363883,0,16.331833000000188
25,3,3,16,754,120,4712,4711,0.9997877758913413,1.0010427528675705,1,-0.011304347826086957,3.348937700071004,14.972843521602044,10,1,0.9996482588814632,1,0.0003517411185367525,39.95415348765527,0.11794565570730933,0.8333333333333334,13.633042730676962,0,17.62016599999879
25,3,3,16,755,120,4604,4603,0.9997827975673328,1.0010718113612005,1,-0.08,4.014640582169831,17.19506574382437,6,1,0.9996380745566413,1,0.0003619254433586683,39.88852706938011,0.2920248745227455,0.75,13.254487386300369,0,17.26879199999894
25,3,3,16,756,120,4825,4822,0.9993782383419689,0.997997997997998,3,0.1117391304347826,3.2353200327832106,14.822153020821133,13,0.9989939637826962,0.9996540989277066,0.9989361702127659,0.0007179287149406965,39.94693646056853,0.12124423173422881,0.7083333333333334,14.34555791795559,0,17.578332999999475
25,3,3,16,757,120,4714,4713,0.9997878659312686,1,1,-0.051304347826086956,4.30630210525791,17.128329875756208,8,1,0.9996508379888268,1,0.00034916201117318746,39.84670939945973,0.27724953106149824,0.625,14.474325747721409,0,17.354167000001326
25,3,3,16,758,120,4569,4568,0.9997811337272926,1,1,-0.062173913043478246,3.014358831643124,13.049309160398176,11,1,0.9996272828922848,1,0.000372717107715248,39.88343299268181,0.278428106496222,0.7916666666666666,13.21261357189266,0,16.093417000000045
25,3,3,16,759,120,4862,4858,0.9991772932949403,0.996996996996997,4,0.015652173913043473,3.6676040021674523,15.845740808772765,51,0.9971209213051824,1,0.9989550679205852,0.0028790786948176272,39.96684144966242,0.14226075856480133,0.875,14.179522735711998,0,18.086624999999913
25,3,3,16,760,120,4683,4682,0.9997864616698697,1,1,-0.06000000000000001,3.3703974505202616,14.718868774922157,8,1,0.9996423462088698,1,0.0003576537911301747,39.768998587917054,0.4716477049961308,0.7916666666666666,13.758880019285009,0,17.596999999999753
25,3,3,16,761,120,4595,4594,0.9997823721436344,1.0010764262648009,1,-0.030869565217391304,3.2147955590323845,14.082980026205405,13,1,0.9996374184191443,1,0.00036258158085566983,39.9630761164114,0.09886611640396324,0.7916666666666666,13.129278460764445,0,16.083457999999155
25,3,3,16,762,120,4777,4776,0.9997906635963995,1.0009970089730809,1,0.024782608695652176,3.616320981966983,15.299155660583589,8,0.9989235737351991,1,1,0.0010764262648008671,39.935880443031856,0.16315751140412046,0.75,14.305568303824037,0,17.923249999999825
25,3,3,16,763,120,4653,4651,0.9995701697829358,1,2,-0.04782608695652174,2.843802659273429,12.626611341719581,26,0.9978425026968716,1,1,0.0021574973031284195,39.968787080986814,0.09881420815459604,0.875,13.632834165598107,0,18.32641700000022
25,3,3,16,764,120,4621,4620,0.9997835966241073,1,1,-0.023913043478260874,2.82740515615429,13.295318977885168,23,0.9989583333333333,1,1,0.0010416666666667185,39.99403832639607,0.016114407054331044,0.875,13.634090244869705,0,16.21283399999993
25,3,3,16,765,120,4707,4705,0.9995751009135331,0.9990196078431373,2,-0.041304347826086954,4.737389070770661,18.46189302955554,8,1,0.9992992291520673,1,0.0007007708479327412,39.84462601451094,0.2738270937270159,0.625,14.515997287476308,0,18.039082999999664
25,3,3,16,766,120,4728,4727,0.9997884940778342,1.0010121457489878,1,-0.07086956521739131,4.267848596455402,17.046262712726882,25,1,0.9996543380573799,1,0.0003456619426200902,39.74746052178255,0.46671206648119046,0.625,13.970767508916113,0,17.33741700000064
25,3,3,16,767,120,4663,4662,0.9997855457859747,0.9989827060020345,1,0.002173913043478261,4.408303297741548,16.37450862889,3,1,0.9996327579875137,1,0.00036724201248627963,39.931298968954216,0.17942609222511843,0.75,14.010762962343529,0,17.439167000000452
25,3,3,16,768,120,4683,4681,0.9995729233397395,0.997872340425532,2,-0.006521739130434786,3.6333120253104334,15.344781638098235,12,1,0.9996527777777777,0.9989010989010989,0.001098901098901095,40,0,1,13.296778927677565,0,18.174833000000945
25,3,3,16,769,120,4689,4687,0.99957346982299,1,2,-0.01478260869565217,3.6474622090409206,14.69808131983124,8,0.9988950276243094,0.9996485061511423,1,0.0011049723756906271,39.93569147912026,0.13697139524438992,0.75,13.549080287543369,0,17.23058299999866
25,3,3,16,770,120,4700,4699,0.9997872340425532,1,1,0.07739130434782608,3.116615375794034,16.013551017593574,14,1,0.9996440014239943,1,0.0003559985760056561,39.960943236849886,0.09881594157781735,0.75,13.633039221442855,0,18.269500000000335
25,3,3,17,741,120,4704,4702,0.9995748299319728,1.0010266940451746,2,0.12086956521739133,4.0649218353019645,16.571024914498896,8,0.9988901220865705,0.9996467679265277,1,0.0011098779134295356,39.993786715145845,0.01679824949139894,0.875,13.8849288367363,0,17.122999999999593
25,3,3,17,742,120,4631,4631,1,1.0042283298097252,0,-0.07434782608695653,3.4214619609530814,16.172221883401107,0,1,1,1,0,39.995858290791844,0.014038979604335238,0.9166666666666666,13.465118949769858,0,16.83037499999955
25,3,3,17,743,120,4659,4658,0.9997853616655935,1.0020576131687242,1,-0.004782608695652174,4.194526626819447,17.428253035413945,36,1,1,0.9989200863930886,0.001079913606911398,39.9811614533634,0.07220870060915398,0.875,13.801799581892084,0,17.68329200000153
25,3,3,17,744,120,4718,4718,1,1.0010593220338984,0,-0.04695652173913043,2.564847582555561,12.292303401879204,0,1,1,1,0,40,0,1,13.339701545115924,0,16.685333000001265
25,3,3,17,745,120,4729,4728,0.9997885388031297,1,1,0.06,4.192001489846934,16.06301367780634,9,0.9989868287740629,1,1,0.0010131712259371373,39.91376583990127,0.24683218539251633,0.8333333333333334,13.802430721545548,0,17.967375000000175
25,3,3,17,746,120,4721,4718,0.9993645414107181,0.9968586387434555,3,0.019130434782608695,3.5187731385037733,15.64826535248964,8,1,0.9989308624376336,1,0.0010691375623663735,39.98531490262217,0.027837670704423136,0.75,13.424082331471945,0,17.222375000001193
25,3,3,17,747,120,4631,4631,1,1.0010162601626016,0,-0.04173913043478261,4.134833245915483,17.478736609631596,0,1,1,1,0,39.93744871516181,0.1773211116383412,0.875,14.052845015399392,0,16.911583000000974
25,3,3,17,748,120,4583,4583,1,1,0,-0.014347826086956521,2.6115952661738326,12.246661988531438,0,1,1,1,0,39.983232468134005,0.07199767492729867,0.9166666666666666,13.71804991714918,0,17.658375000000888
25,3,3,17,749,120,4662,4662,1,1.0021097046413503,0,-0.024782608695652172,3.6395797873033966,14.913389540017002,0,1,1,1,0,39.99786618409225,0.010453520358017594,0.9583333333333334,13.382208859300237,0,16.789082999999664
25,3,3,17,750,120,4782,4781,0.9997908824759515,1,1,-0.02826086956521739,3.4618327253784686,13.891597465265477,10,1,0.9996443812233285,1,0.00035561877667145136,39.993787133344206,0.01680886461739168,0.875,13.759297682646029,0,18.183082999999897
25,3,3,17,751,120,4722,4720,0.9995764506565015,0.9979166666666667,2,-0.016956521739130436,2.537248527927678,12.574984225346574,11,1,0.9996427295462665,0.9989680082559339,0.0010319917440660964,40,0,1,13.591164414865112,0,16.936792000000423
25,3,3,17,752,120,4717,4716,0.9997880008479966,1.0021344717182497,1,0.016521739130434778,3.244270993591115,14.465960391232025,6,1,0.9996468926553672,1,0.0003531073446327859,40,0,1,13.296986556193772,0,17.560042000000976
25,3,3,17,753,120,4594,4590,0.9991292990857641,1.001058201058201,4,0.03782608695652174,3.4782524251447495,15.333954632713358,15,0.9988974641675854,0.9992836676217765,0.9988826815642458,0.0004009860575306945,39.99792911181194,0.010145238750196411,0.9583333333333334,13.298451915006476,0,17.059041000000434
25,3,3,17,754,120,4712,4711,0.9997877758913413,1.0010427528675705,1,-0.011304347826086957,3.3475008526483863,14.972843521602044,10,1,0.9996482588814632,1,0.0003517411185367525,39.993724347659594,0.01696286601819979,0.875,13.633042319962149,0,16.73345799999879
25,3,3,17,755,120,4604,4603,0.9997827975673328,1.0010718113612005,1,-0.08,4.014640582169831,17.19506574382437,6,1,0.9996380745566413,1,0.0003619254433586683,39.975137152263464,0.08597288644778805,0.875,13.254487386300369,0,17.15795799999978
25,3,3,17,756,120,4825,4822,0.9993782383419689,0.997997997997998,3,0.1117391304347826,3.2353200327832106,14.822153020821133,13,0.9989939637826962,0.9996540989277066,0.9989361702127659,0.0007179287149406965,39.99397511572266,0.016283187829966638,0.875,14.34555791795559,0,18.221583000000464
25,3,3,17,757,120,4714,4713,0.9997878659312686,1,1,-0.051304347826086956,4.30630210525791,17.128329875756208,8,1,0.9996508379888268,1,0.00034916201117318746,39.97683149802372,0.0746527588670401,0.8333333333333334,14.474325747721409,0,17.48004100000071
25,3,3,17,758,120,4569,4568,0.9997811337272926,1,1,-0.062173913043478246,3.014358831643124,13.049309160398176,11,1,0.9996272828922848,1,0.000372717107715248,39.96652825683692,0.10646810233161803,0.875,13.21261357189266,0,17.734582999999475
25,3,3,17,759,120,4862,4858,0.9991772932949403,0.996996996996997,4,0.015652173913043473,3.6666961350794196,15.845740808772765,51,0.9971209213051824,1,0.9989550679205852,0.0028790786948176272,39.985303330009984,0.07199868478723086,0.9583333333333334,14.179522324997185,0,17.9275000000016
25,3,3,17,760,120,4683,4682,0.9997864616698697,1,1,-0.06000000000000001,3.369462356808079,14.718868774922157,8,1,0.9996423462088698,1,0.0003576537911301747,39.928914502108434,0.17602058610294868,0.8333333333333334,13.758880260644075,0,17.41045800000029
25,3,3,17,761,120,4595,4594,0.9997823721436344,1.0010764262648009,1,-0.030869565217391304,3.2147955590323845,14.082980026205405,13,1,0.9996374184191443,1,0.00036258158085566983,39.995857992118836,0.014039990047213924,0.9166666666666666,13.129278460764445,0,16.328457999999955
25,3,3,17,762,120,4777,4776,0.9997906635963995,1.0009970089730809,1,0.024782608695652176,3.616320981966983,15.299155660583589,8,0.9989235737351991,1,1,0.0010764262648008671,39.98323287761122,0.07226994391497764,0.9166666666666666,14.305568303824037,0,17.532416000000012
25,3,3,17,763,120,4653,4651,0.9995701697829358,1,2,-0.04782608695652174,2.843802659273429,12.626611341719581,26,0.9978425026968716,1,1,0.0021574973031284195,39.99579556671445,0.014246163872680576,0.9166666666666666,13.632834165598107,0,18.52270800000042
25,3,3,17,764,120,4621,4620,0.9997835966241073,1,1,-0.023913043478260874,2.82740515615429,13.295318977885168,23,0.9989583333333333,1,1,0.0010416666666667185,40,0,1,13.634090244869705,0,16.393458000000464
25,3,3,17,765,120,4707,4705,0.9995751009135331,0.9990196078431373,2,-0.041304347826086954,4.735614319799748,18.46189302955554,8,1,0.9992992291520673,1,0.0007007708479327412,39.93914305963332,0.16057554108754937,0.7916666666666666,14.515997202798433,0,17.65558299999975
25,3,3,17,766,120,4728,4727,0.9997884940778342,1.0010121457489878,1,-0.07086956521739131,4.267848596455402,17.046262712726882,25,1,0.9996543380573799,1,0.0003456619426200902,39.89455126395267,0.28191788000291423,0.7916666666666666,13.970767508916113,0,17.24354200000016
25,3,3,17,767,120,4663,4662,0.9997855457859747,0.9989827060020345,1,0.002173913043478261,4.405227862893702,16.379473417910656,3,1,0.9996327579875137,1,0.00036724201248627963,39.9958584780729,0.014031303253984093,0.9166666666666666,13.927845621133796,0,16.97454099999959
25,3,3,17,768,120,4683,4681,0.9995729233397395,0.997872340425532,2,-0.006521739130434786,3.6333120253104334,15.344781638098235,12,1,0.9996527777777777,0.9989010989010989,0.001098901098901095,40,0,1,13.296779253714506,0,17.86462500000016
25,3,3,17,769,120,4689,4687,0.99957346982299,1,2,-0.01478260869565217,3.6474622090409206,14.69808131983124,8,0.9988950276243094,0.9996485061511423,1,0.0011049723756906271,39.993724436808584,0.016968454444748517,0.875,13.549080287543369,0,17.03375000000051
25,3,3,17,770,120,4700,4699,0.9997872340425532,1,1,0.07739130434782608,3.116615375794034,16.013551017593574,14,1,0.9996440014239943,1,0.0003559985760056561,39.99579548195556,0.01426028879860954,0.9166666666666666,13.633038690048508,0,17.49658400000044
25,4,4,14.05,741,120,4704,4702,0.9995748299319728,1.0010266940451746,2,0.1126086956521739,1.4250405295693036,9.384745206561092,8,0.9988901220865705,0.9996467679265277,1,0.0011098779134295356,39.40281495201938,0.6684991039883793,0.2916666666666667,13.926386703912371,0,15.595917000000554
25,4,4,14.05,742,120,4631,4631,1,1.0031712473572938,0,-0.06478260869565218,1.0839138366937129,8.186295143770622,0,1,1,1,0,39.44384776283658,0.606859831441689,0.2916666666666667,13.423457887081943,0,15.547209000000294
25,4,4,14.05,743,120,4659,4659,1,1.0030864197530864,0,-0.011739130434782608,1.227892885294292,8.080148821679662,0,1,1,1,0,37.23325963931948,1.0906551488810046,0,13.719092685746531,0,16.424290999999357
25,4,4,14.05,744,120,4718,4718,1,1.0010593220338984,0,-0.043478260869565216,0.6483038468877711,4.011817047725041,0,1,1,1,0,39.67479409726116,0.356104510404061,0.375,13.33970236654555,0,15.368625000000975
25,4,4,14.05,745,120,4729,4728,0.9997885388031297,1,1,0.048695652173913036,1.1381358388174565,6.281583588811675,9,0.9989868287740629,1,1,0.0010131712259371373,38.80047463574887,1.8522420560415125,0.4166666666666667,13.84388711521811,0,16.814958999999362
25,4,4,14.05,746,120,4721,4718,0.9993645414107181,0.9968586387434555,3,0.026521739130434784,0.7246778762937233,5.208102654355268,8,1,0.9989308624376336,1,0.0010691375623663735,38.86069509775384,0.8406406930920047,0.16666666666666666,13.382623196149774,1,15.470792000000074
25,4,4,14.05,747,120,4631,4631,1,1.0010162601626016,0,-0.056956521739130433,1.1403026759163253,7.421447084206799,0,1,1,1,0,38.840942054320784,1.3164635420839093,0.20833333333333334,13.887015286906797,0,15.762500000000728
25,4,4,14.05,748,120,4583,4583,1,1,0,-0.014782608695652177,0.7223116906530515,5.693331773954924,0,1,1,1,0,39.353468148742586,0.6724315705993851,0.3333333333333333,13.635136151693237,0,15.190499999998792
25,4,4,14.05,749,120,4662,4662,1,1.0021097046413503,0,-0.03130434782608696,1.0295919073726,7.019613041270834,0,1,1,1,0,39.25510437962703,0.7660983969087427,0.2916666666666667,13.38220948804701,0,15.913167000000612
25,4,4,14.05,750,120,4782,4781,0.9997908824759515,1,1,-0.01565217391304348,0.9444879435544603,6.574240297817899,10,1,0.9996443812233285,1,0.00035561877667145136,38.61323608268436,1.0259296601658623,0.16666666666666666,13.800755018427756,0,16.0106250000008
25,4,4,14.05,751,120,4722,4720,0.9995764506565015,0.9979166666666667,2,-0.013478260869565217,0.8118847659099936,6.118907104657107,11,1,0.9996427295462665,0.9989680082559339,0.0010319917440660964,39.451980627396125,0.6505998747774714,0.375,13.591164414865112,0,15.569250000000466
25,4,4,14.05,752,120,4717,4716,0.9997880008479966,1.0021344717182497,1,0.0013043478260869588,1.0256806861596235,7.187269750277362,6,1,0.9996468926553672,1,0.0003531073446327859,39.460503514049506,0.6677539388882929,0.2916666666666667,13.296987739662,0,16.833875000000262
25,4,4,14.05,753,120,4594,4590,0.9991292990857641,1.001058201058201,4,0.06217391304347826,0.9999579242754661,6.853936416944028,15,0.9988974641675854,0.9992836676217765,0.9988826815642458,0.0004009860575306945,39.57528484471118,0.5587503365559511,0.2916666666666667,13.339914372048817,0,15.05225000000064
25,4,4,14.05,754,120,4712,4711,0.9997877758913413,1.0010427528675705,1,-0.013043478260869568,0.9532621334422932,6.2448662753319395,10,1,0.9996482588814632,1,0.0003517411185367525,39.374297782078,0.755932156839825,0.4166666666666667,13.633043274745864,0,17.242624999998952
25,4,4,14.05,755,120,4604,4603,0.9997827975673328,1.0010718113612005,1,-0.07043478260869565,1.356671206835835,8.859967568956563,6,1,0.9996380745566413,1,0.0003619254433586683,39.07952186674806,1.0143721729445252,0.2916666666666667,13.254486975585555,0,15.510667000000467
25,4,4,14.05,756,120,4825,4822,0.9993782383419689,0.997997997997998,3,0.09304347826086956,1.010835988572513,6.836179973692197,13,0.9989939637826962,0.9996540989277066,0.9989361702127659,0.0007179287149406965,38.496660335326034,1.2499820320025783,0.16666666666666666,14.17972844349662,0,16.744709000000512
25,4,4,14.05,757,120,4714,4713,0.9997878659312686,1,1,-0.024782608695652172,1.194776500698714,8.461057345542335,8,1,0.9996508379888268,1,0.00034916201117318746,37.446129043497194,1.4054938239748755,0,14.349953717049134,0,15.541124999999738
25,4,4,14.05,758,120,4569,4568,0.9997811337272926,1,1,-0.049999999999999996,0.8537918989894828,5.832205227011097,11,1,0.9996272828922848,1,0.000372717107715248,38.38143051084985,1.2787887513551057,0.16666666666666666,13.171155185996797,0,16.419708000001265
25,4,4,14.05,759,120,4862,4862,1,1.001001001001001,0,-0.01130434782608696,1.110456872526869,6.691244496957855,0,1,1,1,0,35.09878082499607,0.6243319039534846,0,13.973071261579086,1,17.579624999998487
25,4,4,14.05,760,120,4683,4682,0.9997864616698697,1,1,-0.035217391304347825,0.8914853075655604,6.240906964484263,8,1,0.9996423462088698,1,0.0003576537911301747,37.164219215496374,1.5677601202976144,0,13.675965578428075,0,15.459582999999839
25,4,4,14.05,761,120,4595,4594,0.9997823721436344,1.0010764262648009,1,-0.02,0.8571906004770817,6.008739728387809,13,1,0.9996374184191443,1,0.00036258158085566983,39.53365519580861,0.5268495566742849,0.4583333333333333,13.212195378584811,0,15.927374999999302
25,4,4,14.05,762,120,4777,4776,0.9997906635963995,1.0009970089730809,1,0.023043478260869565,1.0232997789579643,7.1297958533735555,8,0.9989235737351991,1,1,0.0010764262648008671,38.522932646028956,1.210937744724972,0.25,14.222651809393037,0,15.595374999998967
25,4,4,14.05,763,120,4653,4653,1,1,0,-0.05304347826086957,0.7921924000020738,6.133786035886563,0,1,1,1,0,39.364672855163015,0.45984565481312145,0.20833333333333334,13.63283588046068,1,15.80054200000086
25,4,4,14.05,764,120,4621,4621,1,1.0010362694300519,0,-0.035217391304347825,0.6965872665037509,4.148634095450082,0,1,1,1,0,39.618739665712695,0.44702469430926683,0.25,13.67575493267995,1,14.991833000000042
25,4,4,14.05,765,120,4707,4705,0.9995751009135331,0.9990196078431373,2,-0.04521739130434783,1.278674407653152,7.363835123320011,8,1,0.9992992291520673,1,0.0007007708479327412,35.755549200569185,1.0350537037749354,0,14.225794090809586,0,15.882042000001093
25,4,4,14.05,766,120,4728,4728,1,1.0020242914979758,0,-0.04695652173913043,1.2132343235686556,7.568331773954621,0,1,1,1,0,38.4282619599793,1.3904071245810716,0.125,14.05389358826568,0,15.715165999999954
25,4,4,14.05,767,120,4663,4662,0.9997855457859747,0.9989827060020345,1,-0.00608695652173913,1.1956640879574083,6.6961938501453915,3,1,0.9996327579875137,1,0.00036724201248627963,38.04610182528918,1.2212022935412796,0.08333333333333333,13.80347407317965,0,15.762000000000626
25,4,4,14.05,768,120,4683,4681,0.9995729233397395,0.997872340425532,2,-0.004347826086956528,1.0618719442690039,6.877846640359469,12,1,0.9996527777777777,0.9989010989010989,0.001098901098901095,39.866980538649706,0.18994780516170312,0.375,13.379695688816739,0,17.12475000000086
25,4,4,14.05,769,120,4689,4687,0.99957346982299,1,2,-0.016086956521739127,1.0481277996487215,6.37883668269842,8,0.9988950276243094,0.9996485061511423,1,0.0011049723756906271,39.33187658436438,0.6769491849377746,0.2916666666666667,13.507619896749652,0,15.46258300000045
25,4,4,14.05,770,120,4700,4699,0.9997872340425532,1,1,0.08,0.8833950773755077,6.511663547910454,14,1,0.9996440014239943,1,0.0003559985760056561,39.398133985127416,0.5028372961478295,0.16666666666666666,13.71595429104656,1,16.773042000000714
25,4,4,14.5,741,120,4704,4702,0.9995748299319728,1.0010266940451746,2,0.1126086956521739,1.4250405295693036,9.384745206561092,8,0.9988901220865705,0.9996467679265277,1,0.0011098779134295356,39.640318033008775,0.5191422432848959,0.5,13.926386703912371,0,15.542250000000422
25,4,4,14.5,742,120,4631,4631,1,1.0031712473572938,0,-0.06478260869565218,1.0829610067467366,8.176396437394942,0,1,1,1,0,39.69193833347651,0.4622076151639447,0.5833333333333334,13.423456824293247,0,15.66033299999981
25,4,4,14.5,743,120,4659,4659,1,1.0030864197530864,0,-0.011739130434782608,1.2301398471821523,8.098987063756189,0,1,1,1,0,38.824270853326674,0.9911977554865451,0.20833333333333334,13.677638042938204,1,15.253999999998996
25,4,4,14.5,744,120,4718,4718,1,1.0010593220338984,0,-0.043478260869565216,0.6483038468877711,4.011817047725041,0,1,1,1,0,39.843320519374224,0.23463727051042574,0.5416666666666666,13.33970236654555,0,15.806042000000161
25,4,4,14.5,745,120,4729,4728,0.9997885388031297,1,1,0.048695652173913036,1.1372103161770466,6.271684882435996,9,0.9989868287740629,1,1,0.0010131712259371373,39.1213647364067,1.6100305121231437,0.625,13.84388711521811,0,16.954125000000204
25,4,4,14.5,746,120,4721,4718,0.9993645414107181,0.9968586387434555,3,0.026521739130434784,0.7246778762937233,5.208102654355268,8,1,0.9989308624376336,1,0.0010691375623663735,39.343712412789046,0.607113348399139,0.3333333333333333,13.382623196149774,0,15.640417000000525
25,4,4,14.5,747,120,4631,4631,1,1.0010162601626016,0,-0.056956521739130433,1.141753160437815,7.421447084206799,0,1,1,1,0,39.258565556926854,1.0961762790863736,0.5,13.928473480119807,0,16.662790999998833
25,4,4,14.5,748,120,4583,4583,1,1,0,-0.014782608695652177,0.7223116906530515,5.693331773954924,0,1,1,1,0,39.66554624072975,0.38460066815679533,0.4166666666666667,13.676593402797087,0,15.135125000000698
25,4,4,14.5,749,120,4662,4662,1,1.0021097046413503,0,-0.021304347826086957,1.0084908124332632,6.945219243638651,0,1,1,1,0,39.78695205736387,0.36996205399080107,0.5833333333333334,13.382210502159493,0,16.162999999998647
25,4,4,14.5,750,120,4782,4781,0.9997908824759515,1,1,-0.01565217391304348,0.9444879435544603,6.574240297817899,10,1,0.9996443812233285,1,0.00035561877667145136,39.156812875387764,0.743169441096056,0.25,13.800755549822101,1,15.930374999999913
25,4,4,14.5,751,120,4722,4720,0.9995764506565015,0.9979166666666667,2,-0.013478260869565217,0.8118847659099936,6.118907104657107,11,1,0.9996427295462665,0.9989680082559339,0.0010319917440660964,39.74248804629455,0.37148575064192113,0.5,13.63262216136165,0,16.403291999999055
25,4,4,14.5,752,120,4717,4716,0.9997880008479966,1.0021344717182497,1,0.0013043478260869588,1.0256806861596235,7.187269750277362,6,1,0.9996468926553672,1,0.0003531073446327859,39.76127675491805,0.32118136470862346,0.5,13.296987739662,0,15.71704200000022
25,4,4,14.5,753,120,4594,4590,0.9991292990857641,1.001058201058201,4,0.06217391304347826,0.9999579242754661,6.853936416944028,15,0.9988974641675854,0.9992836676217765,0.9988826815642458,0.0004009860575306945,39.80645593839186,0.3278725334976209,0.625,13.33991457740622,0,15.942625000001499
25,4,4,14.5,754,120,4712,4711,0.9997877758913413,1.0010427528675705,1,-0.013043478260869568,0.9542040455461271,6.2448662753319395,10,1,0.9996482588814632,1,0.0003517411185367525,39.65793739449233,0.4381253166017468,0.4583333333333333,13.63304348010327,0,17.370166999999128
25,4,4,14.5,755,120,4604,4603,0.9997827975673328,1.0010718113612005,1,-0.07043478260869565,1.356671206835835,8.859967568956563,6,1,0.9996380745566413,1,0.0003619254433586683,39.47874464156237,0.8460804378766069,0.5416666666666666,13.25448836441119,0,15.14495800000077
25,4,4,14.5,756,120,4825,4822,0.9993782383419689,0.997997997997998,3,0.09304347826086956,1.010835988572513,6.836179973692197,13,0.9989939637826962,0.9996540989277066,0.9989361702127659,0.0007179287149406965,39.18459255655717,0.9418582758172009,0.375,14.221185645924253,0,16.941541999998663
25,4,4,14.5,757,120,4714,4713,0.9997878659312686,1,1,-0.024782608695652172,1.1961799655844387,8.461057345542335,8,1,0.9996508379888268,1,0.00034916201117318746,38.618485659359244,0.9642175028578663,0.041666666666666664,14.43286878665284,1,15.420957999998791
25,4,4,14.5,758,120,4569,4568,0.9997811337272926,1,1,-0.049999999999999996,0.8533067940433061,5.813366984934571,11,1,0.9996272828922848,1,0.000372717107715248,39.47350882141172,0.6973496692102736,0.4166666666666667,13.21261374124841,0,15.506916000000274
25,4,4,14.5,759,120,4862,4862,1,1.001001001001001,0,-0.01130434782608696,1.1120274043532337,6.710082739034685,0,1,1,1,0,39.02037728343912,0.9329634960685613,0.20833333333333334,14.097440817309925,1,16.367165999999997
25,4,4,14.5,760,120,4683,4682,0.9997864616698697,1,1,-0.035217391304347825,0.8936522092411879,6.240906964484263,8,1,0.9996423462088698,1,0.0003576537911301747,38.53208216545281,1.3383333602973704,0.16666666666666666,13.71742336092627,0,15.799709000000803
25,4,4,14.5,761,120,4595,4594,0.9997823721436344,1.0010764262648009,1,-0.02,0.8571906004770817,6.008739728387809,13,1,0.9996374184191443,1,0.00036258158085566983,39.702843570964326,0.38274259217762385,0.5,13.212194967869998,0,16.43054200000006
25,4,4,14.5,762,120,4777,4776,0.9997906635963995,1.0009970089730809,1,0.023043478260869565,1.0245786431067434,7.1297958533735555,8,0.9989235737351991,1,1,0.0010764262648008671,39.39451392517203,0.6062458435311632,0.2916666666666667,14.305571335508928,0,15.66924999999901
25,4,4,14.5,763,120,4653,4653,1,1,0,-0.05304347826086957,0.7921924000020738,6.133786035886563,0,1,1,1,0,39.8145552521796,0.256021909417717,0.4583333333333333,13.674293336921936,0,17.05541599999924
25,4,4,14.5,764,120,4621,4621,1,1.0010362694300519,0,-0.035217391304347825,0.6965872665037509,4.148634095450082,0,1,1,1,0,39.86946417560766,0.28665352228933344,0.7083333333333334,13.675755222715232,0,14.964082999998936
25,4,4,14.5,765,120,4707,4705,0.9995751009135331,0.9990196078431373,2,-0.04521739130434783,1.2744710330845634,7.330148821679965,8,1,0.9992992291520673,1,0.0007007708479327412,38.98212746911523,0.6413551774639619,0.125,14.391627852425001,1,16.102833000000828
25,4,4,14.5,766,120,4728,4728,1,1.0020242914979758,0,-0.04695652173913043,1.2144375137713337,7.577271309655771,0,1,1,1,0,38.959582889982116,1.1299291501608733,0.3333333333333333,14.053894892413439,0,15.707833000000392
25,4,4,14.5,767,120,4663,4662,0.9997855457859747,0.9989827060020345,1,-0.00608695652173913,1.1949855785819739,6.6961938501453915,3,1,0.9996327579875137,1,0.00036724201248627963,39.102452977503454,0.8487679837215532,0.2916666666666667,13.927847215316836,0,15.794499999999971
25,4,4,14.5,768,120,4683,4681,0.9995729233397395,0.997872340425532,2,-0.004347826086956528,1.0609079404100694,6.877846640359469,12,1,0.9996527777777777,0.9989010989010989,0.001098901098901095,39.93949543646763,0.10662126948297923,0.7083333333333334,13.379695724818399,0,15.028291000000536
25,4,4,14.5,769,120,4689,4687,0.99957346982299,1,2,-0.016086956521739127,1.0481277996487215,6.37883668269842,8,0.9988950276243094,0.9996485061511423,1,0.0011049723756906271,39.64832894047682,0.4269763989786007,0.4583333333333333,13.549077920606914,0,16.315667000000758
25,4,4,14.5,770,120,4700,4699,0.9997872340425532,1,1,0.08,0.8809649077157701,6.511663547910454,14,1,0.9996440014239943,1,0.0003559985760056561,39.70937167486734,0.39587476850153247,0.5,13.715956621981356,0,16.704791999998633
25,4,4,15,741,120,4704,4702,0.9995748299319728,1.0010266940451746,2,0.1126086956521739,1.4250405295693036,9.384745206561092,8,0.9988901220865705,0.9996467679265277,1,0.0011098779134295356,39.7850238130513,0.3581524353387472,0.5833333333333334,13.926386703912371,0,15.777874999999767
25,4,4,15,742,120,4631,4631,1,1.0031712473572938,0,-0.06478260869565218,1.0829610067467366,8.176396437394942,0,1,1,1,0,39.83502414157199,0.2913552102824583,0.625,13.423456413578434,0,16.30724999999984
25,4,4,15,743,120,4659,4659,1,1.0030864197530864,0,-0.011739130434782608,1.2282850048853793,8.120840881838982,0,1,1,1,0,39.59159710251902,0.4875406981753447,0.4166666666666667,13.71909524536584,0,15.111165999998775
25,4,4,15,744,120,4718,4718,1,1.0010593220338984,0,-0.043478260869565216,0.6483038468877711,4.011817047725041,0,1,1,1,0,39.937774575282965,0.1266433174640536,0.6666666666666666,13.33970236654555,0,16.27887499999997
25,4,4,15,745,120,4729,4728,0.9997885388031297,1,1,0.048695652173913036,1.1381358388174565,6.271684882435996,9,0.9989868287740629,1,1,0.0010131712259371373,39.30281746249867,1.292847485837012,0.6666666666666666,13.84388711521811,0,16.000833999998576
25,4,4,15,746,120,4721,4718,0.9993645414107181,0.9968586387434555,3,0.026521739130434784,0.7246778762937233,5.208102654355268,8,1,0.9989308624376336,1,0.0010691375623663735,39.64483541209835,0.43466097729274283,0.4583333333333333,13.382623522186714,0,16.326833999999508
25,4,4,15,747,120,4631,4631,1,1.0010162601626016,0,-0.056956521739130433,1.1426711661430746,7.421447084206799,0,1,1,1,0,39.514252898141095,0.8336457928348036,0.5833333333333334,13.969931177940133,0,15.226709000000483
25,4,4,15,748,120,4583,4583,1,1,0,-0.014782608695652177,0.7223116906530515,5.693331773954924,0,1,1,1,0,39.85135136592601,0.23844762800877037,0.5416666666666666,13.676593402797087,0,14.999667000000045
25,4,4,15,749,120,4662,4662,1,1.0021097046413503,0,-0.03130434782608696,1.0306961002862571,7.069244637131305,0,1,1,1,0,39.90378781513205,0.21497109568774486,0.7083333333333334,13.382210006766805,0,17.80512500000077
25,4,4,15,750,120,4782,4781,0.9997908824759515,1,1,-0.01565217391304348,0.9444879435544603,6.574240297817899,10,1,0.9996443812233285,1,0.00035561877667145136,39.62680797451474,0.46893799758061294,0.3333333333333333,13.800756733290328,0,15.929457999998704
25,4,4,15,751,120,4722,4720,0.9995764506565015,0.9979166666666667,2,-0.013478260869565217,0.8118847659099936,6.118907104657107,11,1,0.9996427295462665,0.9989680082559339,0.0010319917440660964,39.886330464103516,0.2215629390062354,0.6666666666666666,13.632621871326371,0,16.656457999999475
25,4,4,15,752,120,4717,4716,0.9997880008479966,1.0021344717182497,1,0.0013043478260869588,1.0256806861596235,7.187269750277362,6,1,0.9996468926553672,1,0.0003531073446327859,39.920242264072876,0.17525327409780464,0.7083333333333334,13.296987739662,0,15.539167000000816
25,4,4,15,753,120,4594,4590,0.9991292990857641,1.001058201058201,4,0.06217391304347826,0.9967627343851901,6.853936416944028,15,0.9988974641675854,0.9992836676217765,0.9988826815642458,0.0004009860575306945,39.90529414374739,0.1937840324435553,0.75,13.298455683443118,0,15.95508399999926
25,4,4,15,754,120,4712,4711,0.9997877758913413,1.0010427528675705,1,-0.013043478260869568,0.9484017941228179,6.2448662753319395,10,1,0.9996482588814632,1,0.0003517411185367525,39.85110218444124,0.2575699175484479,0.625,13.6330423326367,0,15.50683300000128
25,4,4,15,755,120,4604,4603,0.9997827975673328,1.0010718113612005,1,-0.07043478260869565,1.356671206835835,8.859967568956563,6,1,0.9996380745566413,1,0.0003619254433586683,39.66555785114513,0.61338006664644,0.6666666666666666,13.254487627659435,0,15.594166999999288
25,4,4,15,756,120,4825,4822,0.9993782383419689,0.997997997997998,3,0.09304347826086956,1.0110742723769426,6.836179973692197,13,0.9989939637826962,0.9996540989277066,0.9989361702127659,0.0007179287149406965,39.572093191034625,0.49687333864418426,0.375,14.262642678996142,0,17.215291999998954
25,4,4,15,757,120,4714,4713,0.9997878659312686,1,1,-0.024782608695652172,1.1952917184138292,8.461057345542335,8,1,0.9996508379888268,1,0.00034916201117318746,39.38520743619993,0.779262884374,0.3333333333333333,14.515783566221264,0,15.416999999999462
25,4,4,15,758,120,4569,4568,0.9997811337272926,1,1,-0.049999999999999996,0.8533067940433061,5.813366984934571,11,1,0.9996272828922848,1,0.000372717107715248,39.6693249295029,0.5484665125616283,0.5833333333333334,13.21261320985406,0,16.02691700000105
25,4,4,15,759,120,4862,4862,1,1.001001001001001,0,-0.01130434782608696,1.1146703100037558,6.719022274735532,0,1,1,1,0,39.861843277853076,0.25916905710011523,0.5833333333333334,14.18036025874794,0,16.188374999999724
25,4,4,15,760,120,4683,4682,0.9997864616698697,1,1,-0.035217391304347825,0.8881886738891651,6.240906964484263,8,1,0.9996423462088698,1,0.0003576537911301747,39.245238490629184,0.9174346018663353,0.4166666666666667,13.71742154871127,0,15.955667000000176
25,4,4,15,761,120,4595,4594,0.9997823721436344,1.0010764262648009,1,-0.02,0.8571906004770817,6.008739728387809,13,1,0.9996374184191443,1,0.00036258158085566983,39.82295182809167,0.2770248945860612,0.625,13.212194967869998,0,14.95416600000135
25,4,4,15,762,120,4777,4776,0.9997906635963995,1.0009970089730809,1,0.023043478260869565,1.0274247133331729,7.1297958533735555,8,0.9989235737351991,1,1,0.0010764262648008671,39.74270198276406,0.3433348888557792,0.4583333333333333,14.305571214829392,0,16.21191699999872
25,4,4,15,763,120,4653,4653,1,1,0,-0.05304347826086957,0.7921924000020738,6.133786035886563,0,1,1,1,0,39.914782150447785,0.1920135477566107,0.625,13.674292600170183,0,15.147082999999839
25,4,4,15,764,120,4621,4621,1,1.0010362694300519,0,-0.035217391304347825,0.6965872665037509,4.148634095450082,0,1,1,1,0,39.92394493950574,0.18297791502624017,0.7916666666666666,13.67575493267995,0,15.495249999999942
25,4,4,15,765,120,4707,4705,0.9995751009135331,0.9990196078431373,2,-0.04521739130434783,1.276831520520774,7.311310579603439,8,1,0.9992992291520673,1,0.0007007708479327412,39.66532681242887,0.3910269777538855,0.375,14.433086577032357,0,16.6126660000009
25,4,4,15,766,120,4728,4728,1,1.0020242914979758,0,-0.04695652173913043,1.2144375137713337,7.577271309655771,0,1,1,1,0,39.351342428377066,0.8257843568906402,0.4583333333333333,14.053894892413439,0,15.81091699999888
25,4,4,15,767,120,4663,4662,0.9997855457859747,0.9989827060020345,1,-0.00608695652173913,1.195445983683648,6.677355608068865,3,1,0.9996327579875137,1,0.00036724201248627963,39.61926651644263,0.5087861454369447,0.4583333333333333,13.969304913137158,0,16.533250000000407
25,4,4,15,768,120,4683,4681,0.9995729233397395,0.997872340425532,2,-0.004347826086956528,1.0622023736689608,6.877846640359469,12,1,0.9996527777777777,0.9989010989010989,0.001098901098901095,39.98688446944785,0.024657260359955906,0.75,13.338239777862311,0,15.114333999999872
25,4,4,15,769,120,4689,4687,0.99957346982299,1,2,-0.016086956521739127,1.0481277996487215,6.37883668269842,8,0.9988950276243094,0.9996485061511423,1,0.0011049723756906271,39.77949143560746,0.31073257074125044,0.5416666666666666,13.549077920606914,0,16.257791999998517
25,4,4,15,770,120,4700,4699,0.9997872340425532,1,1,0.08,0.8824531652716738,6.511663547910454,14,1,0.9996440014239943,1,0.0003559985760056561,39.8210698987478,0.313347116991948,0.625,13.715955063799973,0,15.526499999999942
25,4,4,15.5,741,120,4704,4702,0.9995748299319728,1.0010266940451746,2,0.1126086956521739,1.4250405295693036,9.384745206561092,8,0.9988901220865705,0.9996467679265277,1,0.0011098779134295356,39.8674801903552,0.2486804628320532,0.7083333333333334,13.926386703912371,0,16.32916699999987
25,4,4,15.5,742,120,4631,4631,1,1.0031712473572938,0,-0.06478260869565218,1.0829610067467366,8.176396437394942,0,1,1,1,0,39.93083342030206,0.15779559565723747,0.75,13.423456413578434,0,16.585667000001195
25,4,4,15.5,743,120,4659,4659,1,1.0030864197530864,0,-0.011739130434782608,1.2282850048853793,8.120840881838982,0,1,1,1,0,39.87552389125192,0.2348884888189189,0.625,13.76055380061745,0,15.781709000000774
25,4,4,15.5,744,120,4718,4718,1,1.0010593220338984,0,-0.043478260869565216,0.6483038468877711,4.011817047725041,0,1,1,1,0,39.97522576697674,0.06695622206301687,0.875,13.33970236654555,0,17.649916000000303
25,4,4,15.5,745,120,4729,4728,0.9997885388031297,1,1,0.048695652173913036,1.1381358388174565,6.271684882435996,9,0.9989868287740629,1,1,0.0010131712259371373,39.479574630730305,0.9758514098328854,0.7083333333333334,13.84388711521811,0,15.69591600000058
25,4,4,15.5,746,120,4721,4718,0.9993645414107181,0.9968586387434555,3,0.026521739130434784,0.7246778762937233,5.208102654355268,8,1,0.9989308624376336,1,0.0010691375623663735,39.784232766524276,0.31683736863485545,0.5833333333333334,13.382623522186714,0,16.58612499999981
25,4,4,15.5,747,120,4631,4631,1,1.0010162601626016,0,-0.056956521739130433,1.1426711661430746,7.421447084206799,0,1,1,1,0,39.69350843144317,0.5820427728094112,0.7083333333333334,14.011388755080922,0,15.08062500000051
25,4,4,15.5,748,120,4583,4583,1,1,0,-0.014782608695652177,0.7223116906530515,5.693331773954924,0,1,1,1,0,39.92168463979429,0.1609553178073698,0.75,13.67659287140274,0,15.68816599999991
25,4,4,15.5,749,120,4662,4662,1,1.0021097046413503,0,-0.03130434782608696,1.0306961002862571,7.069244637131305,0,1,1,1,0,39.95440412571346,0.1314030055909574,0.875,13.382210006766805,0,15.639375000000655
25,4,4,15.5,750,120,4782,4781,0.9997908824759515,1,1,-0.01565217391304348,0.9438750205590698,6.593078539894729,10,1,0.9996443812233285,1,0.00035561877667145136,39.8183442354489,0.2921641072444089,0.625,13.800755791181167,0,16.42437500000051
25,4,4,15.5,751,120,4722,4720,0.9995764506565015,0.9979166666666667,2,-0.013478260869565217,0.8118847659099936,6.118907104657107,11,1,0.9996427295462665,0.9989680082559339,0.0010319917440660964,39.954781424643656,0.13034765035771265,0.875,13.632621871326371,0,16.572416000000885
25,4,4,15.5,752,120,4717,4716,0.9997880008479966,1.0021344717182497,1,0.0013043478260869588,1.0256806861596235,7.187269750277362,6,1,0.9996468926553672,1,0.0003531073446327859,39.95877177960861,0.10077623589342041,0.8333333333333334,13.296987739662,0,15.628624999999374
25,4,4,15.5,753,120,4594,4590,0.9991292990857641,1.001058201058201,4,0.06217391304347826,0.9967627343851901,6.853936416944028,15,0.9988974641675854,0.9992836676217765,0.9988826815642458,0.0004009860575306945,39.954880821460335,0.1137819044476855,0.7916666666666666,13.298455478085712,0,16.0537089999998
25,4,4,15.5,754,120,4712,4711,0.9997877758913413,1.0010427528675705,1,-0.013043478260869568,0.9484017941228179,6.2448662753319395,10,1,0.9996482588814632,1,0.0003517411185367525,39.921497444764206,0.17397765102079674,0.7916666666666666,13.633042247958828,0,15.572625000000698
25,4,4,15.5,755,120,4604,4603,0.9997827975673328,1.0010718113612005,1,-0.07043478260869565,1.356671206835835,8.859967568956563,6,1,0.9996380745566413,1,0.0003619254433586683,39.79403431948091,0.4394003542420865,0.6666666666666666,13.254487627659435,0,15.736582999999882
25,4,4,15.5,756,120,4825,4822,0.9993782383419689,0.997997997997998,3,0.09304347826086956,1.0119812288660905,6.836179973692197,13,0.9989939637826962,0.9996540989277066,0.9989361702127659,0.0007179287149406965,39.89298263870812,0.19422830233001953,0.6666666666666666,14.262643415747895,0,15.986041999998633
25,4,4,15.5,757,120,4714,4713,0.9997878659312686,1,1,-0.024782608695652172,1.1952917184138292,8.461057345542335,8,1,0.9996508379888268,1,0.00034916201117318746,39.623200912916765,0.5725412203255091,0.5416666666666666,14.515783566221264,0,15.931790999999066
25,4,4,15.5,758,120,4569,4568,0.9997811337272926,1,1,-0.049999999999999996,0.8533067940433061,5.813366984934571,11,1,0.9996272828922848,1,0.000372717107715248,39.79305815940388,0.42525442471132874,0.6666666666666666,13.21261320985406,0,14.760416000000987
25,4,4,15.5,759,120,4862,4862,1,1.001001001001001,0,-0.01130434782608696,1.1146703100037558,6.719022274735532,0,1,1,1,0,39.95038821065843,0.15006904559329778,0.8333333333333334,14.180360053390535,0,16.66741600000023
25,4,4,15.5,760,120,4683,4682,0.9997864616698697,1,1,-0.035217391304347825,0.8881886738891651,6.240906964484263,8,1,0.9996423462088698,1,0.0003576537911301747,39.609002692575835,0.6006118823577337,0.5833333333333334,13.717420485922576,0,16.79041700000016
25,4,4,15.5,761,120,4595,4594,0.9997823721436344,1.0010764262648009,1,-0.02,0.8571906004770817,6.008739728387809,13,1,0.9996374184191443,1,0.00036258158085566983,39.892794268566725,0.1895770072997756,0.7083333333333334,13.212194967869998,0,15.054707999999664
25,4,4,15.5,762,120,4777,4776,0.9997906635963995,1.0009970089730809,1,0.023043478260869565,1.0274247133331729,7.1297958533735555,8,0.9989235737351991,1,1,0.0010764262648008671,39.86924804847524,0.2283194292120631,0.625,14.305571214829392,0,16.707374999999956
25,4,4,15.5,763,120,4653,4653,1,1,0,-0.05304347826086957,0.7921924000020738,6.133786035886563,0,1,1,1,0,39.95003708098681,0.1445053914515712,0.875,13.674292600170183,0,15.465500000000247
25,4,4,15.5,764,120,4621,4621,1,1.0010362694300519,0,-0.035217391304347825,0.6965872665037509,4.148634095450082,0,1,1,1,0,39.95877201052592,0.10064724347414096,0.8333333333333334,13.675754606643011,0,15.707749999999578
25,4,4,15.5,765,120,4707,4705,0.9995751009135331,0.9990196078431373,2,-0.04521739130434783,1.2760381238187444,7.311310579603439,8,1,0.9992992291520673,1,0.0007007708479327412,39.82103114335779,0.27837936095979426,0.625,14.433086081639672,0,15.923542000000452
25,4,4,15.5,766,120,4728,4728,1,1.0020242914979758,0,-0.04695652173913043,1.2129943549292452,7.568331773954621,0,1,1,1,0,39.62817956770808,0.5633536096972304,0.5416666666666666,14.053894155661686,0,16.55695899999955
25,4,4,15.5,767,120,4663,4662,0.9997855457859747,0.9989827060020345,1,-0.00608695652173913,1.1973110461434746,6.736885910305015,3,1,0.9996327579875137,1,0.00036724201248627963,39.85986155091759,0.28594205128110367,0.625,14.010765123922576,0,16.58562499999971
25,4,4,15.5,768,120,4683,4681,0.9995729233397395,0.997872340425532,2,-0.004347826086956528,1.0622023736689608,6.877846640359469,12,1,0.9996527777777777,0.9989010989010989,0.001098901098901095,40,0,1,13.338239777862311,0,15.333667000000787
25,4,4,15.5,769,120,4689,4687,0.99957346982299,1,2,-0.016086956521739127,1.0481277996487215,6.37883668269842,8,0.9988950276243094,0.9996485061511423,1,0.0011049723756906271,39.87251352354377,0.210878431291474,0.625,13.549077920606914,0,17.664707999998427
25,4,4,15.5,770,120,4700,4699,0.9997872340425532,1,1,0.08,0.8824531652716738,6.511663547910454,14,1,0.9996440014239943,1,0.0003559985760056561,39.888302192446254,0.25114028583958076,0.7083333333333334,13.715955063799973,0,15.458583999999973
25,4,4,16,741,120,4704,4702,0.9995748299319728,1.0010266940451746,2,0.1126086956521739,1.4250405295693036,9.384745206561092,8,0.9988901220865705,0.9996467679265277,1,0.0011098779134295356,39.9299801903552,0.1632168727797686,0.7083333333333334,13.926386703912371,0,16.445708000001105
25,4,4,16,742,120,4631,4631,1,1.0031712473572938,0,-0.06478260869565218,1.0829610067467366,8.176396437394942,0,1,1,1,0,39.97946684856115,0.08092451459697782,0.875,13.42345542279306,0,14.926209000001109
25,4,4,16,743,120,4659,4659,1,1.0030864197530864,0,-0.011739130434782608,1.2282850048853793,8.120840881838982,0,1,1,1,0,39.94618349330275,0.1519443546794081,0.75,13.760553595260044,0,15.784250000000611
25,4,4,16,744,120,4718,4718,1,1.0010593220338984,0,-0.043478260869565216,0.6467919661960594,3.961210845357224,0,1,1,1,0,39.993975766976746,0.01628142771139104,0.875,13.339701219078982,0,15.37958400000025
25,4,4,16,745,120,4729,4728,0.9997885388031297,1,1,0.048695652173913036,1.1381358388174565,6.271684882435996,9,0.9989868287740629,1,1,0.0010131712259371373,39.654574630730316,0.663808113890755,0.7083333333333334,13.84388678918117,0,16.1775000000016
25,4,4,16,746,120,4721,4718,0.9993645414107181,0.9968586387434555,3,0.026521739130434784,0.7246778762937233,5.208102654355268,8,1,0.9989308624376336,1,0.0010691375623663735,39.881873943505454,0.2119970419400179,0.625,13.382623522186714,0,16.583083000001352
25,4,4,16,747,120,4631,4631,1,1.0010162601626016,0,-0.056956521739130433,1.1393846702110657,7.421447084206799,0,1,1,1,0,39.83100843144317,0.3448741925299973,0.7083333333333334,13.969930392512163,0,15.195040999999037
25,4,4,16,748,120,4583,4583,1,1,0,-0.014782608695652177,0.7223116906530515,5.693331773954924,0,1,1,1,0,39.96288723939711,0.09931722180893907,0.7916666666666666,13.676593233441338,0,16.006750000000466
25,4,4,16,749,120,4662,4662,1,1.0021097046413503,0,-0.03130434782608696,1.0306961002862571,7.069244637131305,0,1,1,1,0,39.97940412571346,0.07361515920150798,0.875,13.382209886087272,0,15.340124999998807
25,4,4,16,750,120,4782,4781,0.9997908824759515,1,1,-0.01565217391304348,0.9438750205590698,6.593078539894729,10,1,0.9996443812233285,1,0.00035561877667145136,39.90913360068397,0.1575102368171875,0.6666666666666666,13.800755465144228,0,16.48479100000077
25,4,4,16,751,120,4722,4720,0.9995764506565015,0.9979166666666667,2,-0.013478260869565217,0.8118847659099936,6.118907104657107,11,1,0.9996427295462665,0.9989680082559339,0.0010319917440660964,39.979781424643654,0.0728038540041672,0.875,13.632621871326371,0,15.545124999998734
25,4,4,16,752,120,4717,4716,0.9997880008479966,1.0021344717182497,1,0.0013043478260869588,1.0256806861596235,7.187269750277362,6,1,0.9996468926553672,1,0.0003531073446327859,39.99002177960862,0.02443093775564839,0.8333333333333334,13.296987739662,0,16.032416000000012
25,4,4,16,753,120,4594,4590,0.9991292990857641,1.001058201058201,4,0.06217391304347826,0.9948510311723349,6.816259932790672,15,0.9988974641675854,0.9992836676217765,0.9988826815642458,0.0004009860575306945,39.981412755085906,0.07209835570595934,0.875,13.298453835226459,0,14.723165999999765
25,4,4,16,754,120,4712,4711,0.9997877758913413,1.0010427528675705,1,-0.013043478260869568,0.9484017941228179,6.2448662753319395,10,1,0.9996482588814632,1,0.0003517411185367525,39.95415348765527,0.11794565570730933,0.8333333333333334,13.633042247958828,0,15.499958999998853
25,4,4,16,755,120,4604,4603,0.9997827975673328,1.0010718113612005,1,-0.07043478260869565,1.356671206835835,8.859967568956563,6,1,0.9996380745566413,1,0.0003619254433586683,39.87590157545066,0.3017119496932203,0.75,13.254487627659435,0,16.729667000001427
25,4,4,16,756,120,4825,4822,0.9993782383419689,0.997997997997998,3,0.09304347826086956,1.0119812288660905,6.836179973692197,13,0.9989939637826962,0.9996540989277066,0.9989361702127659,0.0007179287149406965,39.94674814876067,0.12156205258253464,0.7083333333333334,14.262643415747895,0,16.175083000000086
25,4,4,16,757,120,4714,4713,0.9997878659312686,1,1,-0.024782608695652172,1.1952917184138292,8.461057345542335,8,1,0.9996508379888268,1,0.00034916201117318746,39.79099818011433,0.37008360579585053,0.5833333333333334,14.515783566221264,0,16.372666000001118
25,4,4,16,758,120,4569,4568,0.9997811337272926,1,1,-0.049999999999999996,0.8533067940433061,5.813366984934571,11,1,0.9996272828922848,1,0.000372717107715248,39.87080749875236,0.3234954151316817,0.7916666666666666,13.21261320985406,0,14.9703329999993
25,4,4,16,759,120,4862,4862,1,1.001001001001001,0,-0.01130434782608696,1.1149572326847192,6.7785525769716815,0,1,1,1,0,39.97927904164126,0.08182995899371061,0.875,14.180360089392194,0,17.045500000000175
25,4,4,16,760,120,4683,4682,0.9997864616698697,1,1,-0.035217391304347825,0.8881886738891651,6.240906964484263,8,1,0.9996423462088698,1,0.0003576537911301747,39.791865212509684,0.4279032404077451,0.75,13.717420485922576,0,15.49737500000083
25,4,4,16,761,120,4595,4594,0.9997823721436344,1.0010764262648009,1,-0.02,0.8571906004770817,6.008739728387809,13,1,0.9996374184191443,1,0.00036258158085566983,39.946747795971895,0.11736903861753685,0.75,13.212194231118245,0,15.733707999999751
25,4,4,16,762,120,4777,4776,0.9997906635963995,1.0009970089730809,1,0.023043478260869565,1.0242004120452957,7.1297958533735555,8,0.9989235737351991,1,1,0.0010764262648008671,39.93600604156282,0.1627884050207053,0.75,14.30556773642803,0,17.05604200000016
25,4,4,16,763,120,4653,4653,1,1,0,-0.05304347826086957,0.7921924000020738,6.133786035886563,0,1,1,1,0,39.968787080986814,0.09881420815459604,0.875,13.674292600170183,0,15.348541000001205
25,4,4,16,764,120,4621,4621,1,1.0010362694300519,0,-0.035217391304347825,0.6965872665037509,4.148634095450082,0,1,1,1,0,39.99002201052592,0.024301274556917284,0.8333333333333334,13.675754606643011,0,16.84258299999965
25,4,4,16,765,120,4707,4705,0.9995751009135331,0.9990196078431373,2,-0.04521739130434783,1.2760381238187444,7.311310579603439,8,1,0.9992992291520673,1,0.0007007708479327412,39.88978114335779,0.20648511385775634,0.625,14.433084076741816,0,15.493583999999828
25,4,4,16,766,120,4728,4728,1,1.0020242914979758,0,-0.04695652173913043,1.2124645653999655,7.517725571586804,0,1,1,1,0,39.79808837043624,0.3822781832607097,0.625,14.053894735732248,0,16.73570800000016
25,4,4,16,767,120,4663,4662,0.9997855457859747,0.9989827060020345,1,-0.00608695652173913,1.1973110461434746,6.736885910305015,3,1,0.9996327579875137,1,0.00036724201248627963,39.93136144259266,0.17943271272603986,0.75,14.010764833887295,0,15.218375000000378
25,4,4,16,768,120,4683,4681,0.9995729233397395,0.997872340425532,2,-0.004347826086956528,1.0609079404100694,6.877846640359469,12,1,0.9996527777777777,0.9989010989010989,0.001098901098901095,40,0,1,13.29677970043098,0,16.020957999999155
25,4,4,16,769,120,4689,4687,0.99957346982299,1,2,-0.016086956521739127,1.0481277996487215,6.37883668269842,8,0.9988950276243094,0.9996485061511423,1,0.0011049723756906271,39.93575462663578,0.13683365402909944,0.75,13.549077920606914,0,15.808042000000569
25,4,4,16,770,120,4700,4699,0.9997872340425532,1,1,0.08,0.8824531652716738,6.511663547910454,14,1,0.9996440014239943,1,0.0003559985760056561,39.935817369059336,0.2032791630403916,0.75,13.715955063799973,0,15.949041999998371
25,4,4,17,741,120,4704,4702,0.9995748299319728,1.0010266940451746,2,0.1126086956521739,1.4250405295693036,9.384745206561092,8,0.9988901220865705,0.9996467679265277,1,0.0011098779134295356,39.98128671514585,0.07215339223269043,0.875,13.926386703912371,0,17.051665999999386
25,4,4,17,742,120,4631,4631,1,1.0031712473572938,0,-0.06478260869565218,1.0829610067467366,8.176396437394942,0,1,1,1,0,39.99799196712391,0.009837311866309208,0.9583333333333334,13.38199596143395,0,14.842124999999214
25,4,4,17,743,120,4659,4659,1,1.0030864197530864,0,-0.011739130434782608,1.2268196435995662,8.120840881838982,0,1,1,1,0,39.98323237096488,0.07199747160781819,0.9166666666666666,13.76055093828831,0,16.15245800000048
25,4,4,17,744,120,4718,4718,1,1.0010593220338984,0,-0.043478260869565216,0.6467919661960594,3.961210845357224,0,1,1,1,0,40,0,1,13.339701545115924,0,15.35045799999898
25,4,4,17,745,120,4729,4728,0.9997885388031297,1,1,0.048695652173913036,1.1381358388174565,6.271684882435996,9,0.9989868287740629,1,1,0.0010131712259371373,39.914017529820974,0.24619884241921527,0.8333333333333334,13.84388711521811,0,16.29033299999901
25,4,4,17,746,120,4721,4718,0.9993645414107181,0.9968586387434555,3,0.026521739130434784,0.7246778762937233,5.208102654355268,8,1,0.9989308624376336,1,0.0010691375623663735,39.97469747376261,0.07438123681393538,0.7916666666666666,13.382624343616342,0,15.486750000000029
25,4,4,17,747,120,4631,4631,1,1.0010162601626016,0,-0.056956521739130433,1.1393846702110657,7.421447084206799,0,1,1,1,0,39.96226026254857,0.10946825335334147,0.875,13.969930392512163,0,15.863459000000148
25,4,4,17,748,120,4583,4583,1,1,0,-0.014782608695652177,0.7223116906530515,5.693331773954924,0,1,1,1,0,39.995732204114184,0.014459114188223984,0.9166666666666666,13.676593233441338,0,14.993125000000873
25,4,4,17,749,120,4662,4662,1,1.0021097046413503,0,-0.03130434782608696,1.0306961002862571,7.069244637131305,0,1,1,1,0,39.99786618409225,0.010453520358017594,0.9583333333333334,13.382210006766805,0,15.216582999999446
25,4,4,17,750,120,4782,4781,0.9997908824759515,1,1,-0.01565217391304348,0.9438750205590698,6.593078539894729,10,1,0.9996443812233285,1,0.00035561877667145136,39.993787133344206,0.016797122133299713,0.875,13.800754281676,0,17.488665999999284
25,4,4,17,751,120,4722,4720,0.9995764506565015,0.9979166666666667,2,-0.013478260869565217,0.8118847659099936,6.118907104657107,11,1,0.9996427295462665,0.9989680082559339,0.0010319917440660964,39.99799194172055,0.009837436316858907,0.9583333333333334,13.632621871326371,0,15.580916999999317
25,4,4,17,752,120,4717,4716,0.9997880008479966,1.0021344717182497,1,0.0013043478260869588,1.0256806861596235,7.187269750277362,6,1,0.9996468926553672,1,0.0003531073446327859,40,0,1,13.296987739662,0,16.459500000000844
25,4,4,17,753,120,4594,4590,0.9991292990857641,1.001058201058201,4,0.06217391304347826,0.9948510311723349,6.816259932790672,15,0.9988974641675854,0.9992836676217765,0.9988826815642458,0.0004009860575306945,39.997866348750314,0.010452713701539572,0.9583333333333334,13.298453835226459,0,14.968957999999475
25,4,4,17,754,120,4712,4711,0.9997877758913413,1.0010427528675705,1,-0.013043478260869568,0.947459882018984,6.2448662753319395,10,1,0.9996482588814632,1,0.0003517411185367525,39.993724347659594,0.01696286601819979,0.875,13.633041837244015,0,17.071374999999534
25,4,4,17,755,120,4604,4603,0.9997827975673328,1.0010718113612005,1,-0.07043478260869565,1.356671206835835,8.859967568956563,6,1,0.9996380745566413,1,0.0003619254433586683,39.975137152263464,0.08597288644778805,0.875,13.254487627659435,0,18.46216699999968
25,4,4,17,756,120,4825,4822,0.9993782383419689,0.997997997997998,3,0.09304347826086956,1.0110742723769426,6.836179973692197,13,0.9989939637826962,0.9996540989277066,0.9989361702127659,0.0007179287149406965,39.99384962179321,0.01663027110533801,0.875,14.262643125712613,0,17.69695800000045
25,4,4,17,757,120,4714,4713,0.9997878659312686,1,1,-0.024782608695652172,1.1952917184138292,8.461057345542335,8,1,0.9996508379888268,1,0.00034916201117318746,39.9709324651757,0.08603562289753135,0.7916666666666666,14.515783566221264,0,17.564124999998967
25,4,4,17,758,120,4569,4568,0.9997811337272926,1,1,-0.049999999999999996,0.8533067940433061,5.813366984934571,11,1,0.9996272828922848,1,0.000372717107715248,39.95390276290746,0.15761561161406237,0.875,13.21261320985406,0,15.457042000000001
25,4,4,17,759,120,4862,4862,1,1.001001001001001,0,-0.01130434782608696,1.1149572326847192,6.7785525769716815,0,1,1,1,0,39.99780368505045,0.01075970188168059,0.9583333333333334,14.180359678677378,0,17.43891700000131
25,4,4,17,760,120,4683,4682,0.9997864616698697,1,1,-0.035217391304347825,0.8881886738891651,6.240906964484263,8,1,0.9996423462088698,1,0.0003576537911301747,39.93700994145533,0.1747618850107796,0.875,13.71742060660211,0,15.22412500000064
25,4,4,17,761,120,4595,4594,0.9997823721436344,1.0010764262648009,1,-0.02,0.8571906004770817,6.008739728387809,13,1,0.9996374184191443,1,0.00036258158085566983,39.99384973575783,0.016629967436075366,0.875,13.212194231118245,0,15.57483400000092
25,4,4,17,762,120,4777,4776,0.9997906635963995,1.0009970089730809,1,0.023043478260869565,1.0242004120452957,7.1297958533735555,8,0.9989235737351991,1,1,0.0010764262648008671,39.9832956768767,0.07196534506061636,0.9166666666666666,14.30556741039109,0,15.641374999999243
25,4,4,17,763,120,4653,4653,1,1,0,-0.05304347826086957,0.7921924000020738,6.133786035886563,0,1,1,1,0,39.99579556671445,0.014246163872680576,0.9166666666666666,13.674292600170183,0,15.887167000000773
25,4,4,17,764,120,4621,4621,1,1.0010362694300519,0,-0.035217391304347825,0.6965872665037509,4.148634095450082,0,1,1,1,0,40,0,1,13.675754606643011,0,14.976875000000291
25,4,4,17,765,120,4707,4705,0.9995751009135331,0.9990196078431373,2,-0.04521739130434783,1.2760381238187444,7.311310579603439,8,1,0.9992992291520673,1,0.0007007708479327412,39.96433107800793,0.09909687132884328,0.7916666666666666,14.433083786706534,0,15.788291999999274
25,4,4,17,766,120,4728,4728,1,1.0020242914979758,0,-0.04695652173913043,1.2129943549292452,7.568331773954621,0,1,1,1,0,39.92620358354505,0.20163178611983862,0.8333333333333334,14.053894445696967,0,16.729291999999987
25,4,4,17,767,120,4663,4662,0.9997855457859747,0.9989827060020345,1,-0.00608695652173913,1.1956640879574156,6.677355608068865,3,1,0.9996327579875137,1,0.00036724201248627963,39.9958584780729,0.014031303253984093,0.9166666666666666,13.927847698034968,0,15.245417000000089
25,4,4,17,768,120,4683,4681,0.9995729233397395,0.997872340425532,2,-0.004347826086956528,1.0609079404100694,6.877846640359469,12,1,0.9996527777777777,0.9989010989010989,0.001098901098901095,40,0,1,13.29678002646792,0,16.084749999999985
25,4,4,17,769,120,4689,4687,0.99957346982299,1,2,-0.016086956521739127,1.0481277996487215,6.37883668269842,8,0.9988950276243094,0.9996485061511423,1,0.0011049723756906271,39.9937875843241,0.016795895436646623,0.875,13.549077920606914,0,15.468999999999141
25,4,4,17,770,120,4700,4699,0.9997872340425532,1,1,0.08,0.8824531652716738,6.511663547910454,14,1,0.9996440014239943,1,0.0003559985760056561,39.97060728935208,0.1334963021827828,0.9166666666666666,13.715955063799973,0,16.169292000000496
30,2,2,14.05,741,120,5660,5079,0.8973498233215548,0.8871252204585538,581,5.58086956521739,5132.794317910042,5173.705523170655,5769,0.8936355710549259,0.9004753416518122,0.8918918918918919,0.008583449759920314,14.382698098496794,0.16689923966375483,0,14.057259867776947,0,43.428665999999794
30,2,2,14.05,742,120,5466,5079,0.929198682766191,0.9046762589928058,387,3.073478260869565,3549.9869910977336,3592.493605711045,4136,0.9260991580916744,0.9286589099816289,0.9336870026525199,0.007587844560845491,14.382703470432276,0.1669004359616799,0,14.057259050249426,0,39.42329099999915
30,2,2,14.05,743,120,5675,5078,0.8948017621145374,0.8568994889267462,597,6.912608695652174,5082.148780230504,5120.645424318146,5891,0.884318766066838,0.8957897879964168,0.902502157031924,0.018183390965086033,14.373197957041029,0.15820877846514717,0,14.057253609009985,0,39.02954099999988
30,2,2,14.05,744,120,5530,5079,0.9184448462929475,0.8613013698630136,451,7.110000000000001,3503.7659983553317,3542.1024614680196,4406,0.9189655172413793,0.9190839694656489,0.9159817351598174,0.0031022343058314528,14.382738319049274,0.16689601579346566,0,14.057255869963464,0,37.3935419999998
30,2,2,14.05,745,120,5605,5079,0.9061552185548617,0.8847845206684257,526,6.3304347826086955,4669.070115614154,4711.5647541122025,5480,0.9137466307277629,0.9032354703415219,0.9072790294627383,0.010511160386241003,14.382732433965826,0.16689600258284026,0,14.05726011575245,0,37.94750000000022
30,2,2,14.05,746,120,5672,5080,0.8956276445698167,0.8397328881469115,592,6.714782608695653,4705.819198243686,4743.699391267935,5525,0.8971477960242005,0.8910049809551714,0.9083484573502723,0.01734347639510081,14.370166646456683,0.15821541012406642,0,14.057254399984465,0,37.92433399999936
30,2,2,14.05,747,120,5618,5079,0.904058383766465,0.8518204911092294,539,6.569999999999999,4519.066784821469,4561.0703393420945,5476,0.9027409372236959,0.9057108863771565,0.9004444444444445,0.005266441932711974,14.382774186608538,0.16689781786874341,0,14.057260346199214,0,39.0875419999993
30,2,2,14.05,748,120,5648,5078,0.8990793201133145,0.8687392055267703,570,5.603478260869565,4915.677744146647,4952.718161325073,5757,0.9047186932849365,0.8957664233576642,0.903657448706512,0.008952269927272272,14.373204590325182,0.15820836336425467,0,14.057250981289462,0,42.91716600000109
30,2,2,14.05,749,120,5717,5080,0.8885779254853945,0.8855633802816901,637,5.526086956521739,5690.95744699099,5728.809812894729,6253,0.9037294015611448,0.8885656095432063,0.8731144631765749,0.030614938384569856,14.370266290181055,0.1582222564057953,0,14.057249529350807,0,38.26124999999956
30,2,2,14.05,750,120,5498,5080,0.9239723535831211,0.8886925795053003,418,4.718695652173913,3564.0149334088046,3607.5285054338833,4165,0.9228070175438596,0.9209717097170972,0.933996383363472,0.01302467364637483,14.370244891820612,0.15821757889233995,0,14.057252016966798,0,36.43183399999907
30,2,2,14.05,751,120,5687,5079,0.8930895023738351,0.8266228430566968,608,8.234782608695653,4694.952838191239,4735.292254564683,5774,0.8867924528301887,0.8897730621868553,0.9085520745131245,0.02175962168293577,14.382686658466428,0.16689649739333348,0,14.057258572700206,0,37.33250000000044
30,2,2,14.05,752,120,5530,5080,0.918625678119349,0.9022421524663677,450,3.7456521739130433,3962.9380227742895,4004.5012726348336,4356,0.9141048824593129,0.9189850198715989,0.9219427580225499,0.007837875563237007,14.370225543596108,0.15822267375922594,0,14.05724916517236,0,54.705541999999696
30,2,2,14.05,753,120,5559,5079,0.9136535348084188,0.8725065047701648,480,5.9226086956521735,3936.1565910177455,3976.304824534161,4767,0.9184027777777778,0.9155863732288212,0.9027522935779817,0.01565048419979609,14.382672939390643,0.16689593580896595,0,14.057256255329172,0,39.725249999999505
30,2,2,14.05,754,120,5625,5080,0.9031111111111111,0.8650042992261393,545,5.8408695652173925,4771.885674835614,4814.047565360711,5607,0.8933454876937101,0.9057498518079431,0.9046793760831889,0.012404364114232957,14.370098542377931,0.1582181093039853,0,14.05725209150373,0,40.03441700000076
30,2,2,14.05,755,120,5734,5078,0.8855946982908964,0.8613013698630136,656,6.427391304347826,5634.669525305745,5673.757510035764,6394,0.8832442067736186,0.8869288606130712,0.8838821490467937,0.0036846538394526007,14.373191394951393,0.1582160845487329,0,14.057251241876651,0,39.165124999999534
30,2,2,14.05,756,120,5588,5079,0.9089119541875448,0.8475147430497051,509,7.838260869565217,3948.073821866433,3987.4324868030394,4839,0.9064171122994652,0.9116334424278488,0.9031674208144796,0.008466021613369179,14.382725407972542,0.16689739235631057,0,14.057259186254973,0,40.56908399999884
30,2,2,14.05,757,120,5635,5079,0.9013309671694765,0.8840070298769771,556,5.406086956521738,4869.1660842765305,4907.548916010298,5527,0.9058721934369602,0.8984117470782139,0.9052631578947369,0.00746044635874632,14.382755544663732,0.16690161925885824,0,14.057258829959764,0,38.42499999999927
30,2,2,14.05,758,120,5502,5080,0.9233006179571065,0.8926353149955635,422,5.134347826086956,3568.2914897715223,3605.8805308095966,4114,0.9227272727272727,0.9245683126325356,0.9200726612170754,0.004495651415460156,14.370181230592285,0.15821632598298255,0,14.057252678308572,0,36.99516600000061
30,2,2,14.05,759,120,5704,5078,0.8902524544179523,0.8334714167357083,626,7.673913043478261,5037.665695205313,5079.132233907799,6051,0.8870829769033362,0.8889541715628673,0.8974358974358975,0.010352920532561316,14.373169776512556,0.1582112079424596,0,14.057251392696607,0,38.26324999999997
30,2,2,14.05,760,120,5753,5078,0.8826699113505997,0.8439597315436241,675,6.980434782608698,5703.532876381458,5744.782549224015,6570,0.877177700348432,0.8823016564952049,0.8891752577319587,0.011997557383526702,14.373182735108962,0.1582114156416218,0,14.057251975103897,0,39.89704100000017
30,2,2,14.05,761,120,5562,5080,0.9133405249910105,0.8847845206684257,482,4.587826086956522,4215.734117357116,4252.685050015313,4867,0.916819012797075,0.9124519372966577,0.9126034958601656,0.004367075500417261,14.370190765358275,0.15820653160036152,0,14.057258849305734,0,36.913540999999896
30,2,2,14.05,762,120,5581,5080,0.9102311413725139,0.8863436123348017,501,5.5956521739130425,4373.939033106422,4412.963334600033,4972,0.9108635097493036,0.9127055306427504,0.902502157031924,0.01020337361082635,14.370204717568278,0.15821187006024318,0,14.057252614503225,0,37.21208400000069
30,2,2,14.05,763,120,5663,5080,0.8970510330213668,0.8590947907771136,583,7.171304347826087,4805.399162497484,4842.035663856623,5652,0.8972125435540069,0.8972764949674363,0.8962181178540017,0.0010583771134345943,14.37016445839261,0.15821265846541163,0,14.057257088481274,0,38.37175000000025
30,2,2,14.05,764,120,5607,5078,0.905653647226681,0.903863432165319,529,5.348260869565217,4799.105182869057,4835.357993948804,5357,0.907928388746803,0.9070676691729324,0.8990081154192967,0.008920273327506334,14.373167479324758,0.15821241253240786,0,14.057249950600323,0,37.92045900000085
30,2,2,14.05,765,120,5792,5080,0.8770718232044199,0.8439597315436241,712,8.304782608695652,5877.1692129677795,5917.177085086124,6872,0.8793706293706294,0.877326565143824,0.8738656987295825,0.005504930641046846,14.37018103606758,0.15822240693471645,0,14.057250256637786,0,38.7627080000002
30,2,2,14.05,766,120,5708,5078,0.8896285914505957,0.8620394173093402,630,5.944782608695652,5462.7445964281205,5505.7538422887155,6361,0.8824546240276577,0.892678623934137,0.8878260869565218,0.010223999906479264,14.373178644557191,0.15821489426677196,0,14.057248026973681,0,40.97975000000042
30,2,2,14.05,767,120,5587,5079,0.9090746375514588,0.8816827344434707,508,6.298260869565218,4455.557687177204,4500.174007766782,5349,0.9077060931899642,0.908077154912598,0.9132697311361665,0.005563637946202293,14.382717650421037,0.1669010176907846,0,14.057257987657612,0,37.511375000000044
30,2,2,14.05,768,120,5588,5079,0.9089119541875448,0.8279835390946502,509,8.353043478260869,3830.7917621265965,3866.7394311570515,4722,0.9195298372513563,0.9068304373876572,0.9047202797202797,0.0148095575310766,14.382777220458685,0.16690562214435808,0,14.057261085980029,0,36.88774999999987
30,2,2,14.05,769,120,5673,5080,0.8954697690816147,0.825944170771757,593,9.54695652173913,4622.927063012331,4662.747756693495,5829,0.9026548672566371,0.8905649216208222,0.9027538726333907,0.01218895101256845,14.37018808655914,0.1582147971884731,0,14.057252968343855,0,38.10808399999951
30,2,2,14.05,770,120,5572,5079,0.9115218951902369,0.9375582479030755,493,3.102608695652174,4567.742930396291,4613.0440438362775,5026,0.907103825136612,0.9086839749328559,0.9243098842386465,0.017206059102034432,14.382751672079173,0.16689093667855398,0,14.05725507721057,0,37.62445800000023
30,2,2,14.5,741,120,5660,5232,0.9243816254416961,0.9126984126984127,428,4.3252173913043475,3702.8984883506632,3741.559789323181,4073,0.925893635571055,0.9260249554367201,0.9180470793374019,0.007977876099318215,15.062380018485152,0.16123710120653367,0,14.436435585971546,0,38.246791999999914
30,2,2,14.5,742,120,5466,5232,0.9571899012074643,0.9307553956834532,234,1.8178260869565217,2142.2816235663654,2184.44773447723,2332,0.9541627689429373,0.9580526638089406,0.9575596816976127,0.0038898948660033295,15.074920133235224,0.1491381815128798,0,14.43643779779218,0,37.324791999999434
30,2,2,14.5,743,120,5675,5232,0.9219383259911894,0.8816013628620102,443,5.599565217391303,3707.7074942811246,3744.2186128302906,4431,0.9108826049700086,0.9223648850403106,0.9318377911993098,0.020955186229301148,15.074944090633599,0.14914176470011714,0,14.436437989601991,0,37.681000000000495
30,2,2,14.5,744,120,5530,5232,0.9461121157323689,0.8861301369863014,298,5.854347826086957,2167.5278329182534,2200.8976269460895,2917,0.9474137931034483,0.9459541984732824,0.9452054794520548,0.002208313651393512,15.074839770631058,0.14913929464298592,0,14.436436376190827,0,49.0457920000008
30,2,2,14.5,745,120,5605,5232,0.9334522747546833,0.9102902374670184,373,5.074782608695652,3317.18187120736,3356.0104029836234,3999,0.9415992812219227,0.9289994008388256,0.938474870017331,0.012599880383097117,15.07491110688204,0.14914103525709713,0,14.436436982105944,0,42.41583400000127
30,2,2,14.5,746,120,5672,5232,0.922425952045134,0.8639398998330551,440,5.401739130434783,3389.226593180014,3427.94212395877,3998,0.9282627484874676,0.9179607383533548,0.9301270417422868,0.012166303388931987,15.062377444028968,0.16123632993949877,0,14.436435460618545,0,37.84995799999888
30,2,2,14.5,747,120,5618,5232,0.9312922748309007,0.8763759525825572,386,5.314347826086956,3169.95658254876,3205.302368514207,3724,0.9301503094606542,0.9321832242712671,0.9297777777777778,0.0024054464934892827,15.074881456573252,0.1491406820666746,0,14.436436943389952,0,37.07091600000058
30,2,2,14.5,748,120,5648,5232,0.9263456090651558,0.8937823834196891,416,4.2904347826086955,3556.3365629005434,3592.749276278726,4135,0.9301270417422868,0.9223357664233577,0.9348795718108831,0.01254380538752542,15.074924172364305,0.1491418359842916,0,14.436437135380478,0,37.799833000000945
30,2,2,14.5,749,120,5717,5232,0.91516529648417,0.9110915492957746,485,4.21304347826087,4298.736745914045,4334.9176541793095,4866,0.9332176929748482,0.9121326738434682,0.9059449866903283,0.027272706284519943,15.074935298248123,0.14914122219898304,0,14.436434118329274,0,38.688334000000395
30,2,2,14.5,750,120,5498,5232,0.9516187704619862,0.9143109540636042,266,3.405652173913043,2161.4195974365884,2193.0250821075374,2622,0.95,0.949569495694957,0.9593128390596745,0.009743343364717494,15.062434423189664,0.16123861863248354,0,14.436433557172103,0,37.79091700000026
30,2,2,14.5,751,120,5687,5232,0.9199929664146299,0.8504519309778144,455,6.979130434782608,3450.734987433193,3487.292983914893,4446,0.921832884097035,0.9160035366931919,0.9297205757832345,0.013717039090042626,15.074923613495143,0.14913941012166507,0,14.436439354903634,0,38.710916
30,2,2,14.5,752,120,5530,5232,0.9461121157323689,0.9282511210762332,298,2.4326086956521737,2546.5257515282265,2582.770470625645,2872,0.9412296564195298,0.9464995414246408,0.9496964440589766,0.008466787639446749,15.074785646687275,0.14914131952543336,0,14.43643720385929,0,36.66462499999943
30,2,2,14.5,753,120,5559,5232,0.9411764705882353,0.8985255854293148,327,4.667391304347826,2573.028192658555,2611.711975814734,3095,0.9453125,0.9433222791679228,0.9302752293577982,0.015037270642201839,15.099742305548432,0.126332987256781,0,14.478104922976827,0,36.97204199999942
30,2,2,14.5,754,120,5625,5232,0.9301333333333334,0.8899398108340498,393,4.527826086956522,3397.480310525791,3437.8381575286744,3942,0.9225159525979946,0.9312388855957321,0.9341421143847487,0.01162616178675413,15.062379952722898,0.1612369250257026,0,14.43643492765883,0,37.758583000000726
30,2,2,14.5,755,120,5734,5232,0.9124520404604116,0.8861301369863014,502,5.114347826086957,4274.8618431340665,4316.968897116892,5052,0.9099821746880571,0.9141122035858879,0.9098786828422877,0.004233520743600172,15.062296187638239,0.16123519788354354,0,14.43643564958001,0,40.31145800000013
30,2,2,14.5,756,120,5588,5232,0.9362920544022906,0.8719460825610783,356,6.582608695652173,2617.4961987359266,2652.183921908991,3316,0.9402852049910874,0.9372210651591788,0.9294117647058824,0.010873440285204983,15.074867414583567,0.1491413323689073,0,14.436435036733734,0,37.079125000000204
30,2,2,14.5,757,120,5635,5232,0.9284826974267968,0.9094903339191565,403,4.150434782608696,3503.710610267511,3541.5879268496938,4030,0.92573402417962,0.9295774647887324,0.9280701754385965,0.0038434406091123474,15.062327293461843,0.16123776813886345,0,14.4364360025476,0,37.33412500000122
30,2,2,14.5,758,120,5502,5232,0.95092693565976,0.9192546583850931,270,3.8217391304347825,2147.0142555214543,2187.896998346592,2629,0.9545454545454546,0.9494092699182066,0.9518619436875567,0.005136184627247964,15.099900138957578,0.1263041555589262,0,14.478101812852904,0,36.62366699999984
30,2,2,14.5,759,120,5704,5232,0.9172510518934082,0.8574979287489644,472,6.36086956521739,3702.931382629502,3740.1480175664947,4546,0.913601368691189,0.9153936545240893,0.9266136162687887,0.013012247577599667,15.0748601164834,0.14914120797462505,0,14.436435869571108,0,37.70799999999872
30,2,2,14.5,760,120,5753,5232,0.9094385537980184,0.8682885906040269,521,5.667391304347826,4313.131760141071,4356.130177502469,4838,0.9076655052264808,0.9090380703283929,0.9123711340206185,0.004705628794137717,15.062311962054437,0.161235481000375,0,14.436440754263975,0,39.90837500000089
30,2,2,14.5,761,120,5562,5232,0.9406688241639698,0.9102902374670184,330,3.2747826086956513,2852.712425690321,2886.7162185536654,3300,0.9414990859232175,0.9390712806861875,0.9448022079116836,0.005730927225496063,15.074915548697556,0.14913929662561867,0,14.436438902640655,0,37.32899999999972
30,2,2,14.5,762,120,5581,5232,0.9374664038702741,0.9118942731277533,349,4.282608695652174,2971.9424713208055,3010.1920176249682,3454,0.9405756731662024,0.9396113602391629,0.9283865401207938,0.012189133045408584,15.074943035156197,0.14914018922678762,0,14.436434941898755,0,37.34241699999984
30,2,2,14.5,763,120,5663,5232,0.9238919300723998,0.8838599487617421,431,5.8582608695652185,3499.1063462858424,3536.8588986762697,4370,0.9207317073170732,0.923919478981646,0.9270008795074758,0.006269172190402572,15.074849991084582,0.1491393931942696,0,14.43643649112697,0,37.221833999999944
30,2,2,14.5,764,120,5607,5232,0.933119315141787,0.9299191374663073,375,4.035217391304348,3374.877490564241,3412.5296554176434,3868,0.9343563512361467,0.9341353383458647,0.9287646528403968,0.005591698395749911,15.074929582039232,0.1491424752477062,0,14.436434497141414,0,37.67487500000061
30,2,2,14.5,765,120,5792,5232,0.9033149171270718,0.8682885906040269,560,6.991739130434782,4596.519295187033,4640.231320028165,5417,0.8968531468531469,0.9055273547659335,0.9029038112522686,0.008674207912786613,15.074871839384995,0.14914144540994634,0,14.436434080171601,0,39.295624999998836
30,2,2,14.5,766,120,5708,5232,0.9166082690960056,0.8868894601542416,476,4.631739130434783,4140.266199759027,4182.132955122293,4865,0.9118409680207433,0.9194354601587769,0.9130434782608695,0.007594492138033537,15.062377086812802,0.16123818198257886,0,14.436434951363532,0,38.35008300000118
30,2,2,14.5,767,120,5587,5232,0.9364596384463935,0.9070990359333918,355,5.031739130434782,3104.544737785259,3145.034144271387,3663,0.9408602150537635,0.9333936106088004,0.9410234171725932,0.0076298065637927515,15.062505807611808,0.16104146331254693,0,14.436439832649745,0,37.10429099999965
30,2,2,14.5,768,120,5588,5232,0.9362920544022906,0.8526748971193415,356,7.097826086956522,2477.991165654537,2515.32472913923,3273,0.9448462929475587,0.9343918514080287,0.9335664335664335,0.01127985938112519,15.099827383754997,0.1263193590742376,0,14.478102875641596,0,36.318624999999884
30,2,2,14.5,769,120,5673,5232,0.9222633527234267,0.8497536945812808,441,8.23391304347826,3381.882451060585,3423.064278176925,4456,0.9283185840707965,0.9174800354924578,0.9302925989672978,0.012812563474839944,15.074903353692363,0.14914103533767978,0,14.436436464078481,0,37.31108400000085
30,2,2,14.5,770,120,5572,5232,0.9389806173725772,0.9645852749301025,340,1.8469565217391304,3194.2612884402843,3232.8762027557896,3554,0.9380692167577414,0.9370337212772307,0.9456812110418522,0.008647489764621485,15.074953677022803,0.14913805991849702,0,14.436434932433981,0,38.74833299999955
30,2,2,15,741,120,5660,5360,0.9469964664310954,0.9638447971781305,300,2.063913043478261,2673.538305880282,2720.8112973844977,2865,0.949433304272014,0.9500891265597148,0.9354838709677419,0.014605255591972899,21.190976142500023,0.5252897016449751,0,15.27771540462681,0,38.5380839999998
30,2,2,15,742,120,5466,5348,0.9784120014635931,0.9820143884892086,118,-0.4926086956521739,1211.4549522710172,1252.8768725804769,972,0.971000935453695,0.9788732394366197,0.9840848806366048,0.013083945182909784,22.440691096398467,0.5943488037706728,0,15.318965920962137,0,37.82749999999942
30,2,2,15,743,120,5675,5361,0.9446696035242291,0.9318568994889267,314,3.2021739130434783,2742.0836146354377,2784.8565837966125,3301,0.9323050556983719,0.9444610331442221,0.9577221742881795,0.025417118589807663,21.09136791002238,0.6854976811939768,0,15.319381337570789,0,38.17250000000058
30,2,2,15,744,120,5530,5350,0.9674502712477396,0.9366438356164384,180,3.5034782608695654,1297.3549770231998,1336.5334643049928,1751,0.9724137931034482,0.9651908396946565,0.9689497716894977,0.007222953408791755,21.9649080913677,0.7685855719592896,0,15.319382456541332,0,36.91062500000044
30,2,2,15,745,120,5605,5341,0.9528991971454059,0.961301671064204,264,2.7265217391304346,2527.722567212932,2569.2353222812176,2966,0.9577717879604672,0.9499700419412822,0.9566724436741768,0.007801746019185041,22.998141596817288,0.7102711133205033,0,15.27771552744619,0,39.32658299999821
30,2,2,15,746,120,5672,5362,0.9453455571227081,0.9131886477462438,310,3.0386956521739132,2418.378961757627,2457.446329908135,2774,0.9472774416594641,0.9416935247582772,0.9546279491833031,0.012934424425025903,21.165248491540225,0.6057201379934058,0,15.319381618833619,0,39.25220900000204
30,2,2,15,747,120,5618,5347,0.9517621929512282,0.9254868755292125,271,2.9200000000000004,2310.756667034157,2354.0472905920433,2649,0.9451812555260831,0.9527067221891731,0.9555555555555556,0.010374300029472483,22.492142198399964,0.5913461168827583,0,15.277716646849328,0,37.15387499999997
30,2,2,15,748,120,5648,5372,0.9511331444759207,0.9464594127806563,276,1.793043478260869,2460.842609224252,2501.2030621142244,2699,0.9509981851179673,0.948029197080292,0.9607493309545049,0.012720133874212891,20.105500164591984,0.7465543170728131,0,15.31979543979554,0,37.781042000002344
30,2,2,15,749,120,5717,5359,0.9373797446213049,0.9621478873239436,358,1.9004347826086956,3309.3525277207204,3346.137346278734,3509,0.9479618386816999,0.936572592377073,0.9290150842945873,0.018946754387112574,21.21760829337078,0.6006381514402996,0,15.277715693017688,0,38.04974999999831
30,2,2,15,750,120,5498,5318,0.9672608221171335,0.9690812720848057,180,0.9404347826086956,1600.1265960385,1638.1209567794083,1754,0.9649122807017544,0.9664821648216482,0.9719710669077758,0.007058786206021406,25.560987150433586,0.7435581291410535,0,15.320005910263808,0,38.127707999999984
30,2,2,15,751,120,5687,5332,0.937576929839986,0.8981101068200493,355,4.618695652173913,2790.8960824095143,2831.8723464363743,3483,0.9442946990116802,0.9336870026525199,0.9424216765453006,0.010607696359160257,23.94346793769179,0.6057827525650268,0,15.319172015756857,0,38.30279100000189
30,2,2,15,752,120,5530,5354,0.9681735985533454,0.979372197309417,176,0.11739130434782609,1580.152332183508,1621.893871354467,1655,0.9647377938517179,0.9685111586670743,0.9705117085862967,0.005773914734578778,21.809681952394246,0.6673054177741065,0,15.318964634162386,0,38.08412500000122
30,2,2,15,753,120,5559,5337,0.9600647598488937,0.9505637467476149,222,2.147391304347826,1831.6258338069113,1869.7623244012902,2052,0.9635416666666666,0.9617123907145011,0.9513761467889909,0.012165519877675779,23.679876036356998,0.683944195965243,0,15.27833684533249,0,37.31199999999808
30,2,2,15,754,120,5625,5351,0.9512888888888889,0.94067067927773,274,2.1469565217391304,2505.4082255091503,2551.6052104339856,2798,0.9443938012762079,0.950207468879668,0.9610051993067591,0.016611398030551228,22.20177400041005,0.5767121010383671,0,15.277924768303636,0,37.8135829999992
30,2,2,15,755,120,5734,5374,0.9372166027206139,0.9357876712328768,360,2.763478260869565,3154.892393022871,3194.5210332580195,3443,0.9349376114081996,0.9398496240601504,0.9315424610051993,0.00830716305495105,19.94102864956028,0.6007607249268646,0,15.236259459928428,0,40.007166999999754
30,2,2,15,756,120,5588,5349,0.9572297780959198,0.9208087615838247,239,4.119565217391305,1750.000201900275,1794.6753970889406,2325,0.9572192513368984,0.9568580779529902,0.9583710407239819,0.001512962770991777,22.17548868980073,0.6795056379559786,0,15.277715685708927,0,37.87816699999894
30,2,2,15,757,120,5635,5353,0.9499556344276842,0.961335676625659,282,1.7291304347826086,2594.155147455289,2634.8158445704403,2697,0.9481865284974094,0.9490560383578064,0.9543859649122807,0.006199436414871307,22.00005381623008,0.6536407391037897,0,15.319381133975627,0,37.40191699999923
30,2,2,15,758,120,5502,5308,0.9647400945110869,0.9733806566104702,194,1.3108695652173914,1700.3772300906346,1741.6129853856912,1895,0.9663636363636363,0.9639503180854286,0.9654859218891917,0.0024133182782076767,26.697324634953798,0.7203068538581358,0,15.361462815725003,0,37.277084000001196
30,2,2,15,759,120,5704,5368,0.94109396914446,0.9072079536039768,336,3.9517391304347824,2718.221773562384,2758.6569121998236,3312,0.9349871685201027,0.9397767332549941,0.9513704686118479,0.016383300091745268,20.47364323534862,0.5910162771346419,0,15.278133777431345,0,37.8224999999984
30,2,2,15,760,120,5753,5370,0.9334260385885624,0.9177852348993288,383,3.2269565217391305,3241.608068081068,3287.774547505249,3641,0.9259581881533101,0.9343214181923859,0.9381443298969072,0.012186141743597112,20.258329104802062,0.7555342116760808,0,15.360839950192029,0,40.123124999998254
30,2,2,15,761,120,5562,5359,0.963502337288745,0.9630606860158312,203,0.7460869565217392,1863.4671873641976,1902.8797896465012,1910,0.9707495429616088,0.9594794439514936,0.968721251149954,0.011270099010115109,21.330669889449315,0.7063102746777438,0,15.319589678740273,0,36.761500000000524
30,2,2,15,762,120,5581,5321,0.9534133667801469,0.9674008810572687,260,1.7304347826086957,2377.0785567951707,2416.322045516618,2597,0.9637883008356546,0.9542600896860987,0.9413287316652287,0.022459569170425908,25.25803739239683,0.8277613195991077,0,15.403128122062048,0,37.13516600000003
30,2,2,15,763,120,5663,5359,0.9463182058979339,0.9342442356959864,304,3.4195652173913045,2563.948944382919,2607.373390063415,2931,0.9486062717770035,0.9458259325044405,0.9454705364995603,0.0031357352774432634,21.494502982309854,0.6781273918569681,0,15.360839621700505,0,37.30241599999863
30,2,2,15,764,120,5607,5367,0.9571963616907437,0.9820305480682839,240,1.6856521739130435,2275.505114536846,2310.830427190367,2418,0.9616368286445013,0.9566917293233083,0.9540126239855726,0.007624204658928657,20.384153261892966,0.695095029900715,0,15.319172489403973,0,38.17225000000326
30,2,2,15,765,120,5792,5357,0.924896408839779,0.9161073825503355,435,4.626956521739131,3676.3587579773266,3722.0541995347,4281,0.9187062937062938,0.9278059785673999,0.9219600725952813,0.009099684861106128,21.342471932208074,0.6240501725394544,0,15.277507877679868,0,40.01204100000177
30,2,2,15,766,120,5708,5377,0.9420112123335669,0.9365895458440445,331,2.2817391304347825,3024.0457388102277,3067.940261465769,3451,0.9334485738980121,0.9458982652161129,0.9391304347826087,0.012449691318100808,19.48690785648871,0.6030255785694613,0,15.319174459370094,0,39.18962500000271
30,2,2,15,767,120,5587,5337,0.9552532665115446,0.9605609114811569,250,2.5530434782608697,2348.8025464288553,2393.108900058481,2591,0.9578853046594982,0.9541892706449668,0.955767562879445,0.0036960340145313353,23.52865039072384,0.678216252124741,0,15.278339521532347,0,37.72783300000083
30,2,2,15,768,120,5588,5326,0.9531138153185398,0.8995884773662551,262,4.703913043478261,1838.5338857289405,1880.4966274167691,2438,0.961121157323689,0.951467944877172,0.9501748251748252,0.010946332148863758,24.54906514363186,0.5589955736891619,0,15.236258017832142,0,36.443333000002895
30,2,2,15,769,120,5673,5326,0.9388330689229685,0.8990147783251231,347,5.799565217391304,2808.3182624645306,2847.576497915599,3605,0.9451327433628318,0.9334516415261757,0.9483648881239243,0.01491324659774862,24.764980345624547,0.5855337808384091,0,15.319588011979441,0,37.32783399999971
30,2,2,15,770,120,5572,5332,0.9569274946159368,1.0232991612301958,240,-0.7421739130434782,2486.465263120638,2531.8030554917486,2407,0.9553734061930783,0.9570277529095792,0.9581478183437222,0.00277441215064389,24.147827913791264,0.7381988101225859,0,15.278754504893094,0,38.33474999999817
30,2,2,15.5,741,120,5660,5368,0.9484098939929329,0.9700176366843033,292,1.6495652173913042,2636.7065204961364,2680.38329795291,2792,0.951176983435048,0.9515745692216281,0.9363557105492589,0.015218858672369162,36.60144861941712,0.21823309201639668,0,15.445000728919233,0,38.82729200000176
30,2,2,15.5,742,120,5466,5363,0.9811562385656788,0.987410071942446,103,-0.7178260869565217,1069.9734378220455,1111.1297890998783,835,0.9738072965388214,0.9822412737293326,0.9849690539345711,0.01116175739574976,36.76721967931285,0.21267462742705862,0,15.444583785221694,0,36.6683329999978
30,2,2,15.5,743,120,5675,5381,0.9481938325991189,0.9378194207836457,294,2.9343478260869564,2584.119820942785,2628.507858306414,3115,0.9391602399314481,0.9465512093162138,0.9620362381363244,0.02287599820487629,35.077324482076875,0.30089957724073496,0,15.362292355745664,0,38.262416999998095
30,2,2,15.5,744,120,5530,5364,0.9699819168173599,0.940068493150685,166,3.303913043478261,1177.5567048115445,1217.6281370337556,1610,0.9732758620689655,0.9685496183206107,0.9707762557077626,0.004726243748354841,36.69096268673833,0.40719611621823293,0,15.32021114239547,0,36.601041999998415
30,2,2,15.5,745,120,5605,5356,0.9555753791257805,0.9683377308707124,249,2.389130434782609,2422.4806740427566,2460.0255409357983,2806,0.958670260557053,0.9532654284002396,0.9592720970537262,0.0060066686534865354,37.61458048649041,0.26146012902723115,0,15.403748321040661,0,39.75212499999907
30,2,2,15.5,746,120,5672,5375,0.9476375176304654,0.9156928213689483,297,2.9260869565217393,2297.377876901537,2337.28386136701,2579,0.9490060501296457,0.9440375036624671,0.957350272232305,0.013312768569837874,35.56750736305983,0.4204281818757991,0,15.278547203814648,0,38.21399999999994
30,2,2,15.5,747,120,5618,5364,0.9547881808472766,0.9322607959356477,254,2.611739130434783,2191.835689660456,2238.470385298358,2511,0.9504862953138815,0.955086258179655,0.9582222222222222,0.0077359269083406845,37.08143205590203,0.2252524310531617,0,15.445208001816388,0,37.20483400000012
30,2,2,15.5,748,120,5648,5381,0.9527266288951841,0.9507772020725389,267,1.5808695652173914,2400.7694360956466,2437.699586015861,2617,0.9519056261343013,0.9497810218978102,0.9625334522747547,0.012752430376944512,35.26346075631816,0.21358167199102207,0,15.362291049756616,0,38.19962499999747
30,2,2,15.5,749,120,5717,5375,0.9401784152527549,0.9691901408450704,342,1.5539130434782609,3191.143093319136,3232.328056150483,3324,0.9505637467476149,0.9397730578993309,0.9307897071872228,0.019774039560392143,35.894941315188646,0.3104719793652793,0,15.486666441179779,0,38.206207999999606
30,2,2,15.5,750,120,5498,5332,0.9698072026191342,0.9717314487632509,166,0.7734782608695652,1477.5856524631029,1517.1231837915768,1597,0.9692982456140351,0.9683271832718328,0.9746835443037974,0.006356361031964686,39.167664594985276,0.1441522830849439,0,15.486455061197347,0,37.88291599999866
30,2,2,15.5,751,120,5687,5348,0.9403903639880429,0.9071487263763353,339,4.1726086956521735,2706.2517466539425,2746.807248011273,3362,0.9469901168014375,0.9363395225464191,0.9458086367485182,0.010650594255018464,38.51240713133226,0.1932923510290414,0,15.404372655285828,0,38.59400000000096
30,2,2,15.5,752,120,5530,5373,0.9716094032549729,0.9865470852017937,157,-0.19086956521739135,1422.1499887530053,1464.1328664192097,1442,0.9683544303797469,0.9712626108223785,0.9757155247181266,0.007361094338379726,35.94665746835654,0.2821169132640394,0,15.445000017516586,0,36.411542000001646
30,2,2,15.5,753,120,5559,5348,0.962043533009534,0.9531656548135299,211,2.0321739130434784,1734.1430998629285,1773.4611128590795,1880,0.9661458333333334,0.9632197769068436,0.9541284403669725,0.01201739296636084,38.44663424995466,0.3027772240242082,0,15.403334399201805,0,36.80708299999969
30,2,2,15.5,754,120,5625,5366,0.9539555555555556,0.9466895958727429,259,1.8308695652173914,2391.5657438682038,2434.534211620737,2644,0.9471285323609845,0.9528749259039715,0.9636048526863085,0.01647632032532398,36.66797237167601,0.2911112544674687,0,15.362289979163707,0,37.46220799999719
30,2,2,15.5,755,120,5734,5391,0.9401813742588071,0.9383561643835616,343,2.6995652173913043,2982.979965380672,3028.1376232652106,3258,0.9402852049910874,0.9427414690572585,0.9324090121317158,0.010332456925542743,34.07506788214311,0.5767408156163146,0,15.278336968269725,0,40.777791999997135
30,2,2,15.5,756,120,5588,5358,0.958840372226199,0.9258635214827295,230,4.0373913043478264,1706.170623206508,1747.3892402129413,2220,0.9572192513368984,0.9595358524248736,0.9583710407239819,0.0023166010879751564,37.28571804626898,0.2840779947574995,0,15.44479002081328,0,37.519124999998894
30,2,2,15.5,757,120,5635,5370,0.9529724933451642,0.9666080843585237,265,1.5226086956521738,2452.301107308879,2495.042836544792,2557,0.9525043177892919,0.9520527419838178,0.956140350877193,0.0040876088933751165,36.23829592021804,0.3341422907386911,0,15.362084777487205,0,38.390417000002344
30,2,2,15.5,758,120,5502,5328,0.9683751363140676,0.976929902395741,174,1.1365217391304347,1508.3621178621324,1549.9595700141874,1713,0.9718181818181818,0.9669797031202666,0.9691189827429609,0.004838478697915205,39.02551774295987,0.1462906341956533,0,15.486665327952615,0,37.02741700000115
30,2,2,15.5,759,120,5704,5378,0.9428471248246845,0.9121789560894781,326,3.699130434782609,2638.6326896114933,2679.337231447472,3235,0.9349871685201027,0.9424206815511164,0.9522546419098143,0.017267473389711685,35.57866418362892,0.24630907600889174,0,15.362293089586208,0,38.21441699999923
30,2,2,15.5,760,120,5753,5382,0.9355119068312185,0.9219798657718121,371,3.053913043478261,3140.9891920382443,3182.4275160961165,3475,0.9294425087108014,0.93606509735542,0.9398625429553265,0.01042003424452509,35.03705796254162,0.18217353698782823,0,15.403333643339778,0,40.92199999999866
30,2,2,15.5,761,120,5562,5369,0.9653002517080187,0.9665787159190853,193,0.6326086956521739,1787.2725820361745,1823.477939621107,1811,0.9716636197440585,0.9621413782904467,0.968721251149954,0.009522241453611802,36.22530520332416,0.21253545282094782,0,15.3618774265286,0,37.48345799999879
30,2,2,15.5,762,120,5581,5328,0.9546676222899122,0.9718061674008811,253,1.4860869565217392,2345.5480420227277,2383.530656672019,2563,0.9647168059424327,0.9554559043348281,0.9430543572044866,0.021662448737946094,39.064710859337005,0.17019987246673215,0,15.487079403640493,0,36.939375000001746
30,2,2,15.5,763,120,5663,5371,0.9484372240861734,0.9393680614859095,292,3.151739130434782,2454.7136453279268,2500.1336347768,2814,0.9512195121951219,0.9476021314387212,0.9481090589270009,0.003617380756400723,36.16021113901215,0.3443827708174047,0,15.40354108414516,0,37.54529099999854
30,2,2,15.5,764,120,5607,5381,0.959693240592117,0.9847259658580413,226,1.5460869565217392,2154.7551509487657,2193.703391803963,2263,0.9650468883205456,0.9584962406015037,0.957619477006312,0.007427411314233634,34.94897164069206,0.5533097711997178,0,15.278337510395652,0,37.53733300000022
30,2,2,15.5,765,120,5792,5379,0.9286947513812155,0.9211409395973155,413,4.469130434782609,3500.435603928164,3546.637002535386,4084,0.923951048951049,0.9306260575296108,0.9274047186932849,0.006675008578561847,35.0884989161051,0.36045771547472455,0,15.361669281054859,0,40.409708999999566
30,2,2,15.5,766,120,5708,5395,0.9451646811492642,0.9400171379605827,313,2.1073913043478263,2867.7441092050863,2908.751009913782,3199,0.9377700950734659,0.9482505145545428,0.9434782608695652,0.010480419481076919,33.510357539266955,0.25574937492868743,0,15.36145986178682,0,38.62758400000166
30,2,2,15.5,767,120,5587,5344,0.9565061750492214,0.964943032427695,243,2.3434782608695652,2311.2308696071436,2355.4018281479507,2526,0.9623655913978495,0.9547920433996383,0.955767562879445,0.007573547998211194,38.67772346769999,0.2390797640034528,0,15.403747198168007,0,37.40837499999907
30,2,2,15.5,768,120,5588,5340,0.9556191839656406,0.902880658436214,248,4.556956521739131,1734.8491166109268,1775.4700681425022,2269,0.9620253164556962,0.9538645895745955,0.9545454545454546,0.0081607268811007,39.2272917626457,0.4006077836979829,0,15.320000487937762,0,36.7578330000033
30,2,2,15.5,769,120,5673,5337,0.940772078265468,0.90311986863711,336,5.597391304347827,2733.1106962675963,2774.9660745947,3544,0.9460176991150443,0.9358178053830227,0.9500860585197934,0.014268253136770714,39.04897155967172,0.2053441835774628,0,15.486458020878922,0,38.15308300000106
30,2,2,15.5,770,120,5572,5345,0.9592605886575736,1.0260950605778192,227,-0.861304347826087,2361.50174127858,2408.9034563306463,2324,0.9581056466302368,0.9591166815875858,0.9608192341941229,0.0027135875638860663,38.57501477511643,0.1937605840065453,0,15.403751633988378,0,38.04729199999929
30,2,2,16,741,120,5660,5372,0.9491166077738515,0.9691358024691358,288,1.71,2579.242771848215,2619.4738672000412,2774,0.951176983435048,0.9521687462863934,0.9380993897122929,0.014069356574100467,39.97929048702894,0.029731627454250096,0.625,15.486250292689718,0,39.10029199999917
30,2,2,16,742,120,5466,5365,0.9815221368459568,0.9892086330935251,101,-0.782608695652174,1065.572712573612,1107.6063068101455,833,0.9747427502338635,0.9825474586650337,0.9849690539345711,0.01022630370070765,39.92206826773796,0.0906376881449397,0.3333333333333333,15.81812127069779,0,36.72491600000285
30,2,2,16,743,120,5675,5381,0.9481938325991189,0.9361158432708688,294,3.027391304347826,2578.0879929347475,2621.7828648830623,3115,0.9391602399314481,0.9465512093162138,0.9620362381363244,0.02287599820487629,39.98493935782199,0.025512301730204693,0.7083333333333334,15.444790065012912,0,37.918290999998135
30,2,2,16,744,120,5530,5372,0.9714285714285714,0.9417808219178082,158,3.2569565217391303,1119.9532709797181,1156.6621724187182,1524,0.9758620689655172,0.9697709923664122,0.971689497716895,0.006091076599105016,39.984938917321614,0.025512834732733265,0.7083333333333334,15.44499999998785,0,36.31379200000083
30,2,2,16,745,120,5605,5354,0.9552185548617306,0.9683377308707124,251,2.356521739130435,2443.545344951659,2483.0127111097822,2836,0.958670260557053,0.9526662672258838,0.9592720970537262,0.006605829827842413,39.95293520968774,0.05408704500847038,0.4583333333333333,15.776866140594615,0,37.571625000000495
30,2,2,16,746,120,5672,5382,0.9488716502115656,0.9181969949916527,290,2.777391304347826,2251.2169934419258,2290.1624454932885,2527,0.9507346585998271,0.9455024904775857,0.957350272232305,0.011847781754719233,39.97552494200223,0.032580571636777744,0.5833333333333334,15.652288692173009,0,37.66883299999972
30,2,2,16,747,120,5618,5368,0.955500177999288,0.930567315834039,250,2.6908695652173913,2138.2163880794737,2179.962871236096,2467,0.9513704686118479,0.9559785841760856,0.9582222222222222,0.006851753610374267,39.96611195880879,0.04469031185992583,0.5416666666666666,15.652080352765763,0,37.15825000000041
30,2,2,16,748,120,5648,5391,0.9544971671388102,0.9507772020725389,257,1.6308695652173912,2306.0214135809547,2339.536300257037,2452,0.9546279491833031,0.9515328467153285,0.9634255129348795,0.011892666219551096,39.96423095515926,0.05325904455634618,0.5833333333333334,15.611035771750613,0,37.640041999999085
30,2,2,16,749,120,5717,5375,0.9401784152527549,0.9683098591549296,342,1.546521739130435,3189.4633894381273,3230.304864900845,3324,0.9505637467476149,0.9397730578993309,0.9307897071872228,0.019774039560392143,39.96422895550908,0.03992629252985512,0.4583333333333333,15.735206074175714,0,39.57016699999804
30,2,2,16,750,120,5498,5336,0.9705347399054202,0.9726148409893993,162,0.7234782608695652,1432.8919476071824,1474.801318133672,1532,0.9692982456140351,0.9695571955719557,0.9746835443037974,0.005385298689762341,39.90176113020453,0.10950775965763394,0.3333333333333333,15.693952867817027,0,41.251000000000204
30,2,2,16,751,120,5687,5348,0.9403903639880429,0.905505341002465,339,4.21,2705.604256406701,2744.9298169450826,3362,0.9469901168014375,0.9363395225464191,0.9458086367485182,0.010650594255018464,39.947285208472124,0.06343561735491667,0.4166666666666667,15.735619886562068,0,38.24433399999907
30,2,2,16,752,120,5530,5376,0.9721518987341772,0.9865470852017937,154,-0.16478260869565212,1392.16936285354,1431.6660004420053,1427,0.9683544303797469,0.9721797615408132,0.9757155247181266,0.007361094338379726,39.93975565843175,0.068804489904203,0.4166666666666667,15.776659072362536,0,37.566665999998804
30,2,2,16,753,120,5559,5353,0.9629429753552797,0.9540329575021682,206,1.9865217391304348,1683.169097671684,1723.2361472769044,1829,0.9661458333333334,0.9644256858607175,0.955045871559633,0.011099961773700318,39.969876999155225,0.04742148940143981,0.5833333333333334,15.61082854810415,0,37.45933299999888
30,2,2,16,754,120,5625,5366,0.9539555555555556,0.9466895958727429,259,1.85,2387.1035684351127,2429.9763630400435,2644,0.9471285323609845,0.9528749259039715,0.9636048526863085,0.01647632032532398,39.95670076814184,0.04891585450302317,0.4166666666666667,15.735407508682385,0,37.59333300000071
30,2,2,16,755,120,5734,5395,0.9408789675619114,0.940068493150685,339,2.5321739130434784,2950.436726696094,2996.2972061356872,3212,0.9411764705882353,0.9433198380566802,0.9332755632582322,0.010044274798447939,39.96611142017634,0.04052445928142076,0.5,15.610414412316146,0,40.71437499999956
30,2,2,16,756,120,5588,5367,0.9604509663564782,0.9267059814658803,221,3.9317391304347824,1625.0568713384932,1662.86746185701,2124,0.9572192513368984,0.9607259744123773,0.96289592760181,0.005676676264911529,39.927433866993084,0.09838854293155164,0.4583333333333333,15.652287274096158,0,37.24137499999779
30,2,2,16,757,120,5635,5370,0.9529724933451642,0.9657293497363796,265,1.5708695652173914,2430.8420307102447,2474.883085574273,2557,0.9525043177892919,0.9520527419838178,0.956140350877193,0.0040876088933751165,39.95293382780908,0.06317194454837487,0.5,15.56916270355943,0,37.2242499999993
30,2,2,16,758,120,5502,5320,0.9669211195928753,0.9751552795031055,182,1.2239130434782608,1581.4325735220086,1624.5404108728026,1811,0.97,0.9657679491063315,0.9673024523160763,0.004232050893668515,39.983055985259,0.02601608714944453,0.6666666666666666,15.48624865430705,0,36.18016599999828
30,2,2,16,759,120,5704,5388,0.9446002805049089,0.9105219552609777,316,3.7656521739130433,2539.660512316841,2577.8935424544816,3169,0.9358426005132592,0.9438895417156287,0.9557913351016799,0.019948734588420725,39.981173233627935,0.02954404318587186,0.6666666666666666,15.569162970763058,0,37.247041999999055
30,2,2,16,760,120,5753,5385,0.9360333738918825,0.9219798657718121,368,3.0569565217391306,3113.2981983141162,3155.309864473437,3464,0.9303135888501742,0.936646323743098,0.9398625429553265,0.009548954105152219,39.97175991400696,0.04769307773394666,0.625,15.610622627834081,0,40.888167000000976
30,2,2,16,761,120,5562,5370,0.9654800431499461,0.9674582233948988,192,0.6226086956521739,1787.0183397052854,1823.2912148266385,1779,0.9716636197440585,0.9624371487725525,0.968721251149954,0.009226470971505973,39.95481663715058,0.04803986189410322,0.4166666666666667,15.776661622713945,0,37.330707999997685
30,2,2,16,762,120,5581,5331,0.9552051603655259,0.9691629955947136,250,1.6008695652173912,2305.9518005912682,2343.46615258654,2536,0.9647168059424327,0.9557548579970104,0.9447799827437446,0.01993682319868806,39.95669878582067,0.052421692958816164,0.4583333333333333,15.69374558602957,0,37.775957999998354
30,2,2,16,763,120,5663,5375,0.9491435634822533,0.9402220324508966,288,3.182608695652174,2426.1616957481788,2469.6968572332244,2791,0.9512195121951219,0.9484902309058615,0.9489885664028144,0.0027292812892604212,39.96423048390248,0.03992495706066026,0.4583333333333333,15.65249205010943,0,38.3369160000002
30,2,2,16,764,120,5607,5392,0.9616550740146246,0.9901168014375562,215,1.3034782608695652,2071.429542438165,2113.9604601414067,2173,0.9658994032395567,0.9609022556390977,0.9594229035166817,0.0064764997228750065,39.949168947636174,0.05213738848010991,0.375,15.777075557046642,0,37.649499999999534
30,2,2,16,765,120,5792,5380,0.9288674033149171,0.9219798657718121,412,4.402608695652174,3506.059937256298,3550.51664904398,4067,0.923951048951049,0.9306260575296108,0.9283121597096189,0.006675008578561847,39.9616044245086,0.04255512785764506,0.4583333333333333,15.652081737295534,0,40.29862499999945
30,2,2,16,766,120,5708,5400,0.9460406447091801,0.9434447300771208,308,1.9765217391304348,2843.8572280658686,2884.745906202273,3150,0.9386343993085566,0.9491326080564539,0.9443478260869566,0.010498208747897309,39.89765610041554,0.10103611073583485,0.25,15.859786410212706,0,39.08324999999968
30,2,2,16,767,120,5587,5346,0.956864148917129,0.964943032427695,241,2.4126086956521737,2289.8712599217242,2332.0123535559323,2502,0.9623655913978495,0.9553948161543099,0.955767562879445,0.0069707752435396175,39.97364312501323,0.03504104925727251,0.5833333333333334,15.569579665595883,0,37.700417000000016
30,2,2,16,768,120,5588,5340,0.9556191839656406,0.902880658436214,248,4.549130434782609,1739.8922727351164,1779.7499778106746,2269,0.9620253164556962,0.9538645895745955,0.9545454545454546,0.0081607268811007,39.962345985104186,0.04551118956424054,0.5,15.568745165354526,0,36.6788340000021
30,2,2,16,769,120,5673,5340,0.9413008989952406,0.90311986863711,333,5.581304347826087,2702.764132848577,2745.359863118152,3489,0.9460176991150443,0.9367051168293404,0.9500860585197934,0.013380941690453008,39.93148242498537,0.09315113158078346,0.4583333333333333,15.693747640673559,0,37.34675000000061
30,2,2,16,770,120,5572,5340,0.9583632447954056,1.02143522833178,232,-0.5847826086956521,2402.296511471537,2452.465470402341,2372,0.9571948998178507,0.9579230080572964,0.9608192341941229,0.003624334376272187,39.979290669070245,0.03519884793157444,0.6666666666666666,15.44416859201079,0,37.1362500000032
30,2,2,17,741,120,5660,5372,0.9491166077738515,0.9691358024691358,288,1.71,2579.156118683462,2619.425624402636,2774,0.951176983435048,0.9521687462863934,0.9380993897122929,0.014069356574100467,40,0,1,15.48624976129537,0,38.07133299999987
30,2,2,17,742,120,5466,5371,0.9826198316867911,0.9892086330935251,95,-0.7930434782608695,1001.5532962669629,1048.0108867427277,812,0.9756782039289055,0.9837721984078384,0.9858532272325375,0.01017502330363207,40,0,1,15.52791874943206,0,37.50174999999945
30,2,2,17,743,120,5675,5387,0.9492511013215859,0.9352640545144804,288,3.082173913043478,2516.597581327278,2561.572527893501,3048,0.9400171379605827,0.9474469991042103,0.9637618636755824,0.023744725714999637,40,0,1,15.610412588197951,0,38.296540999999706
30,2,2,17,744,120,5530,5372,0.9714285714285714,0.9417808219178082,158,3.2595652173913043,1119.0794494652737,1156.1887937482054,1524,0.9758620689655172,0.9697709923664122,0.971689497716895,0.006091076599105016,40,0,1,15.445000531382197,0,42.29437500000131
30,2,2,17,745,120,5605,5354,0.9552185548617306,0.9674582233948988,251,2.437826086956522,2438.1576330429743,2476.791857167876,2836,0.958670260557053,0.9526662672258838,0.9592720970537262,0.006605829827842413,40,0,1,15.652286830589462,0,40.238124999999854
30,2,2,17,746,120,5672,5383,0.9490479548660085,0.9173622704507512,289,2.86,2237.125670886223,2277.027201303617,2521,0.9507346585998271,0.9457954878406094,0.957350272232305,0.01155478439169555,40,0,1,15.817911952109803,0,38.59479100000317
30,2,2,17,747,120,5618,5366,0.9551441794232823,0.9322607959356477,252,2.6565217391304343,2166.125056600172,2210.294253997111,2481,0.9504862953138815,0.9556811421772754,0.9582222222222222,0.0077359269083406845,40,0,1,15.569579452418102,0,38.12649999999849
30,2,2,17,748,120,5648,5390,0.9543201133144475,0.9499136442141624,258,1.6773913043478261,2307.710300688848,2341.779432562498,2472,0.9546279491833031,0.9512408759124088,0.9634255129348795,0.012184637022470746,40,0,1,15.610825547432723,0,37.919458000000304
30,2,2,17,749,120,5717,5375,0.9401784152527549,0.9683098591549296,342,1.5447826086956522,3189.187537050359,3229.8620261920973,3324,0.9505637467476149,0.9397730578993309,0.9307897071872228,0.019774039560392143,40,0,1,15.735205011387022,0,39.64099999999962
30,2,2,17,750,120,5498,5336,0.9705347399054202,0.9726148409893993,162,0.7234782608695652,1432.8919476071824,1474.801318133672,1532,0.9692982456140351,0.9695571955719557,0.9746835443037974,0.005385298689762341,40,0,1,15.693952867817027,0,38.74345800000083
30,2,2,17,751,120,5687,5344,0.9396870054510287,0.903861955628595,343,4.323478260869566,2727.795522084419,2766.9983347616962,3417,0.9460916442048517,0.9360447981137636,0.9441151566469094,0.01004684609108808,40,0,1,15.693743160834273,0,38.30712499999936
30,2,2,17,752,120,5530,5376,0.9721518987341772,0.9865470852017937,154,-0.16478260869565212,1392.16936285354,1431.6660004420053,1427,0.9683544303797469,0.9721797615408132,0.9757155247181266,0.007361094338379726,40,0,1,15.776659072362536,0,37.27362499999799
30,2,2,17,753,120,5559,5348,0.962043533009534,0.955767562879445,211,1.9417391304347826,1739.2787259722666,1779.2684756288345,1880,0.9661458333333334,0.9632197769068436,0.9541284403669725,0.01201739296636084,40,0,1,15.694160916693539,0,37.12920799999847
30,2,2,17,754,120,5625,5366,0.9539555555555556,0.9466895958727429,259,1.85,2387.117311244194,2429.991190057758,2644,0.9471285323609845,0.9528749259039715,0.9636048526863085,0.01647632032532398,40,0,1,15.735407508682385,0,39.24079200000051
30,2,2,17,755,120,5734,5397,0.9412277642134635,0.9417808219178082,337,2.4947826086956524,2949.825206819945,2995.4247929195058,3194,0.9420677361853832,0.9433198380566802,0.9341421143847487,0.009177723671931481,40,0,1,15.652287912983871,0,39.041957999997976
30,2,2,17,756,120,5588,5367,0.9604509663564782,0.9267059814658803,221,3.9234782608695653,1624.5296982620216,1662.2366450667103,2124,0.9572192513368984,0.9607259744123773,0.96289592760181,0.005676676264911529,40,0,1,15.61082887552574,0,37.2856670000001
30,2,2,17,757,120,5635,5370,0.9529724933451642,0.9657293497363796,265,1.5813043478260869,2429.2301250526193,2473.3503876208674,2557,0.9525043177892919,0.9520527419838178,0.956140350877193,0.0040876088933751165,40,0,1,15.610622888995742,0,38.00754200000301
30,2,2,17,758,120,5502,5320,0.9669211195928753,0.9751552795031055,182,1.2239130434782608,1581.4219757805972,1624.5454674183077,1811,0.97,0.9657679491063315,0.9673024523160763,0.004232050893668515,40,0,1,15.486248569629176,0,37.02062500000102
30,2,2,17,759,120,5704,5388,0.9446002805049089,0.9105219552609777,316,3.7656521739130433,2539.660512316841,2577.8935424544816,3169,0.9358426005132592,0.9438895417156287,0.9557913351016799,0.019948734588420725,40,0,1,15.569162970763058,0,39.74645800000144
30,2,2,17,760,120,5753,5385,0.9360333738918825,0.9219798657718121,368,3.0404347826086955,3114.265247762386,3156.325354061555,3464,0.9303135888501742,0.936646323743098,0.9398625429553265,0.009548954105152219,40,0,1,15.69353831351001,0,39.40924999999697
30,2,2,17,761,120,5562,5370,0.9654800431499461,0.9674582233948988,192,0.6226086956521739,1786.9624415033413,1823.2316845244025,1779,0.9716636197440585,0.9624371487725525,0.968721251149954,0.009226470971505973,40,0,1,15.776661417356538,0,36.899084000000585
30,2,2,17,762,120,5581,5331,0.9552051603655259,0.9691629955947136,250,1.6008695652173912,2305.764167842229,2343.2850714229226,2536,0.9647168059424327,0.9557548579970104,0.9447799827437446,0.01993682319868806,40,0,1,15.693744849277811,0,37.07112500000221
30,2,2,17,763,120,5663,5375,0.9491435634822533,0.9393680614859095,288,3.14304347826087,2419.8276484618414,2461.422125067526,2791,0.9512195121951219,0.9484902309058615,0.9489885664028144,0.0027292812892604212,40,0,1,15.52791171331725,0,36.8426670000008
30,2,2,17,764,120,5607,5389,0.9611200285357588,0.9865229110512129,218,1.5439130434782609,2079.9710779586458,2121.07000283009,2216,0.9658994032395567,0.9606015037593985,0.957619477006312,0.008279926233244694,40,0,1,15.568955802346368,0,39.20329199999833
30,2,2,17,765,120,5792,5380,0.9288674033149171,0.9219798657718121,412,4.402608695652174,3506.111591988141,3550.5815193198064,4067,0.923951048951049,0.9306260575296108,0.9283121597096189,0.006675008578561847,40,0,1,15.65208218401201,0,38.350916999999754
30,2,2,17,766,120,5708,5406,0.9470918009810791,0.9434447300771208,302,1.962608695652174,2782.607432918216,2824.327088320393,3009,0.9394987035436474,0.9506027638929726,0.9443478260869566,0.011104060349325207,40,0,1,15.693952984594453,0,38.39304099999936
30,2,2,17,767,120,5587,5346,0.956864148917129,0.964943032427695,241,2.4126086956521737,2289.8712599217242,2332.0123535559323,2502,0.9623655913978495,0.9553948161543099,0.955767562879445,0.0069707752435396175,40,0,1,15.569579665595883,0,38.12483300000167
30,2,2,17,768,120,5588,5344,0.9563350035790981,0.9045267489711935,244,4.480434782608696,1710.6903249211875,1749.4677793411722,2249,0.9620253164556962,0.9547633313361295,0.9554195804195804,0.007261985119566772,40,0,1,15.652079924207484,0,37.10625000000073
30,2,2,17,769,120,5673,5340,0.9413008989952406,0.90311986863711,333,5.581304347826087,2702.7931389936157,2745.3546067653347,3489,0.9460176991150443,0.9367051168293404,0.9500860585197934,0.013380941690453008,40,0,1,15.693747555995687,0,39.651458000000275
30,2,2,17,770,120,5572,5340,0.9583632447954056,1.02143522833178,232,-0.5860869565217391,2401.7481794854752,2452.106807988149,2372,0.9571948998178507,0.9579230080572964,0.9608192341941229,0.003624334376272187,40,0,1,15.444167734579507,0,38.3102910000016
30,3,3,14.05,741,120,5660,5078,0.897173144876325,0.8871252204585538,582,5.638260869565217,5080.183792413941,5147.82009661549,5791,0.8936355710549259,0.9004753416518122,0.8910200523103748,0.009455289341437356,14.373108224065966,0.1582100074797286,0,14.057252751578696,0,38.16087499999776
30,3,3,14.05,742,120,5466,5077,0.9288327844859129,0.9046762589928058,389,3.073478260869565,3496.718412714786,3559.4420656036505,4173,0.9260991580916744,0.9283527250459277,0.9328028293545535,0.006703671262879074,14.385691328987924,0.16687125886747273,0,14.057243721776901,0,38.29858299999978
30,3,3,14.05,743,120,5675,5080,0.8951541850220265,0.8568994889267462,595,6.912608695652174,4989.1444920660315,5047.602977246271,5876,0.884318766066838,0.8960883845924157,0.903364969801553,0.019046203734714995,14.370292599209945,0.1582128147237735,0,14.05725454115892,0,37.985375000000204
30,3,3,14.05,744,120,5530,5078,0.9182640144665462,0.8613013698630136,452,7.167391304347825,3450.807000651301,3507.977762003124,4416,0.9189655172413793,0.9187786259541985,0.9159817351598174,0.0029837820815619143,14.373207001251364,0.15821157043889936,0,14.057248490463701,0,34.95245799999975
30,3,3,14.05,745,120,5605,5077,0.9057983942908118,0.8847845206684257,528,6.3304347826086955,4615.737369362978,4685.7905539961785,5529,0.912848158131177,0.9029358897543439,0.9072790294627383,0.009912268376833122,14.385680789228948,0.16687006939371765,0,14.057244413259099,0,37.64275000000271
30,3,3,14.05,746,120,5672,5077,0.895098730606488,0.8397328881469115,595,6.6573913043478266,4651.046536320973,4711.008786035886,5543,0.8962834917891098,0.8907119835921476,0.9074410163339383,0.016729032741790606,14.385689012116252,0.16687104482436588,0,14.05724678839353,0,39.329499999999825
30,3,3,14.05,747,120,5618,5078,0.9038803844784621,0.8518204911092294,540,6.627391304347826,4465.867259008417,4520.359829504974,5477,0.9027409372236959,0.9054134443783463,0.9004444444444445,0.004968999933901763,14.373175518958837,0.15820815798200466,0,14.05725270132095,0,36.780000000002474
30,3,3,14.05,748,120,5648,5079,0.8992563739376771,0.8687392055267703,569,5.546086956521738,4822.779258671077,4884.484537941178,5751,0.9047186932849365,0.896058394160584,0.903657448706512,0.00866029912435251,14.38261581585463,0.1669021970529276,0,14.057260027667917,0,39.740499999999884
30,3,3,14.05,749,120,5717,5077,0.8880531747419975,0.8855633802816901,640,5.468695652173913,5638.550160670851,5709.387776218399,6274,0.9019947961838681,0.8882746581320919,0.8731144631765749,0.028880333007293202,14.385631800198121,0.16687030180218235,0,14.057244190058226,0,40.819541000000754
30,3,3,14.05,750,120,5498,5077,0.9234267006184067,0.8886925795053003,421,4.661304347826087,3511.531377909582,3583.2675720717743,4174,0.9228070175438596,0.9203567035670357,0.9330922242314648,0.012735520664429067,14.385654469719777,0.16687481690391176,0,14.057246109585883,0,36.31629199999952
30,3,3,14.05,751,120,5687,5077,0.8927378231053279,0.8266228430566968,610,8.234782608695653,4639.911203610795,4691.467103933387,5791,0.8867924528301887,0.8894783377541998,0.90770533446232,0.02091288163213134,14.385707143210764,0.16686996266250834,0,14.057246169292243,0,37.57087499999761
30,3,3,14.05,752,120,5530,5078,0.9182640144665462,0.9022421524663677,452,3.7456521739130433,3910.9329816151885,3985.0365175061665,4359,0.9141048824593129,0.918679302965454,0.9210754553339116,0.0069705728745986795,14.373157339596638,0.1582123467439739,0,14.057247958377019,0,36.41587499999878
30,3,3,14.05,753,120,5559,5077,0.9132937578701206,0.8725065047701648,482,5.9226086956521735,3882.454935784479,3939.6960557861653,4774,0.9184027777777778,0.9152848959903527,0.9018348623853211,0.016567915392456722,14.38567482366813,0.16687303666250827,0,14.0572437178748,0,36.559417000000394
30,3,3,14.05,754,120,5625,5077,0.9025777777777778,0.8650042992261393,548,5.783478260869566,4718.112316231582,4781.724930798601,5686,0.8933454876937101,0.9051570835803201,0.9038128249566725,0.01181159588660996,14.385682352571628,0.166867932205893,0,14.057243299851221,0,39.29287500000282
30,3,3,14.05,755,120,5734,5078,0.8855946982908964,0.8613013698630136,656,6.427391304347826,5561.717415713063,5621.4829265994595,6394,0.8832442067736186,0.8869288606130712,0.8838821490467937,0.0036846538394526007,14.373113208225684,0.15821657532290218,0,14.057250915839711,0,38.78562500000044
30,3,3,14.05,756,120,5588,5078,0.9087329992841804,0.8475147430497051,510,7.895652173913043,3894.997780439808,3941.695250115305,4843,0.9064171122994652,0.911335911930973,0.9031674208144796,0.008168491116493315,14.373155507940437,0.1582129704800956,0,14.057251818737434,0,35.00691699999879
30,3,3,14.05,757,120,5635,5078,0.901153504880213,0.8840070298769771,557,5.463478260869565,4816.4825642124115,4879.224792734615,5532,0.9058721934369602,0.8984117470782139,0.9043859649122807,0.00746044635874632,14.373161227593194,0.15820662842646874,0,14.057252861228081,0,37.77799999999843
30,3,3,14.05,758,120,5502,5080,0.9233006179571065,0.8926353149955635,422,5.134347826086956,3495.339829600122,3558.4778083106235,4114,0.9227272727272727,0.9245683126325356,0.9200726612170754,0.004495651415460156,14.370187039070386,0.15821632598298255,0,14.057252678308572,0,34.07891699999891
30,3,3,14.05,759,120,5704,5077,0.8900771388499299,0.8334714167357083,627,7.616521739130435,4963.391069742496,5018.970940616085,6070,0.8862275449101796,0.8889541715628673,0.8974358974358975,0.011208352525717835,14.38568286320867,0.16686619407941444,0,14.057242345625818,0,38.989082999996754
30,3,3,14.05,760,120,5753,5077,0.882496088997045,0.8439597315436241,676,6.92304347826087,5629.912162366152,5698.608716834485,6576,0.877177700348432,0.8820110433013659,0.8891752577319587,0.011997557383526702,14.385732007053102,0.16687231339822892,0,14.057246081782191,0,40.34479099999953
30,3,3,14.05,761,120,5562,5078,0.9129809421071557,0.8847845206684257,484,4.587826086956522,4162.5675243412925,4224.340032092223,4871,0.916819012797075,0.9121561668145519,0.9116835326586936,0.0051354801383813875,14.373137142061923,0.15821075631853568,0,14.057251881850457,0,35.5512920000001
30,3,3,14.05,762,120,5581,5078,0.9098727826554381,0.8863436123348017,503,5.5956521739130425,4321.224262373225,4391.699055926338,5001,0.9099350046425255,0.912406576980568,0.902502157031924,0.009904419948643994,14.373196610528039,0.1582124378875264,0,14.057251855116695,0,36.800374999998894
30,3,3,14.05,763,120,5663,5077,0.896521278474307,0.8590947907771136,586,7.11391304347826,4750.630502813519,4814.753683182885,5692,0.8963414634146342,0.8969804618117229,0.8953386103781882,0.00164185143353468,14.385670018478997,0.16686968127048077,0,14.057245420440418,0,38.027084000001196
30,3,3,14.05,764,120,5607,5077,0.9054752987337257,0.903863432165319,530,5.290869565217391,4725.666634524842,4790.677371043904,5364,0.907075873827792,0.9070676691729324,0.8990081154192967,0.008067758408495274,14.385679279486494,0.166865142135744,0,14.05724183296415,0,40.392917000001034
30,3,3,14.05,765,120,5792,5077,0.8765538674033149,0.8439597315436241,715,8.247391304347826,5821.505526852516,5875.802992343281,6894,0.8784965034965035,0.8767625493513819,0.8738656987295825,0.004630804766921015,14.385696908632397,0.16686187617250722,0,14.057241428291292,0,37.94483300000138
30,3,3,14.05,766,120,5708,5077,0.8894533987386125,0.8620394173093402,631,5.887391304347826,5388.549991284994,5449.331913663216,6361,0.8824546240276577,0.8923845927668332,0.8878260869565218,0.00992996873917551,14.385730526818856,0.1668674426891327,0,14.057242374318719,0,38.75979200000074
30,3,3,14.05,767,120,5587,5078,0.9088956506175049,0.8816827344434707,509,6.355652173913042,4402.684101285616,4464.961863016401,5352,0.9077060931899642,0.908077154912598,0.9124024284475282,0.004696335257563966,14.373139279825532,0.158213344616423,0,14.057249038631582,0,36.507000000001426
30,3,3,14.05,768,120,5588,5077,0.908554044380816,0.8279835390946502,511,8.353043478260869,3776.9632881264115,3837.580302321497,4769,0.9195298372513563,0.9062312762133014,0.9047202797202797,0.0148095575310766,14.385667480806916,0.16687429610743454,0,14.05724653297525,0,35.4798329999976
30,3,3,14.05,769,120,5673,5078,0.8951172219284329,0.825944170771757,595,9.54695652173913,4568.128780017661,4619.154235619683,5833,0.9017699115044248,0.8905649216208222,0.9018932874354562,0.011328365814633923,14.373099502037219,0.1582108235369206,0,14.057250962753676,0,38.52183299999888
30,3,3,14.05,770,120,5572,5078,0.9113424264178033,0.9375582479030755,494,3.16,4514.957138763784,4579.926104873598,5027,0.907103825136612,0.9083855565502835,0.9243098842386465,0.017206059102034432,14.373204526769428,0.15821014742407274,0,14.057247165624132,0,35.690999999998894
30,3,3,14.5,741,120,5660,5232,0.9243816254416961,0.9126984126984127,428,4.3252173913043475,3627.663157241722,3697.451948874195,4073,0.925893635571055,0.9260249554367201,0.9180470793374019,0.007977876099318215,15.074837475488316,0.14914023810060242,0,14.436436189369212,0,36.09329099999741
30,3,3,14.5,742,120,5466,5232,0.9571899012074643,0.9307553956834532,234,1.8178260869565217,2067.140640599326,2138.647659488943,2332,0.9541627689429373,0.9580526638089406,0.9575596816976127,0.0038898948660033295,15.074843243249745,0.14913905817588996,0,14.436438896582535,0,35.644500000002154
30,3,3,14.5,743,120,5675,5232,0.9219383259911894,0.8816013628620102,443,5.599565217391303,3632.361414211749,3691.5004832353975,4431,0.9108826049700086,0.9223648850403106,0.9318377911993098,0.020955186229301148,15.074887394915569,0.14913966224249373,0,14.436436564774693,0,43.10612499999843
30,3,3,14.5,744,120,5530,5232,0.9461121157323689,0.8861301369863014,298,5.854347826086957,2092.346904645727,2150.202117809842,2917,0.9474137931034483,0.9459541984732824,0.9452054794520548,0.002208313651393512,15.07493994859031,0.1491392946429861,0,14.436436376190827,0,33.88008300000001
30,3,3,14.5,745,120,5605,5232,0.9334522747546833,0.9102902374670184,373,5.074782608695652,3242.032570377889,3304.423349989725,3999,0.9415992812219227,0.9289994008388256,0.938474870017331,0.012599880383097117,15.074730060522269,0.1491412813442451,0,14.436437308142883,0,38.12316700000156
30,3,3,14.5,746,120,5672,5232,0.922425952045134,0.8639398998330551,440,5.401739130434783,3313.912296301171,3372.003683182884,3998,0.9282627484874676,0.9179607383533548,0.9301270417422868,0.012166303388931987,15.06231615410478,0.16123666761088185,0,14.436434156470787,0,38.37870800000019
30,3,3,14.5,747,120,5618,5232,0.9312922748309007,0.8763759525825572,386,5.314347826086956,3094.6811555927316,3156.1297958533746,3724,0.9301503094606542,0.9321832242712671,0.9297777777777778,0.0024054464934892827,15.07487994718158,0.1491407085301331,0,14.43643661735301,0,34.28320899999744
30,3,3,14.5,748,120,5648,5232,0.9263456090651558,0.8937823834196891,416,4.2904347826086955,3481.074619775495,3535.3277699808873,4135,0.9301270417422868,0.9223357664233577,0.9348795718108831,0.01254380538752542,15.074866296521764,0.1491414284660576,0,14.43643627794919,0,38.114707999997336
30,3,3,14.5,749,120,5717,5232,0.91516529648417,0.9110915492957746,485,4.21304347826087,4223.538834791116,4284.640500230609,4866,0.9332176929748482,0.9121326738434682,0.9059449866903283,0.027272706284519943,15.074822374029866,0.1491413477378486,0,14.436433792292334,0,38.9355420000029
30,3,3,14.5,750,120,5498,5232,0.9516187704619862,0.9143109540636042,266,3.405652173913043,2086.1014916809286,2144.2348449408078,2622,0.95,0.949569495694957,0.9593128390596745,0.009743343364717494,15.074970459819445,0.14914215534354475,0,14.436431962989063,0,32.6652920000015
30,3,3,14.5,751,120,5687,5232,0.9199929664146299,0.8504519309778144,455,6.979130434782608,3375.47429005784,3416.721838043429,4446,0.921832884097035,0.9160035366931919,0.9297205757832345,0.013717039090042626,15.07485779489272,0.1491391285321227,0,14.436438702829754,0,36.89533399999709
30,3,3,14.5,752,120,5530,5232,0.9461121157323689,0.9282511210762332,298,2.4326086956521737,2471.288211131958,2537.178330214578,2872,0.9412296564195298,0.9464995414246408,0.9496964440589766,0.008466787639446749,15.074897622393934,0.14914119484845303,0,14.436435368317182,0,33.66749999999956
30,3,3,14.5,753,120,5559,5232,0.9411764705882353,0.8976582827406765,327,4.66695652173913,2497.5396321492763,2566.163451283349,3095,0.9453125,0.9433222791679228,0.9302752293577982,0.015037270642201839,15.07486249032196,0.14914144894030798,0,14.436438158957733,0,37.034584000000905
30,3,3,14.5,754,120,5625,5232,0.9301333333333334,0.8899398108340498,393,4.527826086956522,3322.2683554602772,3390.0719686493417,3942,0.9225159525979946,0.9312388855957321,0.9341421143847487,0.01162616178675413,15.074831883998536,0.14914077067318673,0,14.436434637623549,0,37.64074999999866
30,3,3,14.5,755,120,5734,5232,0.9124520404604116,0.8861301369863014,502,5.114347826086957,4199.639816426099,4259.780301982675,5052,0.9099821746880571,0.9141122035858879,0.9098786828422877,0.004233520743600172,15.074837843633771,0.14913960014941588,0,14.43643601161861,0,38.05333299999984
30,3,3,14.5,756,120,5588,5232,0.9362920544022906,0.8719460825610783,356,6.582608695652173,2542.3001875576747,2600.0571668972752,3316,0.9402852049910874,0.9372210651591788,0.9294117647058824,0.010873440285204983,15.074881140654867,0.14914200008674058,0,14.436436992955374,0,35.52137500000026
30,3,3,14.5,757,120,5635,5232,0.9284826974267968,0.9094903339191565,403,4.150434782608696,3428.4802562834434,3488.191259932792,4030,0.92573402417962,0.9295774647887324,0.9280701754385965,0.0038434406091123474,15.07485200201239,0.14914189229394892,0,14.436435797190192,0,36.85499999999956
30,3,3,14.5,758,120,5502,5232,0.95092693565976,0.9183673469387755,270,3.821304347826087,2071.4718636817,2144.2576733653977,2629,0.9545454545454546,0.9494092699182066,0.9518619436875567,0.005136184627247964,15.074895664074106,0.14914206281262232,0,14.436438889273772,0,33.40033299999777
30,3,3,14.5,759,120,5704,5232,0.9172510518934082,0.8574979287489644,472,6.36086956521739,3627.5974844897637,3680.969966009577,4546,0.913601368691189,0.9153936545240893,0.9266136162687887,0.013012247577599667,15.07486804063087,0.14914130108595203,0,14.436436195608048,0,37.55674999999974
30,3,3,14.5,760,120,5753,5232,0.9094385537980184,0.8682885906040269,521,5.667391304347826,4237.810467138304,4308.940147262302,4838,0.9076655052264808,0.9090380703283929,0.9123711340206185,0.004705628794137717,15.07492607327699,0.14914032567663238,0,14.436438834043992,0,38.68404200000077
30,3,3,14.5,761,120,5562,5232,0.9406688241639698,0.9102902374670184,330,3.2747826086956513,2777.3915376308555,2834.898480595635,3300,0.9414990859232175,0.9390712806861875,0.9448022079116836,0.005730927225496063,15.074867411086787,0.14913958891771337,0,14.436439228677594,0,32.883874999999534
30,3,3,14.5,762,120,5581,5232,0.9374664038702741,0.9118942731277533,349,4.282608695652174,2896.6509707181567,2963.260704377237,3454,0.9405756731662024,0.9396113602391629,0.9283865401207938,0.012189133045408584,15.074871809277232,0.14914017912324262,0,14.436433963787934,0,36.08024999999907
30,3,3,14.5,763,120,5663,5232,0.9238919300723998,0.8838599487617421,431,5.8582608695652185,3423.954726798092,3478.1355200057565,4370,0.9207317073170732,0.923919478981646,0.9270008795074758,0.006269172190402572,15.074740118421097,0.14913956153600055,0,14.436437469237793,0,35.15362499999901
30,3,3,14.5,764,120,5607,5232,0.933119315141787,0.9299191374663073,375,4.035217391304348,3299.6211694986623,3364.3101979091134,3868,0.9343563512361467,0.9341353383458647,0.9287646528403968,0.005591698395749911,15.074777388247194,0.14914263513237538,0,14.436434171104475,0,37.41783299999952
30,3,3,14.5,765,120,5792,5232,0.9033149171270718,0.8682885906040269,560,6.991739130434782,4521.212047269325,4576.648465159803,5417,0.8968531468531469,0.9055273547659335,0.9029038112522686,0.008674207912786613,15.07491800476589,0.14914136095609062,0,14.436433428097722,0,36.92829200000051
30,3,3,14.5,766,120,5708,5232,0.9166082690960056,0.8868894601542416,476,4.631739130434783,4065.0309566916817,4116.91520068905,4865,0.9118409680207433,0.9194354601587769,0.9130434782608695,0.007594492138033537,15.062301880817325,0.16123843862228335,0,14.43643450464706,0,39.09649999999965
30,3,3,14.5,767,120,5587,5232,0.9364596384463935,0.9070990359333918,355,5.0426086956521745,3028.912299433041,3088.928874334792,3663,0.9408602150537635,0.9333936106088004,0.9410234171725932,0.0076298065637927515,15.074846944371773,0.14914294068977602,0,14.436439349931609,0,36.75975000000108
30,3,3,14.5,768,120,5588,5232,0.9362920544022906,0.8518518518518519,356,7.097391304347826,2402.8138773055102,2460.8535985456497,3273,0.9448462929475587,0.9343918514080287,0.9335664335664335,0.01127985938112519,15.074878106909551,0.1491441799359558,0,14.436443055750678,0,32.79529099999854
30,3,3,14.5,769,120,5673,5232,0.9222633527234267,0.8497536945812808,441,8.23391304347826,3306.6533495683925,3356.8792273031,4456,0.9283185840707965,0.9174800354924578,0.9302925989672978,0.012812563474839944,15.074821554090606,0.14914089332431082,0,14.436435195932377,0,36.88624999999956
30,3,3,14.5,770,120,5572,5232,0.9389806173725772,0.9645852749301025,340,1.8469565217391304,3119.1161546723183,3182.070250115305,3554,0.9380692167577414,0.9370337212772307,0.9456812110418522,0.008647489764621485,15.074865171102111,0.14913800485791961,0,14.436434606397041,0,34.717375000000175
30,3,3,15,741,120,5660,5409,0.9556537102473498,0.9453262786596119,251,2.8178260869565217,1992.9308579718745,2057.1304017169205,2409,0.95640802092415,0.9590017825311943,0.9450741063644289,0.01392767616676538,15.318171360300296,0.15807515697563382,0,14.983122042411248,0,36.78925000000163
30,3,3,15,742,120,5466,5409,0.9895718990120747,0.9676258992805755,57,0.18608695652173898,386.7908224272603,458.2773172783348,461,0.9850327408793265,0.9898958971218617,0.9929266136162688,0.007893872736942309,15.319580288464495,0.15775242560075703,0,14.983957189738286,0,31.906833000000915
30,3,3,15,743,120,5675,5407,0.9527753303964758,0.9131175468483816,268,4.206956521739131,2099.6620232716623,2162.171155520411,2840,0.9425878320479862,0.9513287548521947,0.9672131147540983,0.024625282706112084,15.31837173452076,0.15750420167473783,0,14.983125429895898,0,37.95912500000122
30,3,3,15,744,120,5530,5410,0.9783001808318263,0.922945205479452,120,4.1726086956521735,545.4582527187142,605.414441325689,1074,0.9827586206896551,0.9764885496183207,0.9789954337899544,0.006270071071334482,15.407099910747952,0.16104008871403164,0,15.06729462184107,0,29.26533399999971
30,3,3,15,745,120,5605,5410,0.9652096342551294,0.9437115215479331,195,3.5173913043478264,1684.9278571721695,1740.7981964899088,2279,0.9703504043126685,0.9625524266027562,0.9679376083188909,0.007797977709912307,15.36809438951026,0.15159798704988878,0,15.024791111008971,0,35.67250000000058
30,3,3,15,746,120,5672,5409,0.9536318758815233,0.8956594323873122,263,3.9017391304347826,1777.51020090926,1833.2755370009663,2265,0.9541918755401901,0.9510694403750366,0.9609800362976406,0.009910595922604015,15.368143459486888,0.15202475118160283,0,15.024795225403004,0,38.204084000000876
30,3,3,15,747,120,5618,5408,0.9626201495194019,0.9085520745131245,210,3.8717391304347832,1525.4701612319786,1592.3906537304238,1940,0.9566755083996463,0.9643069601427722,0.9635555555555556,0.00763145174312585,15.368484181922426,0.15246921248742132,0,15.0247896944975,0,31.945208000001003
30,3,3,15,748,120,5648,5410,0.9578611898016998,0.9283246977547496,238,2.7321739130434777,1903.3675848026724,1972.9857886756488,2277,0.9591651542649727,0.9553284671532847,0.9643175735950045,0.008989106441719796,15.342781264402864,0.1561573307927581,0,15.025214580794936,0,37.513958000003186
30,3,3,15,749,120,5717,5408,0.9459506734301207,0.9445422535211268,309,2.7704347826086955,2621.470842790094,2693.1505370009672,3023,0.9592367736339983,0.9453011347105034,0.9343389529724934,0.02489782066150492,15.368369092894524,0.15246864954064202,0,15.024791672283989,0,41.802167000001646
30,3,3,15,750,120,5498,5409,0.9838122953801383,0.950530035335689,89,1.7739130434782608,486.8227290938671,561.4760589049214,870,0.9850877192982456,0.9818573185731857,0.9882459312839059,0.006388612710720221,15.319661757990213,0.15775233222170532,0,14.983954396580282,0,31.32745799999975
30,3,3,15,751,120,5687,5407,0.950764902409003,0.8808545603944125,280,5.5865217391304345,1930.6896390082143,1982.715684263267,2827,0.954177897574124,0.9484232242852932,0.9542760372565622,0.005852812971268939,15.318401519014207,0.15750608095516622,0,14.983121987676912,0,37.36249999999927
30,3,3,15,752,120,5530,5409,0.978119349005425,0.9614349775784753,121,0.9252173913043479,822.0202489973029,897.5552485559265,1085,0.9737793851717902,0.9773769489452767,0.98438855160451,0.010609166432719808,15.318193693088935,0.15807662017331922,0,14.983122881306743,0,30.92566600000282
30,3,3,15,753,120,5559,5408,0.9728368411584818,0.9297484822202949,151,3.2169565217391303,902.218749665319,967.0751994684933,1293,0.9748263888888888,0.9737714802532409,0.9678899082568807,0.006936480632008135,15.318247157778963,0.1577816997675495,0,14.983128536416286,0,31.542124999999942
30,3,3,15,754,120,5625,5410,0.9617777777777777,0.9226139294926913,215,2.970434782608696,1731.0898071630952,1797.4685000319603,2156,0.9580674567000912,0.9605809128630706,0.9688041594454073,0.010736702745316129,15.368093764408208,0.15160037800327414,0,15.02479320450297,0,35.33116700000028
30,3,3,15,755,120,5734,5409,0.9433205441227764,0.9186643835616438,325,3.6143478260869566,2610.137158915222,2681.591950433573,3084,0.9420677361853832,0.9465008675534992,0.9350086655112652,0.011492202042234001,15.368125449038644,0.15202658445833106,0,15.024797997688479,0,35.993875000000116
30,3,3,15,756,120,5588,5409,0.967967072297781,0.9039595619208087,179,5.082608695652174,1022.1232478850253,1083.2099446750524,1730,0.9607843137254902,0.9687592978280274,0.9728506787330317,0.012066365007541435,15.368235045491529,0.15202670693121975,0,15.024795633977968,0,28.16466600000058
30,3,3,15,757,120,5635,5410,0.9600709849157054,0.9446397188049209,225,2.592173913043478,1831.5638209288406,1901.944137444815,2228,0.9620034542314335,0.9574468085106383,0.9657894736842105,0.008342665173572184,15.34272274981484,0.1561571112952866,0,15.025213998781403,0,33.57429199999751
30,3,3,15,758,120,5502,5408,0.9829153035259905,0.9520851818988465,94,2.3786956521739127,446.8667908598551,514.9858041114816,855,0.9836363636363636,0.9821266282944562,0.9845594913714805,0.002432863077024283,15.368439704261093,0.15247010242833897,0,15.024790745878446,0,30.24604199999885
30,3,3,15,759,120,5704,5410,0.9484572230014026,0.8889809444904723,294,4.803478260869565,2146.380442094003,2191.5151469234797,2929,0.9401197604790419,0.9468272620446534,0.9619805481874447,0.02186078770840283,15.36813226507472,0.15159952663299187,0,15.024794201330302,0,35.30062500000349
30,3,3,15,760,120,5753,5407,0.9398574656700852,0.8993288590604027,346,4.274782608695652,2665.7501775434002,2732.361594346509,3255,0.9355400696864111,0.9401336820691659,0.9432989690721649,0.0077588993857538036,15.318348808530649,0.15750253612066065,0,14.983122958856567,0,38.194666999999754
30,3,3,15,761,120,5562,5408,0.972312117943186,0.9428320140721196,154,1.8247826086956522,1170.8628064580919,1237.6257902350278,1426,0.9789762340036563,0.9704229517894114,0.9714811407543699,0.008553282214244895,15.318241998328295,0.15778361700138022,0,14.983126022066541,0,30.879375000000437
30,3,3,15,762,120,5581,5410,0.9693603296900197,0.947136563876652,171,2.7243478260869565,1267.6724335734946,1333.4263964373956,1749,0.9767873723305478,0.9692077727952167,0.9628990509059534,0.013888321424594396,15.342744288853245,0.15615623178508922,0,15.0252114193595,0,32.680499999998574
30,3,3,15,763,120,5663,5408,0.9549708634999117,0.9163108454312553,255,4.415652173913044,1878.5225303494876,1941.3845917067483,2391,0.955574912891986,0.9547069271758437,0.9551451187335093,0.0008679857161423277,15.368328632331156,0.15247046081371954,0,15.024791121283924,0,34.045791999997164
30,3,3,15,764,120,5607,5409,0.9646869983948636,0.963162623539982,198,2.5278260869565217,1657.9353226456146,1731.3529618104378,1981,0.9676044330775788,0.9639097744360903,0.9639314697926059,0.0036946586414885463,15.318140897197237,0.15807487924888838,0,14.983122492156781,0,34.903707999998005
30,3,3,15,765,120,5792,5407,0.9335290055248618,0.8993288590604027,385,5.59913043478261,3034.3979659582146,3087.52134701114,3818,0.9283216783216783,0.9354201917653694,0.9328493647912885,0.007098513443691057,15.318422990228107,0.1575046184968386,0,14.983122521211106,0,33.70404100000087
30,3,3,15,766,120,5708,5408,0.9474421864050455,0.919451585261354,300,3.1891304347826086,2541.802249123209,2601.354695780306,2996,0.9394987035436474,0.9511908262275801,0.9443478260869566,0.011692122683932715,15.368312581662465,0.15247089129304842,0,15.024790409503685,0,38.719082999999955
30,3,3,15,767,120,5587,5410,0.9683193126901736,0.9404031551270815,177,3.485217391304348,1428.9070017178626,1497.3698971469983,1902,0.9704301075268817,0.9674502712477396,0.96877710320902,0.002979836279142112,15.368212412503064,0.15159928875486883,0,15.02479379950578,0,34.351541
30,3,3,15,768,120,5588,5407,0.9676091624910522,0.8823045267489712,181,5.704782608695652,876.1032702525256,938.4165131668524,1644,0.9701627486437613,0.9676452965847813,0.965034965034965,0.005127783608796288,15.318443324535329,0.15750543405059023,0,14.983122985590333,0,29.758499999999913
30,3,3,15,769,120,5673,5408,0.9532875022034197,0.8801313628899836,265,6.783913043478261,1867.0277759918747,1911.120549318042,2876,0.9548672566371681,0.9494232475598935,0.9629948364888123,0.013571588928918854,15.318281996099074,0.15778436744514826,0,14.983121790202745,0,33.957125000000815
30,3,3,15,770,120,5572,5409,0.9707465900933238,1,163,0.34695652173913044,1501.8023588300175,1574.8369856445515,1737,0.9699453551912568,0.9704565801253358,0.9723953695458593,0.002450014354602459,15.368271642299334,0.15202940887022517,0,15.024793367029238,0,32.122292000000016
30,3,3,15.5,741,120,5660,5581,0.9860424028268551,0.9797178130511464,79,1.3456521739130434,430.7647544088712,500.04630902022564,669,0.985178727114211,0.988116458704694,0.980819529206626,0.007296929498068039,16.116108178565295,0.1366165039466051,0,15.530228595668104,0,34.37866699999722
30,3,3,15.5,742,120,5466,5464,0.9996341017197219,0.9982014388489209,2,-0.03782608695652174,5.417838612474989,19.4932467978997,6,1,0.9996938150642989,0.9991158267020336,0.0008841732979664174,26.865622642567303,1.5009345329638306,0,15.530015197538782,0,21.872458000001643
30,3,3,15.5,743,120,5675,5581,0.9834361233480177,0.9463373083475298,94,2.6043478260869564,597.7270809222529,664.5947970739311,776,0.9768637532133676,0.9826813974320693,0.9922346850733391,0.015370931859971515,16.10372368853854,0.1527294934903542,0,15.530231425716972,0,29.74224999999933
30,3,3,15.5,744,120,5530,5530,1,1.0008561643835616,0,-0.023478260869565212,6.784259441406975,21.381068465284745,0,1,1,1,0,25.363580444427413,1.8825675670405415,0,16.24713565131305,0,22.799958999999944
30,3,3,15.5,745,120,5605,5581,0.9957181088314006,0.9859278803869833,24,1.7926086956521738,187.2563970573058,247.95210237400957,209,0.9964061096136568,0.9955062911923307,0.9956672443674177,0.0008998184213261373,16.2940042902495,0.3571960288883869,0,15.656694650754313,0,27.904500000000553
30,3,3,15.5,746,120,5672,5580,0.9837799717912553,0.9323873121869783,92,2.374782608695652,287.97118022330835,357.7099446750535,768,0.9809853068280034,0.9830061529446235,0.9891107078039928,0.00812540097598935,16.229591388512322,0.36082590803498854,0,15.61440277387539,0,28.326082999999926
30,3,3,15.5,747,120,5618,5581,0.9934140263438946,0.9712108382726503,37,1.3943478260869566,94.99372164892871,144.60375204546503,402,0.995579133510168,0.9928613920285544,0.9928888888888889,0.0027177414816136336,16.798692670255786,1.1275617387860373,0,16.035254383738764,0,26.85645800000202
30,3,3,15.5,748,120,5648,5581,0.9881373937677054,0.959412780656304,67,1.2952173913043479,374.50921572782323,440.98691678197184,658,0.9900181488203267,0.9883211678832117,0.9857270294380018,0.004291119382324848,16.103679959694258,0.15272924642646296,0,15.530229950057448,0,29.319542000001093
30,3,3,15.5,749,120,5717,5581,0.9762112996326745,0.9779929577464789,136,1.2334782608695651,1054.5434749277072,1126.3956030836127,1288,0.98438855160451,0.9741053244108234,0.974267968056788,0.010283227193686573,16.11619917034132,0.13661636514953637,0,15.530230190921072,0,34.78662500000064
30,3,3,15.5,750,120,5498,5496,0.9996362313568571,1.0017667844522968,2,-0.03347826086956522,6.746223341389523,22.027286406667372,15,1,0.9993849938499385,1,0.0006150061500614923,25.981724903484928,0.6862027279614261,0,15.825233905972155,1,22.681000000000495
30,3,3,15.5,751,120,5687,5580,0.981185159134869,0.9227608874281019,107,3.922173913043478,482.32378661361963,546.7096068037575,899,0.9829290206648698,0.9802534630120837,0.9822184589331076,0.0026755576527860425,16.305338487862574,0.5744226595268925,0,15.698574032069184,0,28.15483399999721
30,3,3,15.5,752,120,5530,5529,0.9998191681735985,0.9991031390134529,1,0.050869565217391305,5.530138779130015,22.124355129075713,9,1,0.9996942830938551,1,0.0003057169061448928,22.56019881835344,0.9714485414296733,0,15.53084558465291,1,23.535166999998182
30,3,3,15.5,753,120,5559,5556,0.9994603345925526,1.0008673026886383,3,-0.016521739130434778,6.0153280940856355,19.26924429831009,17,0.9991319444444444,0.999397045523063,1,0.0008680555555555802,21.902097761976645,1.0812191354269778,0,16.161086166232085,0,23.51995900000111
30,3,3,15.5,754,120,5625,5581,0.9921777777777778,0.9638865004299226,44,1.396086956521739,209.78576112600916,277.8311079923545,356,0.9927073837739289,0.991701244813278,0.9930675909878682,0.001366346174590194,16.204923014664192,0.2860752013252302,0,15.656696005734304,0,28.94354100000055
30,3,3,15.5,755,120,5734,5581,0.9733170561562609,0.9511986301369864,153,2.134782608695652,1069.5669299430313,1144.150537000967,1387,0.9723707664884136,0.9745517640254482,0.9705372616984402,0.004014502327007952,16.116111117931485,0.13661695187272338,0,15.530231690961458,0,32.35008399999788
30,3,3,15.5,756,120,5588,5579,0.9983894058697208,0.9924178601516428,9,0.1743478260869565,7.741978607337025,25.28103047437101,64,0.9991087344028521,0.9982148170187444,0.9981900452488688,0.0009186891539832986,20.525136677920255,2.3102962426801668,0,16.4977676026328,0,23.448374999999942
30,3,3,15.5,757,120,5635,5581,0.9904170363797693,0.9753954305799648,54,1.15,285.25201873274665,351.80827956776494,522,0.9905008635578584,0.989211866946359,0.993859649122807,0.004647782176448012,16.10355330253215,0.15289303549189592,0,15.5300254258201,0,30.836833000001207
30,3,3,15.5,758,120,5502,5500,0.9996364958197019,1.0017746228926354,2,0.019130434782608695,6.363524317904971,21.45864763308388,14,0.9990909090909091,1,0.9990917347865577,0.0009090909090908594,26.246099194118756,1.0781384231187108,0,15.741274176621607,0,21.87054200000057
30,3,3,15.5,759,120,5704,5581,0.9784361851332398,0.9204639602319801,123,3.381304347826087,679.6635417256639,745.823081319831,972,0.9717707442258341,0.9785546415981199,0.9849690539345711,0.013198309708737033,16.116222464143323,0.1366177871861105,0,15.53022729542245,0,27.254000000000815
30,3,3,15.5,760,120,5753,5581,0.9701025551885972,0.9320469798657718,172,2.687826086956522,1163.0185748638828,1227.0271174710208,1586,0.9651567944250871,0.9718105201976169,0.9699312714776632,0.006653725772529873,16.116059645044206,0.13661928676399995,0,15.530231060452431,0,37.88583299999664
30,3,3,15.5,761,120,5562,5558,0.9992808342322905,0.9982409850483729,4,0.008260869565217394,5.809430895598376,20.382242879105736,32,1,0.9991126885536823,0.9990800367985281,0.0009199632014719183,19.250782788758986,0.6892845754101429,0,15.866904466923904,1,25.285709000003408
30,3,3,15.5,762,120,5581,5579,0.9996416412829242,1.0008810572687226,2,0.05304347826086956,6.584860568361198,24.800874194620217,24,1,1,0.998274374460742,0.0017256255392580355,18.402695824936107,1.1650662487061207,0,15.908578892594798,0,22.893541000001278
30,3,3,15.5,763,120,5663,5581,0.9855200423803637,0.946199829205807,82,2.898695652173913,364.9725145808469,431.09689978676033,765,0.9860627177700348,0.9837181764357608,0.990325417766051,0.0066072413302902255,16.09093963197968,0.14638520920660444,0,15.488144911475457,0,40.69187500000044
30,3,3,15.5,764,120,5607,5581,0.9953629391831639,0.9982030548068284,26,0.9013043478260869,101.54597322169775,162.95513338584746,278,0.9965899403239556,0.9942857142857143,0.9972948602344455,0.00300914594873114,16.267337139123793,0.3561029890072597,0,15.53023236606388,0,28.320707999999286
30,3,3,15.5,765,120,5792,5581,0.9635704419889503,0.9320469798657718,211,3.9965217391304346,1586.983330407014,1649.2327267921448,2204,0.9615384615384616,0.9655950366610265,0.9591651542649727,0.006429882396053799,16.103669631822054,0.1527304435826607,0,15.530230299106764,0,31.668291999998473
30,3,3,15.5,766,120,5708,5581,0.9777505255781359,0.9520137103684662,127,1.652173913043478,1019.2637917966258,1082.7684849349496,1228,0.975799481417459,0.9794178182887386,0.9747826086956521,0.004635209593086498,16.116090308180187,0.13661674634401877,0,15.530226897201468,0,32.99808299999859
30,3,3,15.5,767,120,5587,5581,0.9989260783962771,0.9956178790534619,6,0.43608695652173907,23.19617266012972,63.34290960424702,51,1,0.9987944544906571,0.9982653946227233,0.0017346053772766545,17.190878468035518,1.3384811325387227,0,15.867112895108002,0,24.813791999997193
30,3,3,15.5,768,120,5588,5578,0.9982104509663565,0.9934156378600824,10,0.07130434782608695,8.91961135478807,26.358194591709132,77,0.9990958408679927,0.9979029358897543,0.9982517482517482,0.0011929049782384293,21.877101577637912,2.7872029102248574,0,16.83548303469487,0,23.79816700000083
30,3,3,15.5,769,120,5673,5581,0.98378283095364,0.9269293924466339,92,4.99695652173913,470.3738886415255,526.2208025521046,980,0.9911504424778761,0.9795918367346939,0.9888123924268503,0.011558605743182238,16.394574938509617,0.6619013781640811,0,15.782742375473369,0,26.86712500000067
30,3,3,15.5,770,120,5572,5567,0.999102656137832,1.02143522833178,5,-0.557391304347826,41.64779234964753,78.12354945821637,55,0.9981785063752276,0.9994031632348552,0.9991095280498664,0.001224656859627582,16.736991616641365,0.5163708401502536,0,15.361259896369946,0,25.078832999999577
30,3,3,16,741,120,5660,5658,0.9996466431095407,1,2,-0.027391304347826086,5.8498559401611026,21.180885291138413,13,1,0.9997029114676174,0.999128160418483,0.0008718395815170421,26.894768310220584,1.024017943993668,0,15.866686938020775,0,24.45062500000131
30,3,3,16,742,120,5466,5464,0.9996341017197219,0.9982014388489209,2,-0.031304347826086966,5.372914838812328,19.449661789883976,6,1,0.9996938150642989,0.9991158267020336,0.0008841732979664174,38.70101135840125,1.0705453517771824,0.20833333333333334,15.737297792626366,0,23.190374999998312
30,3,3,16,743,120,5675,5668,0.9987665198237885,0.9940374787052811,7,0.05826086956521738,5.908939791161756,20.788313219365893,41,0.9965724078834619,0.9991042102120036,1,0.003427592116538092,25.291717915848125,1.4545189836071233,0,16.28817393207595,0,23.26354099999662
30,3,3,16,744,120,5530,5530,1,1.0008561643835616,0,-0.017826086956521738,6.813145341737808,21.48416833970502,0,1,1,1,0,37.858378486321506,1.3290944056972736,0.041666666666666664,16.371499734397226,0,22.272499999999127
30,3,3,16,745,120,5605,5602,0.9994647636039251,0.9991204925241864,3,-0.0017391304347826172,5.991433861115984,20.752401576746404,38,1,0.9997004194128221,0.9982668977469671,0.0017331022530329143,29.685374134304993,1.0484935811260392,0,15.867106177327612,0,23.8727919999983
30,3,3,16,746,120,5672,5670,0.9996473906911142,0.9991652754590985,2,0.035217391304347825,8.043812163928616,24.537975348071388,14,0.9991356957649092,0.9997070026369763,1,0.0008643042350907626,28.525662011143897,0.810466296858451,0,16.66756061764189,1,25.15374999999767
30,3,3,16,747,120,5618,5616,0.9996440014239943,1.0008467400508043,2,0.01565217391304348,7.581577927372724,23.397152681999614,16,1,0.9994051160023796,1,0.0005948839976204212,31.549781257853684,1.3646481135925412,0,16.58151428359567,0,26.152500000000146
30,3,3,16,748,120,5648,5644,0.9992917847025495,1,4,0.051739130434782614,5.832144833992658,20.092617181937992,16,0.9981851179673321,0.9994160583941606,1,0.001814882032667886,27.726395731054037,0.5254465804123086,0,16.20336825744718,1,23.463167000001704
30,3,3,16,749,120,5717,5711,0.9989504985132063,0.9955985915492958,6,0.12130434782608696,6.663261325599367,22.92477695996301,43,0.9982653946227233,0.9988361943555426,1,0.0017346053772766545,21.007566688517546,0.9679750280605321,0,15.783154122877908,0,26.326333000000886
30,3,3,16,750,120,5498,5496,0.9996362313568571,1.0017667844522968,2,-0.030434782608695646,6.670810780579513,22.12257485170782,15,1,0.9993849938499385,1,0.0006150061500614923,38.99699339360435,0.6617873042118453,0.041666666666666664,16.03252100624813,1,23.11320799999885
30,3,3,16,751,120,5687,5684,0.9994724810972393,1.0016433853738702,3,0.02043478260869565,6.194427181809862,22.147198989497763,10,0.9991015274034142,0.9997052755673446,0.9991532599491956,0.0006037481639303843,26.818016931068197,2.298978072859271,0,17.00382402075974,0,24.995041999998648
30,3,3,16,752,120,5530,5529,0.9998191681735985,0.9991031390134529,1,0.050869565217391305,5.524988016369577,22.073748926707896,9,1,0.9996942830938551,1,0.0003057169061448928,37.90924625393348,1.6347051100189134,0.041666666666666664,15.655213677532794,0,23.508333000001585
30,3,3,16,753,120,5559,5556,0.9994603345925526,1.0008673026886383,3,-0.016521739130434778,5.996120533964068,19.320809671353043,17,0.9991319444444444,0.999397045523063,1,0.0008680555555555802,37.653336083395175,0.6300532898629397,0,16.119619699394033,1,22.535875000001397
30,3,3,16,754,120,5625,5621,0.9992888888888889,0.998280309544282,4,-0.06434782608695652,6.678724407264007,23.214525285280615,16,1,0.9991108476585655,0.9991334488734835,0.000889152341434496,29.29498116505763,0.792231068627465,0,16.203995208579606,1,23.785416999999143
30,3,3,16,755,120,5734,5727,0.9987792117195675,0.997431506849315,7,0.06956521739130435,6.892051363094458,23.425520887492286,45,1,0.9979757085020243,1,0.002024291497975672,20.780676504916258,0.8683292978326281,0,16.246302636675285,1,24.432457999999315
30,3,3,16,756,120,5588,5587,0.9998210450966356,0.9991575400168492,1,0.02608695652173913,6.769853161440907,23.190767703169815,21,1,0.999702469503124,1,0.0002975304968759751,34.1461273388513,1.2416367297440378,0,16.499432460028576,0,23.335542000000714
30,3,3,16,757,120,5635,5631,0.9992901508429459,0.9991212653778558,4,0.02391304347826087,6.044433866057577,19.91707272290053,17,0.9991364421416234,0.9991009889121966,1,0.0008990110878034363,28.260063443790695,0.6099468902387366,0,15.86731996832828,1,27.677082999998674
30,3,3,16,758,120,5502,5500,0.9996364958197019,1.0017746228926354,2,0.028695652173913042,6.255272621987297,21.245380382395524,14,0.9990909090909091,1,0.9990917347865577,0.0009090909090908594,38.07032506259732,1.2013784075210423,0,15.99001106515347,0,22.12408399999913
30,3,3,16,759,120,5704,5700,0.9992987377279102,1,4,0.054782608695652185,8.726028015789186,25.63216655845372,18,0.998289136013687,0.999412455934195,1,0.0017108639863130382,24.709407713634096,1.7058767275255076,0,16.79402805014599,0,24.340958000000683
30,3,3,16,760,120,5753,5746,0.9987832435251174,0.9983221476510067,7,0.039130434782608706,12.407542700373817,34.23427639053322,63,0.9991289198606271,0.998256320836966,1,0.0017436791630339732,19.770338039131776,1.1833210557462361,0,16.624644555693354,0,24.870624999999563
30,3,3,16,761,120,5562,5558,0.9992808342322905,0.9982409850483729,4,-0.005652173913043478,5.673858208267285,20.066788617175007,32,1,0.9991126885536823,0.9990800367985281,0.0009199632014719183,33.299331949640305,0.9204476436717324,0,15.90835525661771,1,23.74187499999971
30,3,3,16,762,120,5581,5580,0.999820820641462,1.001762114537445,1,-0.05,5.3040741006473615,19.110466240187332,22,1,1,0.999137187230371,0.0008628127696289623,31.763297369831893,1.1946216963071037,0,15.908773309128698,0,24.279582999999548
30,3,3,16,763,120,5663,5662,0.99982341515098,1.0008539709649873,1,0,7.308060336189639,25.802976907449192,10,1,0.9997039668442865,1,0.000296033155713471,27.62788510603163,1.1645670952196434,0,16.37213097645418,0,23.343666999997367
30,3,3,16,764,120,5607,5606,0.9998216515070447,1.0008984725965857,1,-0.07347826086956522,5.100180315278092,18.800130267090633,2,1,0.9996992481203008,1,0.0003007518796992459,30.416937684303985,1.2645041542556292,0,15.613760279165865,0,23.34833399999843
30,3,3,16,765,120,5792,5755,0.9936118784530387,0.9697986577181208,37,1.7643478260869565,140.3202534817089,190.6385818892601,398,0.993006993006993,0.994077834179357,0.9927404718693285,0.001337362310028567,16.91544269090952,0.6964799786311682,0,16.161503975920315,0,27.795458000000508
30,3,3,16,766,120,5708,5704,0.9992992291520673,0.9974293059125964,4,0.05304347826086957,7.732985670370108,24.349454863320414,32,0.9991356957649092,0.9991179064980888,1,0.000882093501911152,21.31070540329983,0.9626328820620149,0,16.246084594795754,1,24.70616599999994
30,3,3,16,767,120,5587,5584,0.9994630391981385,0.9982471516213848,3,-0.02869565217391305,6.263800113957035,22.262300283122386,17,1,0.9993972272453285,0.9991326973113617,0.0008673026886383273,32.35121060296918,1.0133263037448887,0,15.90919239157362,0,24.56195800000205
30,3,3,16,768,120,5588,5587,0.9998210450966356,1.0008230452674898,1,-0.018695652173913044,8.648376904128655,25.82563639639132,6,1,0.9997004194128221,1,0.0002995805871779389,34.982641224645754,1.802229741288715,0,17.04464635147653,0,25.7601250000007
30,3,3,16,769,120,5673,5671,0.9996474528468182,1.0008210180623973,2,-0.02826086956521739,8.27119597031709,25.928782578309438,17,1,0.9994084590357882,1,0.0005915409642117675,27.084206780741763,3.3941610004602443,0,17.08673879143787,0,23.521874999998545
30,3,3,16,770,120,5572,5571,0.9998205312275664,1.0027958993476236,1,0.04173913043478261,4.858912914967901,18.07790804486861,16,0.9990892531876139,1,1,0.0009107468123861207,30.26737341314414,2.1868243187345864,0,15.108324967988978,0,24.414624999997613
30,3,3,17,741,120,5660,5658,0.9996466431095407,1,2,-0.036521739130434785,5.774437825718256,20.923986724936185,13,1,0.9997029114676174,0.999128160418483,0.0008718395815170421,39.61990199081418,0.5028865893213066,0.5,16.156886209569656,0,38.156042000002344
30,3,3,17,742,120,5466,5464,0.9996341017197219,0.9982014388489209,2,-0.03782608695652174,5.389823584994719,19.41200074156374,6,1,0.9996938150642989,0.9991158267020336,0.0008841732979664174,39.782317641575126,0.3908916310862959,0.5,15.820212040800444,0,27.93791699999929
30,3,3,17,743,120,5675,5668,0.9987665198237885,0.9940374787052811,7,0.05826086956521738,5.887700851352548,20.587960251059787,41,0.9965724078834619,0.9991042102120036,1,0.003427592116538092,39.3143327396465,0.8183078012213081,0.3333333333333333,16.495454920305924,0,31.466334000000643
30,3,3,17,744,120,5530,5530,1,1.0008561643835616,0,-0.017826086956521738,6.804565176267788,21.487183915710983,0,1,1,1,0,39.37737073241883,0.6005983632579277,0.2916666666666667,16.5787862672772,0,24.836458000001585
30,3,3,17,745,120,5605,5602,0.9994647636039251,0.9991204925241864,3,-0.01,6.052815246620098,21.324877033029832,38,1,0.9997004194128221,0.9982668977469671,0.0017331022530329143,39.56878898799939,0.33245803880031477,0.25,16.157308395883508,1,24.60124999999971
30,3,3,17,746,120,5672,5670,0.9996473906911142,0.9991652754590985,2,0.019565217391304356,7.665191563667295,24.132135686789905,14,0.9991356957649092,0.9997070026369763,1,0.0008643042350907626,38.93367438144175,1.0327412986679845,0.16666666666666666,16.957759791838345,0,24.506208000002516
30,3,3,17,747,120,5618,5616,0.9996440014239943,1.0008467400508043,2,0.01565217391304348,7.563766706500784,23.285066964381258,16,1,0.9994051160023796,1,0.0005948839976204212,39.40000615052428,0.6031343069129788,0.25,16.622965882044557,1,24.711167000001296
30,3,3,17,748,120,5648,5644,0.9992917847025495,1,4,0.051739130434782614,5.831109028276905,20.13033997358919,16,0.9981851179673321,0.9994160583941606,1,0.001814882032667886,39.63137468999488,0.43585503071676707,0.375,16.369197454545432,0,28.643291000000318
30,3,3,17,749,120,5717,5711,0.9989504985132063,0.9955985915492958,6,0.12173913043478261,6.642082837905377,23.002324397583834,43,0.9982653946227233,0.9988361943555426,1,0.0017346053772766545,39.694412176821906,0.4331733358502666,0.4583333333333333,15.948975385062608,0,24.493083000001207
30,3,3,17,750,120,5498,5496,0.9996362313568571,1.0017667844522968,2,-0.030434782608695646,6.661413314918216,22.111563474842416,15,1,0.9993849938499385,1,0.0006150061500614923,39.710797832668305,0.36635794468674326,0.4583333333333333,16.032520377501353,0,23.676917000000685
30,3,3,17,751,120,5687,5684,0.9994724810972393,1.0016433853738702,3,0.02043478260869565,6.190565680117014,22.09657735129743,10,0.9991015274034142,0.9997052755673446,0.9991532599491956,0.0006037481639303843,36.45447160516799,1.0804661958481483,0,17.086734343815987,0,24.517291000000114
30,3,3,17,752,120,5530,5529,0.9998191681735985,0.9991031390134529,1,0.050869565217391305,5.519862555163619,22.073748926707896,9,1,0.9996942830938551,1,0.0003057169061448928,39.807088245133414,0.3104479557203846,0.5833333333333334,15.821042101877632,0,23.935583000002225
30,3,3,17,753,120,5559,5556,0.9994603345925526,1.0008673026886383,3,-0.016521739130434778,5.98648695633152,19.283133187199684,17,0.9991319444444444,0.999397045523063,1,0.0008680555555555802,39.77366474840323,0.3667391258207609,0.5416666666666666,16.368365909643078,0,27.187999999998283
30,3,3,17,754,120,5625,5621,0.9992888888888889,0.998280309544282,4,-0.06478260869565218,6.722815597374152,23.257304622437005,16,1,0.9991108476585655,0.9991334488734835,0.000889152341434496,39.74443596130552,0.383860849885845,0.5,16.369823245536733,0,23.405666999999085
30,3,3,17,755,120,5734,5727,0.9987792117195675,0.997431506849315,7,0.06739130434782609,6.985391485065669,23.92888977062618,45,1,0.9979757085020243,1,0.002024291497975672,39.34747729728135,0.868148993693877,0.3333333333333333,16.495038871111266,0,32.8204160000023
30,3,3,17,756,120,5588,5587,0.9998210450966356,0.9991575400168492,1,0.02608695652173913,6.758464912941396,23.166964672072634,21,1,0.999702469503124,1,0.0002975304968759751,39.4412985487134,0.4142013790272672,0.08333333333333333,16.789629737332156,1,23.697707999999693
30,3,3,17,757,120,5635,5631,0.9992901508429459,0.9991212653778558,4,0.03,6.05055786279599,19.93309519628504,17,0.9991364421416234,0.9991009889121966,1,0.0008990110878034363,39.69556032345796,0.3684506997988051,0.3333333333333333,16.198972347831212,0,24.265959000000294
30,3,3,17,758,120,5502,5500,0.9996364958197019,1.0017746228926354,2,0.028695652173913042,6.250258644559967,21.33765325143031,14,0.9990909090909091,1,0.9990917347865577,0.0009090909090908594,39.636670019113765,0.47836974699937385,0.5,16.072926822832713,0,25.355375000002823
30,3,3,17,759,120,5704,5700,0.9992987377279102,1,4,0.054782608695652185,8.700176988255564,25.412990783903297,18,0.998289136013687,0.999412455934195,1,0.0017108639863130382,38.42133876032302,0.8872298468362465,0.08333333333333333,17.00130790358396,1,49.53450000000157
30,3,3,17,760,120,5753,5750,0.999478532939336,1.0008389261744965,3,-0.046521739130434774,9.826928535785441,28.26397250966056,16,1,0.999128160418483,1,0.0008718395815170421,39.105877177693024,0.6768880658061958,0.16666666666666666,16.83255491544358,1,29.040541999998823
30,3,3,17,761,120,5562,5558,0.9992808342322905,0.9982409850483729,4,-0.005652173913043478,5.682211188877819,20.00532453775698,32,1,0.9991126885536823,0.9990800367985281,0.0009199632014719183,39.85708566086843,0.2049694733164487,0.4583333333333333,16.115642126187176,0,24.532999999999447
30,3,3,17,762,120,5581,5580,0.999820820641462,1.001762114537445,1,-0.05,5.306145553637365,19.078682844063525,22,1,1,0.999137187230371,0.0008628127696289623,39.734756624234585,0.31181718126524466,0.4166666666666667,16.074602360198305,0,26.084082999997918
30,3,3,17,763,120,5663,5662,0.99982341515098,1.0008539709649873,1,0.004782608695652174,7.538977046531739,26.118615540861658,10,1,0.9997039668442865,1,0.000296033155713471,39.34242877673657,0.6848007924593285,0.25,16.53796148835274,1,28.95179199999984
30,3,3,17,764,120,5607,5606,0.9998216515070447,1.0008984725965857,1,-0.07347826086956522,5.09319719630862,18.829826386217366,2,1,0.9996992481203008,1,0.0003007518796992459,39.89073538514528,0.1928175613346947,0.5833333333333334,15.821047294763972,0,23.723332999998092
30,3,3,17,765,120,5792,5791,0.9998273480662984,1,1,-0.12347826086956522,8.315057281408036,26.957488655096615,2,1,0.9997179921037789,1,0.0002820078962211259,31.85205439018259,0.5589772377196078,0,16.707970746472277,1,28.32233300000007
30,3,3,17,766,120,5708,5704,0.9992992291520673,0.9974293059125964,4,0.05304347826086957,7.69512518415767,24.3127529856741,32,0.9991356957649092,0.9991179064980888,1,0.000882093501911152,38.89696438201648,0.9556219997190014,0.2916666666666667,16.494819199047033,0,26.35425000000032
30,3,3,17,767,120,5587,5584,0.9994630391981385,0.9982471516213848,3,-0.02869565217391305,6.239776082249489,22.01437212428694,17,1,0.9993972272453285,0.9991326973113617,0.0008673026886383273,39.53014778749475,0.6070232573715253,0.4166666666666667,16.157932841162722,0,27.022000000000844
30,3,3,17,768,120,5588,5587,0.9998210450966356,1.0008230452674898,1,-0.01217391304347827,8.545914923590855,25.60243956766226,6,1,0.9997004194128221,1,0.0002995805871779389,39.35979475104251,0.5992387681035486,0.25,17.21047717875948,1,31.17766699999993
30,3,3,17,769,120,5673,5671,0.9996474528468182,1.0008210180623973,2,-0.025217391304347827,8.215965321302088,25.655954153719602,17,1,0.9994084590357882,1,0.0005915409642117675,36.8118919201657,1.6134036657442439,0,17.1281949057277,0,27.832334000002447
30,3,3,17,770,120,5572,5571,0.9998205312275664,1.0027958993476236,1,0.04173913043478261,4.863230618244963,17.948096755663148,16,0.9990892531876139,1,1,0.0009107468123861207,38.745483383163645,1.8953986110297634,0.4166666666666667,15.232696672624309,0,27.137416000001394
30,4,4,14.05,741,120,5660,5077,0.8969964664310954,0.8871252204585538,583,5.58086956521739,5043.566687175425,5143.464241857197,5799,0.8936355710549259,0.9004753416518122,0.8901482127288579,0.010327128922954287,14.38558347289158,0.1668710446486106,0,14.057246446849854,0,42.97091700000237
30,4,4,14.05,742,120,5466,5077,0.9288327844859129,0.9046762589928058,389,3.073478260869565,3460.3831734965697,3550.651665107289,4173,0.9260991580916744,0.9283527250459277,0.9328028293545535,0.006703671262879074,14.385708273119318,0.16687126651999395,0,14.057243395739961,0,41.763582999999926
30,4,4,14.05,743,120,5675,5080,0.8951541850220265,0.8568994889267462,595,6.912608695652174,4952.72887838048,5041.825352968309,5876,0.884318766066838,0.8960883845924157,0.903364969801553,0.019046203734714995,14.370267698159603,0.15821216563578755,0,14.05725551926974,0,40.56266699999833
30,4,4,14.05,744,120,5530,5078,0.9182640144665462,0.8613013698630136,452,7.167391304347825,3414.4516991279847,3499.3679788056493,4416,0.9189655172413793,0.9187786259541985,0.9159817351598174,0.0029837820815619143,14.373192459638867,0.1582115704416707,0,14.057248490463701,0,36.58774999999878
30,4,4,14.05,745,120,5605,5077,0.9057983942908118,0.8847845206684257,528,6.3304347826086955,4579.398894485359,4680.916666666668,5529,0.912848158131177,0.9029358897543439,0.9072790294627383,0.009912268376833122,14.38564520869098,0.1668697501281177,0,14.057244292579563,0,39.32904200000121
30,4,4,14.05,746,120,5672,5077,0.895098730606488,0.8397328881469115,595,6.6573913043478266,4614.684385130594,4705.4771715754105,5543,0.8962834917891098,0.8907119835921476,0.9074410163339383,0.016729032741790606,14.385703096912067,0.16687104482436604,0,14.05724678839353,0,44.08445799999754
30,4,4,14.05,747,120,5618,5078,0.9038803844784621,0.8518204911092294,540,6.627391304347826,4429.470233248034,4512.504949353189,5477,0.9027409372236959,0.9054134443783463,0.9004444444444445,0.004968999933901763,14.373214312334136,0.15820815798200386,0,14.05725270132095,0,37.768041999999696
30,4,4,14.05,748,120,5648,5079,0.8992563739376771,0.8687392055267703,569,5.546086956521738,4786.283269649044,4877.405655289803,5751,0.9047186932849365,0.896058394160584,0.903657448706512,0.00866029912435251,14.382616511939291,0.1669028326926006,0,14.05726035370486,0,42.727374999998574
30,4,4,14.05,749,120,5717,5077,0.8880531747419975,0.8855633802816901,640,5.468695652173913,5602.243271399071,5703.58429250401,6274,0.9019947961838681,0.8882746581320919,0.8731144631765749,0.028880333007293202,14.385648674185447,0.16687030180218235,0,14.057244190058226,0,41.02483299999949
30,4,4,14.05,750,120,5498,5079,0.9237904692615496,0.8886925795053003,419,4.661304347826087,3454.543216727572,3553.7726749247754,4166,0.9228070175438596,0.9206642066420664,0.933996383363472,0.01333217672140563,14.382756333514543,0.16689560943533766,0,14.057256342146895,0,37.35187500000029
30,4,4,14.05,751,120,5687,5077,0.8927378231053279,0.8266228430566968,610,8.234782608695653,4603.561888448488,4685.464241857197,5791,0.8867924528301887,0.8894783377541998,0.90770533446232,0.02091288163213134,14.385723214040565,0.1668701582356413,0,14.057246374649651,0,39.303250000000844
30,4,4,14.05,752,120,5530,5078,0.9182640144665462,0.9022421524663677,452,3.7456521739130433,3874.5852314123917,3977.7013121389814,4359,0.9141048824593129,0.918679302965454,0.9210754553339116,0.0069705728745986795,14.373168186876697,0.1582124396201965,0,14.057248079056551,0,37.17774999999892
30,4,4,14.05,753,120,5559,5077,0.9132937578701206,0.8725065047701648,482,5.9226086956521735,3846.127085365034,3930.970150381059,4774,0.9184027777777778,0.9152848959903527,0.9018348623853211,0.016567915392456722,14.385696819754495,0.16687303666250766,0,14.0572437178748,0,37.905791999997746
30,4,4,14.05,754,120,5625,5077,0.9025777777777778,0.8650042992261393,548,5.783478260869566,4681.774937385637,4773.650705936615,5686,0.8933454876937101,0.9051570835803201,0.9038128249566725,0.01181159588660996,14.385717726124803,0.16686841457614587,0,14.05724350520863,0,40.7064160000009
30,4,4,14.05,755,120,5734,5077,0.8854202999651203,0.8613013698630136,657,6.37,5524.812664653138,5611.371968988163,6395,0.8823529411764706,0.8869288606130712,0.8838821490467937,0.004575919436600628,14.385654338844637,0.1668700052306622,0,14.057246820673797,0,40.91566700000112
30,4,4,14.05,756,120,5588,5078,0.9087329992841804,0.8475147430497051,510,7.895652173913043,3858.62594003948,3935.380908523863,4843,0.9064171122994652,0.911335911930973,0.9031674208144796,0.008168491116493315,14.373169943204985,0.15821333145743993,0,14.057250840626615,0,44.5690829999985
30,4,4,14.05,757,120,5635,5078,0.901153504880213,0.8840070298769771,557,5.463478260869565,4780.119478642959,4872.743937976323,5532,0.9058721934369602,0.8984117470782139,0.9043859649122807,0.00746044635874632,14.373162499137239,0.1582072768874777,0,14.057252209154202,0,38.99825000000055
30,4,4,14.05,758,120,5502,5080,0.9233006179571065,0.8926353149955635,422,5.134347826086956,3458.9188042217806,3549.923534361204,4114,0.9227272727272727,0.9245683126325356,0.9200726612170754,0.004495651415460156,14.370201306379803,0.15821632598298233,0,14.057252678308572,0,34.903958999999304
30,4,4,14.05,759,120,5704,5077,0.8900771388499299,0.8334714167357083,627,7.616521739130435,4927.080549563947,5009.168585008017,6070,0.8862275449101796,0.8889541715628673,0.8974358974358975,0.011208352525717835,14.385704901564894,0.1668660030585746,0,14.057242140268412,0,39.56916700000147
30,4,4,14.05,760,120,5753,5078,0.8826699113505997,0.8439597315436241,675,6.92304347826087,5583.701863051596,5680.386817047726,6570,0.877177700348432,0.8823016564952049,0.8891752577319587,0.011997557383526702,14.384080869903405,0.1668912953209823,0,14.057257674413073,0,48.52024999999776
30,4,4,14.05,761,120,5562,5078,0.9129809421071557,0.8847845206684257,484,4.587826086956522,4126.173787545076,4218.051565373044,4871,0.916819012797075,0.9121561668145519,0.9116835326586936,0.0051354801383813875,14.373136447678746,0.15821089796036544,0,14.05725188185046,0,38.28733300000022
30,4,4,14.05,762,120,5581,5078,0.9098727826554381,0.8863436123348017,503,5.5956521739130425,4284.821519383111,4383.696362785794,5001,0.9099350046425255,0.912406576980568,0.902502157031924,0.009904419948643994,14.373146339034845,0.1582124378875264,0,14.057251855116695,0,39.098916000002646
30,4,4,14.05,763,120,5663,5077,0.896521278474307,0.8590947907771136,586,7.11391304347826,4714.2915607463665,4808.0932320397105,5692,0.8963414634146342,0.8969804618117229,0.8953386103781882,0.00164185143353468,14.385667728048524,0.1668697002208313,0,14.057245746477358,0,38.35987499999828
30,4,4,14.05,764,120,5607,5077,0.9054752987337257,0.903863432165319,530,5.290869565217391,4689.351565959556,4782.363029452462,5364,0.907075873827792,0.9070676691729324,0.8990081154192967,0.008067758408495274,14.385703027916556,0.16686514213574435,0,14.05724183296415,0,42.744957999999315
30,4,4,14.05,765,120,5792,5077,0.8765538674033149,0.8439597315436241,715,8.247391304347826,5785.197901259919,5865.122928158836,6894,0.8784965034965035,0.8767625493513819,0.8738656987295825,0.004630804766921015,14.385707426600874,0.16686187617250658,0,14.057241428291292,0,41.30000000000291
30,4,4,14.05,766,120,5708,5077,0.8894533987386125,0.8620394173093402,631,5.887391304347826,5352.237708957826,5438.738029452459,6361,0.8824546240276577,0.8923845927668332,0.8878260869565218,0.00992996873917551,14.385730618075655,0.16686744268913303,0,14.057242374318719,0,40.858125000002474
30,4,4,14.05,767,120,5587,5078,0.9088956506175049,0.8816827344434707,509,6.355652173913042,4366.317330635477,4454.988988623135,5352,0.9077060931899642,0.908077154912598,0.9124024284475282,0.004696335257563966,14.373141586515915,0.1582131833212154,0,14.057249038631584,0,38.72312500000044
30,4,4,14.05,768,120,5588,5077,0.908554044380816,0.8279835390946502,511,8.353043478260869,3740.6203554416315,3830.172575190531,4769,0.9195298372513563,0.9062312762133014,0.9047202797202797,0.0148095575310766,14.385678799669266,0.16687480382018657,0,14.057246738332658,0,36.58833299999969
30,4,4,14.05,769,120,5673,5078,0.8951172219284329,0.825944170771757,595,9.54695652173913,4531.757551560363,4610.547575190529,5833,0.9017699115044248,0.8905649216208222,0.9018932874354562,0.011328365814633923,14.373086713301147,0.15821082353692104,0,14.057250962753676,0,39.33299999999872
30,4,4,14.05,770,120,5572,5078,0.9113424264178033,0.9375582479030755,494,3.16,4478.625963843661,4570.706261492171,5027,0.907103825136612,0.9083855565502835,0.9243098842386465,0.017206059102034432,14.37321240554016,0.1582088089833998,0,14.057248143734952,0,37.030917000000045
30,4,4,14.5,741,120,5660,5232,0.9243816254416961,0.9126984126984127,428,4.3252173913043475,3590.103306540497,3689.7053023214953,4073,0.925893635571055,0.9260249554367201,0.9180470793374019,0.007977876099318215,15.074837689071868,0.14914053038339267,0,14.436436515406152,0,39.91741700000057
30,4,4,14.5,742,120,5466,5232,0.9571899012074643,0.9307553956834532,234,1.8178260869565217,2029.58867093173,2132.7340392699475,2332,0.9541627689429373,0.9580526638089406,0.9575596816976127,0.0038898948660033295,15.074877791674417,0.14913939923217218,0,14.436439874693354,0,34.23737500000061
30,4,4,14.5,743,120,5675,5232,0.9219383259911894,0.8816013628620102,443,5.599565217391303,3594.8011966081226,3682.248887329511,4431,0.9108826049700086,0.9223648850403106,0.9318377911993098,0.020955186229301148,15.074869733098508,0.1491399483510287,0,14.436436359417288,0,38.84100000000035
30,4,4,14.5,744,120,5530,5232,0.9461121157323689,0.8861301369863014,298,5.854347826086957,2054.78957045011,2142.621009817487,2917,0.9474137931034483,0.9459541984732824,0.9452054794520548,0.002208313651393512,15.07491882139657,0.14913929464298598,0,14.436436376190832,0,32.984583000001294
30,4,4,14.5,745,120,5605,5232,0.9334522747546833,0.9102902374670184,373,5.074782608695652,3204.4378432989233,3298.737070281786,3999,0.9415992812219227,0.9289994008388256,0.938474870017331,0.012599880383097117,15.07473056098477,0.14914139452621644,0,14.436437308142883,0,36.723291999998764
30,4,4,14.5,746,120,5672,5232,0.922425952045134,0.8639398998330551,440,5.401739130434783,3276.392617424105,3364.704343150821,3998,0.9282627484874676,0.9179607383533548,0.9301270417422868,0.012166303388931987,15.06233267762336,0.16123648369825103,0,14.436434808544666,0,39.104082999998354
30,4,4,14.5,747,120,5618,5232,0.9312922748309007,0.8763759525825572,386,5.314347826086956,3057.1292903923377,3148.5842925040088,3724,0.9301503094606542,0.9321832242712671,0.9297777777777778,0.0024054464934892827,15.074917803221659,0.14914057052918814,0,14.436436943389952,0,35.57066699999996
30,4,4,14.5,748,120,5648,5232,0.9263456090651558,0.8937823834196891,416,4.2904347826086955,3443.512026363856,3524.063382420769,4135,0.9301270417422868,0.9223357664233577,0.9348795718108831,0.01254380538752542,15.074904265182996,0.14914143718813364,0,14.43643595191225,0,41.760833000000275
30,4,4,14.5,749,120,5717,5232,0.91516529648417,0.9110915492957746,485,4.21304347826087,4185.987423689924,4275.023787595265,4866,0.9332176929748482,0.9121326738434682,0.9059449866903283,0.027272706284519943,15.074819662986583,0.14914112361674606,0,14.436433466255394,0,44.05958299999838
30,4,4,14.5,750,120,5498,5232,0.9516187704619862,0.9143109540636042,266,3.405652173913043,2048.5159026212,2134.4503529683075,2622,0.95,0.949569495694957,0.9593128390596745,0.009743343364717494,15.074964946476072,0.14914143281387557,0,14.436431636952127,0,36.5981670000001
30,4,4,14.5,751,120,5687,5232,0.9199929664146299,0.8504519309778144,455,6.979130434782608,3337.8815718844835,3408.593232039709,4446,0.921832884097035,0.9160035366931919,0.9297205757832345,0.013717039090042626,15.07481101352848,0.14913977369439063,0,14.436439028866692,0,40.50083399999858
30,4,4,14.5,752,120,5530,5232,0.9461121157323689,0.9282511210762332,298,2.4326086956521737,2433.732082955545,2530.242019634974,2872,0.9412296564195298,0.9464995414246408,0.9496964440589766,0.008466787639446749,15.074919163646156,0.14914111720864168,0,14.436435368317182,0,35.3559589999968
30,4,4,14.5,753,120,5559,5232,0.9411764705882353,0.8976582827406765,327,4.66695652173913,2459.9557032079542,2556.8797958533737,3095,0.9453125,0.9433222791679228,0.9302752293577982,0.015037270642201839,15.074844747441995,0.14914144894030798,0,14.436438158957733,0,36.630333000000974
30,4,4,14.5,754,120,5625,5232,0.9301333333333334,0.8899398108340498,393,4.527826086956522,3284.6864362693623,3381.4691912103845,3942,0.9225159525979946,0.9312388855957321,0.9341421143847487,0.01162616178675413,15.074813047235274,0.14914053348766773,0,14.436434637623549,0,39.73795800000153
30,4,4,14.5,755,120,5734,5232,0.9124520404604116,0.8861301369863014,502,5.114347826086957,4162.091638364919,4254.427524543719,5052,0.9099821746880571,0.9141122035858879,0.9098786828422877,0.004233520743600172,15.074865017153188,0.14913927860482243,0,14.43643633765555,0,40.07441699999981
30,4,4,14.5,756,120,5588,5232,0.9362920544022906,0.8719460825610783,356,6.582608695652173,2504.723841829184,2591.5296961191266,3316,0.9402852049910874,0.9372210651591788,0.9294117647058824,0.010873440285204983,15.074904080630754,0.14914167847016457,0,14.436435362770673,0,34.67045900000085
30,4,4,14.5,757,120,5635,5232,0.9284826974267968,0.9094903339191565,403,4.150434782608696,3390.909257812572,3480.468232039709,4030,0.92573402417962,0.9295774647887324,0.9280701754385965,0.0038434406091123474,15.07485983660458,0.14914189229394895,0,14.436435797190192,0,37.549957999999606
30,4,4,14.5,758,120,5502,5232,0.95092693565976,0.9183673469387755,270,3.821304347826087,2033.8877948875781,2139.1299493531883,2629,0.9545454545454546,0.9494092699182066,0.9518619436875567,0.005136184627247964,15.074902020092942,0.14914206281262246,0,14.436438889273772,0,32.676542000001064
30,4,4,14.5,759,120,5704,5232,0.9172510518934082,0.8574979287489644,472,6.36086956521739,3590.0218034844715,3670.018684742263,4546,0.913601368691189,0.9153936545240893,0.9266136162687887,0.013012247577599667,15.0747973656956,0.1491410472946471,0,14.436436521644987,0,37.951874999998836
30,4,4,14.5,760,120,5753,5232,0.9094385537980184,0.8682885906040269,521,5.667391304347826,4200.219618862554,4299.000805670861,4838,0.9076655052264808,0.9090380703283929,0.9123711340206185,0.004705628794137717,15.074893590292142,0.14914067193581823,0,14.436438834043996,0,39.9909579999985
30,4,4,14.5,761,120,5562,5232,0.9406688241639698,0.9102902374670184,330,3.2747826086956513,2739.802732801517,2827.3124232500936,3300,0.9414990859232175,0.9390712806861875,0.9448022079116836,0.005730927225496063,15.074853753458052,0.14913958891771345,0,14.436439228677594,0,34.10370799999873
30,4,4,14.5,762,120,5581,5232,0.9374664038702741,0.9118942731277533,349,4.282608695652174,2859.119357610643,2955.170503349365,3454,0.9405756731662024,0.9396113602391629,0.9283865401207938,0.012189133045408584,15.074876380432572,0.1491398860715824,0,14.436433963787932,0,36.067416999998386
30,4,4,14.5,763,120,5663,5232,0.9238919300723998,0.8838599487617421,431,5.8582608695652185,3386.385474797632,3469.554442885066,4370,0.9207317073170732,0.923919478981646,0.9270008795074758,0.006269172190402572,15.074766550227453,0.14913956153600055,0,14.436437469237793,0,36.91100000000006
30,4,4,14.5,764,120,5607,5232,0.933119315141787,0.9299191374663073,375,4.035217391304348,3262.081291184715,3356.9553023214953,3868,0.9343563512361467,0.9341353383458647,0.9287646528403968,0.005591698395749911,15.074843580132573,0.1491424752477062,0,14.436434497141414,0,38.71220900000117
30,4,4,14.5,765,120,5792,5232,0.9033149171270718,0.8682885906040269,560,6.991739130434782,4483.67108636337,4567.192372603281,5417,0.8968531468531469,0.9055273547659335,0.9029038112522686,0.008674207912786613,15.074900889528003,0.14914135217982585,0,14.436433754134661,0,37.541041000000405
30,4,4,14.5,766,120,5708,5232,0.9166082690960056,0.8868894601542416,476,4.631739130434783,4027.4963910945557,4106.941413432606,4865,0.9118409680207433,0.9194354601587769,0.9130434782608695,0.007594492138033537,15.062332275548163,0.16123830784302917,0,14.436435156720941,0,40.25154100000145
30,4,4,14.5,767,120,5587,5232,0.9364596384463935,0.9070990359333918,355,5.0426086956521745,2991.28811147076,3080.918585008016,3663,0.9408602150537635,0.9333936106088004,0.9410234171725932,0.0076298065637927515,15.074862137609292,0.1491425931722557,0,14.436438492500322,0,37.48504099999991
30,4,4,14.5,768,120,5588,5232,0.9362920544022906,0.8518518518518519,356,7.097391304347826,2365.157799995902,2452.756867694537,3273,0.9448462929475587,0.9343918514080287,0.9335664335664335,0.01127985938112519,15.074874330301009,0.14914387546959504,0,14.436442524356329,0,32.91883299999972
30,4,4,14.5,769,120,5673,5232,0.9222633527234267,0.8497536945812808,441,8.23391304347826,3269.1186613888653,3346.665553996177,4456,0.9283185840707965,0.9174800354924578,0.9302925989672978,0.012812563474839944,15.074795425423103,0.14914136539604214,0,14.436436174043196,0,35.65799999999945
30,4,4,14.5,770,120,5572,5232,0.9389806173725772,0.9645852749301025,340,1.8469565217391304,3081.6326462337956,3175.6071209285983,3554,0.9380692167577414,0.9370337212772307,0.9456812110418522,0.008647489764621485,15.07482950072773,0.14913880126401738,0,14.436437420049968,0,36.10900000000038
30,4,4,15,741,120,5660,5409,0.9556537102473498,0.9453262786596119,251,2.8178260869565217,1954.0538832351617,2048.419544178691,2409,0.95640802092415,0.9590017825311943,0.9450741063644289,0.01392767616676538,15.318170827317983,0.15807515697563382,0,14.983122042411248,0,36.080666000001656
30,4,4,15,742,120,5466,5409,0.9895718990120747,0.9676258992805755,57,0.18608695652173898,348.37413372905365,450.140807230239,461,0.9850327408793265,0.9898958971218617,0.9929266136162688,0.007893872736942309,15.31960566716314,0.1577533365139407,0,14.983956537664406,0,25.685292000001937
30,4,4,15,743,120,5675,5407,0.9527753303964758,0.9131175468483816,268,4.206956521739131,2060.744086966967,2154.2806552898023,2840,0.9425878320479862,0.9513287548521947,0.9672131147540983,0.024625282706112084,15.318366407093924,0.157504868360779,0,14.98312412574814,0,34.901332999997976
30,4,4,15,744,120,5530,5409,0.978119349005425,0.9212328767123288,121,4.292173913043478,503.31635169580545,598.5932320397096,1079,0.9827586206896551,0.9761832061068703,0.9789954337899544,0.0065754145827848776,15.406472962080885,0.16099525261059316,0,15.066881322690863,0,25.182458999999653
30,4,4,15,745,120,5605,5410,0.9652096342551294,0.9437115215479331,195,3.5173913043478264,1646.013495096591,1733.5127762183995,2279,0.9703504043126685,0.9625524266027562,0.9679376083188909,0.007797977709912307,15.368128610280401,0.15159727649212243,0,15.024791111008971,0,36.10108299999774
30,4,4,15,746,120,5672,5409,0.9536318758815233,0.8956594323873122,263,3.9017391304347826,1738.5341229578937,1824.9185850080164,2265,0.9541918755401901,0.9510694403750366,0.9609800362976406,0.009910595922604015,15.368159891748661,0.15202475118160283,0,15.024795225403004,0,37.56762499999968
30,4,4,15,747,120,5618,5408,0.9626201495194019,0.9085520745131245,210,3.8717391304347832,1486.551871213901,1585.421616019855,1940,0.9566755083996463,0.9643069601427722,0.9635555555555556,0.00763145174312585,15.368473846467518,0.15246921248742132,0,15.0247896944975,0,30.218124999999418
30,4,4,15,748,120,5648,5408,0.9575070821529745,0.92573402417962,240,2.8404347826086958,1868.0051403172924,1970.187423250093,2300,0.9582577132486388,0.9550364963503649,0.9643175735950045,0.009281077244639557,15.318170441999527,0.15778209905269455,0,14.983128294168012,0,38.21404199999961
30,4,4,15,749,120,5717,5408,0.9459506734301207,0.9445422535211268,309,2.7704347826086955,2582.5158937563406,2686.576312138982,3023,0.9592367736339983,0.9453011347105034,0.9343389529724934,0.02489782066150492,15.3683986498027,0.15246864954064185,0,15.024791672283989,0,47.49358299999949
30,4,4,15,750,120,5498,5409,0.9838122953801383,0.950530035335689,89,1.7739130434782608,447.84308038887565,555.3938382420774,870,0.9850877192982456,0.9818573185731857,0.9882459312839059,0.006388612710720221,15.319675278127137,0.1577517438210547,0,14.983956026764984,0,28.11804199999824
30,4,4,15,751,120,5687,5407,0.950764902409003,0.8808545603944125,280,5.5865217391304345,1891.811669068019,1973.3253529683082,2827,0.954177897574124,0.9484232242852932,0.9542760372565622,0.005852812971268939,15.318365774042325,0.1575060809551665,0,14.983121987676912,0,64.63116700000319
30,4,4,15,752,120,5530,5409,0.978119349005425,0.9614349775784753,121,0.9252173913043479,783.113329075084,888.4830800992728,1085,0.9737793851717902,0.9773769489452767,0.98438855160451,0.010609166432719808,15.318200831596444,0.15807655137599752,0,14.983121903195922,0,32.274750000000495
30,4,4,15,753,120,5559,5408,0.9728368411584818,0.9297484822202949,151,3.2169565217391303,863.2857543055703,959.3074738969057,1293,0.9748263888888888,0.9737714802532409,0.9678899082568807,0.006936480632008135,15.318289244211227,0.15778169976754933,0,14.983128536416286,0,32.68595899999855
30,4,4,15,754,120,5625,5410,0.9617777777777777,0.9226139294926913,215,2.970434782608696,1692.1452072188129,1790.10408991676,2156,0.9580674567000912,0.9605809128630706,0.9688041594454073,0.010736702745316129,15.368171544073503,0.15160009879671732,0,15.024793409860377,0,37.46233300000313
30,4,4,15,755,120,5734,5409,0.9433205441227764,0.9178082191780822,325,3.6069565217391304,2568.883243098779,2673.3689379763227,3084,0.9420677361853832,0.9465008675534992,0.9350086655112652,0.011492202042234001,15.318124070891423,0.15807312367111298,0,14.98312730785922,0,36.189166000000114
30,4,4,15,756,120,5588,5409,0.967967072297781,0.9039595619208087,179,5.082608695652174,983.1377310114237,1073.5485343612038,1730,0.9607843137254902,0.9687592978280274,0.9728506787330317,0.012066365007541435,15.368270257481095,0.15202670693121945,0,15.024795633977968,0,27.77258300000176
30,4,4,15,757,120,5635,5410,0.9600709849157054,0.9446397188049209,225,2.592173913043478,1792.4933092356005,1895.85408991676,2228,0.9620034542314335,0.9574468085106383,0.9657894736842105,0.008342665173572184,15.342733720915936,0.1561564271864205,0,15.025213346707524,0,33.30724999999802
30,4,4,15,758,120,5502,5408,0.9829153035259905,0.9520851818988465,94,2.3786956521739127,407.93201706401146,506.1229281588373,855,0.9836363636363636,0.9821266282944562,0.9845594913714805,0.002432863077024283,15.368527166779687,0.15246993881189272,0,15.024790419841503,0,26.686249999998836
30,4,4,15,759,120,5704,5410,0.9484572230014026,0.8889809444904723,294,4.803478260869565,2107.4341741888543,2180.7766651072884,2929,0.9401197604790419,0.9468272620446534,0.9619805481874447,0.02186078770840283,15.368104964375723,0.15159952663299156,0,15.024794201330302,0,36.915875000002416
30,4,4,15,760,120,5753,5407,0.9398574656700852,0.8993288590604027,346,4.274782608695652,2626.868698563908,2723.521715754101,3255,0.9355400696864111,0.9401336820691659,0.9432989690721649,0.0077588993857538036,15.318344816237685,0.15750237215254373,0,14.983123284893507,0,40.21949999999924
30,4,4,15,761,120,5562,5407,0.9721323265012586,0.9428320140721196,155,1.8821739130434783,1132.3345668771392,1229.8858578770512,1461,0.9789762340036563,0.9701271813073056,0.9714811407543699,0.008849052696350723,15.318347631889601,0.15750276502199592,0,14.983125383359534,0,30.60066700000243
30,4,4,15,762,120,5581,5410,0.9693603296900197,0.945374449339207,171,2.725217391304348,1233.5152126304667,1332.113029452461,1749,0.9767873723305478,0.9692077727952167,0.9628990509059534,0.013888321424594396,15.368102196005465,0.15159932845741167,0,15.024792998256354,0,37.040249999998196
30,4,4,15,763,120,5663,5408,0.9549708634999117,0.9163108454312553,255,4.415652173913044,1839.5770027643175,1929.984998440622,2391,0.955574912891986,0.9547069271758437,0.9551451187335093,0.0008679857161423277,15.368366018978696,0.1524701770024062,0,15.024790795246984,0,32.979708000002574
30,4,4,15,764,120,5607,5409,0.9646869983948636,0.963162623539982,198,2.5278260869565217,1619.0424222062713,1725.3362108453578,1981,0.9676044330775788,0.9639097744360903,0.9639314697926059,0.0036946586414885463,15.31814499700689,0.15807487924888874,0,14.983122492156781,0,35.789333999997325
30,4,4,15,765,120,5792,5407,0.9335290055248618,0.8993288590604027,385,5.59913043478261,2995.4911477131586,3079.321362785795,3818,0.9283216783216783,0.9354201917653694,0.9328493647912885,0.007098513443691057,15.318455685095017,0.1575044209027251,0,14.98312284724805,0,36.06916700000147
30,4,4,15,766,120,5708,5408,0.9474421864050455,0.919451585261354,300,3.1891304347826086,2502.8804192037132,2591.7855892071575,2996,0.9394987035436474,0.9511908262275801,0.9443478260869566,0.011692122683932715,15.368343372490443,0.15247089129304822,0,15.024790409503685,0,43.87537499999962
30,4,4,15,767,120,5587,5410,0.9683193126901736,0.9404031551270815,177,3.485217391304348,1389.9923865011544,1492.5704036151192,1902,0.9704301075268817,0.9674502712477396,0.96877710320902,0.002979836279142112,15.368146546570737,0.15159932663246234,0,15.024794125542721,0,33.06620800000019
30,4,4,15,768,120,5588,5407,0.9676091624910522,0.8823045267489712,181,5.704782608695652,837.1966203818894,931.8223219564688,1644,0.9701627486437613,0.9676452965847813,0.965034965034965,0.005127783608796288,15.318422733726898,0.15750513882038353,0,14.983123311627272,0,31.362708000000566
30,4,4,15,769,120,5673,5408,0.9532875022034197,0.8801313628899836,265,6.783913043478261,1828.1294167404228,1902.003836682699,2876,0.9548672566371681,0.9494232475598935,0.9629948364888123,0.013571588928918854,15.318245473491364,0.15778436744514807,0,14.983121790202746,0,35.49766699999964
30,4,4,15,770,120,5572,5409,0.9707465900933238,1,163,0.34695652173913044,1462.8134710873771,1566.0902010278708,1737,0.9699453551912568,0.9704565801253358,0.9723953695458593,0.002450014354602459,15.36829748723918,0.15202936132674907,0,15.024792388918415,0,32.91204199999993
30,4,4,15.5,741,120,5660,5581,0.9860424028268551,0.9797178130511464,79,1.3456521739130434,390.3600052497998,492.79757519052964,669,0.985178727114211,0.988116458704694,0.980819529206626,0.007296929498068039,16.116140203564726,0.1366166609204182,0,15.530227943594221,0,36.99595799999952
30,4,4,15.5,742,120,5466,5464,0.9996341017197219,0.9982014388489209,2,-0.01391304347826087,1.3184778882101242,7.500805670860245,6,1,0.9996938150642989,0.9991158267020336,0.0008841732979664174,26.827801663495077,1.5418519104690303,0,15.530013796038597,0,25.785124999998516
30,4,4,15.5,743,120,5675,5581,0.9834361233480177,0.9463373083475298,94,2.62,557.4270948369957,659.9195441786911,776,0.9768637532133676,0.9826813974320693,0.9922346850733391,0.015370931859971515,16.11624532565183,0.1366192112173111,0,15.53023303257457,0,29.049707999998645
30,4,4,15.5,744,120,5530,5530,1,1.0008561643835616,0,-0.029130434782608697,1.4188402478675124,8.52649617164055,0,1,1,1,0,25.37550865758344,1.8510192432353774,0,16.28859421923922,0,22.316125000001193
30,4,4,15.5,745,120,5605,5581,0.9957181088314006,0.9859278803869833,24,1.7926086956521738,157.4065959002181,241.10504908743437,209,0.9964061096136568,0.9955062911923307,0.9956672443674177,0.0008998184213261373,16.293991414014553,0.3571962412820794,0,15.656693793323027,0,23.939291999999114
30,4,4,15.5,746,120,5672,5580,0.9837799717912553,0.9298831385642737,92,2.402173913043478,248.65289461559655,345.9562614921697,768,0.9809853068280034,0.9830061529446235,0.9891107078039928,0.00812540097598935,16.1668071204921,0.29114974011322886,0,15.572316945947163,0,26.253709000000526
30,4,4,15.5,747,120,5618,5581,0.9934140263438946,0.9712108382726503,37,1.4421739130434783,71.38344141750667,132.31624449695846,402,0.995579133510168,0.9928613920285544,0.9928888888888889,0.0027177414816136336,16.711143343500265,1.0792760383960625,0,16.035249975902786,0,23.726666000002297
30,4,4,15.5,748,120,5648,5581,0.9881373937677054,0.959412780656304,67,1.2952173913043479,334.2512287661032,432.1923726032813,658,0.9900181488203267,0.9883211678832117,0.9857270294380018,0.004291119382324848,16.103613063468412,0.15273015425122385,0,15.530230276094391,0,29.525958999998693
30,4,4,15.5,749,120,5717,5581,0.9762112996326745,0.9779929577464789,136,1.2334782608695651,1014.1703220251782,1117.2370702817861,1288,0.98438855160451,0.9741053244108234,0.974267968056788,0.010283227193686573,16.11619586272594,0.13661636514953637,0,15.530230190921072,0,39.08954200000153
30,4,4,15.5,750,120,5498,5496,0.9996362313568571,1,2,-0.006521739130434782,1.7680307346961037,8.634714334895156,15,1,0.9993849938499385,1,0.0006150061500614923,25.906289896408193,0.6523838826096178,0,15.783358631805411,1,19.446625000000495
30,4,4,15.5,751,120,5687,5581,0.9813609987691225,0.923582580115037,106,3.8943478260869564,445.2043035771697,537.1784837143923,888,0.9829290206648698,0.9805481874447391,0.9822184589331076,0.002380833220130607,16.26809254312024,0.5080144701893415,0,15.698780621304527,0,25.76299999999901
30,4,4,15.5,752,120,5530,5529,0.9998191681735985,0.9991031390134529,1,0.010434782608695653,1.2206107391703005,7.302324736403534,9,1,0.9996942830938551,1,0.0003057169061448928,22.53456197358443,0.9452343264778502,0,15.530845718006999,1,20.598249999999098
30,4,4,15.5,753,120,5559,5557,0.9996402230617017,1,2,-0.010869565217391304,1.4154297864643028,8.290323317199181,7,1,0.999397045523063,1,0.0006029544769370343,21.81451430178707,1.065378106600952,0,16.077960738956403,0,19.521333000000595
30,4,4,15.5,754,120,5625,5581,0.9921777777777778,0.9638865004299226,44,1.396086956521739,175.24064651204705,271.0574738969053,356,0.9927073837739289,0.991701244813278,0.9930675909878682,0.001366346174590194,16.204925692935998,0.286074901125689,0,15.656695353660425,0,26.24162499999875
30,4,4,15.5,755,120,5734,5581,0.9733170561562609,0.9511986301369864,153,2.134782608695652,1029.1808681552675,1134.902624277964,1387,0.9723707664884136,0.9745517640254482,0.9705372616984402,0.004014502327007952,16.116142503881736,0.13661698899814936,0,15.530232343035339,0,33.617042000001675
30,4,4,15.5,756,120,5588,5579,0.9983894058697208,0.9924178601516428,9,0.17347826086956522,2.5751471303406888,13.335082739035292,64,0.9991087344028521,0.9982148170187444,0.9981900452488688,0.0009186891539832986,20.47502059853855,2.3163897998696603,0,16.41485102352393,0,19.713083999995433
30,4,4,15.5,757,120,5635,5581,0.9904170363797693,0.9753954305799648,54,1.15,245.61825081422876,344.0574738969056,522,0.9905008635578584,0.989211866946359,0.993859649122807,0.004647782176448012,16.103580596676846,0.152892914907141,0,15.530025751857039,0,26.919165999999677
30,4,4,15.5,758,120,5502,5500,0.9996364958197019,1,2,-0.008695652173913044,1.6747277553429032,9.316229061125947,14,0.9990909090909091,1,0.9990917347865577,0.0009090909090908594,26.17087612434608,1.036319645539613,0,15.78231123040896,0,20.424041999998735
30,4,4,15.5,759,120,5704,5581,0.9784361851332398,0.9204639602319801,123,3.381304347826087,639.3506346012173,736.6427255715874,972,0.9717707442258341,0.9785546415981199,0.9849690539345711,0.013198309708737033,16.11618311192347,0.13661841173286718,0,15.53022806817586,0,27.359624999997322
30,4,4,15.5,760,120,5753,5581,0.9701025551885972,0.9320469798657718,172,2.687826086956522,1122.6411080112816,1215.3599984406221,1586,0.9651567944250871,0.9718105201976169,0.9699312714776632,0.006653725772529873,16.11611790937915,0.13661873809463057,0,15.530230408378552,0,34.84633400000166
30,4,4,15.5,761,120,5562,5558,0.9992808342322905,0.9982409850483729,4,0.021739130434782615,1.5693936872013587,9.589057485715784,32,1,0.9991126885536823,0.9990800367985281,0.0009199632014719183,19.225306647203574,0.7735238410079038,0,15.86691135172331,1,21.088915999993333
30,4,4,15.5,762,120,5581,5580,0.999820820641462,1.001762114537445,1,0.014347826086956521,1.9709339421252394,14.340032092222827,22,1,1,0.999137187230371,0.0008628127696289623,18.3526424561593,1.0975054722303268,0,15.908780181253546,0,20.90245799999684
30,4,4,15.5,763,120,5663,5581,0.9855200423803637,0.946199829205807,82,2.8834782608695653,327.67554824441,422.5991405635714,765,0.9860627177700348,0.9837181764357608,0.990325417766051,0.0066072413302902255,16.09096938402173,0.1461980246064971,0,15.488144500760646,0,26.911584000001312
30,4,4,15.5,764,120,5607,5581,0.9953629391831639,0.9973045822102425,26,0.9113043478260869,76.06102790441983,156.1348987063766,278,0.9965899403239556,0.9942857142857143,0.9972948602344455,0.00300914594873114,16.267156153421027,0.35614435717045184,0,15.53002233442884,0,25.9462910000002
30,4,4,15.5,765,120,5792,5581,0.9635704419889503,0.9320469798657718,211,3.9965217391304346,1546.648544693421,1639.146715754101,2204,0.9615384615384616,0.9655950366610265,0.9591651542649727,0.006429882396053799,16.103667220766297,0.15273061482058517,0,15.530229973069822,0,32.95195799999783
30,4,4,15.5,766,120,5708,5581,0.9777505255781359,0.9520137103684662,127,1.652173913043478,978.8948869142058,1072.9770180755957,1228,0.975799481417459,0.9794178182887386,0.9747826086956521,0.004635209593086498,16.11620850934407,0.1366168841542595,0,15.530226897201468,0,34.724709000001894
30,4,4,15.5,767,120,5587,5581,0.9989260783962771,0.9956178790534619,6,0.4656521739130435,14.127189437501354,53.04244146586128,51,1,0.9987944544906571,0.9982653946227233,0.0017346053772766545,17.20305152229563,1.3579865470655157,0,15.908573262574615,0,25.515332999995735
30,4,4,15.5,768,120,5588,5579,0.9983894058697208,0.9934156378600824,9,0.07130434782608695,2.2003154683164055,11.690131826469345,76,0.9990958408679927,0.9982025164769323,0.9982517482517482,0.0008933243910604904,21.826662396540485,2.76926553651913,0,16.835484097483565,0,19.988707999997132
30,4,4,15.5,769,120,5673,5581,0.98378283095364,0.9269293924466339,92,4.995217391304347,438.4292626001847,515.8729281588357,980,0.9911504424778761,0.9795918367346939,0.9888123924268503,0.011558605743182238,16.407011095162073,0.708887485714615,0,15.782743196902999,0,25.873500000001513
30,4,4,15.5,770,120,5572,5567,0.999102656137832,1.02143522833178,5,-0.56,29.793765024813005,68.75573958821558,55,0.9981785063752276,0.9994031632348552,0.9991095280498664,0.001224656859627582,16.82380697447998,0.5905992589524232,0,15.319804806845136,1,22.315875000000233
30,4,4,16,741,120,5660,5658,0.9996466431095407,1,2,-0.03956521739130436,1.3981138467242358,9.23097738644295,13,1,0.9997029114676174,0.999128160418483,0.0008718395815170421,26.919104926213453,1.0560094734004228,0,15.825229638240712,0,21.177583000004233
30,4,4,16,742,120,5466,5464,0.9996341017197219,0.9982014388489209,2,-0.01391304347826087,1.3127547625939573,7.463129186707192,6,1,0.9996938150642989,0.9991158267020336,0.0008841732979664174,38.65089223679501,1.1038557664986743,0.20833333333333334,15.695839032017352,0,19.5346669999999
30,4,4,16,743,120,5675,5670,0.9991189427312775,0.995741056218058,5,0.046086956521739136,1.2882969382286884,8.030486354154164,36,0.998286203941731,0.9991042102120036,1,0.001713796058269046,25.315559010396502,1.412738924562285,0,16.330050995822905,0,20.474708000001556
30,4,4,16,744,120,5530,5530,1,1.0008561643835616,0,-0.03391304347826087,1.4571396500862883,8.645587647778484,0,1,1,1,0,37.934736220397745,1.1831428550483183,0,16.454415468749367,0,22.479792000005546
30,4,4,16,745,120,5605,5605,1,1.0017590149516271,0,0.003043478260869568,1.5684288674730742,8.79834998972395,0,1,1,1,0,29.622562442225046,1.0086063848042974,0,15.909192777316926,0,20.442707999995037
30,4,4,16,746,120,5672,5670,0.9996473906911142,0.9991652754590985,2,0.02608695652173913,1.8806521746737235,10.87373382969569,14,0.9991356957649092,0.9997070026369763,1,0.0008643042350907626,28.587203695630123,0.8496445214003885,0,16.750474973820946,1,21.574666000000434
30,4,4,16,747,120,5618,5616,0.9996440014239943,1.0008467400508043,2,0.015217391304347827,1.764662487447405,9.69107556131045,16,1,0.9994051160023796,1,0.0005948839976204212,31.238072952615312,1.2277461779164087,0,16.540051633870476,0,21.40274999999383
30,4,4,16,748,120,5648,5644,0.9992917847025495,1,4,0.06565217391304348,1.3700003119735273,8.481798493135708,16,0.9981851179673321,0.9994160583941606,1,0.001814882032667886,27.613662207251735,0.5906012378816934,0,16.16191007690873,1,20.240458000000217
30,4,4,16,749,120,5717,5714,0.9994752492566031,0.9982394366197183,3,0.08434782608695653,1.7312110227015758,10.221915222592846,11,1,0.999127145766657,1,0.0008728542333430456,20.919906526515568,0.9144393246191885,0,15.866697840616986,1,20.463708999996015
30,4,4,16,750,120,5498,5496,0.9996362313568571,1,2,-0.002608695652173914,1.744392592830888,8.691229061125341,15,1,0.9993849938499385,1,0.0006150061500614923,38.99700549365732,0.6661771971028978,0.041666666666666664,16.073554424952928,1,20.216082999999344
30,4,4,16,751,120,5687,5684,0.9994724810972393,0.9983566146261298,3,0.03173913043478261,1.3351702030797834,8.210098174868108,10,0.9991015274034142,0.9997052755673446,0.9991532599491956,0.0006037481639303843,26.76734007360743,2.2861231781385447,0,16.920070392065163,0,23.330000000001746
30,4,4,16,752,120,5530,5529,0.9998191681735985,0.9991031390134529,1,0.010434782608695653,1.2067028732576555,7.255708716549331,9,1,0.9996942830938551,1,0.0003057169061448928,37.93573155765241,1.6115545711071437,0.08333333333333333,15.655212047348094,0,21.212375000002794
30,4,4,16,753,120,5559,5557,0.9996402230617017,1,2,-0.010869565217391304,1.4112397423397847,8.211970208718716,7,1,0.999397045523063,1,0.0006029544769370343,37.52847632914568,0.5809832237979314,0,16.16086549403555,1,21.282416999994894
30,4,4,16,754,120,5625,5621,0.9992888888888889,0.998280309544282,4,-0.006956521739130435,1.799174325438297,10.521546818453013,16,1,0.9991108476585655,0.9991334488734835,0.000889152341434496,29.368483489502612,0.774991379701639,0,16.245454428579645,1,21.47129099999438
30,4,4,16,755,120,5734,5732,0.9996512033484478,1.0008561643835616,2,0.03695652173913044,1.8212515281471906,10.120671946192184,15,1,0.9994216310005783,1,0.0005783689994216523,20.605799328448114,0.8447426351624173,0,16.330052095486305,1,20.679958000000624
30,4,4,16,756,120,5588,5588,1,1,0,0.01347826086956522,1.7545482149022875,10.356783057302891,0,1,1,1,0,33.996289125580496,1.3108742408736136,0,16.541094731533832,0,20.081000000005588
30,4,4,16,757,120,5635,5632,0.9994676131322094,1,3,0.025652173913043474,1.475860480049867,8.580133385847452,8,0.9991364421416234,0.9994006592747977,1,0.0008635578583765513,28.197170931488277,0.6822558538657792,0,15.867528236424526,1,21.62195800000336
30,4,4,16,758,120,5502,5500,0.9996364958197019,1,2,-0.007391304347826087,1.6426791444498106,9.288451283347968,14,0.9990909090909091,1,0.9990917347865577,0.0009090909090908594,38.08207568385433,1.178470234750888,0,15.865223111646584,0,19.443624999999884
30,4,4,16,759,120,5704,5701,0.9994740532959326,1.0008285004142503,3,0.04521739130434783,2.05711090900353,10.58206716302963,17,0.998289136013687,0.9997062279670975,1,0.0017108639863130382,24.633989186482065,1.7735930050316706,0,16.835696382999018,0,20.512792000001355
30,4,4,16,760,120,5753,5747,0.998957065878672,0.99748322147651,6,0.10043478260869565,3.522980838713573,18.148480595635192,62,0.9991289198606271,0.998546934030805,1,0.0014530659691950332,19.61936157718898,1.1638275424840803,0,16.624439306607442,0,22.577209000002767
30,4,4,16,761,120,5562,5561,0.9998202085580726,1.0008795074758134,1,-0.022608695652173914,1.507056047198371,8.764663688083905,8,1,1,0.9990800367985281,0.0009199632014719183,33.47281209140238,0.8946858989106263,0,15.908983634638249,1,21.97137500000099
30,4,4,16,762,120,5581,5581,1,1.0026431718061675,0,-0.07391304347826086,1.238518495815331,8.442219103465504,0,1,1,1,0,31.653686420623583,1.2456950150700021,0,15.8260700480657,0,19.867249999995693
30,4,4,16,763,120,5663,5662,0.99982341515098,1.0008539709649873,1,-0.011304347826086957,1.7578995957174088,10.375636735212538,10,1,0.9997039668442865,1,0.000296033155713471,27.71386209410422,1.0219647091472275,0,16.33067406203983,0,21.858915999997407
30,4,4,16,764,120,5607,5606,0.9998216515070447,1.0008984725965857,1,-0.04434782608695652,1.3045001809347354,8.110926739631395,2,1,0.9996992481203008,1,0.0003007518796992459,30.39158069946426,1.3168068929654697,0,15.572302822704605,0,21.959999999999127
30,4,4,16,765,120,5792,5757,0.993957182320442,0.9714765100671141,35,1.7521739130434784,106.48729701108535,172.72110955173352,390,0.993006993006993,0.9946418499717992,0.9927404718693285,0.0019013781024707077,16.802152559980364,0.6411024883893507,0,16.161919824037273,0,23.846708000004583
30,4,4,16,766,120,5708,5705,0.9994744218640504,0.998286203941731,3,-0.0021739130434782626,2.1494824586214625,10.78641031384935,10,1,0.9991179064980888,1,0.000882093501911152,21.297684712140526,0.9449440773037429,0,16.287751213478536,1,20.31737499999872
30,4,4,16,767,120,5587,5585,0.9996420261320924,0.9991235758106923,2,-0.017826086956521738,1.498158171674189,8.73387033429905,16,1,0.9996986136226642,0.9991326973113617,0.0008673026886383273,32.32537208595477,0.940560135928396,0,15.909400888354384,1,21.37987499999872
30,4,4,16,768,120,5588,5587,0.9998210450966356,1,1,-0.023478260869565216,2.096430236216883,11.162338612858852,6,1,0.9997004194128221,1,0.0002995805871779389,34.89481034057038,1.7709855089614943,0,16.961522857095385,0,22.397417000000132
30,4,4,16,769,120,5673,5672,0.9998237264234091,1.0016420361247949,1,0.003043478260869565,1.67320392728589,9.894643912936772,3,1,0.9997042295178941,1,0.00029577048210593926,26.98366794421828,3.3074219379986776,0,17.004032642004294,0,19.912540999997873
30,4,4,16,770,120,5572,5571,0.9998205312275664,1.0009319664492078,1,0.035217391304347825,1.4620096005405303,8.098987063756491,16,0.9990892531876139,1,1,0.0009107468123861207,30.34131086156917,2.301385732353417,0,14.983535867015526,0,21.19287500000064
30,4,4,17,741,120,5660,5658,0.9996466431095407,1,2,-0.03956521739130436,1.3932041564678332,9.21213914436612,13,1,0.9997029114676174,0.999128160418483,0.0008718395815170421,39.59088519300003,0.5173086401255138,0.4583333333333333,16.19834329131776,0,20.966667000000598
30,4,4,17,742,120,5466,5464,0.9996341017197219,0.9982014388489209,2,-0.01391304347826087,1.3127547625939573,7.463129186707192,6,1,0.9996938150642989,0.9991158267020336,0.0008841732979664174,39.75700391605796,0.3973799735387891,0.5,15.778754222300591,0,19.19433299999946
30,4,4,17,743,120,5675,5670,0.9991189427312775,0.995741056218058,5,0.046086956521739136,1.2752710546647166,7.844022274736441,36,0.998286203941731,0.9991042102120036,1,0.001713796058269046,39.27639448567391,0.8559354790190864,0.3333333333333333,16.537329532438562,0,20.427667000003566
30,4,4,17,744,120,5530,5530,1,1.0008561643835616,0,-0.029130434782608697,1.4131849387763968,8.497759223188345,0,1,1,1,0,39.490990335101465,0.4932613091323545,0.3333333333333333,16.578790035713844,0,20.74158400000306
30,4,4,17,745,120,5605,5605,1,1.0017590149516271,0,0.003043478260869568,1.5814307915775991,8.880708716549938,0,1,1,1,0,39.66567956268248,0.36822330319174346,0.3333333333333333,16.07502372527941,0,19.876583000004757
30,4,4,17,746,120,5672,5670,0.9996473906911142,0.9991652754590985,2,0.02608695652173913,1.884574030591934,10.857911163625127,14,0.9991356957649092,0.9997070026369763,1,0.0008643042350907626,39.01168882157145,0.928837387478939,0.20833333333333334,16.916301960663937,1,21.11520799999562
30,4,4,17,747,120,5618,5616,0.9996440014239943,1.0008467400508043,2,0.015217391304347827,1.7558256682606919,9.750621299378812,16,1,0.9994051160023796,1,0.0005948839976204212,39.07594859649792,0.7811601693515579,0.25,16.7058785847118,1,21.12262500000361
30,4,4,17,748,120,5648,5644,0.9992917847025495,1,4,0.06565217391304348,1.3682334378868393,8.503652311218199,16,0.9981851179673321,0.9994160583941606,1,0.001814882032667886,39.65593453964949,0.4377150143498985,0.375,16.327739684721788,0,20.006583000002138
30,4,4,17,749,120,5717,5714,0.9994752492566031,0.9982394366197183,3,0.07782608695652174,1.6641503691633523,8.85392098111212,11,1,0.999127145766657,1,0.0008728542333430456,39.66959627257583,0.5132261303010638,0.4583333333333333,15.991063602562066,0,20.562708999997994
30,4,4,17,750,120,5498,5496,0.9996362313568571,1,2,-0.002608695652173914,1.7440777929814848,8.630724152382149,15,1,0.9993849938499385,1,0.0006150061500614923,39.716761563370945,0.4165709245650326,0.4583333333333333,16.073556332498356,0,24.490083000004233
30,4,4,17,751,120,5687,5684,0.9994724810972393,0.9983566146261298,3,0.03173913043478261,1.3274108484512197,8.163482155013904,10,0.9991015274034142,0.9997052755673446,0.9991532599491956,0.0006037481639303843,36.25604356181434,1.1634637115585413,0,17.00298150054937,0,24.225124999997206
30,4,4,17,752,120,5530,5529,0.9998191681735985,0.9991031390134529,1,0.010434782608695653,1.2093328807365473,7.255708716549331,9,1,0.9996942830938551,1,0.0003057169061448928,39.796533440989485,0.34802220531605843,0.625,15.738126331523832,0,19.47795799999585
30,4,4,17,753,120,5559,5557,0.9996402230617017,1,2,-0.010869565217391304,1.4127905001531313,8.290338753031696,7,1,0.999397045523063,1,0.0006029544769370343,39.74219004098715,0.37907334704751633,0.5833333333333334,16.285239468254915,0,21.745083999994677
30,4,4,17,754,120,5625,5621,0.9992888888888889,0.998280309544282,4,-0.01695652173913044,1.8165098318359132,11.020603083610998,16,1,0.9991108476585655,0.9991334488734835,0.000889152341434496,39.59847922681464,0.4729712466188096,0.4166666666666667,16.494193006624975,0,24.32179200000246
30,4,4,17,755,120,5734,5732,0.9996512033484478,1.0008561643835616,2,0.03695652173913044,1.8121532320656177,9.998718393863479,15,1,0.9994216310005783,1,0.0005783689994216523,39.345027334240875,0.7943756090968309,0.2916666666666667,16.53733407450167,0,20.570707999999286
30,4,4,17,756,120,5588,5588,1,1,0,0.01347826086956522,1.7508440211948832,10.332036291363996,0,1,1,1,0,39.559746839147344,0.4501925617129216,0.20833333333333334,16.78984054172061,1,21.35137499999837
30,4,4,17,757,120,5635,5632,0.9994676131322094,1,3,0.025652173913043474,1.465951005467979,8.617794434168294,8,0.9991364421416234,0.9994006592747977,1,0.0008635578583765513,39.66999258472878,0.4164254280011947,0.3333333333333333,16.19918265682698,0,21.642542000001413
30,4,4,17,758,120,5502,5500,0.9996364958197019,1,2,-0.007391304347826087,1.6428487613980371,9.242809870000807,14,0.9990909090909091,1,0.9990917347865577,0.0009090909090908594,39.64941820033432,0.43676408932724553,0.5,16.031054192963158,0,19.364166999999725
30,4,4,17,759,120,5704,5701,0.9994740532959326,1.0008285004142503,3,0.04521739130434783,2.042721284453021,10.54040049636266,17,0.998289136013687,0.9997062279670975,1,0.0017108639863130382,38.47875680451612,0.9828085874625698,0.125,16.96005847385989,1,20.971708999997645
30,4,4,17,760,120,5753,5750,0.999478532939336,1,3,-0.013478260869565217,2.3813144364763845,11.87964235355897,16,1,0.999128160418483,1,0.0008718395815170421,39.07194238928586,0.6744190092690225,0.20833333333333334,16.873803693093773,1,22.420790999996825
30,4,4,17,761,120,5562,5561,0.9998202085580726,1.0008795074758134,1,-0.022608695652173914,1.5026839047872518,8.764663688083905,8,1,1,0.9990800367985281,0.0009199632014719183,39.81952196989611,0.2767902495931802,0.4583333333333333,16.157727685330247,0,21.495708000002196
30,4,4,17,762,120,5581,5581,1,1.0026431718061675,0,-0.07391304347826086,1.2452968768651747,8.520587647778484,0,1,1,1,0,39.75994320547949,0.28987661192974196,0.4166666666666667,16.033354381342964,0,19.568749999998545
30,4,4,17,763,120,5663,5662,0.99982341515098,1.0008539709649873,1,-0.017826086956521735,1.7123201101313086,9.957051727196813,10,1,0.9997039668442865,1,0.000296033155713471,39.142241494566115,0.7101620622502808,0.25,16.455043507743685,1,21.57549999999901
30,4,4,17,764,120,5607,5606,0.9998216515070447,1.0008984725965857,1,-0.04434782608695652,1.2992890878433607,8.110926739631395,2,1,0.9996992481203008,1,0.0003007518796992459,39.882188934852465,0.18908589980322496,0.5833333333333334,15.821047174084436,0,23.7040829999969
30,4,4,17,765,120,5792,5791,0.9998273480662984,1,1,-0.06347826086956522,1.8177383771926054,10.450015097011601,2,1,0.9997179921037789,1,0.0002820078962211259,31.85242452239815,0.5834916397498054,0,16.666512722615014,1,20.734000000004016
30,4,4,17,766,120,5708,5705,0.9994744218640504,0.998286203941731,3,-0.0021739130434782626,2.138083699231047,10.72590540510555,10,1,0.9991179064980888,1,0.000882093501911152,38.93188760940827,0.9606060069818075,0.25,16.412116734064558,1,31.511749999997846
30,4,4,17,767,120,5587,5585,0.9996420261320924,0.9991235758106923,2,-0.017826086956521738,1.4934580092836864,8.729864715953227,16,1,0.9996986136226642,0.9991326973113617,0.0008673026886383273,39.5006388536824,0.6429084958433077,0.375,16.116686117086598,0,21.94129200000316
30,4,4,17,768,120,5588,5587,0.9998210450966356,1,1,-0.023478260869565216,2.098626836070628,11.162338612858852,6,1,0.9997004194128221,1,0.0002995805871779389,39.29735798753468,0.752672023298407,0.25,17.21026760651547,1,19.89774999999645
30,4,4,17,769,120,5673,5672,0.9998237264234091,1.0016420361247949,1,0.003043478260869565,1.6746862807607763,10.015653730423159,3,1,0.9997042295178941,1,0.00029577048210593926,36.72383094714936,1.7366682376081521,0,17.1284051320676,0,21.332416999997804
30,4,4,17,770,120,5572,5571,0.9998205312275664,1.0009319664492078,1,0.035217391304347825,1.4616778003268271,8.130739588214965,16,0.9990892531876139,1,1,0.0009107468123861207,38.732539192942774,1.9154945448194958,0.4166666666666667,15.107906642216252,0,22.24595799999952
35,2,2,14.05,741,120,6575,5078,0.772319391634981,0.7397058823529412,1497,15.781304347826087,11222.177909788012,11270.735817017618,12645,0.7733537519142419,0.7703685134118827,0.77734375,0.006975236588117273,14.373144951081612,0.158212094140243,0,14.057251441175936,0,45.75237499999639
35,2,2,14.05,742,120,6513,5078,0.7796714263780132,0.7300435413642961,1435,16.328695652173913,10502.487571709511,10547.479694109123,11963,0.7816265060240963,0.7772715768159959,0.7852512155591572,0.007979638743161321,14.373212784902558,0.15821467298066302,0,14.057247059381405,0,44.81987500000105
35,2,2,14.05,743,120,6443,5078,0.7881421697966786,0.7667682926829268,1365,11.108260869565218,10680.826568230896,10721.698946204322,11891,0.8008130081300813,0.7879574357643395,0.7772058823529412,0.02360712577714008,14.373195928816687,0.1582064940261219,0,14.057252180461306,0,45.679666000003635
35,2,2,14.05,744,120,6430,5077,0.7895800933125972,0.7563909774436091,1353,13.690434782608696,10281.934400621969,10321.992139733426,11661,0.7885756676557863,0.7895849854612741,0.7906081601231717,0.0020324924673853495,14.385645345350952,0.1668728005000463,0,14.057245269817344,0,44.16912500000035
35,2,2,14.05,745,120,6639,5078,0.7648742280463925,0.7529940119760479,1561,14.460434782608695,11651.609042685197,11696.235264761692,13267,0.7642215568862275,0.7624597074138358,0.7732283464566929,0.010768639042857076,14.37314987190112,0.15821283897519578,0,14.057248687426254,0,46.731541000001016
35,2,2,14.05,746,120,6652,5077,0.7632291040288635,0.7402501839587933,1575,14.531739130434783,11982.956330908168,12034.270355297615,13358,0.7742413027387121,0.7653190948385457,0.7463450292397661,0.027896273498945967,14.385716144266413,0.1668693472715599,0,14.057242661324944,0,46.67070799999783
35,2,2,14.05,747,120,6481,5078,0.7835210615645734,0.7798449612403101,1403,12.471739130434782,10799.322581009448,10850.396766832022,12509,0.7788679245283019,0.7861635220125787,0.7805970149253731,0.007295597484276772,14.373153881458997,0.15820982192557947,0,14.057252907567564,0,45.890625
35,2,2,14.05,748,120,6534,5077,0.7770125497398225,0.7786377708978328,1457,12.445652173913043,11262.64832430347,11310.991342221203,13073,0.797947908445146,0.7750439367311072,0.7624610591900312,0.035486849255114805,14.38572592756914,0.16686433584650456,0,14.057240580324779,0,48.043541999999434
35,2,2,14.05,749,120,6625,5078,0.7664905660377358,0.7513069454817027,1547,14.77608695652174,12001.24251036124,12048.540259902686,13320,0.7595792637114951,0.7679431904641136,0.769059955588453,0.00948069187695788,14.373095679947932,0.1582105569893696,0,14.05724989996498,0,46.79849999999715
35,2,2,14.05,750,120,6444,5078,0.7880198634388579,0.7661843107387661,1366,12.93260869565217,10870.152659952653,10912.723240606532,11993,0.8,0.7832057037232638,0.789712556732224,0.01679429627673623,14.373157960472403,0.15821551242986107,0,14.057249964659533,0,45.7879580000008
35,2,2,14.05,751,120,6688,5080,0.7595693779904307,0.7311046511627907,1608,15.114782608695652,11872.655625480069,11922.20377292936,13544,0.7489208633093525,0.7578814627994955,0.7756939234808702,0.026773060171517704,14.370260508365952,0.15822413447498337,0,14.05724909190223,0,45.29087499999878
35,2,2,14.05,752,120,6648,5077,0.7636883273164862,0.7321688500727802,1571,15.482173913043479,11675.397422093938,11721.762497560741,13092,0.7678708685626441,0.7667077681874229,0.75,0.017870868562644082,14.385660503437814,0.1668730675330621,0,14.057245767845325,0,69.0124169999981
35,2,2,14.05,753,120,6506,5078,0.7805102981862896,0.7418879056047197,1428,15.278260869565218,10481.149577323087,10532.234197540185,12153,0.7920184190330007,0.7809768637532134,0.7677075399847677,0.024310879048233036,14.373150627213247,0.1582050874860982,0,14.057257087411346,0,45.986917000001995
35,2,2,14.05,754,120,6462,5080,0.7861343237387806,0.7697016067329763,1382,12.783913043478261,10391.24080725476,10438.85655070714,12045,0.7857142857142857,0.7884467265725289,0.7794466403162056,0.009000086256323314,14.370182219703459,0.15821966966739315,0,14.05725004006951,0,45.75854100000288
35,2,2,14.05,755,120,6562,5078,0.773849436147516,0.7598187311178247,1484,12.964347826086957,11296.449255268653,11343.786285156,12718,0.7671022290545734,0.7742835404514329,0.7792109256449166,0.012108696590343193,14.373076922739918,0.1582102449346692,0,14.057252289536208,0,71.70083299999533
35,2,2,14.05,756,120,6583,5078,0.771380829409084,0.7211469534050179,1505,15.622608695652174,11017.301212994802,11061.115643742656,12386,0.763732129420617,0.7741361788617886,0.7708649468892261,0.010404049441171681,14.373150834971021,0.15821189908354427,0,14.057251015331987,0,48.654417000005196
35,2,2,14.05,757,120,6507,5078,0.7803903488550792,0.7397058823529412,1429,14.361739130434783,10797.692070062136,10842.235103961752,12031,0.7745709828393136,0.7833888746475263,0.777190332326284,0.008817891808212686,14.37320872955968,0.15821342846392195,0,14.057248918825097,0,52.981291999996756
35,2,2,14.05,758,120,6659,5078,0.7625769635080343,0.7507462686567165,1581,15.08391304347826,11681.753188930248,11730.615428499512,13453,0.7483683828861494,0.7644218551461245,0.7717472118959108,0.023378829009761404,14.373153768190535,0.15821572779294596,0,14.057247282716288,0,47.39712500000314
35,2,2,14.05,759,120,6479,5078,0.7837629263775274,0.7586726998491704,1401,12.221304347826086,10630.260089612284,10679.718789924571,12187,0.7820613690007868,0.779809425701777,0.7969811320754717,0.017171706373694695,14.373061503217668,0.1582092769241615,0,14.057252457822026,0,79.44587499999761
35,2,2,14.05,760,120,6775,5077,0.7493726937269373,0.7054698457223001,1698,17.14391304347826,12452.359384687667,12506.866479426666,13959,0.7375366568914956,0.74911838790932,0.7612768910478834,0.02374023415638782,14.385714152048761,0.16687213237751547,0,14.057244349076152,0,51.676291999996465
35,2,2,14.05,761,120,6530,5077,0.7774885145482389,0.7180585296216988,1453,18.261739130434783,10455.13014114699,10500.115765512293,11851,0.7772861356932154,0.7759674134419552,0.7825040128410915,0.006536599399136311,14.38563127610439,0.16687147218679646,0,14.057246606363224,0,47.9028330000001
35,2,2,14.05,762,120,6556,5078,0.7745576571079926,0.7300435413642961,1478,14.58,10983.830712675492,11031.631159409097,12480,0.7756059421422987,0.7717611336032388,0.7818867924528302,0.010125658849591379,14.373193171757764,0.15821553257293455,0,14.05724483595614,0,45.95854200000031
35,2,2,14.05,763,120,6558,5078,0.7743214394632509,0.7644376899696048,1480,15.511739130434783,11400.059627846738,11447.895477925762,12823,0.7724409448818897,0.7704551106689879,0.7884767166535123,0.018021605984524403,14.373064001570746,0.15820845411837467,0,14.057251326932118,0,50.62683300000208
35,2,2,14.05,764,120,6437,5078,0.7888768059655119,0.7847113884555382,1359,12.072608695652175,10905.427633087385,10944.8210223848,12208,0.7939438700147711,0.7817752100840336,0.8047058823529412,0.022930672268907548,14.373141785526103,0.15821219868179728,0,14.057252801324838,0,47.084499999997206
35,2,2,14.05,765,120,6455,5078,0.7866769945778467,0.7650190114068441,1377,11.335652173913044,10496.459693656987,10550.247311629884,12104,0.7903596021423106,0.789311408016444,0.7746815286624203,0.015678073479890253,14.373108715220129,0.15820729846171297,0,14.057253821479277,0,46.00649999999587
35,2,2,14.05,766,120,6623,5077,0.7665710403140571,0.784099766173032,1546,11.950434782608696,12265.055170651005,12314.714906934378,13776,0.7789799072642968,0.7647206213981458,0.7600896860986547,0.018890221165642096,14.385702553287999,0.16686998939820724,0,14.05724640372015,0,48.119250000003376
35,2,2,14.05,767,120,6456,5078,0.7865551425030979,0.750186428038777,1378,14.395652173913044,10391.296361801462,10433.318313808431,11843,0.7699457784663052,0.7935933867217774,0.7820710973724884,0.023647608255472186,14.373154038982777,0.15821510553769508,0,14.057251439232964,0,45.40324999999575
35,2,2,14.05,768,120,6542,5077,0.7760623662488536,0.7691131498470948,1465,12.741304347826087,11230.4057046929,11280.990259563861,12835,0.7799684542586751,0.7774374680959674,0.7684365781710915,0.011531876087583659,14.385629470450427,0.16687128492326672,0,14.057244766029804,0,47.83795900000405
35,2,2,14.05,769,120,6519,5080,0.7792606227949072,0.7232207045291158,1439,16.862173913043478,10278.396301586728,10326.430821018113,11964,0.7844690966719493,0.7728189611699445,0.7939581719597212,0.021139210789776652,14.370179685969896,0.15821625918178345,0,14.057252403780025,0,45.20387499999924
35,2,2,14.05,770,120,6498,5078,0.7814712219144352,0.7738461538461539,1420,12.695652173913043,10919.760297336745,10966.674091387556,12550,0.7782101167315175,0.7797619047619048,0.7894736842105263,0.011263567479008807,14.37309915129746,0.15820716928826217,0,14.057253670163874,0,45.173166999993555
35,2,2,14.5,741,120,6575,5232,0.7957414448669201,0.7610294117647058,1343,14.468260869565217,10019.14780928114,10067.606634327913,11374,0.8001531393568146,0.7926798696415142,0.80078125,0.008101380358485843,15.074875074458461,0.14914119354254796,0,14.43643494580086,0,48.40033299999777
35,2,2,14.5,742,120,6513,5232,0.8033164440350069,0.7510885341074021,1281,15.015652173913043,9315.04937907883,9361.511169647105,10570,0.8117469879518072,0.80055682105796,0.8030794165316045,0.01119016689384722,15.074829230554519,0.14914159787108242,0,14.436436875981066,0,45.31545800000458
35,2,2,14.5,743,120,6443,5232,0.8120440788452584,0.7888719512195121,1211,9.795217391304348,9451.739152165808,9492.620269801866,10865,0.8276422764227642,0.8084609395276408,0.8080882352941177,0.01955404112864656,15.074862850164719,0.14914004905604353,0,14.436439311593213,0,46.38412500000413
35,2,2,14.5,744,120,6430,5232,0.8136858475894245,0.7781954887218046,1198,12.434782608695652,9048.457528705307,9091.9811429568,10364,0.8108308605341247,0.8136399682791435,0.8167821401077752,0.005951279573650492,15.062279042891282,0.16123582590760055,0,14.436437491754722,0,44.114165999999386
35,2,2,14.5,745,120,6639,5232,0.7880704925440578,0.7747005988023952,1407,13.147391304347826,10518.107689733013,10566.85166868038,12049,0.7859281437125748,0.785519464418547,0.7984251968503937,0.012905732431846673,15.074779574545607,0.14914055170379956,0,14.436438826341465,0,45.78574999999546
35,2,2,14.5,746,120,6652,5232,0.7865303668069753,0.7615894039735099,1420,13.276086956521743,10813.88275580154,10862.562505199678,12025,0.8016284233900814,0.7884566488685482,0.7660818713450293,0.03554655204505219,15.074726229777037,0.149140391062209,0,14.436432728811319,0,45.62925000000541
35,2,2,14.5,747,120,6481,5232,0.807282826724271,0.8023255813953488,1249,11.158695652173913,9671.214619569773,9715.17779730639,11097,0.809811320754717,0.8092243186582809,0.7992537313432836,0.010557589411433366,15.074894372960918,0.1491400740212993,0,14.436439847778878,0,46.00974999999744
35,2,2,14.5,748,120,6534,5232,0.800734618916437,0.8010835913312694,1302,11.19,10117.93526950284,10165.502260124556,11626,0.8200473559589582,0.7983931709766507,0.7889408099688473,0.031106545990110868,15.074822030648791,0.14914192995392994,0,14.43643664370918,0,49.25800000000163
35,2,2,14.5,749,120,6625,5232,0.7897358490566038,0.7729648991784914,1393,13.46304347826087,10776.352294741566,10817.26010328411,11930,0.7791134485349361,0.789753994420492,0.8001480384900074,0.021034589955071237,15.074829929079522,0.14914205258055718,0,14.436435923038637,0,48.93145799999911
35,2,2,14.5,750,120,6444,5232,0.8119180633147114,0.7882711348057883,1212,11.619565217391305,9630.17563696648,9672.352237230649,10802,0.8187265917602996,0.8074993398468445,0.8177004538577912,0.011227251913455083,15.074857597820815,0.14914152895740768,0,14.436437964630477,0,44.71270799999911
35,2,2,14.5,751,120,6688,5232,0.7822966507177034,0.7521802325581395,1456,13.801739130434783,10745.426200367532,10792.257570943502,12172,0.7762589928057554,0.7800756620428752,0.795198799699925,0.01893980689416963,15.074907309608447,0.1491421391155273,0,14.43643396857925,0,46.969834000003175
35,2,2,14.5,752,120,6648,5232,0.7870036101083032,0.7532751091703057,1416,14.226521739130435,10503.011144793196,10552.257969699616,11925,0.7940046118370484,0.7866831072749692,0.7809597523219814,0.013044859515066953,15.074774799313092,0.14913990250729858,0,14.43643908057197,0,45.43620899999951
35,2,2,14.5,753,120,6506,5232,0.804180756225023,0.7632743362831859,1274,13.965217391304348,9330.051950176488,9380.095368700526,10734,0.8135072908672295,0.8053984575835476,0.7913175932977913,0.022189697569438227,15.074853232178747,0.14914295945402617,0,14.436437382105334,0,44.830749999993714
35,2,2,14.5,754,120,6462,5232,0.8096564531104921,0.7918898240244836,1230,11.470869565217392,9268.022610238791,9315.916548808938,10718,0.8095238095238095,0.8102695763799743,0.807905138339921,0.0023644380400533738,15.074893749868927,0.14914192940569665,0,14.436438439725121,0,43.94591699999728
35,2,2,14.5,755,120,6562,5232,0.7973178908869247,0.7817220543806647,1330,11.651304347826088,10121.031386436958,10166.981120220851,11632,0.7893927747886241,0.7993913264012174,0.798937784522003,0.00999855161259322,15.074783113709861,0.14913970513623503,0,14.436440794860063,0,47.24608299999818
35,2,2,14.5,756,120,6583,5232,0.7947744189579219,0.7419354838709677,1351,14.303913043478264,9845.598433804871,9889.565895960253,11129,0.7923250564334086,0.797510162601626,0.7890743550834598,0.008435807518166194,15.074953698715483,0.14900747384607743,0,14.436441067807069,0,49.65979099999822
35,2,2,14.5,757,120,6507,5232,0.8040571692023974,0.7610294117647058,1275,13.048695652173913,9580.54734297123,9629.351186303491,10971,0.7995319812792512,0.809023327351961,0.7938066465256798,0.015216680826281248,15.074842685776524,0.14914218500731097,0,14.43643404543675,0,45.47599999999511
35,2,2,14.5,758,120,6659,5232,0.7857035590929569,0.7723880597014925,1427,13.77086956521739,10558.54379928928,10605.843497502265,12237,0.779550398839739,0.7842439644218552,0.7962825278810409,0.016732129041301946,15.074891218790059,0.14913933128648552,0,14.436435832814253,0,46.785791000002064
35,2,2,14.5,759,120,6479,5232,0.8075320265473067,0.7805429864253394,1247,10.902608695652173,9468.880925614243,9515.903326668418,10928,0.8033044846577498,0.8045325779036827,0.820377358490566,0.017072873832816193,15.074961038535024,0.14900680162383087,0,14.43644123395305,0,43.903040999997756
35,2,2,14.5,760,120,6775,5232,0.7722509225092251,0.7258064516129032,1543,15.88826086956522,11268.842726178174,11313.022971258995,12383,0.7617302052785924,0.7707808564231738,0.7862595419847328,0.024529336706140437,15.07485445033061,0.14914045310476975,0,14.436434063791822,0,49.84387500000594
35,2,2,14.5,761,120,6530,5232,0.8012251148545176,0.7387580299785867,1298,17.006086956521738,9279.563094003901,9320.130092187592,10559,0.799410029498525,0.8019348268839104,0.8009630818619583,0.002524797385385358,15.0748580557484,0.14914058691267887,0,14.43643368888179,0,44.79766599999857
35,2,2,14.5,762,120,6556,5232,0.7980475899938987,0.7510885341074021,1324,13.26695652173913,9818.539770498623,9870.530444817085,11070,0.7935887412040656,0.7980769230769231,0.8022641509433962,0.008675409739330564,15.074901720550825,0.14914248330898697,0,14.436434087299645,0,43.91820800000278
35,2,2,14.5,763,120,6558,5232,0.797804208600183,0.7864741641337386,1326,14.198695652173914,10225.416848555928,10271.126907675936,11624,0.7960629921259843,0.7918428251678686,0.8184688239936859,0.026625998825817287,15.07476226339223,0.14914142567038202,0,14.436438904088178,0,44.29570799999783
35,2,2,14.5,764,120,6437,5232,0.8128009942519807,0.8073322932917316,1205,10.759565217391305,9691.987999666884,9729.69030553254,10814,0.8161004431314623,0.8082983193277311,0.8227450980392157,0.014446778711484587,15.074920474081537,0.14914011994302756,0,14.436435411250008,0,44.95854200000031
35,2,2,14.5,765,120,6455,5232,0.8105344694035631,0.7870722433460076,1223,10.022608695652174,9352.197517008857,9401.424221315829,10795,0.8133129303749044,0.8114080164439876,0.8049363057324841,0.008376624642420283,15.074799587220221,0.1491425677733895,0,14.436439401243115,0,44.223833999996714
35,2,2,14.5,766,120,6623,5232,0.7899743318737732,0.8067030397505845,1391,10.694782608695652,11079.063183368798,11122.794441756798,12351,0.7967542503863988,0.7882736156351792,0.7884902840059791,0.008480634751219629,15.074787370279651,0.14914220549398197,0,14.436437214197111,0,46.16225000000122
35,2,2,14.5,767,120,6456,5232,0.8104089219330854,0.7718120805369127,1224,13.082608695652175,9180.966675823482,9224.68059033913,10417,0.7993803253292022,0.8142598811676569,0.8098918083462133,0.014879555838454683,15.074896747578022,0.149140678930272,0,14.436435234585497,0,45.070583000000624
35,2,2,14.5,768,120,6542,5232,0.799755426475084,0.7912844036697247,1310,11.485652173913044,10081.604809545799,10126.720821899848,11532,0.8012618296529969,0.8032159264931087,0.7883480825958702,0.014867843897238497,15.07484799908164,0.1491398604167617,0,14.436437175481123,0,47.10041700000147
35,2,2,14.5,769,120,6519,5232,0.8025770823745974,0.7440690150970525,1287,15.549130434782608,9148.328364838806,9194.19326022373,10603,0.8026941362916006,0.7982854261220373,0.8156467854376452,0.017361359315607894,15.074864229915798,0.14914035578000498,0,14.436434820330014,0,44.50870800000121
35,2,2,14.5,770,120,6498,5232,0.8051708217913204,0.7961538461538461,1266,11.382608695652173,9774.59842541476,9818.739752756921,11152,0.798443579766537,0.8038302277432712,0.815418828762046,0.01697524899550895,15.074811510492518,0.14914134195141773,0,14.43644027437802,0,43.66820800000278
35,2,2,15,741,120,6575,5387,0.8193155893536122,0.8058823529411765,1188,12.018260869565218,8949.43221962444,9000.572912118138,9938,0.8231240428790199,0.8162446728503384,0.825,0.00875532714966154,18.628067497835897,0.7172084524913226,0,15.31979809033156,0,46.76483300000109
35,2,2,15,742,120,6513,5380,0.826040227237832,0.795355587808418,1133,12.572608695652175,8288.830319047169,8340.570589984209,9287,0.8343373493975904,0.8243482662617059,0.8225283630470016,0.011808986350588802,19.210718333634947,0.6368273113139484,0,15.27834077649228,0,44.39112500000192
35,2,2,15,743,120,6443,5369,0.8333074654663977,0.8323170731707317,1074,7.444782608695652,8517.858534283621,8569.619659714517,9873,0.8447154471544716,0.8297430573579029,0.8330882352941177,0.014972389796568675,20.30643656309535,0.6763071838433107,0,15.318966166302333,0,47.00687499999913
35,2,2,15,744,120,6430,5406,0.8407465007776049,0.8180451127819549,1024,10.223478260869566,7737.76152381272,7784.753783621697,8841,0.844213649851632,0.837959291567539,0.8452655889145496,0.007306297347010604,16.216886709893874,0.5361815595202879,0,15.235214711365911,0,43.948167000002286
35,2,2,15,745,120,6639,5372,0.8091580057237536,0.8181137724550899,1267,10.834782608695653,9608.747569003624,9660.056507995656,10829,0.8023952095808383,0.8075874039176791,0.8212598425196851,0.01886463293884677,19.979983455868155,0.5145191187313007,0,15.319173795179976,0,45.82600000000093
35,2,2,15,746,120,6652,5397,0.8113349368610944,0.8042678440029434,1255,10.889130434782608,9648.18392241879,9696.357839324424,10573,0.8245743893412287,0.813119755911518,0.7931286549707602,0.03144573437046849,17.492339501381394,0.6357227110936019,0,15.31917350730071,0,46.15062500000204
35,2,2,15,747,120,6481,5395,0.8324332664712236,0.8488372093023255,1086,8.71,8542.053678585762,8595.742478151353,9492,0.8233962264150944,0.8367400419287212,0.8291044776119403,0.013343815513626844,17.744020547227063,0.7220153514542725,0,15.319588666390052,0,45.89154199999757
35,2,2,15,748,120,6534,5405,0.8272115090296909,0.8444272445820433,1129,8.89391304347826,8900.500399400367,8947.47212373516,10046,0.8429360694554064,0.827014812955059,0.8123052959501558,0.030630773505250675,16.60715849705893,0.4327849786836484,0,15.194385154486762,0,46.340540999997756
35,2,2,15,749,120,6625,5396,0.8144905660377358,0.8162808065720687,1229,11.21391304347826,9567.302265696806,9613.560537185542,10461,0.8024042073628851,0.8151153943697692,0.8245743893412287,0.02217018197834364,17.492919718072972,0.5737737297719233,0,15.319172236125546,0,45.96304199999577
35,2,2,15,750,120,6444,5379,0.8347299813780261,0.8332063975628332,1065,9.169130434782609,8597.198942821777,8646.152156189426,9530,0.8411985018726592,0.8294164246105097,0.8434190620272315,0.014002637416721808,19.435447112613925,0.7001602450429064,0,15.319383941767319,0,44.21650000000227
35,2,2,15,751,120,6688,5356,0.8008373205741627,0.7950581395348837,1332,11.396521739130435,9969.216704582306,10027.34474403585,11131,0.7935251798561151,0.7989911727616645,0.813953488372093,0.020428308515977878,21.671449121883473,0.5719014318997777,0,15.277924032424925,0,45.16241599999921
35,2,2,15,752,120,6648,5405,0.8130264741275571,0.7925764192139738,1243,12.074782608695653,9245.186339913034,9298.009429759331,10391,0.8178324365872406,0.8128236744759556,0.8088235294117647,0.009008907175475867,16.29201121406304,0.5298069831897221,0,15.235421923030145,0,48.27649999999994
35,2,2,15,753,120,6506,5380,0.8269289886258838,0.8067846607669616,1126,11.486956521739131,8340.115287988421,8391.927345466369,9362,0.8403683806600154,0.825706940874036,0.8172124904798173,0.023155890180198146,19.372146354098252,0.7340168220299768,0,15.319381102765284,0,44.619332999995095
35,2,2,15,754,120,6462,5365,0.8302383163107397,0.837796480489671,1097,9.08391304347826,8409.498189924088,8461.708562029238,9585,0.8302611367127496,0.8297817715019256,0.8316205533596838,0.0018387818577582093,20.78688184067695,0.6921407670838662,0,15.36104469178518,0,43.55937499999709
35,2,2,15,755,120,6562,5384,0.8204815604998477,0.824773413897281,1178,9.384782608695652,9056.62769167733,9109.59129797356,10197,0.8101460415065335,0.823231042353538,0.8224582701062215,0.01308500084700448,18.70288993011024,0.5432085179791003,0,15.236049564361801,0,44.866165999999794
35,2,2,15,756,120,6583,5388,0.8184718213580434,0.7835125448028674,1195,11.938260869565218,8772.766920762899,8826.038596381406,9985,0.8088788562829194,0.8216463414634146,0.8186646433990895,0.012767485180495197,18.337764522533863,0.6536054593663828,0,15.277715919428337,0,50.71624999999767
35,2,2,15,757,120,6507,5382,0.8271092669432918,0.8022058823529412,1125,10.745652173913044,8536.655807464596,8585.083738265015,9567,0.8205928237129485,0.832607023840041,0.8172205438066465,0.01538648003339449,19.106647561544538,0.6423088046419431,0,15.277301306484874,0,45.29762500000652
35,2,2,15,758,120,6659,5376,0.8073284276918457,0.817910447761194,1283,11.384782608695652,9634.405807693864,9684.217158923222,10947,0.7955039883973894,0.8063532401524778,0.8223048327137547,0.026800844316365202,19.726571936065266,0.7060226674906808,0,15.361256447550689,0,45.57791599999473
35,2,2,15,759,120,6479,5387,0.8314554715233833,0.8242835595776772,1092,8.592173913043478,8426.437381274587,8478.807305553719,9681,0.8174665617623919,0.8326036569662632,0.8415094339622642,0.024042872199872334,18.538928070401223,0.5927108966183543,0,15.319174842839532,0,43.86162499999773
35,2,2,15,760,120,6775,5407,0.7980811808118081,0.758765778401122,1368,14.074782608695653,9949.43374524109,10003.194697524565,11069,0.7866568914956011,0.7957178841309823,0.8154059680777238,0.028749076582122668,15.774371979184268,0.3200327901893467,0,15.151053780489079,0,45.57879099999991
35,2,2,15,761,120,6530,5399,0.8267993874425728,0.7787294789436117,1131,14.743478260869566,8064.766140871318,8120.35298172772,9045,0.8244837758112095,0.8276476578411406,0.826645264847512,0.00316388202993112,17.086109025491517,0.6267053207259772,0,15.235843022732753,0,47.79924999999639
35,2,2,15,762,120,6556,5388,0.8218425869432581,0.7939042089985486,1168,10.86695652173913,8744.702219726569,8802.390486199916,9848,0.8178264268960125,0.8231275303643725,0.8218867924528301,0.005301103468359991,18.338967360621456,0.6690740122637436,0,15.319383148322098,0,44.826084000000264
35,2,2,15,763,120,6558,5399,0.8232692894175053,0.8297872340425532,1159,11.890434782608695,9025.393657485947,9075.705779684826,9912,0.8220472440944881,0.81720964934096,0.8437253354380426,0.026515686097082658,17.252253788963184,0.6054971156582915,0,15.318966546561997,0,44.9252919999999
35,2,2,15,764,120,6437,5386,0.8367251825384496,0.8549141965678627,1051,8.32,8594.28678930201,8633.775802197471,9306,0.8419497784342689,0.8306197478991597,0.8494117647058823,0.0187920168067226,18.779409456396618,0.6560157817969353,0,15.278340780788154,0,43.96520800000144
35,2,2,15,765,120,6455,5388,0.8347017815646786,0.8304182509505703,1067,7.740434782608696,8294.861096663493,8344.999133968027,9330,0.8339709257842387,0.8342754367934224,0.8367834394904459,0.002812513706207165,18.41301927982747,0.580194851067264,0,15.277507395850945,0,45.9553339999984
35,2,2,15,766,120,6623,5406,0.8162464140117771,0.8511301636788776,1217,8.39913043478261,9817.380486614416,9870.172146132296,10819,0.8238021638330757,0.8140816837885242,0.8153961136023916,0.009720480044551505,16.4434373996128,0.6077597376170846,0,15.27750484783626,0,47.12800000000425
35,2,2,15,767,120,6456,5387,0.8344175960346965,0.8150633855331841,1069,10.760869565217389,8059.146333949405,8106.595032188524,8930,0.8241673121611154,0.8385430121415655,0.8323029366306027,0.014375699980450074,18.463300740173946,0.6268635651128609,0,15.277716538348898,0,44.86987499999668
35,2,2,15,768,120,6542,5398,0.8251299296851116,0.8333333333333334,1144,9.262173913043478,8911.687069011588,8965.018483833303,10103,0.8257097791798107,0.830781010719755,0.8082595870206489,0.022521423699106036,17.20036992682286,0.5522760113244727,0,15.23563749735604,0,44.995332999998936
35,2,2,15,769,120,6519,5363,0.8226721889860408,0.787922358015816,1156,13.133913043478262,8308.02860462506,8357.555309174697,9554,0.8177496038034865,0.8197175995965709,0.836560805577072,0.01881120177358553,21.101825823956567,0.6586519784190666,0,15.319799100722648,0,43.89995900000213
35,2,2,15,770,120,6498,5380,0.8279470606340412,0.8430769230769231,1118,8.922608695652174,8762.665116768889,8811.052084797155,9776,0.822568093385214,0.8271221532091098,0.8354336545589326,0.01286556117371862,19.297727565610852,0.7202666921063848,0,15.361258292163809,0,47.31049999999959
35,2,2,15.5,741,120,6575,5396,0.8206844106463879,0.8073529411764706,1179,11.88,8890.8900102732,8936.786557918682,9837,0.8231240428790199,0.8177488092253697,0.82734375,0.0095949407746303,33.685007519015905,0.32009934983297833,0,15.320210774101865,0,45.554292000000714
35,2,2,15.5,742,120,6513,5386,0.8269614616920006,0.7989840348330914,1127,12.316521739130433,8258.101823217636,8308.52037349789,9233,0.8358433734939759,0.8253606681852695,0.8225283630470016,0.013315010446974251,34.86985340417316,0.21385474481186623,0,15.403753545632794,0,43.68575000000419
35,2,2,15.5,743,120,6443,5384,0.83563557349061,0.8361280487804879,1059,7.241304347826088,8410.790709705538,8464.374073606907,9743,0.8495934959349594,0.8313002854918246,0.8352941176470589,0.01829321044313481,34.608888466079,0.41240418081973823,0,15.320004671880532,0,43.57629100000486
35,2,2,15.5,744,120,6430,5430,0.8444790046656299,0.825563909774436,1000,9.880434782608697,7567.725141022113,7616.219193451113,8537,0.8464391691394659,0.8419243986254296,0.8498845265588915,0.007960127933461902,30.14903515374237,0.411802313162674,0,15.36166996599966,0,45.255749999996624
35,2,2,15.5,745,120,6639,5389,0.8117186323241452,0.8226047904191617,1250,10.519130434782609,9487.624495352857,9542.040461092218,10701,0.8053892215568862,0.8098189933052319,0.8244094488188977,0.01902022726201147,34.20512591823506,0.32566113169579525,0,15.36187517635342,0,46.41058399999747
35,2,2,15.5,746,120,6652,5418,0.8144918821407096,0.8086828550404709,1234,10.639130434782608,9497.048272402,9541.028929143757,10389,0.8275351591413768,0.8166793796084414,0.7953216374269005,0.03221352171447622,31.56382226724723,0.32554568559324193,0,15.361876077803617,0,46.687792000004265
35,2,2,15.5,747,120,6481,5400,0.8332047523530319,0.8503875968992248,1081,8.694782608695652,8518.66983262367,8569.773762899158,9458,0.8241509433962264,0.8375262054507338,0.8298507462686567,0.013375262054507342,33.24206627316671,0.2988087245420333,0,15.361459654092682,0,44.51916699999856
35,2,2,15.5,748,120,6534,5420,0.8295071931435568,0.8506191950464397,1114,8.601304347826087,8816.45094703435,8864.844013827138,9871,0.8453038674033149,0.8297765503389405,0.8130841121495327,0.03221975525378218,31.2865597308824,0.3782345057600558,0,15.403335479259482,0,46.77866699999868
35,2,2,15.5,749,120,6625,5416,0.8175094339622642,0.8215085884988798,1209,10.849130434782609,9418.198266549636,9466.013620607671,10314,0.8054094665664914,0.8173979203652042,0.8297557364914878,0.024346269924996444,31.75199596772394,0.27258222104900887,0,15.362083855676085,0,51.28029100000276
35,2,2,15.5,750,120,6444,5393,0.8369025450031037,0.8377760853008378,1051,9.004782608695653,8500.612213373319,8550.306373820666,9421,0.8434456928838951,0.8312648534459994,0.846444780635401,0.015179927189401532,33.976673530577564,0.3255901014703635,0,15.320625632897139,0,45.73633400000108
35,2,2,15.5,751,120,6688,5363,0.8018839712918661,0.7972383720930233,1325,11.316956521739131,9923.119965724083,9979.953891333711,11059,0.7956834532374101,0.7997477931904161,0.8147036759189797,0.019020222681569665,36.842374931141215,0.2948788747396497,0,15.3200008139747,0,46.28987500000221
35,2,2,15.5,752,120,6648,5427,0.8163357400722022,0.7983988355167394,1221,11.740869565217391,9113.602497960685,9163.572642408855,10174,0.8201383551114527,0.8160295930949445,0.8134674922600619,0.006670862851390846,30.515180575932177,0.3628996867706889,0,15.361462785584578,0,44.829499999999825
35,2,2,15.5,753,120,6506,5390,0.8284660313556717,0.8067846607669616,1116,11.619565217391305,8248.442146581196,8300.258399896937,9255,0.8434382194934766,0.8267352185089974,0.8187357197258187,0.024702499767657926,34.12492289114109,0.4637071894804505,0,15.319380854852653,0,46.88508300000103
35,2,2,15.5,754,120,6462,5380,0.832559579077685,0.8416220351951033,1082,8.771304347826087,8304.876050125707,8357.960359983166,9428,0.8348694316436251,0.8318356867779204,0.8324110671936759,0.003033744865704735,35.188909793722196,0.16920503873387788,0,15.403541840699518,0,44.55508300000656
35,2,2,15.5,755,120,6562,5398,0.8226150563852483,0.8270392749244713,1164,9.254347826086956,8963.097722846109,9014.903834021987,10066,0.8124519600307456,0.8252599543494801,0.8247344461305007,0.012807994318734472,33.504693511801854,0.38772448418489563,0,15.319590309744756,0,45.457000000002154
35,2,2,15.5,756,120,6583,5400,0.8202946984657451,0.7878136200716845,1183,11.71,8693.264729151542,8747.443874769611,9878,0.8111361926260346,0.8236788617886179,0.8194233687405159,0.012542669162583286,33.1176273212547,0.33216609971940275,0,15.361878026008005,0,44.95825000000332
35,2,2,15.5,757,120,6507,5403,0.8303365606270171,0.8088235294117647,1104,10.411304347826087,8372.79998485806,8424.848233853036,9400,0.8244929797191888,0.8354268136375288,0.8209969788519638,0.014429834785565032,32.940715239288174,0.27277873248311435,0,15.403543265707524,0,46.75716700000339
35,2,2,15.5,758,120,6659,5394,0.8100315362667068,0.8216417910447761,1265,11.084782608695651,9519.689121065196,9569.013772147324,10758,0.7962291515591008,0.8101651842439644,0.8237918215613383,0.027562670002237555,34.06382522240971,0.2978565244114457,0,15.40374976705521,0,46.40562499999942
35,2,2,15.5,759,120,6479,5403,0.8339249884241395,0.8273001508295625,1076,8.437391304347827,8298.167092525227,8353.486697026057,9538,0.8214004720692368,0.8344063868143188,0.8445283018867924,0.023127829817555567,32.874833311161844,0.46230957611071716,0,15.320004305546064,0,45.950707999996666
35,2,2,15.5,760,120,6775,5425,0.8007380073800738,0.7685834502103787,1350,13.415652173913044,9862.639281310501,9917.32195290162,10933,0.7895894428152492,0.7982367758186398,0.8181818181818182,0.028592375366569,30.59070353219947,0.33051599572244816,0,15.361253031884742,0,46.53666700000031
35,2,2,15.5,761,120,6530,5414,0.8290964777947932,0.7851534618129907,1116,14.379565217391308,7994.394658752802,8041.720293973918,8890,0.8266961651917404,0.8296843177189409,0.8298555377207063,0.0031593725289659202,31.991823254680543,0.22550518500350494,0,15.362087779527121,0,45.6528330000001
35,2,2,15.5,762,120,6556,5397,0.8232153752287981,0.7946298984034833,1159,10.79,8662.957827482405,8717.368619999399,9798,0.818608287724785,0.8243927125506073,0.8241509433962264,0.00578442482582231,33.40438294270684,0.40234449725419286,0,15.278129745496306,0,49.3379999999961
35,2,2,15.5,763,120,6558,5413,0.8254040866117719,0.8358662613981763,1145,11.51695652173913,8936.914148168851,8985.31514019692,9789,0.8244094488188977,0.8196965928873414,0.8445146014206788,0.024818008533337377,32.15568340285487,0.19240655133330986,0,15.403542810415482,0,45.33204100000148
35,2,2,15.5,764,120,6437,5398,0.8385894050023303,0.8572542901716068,1039,8.205652173913043,8500.30149338947,8542.325173890955,9153,0.8426883308714919,0.8332457983193278,0.8501960784313726,0.016950280112044802,33.520231959907015,0.3960843929266259,0,15.403334688662605,0,44.37091599999985
35,2,2,15.5,765,120,6455,5410,0.8381099922540666,0.8372623574144487,1045,7.328260869565217,8141.8451864538,8195.635112802041,9190,0.837796480489671,0.8363309352517986,0.8439490445859873,0.007618109334188716,32.44662695564249,0.2600415502508485,0,15.362292384044801,0,44.7313340000037
35,2,2,15.5,766,120,6623,5425,0.8191152045900649,0.8565861262665627,1198,8.077391304347826,9697.40554855732,9743.53309133824,10659,0.8276661514683153,0.8160861939363568,0.819880418535127,0.011579957531958507,30.855453077189267,0.22891259258148475,0,15.444791917131681,0,47.874666000003344
35,2,2,15.5,767,120,6456,5400,0.8364312267657993,0.8187919463087249,1056,10.547391304347824,7965.451393925128,8007.404713483799,8818,0.8264910921766073,0.839834668044433,0.8361669242658424,0.013343575867825641,33.191714201224244,0.31417150552284623,0,15.320211245609132,0,44.923625000003085
35,2,2,15.5,768,120,6542,5411,0.8271170895750535,0.8386850152905199,1131,8.990434782608695,8838.529330660487,8888.05612687026,9958,0.8257097791798107,0.8333333333333334,0.81047197640118,0.02286135693215341,32.043171835320884,0.4207684835866626,0,15.361462039368048,0,45.801666999999725
35,2,2,15.5,769,120,6519,5371,0.8238993710691824,0.7886412652767792,1148,13.066521739130437,8249.063454859119,8297.523442134885,9477,0.8177496038034865,0.8212304589006556,0.8381099922540666,0.02036038845058008,36.146000072616296,0.4047187523188507,0,15.361460438749289,0,44.06095800000185
35,2,2,15.5,770,120,6498,5391,0.8296398891966759,0.8438461538461538,1107,8.894782608695651,8685.371997437696,8734.26950808968,9713,0.824124513618677,0.8289337474120083,0.8369162342475908,0.01279172062891376,34.152020428723,0.41901981165969954,0,15.361458857437682,0,46.0046250000014
35,2,2,16,741,120,6575,5406,0.8222053231939164,0.8095588235294118,1169,11.806086956521739,8808.76237048942,8860.080314915747,9778,0.8238897396630934,0.8195036349962397,0.82890625,0.009402615003760273,39.96046555869614,0.05381239994837752,0.5416666666666666,15.652494734687975,0,45.452916000002006
35,2,2,16,742,120,6513,5389,0.8274220789190849,0.7982583454281568,1124,12.413478260869564,8227.95947816574,8278.252196375239,9225,0.8365963855421686,0.8258668691470514,0.8225283630470016,0.014068022495167032,39.94351971030599,0.06561311323386561,0.4166666666666667,15.776661636261544,0,44.150957999998354
35,2,2,16,743,120,6443,5398,0.8378084743132082,0.8399390243902439,1045,7.035652173913044,8317.978201323634,8370.412151399796,9612,0.8520325203252033,0.8333765896703867,0.8375,0.01865593065481652,39.947285128370105,0.06481874833235225,0.4583333333333333,15.652702855190213,0,44.11941699999443
35,2,2,16,744,120,6430,5437,0.8455676516329704,0.8270676691729323,993,9.835217391304345,7526.882544735015,7574.233001749704,8500,0.8486646884272997,0.8429817605075337,0.8498845265588915,0.006902766051357756,39.9585823430872,0.04970310969231874,0.4583333333333333,15.69374443359097,0,44.14691599999787
35,2,2,16,745,120,6639,5403,0.8138273836421148,0.8255988023952096,1236,10.401739130434782,9389.35134023745,9436.718456534742,10579,0.8068862275449101,0.8120505826927845,0.8267716535433071,0.019885425998396933,39.838892008776085,0.1138994579316646,0.125,15.98457119513994,0,48.411832999998296
35,2,2,16,746,120,6652,5421,0.8149428743235118,0.8086828550404709,1231,10.594347826086956,9466.513636439886,9511.231709501086,10357,0.8282753515914137,0.8171878972794304,0.7953216374269005,0.032953714164513204,39.95481566545015,0.051604084252610254,0.4583333333333333,15.693537128279523,0,46.7699999999968
35,2,2,16,747,120,6481,5409,0.834593426940287,0.851937984496124,1072,8.528695652173914,8448.400157592345,8497.51340109489,9382,0.8249056603773585,0.839098532494759,0.8313432835820895,0.014192872117400501,39.96987753998029,0.03922538483061435,0.5416666666666666,15.65208052105159,0,44.022209000002476
35,2,2,16,748,120,6534,5432,0.8313437404346495,0.8537151702786377,1102,8.444347826086956,8725.3715465349,8776.581773570322,9751,0.8468823993685872,0.8312829525483304,0.8161993769470405,0.030683022421546746,39.88818378885865,0.12303110466807492,0.2916666666666667,15.818741793573489,0,45.180083999999624
35,2,2,16,749,120,6625,5421,0.8182641509433962,0.8230022404779687,1204,10.746956521739131,9384.427276992526,9431.655256198881,10257,0.8069120961682945,0.8181587623636825,0.8297557364914878,0.022843640323193304,39.93139171891389,0.07683745780558757,0.3333333333333333,15.818533271066022,0,47.55279200000223
35,2,2,16,750,120,6444,5402,0.8382991930477964,0.8377760853008378,1042,8.930434782608696,8423.3462825238,8473.734893989817,9318,0.846441947565543,0.8323210984948508,0.8472012102874432,0.01488011179259241,39.960464020351885,0.053814277515641544,0.5416666666666666,15.693747280216499,0,44.59524999999849
35,2,2,16,751,120,6688,5373,0.8033791866028708,0.8001453488372093,1315,11.132608695652173,9854.816139295848,9907.49378299422,10953,0.797841726618705,0.8012610340479193,0.8154538634658665,0.017612136847161453,39.939755363412466,0.06750209888521665,0.4166666666666667,15.776869061182595,0,46.54316600000311
35,2,2,16,752,120,6648,5428,0.8164861612515042,0.7983988355167394,1220,11.675217391304347,9108.745044258321,9157.132452204349,10153,0.8209069946195234,0.8160295930949445,0.8134674922600619,0.007439502359461558,39.96046348171945,0.040660330270517665,0.4166666666666667,15.693120807782257,0,44.862082999999984
35,2,2,16,753,120,6506,5399,0.8298493698124808,0.8075221238938053,1107,11.445652173913045,8177.47011890137,8228.948847648504,9209,0.8434382194934766,0.82853470437018,0.8202589489718203,0.02317927052165636,39.98117300709589,0.029544619090306926,0.6666666666666666,15.48541735914245,0,46.55287500000122
35,2,2,16,754,120,6462,5381,0.8327143299288146,0.8408569242540168,1081,8.802173913043479,8293.895852291158,8345.948103720975,9420,0.8348694316436251,0.8320924261874197,0.8324110671936759,0.002777005456205406,39.943520063262255,0.06285025352509464,0.375,15.73499624058932,0,50.64987499999552
35,2,2,16,755,120,6562,5404,0.8235294117647058,0.8300604229607251,1158,9.078695652173913,8923.884803054167,8979.293769067612,10008,0.813989239046887,0.8262744103474512,0.8247344461305007,0.012285171300564168,39.98870407848218,0.0199859131953739,0.75,15.444791875764224,0,45.97083399999974
35,2,2,16,756,120,6583,5413,0.8222694819990886,0.7878136200716845,1170,11.727391304347826,8591.686368479963,8644.905341536682,9786,0.8156508653122648,0.8249491869918699,0.8209408194233687,0.009298321679605093,39.9250935100684,0.08001914544060083,0.3333333333333333,15.734994643557933,0,45.27045899999939
35,2,2,16,757,120,6507,5410,0.8314123251882588,0.8102941176470588,1097,10.316956521739131,8327.241118498441,8377.593507878712,9347,0.8252730109204368,0.8367085362727505,0.8217522658610272,0.014956270411723316,39.97364312056891,0.03748892200288607,0.5833333333333334,15.56978797221124,0,44.63199999999779
35,2,2,16,758,120,6659,5401,0.8110827451569305,0.8223880597014925,1258,11.060000000000002,9460.413005681841,9512.803857751478,10703,0.7976794778825236,0.8111817026683609,0.8245353159851301,0.0268558381026065,39.97552537603315,0.032580631284448366,0.5833333333333334,15.652703448627657,0,48.91483299999527
35,2,2,16,759,120,6479,5407,0.8345423676493287,0.8280542986425339,1072,8.364347826086956,8277.490608263372,8331.02660221648,9507,0.8221872541306058,0.8349214524851919,0.8452830188679246,0.02309576473731878,39.981172748053915,0.029545040969179922,0.6666666666666666,15.486041891420095,0,44.61254200000258
35,2,2,16,760,120,6775,5439,0.8028044280442804,0.7713884992987378,1336,13.288260869565217,9764.404444817623,9820.361651508318,10835,0.7910557184750733,0.8007556675062972,0.8195697432338653,0.028514024758792056,39.95858001953298,0.053159230568067,0.5,15.735205496064294,0,46.08958300000086
35,2,2,16,761,120,6530,5425,0.830781010719755,0.7830121341898644,1105,14.487826086956526,7885.406771266341,7928.711156067343,8767,0.8289085545722714,0.8314663951120163,0.8306581059390048,0.002557840539744838,39.977407303939636,0.029794029788298676,0.5833333333333334,15.610206853860292,0,43.720124999999825
35,2,2,16,762,120,6556,5412,0.825503355704698,0.7982583454281568,1144,10.610434782608698,8582.543125438538,8635.357229503139,9670,0.8217357310398749,0.8269230769230769,0.8249056603773585,0.005187345883202021,39.87627345567437,0.12986745490488294,0.2916666666666667,15.776658451994445,0,45.8571660000016
35,2,2,16,763,120,6558,5419,0.826318999695029,0.8358662613981763,1139,11.55,8886.986693230177,8935.22413381008,9691,0.8244094488188977,0.8199452872419796,0.8484609313338595,0.0285156440918799,39.9529334201091,0.0524208628824754,0.4166666666666667,15.735202404853752,0,45.83804200000304
35,2,2,16,764,120,6437,5405,0.8396768681062606,0.858034321372855,1032,8.126521739130435,8436.344337575572,8479.859297979006,9110,0.843426883308715,0.834296218487395,0.851764705882353,0.017468487394957988,39.95481582893759,0.048040549224619825,0.4166666666666667,15.776661007019321,0,44.71254200000112
35,2,2,16,765,120,6455,5410,0.8381099922540666,0.8365019011406845,1045,7.349130434782609,8141.334193655896,8193.870150227123,9190,0.837796480489671,0.8363309352517986,0.8439490445859873,0.007618109334188716,39.91265828903302,0.09480423278685957,0.3333333333333333,15.735201886133957,0,43.73187499999767
35,2,2,16,766,120,6623,5434,0.8204741053903065,0.8589243959469992,1189,8.000869565217391,9627.510484773462,9673.04233565576,10547,0.8307573415765069,0.816837885241794,0.8213751868460388,0.01391945633471292,39.9491694018709,0.06150917434256108,0.4166666666666667,15.777074987691497,0,47.75983300000371
35,2,2,16,767,120,6456,5409,0.8378252788104089,0.819537658463833,1047,10.431304347826087,7891.745690978473,7936.8455154239155,8726,0.8288148721920992,0.840867992766727,0.8377125193199382,0.012053120574627818,39.96611147156596,0.04265809947931646,0.5416666666666666,15.610621905716016,0,44.56787500000064
35,2,2,16,768,120,6542,5427,0.8295628248242127,0.8402140672782875,1115,8.942608695652174,8709.520713812582,8761.986085699558,9804,0.8264984227129337,0.8366513527309852,0.8119469026548672,0.02470445007611799,39.9661117369336,0.048500031623959244,0.5416666666666666,15.652081464726116,0,45.00358299999789
35,2,2,16,769,120,6519,5378,0.8249731553919313,0.7893601725377426,1141,13.056521739130437,8198.486974556337,8248.604284641762,9440,0.8185419968304279,0.8224911749873929,0.838884585592564,0.020342588762136016,39.95858372090158,0.053154566198489746,0.5,15.69332687576418,0,44.037624999997206
35,2,2,16,770,120,6498,5402,0.8313327177593105,0.8476923076923077,1096,8.685217391304349,8607.770414192339,8658.384268358552,9643,0.8264591439688715,0.8310041407867494,0.8369162342475908,0.010457090278719217,39.96987782325985,0.039224315354086464,0.5416666666666666,15.611245057366,0,43.985915999997815
35,2,2,17,741,120,6575,5408,0.8225095057034221,0.8095588235294118,1167,11.805652173913044,8786.73107326683,8838.965294189493,9771,0.8238897396630934,0.8200050137879168,0.82890625,0.008901236212083163,40,0,1,15.77686897492318,0,48.08933299999626
35,2,2,17,742,120,6513,5389,0.8274220789190849,0.7982583454281568,1124,12.413478260869564,8228.256429950203,8278.507812476797,9225,0.8365963855421686,0.8258668691470514,0.8225283630470016,0.014068022495167032,40,0,1,15.776661104867197,0,44.69166699999914
35,2,2,17,743,120,6443,5392,0.8368772311035232,0.8376524390243902,1051,7.2269565217391305,8356.741691977366,8409.817291389218,9645,0.8520325203252033,0.8323384375811056,0.8360294117647059,0.019694082744097674,40,0,1,15.486250588586238,0,43.95387499999924
35,2,2,17,744,120,6430,5439,0.8458786936236392,0.8263157894736842,991,9.81391304347826,7496.269987892978,7545.719213611527,8497,0.8486646884272997,0.8435104414485858,0.8498845265588915,0.006374085110305683,40,0,1,15.527705344765339,0,44.40062500000204
35,2,2,17,745,120,6639,5397,0.8129236330772707,0.8255988023952096,1242,10.401739130434782,9439.418610507148,9490.539958509073,10650,0.8068862275449101,0.8110587651872055,0.8251968503937008,0.018310622848790703,40,0,1,15.90165410727149,0,51.671667000002344
35,2,2,17,746,120,6652,5422,0.8150932050511125,0.8094186902133922,1230,10.584347826086956,9467.204972178097,9511.126260799025,10343,0.8282753515914137,0.817442156114925,0.7953216374269005,0.032953714164513204,40,0,1,15.735203263551844,0,51.59150000000227
35,2,2,17,747,120,6481,5409,0.834593426940287,0.8503875968992248,1072,8.664347826086956,8439.932102529043,8488.37747028539,9382,0.8249056603773585,0.839098532494759,0.8313432835820895,0.014192872117400501,40,0,1,15.651662279956739,0,44.675499999997555
35,2,2,17,748,120,6534,5438,0.8322620140801958,0.8537151702786377,1096,8.444347826086956,8674.7121692547,8723.623408552647,9718,0.8476716653512234,0.8320361536530254,0.8177570093457944,0.029914656005428975,40,0,1,15.694369750226665,0,44.54037500000413
35,2,2,17,749,120,6625,5422,0.8184150943396227,0.8215085884988798,1203,10.822173913043478,9374.229166916284,9419.889442549953,10256,0.8069120961682945,0.8184123763631752,0.8297557364914878,0.022843640323193304,40,0,1,15.610828787126477,0,45.400291999998444
35,2,2,17,750,120,6444,5399,0.8378336436995655,0.8385376999238385,1045,8.922173913043478,8452.006868997765,8501.29754570108,9386,0.8456928838951311,0.8317929759704251,0.8472012102874432,0.015408234317018099,40,0,1,15.652495112249476,0,46.39995799999451
35,2,2,17,751,120,6688,5378,0.8041267942583732,0.7994186046511628,1310,11.208260869565217,9810.82029074565,9862.89971219418,10925,0.8,0.8015132408575032,0.8162040510127532,0.01620405101275313,40,0,1,15.65228807503086,0,46.365333000001556
35,2,2,17,752,120,6648,5437,0.8178399518652226,0.7991266375545851,1211,11.669130434782609,9029.063477720607,9078.107118064096,10103,0.8224442736356649,0.8167694204685574,0.81656346749226,0.005880806143404804,40,0,1,15.651873240334053,0,45.25424999999814
35,2,2,17,753,120,6506,5401,0.8301567783584384,0.8089970501474927,1105,11.416521739130436,8178.753421044371,8228.15551519691,9193,0.8434382194934766,0.8290488431876607,0.8202589489718203,0.02317927052165636,40,0,1,15.56874938832802,0,44.40825000000041
35,2,2,17,754,120,6462,5381,0.8327143299288146,0.8408569242540168,1081,8.802173913043479,8293.830109700591,8345.865367256965,9420,0.8348694316436251,0.8320924261874197,0.8324110671936759,0.002777005456205406,40,0,1,15.734996035231914,0,45.833792000004905
35,2,2,17,755,120,6562,5408,0.8241389820176775,0.8277945619335347,1154,9.169565217391304,8876.778620748792,8929.597915306576,9994,0.8147578785549577,0.8267816383464367,0.8254931714719271,0.01202375979147896,40,0,1,15.60999950630835,0,45.782790999997815
35,2,2,17,756,120,6583,5413,0.8222694819990886,0.7878136200716845,1170,11.727391304347826,8591.65906795919,8644.87214660615,9786,0.8156508653122648,0.8249491869918699,0.8209408194233687,0.009298321679605093,40,0,1,15.734994317520993,0,45.474708000001556
35,2,2,17,757,120,6507,5410,0.8314123251882588,0.8095588235294118,1097,10.40130434782609,8321.576630633792,8371.147758256584,9347,0.8252730109204368,0.8367085362727505,0.8217522658610272,0.014956270411723316,40,0,1,15.611038209998059,0,44.87416599999415
35,2,2,17,758,120,6659,5394,0.8100315362667068,0.8216417910447761,1265,11.101739130434785,9518.728071620742,9567.684642788683,10758,0.7962291515591008,0.8101651842439644,0.8237918215613383,0.027562670002237555,40,0,1,15.611037447401749,0,47.000874999997905
35,2,2,17,759,120,6479,5409,0.8348510572619231,0.8295625942684767,1070,8.245217391304347,8269.701908699168,8323.141759647418,9498,0.8229740361919748,0.8349214524851919,0.8460377358490566,0.02306369965708177,40,0,1,15.652285479213008,0,48.48354200000176
35,2,2,17,760,120,6775,5443,0.8033948339483394,0.7713884992987378,1332,13.206521739130435,9736.622901893601,9790.444667511418,10799,0.7910557184750733,0.8017632241813603,0.8195697432338653,0.028514024758792056,40,0,1,15.486454959942819,0,46.977833000004466
35,2,2,17,761,120,6530,5427,0.8310872894333844,0.7844396859386152,1103,14.35434782608696,7878.891148609764,7921.7743288739075,8762,0.8289085545722714,0.8319755600814664,0.8306581059390048,0.003067005509195031,40,0,1,15.734995687433239,0,43.52799999999843
35,2,2,17,762,120,6556,5418,0.826418547895058,0.7989840348330914,1138,10.628695652173915,8524.108112246522,8579.957772606887,9613,0.8232994526974199,0.8276821862348178,0.8256603773584905,0.0043827335373979315,40,0,1,15.652496006933065,0,44.54091600000538
35,2,2,17,763,120,6558,5411,0.8250991155840195,0.8366261398176292,1147,11.525217391304349,8952.498996097758,9003.59646221217,9798,0.8244094488188977,0.8194478985327033,0.8437253354380426,0.024277436905339345,40,0,1,15.818326559884348,0,48.446374999999534
35,2,2,17,764,120,6437,5408,0.8401429237222309,0.8572542901716068,1029,8.154347826086957,8408.970682552907,8453.649914531188,9096,0.843426883308715,0.8350840336134454,0.851764705882353,0.01668067226890757,40,0,1,15.65208053548839,0,45.231541000001016
35,2,2,17,765,120,6455,5419,0.8395042602633618,0.8372623574144487,1036,7.368695652173913,8068.275615174266,8119.421814344882,9093,0.8385615914307575,0.8376156217882836,0.8463375796178344,0.008721957829550764,40,0,1,15.569581244452907,0,44.85654199999408
35,2,2,17,766,120,6623,5428,0.8195681715234788,0.8589243959469992,1195,7.998695652173913,9680.281694476877,9727.233779124443,10580,0.8284389489953632,0.8165873214733149,0.819880418535127,0.01185162752204827,40,0,1,15.735615803000785,0,46.119291000002704
35,2,2,17,767,120,6456,5404,0.8370508054522925,0.819537658463833,1052,10.486086956521739,7934.021060065101,7975.472514309727,8773,0.8272656855151046,0.8406096615861535,0.8361669242658424,0.013343976071048869,40,0,1,15.444790458954186,0,45.694250000000466
35,2,2,17,768,120,6542,5431,0.8301742586365026,0.8409785932721713,1111,8.89,8686.117066072979,8738.007770081214,9777,0.8272870662460567,0.836906584992343,0.8134218289085545,0.023484756083788527,40,0,1,15.735205323860193,0,45.737874999998894
35,2,2,17,769,120,6519,5389,0.826660530756251,0.7929547088425594,1130,12.777391304347825,8128.961505536317,8181.205414496061,9378,0.8201267828843106,0.8237518910741302,0.8419829589465531,0.02185617606224244,40,0,1,15.901660119250733,0,43.942582999996375
35,2,2,17,770,120,6498,5402,0.8313327177593105,0.8476923076923077,1096,8.685217391304349,8607.770414192339,8658.384268358552,9643,0.8264591439688715,0.8310041407867494,0.8369162342475908,0.010457090278719217,40,0,1,15.611245057366,0,44.162374999999884
35,3,3,14.05,741,120,6575,5078,0.772319391634981,0.7397058823529412,1497,15.781304347826087,11149.198134134096,11196.725398598166,12645,0.7733537519142419,0.7703685134118827,0.77734375,0.006975236588117273,14.373146820455446,0.1582117357333421,0,14.057251887892408,0,49.965416999999434
35,3,3,14.05,742,120,6513,5077,0.7795178873023184,0.7300435413642961,1436,16.27130434782609,10427.542336486375,10470.982312600201,11970,0.7816265060240963,0.777018476335105,0.7852512155591572,0.00823273922405221,14.385658908928812,0.16686590794772563,0,14.057242420838916,0,49.40245899999718
35,3,3,14.05,743,120,6443,5078,0.7881421697966786,0.7667682926829268,1365,11.108260869565218,10607.811449948287,10651.578682844061,11891,0.8008130081300813,0.7879574357643395,0.7772058823529412,0.02360712577714008,14.373145761688855,0.158207610163821,0,14.057251528387425,0,47.58829100000003
35,3,3,14.05,744,120,6430,5079,0.7898911353032659,0.7563909774436091,1351,13.747826086956522,10201.898202084858,10252.267234200475,11660,0.7893175074183977,0.7898493259318001,0.7906081601231717,0.0012906527047740202,14.3714862660484,0.15820329807685726,0,14.057260752256731,0,48.43420799999876
35,3,3,14.05,745,120,6639,5079,0.7650248531405333,0.7529940119760479,1560,14.460434782608695,11570.45872120481,11608.94509661549,13265,0.7642215568862275,0.7627076617902306,0.7732283464566929,0.010520684666462277,14.371522336073925,0.1582067835777361,0,14.05725758777607,0,50.83470800000214
35,3,3,14.05,746,120,6652,5078,0.7633794347564642,0.7402501839587933,1574,14.589130434782609,11912.434076899091,11954.578391280265,13349,0.7742413027387121,0.7655733536740402,0.7463450292397661,0.027896273498945967,14.373137405265984,0.1582121127679728,0,14.057250270201544,0,49.16387499999837
35,3,3,14.05,747,120,6481,5078,0.7835210615645734,0.7798449612403101,1403,12.414347826086956,10715.767856421926,10752.480240759034,12509,0.7788679245283019,0.7861635220125787,0.7805970149253731,0.007295597484276772,14.38406918715035,0.1668851193400866,0,14.057254006357915,0,50.16841700000077
35,3,3,14.05,748,120,6534,5078,0.7771655953474136,0.7786377708978328,1456,12.503043478260869,11192.196608658895,11229.67593593795,13071,0.7987371744277821,0.7750439367311072,0.7624610591900312,0.03627611523775098,14.373110022811892,0.1582102768994091,0,14.057253865875785,0,48.050374999998894
35,3,3,14.05,749,120,6625,5078,0.7664905660377358,0.7513069454817027,1547,14.77608695652174,11928.303004071013,11974.619252276074,13320,0.7595792637114951,0.7679431904641136,0.769059955588453,0.00948069187695788,14.373149297287405,0.1582104832676976,0,14.057250431359327,0,49.904584000003524
35,3,3,14.05,750,120,6444,5078,0.7880198634388579,0.7661843107387661,1366,12.93260869565217,10797.314507914825,10844.025866736549,11993,0.8,0.7832057037232638,0.789712556732224,0.01679429627673623,14.373146648327113,0.158210300431478,0,14.05725265763293,0,49.18445899999642
35,3,3,14.05,751,120,6688,5079,0.7594198564593302,0.7311046511627907,1609,15.114782608695652,11808.242410717463,11849.90310751336,13546,0.7489208633093525,0.7576292559899117,0.7756939234808702,0.026773060171517704,14.371532021086251,0.15820668365455132,0,14.057257219498629,0,49.11008299999958
35,3,3,14.05,752,120,6648,5078,0.7638387484957883,0.7321688500727802,1570,15.539565217391305,11604.482925396816,11644.180095056114,13091,0.7686395080707148,0.7667077681874229,0.75,0.018639508070714794,14.373143790924269,0.15820626701922544,0,14.057250660421438,0,50.28475000000617
35,3,3,14.05,753,120,6506,5079,0.7806640024592684,0.7418879056047197,1427,15.278260869565218,10399.702496450984,10441.68337862437,12152,0.7920184190330007,0.7812339331619538,0.7677075399847677,0.024310879048233036,14.371535220505422,0.1582101589523904,0,14.057256565977227,0,49.24054199999955
35,3,3,14.05,754,120,6462,5079,0.7859795728876509,0.7697016067329763,1383,12.726521739130435,10316.216709662724,10357.143224242818,12050,0.7857142857142857,0.7881899871630296,0.7794466403162056,0.008743346846823985,14.38262776540055,0.16689048432884848,0,14.057255320725654,0,46.93666700000176
35,3,3,14.05,755,120,6562,5077,0.773697043584273,0.7598187311178247,1485,12.906956521739131,11221.599876647857,11262.521208947159,12729,0.7663335895465027,0.7742835404514329,0.7792109256449166,0.012877336098413905,14.385574679982328,0.16687548950520048,0,14.05724911182268,0,48.70241700000042
35,3,3,14.05,756,120,6583,5078,0.771380829409084,0.7211469534050179,1505,15.565217391304348,10933.779727813899,10976.837330815964,12386,0.763732129420617,0.7741361788617886,0.7708649468892261,0.010404049441171681,14.384002427685223,0.16688416766423822,0,14.057252501510055,0,49.57474999999977
35,3,3,14.05,757,120,6507,5079,0.7805440295066851,0.7397058823529412,1428,14.304347826086957,10705.414869217351,10753.922474439822,12019,0.7753510140405616,0.7833888746475263,0.777190332326284,0.008037860606964653,14.382648791290608,0.1668964875402557,0,14.05725768853515,0,47.60966699999699
35,3,3,14.05,758,120,6659,5078,0.7625769635080343,0.7507462686567165,1581,15.08391304347826,11608.837320808821,11641.23826657305,13453,0.7483683828861494,0.7644218551461245,0.7717472118959108,0.023378829009761404,14.373145564561645,0.15821686591308687,0,14.057246425285001,0,50.33187499999622
35,3,3,14.05,759,120,6479,5077,0.7836085815712301,0.7586726998491704,1402,12.16391304347826,10554.989776096882,10602.504987524975,12188,0.7820613690007868,0.779809425701777,0.7962264150943397,0.016416989392562642,14.385692239217816,0.16687529578602212,0,14.057248216627476,0,47.3515419999967
35,3,3,14.05,760,120,6775,5078,0.749520295202952,0.7054698457223001,1697,17.14391304347826,12371.284157551558,12413.378782239488,13943,0.7382697947214076,0.74911838790932,0.7612768910478834,0.023007096326475796,14.384049206327468,0.16689142668962878,0,14.057257431291754,0,51.08129200000258
35,3,3,14.05,761,120,6530,5078,0.7776416539050536,0.7180585296216988,1452,18.319130434782608,10384.133828920943,10424.482312600197,11847,0.7772861356932154,0.7762219959266803,0.7825040128410915,0.006282016914411215,14.373157737604771,0.1582133323384181,0,14.057249845427522,0,53.61908300000505
35,3,3,14.05,762,120,6556,5079,0.7747101891397193,0.7300435413642961,1477,14.58,10902.988918826884,10940.805562855676,12476,0.7756059421422987,0.7717611336032388,0.7826415094339623,0.010880375830723432,14.371573258949738,0.1582131771628337,0,14.05725653999866,0,48.38587499999994
35,3,3,14.05,763,120,6558,5077,0.7741689539493748,0.7644376899696048,1481,15.454347826086957,11324.938836539663,11363.927930599952,12831,0.7724409448818897,0.7702064163143497,0.7884767166535123,0.01827030033916255,14.38569740044109,0.16687238167573418,0,14.057246701756517,0,49.44154100000014
35,3,3,14.05,764,120,6437,5078,0.7888768059655119,0.7847113884555382,1359,12.072608695652175,10832.42241984124,10873.53894995458,12208,0.7939438700147711,0.7817752100840336,0.8047058823529412,0.022930672268907548,14.3731718428968,0.15821157119922521,0,14.057253127361777,0,49.157290999995894
35,3,3,14.05,765,120,6455,5078,0.7866769945778467,0.7650190114068441,1377,11.335652173913044,10423.455828674687,10460.023748587888,12104,0.7903596021423106,0.789311408016444,0.7746815286624203,0.015678073479890253,14.373131580199129,0.15820729846171294,0,14.057253821479277,0,47.01216700000077
35,3,3,14.05,766,120,6623,5079,0.7668730182696664,0.784099766173032,1544,11.950434782608696,12175.640820498578,12218.622574851708,13763,0.7789799072642968,0.7649711851666249,0.7608370702541106,0.018142837010186152,14.382617136318911,0.16689821577526473,0,14.057258879131425,0,50.218165999998746
35,3,3,14.05,767,120,6456,5079,0.7867100371747212,0.750186428038777,1377,14.395652173913044,10309.712491372029,10353.33667864492,11837,0.7699457784663052,0.7938517179023508,0.7820710973724884,0.023905939436045576,14.371561348917234,0.1582063072695302,0,14.057256208415206,0,47.14208299999882
35,3,3,14.05,768,120,6542,5079,0.7763680831549985,0.7691131498470948,1463,12.798695652173913,11151.736898133535,11183.000145364102,12805,0.7799684542586751,0.777947932618683,0.7684365781710915,0.011531876087583659,14.371486310668411,0.15820994603711197,0,14.057258073523258,0,48.67816699999821
35,3,3,14.05,769,120,6519,5079,0.7791072250345145,0.7232207045291158,1440,16.862173913043478,10213.83868214699,10249.284790836417,11967,0.783676703645008,0.7728189611699445,0.7939581719597212,0.021139210789776652,14.371530312544296,0.15820698353892337,0,14.057258285119502,0,48.98637500000041
35,3,3,14.05,770,120,6498,5079,0.7816251154201292,0.7738461538461539,1419,12.695652173913043,10838.519291664286,10873.231321699348,12540,0.7782101167315175,0.7800207039337475,0.7894736842105263,0.011263567479008807,14.371492230451905,0.1582099418967132,0,14.057254260886983,0,47.60420800000429
35,3,3,14.5,741,120,6575,5232,0.7957414448669201,0.7610294117647058,1343,14.468260869565217,9943.867523840145,9979.111908646259,11374,0.8001531393568146,0.7926798696415142,0.80078125,0.008101380358485843,15.074813936229553,0.14914110338595754,0,14.4364352718378,0,50.34174999999959
35,3,3,14.5,742,120,6513,5232,0.8033164440350069,0.7510885341074021,1281,15.015652173913043,9239.744204638417,9279.802377485512,10570,0.8117469879518072,0.80055682105796,0.8030794165316045,0.01119016689384722,15.074837256167717,0.149142052123647,0,14.436437202018004,0,49.18899999999849
35,3,3,14.5,743,120,6443,5232,0.8120440788452584,0.7888719512195121,1211,9.795217391304348,9376.386213142085,9419.21537726364,10865,0.8276422764227642,0.8084609395276408,0.8080882352941177,0.01955404112864656,15.074762139223138,0.14914004905604353,0,14.436439311593213,0,47.004791999999725
35,3,3,14.5,744,120,6430,5232,0.8136858475894245,0.7781954887218046,1198,12.434782608695652,8973.199785657996,9023.30923873844,10364,0.8108308605341247,0.8136399682791435,0.8167821401077752,0.005951279573650492,15.062277213849208,0.16123582590760058,0,14.436437491754722,0,47.095290999997815
35,3,3,14.5,745,120,6639,5232,0.7880704925440578,0.7747005988023952,1407,13.147391304347826,10442.863232955295,10477.086885752355,12049,0.7859281437125748,0.785519464418547,0.7984251968503937,0.012905732431846673,15.074838088386878,0.14914056629623626,0,14.436438500304526,0,49.94662499999686
35,3,3,14.5,746,120,6652,5232,0.7865303668069753,0.7615894039735099,1420,13.276086956521743,10738.683045117425,10777.96714124666,12025,0.8016284233900814,0.7884566488685482,0.7660818713450293,0.03554655204505219,15.074707042545052,0.14914114021926786,0,14.436432728811313,0,48.692582999996375
35,3,3,14.5,747,120,6481,5232,0.807282826724271,0.8023255813953488,1249,11.158695652173913,9595.883792294257,9630.359353569698,11097,0.809811320754717,0.8092243186582809,0.7992537313432836,0.010557589411433366,15.074899768830356,0.1491400740212993,0,14.436439847778878,0,47.382333999994444
35,3,3,14.5,748,120,6534,5232,0.800734618916437,0.8010835913312694,1302,11.19,10042.60909119839,10080.512469218773,11626,0.8200473559589582,0.7983931709766507,0.7889408099688473,0.031106545990110868,15.074773865370991,0.14914166354496242,0,14.43643631767224,0,47.76479200000176
35,3,3,14.5,749,120,6625,5232,0.7897358490566038,0.7729648991784914,1393,13.46304347826087,10701.20590301054,10746.306813590147,11930,0.7791134485349361,0.789753994420492,0.8001480384900074,0.021034589955071237,15.074834385912206,0.14914212228275942,0,14.436436901149456,0,49.427833000001556
35,3,3,14.5,750,120,6444,5232,0.8119180633147114,0.7882711348057883,1212,11.619565217391305,9554.870872521962,9601.104588587988,10802,0.8187265917602996,0.8074993398468445,0.8177004538577912,0.011227251913455083,15.074815941706964,0.14914114045711366,0,14.436437312556597,0,49.23012500000186
35,3,3,14.5,751,120,6688,5232,0.7822966507177034,0.7521802325581395,1456,13.801739130434783,10670.184140047415,10706.876894769806,12172,0.7762589928057554,0.7800756620428752,0.795198799699925,0.01893980689416963,15.07480108192051,0.14914180920108797,0,14.43643364254231,0,48.217083000003186
35,3,3,14.5,752,120,6648,5232,0.7870036101083032,0.7532751091703057,1416,14.226521739130435,10427.753237594563,10464.820687043206,11925,0.7940046118370484,0.7866831072749692,0.7809597523219814,0.013044859515066953,15.074783114956547,0.14913964750437117,0,14.436437776424206,0,49.43162499999744
35,3,3,14.5,753,120,6506,5232,0.804180756225023,0.7632743362831859,1274,13.965217391304348,9254.634663665613,9293.610297304542,10734,0.8135072908672295,0.8053984575835476,0.7913175932977913,0.022189697569438227,15.074757273204613,0.1491429272136577,0,14.436437382105334,0,48.926958999996714
35,3,3,14.5,754,120,6462,5232,0.8096564531104921,0.7918898240244836,1230,11.470869565217392,9192.752248433047,9228.636003241152,10718,0.8095238095238095,0.8102695763799743,0.807905138339921,0.0023644380400533738,15.074803271718372,0.14914197797387854,0,14.436438113688181,0,46.44087500000023
35,3,3,14.5,755,120,6562,5232,0.7973178908869247,0.7817220543806647,1330,11.651304347826088,10045.647257329907,10078.680501112342,11632,0.7893927747886241,0.7993913264012174,0.798937784522003,0.00999855161259322,15.07478021675,0.14913945720596128,0,14.436439164675361,0,47.78125
35,3,3,14.5,756,120,6583,5232,0.7947744189579219,0.7419354838709677,1351,14.3095652173913,9769.98916301768,9809.025245437171,11129,0.7923250564334086,0.797510162601626,0.7890743550834598,0.008435807518166194,15.074722055823473,0.1491418500767025,0,14.436443506746848,0,48.74066600000515
35,3,3,14.5,757,120,6507,5232,0.8040571692023974,0.7610294117647058,1275,13.048695652173913,9505.331895363173,9551.185972708308,10971,0.7995319812792512,0.809023327351961,0.7938066465256798,0.015216680826281248,15.074720146703738,0.14914218500731097,0,14.43643404543675,0,47.16495800000121
35,3,3,14.5,758,120,6659,5232,0.7857035590929569,0.7723880597014925,1427,13.77086956521739,10483.398263233319,10517.345449244976,12237,0.779550398839739,0.7842439644218552,0.7962825278810409,0.016732129041301946,15.074859552515155,0.1491394772586429,0,14.436436484888132,0,52.22808299999451
35,3,3,14.5,759,120,6479,5232,0.8075320265473067,0.7805429864253394,1247,10.908260869565217,9393.129420496887,9431.962515187448,10928,0.8033044846577498,0.8045325779036827,0.820377358490566,0.017072873832816193,15.074838680182374,0.14914053926957882,0,14.436441837350719,0,49.075791999996
35,3,3,14.5,760,120,6775,5232,0.7722509225092251,0.7258064516129032,1543,15.88826086956522,11193.587218241282,11241.616405635716,12383,0.7617302052785924,0.7707808564231738,0.7862595419847328,0.024529336706140437,15.074826448694145,0.14914045310476975,0,14.436434063791822,0,49.999792000002344
35,3,3,14.5,761,120,6530,5232,0.8012251148545176,0.7387580299785867,1298,17.006086956521738,9204.359414105611,9239.91775576561,10559,0.799410029498525,0.8019348268839104,0.8009630818619583,0.002524797385385358,15.074809368643733,0.14914058691267887,0,14.43643368888179,0,49.437292000002344
35,3,3,14.5,762,120,6556,5232,0.7980475899938987,0.7510885341074021,1324,13.26695652173913,9743.226956826384,9781.863190252394,11070,0.7935887412040656,0.7980769230769231,0.8022641509433962,0.008675409739330564,15.074809046377874,0.1491424216312978,0,14.436433109188824,0,46.17016700000386
35,3,3,14.5,763,120,6558,5232,0.797804208600183,0.7864741641337386,1326,14.198695652173914,10150.04130158494,10189.675551759157,11624,0.7960629921259843,0.7918428251678686,0.8184688239936859,0.026625998825817287,15.074821985187796,0.1491415716803944,0,14.436438578051238,0,48.65695799999958
35,3,3,14.5,764,120,6437,5232,0.8128009942519807,0.8073322932917316,1205,10.759565217391305,9616.82126809906,9652.593699839272,10814,0.8161004431314623,0.8082983193277311,0.8227450980392157,0.014446778711484587,15.074815521340632,0.14914022650599693,0,14.436436063323889,0,48.499375000006694
35,3,3,14.5,765,120,6455,5232,0.8105344694035631,0.7870722433460076,1223,10.022608695652174,9276.85375307956,9312.954688322237,10795,0.8133129303749044,0.8114080164439876,0.8049363057324841,0.008376624642420283,15.074793751075111,0.14914281965091034,0,14.436440053317,0,53.05129200000374
35,3,3,14.5,766,120,6623,5232,0.7899743318737732,0.8067030397505845,1391,10.694782608695652,11003.769881254193,11043.433731931496,12351,0.7967542503863988,0.7882736156351792,0.7884902840059791,0.008480634751219629,15.07481398459956,0.14914220549398202,0,14.436437214197111,0,51.01129200000287
35,3,3,14.5,767,120,6456,5232,0.8104089219330854,0.7718120805369127,1224,13.082608695652175,9105.669409386708,9150.770234340649,10417,0.7993803253292022,0.8142598811676569,0.8098918083462133,0.014879555838454683,15.074772617310757,0.14914056413152688,0,14.436434377154209,0,49.13970800000243
35,3,3,14.5,768,120,6542,5232,0.799755426475084,0.7912844036697247,1310,11.485652173913044,10006.377926738418,10041.749838364472,11532,0.8012618296529969,0.8032159264931087,0.7883480825958702,0.014867843897238497,15.074804469998782,0.14913995366955732,0,14.436437501518062,0,48.74779200000194
35,3,3,14.5,769,120,6519,5232,0.8025770823745974,0.7440690150970525,1287,15.549130434782608,9073.11935818364,9109.60603099406,10603,0.8026941362916006,0.7982854261220373,0.8156467854376452,0.017361359315607894,15.074794543048649,0.1491402886071467,0,14.436434494293072,0,49.06750000000466
35,3,3,14.5,770,120,6498,5232,0.8051708217913204,0.7961538461538461,1266,11.382608695652173,9699.279938865482,9738.852808310623,11152,0.798443579766537,0.8038302277432712,0.815418828762046,0.01697524899550895,15.07474754451568,0.14914136498610336,0,14.436441131809305,0,47.465291000000434
35,3,3,15,741,120,6575,5409,0.8226615969581749,0.7889705882352941,1166,12.968260869565217,8589.239255247543,8631.824784418031,9770,0.8238897396630934,0.8202557031837553,0.82890625,0.008650546816244664,15.368107169596124,0.1520292544137061,0,15.02479827366455,0,48.61687499999971
35,3,3,15,742,120,6513,5408,0.8303393213572854,0.7779390420899854,1105,13.565652173913046,7863.180177909234,7909.624032693613,9056,0.8381024096385542,0.8291571753986332,0.8257698541329012,0.012332555505653042,15.318077652903577,0.15778113561174553,0,14.983127691840268,0,48.635167000000365
35,3,3,15,743,120,6443,5407,0.8392053391277355,0.8170731707317073,1036,8.402608695652173,8014.648837817334,8060.93040935586,9538,0.8536585365853658,0.8349338178043083,0.8382352941176471,0.018724718781057526,15.318328064685558,0.15750418277821696,0,14.983124909909298,0,45.75420799999847
35,3,3,15,744,120,6430,5410,0.8413685847589425,0.8067669172932331,1020,10.877391304347826,7575.862406236908,7620.351511268652,8797,0.8456973293768546,0.8384879725085911,0.8452655889145496,0.007209356868263517,15.368067397580136,0.15160149931338054,0,15.024792254195836,0,46.59745899999689
35,3,3,15,745,120,6639,5409,0.8147311342069589,0.8031437125748503,1230,11.647391304347826,9136.056670250158,9169.726173397356,10518,0.8083832335329342,0.8130424001983635,0.8267716535433071,0.018388420010372886,15.368198917264282,0.152027057479441,0,15.024794826473531,0,49.667499999995925
35,3,3,15,746,120,6652,5410,0.8132892363199038,0.7910228108903605,1242,11.717826086956523,9373.357329011074,9415.599577491472,10457,0.8260547742413027,0.8154080854309688,0.7945906432748538,0.031464130966448844,15.342661857314651,0.15615652583228523,0,15.025214657094125,0,48.46833399999741
35,3,3,15,747,120,6481,5409,0.834593426940287,0.8310077519379845,1072,9.651304347826088,8264.418584282244,8305.94279409535,9382,0.8249056603773585,0.839098532494759,0.8313432835820895,0.014192872117400501,15.318055240182701,0.15807485598124235,0,14.983126178747726,0,48.21770899999683
35,3,3,15,748,120,6534,5407,0.827517600244873,0.8297213622291022,1127,9.797391304347826,8714.156031346254,8757.319927679844,10022,0.8429360694554064,0.8272658799899573,0.8130841121495327,0.029851957305873755,15.318306429125107,0.15750585026896874,0,14.983117424804156,0,49.279499999996915
35,3,3,15,749,120,6625,5409,0.8164528301886792,0.80134428678118,1216,11.96304347826087,9287.94004053034,9336.059844601989,10375,0.8046581517655897,0.8166370783667258,0.8275351591413768,0.022877007375787017,15.368111641267808,0.15202775968026647,0,15.02479526033474,0,48.979417000002286
35,3,3,15,750,120,6444,5410,0.8395406579764122,0.8187357197258187,1034,10.061304347826088,8158.026634695523,8203.891290465637,9167,0.8471910112359551,0.8341695273303407,0.8472012102874432,0.013031682957102553,15.342696612879017,0.15615599356822446,0,15.025212604212383,0,48.578333999997994
35,3,3,15,751,120,6688,5407,0.8084629186602871,0.7790697674418605,1281,12.40913043478261,9367.462625411024,9407.246945416615,10675,0.8043165467625899,0.8058007566204287,0.8207051762940735,0.016388629531483567,15.318311109234974,0.15750523201366196,0,14.983122470969526,0,49.653792000004614
35,3,3,15,752,120,6648,5408,0.8134777376654633,0.7809315866084425,1240,12.783913043478261,9084.77362932552,9126.101711075966,10351,0.8178324365872406,0.8133168927250308,0.8095975232198143,0.008234913367426322,15.368318137488743,0.15247168758995683,0,15.024790434278303,0,48.80883400000312
35,3,3,15,753,120,6506,5407,0.8310790039963111,0.7905604719764012,1099,12.572608695652173,7915.850187831392,7966.226511268655,9165,0.8449731389102072,0.8300771208226221,0.8202589489718203,0.02471418993838692,15.31829634932767,0.15750233576265507,0,14.983127682391656,0,48.68454200000269
35,3,3,15,754,120,6462,5407,0.8367378520581863,0.8201989288446825,1055,10.078260869565218,7874.468814365988,7919.485343612037,9065,0.8379416282642089,0.8367137355584082,0.8355731225296442,0.0023685057345647076,15.318321237284977,0.15750445469577068,0,14.98312280413451,0,46.041333999994094
35,3,3,15,755,120,6562,5407,0.8239865894544346,0.8096676737160121,1155,10.258695652173913,8693.625724174628,8740.872114352263,9995,0.813989239046887,0.8267816383464367,0.8254931714719271,0.012792399299549673,15.318235708862204,0.15750309008995372,0,14.983126037950866,0,48.522750000003725
35,3,3,15,756,120,6583,5407,0.8213580434452378,0.7684587813620072,1176,12.916956521739127,8440.24956931358,8482.465346391975,9828,0.8126410835214447,0.8244410569105691,0.8209408194233687,0.011799973389124419,15.318232236339995,0.15750322397399572,0,14.983124146604496,0,49.502040999999736
35,3,3,15,757,120,6507,5410,0.8314123251882588,0.7904411764705882,1097,11.490434782608695,8122.900557083799,8168.322820627698,9347,0.8252730109204368,0.8367085362727505,0.8217522658610272,0.014956270411723316,15.342611352579409,0.15615944302853618,0,15.02521644307081,0,47.73391700000502
35,3,3,15,758,120,6659,5409,0.8122841267457577,0.8007462686567164,1250,12.27086956521739,9196.388528006652,9229.409237721977,10665,0.7976794778825236,0.8127064803049555,0.8260223048327138,0.028342826950190192,15.368082038437029,0.1520286638648981,0,15.024797421913783,0,50.895707999996375
35,3,3,15,759,120,6479,5410,0.8350054020682204,0.8107088989441931,1069,9.35,8077.172142986598,8117.463289986642,9490,0.8237608182533438,0.8349214524851919,0.8460377358490566,0.02227691759571282,15.342662923612094,0.1561561353219712,0,15.02521289714271,0,47.990249999995285
35,3,3,15,760,120,6775,5410,0.7985239852398524,0.7538569424964937,1365,14.33,9826.581434713411,9872.849454863319,11065,0.7873900293255132,0.7962216624685139,0.8154059680777238,0.028015938752210645,15.342708354328488,0.1561555685186632,0,15.02521327715879,0,50.38933399999951
35,3,3,15,761,120,6530,5410,0.8284839203675345,0.7658815132048536,1120,15.448695652173914,7847.999339926505,7889.547114691086,8911,0.8259587020648967,0.8294297352342159,0.8282504012841091,0.003471033169319182,15.368019161651517,0.15159947276868363,0,15.024792056642633,0,49.17700000000332
35,3,3,15,762,120,6556,5408,0.8248932275777914,0.7779390420899854,1148,11.81695652173913,8408.42153973115,8449.414103454394,9714,0.8209538702111024,0.826163967611336,0.8249056603773585,0.005210097400233593,15.318142377050691,0.1577813777539664,0,14.983125659831051,0,45.85062499999913
35,3,3,15,763,120,6558,5410,0.8249466300701433,0.8153495440729484,1148,12.641304347826086,8775.867299540216,8819.344505510133,9836,0.8244094488188977,0.8191992041780651,0.8437253354380426,0.02452613125997749,15.368053840903753,0.1515977933397997,0,15.024793587020328,0,48.70037500000035
35,3,3,15,764,120,6437,5407,0.8399875718502408,0.8361934477379095,1030,9.36695652173913,8207.355942028076,8253.786133327376,9100,0.843426883308715,0.8348214285714286,0.851764705882353,0.016943277310924376,15.31831724091345,0.15750457292516962,0,14.983123999702812,0,48.85100000000239
35,3,3,15,765,120,6455,5409,0.8379550735863671,0.8159695817490494,1046,8.522608695652174,7957.336448924236,7999.022973788694,9193,0.837796480489671,0.8363309352517986,0.8431528662420382,0.006821930990239644,15.36815118505522,0.1520259928729355,0,15.024792704239935,0,52.210917000003974
35,3,3,15,766,120,6623,5410,0.8168503699229956,0.8378799688230709,1213,9.136521739130435,9640.61785508581,9681.660144143547,10797,0.8253477588871716,0.8140816837885242,0.8168908819133034,0.01126607509864741,15.342655828374411,0.1561551144768172,0,15.025215896169732,0,53.267457999994804
35,3,3,15,767,120,6456,5410,0.8379801734820322,0.8016405667412378,1046,11.524347826086954,7700.6176542420235,7751.088412614789,8708,0.8295894655305964,0.840867992766727,0.8377125193199382,0.011278527236130542,15.342666092331266,0.15615514666391786,0,15.025212065886869,0,46.89158399999724
35,3,3,15,768,120,6542,5408,0.8266585142158361,0.8203363914373089,1134,10.04304347826087,8681.70300610909,8722.61968190385,9995,0.8257097791798107,0.8328228688106176,0.8097345132743363,0.023088355536281302,15.36827999255405,0.15246774041085556,0,15.024792814384762,0,47.90520800000377
35,3,3,15,769,120,6519,5407,0.8294216904433195,0.7706685837526959,1112,14.156521739130435,7753.221848962645,7793.98756895302,9201,0.8217115689381933,0.8265254664649521,0.8458559256390396,0.024144356700846248,15.31831340082275,0.15750389953019187,0,14.983124889909819,0,47.633417000004556
35,3,3,15,770,120,6498,5407,0.8321021852877809,0.8246153846153846,1091,9.99,8344.512218667467,8386.135849741337,9611,0.8280155642023346,0.8312629399585921,0.838398813936249,0.010383249733914468,15.318310348911753,0.15750564298042827,0,14.983123327134004,0,46.778207999996084
35,3,3,15.5,741,120,6575,5581,0.8488212927756654,0.8169117647058823,994,11.488695652173913,7261.843083385989,7305.217449104804,8281,0.8522205206738132,0.8445725745800953,0.85859375,0.014021175419904774,16.116071039844595,0.13661644532686365,0,15.530226648517477,0,48.008583000002545
35,3,3,15.5,742,120,6513,5581,0.8569015814524796,0.8062409288824384,932,12.036086956521737,6548.650417228478,6588.4567292917345,7697,0.8667168674698795,0.8554796254112883,0.8508914100486223,0.015825457421257183,16.116062732347988,0.13661849564454506,0,15.530229712105035,0,47.9365420000031
35,3,3,15.5,743,120,6443,5581,0.8662113922085984,0.8467987804878049,862,6.815652173913043,6715.780126334118,6758.8711397457555,7936,0.883739837398374,0.8634830002595381,0.8580882352941176,0.025651602104256432,16.11610765972559,0.13661674106548294,0,15.530228932042865,0,45.23958300000231
35,3,3,15.5,744,120,6430,5581,0.8679626749611198,0.8353383458646616,849,9.455217391304348,6242.995268352596,6288.570441786906,7425,0.8738872403560831,0.865715040972773,0.8683602771362586,0.008172199383310152,16.116054316373294,0.13662008377142687,0,15.53022812524692,0,47.036707999999635
35,3,3,15.5,745,120,6639,5581,0.8406386503991565,0.8315868263473054,1058,10.167826086956524,7848.4914967019,7890.945096615488,8883,0.8353293413173652,0.8380857922142326,0.8543307086614174,0.01900136734405211,16.116064881459042,0.13661853152476988,0,15.530233387980564,0,50.377832999998645
35,3,3,15.5,746,120,6652,5581,0.8389957907396272,0.8175128771155261,1071,10.296521739130435,8048.1406036101025,8095.768300563468,9122,0.846780162842339,0.8431222984998729,0.8194444444444444,0.027335718397894615,16.11600996876258,0.13661824755989385,0,15.530228284760296,0,48.18195900000137
35,3,3,15.5,747,120,6481,5581,0.8611325412744947,0.8612403100775193,900,8.179130434782609,6950.108003875714,6996.750920163299,7770,0.859622641509434,0.8626834381551363,0.8582089552238806,0.00447448293125563,16.116062356465466,0.13661742321507922,0,15.530235816087073,0,49.502417000003334
35,3,3,15.5,748,120,6534,5581,0.8541475359657178,0.8599071207430341,953,8.210434782608695,7422.725811890788,7463.858409834856,8467,0.8745067087608525,0.8523725834797891,0.839563862928349,0.03494284583250351,16.116034335073902,0.1366185779002041,0,15.53023476470613,0,47.325791999996
35,3,3,15.5,749,120,6625,5581,0.8424150943396227,0.8297236743838685,1044,10.483478260869566,7943.665704299291,7988.977470439328,8927,0.8287002253944402,0.8425057063149886,0.8556624722427831,0.02696224684834292,16.116077191595537,0.13661814763558683,0,15.53022688080553,0,50.09045799999876
35,3,3,15.5,750,120,6444,5581,0.8660769708255742,0.8461538461538461,863,8.64,6802.5904984331255,6855.208663068919,7649,0.8734082397003745,0.8600475310271983,0.875945537065053,0.01589800603785463,16.116073159777045,0.1366171506120578,0,15.530231353139174,0,47.5827500000014
35,3,3,15.5,751,120,6688,5581,0.8344796650717703,0.8074127906976745,1107,10.822173913043478,8088.2845236466965,8131.933931738812,9171,0.8237410071942446,0.8340479192938209,0.8469617404351087,0.023220733240864155,16.116093132286625,0.13661824605703562,0,15.530230535493798,0,47.0290410000016
35,3,3,15.5,752,120,6648,5581,0.8395006016847172,0.8085880640465793,1067,11.24695652173913,7772.860585753316,7814.641090658322,8866,0.8401229823212913,0.8397040690505548,0.8382352941176471,0.0018876882036442666,16.116011648815444,0.136618091803793,0,15.530232125577855,0,48.29979199999798
35,3,3,15.5,753,120,6506,5581,0.8578235474946203,0.8193215339233039,925,10.985652173913042,6607.950349141216,6655.776096557016,7653,0.874136607828089,0.8557840616966581,0.8476770753998477,0.026459532428241284,16.116006719578674,0.1366161513269035,0,15.530234229409677,0,48.768166000001656
35,3,3,15.5,754,120,6462,5581,0.8636645001547508,0.8500382555470544,881,8.491304347826087,6554.281730658656,6604.33381656873,7399,0.869431643625192,0.8634146341463415,0.8584980237154151,0.010933619909776926,16.115982563382186,0.13661777250358767,0,15.53023213573496,0,46.53195799999958
35,3,3,15.5,755,120,6562,5581,0.8505028954587016,0.8391238670694864,981,8.671739130434782,7387.019062986912,7431.177064044273,8444,0.8424289008455035,0.8513821962972357,0.8558421851289834,0.013413284283479876,16.116014343880003,0.13661793060585203,0,15.530230867769577,0,49.83545800000138
35,3,3,15.5,756,120,6583,5581,0.8477897615069118,0.796415770609319,1002,11.329999999999998,7165.097498297372,7206.791658530955,8380,0.8404815650865313,0.851880081300813,0.8429438543247344,0.011398516214281784,16.115989711187094,0.1366173899429091,0,15.530231790076144,0,46.663832999998704
35,3,3,15.5,757,120,6507,5581,0.8576917166128785,0.8169117647058823,926,10.069130434782611,6804.658590572121,6853.214448106118,7986,0.8533541341653667,0.8638810561394514,0.8436555891238671,0.020225467015584364,16.11598376853364,0.1366190782919943,0,15.53023272360973,0,46.38974999999482
35,3,3,15.5,758,120,6659,5581,0.8381138309055414,0.8291044776119403,1078,10.791304347826086,7949.545988577154,7989.714402657132,9224,0.8245105148658448,0.8373570520965693,0.8542750929368029,0.029764578070958114,16.116126210766584,0.13661843918619268,0,15.530226823931338,0,48.0859580000033
35,3,3,15.5,759,120,6479,5581,0.8613983639450532,0.8378582202111614,898,7.928695652173913,6799.235227444911,6841.243883533111,7883,0.8568056648308419,0.8624774658768993,0.8626415094339622,0.005835844603120366,16.116064460315204,0.13661669663906434,0,15.530231910063344,0,45.53191700000025
35,3,3,15.5,760,120,6775,5581,0.8237638376383764,0.7791023842917251,1194,12.908695652173913,8528.762492799779,8573.209637675425,9635,0.8123167155425219,0.8214105793450882,0.8410825815405968,0.028765865998074847,16.11601620248484,0.13661695488391495,0,15.530230350631319,0,50.877958999997645
35,3,3,15.5,761,120,6530,5581,0.8546707503828483,0.7930049964311207,949,14.026521739130436,6515.437937290665,6558.361409975029,7531,0.8451327433628318,0.8569246435845214,0.8579454253611557,0.01281268199832386,16.116048733732963,0.1366181371301726,0,15.530228332547301,0,47.832000000002154
35,3,3,15.5,762,120,6556,5581,0.8512812690665039,0.8062409288824384,975,10.287391304347825,7129.882468150406,7169.958977368668,8325,0.854573885848319,0.8517206477732794,0.8467924528301887,0.007781433018130279,16.116148627251732,0.13661763523519585,0,15.530225511388728,0,45.35791700000118
35,3,3,15.5,763,120,6558,5581,0.8510216529429704,0.8442249240121581,977,11.219130434782608,7414.614715251173,7468.4814451860075,8185,0.8440944881889764,0.843819945287242,0.8808208366219415,0.037000891334699526,16.11606538846485,0.13661728425602424,0,15.530231672425671,0,49.132291000001715
35,3,3,15.5,764,120,6437,5581,0.8670187975765108,0.8666146645865834,856,7.7799999999999985,6804.382658494106,6856.419873914271,7479,0.8655834564254062,0.8618697478991597,0.883921568627451,0.02205182072829126,16.11606988806427,0.13661830597984315,0,15.530229733866776,0,45.31524999999965
35,3,3,15.5,765,120,6455,5581,0.8646010844306738,0.8448669201520913,874,7.043043478260871,6642.411428584292,6692.908969729725,7550,0.8584544758990054,0.8630524152106885,0.8757961783439491,0.017341702444943707,16.116038791603184,0.13661863501438345,0,15.530234298187056,0,44.931666999997105
35,3,3,15.5,766,120,6623,5581,0.8426694851275857,0.8659392049883087,1042,7.715217391304348,8297.875602101887,8340.201795374378,9244,0.847758887171561,0.8411425707842646,0.8423019431988041,0.006616316387296428,16.116040584567298,0.13661836018359483,0,15.530232321667372,0,54.83658299999661
35,3,3,15.5,767,120,6456,5581,0.8644671623296158,0.8284862043251305,875,10.103043478260869,6347.6625682196245,6397.591812369591,7304,0.860573199070488,0.8646344613794885,0.8678516228748068,0.007278423804318757,16.11602813963589,0.13661947414015682,0,15.530235149198793,0,46.57250000000204
35,3,3,15.5,768,120,6542,5581,0.8531030265973708,0.849388379204893,961,8.50608695652174,7388.904895198614,7428.314993762488,8480,0.8446372239747634,0.8601327207759061,0.8407079646017699,0.019424756174136193,16.11597009584653,0.13662101464669005,0,15.530231374192413,0,54.69445899999846
35,3,3,15.5,769,120,6519,5581,0.856112900751649,0.798705966930266,938,12.569565217391302,6485.2688848614225,6521.634659891683,7550,0.8486529318541997,0.854261220373172,0.8690937257939582,0.020440793939758506,16.11616088421951,0.1366184611709967,0,15.530230339585009,0,45.55225000000064
35,3,3,15.5,770,120,6498,5581,0.8588796552785473,0.8546153846153847,917,8.40304347826087,7055.392453067468,7098.709529624596,8085,0.8560311284046692,0.8566252587991718,0.8680504077094143,0.012019279304745112,16.115979024043728,0.13661831104611838,0,15.530233706394014,0,47.127332999996725
35,3,3,16,741,120,6575,5757,0.8755893536121673,0.8411764705882353,818,9.997391304347824,5889.402327943091,5929.611394539196,6786,0.8828483920367535,0.8708949611431437,0.8828125,0.011953430893609784,16.334035597311814,0.16007866671117546,0,15.993160790252729,0,50.06354100000317
35,3,3,16,742,120,6513,5755,0.8836173806233687,0.8301886792452831,758,10.621304347826085,5199.230484336622,5241.379473417913,6207,0.8930722891566265,0.8805365730194887,0.8833063209076175,0.012535716137137776,16.334274687176016,0.15987169951708513,0,15.993161977819947,0,47.39970799999719
35,3,3,16,743,120,6443,5754,0.8930622380878472,0.8719512195121951,689,5.369565217391305,5360.933973393535,5412.831191613127,6188,0.9056910569105691,0.8917726446924474,0.8852941176470588,0.020396939263510272,16.334361196954678,0.14844187108997425,0,15.993164870981838,0,53.258417000004556
35,3,3,16,744,120,6430,5755,0.8950233281493002,0.8601503759398497,675,8.040434782608695,4898.790761781161,4946.604281588359,5977,0.9043026706231454,0.894263811789585,0.8876058506543495,0.016696819968795906,16.33427531263595,0.15986749551854523,0,15.993167171280762,0,49.266624999996566
35,3,3,16,745,120,6639,5755,0.8668474167796355,0.8562874251497006,884,8.753043478260869,6508.488533209874,6550.64778941721,7437,0.8645209580838323,0.8646169104884701,0.8763779527559055,0.011856994672073129,16.334271167429062,0.15987009853715278,0,15.99316469039906,0,47.689166999996814
35,3,3,16,746,120,6652,5754,0.865003006614552,0.8417954378219279,898,8.850434782608696,6662.651698992594,6717.0700503079925,7597,0.8763878608438194,0.8657513348588863,0.8516081871345029,0.02477967370931644,16.34677379184849,0.15875341781663577,0,15.99316482804901,0,50.32254199999443
35,3,3,16,747,120,6481,5757,0.888288844314149,0.8868217054263566,724,6.687826086956521,5587.499687589001,5628.960673166749,6394,0.8852830188679245,0.889937106918239,0.8865671641791045,0.004654088050314531,16.3340335317975,0.16007577054436267,0,15.993167757904894,0,45.39820899999904
35,3,3,16,748,120,6534,5754,0.8806244260789715,0.8854489164086687,780,6.764347826086958,6091.66108541091,6133.348526564313,7053,0.9013417521704814,0.8784835551092142,0.866822429906542,0.03451932226393939,16.346714707382972,0.15875497771831748,0,15.993167452543597,0,46.59700000000157
35,3,3,16,749,120,6625,5754,0.8685283018867924,0.8543689320388349,871,9.037391304347826,6565.567613013969,6616.505432588586,7522,0.8542449286250939,0.8706568602586863,0.8763878608438194,0.02214293221872543,16.34678554469987,0.15875348620245167,0,15.993164745133397,0,49.234375
35,3,3,16,750,120,6444,5755,0.8930788330229671,0.8712871287128713,689,7.225217391304348,5395.12828326529,5448.96792504008,6252,0.89812734082397,0.88909426987061,0.8993948562783661,0.010300586407756107,16.3343032942016,0.15986749005460552,0,15.993167096366236,0,45.17183300000033
35,3,3,16,751,120,6688,5756,0.8606459330143541,0.8313953488372093,932,9.369130434782608,6766.540172976951,6803.960903845727,7801,0.8510791366906475,0.8605296343001261,0.8709677419354839,0.019888605244836377,16.334114601498733,0.15996145767664044,0,15.993170542864924,0,50.77183299999888
35,3,3,16,752,120,6648,5754,0.8655234657039711,0.8326055312954876,894,9.800869565217392,6416.680339504868,6464.34782808577,7380,0.8700999231360492,0.866091245376079,0.8591331269349846,0.010966796201064666,16.334376299913718,0.14844348274006436,0,15.993168297677926,0,48.66370900000038
35,3,3,16,753,120,6506,5755,0.8845680909929297,0.8436578171091446,751,9.501304347826087,5279.867946918001,5325.218730710941,6356,0.896392939370683,0.8840616966580976,0.8743335872048743,0.022059352165808677,16.34657800102601,0.15861243925273721,0,16.03462394249866,0,46.13158299999486
35,3,3,16,754,120,6462,5755,0.8905911482513154,0.8752869166029075,707,7.076521739130435,5192.3417290787565,5236.569758744196,5950,0.8924731182795699,0.892426187419769,0.88300395256917,0.009469165710399907,16.334241657359993,0.15987163974912313,0,15.993161044483232,0,48.34383399999933
35,3,3,16,755,120,6562,5756,0.8771715940262115,0.8640483383685801,806,7.149130434782609,6039.264306053463,6086.729449665497,7110,0.8724058416602614,0.87648998224702,0.8839150227617603,0.0115091811014989,16.34649240104739,0.15848529286400875,0,15.993166004389197,0,45.345500000003085
35,3,3,16,756,120,6583,5755,0.8742214795685858,0.8200716845878137,828,9.915217391304347,5846.3885729374915,5888.668623179801,6903,0.872084273890143,0.873729674796748,0.877845220030349,0.005760946140206058,16.334280464819475,0.159871537835016,0,15.99316253008682,0,48.61995800000295
35,3,3,16,757,120,6507,5754,0.88427846934071,0.8411764705882353,753,8.62304347826087,5451.689882640399,5501.542786637277,6595,0.8775351014040562,0.8890028197897974,0.8768882175226587,0.012114602267138785,16.346774782036388,0.1587555980110925,0,15.9931680967971,0,48.15441699999792
35,3,3,16,758,120,6659,5754,0.8640937077639285,0.8537313432835821,905,9.345217391304349,6663.640712213936,6702.303567335166,7859,0.8535170413343002,0.8653113087674714,0.8713754646840148,0.01785842334971466,16.334393662873136,0.14844241809607667,0,15.993166357852227,0,45.57729099999415
35,3,3,16,759,120,6479,5755,0.8882543602407779,0.8627450980392157,724,6.513913043478261,5472.748202521805,5517.42387953262,6331,0.8843430369787569,0.8879732165851146,0.8928301886792452,0.008487151700488305,16.334282609543752,0.15986977942816818,0,15.99316477848359,0,45.858290999996825
35,3,3,16,760,120,6775,5755,0.8494464944649447,0.8022440392706872,1020,11.493913043478262,7160.820873876841,7205.14859508807,8042,0.8387096774193549,0.8468513853904283,0.8667591950034698,0.02804951758411489,16.33429722380694,0.1598691082191957,0,15.993163054864729,0,48.037124999995285
35,3,3,16,761,120,6530,5754,0.8811638591117917,0.8165596002855103,776,12.580434782608695,5159.349397128695,5206.6074352283495,6101,0.8753687315634219,0.8839103869653768,0.8788121990369181,0.00854165540195495,16.346861695673418,0.15875374263844239,0,15.993166652167206,0,46.50304100000358
35,3,3,16,762,120,6556,5755,0.8778218425869433,0.8301886792452831,801,8.872608695652174,5792.256688791192,5840.2840314730565,6797,0.887412040656763,0.8775303643724697,0.8694339622641509,0.017978078392612118,16.33428728994478,0.1598711788585671,0,15.993161986198631,0,48.13970799999515
35,3,3,16,763,120,6558,5755,0.8775541323574261,0.8693009118541033,803,9.804347826086959,5999.063362634287,6048.049017596603,6684,0.8708661417322835,0.8714250186520766,0.9037095501183899,0.03284340838610644,16.334261690893026,0.1598711577307387,0,15.993163551508061,0,46.63545900000463
35,3,3,16,764,120,6437,5754,0.8938946714307907,0.8923556942277691,683,6.333913043478261,5370.7219151934605,5430.792149902066,5984,0.8929098966026587,0.8907563025210085,0.9043137254901961,0.013557422969187605,16.34675741526092,0.158752079046828,0,15.993163503721055,0,45.92079200000444
35,3,3,16,765,120,6455,5755,0.8915569326103796,0.8699619771863117,700,5.558695652173913,5256.242854500525,5305.606061007214,5914,0.8928844682478959,0.8887461459403906,0.8988853503184714,0.010139204378080802,16.34670823198618,0.15861472781994462,0,16.034625617260588,0,42.17691699999705
35,3,3,16,766,120,6623,5754,0.8687905782877849,0.8916601714731099,869,6.269130434782609,6921.001642868169,6966.806537462184,7738,0.8724884080370943,0.8664495114006515,0.8721973094170403,0.006038896636442748,16.346762883411145,0.1587563658530028,0,15.99316756666956,0,50.349790999993274
35,3,3,16,767,120,6456,5755,0.8914188351920694,0.8530947054436987,701,8.688260869565218,4980.456514499496,5025.636172176802,5980,0.8892331525948877,0.892017566520279,0.8918083462132921,0.0027844139253913047,16.33426587625286,0.15986574883979543,0,15.993168476120857,0,44.98633300000074
35,3,3,16,768,120,6542,5755,0.879700397431978,0.8746177370030581,787,7.091304347826087,6040.126573424037,6085.570594428209,6860,0.8753943217665615,0.8846350178662583,0.8694690265486725,0.01516599131758578,16.334244241972964,0.15987134191060884,0,15.993163626918038,0,45.644625000000815
35,3,3,16,769,120,6519,5756,0.8829575088203713,0.822429906542056,763,11.046956521739128,5173.413206752876,5212.786103314221,6283,0.8763866877971473,0.8812405446293494,0.8946553059643687,0.018268618167221362,16.346613562548523,0.1584868395711056,0,15.993166752351817,0,48.37320799999725
35,3,3,16,770,120,6498,5754,0.8855032317636196,0.88,744,6.95695652173913,5682.925847565593,5730.82201495684,6464,0.8785992217898833,0.884575569358178,0.8947368421052632,0.016137620315379908,16.346750942739266,0.1587552627592766,0,15.993168439229983,0,46.36691599999904
35,3,3,17,741,120,6575,6102,0.9280608365019012,0.8941176470588236,473,7.066956521739131,3233.61252938249,3276.7580794216315,4052,0.9257274119448698,0.9265480070193031,0.93515625,0.009428838055130173,17.325504791656115,0.15567890978418453,0,17.003206400573575,0,53.69591600000422
35,3,3,17,742,120,6513,6102,0.9368954398894519,0.8824383164005806,411,7.614347826086957,2565.750587941762,2614.1745771526503,3272,0.9487951807228916,0.9326752720830169,0.9376012965964343,0.01611990863987467,17.32558573696251,0.15567672521580747,0,17.003203023246034,0,44.166792000003625
35,3,3,17,743,120,6443,6103,0.9472295514511874,0.926829268292683,340,2.3817391304347826,2669.367751264706,2720.8611029753997,3300,0.9544715447154472,0.9452374772904231,0.9463235294117647,0.009234067425024084,17.350259742325946,0.15642672303827082,0,17.003204847757992,0,44.46583300000202
35,3,3,17,744,120,6430,6104,0.9493001555209953,0.9142857142857143,326,4.99695652173913,2270.1170693602294,2314.8742325009266,2902,0.9480712166172107,0.9500396510705789,0.9484218629715165,0.0019684344533681397,17.325162519251716,0.15342520753874583,0,17.00321022305223,0,46.286207999997714
35,3,3,17,745,120,6639,6105,0.9195661997288749,0.9101796407185628,534,5.683478260869564,3899.6772081223744,3943.935757465164,4604,0.9214071856287425,0.9161914207785767,0.9283464566929134,0.012155035914336643,17.325153499685694,0.1530852005153609,0,17.00320422972663,0,49.28479199999856
35,3,3,17,746,120,6652,6103,0.9174684305472038,0.8947755702722591,549,5.8643478260869575,3976.679622268463,4026.837975686892,4681,0.9259807549962991,0.9206712433257056,0.8998538011695907,0.026126953826708377,17.325594232898123,0.15377873393120953,0,17.0032048343911,0,49.025209000006726
35,3,3,17,747,120,6481,6105,0.9419842616880111,0.9426356589147287,376,3.694782608695652,2854.0051093181746,2904.3703649465624,3152,0.9388679245283019,0.9405136268343816,0.9492537313432836,0.01038580681498169,17.325155035634765,0.1530851269881743,0,17.003211229855946,0,54.686916999999085
35,3,3,17,748,120,6534,6102,0.9338842975206612,0.9411764705882353,432,3.7886956521739132,3417.5690855293055,3460.557465761192,3999,0.9368587213891081,0.9327140346472508,0.9345794392523364,0.004144686741857306,17.325445799821043,0.15567874444978078,0,17.00320190358315,0,48.28887499999837
35,3,3,17,749,120,6625,6103,0.9212075471698113,0.9081404032860344,522,6.051304347826088,3923.7213063170425,3970.4594224322796,4731,0.912847483095417,0.9208724321582551,0.930421909696521,0.017574426601104087,17.325534134268192,0.15377915933972305,0,17.003204620458128,0,47.73033399999986
35,3,3,17,750,120,6444,6104,0.9472377405338299,0.9261233815689262,340,4.181739130434782,2657.828750804214,2711.7152237638234,3270,0.9483146067415731,0.9432268286242408,0.9576399394856279,0.01441311086138708,17.325350815958064,0.15342574769432255,0,17.003207520928786,0,48.129124999999476
35,3,3,17,751,120,6688,6102,0.9123803827751196,0.8837209302325582,586,6.400434782608697,4141.191274400012,4188.127355269251,4891,0.9043165467625899,0.9114754098360656,0.9234808702175544,0.01916432345496455,17.325579239028112,0.15568102309490728,0,17.003204718880486,0,49.38908300000185
35,3,3,17,752,120,6648,6102,0.9178700361010831,0.8850072780203785,546,6.8252173913043475,3779.722833608588,3829.3497927346193,4479,0.9208301306687163,0.9191122071516646,0.9109907120743034,0.009839418594412952,17.325549041773126,0.15567837951871377,0,17.003204179980496,0,60.347874999999476
35,3,3,17,753,120,6506,6103,0.9380571779895481,0.8967551622418879,403,6.553478260869565,2701.319550654486,2739.7931090727398,3464,0.9439754412893323,0.9390745501285347,0.9291698400609292,0.014805601228403131,17.325474586418277,0.15377803549481428,0,17.0032070783113,0,48.09954199999629
35,3,3,17,754,120,6462,6103,0.9444444444444444,0.9303749043611323,359,4.059130434782609,2482.1547478578295,2537.6065678141576,2947,0.9408602150537635,0.9460847240051348,0.9430830039525692,0.005224508951371276,17.325522571754913,0.15377778752671603,0,17.00320604049411,0,60.87395799999649
35,3,3,17,755,120,6562,6104,0.9302042060347455,0.918429003021148,458,4.213478260869565,3362.5041053078544,3407.33010895579,3782,0.930053804765565,0.9289880801420238,0.9339908952959028,0.005002815153879014,17.325269192670085,0.1534229291142373,0,17.00321178299586,0,52.0389159999977
35,3,3,17,756,120,6583,6104,0.9272368221175755,0.8716845878136201,479,6.871739130434782,3252.460234115746,3290.906897888562,4125,0.9255079006772009,0.9270833333333334,0.9294385432473444,0.003930642570143528,17.325277079888256,0.1534232671076181,0,17.003211658909667,0,46.910791000002064
35,3,3,17,757,120,6507,6103,0.937913016751191,0.8933823529411765,404,5.636521739130435,2868.5633026013793,2914.131828687161,3681,0.9329173166926678,0.9438605485772879,0.925226586102719,0.018633962474568833,17.325251257906846,0.15599487669597017,0,17.002994446004227,0,50.04720799999632
35,3,3,17,758,120,6659,6102,0.9163538068779096,0.9067164179104478,557,6.384782608695652,4150.6834953644875,4187.97198340753,5131,0.9108049311094997,0.9163913595933927,0.9219330855018587,0.011128154392359035,17.3254683600254,0.1558270345566501,0,17.002998799877226,0,48.03679199999897
35,3,3,17,759,120,6479,6102,0.9418120080259299,0.9170437405731523,377,3.5069565217391303,2830.055751501923,2882.2076730265767,3269,0.939417781274587,0.9412825135204739,0.9456603773584905,0.00624259608390354,17.325566736828232,0.15568231208058275,0,17.003208932766793,0,46.10574999999517
35,3,3,17,760,120,6775,6102,0.9006642066420664,0.85273492286115,673,8.486956521739131,4476.584383845225,4525.9736800641285,5085,0.8892961876832844,0.902015113350126,0.9077029840388618,0.018406796355577404,17.325489882495432,0.15567940931314403,0,17.003205800897298,0,47.324791999999434
35,3,3,17,761,120,6530,6104,0.9347626339969373,0.8679514632405425,426,9.566521739130435,2524.294128625741,2577.097567393639,3525,0.9269911504424779,0.9363543788187373,0.9382022471910112,0.011211096748533267,17.350117158620364,0.15638537934025534,0,17.003205492506947,0,42.80120799999713
35,3,3,17,762,120,6556,6103,0.9309029896278218,0.8817126269956459,453,5.854782608695651,3115.838719859915,3165.6518104713905,3791,0.9327599687255669,0.9288967611336032,0.9350943396226415,0.006197578489038347,17.325330746977333,0.15599389919785672,0,17.00299154042753,0,44.47045800000342
35,3,3,17,763,120,6558,6104,0.9307715767002135,0.9240121580547113,454,6.760869565217392,3279.543533758543,3322.9641874139866,4002,0.9188976377952756,0.9283760258642129,0.9502762430939227,0.03137860529864711,17.32526914553876,0.15342635347811504,0,17.00320787104803,0,50.20787500000006
35,3,3,17,764,120,6437,6105,0.9484231784993009,0.9485179407176287,332,3.2956521739130435,2527.2229995038488,2580.0640345918123,2884,0.947562776957164,0.9477415966386554,0.9513725490196079,0.003809772062443928,17.32505765379623,0.15308518258211984,0,17.0032082521969,0,44.6080409999995
35,3,3,17,765,120,6455,6105,0.9457784663051898,0.9247148288973384,350,2.5586956521739133,2517.3509407129054,2574.137008719326,2794,0.9502677888293802,0.9439876670092497,0.946656050955414,0.006280121820130491,17.325097702653334,0.15308735136889512,0,17.00320863813708,0,42.872457999998005
35,3,3,17,766,120,6623,6103,0.9214857315415974,0.9477786438035853,520,3.2830434782608697,4196.490624688642,4247.569881372347,4632,0.9304482225656878,0.9178150839388625,0.9237668161434978,0.012633138626825358,17.325554390627598,0.1537785714313291,0,17.0032074838572,0,47.061916999999085
35,3,3,17,767,120,6456,6103,0.9453221809169765,0.906785980611484,353,5.670869565217391,2299.0813527442,2351.9735874491294,2789,0.9496514329976762,0.9408421596486696,0.9544049459041731,0.013562786255503556,17.3255321437986,0.1537790791117622,0,17.00320552228593,0,48.800499999997555
35,3,3,17,768,120,6542,6102,0.9327422806481198,0.9296636085626911,440,4.084347826086956,3343.476443817794,3397.8852438777917,3750,0.9290220820189274,0.9379785604900459,0.9210914454277286,0.016887115062317326,17.325494827136914,0.15567842000030876,0,17.003203871212538,0,52.15179199999693
35,3,3,17,769,120,6519,6104,0.9363399294370303,0.8741912293314162,415,8.111304347826088,2605.726375728007,2650.6352130061264,3481,0.9381933438985737,0.9334341906202723,0.9434546862896979,0.010020495669425533,17.32532482401877,0.1534244460833175,0,17.00320834897484,0,53.548917000000074
35,3,3,17,770,120,6498,6105,0.9395198522622346,0.9353846153846154,393,3.918695652173913,2985.777416494084,3035.247421351896,3455,0.9361867704280156,0.9404761904761905,0.9399555226093402,0.004289420048174897,17.325097257231114,0.153087820547869,0,17.003204921208834,0,53.924917000003916
35,4,4,14.05,741,120,6575,5078,0.772319391634981,0.7397058823529412,1497,15.781304347826087,11112.807202213402,11186.992978805649,12645,0.7733537519142419,0.7703685134118827,0.77734375,0.006975236588117273,14.373163396600537,0.15821246219044052,0,14.057251115138996,0,50.51020799999969
35,4,4,14.05,742,120,6513,5077,0.7795178873023184,0.7300435413642961,1436,16.27130434782609,10391.234747299432,10458.511817047725,11970,0.7816265060240963,0.777018476335105,0.7852512155591572,0.00823273922405221,14.385673764806166,0.16686591560498554,0,14.057242420838916,0,49.266875000001164
35,4,4,14.05,743,120,6443,5079,0.7882973769982927,0.7667682926829268,1364,11.108260869565218,10562.407730475517,10632.829189651004,11891,0.8008130081300813,0.7882169737866598,0.7772058823529412,0.02360712577714008,14.371526978760755,0.15820995808883456,0,14.057256321589099,0,51.324290999997174
35,4,4,14.05,744,120,6430,5079,0.7898911353032659,0.7563909774436091,1351,13.747826086956522,10165.463136298938,10241.025705936614,11660,0.7893175074183977,0.7898493259318001,0.7906081601231717,0.0012906527047740202,14.371488613514373,0.15820329807685726,0,14.057260752256731,0,50.63745899999776
35,4,4,14.05,745,120,6639,5079,0.7650248531405333,0.7529940119760479,1560,14.460434782608695,11534.031331986345,11600.728130746085,13265,0.7642215568862275,0.7627076617902306,0.7732283464566929,0.010520684666462277,14.371512427786145,0.1582067835777361,0,14.05725758777607,0,52.744291000002704
35,4,4,14.05,746,120,6652,5078,0.7633794347564642,0.7402501839587933,1574,14.589130434782609,11876.057831996368,11941.164441325687,13349,0.7742413027387121,0.7655733536740402,0.7463450292397661,0.027896273498945967,14.373162956772601,0.15821272964556232,0,14.057249618127663,0,53.2512080000015
35,4,4,14.05,747,120,6481,5078,0.7835210615645734,0.7798449612403101,1403,12.414347826086956,10679.472959378716,10737.422421690715,12509,0.7788679245283019,0.7861635220125787,0.7805970149253731,0.007295597484276772,14.384011499488011,0.16689396586765262,0,14.057256529975566,0,49.41800000000512
35,4,4,14.05,748,120,6534,5078,0.7771655953474136,0.7786377708978328,1456,12.503043478260869,11155.812112520494,11217.12580567086,13071,0.7987371744277821,0.7750439367311072,0.7624610591900312,0.03627611523775098,14.373095938016064,0.1582102768994092,0,14.057253865875785,0,51.17633300000307
35,4,4,14.05,749,120,6625,5078,0.7664905660377358,0.7513069454817027,1547,14.77608695652174,11891.92542954185,11963.8877762184,13320,0.7595792637114951,0.7679431904641136,0.769059955588453,0.00948069187695788,14.373138428850185,0.1582104832676976,0,14.057250431359327,0,53.06225000000268
35,4,4,14.05,750,120,6444,5077,0.7878646803227809,0.7661843107387661,1367,12.875217391304348,10759.347334924016,10830.888735389073,11995,0.799250936329588,0.7832057037232638,0.789712556732224,0.016045232606324178,14.385686736548978,0.16687185762614826,0,14.057245410794922,0,51.110833000006096
35,4,4,14.05,751,120,6688,5078,0.7592703349282297,0.7311046511627907,1610,15.057391304347826,11769.756621395478,11834.509745206562,13555,0.7489208633093525,0.7573770491803279,0.7756939234808702,0.026773060171517704,14.384012243259258,0.16688787091634347,0,14.057258474970176,0,58.47229199999856
35,4,4,14.05,752,120,6648,5078,0.7638387484957883,0.7321688500727802,1570,15.539565217391305,11568.100730538743,11632.285451143174,13091,0.7686395080707148,0.7667077681874229,0.75,0.018639508070714794,14.373143790924262,0.15820626701922502,0,14.057250660421438,0,65.24395799999911
35,4,4,14.05,753,120,6506,5077,0.7803565939133108,0.7418879056047197,1429,15.220869565217392,10369.247943610466,10433.729864715955,12164,0.7920184190330007,0.7809768637532134,0.766945925361767,0.025072493671233764,14.385665883905773,0.16686823090005562,0,14.057244682618737,0,54.671166000000085
35,4,4,14.05,754,120,6462,5078,0.7858248220365212,0.7697016067329763,1384,12.783913043478261,10298.603678152895,10359.638735389075,12052,0.7857142857142857,0.7879332477535301,0.7794466403162056,0.008486607437324545,14.373134356488388,0.15821052744054068,0,14.05725185297684,0,53.44816600000195
35,4,4,14.05,755,120,6562,5078,0.773849436147516,0.7598187311178247,1484,12.964347826086957,11187.093702770699,11250.818331773955,12718,0.7671022290545734,0.7742835404514329,0.7792109256449166,0.012108696590343193,14.373166435932701,0.15821022218181024,0,14.057252494893612,0,54.391499999997905
35,4,4,14.05,756,120,6583,5078,0.771380829409084,0.7211469534050179,1505,15.565217391304348,10897.397210519783,10966.288635654832,12386,0.763732129420617,0.7741361788617886,0.7708649468892261,0.010404049441171681,14.384024164559632,0.16688416766423816,0,14.057252501510055,0,55.83341699999437
35,4,4,14.05,757,120,6507,5078,0.7803903488550792,0.7397058823529412,1429,14.304347826086957,10678.045247515784,10750.397674924776,12031,0.7745709828393136,0.7833888746475263,0.777190332326284,0.008817891808212686,14.384039006972865,0.1668989581803557,0,14.057260283463796,0,53.34475000000384
35,4,4,14.05,758,120,6659,5078,0.7625769635080343,0.7507462686567165,1581,15.08391304347826,11572.496095229593,11628.109998440623,13453,0.7483683828861494,0.7644218551461245,0.7717472118959108,0.023378829009761404,14.373168468614749,0.15821644455722889,0,14.05724707735888,0,54.101375000005646
35,4,4,14.05,759,120,6479,5077,0.7836085815712301,0.7586726998491704,1402,12.16391304347826,10518.63774663863,10586.15247077815,12188,0.7820613690007868,0.779809425701777,0.7962264150943397,0.016416989392562642,14.385702238762384,0.16687529578602212,0,14.057248216627476,0,48.65295799999876
35,4,4,14.05,760,120,6775,5079,0.7496678966789668,0.7054698457223001,1696,17.14391304347826,12326.405904445824,12389.14560308361,13940,0.7382697947214076,0.7493702770780857,0.7612768910478834,0.023007096326475796,14.382603797735603,0.16689257442195066,0,14.057256560493583,0,51.835125000005064
35,4,4,14.05,761,120,6530,5077,0.7774885145482389,0.7180585296216988,1453,18.261739130434783,10345.849783280051,10414.646715754103,11851,0.7772861356932154,0.7759674134419552,0.7825040128410915,0.006536599399136311,14.38563770882161,0.16687147218679524,0,14.057246606363224,0,51.41004200000316
35,4,4,14.05,762,120,6556,5079,0.7747101891397193,0.7300435413642961,1477,14.522608695652174,10856.075800552597,10918.252708576378,12476,0.7756059421422987,0.7717611336032388,0.7826415094339623,0.010880375830723432,14.382645419008972,0.16689422406302928,0,14.057253847025265,0,52.1296250000014
35,4,4,14.05,763,120,6558,5078,0.7743214394632509,0.7644376899696048,1480,15.454347826086957,11280.25361958693,11341.653583448637,12823,0.7724409448818897,0.7704551106689879,0.7884767166535123,0.018021605984524403,14.384020616001173,0.16688719069183833,0,14.057254756657272,0,52.39412500000617
35,4,4,14.05,764,120,6437,5079,0.7890321578375019,0.7847113884555382,1358,12.072608695652175,10787.290524219366,10853.038482155012,12196,0.794682422451994,0.7817752100840336,0.8047058823529412,0.022930672268907548,14.371494004787513,0.15820871273321505,0,14.057257199200583,0,51.18766699999833
35,4,4,14.05,765,120,6455,5079,0.7868319132455461,0.7650190114068441,1376,11.335652173913044,10378.781021294382,10436.885704377237,12103,0.791124713083397,0.789311408016444,0.7746815286624203,0.016443184420976698,14.371499979374176,0.15821544207095015,0,14.057252239970786,0,51.13012499999604
35,4,4,14.05,766,120,6623,5077,0.7665710403140571,0.784099766173032,1546,11.950434782608696,12155.785618401385,12223.556361226416,13776,0.7789799072642968,0.7647206213981458,0.7600896860986547,0.018890221165642096,14.3856806339,0.16686998939820755,0,14.05724672975709,0,52.58783299999777
35,4,4,14.05,767,120,6456,5078,0.7865551425030979,0.750186428038777,1378,14.395652173913044,10281.974552305328,10350.438351549103,11843,0.7699457784663052,0.7935933867217774,0.7820710973724884,0.023647608255472186,14.373157923759045,0.15821447805543726,0,14.057251765269909,0,50.664833000002545
35,4,4,14.05,768,120,6542,5079,0.7763680831549985,0.7691131498470948,1463,12.798695652173913,11115.321283578838,11171.51469455975,12805,0.7799684542586751,0.777947932618683,0.7684365781710915,0.011531876087583659,14.371458309031928,0.1582099460371115,0,14.057258073523258,0,57.24916700000176
35,4,4,14.05,769,120,6519,5078,0.7789538272741218,0.7232207045291158,1441,16.804782608695653,10175.23815891189,10238.488029452461,11972,0.7828843106180665,0.7728189611699445,0.7939581719597212,0.021139210789776652,14.384044622624279,0.16689480668926845,0,14.05726027665048,0,51.475375000001804
35,4,4,14.05,770,120,6498,5079,0.7816251154201292,0.7738461538461539,1419,12.695652173913043,10802.115810615056,10857.913482155014,12540,0.7782101167315175,0.7800207039337475,0.7894736842105263,0.011263567479008807,14.371496970080122,0.15821006157600856,0,14.057255577709299,0,50.757625000005646
35,4,4,14.5,741,120,6575,5232,0.7957414448669201,0.7610294117647058,1343,14.468260869565217,9906.29033983965,9966.497928158837,11374,0.8001531393568146,0.7926798696415142,0.80078125,0.008101380358485843,15.07483045974812,0.14914110338595754,0,14.4364352718378,0,50.12641699999949
35,4,4,14.5,742,120,6513,5232,0.8033164440350069,0.7510885341074021,1281,15.015652173913043,9202.159122333891,9266.1377762184,10570,0.8117469879518072,0.80055682105796,0.8030794165316045,0.01119016689384722,15.07484263577723,0.1491421452380273,0,14.436437528054944,0,49.444250000000466
35,4,4,14.5,743,120,6443,5232,0.8120440788452584,0.7888719512195121,1211,9.795217391304348,9338.794106191133,9403.919544178694,10865,0.8276422764227642,0.8084609395276408,0.8080882352941177,0.01955404112864656,15.074776757001255,0.14914004905604386,0,14.436439311593213,0,186.97775000000547
35,4,4,14.5,744,120,6430,5232,0.8136858475894245,0.7781954887218046,1198,12.434782608695652,8935.61938673269,9012.743937976324,10364,0.8108308605341247,0.8136399682791435,0.8167821401077752,0.005951279573650492,15.06225730601686,0.16123582590760058,0,14.436437491754722,0,77.17733399999997
35,4,4,14.5,745,120,6639,5232,0.7880704925440578,0.7747005988023952,1407,13.147391304347826,10405.294908113234,10466.516766400915,12049,0.7859281437125748,0.785519464418547,0.7984251968503937,0.012905732431846673,15.074851045078107,0.14914056629623626,0,14.436438500304526,0,52.66399999999703
35,4,4,14.5,746,120,6652,5232,0.7865303668069753,0.7615894039735099,1420,13.276086956521743,10701.128768723422,10764.028552576974,12025,0.8016284233900814,0.7884566488685482,0.7660818713450293,0.03554655204505219,15.074747766176488,0.1491405047882637,0,14.436432728811317,0,51.63575000000128
35,4,4,14.5,747,120,6481,5232,0.807282826724271,0.8023255813953488,1249,11.158695652173913,9558.273652780032,9616.86190134614,11097,0.809811320754717,0.8092243186582809,0.7992537313432836,0.010557589411433366,15.07488376373567,0.1491400740212991,0,14.436439847778878,0,49.833833999997296
35,4,4,14.5,748,120,6534,5232,0.800734618916437,0.8010835913312694,1302,11.19,10005.030333431492,10071.678483714391,11626,0.8200473559589582,0.7983931709766507,0.7889408099688473,0.031106545990110868,15.074772996478359,0.14914166354496253,0,14.43643631767224,0,53.529583000003186
35,4,4,14.5,749,120,6625,5232,0.7897358490566038,0.7729648991784914,1393,13.46304347826087,10663.606597019561,10732.57312762733,11930,0.7791134485349361,0.789753994420492,0.8001480384900074,0.021034589955071237,15.074829386139916,0.1491415933536837,0,14.436435270964758,0,55.01508399999875
35,4,4,14.5,750,120,6444,5232,0.8119180633147114,0.7882711348057883,1212,11.619565217391305,9517.270780070176,9592.297559754697,10802,0.8187265917602996,0.8074993398468445,0.8177004538577912,0.011227251913455083,15.07482052086643,0.1491413373082232,0,14.436437638593537,0,50.75800000000163
35,4,4,14.5,751,120,6688,5232,0.7822966507177034,0.7521802325581395,1456,13.801739130434783,10632.632938725423,10694.503836682701,12172,0.7762589928057554,0.7800756620428752,0.795198799699925,0.01893980689416963,15.074798752415939,0.1491415428785204,0,14.43643331650537,0,53.48399999999674
35,4,4,14.5,752,120,6648,5232,0.7870036101083032,0.7532751091703057,1416,14.226521739130435,10390.176543078871,10455.794528742857,11925,0.7940046118370484,0.7866831072749692,0.7809597523219814,0.013044859515066953,15.074829858696505,0.14913975240359056,0,14.436438102461144,0,54.91599999999744
35,4,4,14.5,753,120,6506,5232,0.804180756225023,0.7632743362831859,1274,13.965217391304348,9217.03242245542,9279.984039269948,10734,0.8135072908672295,0.8053984575835476,0.7913175932977913,0.022189697569438227,15.074720250134382,0.1491426608009259,0,14.436437056068394,0,48.949000000000524
35,4,4,14.5,754,120,6462,5232,0.8096564531104921,0.7918898240244836,1230,11.470869565217392,9155.176549312559,9216.083179833518,10718,0.8095238095238095,0.8102695763799743,0.807905138339921,0.0023644380400533738,15.074785620095184,0.14914197797387843,0,14.436438113688181,0,53.03333300000668
35,4,4,14.5,755,120,6562,5232,0.7973178908869247,0.7817220543806647,1330,11.651304347826088,10008.052355012538,10068.04646252004,11632,0.7893927747886241,0.7993913264012174,0.798937784522003,0.00999855161259322,15.074781700176139,0.1491394426105074,0,14.436439490712303,0,54.59045800000604
35,4,4,14.5,756,120,6583,5232,0.7947744189579219,0.7419354838709677,1351,14.3095652173913,9732.364066856993,9798.515807230238,11129,0.7923250564334086,0.797510162601626,0.7890743550834598,0.008435807518166194,15.074727308253408,0.14914150386425548,0,14.436443180709906,0,55.45233300000109
35,4,4,14.5,757,120,6507,5232,0.8040571692023974,0.7610294117647058,1275,13.048695652173913,9467.779296357974,9538.373887329513,10971,0.7995319812792512,0.809023327351961,0.7938066465256798,0.015216680826281248,15.074758330398348,0.14914218500731097,0,14.43643404543675,0,56.28900000000431
35,4,4,14.5,758,120,6659,5232,0.7857035590929569,0.7723880597014925,1427,13.77086956521739,10445.812498935189,10503.843078539896,12237,0.779550398839739,0.7842439644218552,0.7962825278810409,0.016732129041301946,15.074825969092705,0.1491392264709501,0,14.436435506777313,0,53.28612499999872
35,4,4,14.5,759,120,6479,5232,0.8075320265473067,0.7805429864253394,1247,10.908260869565217,9355.501964953795,9417.905486354155,10928,0.8033044846577498,0.8045325779036827,0.820377358490566,0.017072873832816193,15.07485251717335,0.14914049075308147,0,14.436442163387659,0,49.63437499999418
35,4,4,14.5,760,120,6775,5232,0.7722509225092251,0.7258064516129032,1543,15.88826086956522,11156.01864823442,11226.556361226416,12383,0.7617302052785924,0.7707808564231738,0.7862595419847328,0.024529336706140437,15.074818095678067,0.14914045310476975,0,14.436434063791822,0,52.124917000001005
35,4,4,14.5,761,120,6530,5232,0.8012251148545176,0.7387580299785867,1298,17.006086956521738,9166.807059420413,9229.577271309658,10559,0.799410029498525,0.8019348268839104,0.8009630818619583,0.002524797385385358,15.07481622852807,0.14914058691267887,0,14.43643368888179,0,51.35624999999709
35,4,4,14.5,762,120,6556,5232,0.7980475899938987,0.7510885341074021,1324,13.26695652173913,9705.674794649985,9766.826158639167,11070,0.7935887412040656,0.7980769230769231,0.8022641509433962,0.008675409739330564,15.074838182673231,0.14914243896054324,0,14.436432457114947,0,50.11604200000147
35,4,4,14.5,763,120,6558,5232,0.797804208600183,0.7864741641337386,1326,14.198695652173914,10112.45062854759,10178.22015038106,11624,0.7960629921259843,0.7918428251678686,0.8184688239936859,0.026625998825817287,15.074797045063347,0.149141464951786,0,14.436439230125117,0,66.59879099999671
35,4,4,14.5,764,120,6437,5232,0.8128009942519807,0.8073322932917316,1205,10.759565217391305,9579.249203461788,9643.331261492169,10814,0.8161004431314623,0.8082983193277311,0.8227450980392157,0.014446778711484587,15.074808358317442,0.14914042568216285,0,14.436436063323889,0,50.288040999999794
35,4,4,14.5,765,120,6455,5232,0.8105344694035631,0.7870722433460076,1223,10.022608695652174,9239.264844627816,9297.762622718588,10795,0.8133129303749044,0.8114080164439876,0.8049363057324841,0.008376624642420283,15.074719947886699,0.14914298113273752,0,14.436440053316995,0,47.61000000000058
35,4,4,14.5,766,120,6623,5232,0.7899743318737732,0.8067030397505845,1391,10.694782608695652,10966.185707992867,11031.148618659618,12351,0.7967542503863988,0.7882736156351792,0.7884902840059791,0.008480634751219629,15.074811377921648,0.14914220549398205,0,14.436437214197111,0,52.13416699999652
35,4,4,14.5,767,120,6456,5232,0.8104089219330854,0.7718120805369127,1224,13.082608695652175,9068.131033223171,9140.558417631748,10417,0.7993803253292022,0.8142598811676569,0.8098918083462133,0.014879555838454683,15.07471005754398,0.14914074473801608,0,14.436434703191154,0,49.78783299999486
35,4,4,14.5,768,120,6542,5232,0.799755426475084,0.7912844036697247,1310,11.485652173913044,9968.822549637205,10029.509745206562,11532,0.8012618296529969,0.8032159264931087,0.7883480825958702,0.014867843897238497,15.074746320504188,0.14913966686674507,0,14.436438032912408,0,53.81041600000026
35,4,4,14.5,769,120,6519,5232,0.8025770823745974,0.7440690150970525,1287,15.549130434782608,9035.556240746402,9097.63186769454,10603,0.8026941362916006,0.7982854261220373,0.8156467854376452,0.017361359315607894,15.074770378858576,0.14914035578000484,0,14.436434820330014,0,110.85354200000438
35,4,4,14.5,770,120,6498,5232,0.8051708217913204,0.7961538461538461,1266,11.382608695652173,9661.65361941519,9730.214241857198,11152,0.798443579766537,0.8038302277432712,0.815418828762046,0.01697524899550895,15.074744136618355,0.14914158992935217,0,14.43643994834108,0,49.744040999998106
35,4,4,15,741,120,6575,5408,0.8225095057034221,0.788235294117647,1167,13.018260869565218,8547.440460772314,8623.126918341351,9771,0.8238897396630934,0.8200050137879168,0.82890625,0.008901236212083163,15.31813764432293,0.15777997224839382,0,14.983125192242056,0,52.299542000000656
35,4,4,15,742,120,6513,5409,0.8304928604329802,0.7786647314949202,1104,13.515652173913045,7826.918025704194,7898.38186769454,9055,0.8381024096385542,0.8294102758795242,0.8257698541329012,0.012332555505653042,15.368136005787818,0.15202957499638145,0,15.024794237827408,0,51.22374999999738
35,4,4,15,743,120,6443,5407,0.8392053391277355,0.8170731707317073,1036,8.402608695652173,7975.739336546404,8044.637776218401,9538,0.8536585365853658,0.8349338178043083,0.8382352941176471,0.018724718781057526,15.318304464547781,0.15750411445285908,0,14.983124909909298,0,51.03758299999754
35,4,4,15,744,120,6430,5407,0.8409020217729394,0.806015037593985,1023,11.042173913043479,7531.881020788002,7604.530501789987,8832,0.844213649851632,0.838223632038065,0.8452655889145496,0.0070419568764845675,15.318311724726106,0.15750645092485377,0,14.98312046626855,0,54.03120800000033
35,4,4,15,745,120,6639,5410,0.8148817593010995,0.8046407185628742,1229,11.589130434782609,9091.477094072421,9154.00686769454,10512,0.8083832335329342,0.8132903545747583,0.8267716535433071,0.018388420010372886,15.342726312021375,0.15615617001500365,0,15.025212061394129,0,51.05249999999796
35,4,4,15,746,120,6652,5410,0.8132892363199038,0.7910228108903605,1242,11.717826086956523,9334.297163780966,9402.597053286574,10457,0.8260547742413027,0.8154080854309688,0.7945906432748538,0.031464130966448844,15.342676201322428,0.15615652583228523,0,15.025214983131065,0,49.587375000002794
35,4,4,15,747,120,6481,5409,0.834593426940287,0.8317829457364341,1072,9.658695652173913,8226.841486894642,8298.93343306758,9382,0.8249056603773585,0.839098532494759,0.8313432835820895,0.014192872117400501,15.3681304468483,0.15202815141143372,0,15.024800708324621,0,49.18375000000378
35,4,4,15,748,120,6534,5407,0.827517600244873,0.8297213622291022,1127,9.797391304347826,8675.32049076779,8747.211210845357,10022,0.8429360694554064,0.8272658799899573,0.8130841121495327,0.029851957305873755,15.318321382813563,0.1575058502689689,0,14.983117424804156,0,49.84020800000144
35,4,4,15,749,120,6625,5410,0.8166037735849057,0.80134428678118,1215,11.905652173913044,9249.816340229247,9325.756867694538,10350,0.8046581517655897,0.8168906923662186,0.8275351591413768,0.022877007375787017,15.368075534564289,0.15159786086546867,0,15.02479489760381,0,53.320917000004556
35,4,4,15,750,120,6444,5407,0.8390751086281812,0.8164508758568164,1037,10.22695652173913,8121.143777214277,8196.477018075595,9205,0.846441947565543,0.833641404805915,0.8472012102874432,0.013559805481528242,15.318230440673034,0.1575052802787733,0,14.983125185507774,0,49.826082999999926
35,4,4,15,751,120,6688,5407,0.8084629186602871,0.7790697674418605,1281,12.40913043478261,9328.582124960696,9394.465047528056,10675,0.8043165467625899,0.8058007566204287,0.8207051762940735,0.016388629531483567,15.31829188778169,0.15750523201366196,0,14.983122470969526,0,50.51712499999849
35,4,4,15,752,120,6648,5408,0.8134777376654633,0.7809315866084425,1240,12.783913043478261,9045.839900596868,9114.253836682701,10351,0.8178324365872406,0.8133168927250308,0.8095975232198143,0.008234913367426322,15.3683308757436,0.1524718730185582,0,15.024790434278303,0,50.145417000007
35,4,4,15,753,120,6506,5407,0.8310790039963111,0.7905604719764012,1099,12.572608695652173,7876.927493906651,7951.654542619315,9165,0.8449731389102072,0.8300771208226221,0.8202589489718203,0.02471418993838692,15.318288346780328,0.15750233576265504,0,14.983127682391656,0,49.190458999997645
35,4,4,15,754,120,6462,5408,0.836892602909316,0.8201989288446825,1054,10.02086956521739,7836.944609460808,7903.4165131668515,9055,0.8379416282642089,0.8367137355584082,0.8363636363636363,0.0015779919005726173,15.318036734302526,0.15778230170136415,0,14.983128275451504,0,49.217375000000175
35,4,4,15,755,120,6562,5410,0.8244437671441633,0.8119335347432024,1152,10.093043478260869,8653.32258267105,8722.172421690715,9973,0.8155265180630284,0.8270352523459295,0.8254931714719271,0.011508734282901,15.342670719771121,0.15615960161382536,0,15.025214304126537,0,50.75325000000157
35,4,4,15,756,120,6583,5407,0.8213580434452378,0.7684587813620072,1176,12.916956521739127,8401.366302465807,8469.865906964485,9828,0.8126410835214447,0.8244410569105691,0.8209408194233687,0.011799973389124419,15.3182459184844,0.15750306863551358,0,14.983124472641435,0,49.35754199999792
35,4,4,15,757,120,6507,5410,0.8314123251882588,0.7904411764705882,1097,11.490434782608695,8083.845826069318,8157.028583448638,9347,0.8252730109204368,0.8367085362727505,0.8217522658610272,0.014956270411723316,15.342631454332436,0.15615971290378222,0,15.02521676910775,0,47.66512500000681
35,4,4,15,758,120,6659,5407,0.8119837813485509,0.8,1252,12.37826086956522,9152.709176919681,9214.698127627327,10672,0.7976794778825236,0.8124523506988565,0.8252788104089219,0.027599332526398346,15.318310293773571,0.1575049142695715,0,14.98312202425305,0,48.513708999998926
35,4,4,15,759,120,6479,5408,0.8346967124556258,0.808446455505279,1071,9.458260869565217,8040.480183532355,8103.505755024049,9499,0.8229740361919748,0.8349214524851919,0.8452830188679246,0.022308982675949718,15.318125201448671,0.15778218945295835,0,14.983125293693469,0,56.48616700000275
35,4,4,15,760,120,6775,5410,0.7985239852398524,0.7538569424964937,1365,14.33,9787.54791696659,9858.442219103466,11065,0.7873900293255132,0.7962216624685139,0.8154059680777238,0.028015938752210645,15.342701571142534,0.15615556851866325,0,15.02521327715879,0,55.309957999998005
35,4,4,15,761,120,6530,5410,0.8284839203675345,0.7658815132048536,1120,15.448695652173914,7809.051082654507,7878.644643912936,8911,0.8259587020648967,0.8294297352342159,0.8282504012841091,0.003471033169319182,15.36801811024529,0.15159947276868366,0,15.024792382679577,0,50.92645899999479
35,4,4,15,762,120,6556,5407,0.8247406955460647,0.7779390420899854,1149,11.874347826086957,8367.954636218072,8438.388735389077,9718,0.8209538702111024,0.8259109311740891,0.8249056603773585,0.004957060962986648,15.318337358792293,0.15750442630501305,0,14.983123872965159,0,47.734375
35,4,4,15,763,120,6558,5408,0.824641659042391,0.8145896656534954,1150,12.748695652173913,8733.284047918054,8809.992978805649,9838,0.8244094488188977,0.8187018154687888,0.8437253354380426,0.025023519969253782,15.318051133547572,0.1577816064777413,0,14.983126170927356,0,47.690207999999984
35,4,4,15,764,120,6437,5407,0.8399875718502408,0.8361934477379095,1030,9.36695652173913,8168.485141866583,8244.048534361205,9100,0.843426883308715,0.8348214285714286,0.851764705882353,0.016943277310924376,15.318321470491846,0.15750471621344556,0,14.98312444641929,0,47.24279199999728
35,4,4,15,765,120,6455,5408,0.8378001549186677,0.8152091254752851,1047,8.572608695652175,7915.615804552606,7986.422421690714,9199,0.8370313695485846,0.8363309352517986,0.8431528662420382,0.006821930990239644,15.318097102479536,0.15778561683683007,0,14.983121967756462,0,48.61908300000505
35,4,4,15,766,120,6623,5410,0.8168503699229956,0.8378799688230709,1213,9.136521739130435,9601.547410717056,9669.841160198546,10797,0.8253477588871716,0.8140816837885242,0.8168908819133034,0.01126607509864741,15.342681471137809,0.15615474582389754,0,15.025215244095849,0,51.87304199999926
35,4,4,15,767,120,6456,5410,0.8379801734820322,0.8016405667412378,1046,11.524347826086954,7661.572613073579,7740.346094115903,8708,0.8295894655305964,0.840867992766727,0.8377125193199382,0.011278527236130542,15.342656611210591,0.15615514666391786,0,15.02521173984993,0,48.5704590000023
35,4,4,15,768,120,6542,5407,0.8265056557627637,0.8195718654434251,1135,10.093043478260869,8639.83131974931,8710.53560464299,10015,0.8257097791798107,0.8325676365492598,0.8097345132743363,0.022833123274923484,15.318230501078148,0.15750640272167665,0,14.983122355954345,0,48.36983400000463
35,4,4,15,769,120,6519,5407,0.8294216904433195,0.7706685837526959,1112,14.156521739130435,7714.340572521839,7783.24297880565,9201,0.8217115689381933,0.8265254664649521,0.8458559256390396,0.024144356700846248,15.318295571538814,0.15750408210527994,0,14.983125541983698,0,48.88887500000419
35,4,4,15,770,120,6498,5407,0.8321021852877809,0.8246153846153846,1091,9.99,8305.637454366359,8372.690300762117,9611,0.8280155642023346,0.8312629399585921,0.838398813936249,0.010383249733914468,15.318294847430893,0.15750535665474014,0,14.983123653170944,0,49.2042500000025
35,4,4,15.5,741,120,6575,5581,0.8488212927756654,0.8169117647058823,994,11.488695652173913,7221.475025361998,7292.033532801826,8281,0.8522205206738132,0.8445725745800953,0.85859375,0.014021175419904774,16.116060901713343,0.13661655336203088,0,15.530226322480537,0,51.60808299999917
35,4,4,15.5,742,120,6513,5581,0.8569015814524796,0.8062409288824384,932,12.036086956521737,6508.284101188304,6577.576312138983,7697,0.8667168674698795,0.8554796254112883,0.8508914100486223,0.015825457421257183,16.116067945703833,0.13661849564454537,0,15.530229712105038,0,49.21483399999852
35,4,4,15.5,743,120,6443,5581,0.8662113922085984,0.8467987804878049,862,6.815652173913043,6675.41571474165,6745.143684742262,7936,0.883739837398374,0.8634830002595381,0.8580882352941176,0.025651602104256432,16.11607609126176,0.13661674106548294,0,15.530228932042865,0,49.93883300000016
35,4,4,15.5,744,120,6430,5581,0.8679626749611198,0.8353383458646616,849,9.455217391304348,6202.661296532452,6276.739947793812,7425,0.8738872403560831,0.865715040972773,0.8683602771362586,0.008172199383310152,16.116066485723056,0.13662018213806973,0,15.5302287773208,0,47.42337499999849
35,4,4,15.5,745,120,6639,5581,0.8406386503991565,0.8315868263473054,1058,10.167826086956524,7808.073757425652,7879.212170016032,8883,0.8353293413173652,0.8380857922142326,0.8543307086614174,0.01900136734405211,16.11605826622823,0.13661853152476988,0,15.530233387980564,0,50.99279199999728
35,4,4,15.5,746,120,6652,5581,0.8389957907396272,0.8175128771155261,1071,10.296521739130435,8007.775149730339,8082.9562614921715,9122,0.846780162842339,0.8431222984998729,0.8194444444444444,0.027335718397894615,16.116091905080868,0.13661829406633844,0,15.530228936834177,0,50.500708999999915
35,4,4,15.5,747,120,6481,5581,0.8611325412744947,0.8612403100775193,900,8.179130434782609,6909.673758336677,6983.654680683296,7770,0.859622641509434,0.8626834381551363,0.8582089552238806,0.00447448293125563,16.116059575278097,0.13661734058789085,0,15.530235816087076,0,50.37895799999387
35,4,4,15.5,748,120,6534,5581,0.8541475359657178,0.8599071207430341,953,8.210434782608695,7382.303124110899,7454.159645472318,8467,0.8745067087608525,0.8523725834797891,0.839563862928349,0.03494284583250351,16.116034656174154,0.1366184247558023,0,15.53023443866919,0,49.558875000002445
35,4,4,15.5,749,120,6625,5581,0.8424150943396227,0.8297236743838685,1044,10.483478260869566,7903.308503550924,7978.639679123917,8927,0.8287002253944402,0.8425057063149886,0.8556624722427831,0.02696224684834292,16.116106763062117,0.1366181476355868,0,15.53022688080553,0,50.435082999996666
35,4,4,15.5,750,120,6444,5581,0.8660769708255742,0.8461538461538461,863,8.64,6762.216595993096,6844.762776218399,7649,0.8734082397003745,0.8600475310271983,0.875945537065053,0.01589800603785463,16.116075565979994,0.13661747043395533,0,15.530231679176113,0,48.36841699999786
35,4,4,15.5,751,120,6688,5581,0.8344796650717703,0.8074127906976745,1107,10.822173913043478,8047.909938386143,8121.068331773956,9171,0.8237410071942446,0.8340479192938209,0.8469617404351087,0.023220733240864155,16.116116088522418,0.1366182460570356,0,15.530230535493798,0,51.22529200000281
35,4,4,15.5,752,120,6648,5581,0.8395006016847172,0.8085880640465793,1067,11.24695652173913,7732.442162869526,7801.132826865213,8866,0.8401229823212913,0.8397040690505548,0.8382352941176471,0.0018876882036442666,16.116050707631477,0.13661764274560917,0,15.530231268146572,0,50.01241600000503
35,4,4,15.5,753,120,6506,5581,0.8578235474946203,0.8193215339233039,925,10.985652173913042,6567.5334889013675,6641.583179833521,7653,0.874136607828089,0.8557840616966581,0.8476770753998477,0.026459532428241284,16.11600842969696,0.1366160214754622,0,15.530233903372734,0,56.96537499999977
35,4,4,15.5,754,120,6462,5581,0.8636645001547508,0.8500382555470544,881,8.491304347826087,6513.862900828149,6591.810335973095,7399,0.869431643625192,0.8634146341463415,0.8584980237154151,0.010933619909776926,16.1160103058067,0.13661777250358786,0,15.530232135734963,0,46.73845799999981
35,4,4,15.5,755,120,6562,5581,0.8505028954587016,0.8391238670694864,981,8.671739130434782,7346.639545311706,7417.61494779381,8444,0.8424289008455035,0.8513821962972357,0.8558421851289834,0.013413284283479876,16.116040410407553,0.13661788134263672,0,15.53023119380652,0,47.342165999994904
35,4,4,15.5,756,120,6583,5581,0.8477897615069118,0.796415770609319,1002,11.329999999999998,7124.686287044692,7193.436295143772,8380,0.8404815650865313,0.851880081300813,0.8429438543247344,0.011398516214281784,16.115994710959374,0.13661739146752308,0,15.530231138002259,0,49.82974999999715
35,4,4,15.5,757,120,6507,5581,0.8576917166128785,0.8169117647058823,926,10.069130434782611,6764.2535969302135,6838.338129186708,7986,0.8533541341653667,0.8638810561394514,0.8436555891238671,0.020225467015584364,16.115968785476685,0.13661928301032347,0,15.530233375683613,0,49.46508400000312
35,4,4,15.5,758,120,6659,5581,0.8381138309055414,0.8291044776119403,1078,10.791304347826086,7909.1949901375765,7974.424493531878,9224,0.8245105148658448,0.8373570520965693,0.8542750929368029,0.029764578070958114,16.11604186169105,0.1366183364658147,0,15.530226171857459,0,48.80833300000086
35,4,4,15.5,759,120,6479,5581,0.8613983639450532,0.8378582202111614,898,7.928695652173913,6758.890610654006,6826.365906964486,7883,0.8568056648308419,0.8624774658768993,0.8626415094339622,0.005835844603120366,16.1160087504755,0.13661683076662742,0,15.530232888174167,0,46.89479199999914
35,4,4,15.5,760,120,6775,5581,0.8237638376383764,0.7791023842917251,1194,12.908695652173913,8488.362643090377,8560.609983004792,9635,0.8123167155425219,0.8214105793450882,0.8410825815405968,0.028765865998074847,16.115991588313445,0.13661690705294152,0,15.530230350631319,0,50.26166600000579
35,4,4,15.5,761,120,6530,5581,0.8546707503828483,0.7930049964311207,949,14.026521739130436,6475.0912857661415,6546.477018075596,7531,0.8451327433628318,0.8569246435845214,0.8579454253611557,0.01281268199832386,16.116041968508387,0.13661792113294094,0,15.530228984621182,0,48.49191600000631
35,4,4,15.5,762,120,6556,5581,0.8512812690665039,0.8062409288824384,975,10.287391304347825,7089.539837039146,7154.972874393266,8325,0.854573885848319,0.8517206477732794,0.8467924528301887,0.007781433018130279,16.116117392996724,0.1366177586417417,0,15.53022583742567,0,48.9363749999975
35,4,4,15.5,763,120,6558,5581,0.8510216529429704,0.8442249240121581,977,11.219130434782608,7374.219358831725,7457.700352968309,8185,0.8440944881889764,0.843819945287242,0.8808208366219415,0.037000891334699526,16.11602946898353,0.13661706268398896,0,15.53023134638873,0,48.9050419999985
35,4,4,15.5,764,120,6437,5581,0.8670187975765108,0.8666146645865834,856,7.7799999999999985,6764.010580056846,6846.925452702552,7479,0.8655834564254062,0.8618697478991597,0.883921568627451,0.02205182072829126,16.11605728184178,0.13661830597984334,0,15.530229733866776,0,45.461167000001296
35,4,4,15.5,765,120,6455,5581,0.8646010844306738,0.8448669201520913,874,7.043043478260871,6601.961946676598,6681.503836682698,7550,0.8584544758990054,0.8630524152106885,0.8757961783439491,0.017341702444943707,16.11599968820921,0.1366185885289687,0,15.530233114718827,0,45.111707999996725
35,4,4,15.5,766,120,6623,5581,0.8426694851275857,0.8659392049883087,1042,7.715217391304348,8257.460809560636,8331.716160198544,9244,0.847758887171561,0.8411425707842646,0.8423019431988041,0.006616316387296428,16.11603037143916,0.13661848396375667,0,15.530230691482666,0,53.76050000000396
35,4,4,15.5,767,120,6456,5581,0.8644671623296158,0.8284862043251305,875,10.103043478260869,6307.254969646481,6386.304442885067,7304,0.860573199070488,0.8646344613794885,0.8678516228748068,0.007278423804318757,16.11602116568058,0.1366194427930152,0,15.530235475235733,0,48.32695799999783
35,4,4,15.5,768,120,6542,5581,0.8531030265973708,0.849388379204893,961,8.50608695652174,7348.525833524102,7417.109998440624,8480,0.8446372239747634,0.8601327207759061,0.8407079646017699,0.019424756174136193,16.11595357232796,0.13662101464669005,0,15.530231374192413,0,50.28191599999991
35,4,4,15.5,769,120,6519,5581,0.856112900751649,0.798705966930266,938,12.569565217391302,6444.882807771678,6508.221109551734,7550,0.8486529318541997,0.854261220373172,0.8690937257939582,0.020440793939758506,16.116139665769,0.13661846117099702,0,15.530230339585009,0,45.90637499999866
35,4,4,15.5,770,120,6498,5581,0.8588796552785473,0.8546153846153847,917,8.40304347826087,7014.966021535123,7090.353130746084,8085,0.8560311284046692,0.8566252587991718,0.8680504077094143,0.012019279304745112,16.115982929932713,0.136618510454744,0,15.53023305432013,0,47.74516700000095
35,4,4,16,741,120,6575,5755,0.8752851711026616,0.8411764705882353,820,10.004347826086956,5846.204237580209,5923.562423250093,6799,0.8828483920367535,0.8703935823514666,0.8828125,0.012454809685286894,16.346578267568223,0.15861959590252264,0,16.03462900933967,0,51.027791000000434
35,4,4,16,742,120,6513,5757,0.8839244587747582,0.8301886792452831,756,10.544782608695652,5159.191850037621,5230.363029452462,6202,0.8930722891566265,0.8807896735003796,0.8841166936790924,0.012282615656246887,16.333991358749753,0.16007974144917633,0,15.993161629148227,0,47.78566700000374
35,4,4,16,743,120,6443,5754,0.8930622380878472,0.8719512195121951,689,5.369565217391305,5319.337842497307,5398.301411873229,6188,0.9056910569105691,0.8917726446924474,0.8852941176470588,0.020396939263510272,16.3343392921251,0.14844187108997425,0,15.993164870981838,0,44.52799999999843
35,4,4,16,744,120,6430,5756,0.8951788491446345,0.8601503759398497,674,8.002173913043478,4857.772018559716,4932.996815488349,5960,0.9043026706231454,0.8945281522601111,0.8876058506543495,0.016696819968795906,16.334043991569132,0.15997000630029878,0,15.993162834755788,0,45.00191700000141
35,4,4,16,745,120,6639,5755,0.8668474167796355,0.8562874251497006,884,8.753043478260869,6466.895880295817,6538.591160198547,7437,0.8645209580838323,0.8646169104884701,0.8763779527559055,0.011856994672073129,16.334303399457756,0.15986963605173682,0,15.99316469039906,0,50.22891600000003
35,4,4,16,746,120,6652,5754,0.865003006614552,0.8417954378219279,898,8.850434782608696,6621.0474741473545,6710.193331773957,7597,0.8763878608438194,0.8657513348588863,0.8516081871345029,0.02477967370931644,16.346765009934373,0.1587529702026791,0,15.993164828049009,0,50.801957999996375
35,4,4,16,747,120,6481,5755,0.8879802499614257,0.8868217054263566,726,6.764347826086957,5544.393467184494,5616.012776218401,6411,0.8852830188679245,0.8896750524109015,0.8858208955223881,0.004392033542977014,16.334292910846923,0.1598686401748333,0,15.993166756466964,0,48.68745900000067
35,4,4,16,748,120,6534,5755,0.8807774716865626,0.8854489164086687,779,6.795652173913045,6051.671849470091,6122.372928158836,7041,0.9013417521704814,0.8784835551092142,0.867601246105919,0.03374050606456236,16.334289322888345,0.15986984182659447,0,15.993166223113485,0,47.45041599999968
35,4,4,16,749,120,6625,5754,0.8685283018867924,0.8543689320388349,871,9.037391304347826,6523.961395740165,6606.929442885067,7522,0.8542449286250939,0.8706568602586863,0.8763878608438194,0.02214293221872543,16.34682764253923,0.15875308911590766,0,15.993164745133397,0,58.232334000000264
35,4,4,16,750,120,6444,5755,0.8930788330229671,0.8712871287128713,689,7.225217391304348,5353.538412431242,5439.863029452463,6252,0.89812734082397,0.88909426987061,0.8993948562783661,0.010300586407756107,16.33431596886668,0.15986755448359363,0,15.993166444292356,0,73.84795899999881
35,4,4,16,751,120,6688,5755,0.8604964114832536,0.8313953488372093,933,9.337826086956522,6723.075411408897,6792.796462520041,7802,0.8510791366906475,0.8605296343001261,0.8702175543885972,0.01913841769794966,16.34654864948794,0.1586136068058136,0,16.034624109517672,0,50.665333000004466
35,4,4,16,752,120,6648,5757,0.8659747292418772,0.8326055312954876,891,9.755652173913044,6377.647068923955,6449.766766400914,7371,0.8708685626441199,0.8663378545006165,0.8599071207430341,0.010961441901085833,16.334014646444228,0.1600791091973465,0,15.993161246237102,0,48.731166999998095
35,4,4,16,753,120,6506,5756,0.8847217952659084,0.8436578171091446,750,9.532608695652174,5240.181426543326,5313.386801611893,6350,0.896392939370683,0.8840616966580976,0.8750952018278751,0.021297737542807837,16.334098249133184,0.15996042660058032,0,15.993171545947254,0,45.469208000002254
35,4,4,16,754,120,6462,5755,0.8905911482513154,0.8752869166029075,707,7.076521739130435,5150.792060073862,5222.962170016034,5950,0.8924731182795699,0.892426187419769,0.88300395256917,0.009469165710399907,16.334290709491807,0.15987163974912266,0,15.993161044483232,0,46.09979200000089
35,4,4,16,755,120,6562,5756,0.8771715940262115,0.8640483383685801,806,7.149130434782609,5997.675416190971,6074.993937976324,7110,0.8724058416602614,0.87648998224702,0.8839150227617603,0.0115091811014989,16.34648190589311,0.15848575530558096,0,15.993166330426137,0,48.51641599999857
35,4,4,16,756,120,6583,5755,0.8742214795685858,0.8200716845878137,828,9.915217391304347,5804.795477940911,5874.466160198547,6903,0.872084273890143,0.873729674796748,0.877845220030349,0.005760946140206058,16.33427793483993,0.159871537835016,0,15.99316253008682,0,49.70929199999955
35,4,4,16,757,120,6507,5756,0.8845858306439219,0.8411764705882353,751,8.61608695652174,5412.557531686535,5486.84211936922,6591,0.8775351014040562,0.8892591643168418,0.877643504531722,0.011724062912785604,16.334080606394974,0.15996754677748798,0,15.993165064419884,0,46.30433300000004
35,4,4,16,758,120,6659,5754,0.8640937077639285,0.8537313432835821,905,9.345217391304349,6622.03153945781,6685.557473896905,7859,0.8535170413343002,0.8653113087674714,0.8713754646840148,0.01785842334971466,16.334380096501224,0.1484424180960767,0,15.993166357852227,0,46.15916599999764
35,4,4,16,759,120,6479,5754,0.8881000154344806,0.8627450980392157,725,6.482608695652174,5429.448555825065,5497.615738028838,6335,0.8843430369787569,0.8877156837496781,0.8928301886792452,0.008487151700488305,16.346765563799377,0.15875396031494995,0,15.993165551237006,0,47.59729199999856
35,4,4,16,760,120,6775,5755,0.8494464944649447,0.8022440392706872,1020,11.493913043478262,7119.22937457234,7189.735957611295,8042,0.8387096774193549,0.8468513853904283,0.8667591950034698,0.02804951758411489,16.334299916888835,0.1598691257197545,0,15.993163054864729,0,51.06174999999348
35,4,4,16,761,120,6530,5755,0.8813169984686064,0.8165596002855103,775,12.611739130434781,5119.199978132846,5197.392725571587,6099,0.8753687315634219,0.8841649694501018,0.8788121990369181,0.008796237886679936,16.334314066883202,0.15986854343837623,0,15.99316411587501,0,51.43487499999901
35,4,4,16,762,120,6556,5755,0.8778218425869433,0.8301886792452831,801,8.872608695652174,5750.695179174906,5828.654696119127,6797,0.887412040656763,0.8775303643724697,0.8694339622641509,0.017978078392612118,16.33432924406362,0.15987098097092084,0,15.993162312235574,0,54.955291999998735
35,4,4,16,763,120,6558,5755,0.8775541323574261,0.8693009118541033,803,9.804347826086959,5957.490628655748,6036.168585008017,6684,0.8708661417322835,0.8714250186520766,0.9037095501183899,0.03284340838610644,16.33424723766708,0.15987103087018903,0,15.993163877545001,0,50.924417000001995
35,4,4,16,764,120,6437,5754,0.8938946714307907,0.8923556942277691,683,6.333913043478261,5329.083259624082,5422.9572206628445,5984,0.8929098966026587,0.8907563025210085,0.9043137254901961,0.013557422969187605,16.334305060013957,0.1484406107421472,0,15.99316215089708,0,49.11958299999969
35,4,4,16,765,120,6455,5755,0.8915569326103796,0.8699619771863117,700,5.558695652173913,5214.778062203925,5292.243937976325,5914,0.8928844682478959,0.8887461459403906,0.8988853503184714,0.010139204378080802,16.34660018832033,0.1586202086557098,0,15.99317059973911,0,44.677583999997296
35,4,4,16,766,120,6623,5754,0.8687905782877849,0.8916601714731099,869,6.269130434782609,6879.378558947678,6955.810335973097,7738,0.8724884080370943,0.8664495114006515,0.8721973094170403,0.006038896636442748,16.3467555818013,0.15875636585300232,0,15.99316756666956,0,49.100750000005064
35,4,4,16,767,120,6456,5755,0.8914188351920694,0.8530947054436987,701,8.688260869565218,4938.838298836872,5010.337001080386,5980,0.8892331525948877,0.892017566520279,0.8918083462132921,0.0027844139253913047,16.334274579737684,0.15986574883979543,0,15.993168476120857,0,46.32145799999853
35,4,4,16,768,120,6542,5755,0.879700397431978,0.8746177370030581,787,7.091304347826087,5998.550788685273,6071.97908991676,6860,0.8753943217665615,0.8846350178662583,0.8694690265486725,0.01516599131758578,16.334241997170892,0.15987106353676292,0,15.993163952954982,0,51.43604200000118
35,4,4,16,769,120,6519,5757,0.883110906580764,0.822429906542056,762,11.078260869565216,5133.4738610301465,5199.606967428784,6278,0.8771790808240888,0.8812405446293494,0.8946553059643687,0.01747622514027991,16.334069250253066,0.1600857475343612,0,15.993159384834277,0,46.48349999999482
35,4,4,16,770,120,6498,5755,0.8856571252693136,0.88,743,6.9882608695652175,5642.469286549026,5718.510857877051,6462,0.8785992217898833,0.8848343685300207,0.8947368421052632,0.016137620315379908,16.334272439043115,0.15987305087758233,0,15.993162147175694,0,46.65204199999425
35,4,4,17,741,120,6575,6103,0.928212927756654,0.8941176470588236,472,7.056521739130436,3190.5283187341292,3265.8630294524614,4039,0.9264931087289433,0.9265480070193031,0.93515625,0.008663141271056718,17.325490284647334,0.15377937219317628,0,17.00320434699951,0,48.501084000003175
35,4,4,17,742,120,6513,6102,0.9368954398894519,0.8824383164005806,411,7.614347826086957,2521.6562483582375,2597.9889886231354,3272,0.9487951807228916,0.9326752720830169,0.9376012965964343,0.01611990863987467,17.325602519693035,0.1556767252158067,0,17.003203023246034,0,44.339625000000524
35,4,4,17,743,120,6443,6102,0.9470743442495732,0.926829268292683,341,2.393913043478261,2624.9683544969785,2704.05235560807,3301,0.9536585365853658,0.9452374772904231,0.9463235294117647,0.008421059294942745,17.325619585781237,0.15567471083283907,0,17.003200378571254,0,41.4452919999967
35,4,4,17,744,120,6430,6103,0.949144634525661,0.9142857142857143,327,5.021304347826088,2225.5743490250534,2304.531614460477,2924,0.9480712166172107,0.9497753106000528,0.9484218629715165,0.0017040939828421031,17.35024264297951,0.15642691093892525,0,17.003204209050985,0,45.993915999999444
35,4,4,17,745,120,6639,6105,0.9195661997288749,0.9101796407185628,534,5.683478260869564,3855.5970574574058,3931.7220687224085,4604,0.9214071856287425,0.9161914207785767,0.9283464566929134,0.012155035914336643,17.325104782532076,0.15308506486069445,0,17.00320476112098,0,47.288291999997455
35,4,4,17,746,120,6652,6103,0.9174684305472038,0.8947755702722591,549,5.8643478260869575,3932.5895518393336,4014.4849984406233,4681,0.9259807549962991,0.9206712433257056,0.8998538011695907,0.026126953826708377,17.32556021600593,0.15377845384941954,0,17.00320548646499,0,51.901082999997016
35,4,4,17,747,120,6481,6105,0.9419842616880111,0.9426356589147287,376,3.694782608695652,2809.871878392006,2892.646715754101,3152,0.9388679245283019,0.9405136268343816,0.9492537313432836,0.01038580681498169,17.325152688168767,0.1530851269881743,0,17.003211229855946,0,54.00704100000439
35,4,4,17,748,120,6534,6102,0.9338842975206612,0.9411764705882353,432,3.7886956521739132,3373.4876555879896,3450.202271309656,3999,0.9368587213891081,0.9327140346472508,0.9345794392523364,0.004144686741857306,17.325496722303253,0.15567843497335432,0,17.003202314297965,0,48.845124999999825
35,4,4,17,749,120,6625,6103,0.9212075471698113,0.9081404032860344,522,6.051304347826088,3879.6006874433447,3957.1883669849353,4731,0.912847483095417,0.9208724321582551,0.930421909696521,0.017574426601104087,17.32555034809363,0.15377931030450367,0,17.003204620458128,0,49.356165999997756
35,4,4,17,750,120,6444,6104,0.9472377405338299,0.9261233815689262,340,4.181739130434782,2613.7271837448434,2700.7846454723153,3270,0.9483146067415731,0.9432268286242408,0.9576399394856279,0.01441311086138708,17.32536543373619,0.15342574769432255,0,17.003207520928786,0,44.43279199999961
35,4,4,17,751,120,6688,6102,0.9123803827751196,0.8837209302325582,586,6.400434782608697,4097.098868790256,4176.036563813665,4891,0.9043165467625899,0.9114754098360656,0.9234808702175544,0.01916432345496455,17.32556701434433,0.15568097869086783,0,17.003204392843546,0,45.59462500000518
35,4,4,17,752,120,6648,6102,0.9178700361010831,0.8842794759825328,546,6.840434782608696,3736.378952625844,3818.4562614921706,4479,0.9208301306687163,0.9191122071516646,0.9109907120743034,0.009839418594412952,17.325409478472533,0.15582565985673208,0,17.00300005301204,0,47.82316699999501
35,4,4,17,753,120,6506,6103,0.9380571779895481,0.8967551622418879,403,6.553478260869565,2657.210889135838,2727.5335328018264,3464,0.9439754412893323,0.9390745501285347,0.9291698400609292,0.014805601228403131,17.32550082090098,0.15377797207460697,0,17.003207730385178,0,42.571291999993264
35,4,4,17,754,120,6462,6102,0.9442896935933147,0.9303749043611323,360,4.069565217391304,2437.2234389199434,2524.406614460477,2968,0.9408602150537635,0.9458279845956354,0.9430830039525692,0.004967769541871947,17.325503837195207,0.15567393167648524,0,17.003204228279113,0,56.57166699999652
35,4,4,17,755,120,6562,6105,0.9303565985979885,0.918429003021148,457,4.187391304347826,3317.5107171090613,3393.111916781972,3781,0.930053804765565,0.9292416941415166,0.9339908952959028,0.004749201154386262,17.3250816191483,0.15308810577986548,0,17.00320616565023,0,53.780957999995735
35,4,4,17,756,120,6583,6104,0.9272368221175755,0.8716845878136201,479,6.871739130434782,3208.3268848727325,3274.0154693589434,4125,0.9255079006772009,0.9270833333333334,0.9294385432473444,0.003930642570143528,17.325257103613307,0.15342334767675,0,17.00321231098355,0,46.48137500000303
35,4,4,17,757,120,6507,6103,0.937913016751191,0.8933823529411765,404,5.636521739130435,2824.5329841893367,2896.654542619313,3681,0.9329173166926678,0.9438605485772879,0.925226586102719,0.018633962474568833,17.325223277383078,0.15599484630716512,0,17.002994446004227,0,46.12562500000058
35,4,4,17,758,120,6659,6105,0.9168043249737198,0.9074626865671642,554,6.30695652173913,4106.814129877117,4168.602977246271,5110,0.9108049311094997,0.91715374841169,0.9219330855018587,0.011128154392359035,17.325120096258846,0.15308723967844054,0,17.00320588381292,0,47.27612499999668
35,4,4,17,759,120,6479,6102,0.9418120080259299,0.9170437405731523,377,3.5069565217391303,2785.93120660084,2869.703230480332,3269,0.939417781274587,0.9412825135204739,0.9456603773584905,0.00624259608390354,17.325585250789747,0.15568200920581565,0,17.003208606729853,0,43.16845900000044
35,4,4,17,760,120,6775,6102,0.9006642066420664,0.85273492286115,673,8.486956521739131,4432.487650282177,4516.0902010278705,5085,0.8892961876832844,0.902015113350126,0.9077029840388618,0.018406796355577404,17.325507941622824,0.1556794257362958,0,17.003206126934238,0,46.64333400000032
35,4,4,17,761,120,6530,6104,0.9347626339969373,0.8679514632405425,426,9.566521739130435,2480.193127346396,2562.9075736311515,3525,0.9269911504424779,0.9363543788187373,0.9382022471910112,0.011211096748533267,17.35010906481624,0.15638537934025537,0,17.003205492506947,0,41.5177079999994
35,4,4,17,762,120,6556,6103,0.9309029896278218,0.8817126269956459,453,5.854782608695651,3071.8103377330317,3152.6962092859794,3791,0.9327599687255669,0.9288967611336032,0.9350943396226415,0.006197578489038347,17.32530091629879,0.15599389919785672,0,17.002991540427534,0,43.39829199999804
35,4,4,17,763,120,6558,6104,0.9307715767002135,0.9240121580547113,454,6.760869565217392,3235.4466069419273,3308.938382420767,4002,0.9188976377952756,0.9283760258642129,0.9502762430939227,0.03137860529864711,17.325243611993525,0.15342621507678195,0,17.00320819708497,0,49.82533400000102
35,4,4,17,764,120,6437,6105,0.9484231784993009,0.9485179407176287,332,3.2956521739130435,2483.0972355634162,2571.4136356548283,2884,0.947562776957164,0.9477415966386554,0.9513725490196079,0.003809772062443928,17.32502514629567,0.15308514119301117,0,17.00320792615996,0,45.5043749999968
35,4,4,17,765,120,6455,6103,0.9454686289697909,0.9239543726235742,352,2.6104347826086958,2474.1944057298133,2563.7389886231354,2821,0.9487375669472073,0.9439876670092497,0.946656050955414,0.004749899937957602,17.32534565424523,0.15599658056419977,0,17.002997358276392,0,38.76287500000035
35,4,4,17,766,120,6623,6103,0.9214857315415974,0.9477786438035853,520,3.2830434782608697,4152.3701248508405,4237.608080099273,4632,0.9304482225656878,0.9178150839388625,0.9237668161434978,0.012633138626825358,17.325520616435803,0.15377859302303953,0,17.003208135931082,0,50.322291999997105
35,4,4,17,767,120,6456,6102,0.9451672862453532,0.906785980611484,354,5.681304347826086,2254.486172868919,2341.554442885066,2801,0.9488768396591789,0.9408421596486696,0.9544049459041731,0.013562786255503556,17.32554322911696,0.1556792234286197,0,17.003209737439047,0,45.43979200000467
35,4,4,17,768,120,6542,6103,0.9328951391011923,0.9296636085626911,439,4.073913043478261,3299.9054541799696,3387.9353514089294,3733,0.9298107255520505,0.9379785604900459,0.9210914454277286,0.016887115062317326,17.325442010853585,0.15377581477994662,0,17.003201797025696,0,46.00287499999831
35,4,4,17,769,120,6519,6104,0.9363399294370303,0.8741912293314162,415,8.111304347826088,2561.6240209546427,2638.3708563176733,3481,0.9381933438985737,0.9334341906202723,0.9434546862896979,0.010020495669425533,17.325368998705084,0.15342444608331693,0,17.00320834897484,0,50.00391700000182
35,4,4,17,770,120,6498,6105,0.9395198522622346,0.9353846153846154,393,3.918695652173913,2941.676072806777,3021.60600825811,3455,0.9361867704280156,0.9404761904761905,0.9399555226093402,0.004289420048174897,17.32504263087359,0.1530871071098627,0,17.00320545260318,0,46.392375000003085
