setting,factor,level,demand,seed,policy,requests,dispatched,completion_rate,final_queue,peak_queue,mean_wait,peak_lae_db,peak_budget_utilization,population_weighted_equivalent,route_1_share,route_2_share,route_3_share,budget_reference_missions,source_adjustment_db,validation_adjustment_db,altitude_m,speed_mps,route_weight_km
reference,reference,reference,45,501,P0,1547,1092,0.7058823529411765,455,455,1119.6746476384355,79.92322604967377,2.300020788066046,802.2555499193496,0,1,0,20,0,0,80,15,0.35
reference,reference,reference,45,501,P1,1547,1062,0.6864899806076277,485,485,1199.3531207973365,79.42372966262707,2.050130549318642,145.5979823937223,0.7862523540489642,0,0.2137476459510358,20,0,0,80,15,0.35
reference,reference,reference,45,501,P2,1547,1092,0.7058823529411765,455,455,1123.7081764433756,76.11405929749984,0.9567790819291998,422.2022699581162,0.40476190476190477,0.4175824175824176,0.17765567765567766,20,0,0,80,15,0.35
reference,reference,reference,45,501,P3-U,1547,1028,0.6645119586296057,519,519,1289.195683573057,76.11405633020824,0.9999738092181782,345.30600414422315,0.3336575875486381,0.3326848249027237,0.3336575875486381,20,0,0,80,15,0.35
reference,reference,reference,45,501,P3-D,1547,751,0.4854557207498384,796,796,1030.378768648805,76.11405633020824,0.9998596138052511,314.50020830364844,0.3022636484687084,0.47137150466045274,0.22636484687083888,20,0,0,80,15,0.35
reference,reference,reference,45,502,P0,1485,1088,0.7326599326599327,397,397,960.1162571760914,79.92322582751595,2.300019884237088,799.3168062608191,0,1,0,20,0,0,80,15,0.35
reference,reference,reference,45,502,P1,1485,1060,0.7138047138047138,425,425,1039.0841461137486,79.31657734299958,2.000170450444503,145.32385788744494,0.8169811320754717,0,0.1830188679245283,20,0,0,80,15,0.35
reference,reference,reference,45,502,P2,1485,1087,0.731986531986532,398,398,970.8125954620551,76.1140604160725,0.9567793283580881,421.5171187776408,0.41674333026678934,0.41950321987120515,0.16375344986200552,20,0,0,80,15,0.35
reference,reference,reference,45,502,P3-U,1485,1027,0.6915824915824916,458,458,1104.8263493470483,76.5320890097644,0.9999318399334743,345.1694221777488,0.3339824732229795,0.3330087633885102,0.3330087633885102,20,0,0,80,15,0.35
reference,reference,reference,45,502,P3-D,1485,752,0.5063973063973064,733,733,887.9531195457428,76.11405586897123,0.9999685424804177,314.6375240764868,0.3071808510638298,0.47074468085106386,0.2220744680851064,20,0,0,80,15,0.35
reference,reference,reference,45,503,P0,1516,1097,0.7236147757255936,419,419,1070.7535533209925,79.92322671614713,2.3000234995529225,805.9291084707619,0,1,0,20,0,0,80,15,0.35
reference,reference,reference,45,503,P1,1516,1067,0.7038258575197889,449,449,1158.9192538044313,79.52837857017381,2.1001314531470623,146.28318521279368,0.8134957825679475,0,0.18650421743205248,20,0,0,80,15,0.35
reference,reference,reference,45,503,P2,1516,1095,0.7222955145118733,421,421,1072.8239128716777,76.1140610229266,0.9567794620520524,422.6138457659349,0.41187214611872147,0.41643835616438357,0.17168949771689498,20,0,0,80,15,0.35
reference,reference,reference,45,503,P3-U,1516,1028,0.6781002638522428,488,488,1263.2286080179708,76.53209049828658,0.9998972469448791,345.3063994179915,0.3336575875486381,0.3326848249027237,0.3336575875486381,20,0,0,80,15,0.35
reference,reference,reference,45,503,P3-D,1516,752,0.49604221635883905,764,764,997.4352969351411,76.11177284429677,0.999967481827924,314.6373234108699,0.30319148936170215,0.47074468085106386,0.22606382978723405,20,0,0,80,15,0.35
reference,reference,reference,45,504,P0,1522,1096,0.7201051248357424,426,426,1057.750479511096,79.92322604967376,2.300020788066046,805.1941972741209,0,1,0,20,0,0,80,15,0.35
reference,reference,reference,45,504,P1,1522,1065,0.6997371879106439,457,457,1151.0884008367207,79.20671111574005,1.9501995056293082,146.00925157257117,0.8131455399061033,0,0.18685446009389672,20,0,0,80,15,0.35
reference,reference,reference,45,504,P2,1522,1093,0.7181340341655716,429,429,1073.06554832966,76.11406036559069,0.9567793172366126,422.3396908214886,0.41537053979871913,0.4172003659652333,0.16742909423604757,20,0,0,80,15,0.35
reference,reference,reference,45,504,P3-U,1522,1029,0.676084099868594,493,493,1241.8293042616103,76.73347991028153,0.999819833951867,345.44341994418505,0.33430515063168126,0.3323615160349854,0.3333333333333333,20,0,0,80,15,0.35
reference,reference,reference,45,504,P3-D,1522,751,0.49342969776609724,771,771,971.8105225986844,76.11178131376509,0.9998601101177581,314.50025607473736,0.3009320905459387,0.47137150466045274,0.22769640479360853,20,0,0,80,15,0.35
reference,reference,reference,45,505,P0,1562,1094,0.7003841229193342,468,468,1156.3208221889506,79.92322649398935,2.3000225957239637,803.7251453109131,0,1,0,20,0,0,80,15,0.35
reference,reference,reference,45,505,P1,1562,1063,0.6805377720870679,499,499,1256.808489098638,79.52837784026667,2.100128741661799,145.73478871283294,0.7968015051740357,0,0.20319849482596425,20,0,0,80,15,0.35
reference,reference,reference,45,505,P2,1562,1092,0.6991037131882202,470,470,1169.5406297280144,76.11406150649005,0.9567795685842833,422.2026284048168,0.41025641025641024,0.4175824175824176,0.17216117216117216,20,0,0,80,15,0.35
reference,reference,reference,45,505,P3-U,1562,1028,0.6581306017925737,534,534,1321.8771040533172,76.32492611091816,0.9999998516815981,345.3061941211992,0.3336575875486381,0.3326848249027237,0.3336575875486381,20,0,0,80,15,0.35
reference,reference,reference,45,505,P3-D,1562,752,0.4814340588988476,810,810,1051.9122320189642,76.3267814948477,0.999968308446454,314.6374680660775,0.30319148936170215,0.47074468085106386,0.22606382978723405,20,0,0,80,15,0.35
reference,reference,reference,45,506,P0,1521,1096,0.7205785667324129,425,425,1069.7743432604575,79.92322671614713,2.3000234995529225,805.1942729413603,0,1,0,20,0,0,80,15,0.35
reference,reference,reference,45,506,P1,1521,1064,0.6995397764628534,457,457,1175.1602292005894,79.42372966262707,2.0501305493186424,145.87208954854017,0.7885338345864662,0,0.21146616541353383,20,0,0,80,15,0.35
reference,reference,reference,45,506,P2,1521,1092,0.717948717948718,429,429,1087.5828812550676,76.1140583303724,0.9567788688647384,422.2024318762596,0.4075091575091575,0.4175824175824176,0.1749084249084249,20,0,0,80,15,0.35
reference,reference,reference,45,506,P3-U,1521,1027,0.6752136752136753,494,494,1251.686110645226,76.53209021254746,0.9998201030314335,345.16913297439675,0.3339824732229795,0.3330087633885102,0.3330087633885102,20,0,0,80,15,0.35
reference,reference,reference,45,506,P3-D,1521,752,0.49441157133464825,769,769,961.9864964945099,76.11405244043993,0.9999883848414997,314.6372579425227,0.2978723404255319,0.47074468085106386,0.23138297872340424,20,0,0,80,15,0.35
reference,reference,reference,45,507,P0,1491,1068,0.716297786720322,423,423,930.4500397906297,79.92322627183157,2.3000216918950054,784.6236520330423,0,1,0,20,0,0,80,15,0.35
reference,reference,reference,45,507,P1,1491,1046,0.7015425888665325,445,445,975.6811783760113,79.31665388778404,2.0001967941440446,143.40427493366238,0.7925430210325047,0,0.2074569789674952,20,0,0,80,15,0.35
reference,reference,reference,45,507,P2,1491,1067,0.715627095908786,424,424,937.1425997316711,76.11405858968182,0.9567789259922842,418.77473105846906,0.4095595126522962,0.42736644798500467,0.16307403936269915,20,0,0,80,15,0.35
reference,reference,reference,45,507,P3-U,1491,1029,0.6901408450704225,462,462,973.9074363518405,76.535167928303,0.9999742631285276,345.44341250143816,0.33430515063168126,0.3323615160349854,0.3333333333333333,20,0,0,80,15,0.35
reference,reference,reference,45,507,P3-D,1491,752,0.5043594902749833,739,739,749.8942088148957,76.32615091669419,0.9999883910645612,314.6373761362188,0.3045212765957447,0.47074468085106386,0.2247340425531915,20,0,0,80,15,0.35
reference,reference,reference,45,508,P0,1526,1097,0.718872870249017,429,429,1037.06705188035,79.92322649398935,2.300022595723964,805.928970893963,0,1,0,20,0,0,80,15,0.35
reference,reference,reference,45,508,P1,1526,1062,0.6959370904325033,464,464,1161.5401545508353,79.52830323451926,2.100096071163308,145.5978522577758,0.7947269303201506,0,0.20527306967984935,20,0,0,80,15,0.35
reference,reference,reference,45,508,P2,1526,1092,0.7155963302752294,434,434,1062.654681087843,76.11405939846348,0.9567791041721511,422.2025534270873,0.4139194139194139,0.4175824175824176,0.1684981684981685,20,0,0,80,15,0.35
reference,reference,reference,45,508,P3-U,1526,1029,0.6743119266055045,497,497,1239.1608905027147,76.11063192833382,0.9998217551883796,345.4432792595659,0.33430515063168126,0.3323615160349854,0.3333333333333333,20,0,0,80,15,0.35
reference,reference,reference,45,508,P3-D,1526,752,0.4927916120576671,774,774,984.2326710461422,76.11063192833382,0.9999667667423686,314.63726919526323,0.30186170212765956,0.47074468085106386,0.22739361702127658,20,0,0,80,15,0.35
reference,reference,reference,45,509,P0,1549,1079,0.6965784377017431,470,470,1024.5505069490932,79.92322671614713,2.3000234995529225,792.7050474792322,0,1,0,20,0,0,80,15,0.35
reference,reference,reference,45,509,P1,1549,1055,0.6810845706907682,494,494,1076.392447139444,79.31665439869917,2.0001986018008866,144.63809114593874,0.7962085308056872,0,0.2037914691943128,20,0,0,80,15,0.35
reference,reference,reference,45,509,P2,1549,1079,0.6965784377017431,470,470,1027.1173926427605,76.11406637880285,0.9567806419877305,420.42014560049773,0.4151992585727525,0.422613531047266,0.16218721037998146,20,0,0,80,15,0.35
reference,reference,reference,45,509,P3-U,1549,1010,0.6520335700451905,539,539,1207.0784053649888,76.92727684508753,0.9999291670605553,342.8380960373502,0.33762376237623765,0.33861386138613864,0.3237623762376238,20,0,0,80,15,0.35
reference,reference,reference,45,509,P3-D,1549,752,0.4854744996772111,797,797,890.4530958683055,76.10949467930864,0.9999677481069718,314.6373840503673,0.3151595744680851,0.47074468085106386,0.21409574468085107,20,0,0,80,15,0.35
reference,reference,reference,45,510,P0,1539,1080,0.7017543859649122,459,459,1000.9821949079724,79.92322604967376,2.300020788066046,793.4394496417173,0,1,0,20,0,0,80,15,0.35
reference,reference,reference,45,510,P1,1539,1053,0.6842105263157895,486,486,1064.2554830418296,79.42372966262707,2.0501305493186415,144.3641922086353,0.8176638176638177,0,0.18233618233618235,20,0,0,80,15,0.35
reference,reference,reference,45,510,P2,1539,1077,0.6998050682261209,462,462,1015.4079697435966,76.11405934798165,0.9567790930506754,420.14617891010334,0.415041782729805,0.4233983286908078,0.1615598885793872,20,0,0,80,15,0.35
reference,reference,reference,45,510,P3-U,1539,1029,0.6686159844054581,510,510,1105.0342819824805,76.11177384010294,0.9998213260912812,345.44352481452336,0.33430515063168126,0.3323615160349854,0.3333333333333333,20,0,0,80,15,0.35
reference,reference,reference,45,510,P3-D,1539,752,0.48862897985705,787,787,873.6374923620716,76.11177384010294,0.9999683255630045,314.637436466997,0.31117021276595747,0.47074468085106386,0.21808510638297873,20,0,0,80,15,0.35
reference,reference,reference,45,511,P0,1565,1100,0.7028753993610224,465,465,1167.845414976473,79.92322627183157,2.300021691895005,808.1329615691712,0,1,0,20,0,0,80,15,0.35
reference,reference,reference,45,511,P1,1565,1064,0.6798722044728435,501,501,1284.6825450737917,79.31657606568898,2.000165931302396,145.87205484562108,0.8139097744360902,0,0.18609022556390978,20,0,0,80,15,0.35
reference,reference,reference,45,511,P2,1565,1099,0.7022364217252396,466,466,1178.2897465195863,76.1140583303724,0.9567788688647384,423.16182348841704,0.4121929026387625,0.41492265696087355,0.17288444040036396,20,0,0,80,15,0.35
reference,reference,reference,45,511,P3-U,1565,1027,0.6562300319488817,538,538,1370.211138588845,76.32091048904888,0.9999749337054701,345.16951322042337,0.3339824732229795,0.3330087633885102,0.3330087633885102,20,0,0,80,15,0.35
reference,reference,reference,45,511,P3-D,1565,752,0.4805111821086262,813,813,1077.255952661363,76.11291321396705,0.9999897713470043,314.6375320812462,0.2978723404255319,0.47074468085106386,0.23138297872340424,20,0,0,80,15,0.35
reference,reference,reference,45,512,P0,1528,1093,0.7153141361256544,435,435,1069.4496467080182,79.92322649398935,2.3000225957239637,802.9901515681931,0,1,0,20,0,0,80,15,0.35
reference,reference,reference,45,512,P1,1528,1059,0.6930628272251309,469,469,1188.0592714383467,79.52830299121267,2.1000951673348878,145.18678262071163,0.8234183191690274,0,0.17658168083097261,20,0,0,80,15,0.35
reference,reference,reference,45,512,P2,1528,1089,0.712696335078534,439,439,1089.0265776326748,76.1140598820271,0.9567792107043818,421.79147582234305,0.4150596877869605,0.418732782369146,0.16620752984389348,20,0,0,80,15,0.35
reference,reference,reference,45,512,P3-U,1528,1028,0.6727748691099477,500,500,1251.2764979007613,76.32307873018104,0.9999314840902954,345.30664135664813,0.3336575875486381,0.3326848249027237,0.3336575875486381,20,0,0,80,15,0.35
reference,reference,reference,45,512,P3-D,1528,751,0.49149214659685864,777,777,1006.5943613119732,76.1117765622435,0.9998609312778315,314.50040871616477,0.303595206391478,0.47137150466045274,0.22503328894806923,20,0,0,80,15,0.35
reference,reference,reference,45,513,P0,1472,1065,0.7235054347826086,407,407,1027.25676063006,79.92322627183157,2.3000216918950054,782.4195925694345,0,1,0,20,0,0,80,15,0.35
reference,reference,reference,45,513,P1,1472,1038,0.7051630434782609,434,434,1078.2234914385717,79.42380633582145,2.0501641236455534,142.30756001530867,0.7861271676300579,0,0.2138728323699422,20,0,0,80,15,0.35
reference,reference,reference,45,513,P2,1472,1064,0.7228260869565217,408,408,1030.0178737907984,76.11405929749984,0.9567790819291998,418.3636351575675,0.40883458646616544,0.42857142857142855,0.162593984962406,20,0,0,80,15,0.35
reference,reference,reference,45,513,P3-U,1472,1011,0.6868206521739131,461,461,1133.9292858344486,76.73431737788238,0.999999749634231,342.97533871995995,0.33827893175074186,0.33827893175074186,0.32344213649851633,20,0,0,80,15,0.35
reference,reference,reference,45,513,P3-D,1472,752,0.5108695652173914,720,720,817.0968537994969,76.10949228820506,0.9999668615366817,314.6371979739956,0.3045212765957447,0.47074468085106386,0.2247340425531915,20,0,0,80,15,0.35
reference,reference,reference,45,514,P0,1510,1085,0.7185430463576159,425,425,1014.7722176125548,79.92322671614713,2.3000234995529225,797.1129737989297,0,1,0,20,0,0,80,15,0.35
reference,reference,reference,45,514,P1,1510,1053,0.6973509933774834,457,457,1106.0003205534229,79.52830445105201,2.1001005903054146,144.3640100183102,0.8157644824311491,0,0.1842355175688509,20,0,0,80,15,0.35
reference,reference,reference,45,514,P2,1510,1082,0.7165562913907285,428,428,1035.3454563049963,76.11406051703612,0.9567793506010394,420.83138686465657,0.4121996303142329,0.4214417744916821,0.16635859519408502,20,0,0,80,15,0.35
reference,reference,reference,45,514,P3-U,1510,1030,0.6821192052980133,480,480,1160.0773517335078,76.10835303533504,0.9999738345216602,345.5805058812122,0.3339805825242718,0.3320388349514563,0.3339805825242718,20,0,0,80,15,0.35
reference,reference,reference,45,514,P3-D,1510,751,0.49735099337748345,759,759,956.144530891506,76.10835303533504,0.9999285892962412,314.5002485063875,0.31025299600532624,0.47137150466045274,0.21837549933422104,20,0,0,80,15,0.35
reference,reference,reference,45,515,P0,1546,1095,0.7082794307891332,451,451,1094.893728183131,79.92322671614714,2.3000234995529225,804.4595268368782,0,1,0,20,0,0,80,15,0.35
reference,reference,reference,45,515,P1,1546,1061,0.6862871927554981,485,485,1200.1505282416706,79.52837686705695,2.1001251263481135,145.4608637483402,0.8162111215834119,0,0.18378887841658811,20,0,0,80,15,0.35
reference,reference,reference,45,515,P2,1546,1091,0.7056921086675291,455,455,1118.8469281422526,76.11406029278187,0.9567793011963543,422.06546580023365,0.4161319890009166,0.41796516956920254,0.16590284142988085,20,0,0,80,15,0.35
reference,reference,reference,45,515,P3-U,1546,1028,0.6649417852522639,518,518,1273.1107896650062,76.5320889912044,0.9999748095097096,345.3062570104484,0.3336575875486381,0.3326848249027237,0.3336575875486381,20,0,0,80,15,0.35
reference,reference,reference,45,515,P3-D,1546,751,0.4857697283311772,795,795,977.6089797718838,76.11405127138329,0.9999648641878437,314.5002122967583,0.2982689747003995,0.47137150466045274,0.2303595206391478,20,0,0,80,15,0.35
reference,reference,reference,45,516,P0,1558,1081,0.6938382541720154,477,477,1147.4661504178378,79.92322582751596,2.300019884237088,794.1741475943197,0,1,0,20,0,0,80,15,0.35
reference,reference,reference,45,516,P1,1558,1056,0.6777920410783055,502,502,1183.0503372815924,79.0940767647314,1.9002648466262893,144.77547873894366,0.803030303030303,0,0.19696969696969696,20,0,0,80,15,0.35
reference,reference,reference,45,516,P2,1558,1079,0.6925545571245186,479,479,1156.5018332391735,76.11405991018194,0.956779216907075,420.4203042500334,0.4161260426320667,0.422613531047266,0.16126042632066728,20,0,0,80,15,0.35
reference,reference,reference,45,516,P3-U,1558,1004,0.6444159178433889,554,554,1350.15470617056,76.7351629060242,0.9999693892609353,342.0157174365681,0.3396414342629482,0.34063745019920316,0.3197211155378486,20,0,0,80,15,0.35
reference,reference,reference,45,516,P3-D,1558,752,0.48267008985879334,806,806,971.775160624334,76.11291496801147,0.9999671767447594,314.6373031180613,0.2992021276595745,0.47074468085106386,0.2300531914893617,20,0,0,80,15,0.35
reference,reference,reference,45,517,P0,1579,1055,0.6681443951868271,524,524,1195.066850630726,79.92322627183157,2.3000216918950054,775.0728606816474,0,1,0,20,0,0,80,15,0.35
reference,reference,reference,45,517,P1,1579,1028,0.6510449651678277,551,551,1259.0278291300451,79.31657555476464,2.0001641236455536,140.93666853629898,0.8025291828793775,0,0.19747081712062256,20,0,0,80,15,0.35
reference,reference,reference,45,517,P2,1579,1053,0.6668777707409753,526,526,1202.076550878444,76.11405881393614,0.9567789753969691,416.85550264869545,0.4121557454890788,0.43304843304843305,0.15479582146248813,20,0,0,80,15,0.35
reference,reference,reference,45,517,P3-U,1579,1013,0.6415452818239392,566,566,1290.3148087235882,76.3229202792653,0.9998621978134112,343.24982866073566,0.3376110562685094,0.3376110562685094,0.32477788746298125,20,0,0,80,15,0.35
reference,reference,reference,45,517,P3-D,1579,751,0.4756174794173528,828,828,991.2234081505122,76.11063299726791,0.9998597463957672,314.5002105719398,0.3169107856191744,0.47137150466045274,0.21171770972037285,20,0,0,80,15,0.35
reference,reference,reference,45,518,P0,1445,1038,0.7183391003460208,407,407,1072.661153161595,79.92322649398935,2.3000225957239637,762.5836214618395,0,1,0,20,0,0,80,15,0.35
reference,reference,reference,45,518,P1,1445,1014,0.7017301038062284,431,431,1114.9609317087095,79.20671137774714,1.95020040945773,139.0172157184629,0.7948717948717948,0,0.20512820512820512,20,0,0,80,15,0.35
reference,reference,reference,45,518,P2,1445,1037,0.7176470588235294,408,408,1073.9325642142585,76.11405827989056,0.9567788577432628,414.66187334227476,0.40115718418514945,0.43972999035679844,0.15911282545805208,20,0,0,80,15,0.35
reference,reference,reference,45,518,P3-U,1445,977,0.6761245674740485,468,468,1185.3733794095156,76.73516684004392,0.9999337545947701,338.3145817436419,0.3500511770726714,0.3500511770726714,0.2998976458546571,20,0,0,80,15,0.35
reference,reference,reference,45,518,P3-D,1445,752,0.5204152249134948,693,693,836.9575530612258,76.10721368578061,0.9999677834828375,314.6373888771298,0.3257978723404255,0.47074468085106386,0.20345744680851063,20,0,0,80,15,0.35
reference,reference,reference,45,519,P0,1456,1073,0.7369505494505495,383,383,899.9279586100387,79.92322627183157,2.300021691895005,788.2970592499756,0,1,0,20,0,0,80,15,0.35
reference,reference,reference,45,519,P1,1456,1052,0.7225274725274725,404,404,937.2843259774382,79.31665363232645,2.000195890315623,144.2267612369815,0.7918250950570342,0,0.20817490494296578,20,0,0,80,15,0.35
reference,reference,reference,45,519,P2,1456,1072,0.7362637362637363,384,384,906.1472550203924,76.11405871297248,0.9567789531540181,419.4603768296997,0.41044776119402987,0.4253731343283582,0.16417910447761194,20,0,0,80,15,0.35
reference,reference,reference,45,519,P3-U,1456,1011,0.6943681318681318,445,445,1066.339282862746,77.1107395233236,0.9999740966571203,342.9756522092304,0.3363006923837784,0.33827893175074186,0.3254203758654797,20,0,0,80,15,0.35
reference,reference,reference,45,519,P3-D,1456,752,0.5164835164835165,704,704,789.6688457648451,76.11177676427698,0.9999687380043955,314.6374977776573,0.3125,0.47074468085106386,0.21675531914893617,20,0,0,80,15,0.35
reference,reference,reference,45,520,P0,1533,1094,0.7136333985649054,439,439,1052.4184659650923,79.92322649398935,2.300022595723964,803.725049007154,0,1,0,20,0,0,80,15,0.35
reference,reference,reference,45,520,P1,1533,1061,0.6921069797782127,472,472,1169.0323527763624,79.20679119362369,1.9502312722993769,145.46062950363643,0.7907634307257304,0,0.20923656927426956,20,0,0,80,15,0.35
reference,reference,reference,45,520,P2,1533,1093,0.7129810828440966,440,440,1063.105963131319,76.11405888674497,0.9567789914372271,422.33916007672303,0.40988106129917656,0.4172003659652333,0.1729185727355901,20,0,0,80,15,0.35
reference,reference,reference,45,520,P3-U,1533,1028,0.6705805609915199,505,505,1250.1555466753234,76.32307925958081,0.9998632305620233,345.30653361911914,0.3336575875486381,0.3326848249027237,0.3336575875486381,20,0,0,80,15,0.35
reference,reference,reference,45,520,P3-D,1533,751,0.48988910632746246,782,782,979.4910874057837,76.11405485136116,0.9999655783976079,314.500342233136,0.3009320905459387,0.47137150466045274,0.22769640479360853,20,0,0,80,15,0.35
reference,reference,reference,45,521,P0,1532,1067,0.6964751958224543,465,465,1092.6792152091589,79.92322604967377,2.300020788066046,783.8887958671211,0,1,0,20,0,0,80,15,0.35
reference,reference,reference,45,521,P1,1532,1042,0.6801566579634465,490,490,1145.4595812766054,79.42372941339082,2.05012964549022,142.85612135413507,0.8224568138195777,0,0.17754318618042225,20,0,0,80,15,0.35
reference,reference,reference,45,521,P2,1532,1064,0.6945169712793734,468,468,1098.4112136339877,76.11405968592766,0.9567791675023902,418.36394596067663,0.4191729323308271,0.42857142857142855,0.15225563909774437,20,0,0,80,15,0.35
reference,reference,reference,45,521,P3-U,1532,1009,0.6586161879895561,523,523,1210.0367215142496,76.73516080250549,0.9998605705835207,342.7014455191246,0.3379583746283449,0.3389494549058474,0.32309217046580774,20,0,0,80,15,0.35
reference,reference,reference,45,521,P3-D,1532,752,0.4908616187989556,780,780,875.3150566802199,76.10492925175068,0.9999674579730485,314.63735914701033,0.31382978723404253,0.47074468085106386,0.2154255319148936,20,0,0,80,15,0.35
reference,reference,reference,45,522,P0,1510,1086,0.7192052980132451,424,424,1042.8738928530227,79.92322582751596,2.300019884237088,797.8475823266128,0,1,0,20,0,0,80,15,0.35
reference,reference,reference,45,522,P1,1510,1053,0.6973509933774834,457,457,1147.1557301981807,79.31673247484356,2.0002303684709557,144.36401001831015,0.8005698005698005,0,0.19943019943019943,20,0,0,80,15,0.35
reference,reference,reference,45,522,P2,1510,1086,0.7192052980132451,424,424,1045.338395311152,76.11406051703612,0.9567793506010395,421.3797539802965,0.40791896869244937,0.4198895027624309,0.1721915285451197,20,0,0,80,15,0.35
reference,reference,reference,45,522,P3-U,1510,1028,0.680794701986755,482,482,1189.8130541439414,77.11305992355192,0.9998961507813463,345.30627360032673,0.3336575875486381,0.3326848249027237,0.3336575875486381,20,0,0,80,15,0.35
reference,reference,reference,45,522,P3-D,1510,752,0.49801324503311256,758,758,967.5152230933179,76.53753796261306,0.9999679080082005,314.6373827063394,0.3098404255319149,0.47074468085106386,0.21941489361702127,20,0,0,80,15,0.35
reference,reference,reference,45,523,P0,1559,1087,0.6972418216805645,472,472,1143.6786327512443,79.92322582751596,2.300019884237088,798.5822527638554,0,1,0,20,0,0,80,15,0.35
reference,reference,reference,45,523,P1,1559,1060,0.6799230275817832,499,499,1214.6017455478316,79.31657504384022,2.0001623159887116,145.32371907576865,0.8075471698113208,0,0.19245283018867926,20,0,0,80,15,0.35
reference,reference,reference,45,523,P2,1559,1085,0.6959589480436177,474,474,1155.61548728616,76.11405983154529,0.9567791995829061,421.2426874613642,0.4147465437788018,0.4202764976958525,0.16497695852534563,20,0,0,80,15,0.35
reference,reference,reference,45,523,P3-U,1559,1030,0.6606799230275818,529,529,1291.1780289864653,76.32121951987577,0.9999000969064885,345.58085154992256,0.3339805825242718,0.3320388349514563,0.3339805825242718,20,0,0,80,15,0.35
reference,reference,reference,45,523,P3-D,1559,751,0.4817190506735087,808,808,983.7074806374084,76.10607388552096,0.9998943703992371,314.50026404241754,0.3062583222370173,0.47137150466045274,0.22237017310252996,20,0,0,80,15,0.35
reference,reference,reference,45,524,P0,1531,1086,0.7093403004572175,445,445,1019.1879518996717,79.92322649398935,2.300022595723964,797.8477130245717,0,1,0,20,0,0,80,15,0.35
reference,reference,reference,45,524,P1,1531,1060,0.6923579359895493,471,471,1108.3647001397344,79.42380658505331,2.0501650274739744,145.3235629126328,0.7943396226415095,0,0.20566037735849058,20,0,0,80,15,0.35
reference,reference,reference,45,524,P2,1531,1085,0.7086871325930765,446,446,1023.4355972144588,76.11405927517283,0.9567790770104174,421.24268934886493,0.4119815668202765,0.4202764976958525,0.16774193548387098,20,0,0,80,15,0.35
reference,reference,reference,45,524,P3-U,1531,1028,0.6714565643370346,503,503,1158.6373865788937,76.11063871793029,0.9998981769029399,345.3063738971959,0.3336575875486381,0.3326848249027237,0.3336575875486381,20,0,0,80,15,0.35
reference,reference,reference,45,524,P3-D,1531,751,0.49052906596995427,780,780,917.4891715500004,76.11063871793029,0.9998929965310059,314.50027897954857,0.30492676431424764,0.47137150466045274,0.2237017310252996,20,0,0,80,15,0.35
reference,reference,reference,45,525,P0,1514,1075,0.7100396301188904,439,439,1075.7425557867548,79.92322627183157,2.300021691895005,789.7662763053422,0,1,0,20,0,0,80,15,0.35
reference,reference,reference,45,525,P1,1514,1050,0.6935270805812418,464,464,1116.7960340564475,79.31657632115113,2.0001668351308175,143.952714812272,0.8104761904761905,0,0.1895238095238095,20,0,0,80,15,0.35
reference,reference,reference,45,525,P2,1514,1072,0.7080581241743725,442,442,1087.0069957309563,76.11406168609027,0.9567796081514033,419.46055793118467,0.41138059701492535,0.4253731343283582,0.16324626865671643,20,0,0,80,15,0.35
reference,reference,reference,45,525,P3-U,1514,1028,0.678996036988111,486,486,1129.538273326004,76.11291574884389,0.9999747612859755,345.3062361372805,0.3336575875486381,0.3326848249027237,0.3336575875486381,20,0,0,80,15,0.35
reference,reference,reference,45,525,P3-D,1514,752,0.4966974900924703,762,762,838.7699259359124,76.11291574884389,0.9999890587130349,314.6373829225533,0.3058510638297872,0.47074468085106386,0.22340425531914893,20,0,0,80,15,0.35
reference,reference,reference,45,526,P0,1484,1072,0.7223719676549866,412,412,1030.0503248223054,79.92322649398935,2.3000225957239637,787.562368176213,0,1,0,20,0,0,80,15,0.35
reference,reference,reference,45,526,P1,1484,1052,0.7088948787061995,432,432,1072.0246015074313,79.20663051235594,1.9501659313023956,144.2268393185494,0.779467680608365,0,0.22053231939163498,20,0,0,80,15,0.35
reference,reference,reference,45,526,P2,1484,1072,0.7223719676549866,412,412,1032.9315475963476,76.11406043839948,0.9567793332768705,419.4605453529559,0.41138059701492535,0.4253731343283582,0.16324626865671643,20,0,0,80,15,0.35
reference,reference,reference,45,526,P3-U,1484,1030,0.6940700808625337,454,454,1093.6993713955655,76.5356237755102,0.9999746251581991,345.580293343329,0.3339805825242718,0.3320388349514563,0.3339805825242718,20,0,0,80,15,0.35
reference,reference,reference,45,526,P3-D,1484,751,0.5060646900269542,733,733,847.2806738739746,76.32678675209704,0.9999894803283449,314.50034168966323,0.303595206391478,0.47137150466045274,0.22503328894806923,20,0,0,80,15,0.35
reference,reference,reference,45,527,P0,1522,1086,0.7135348226018396,436,436,982.1458379706157,79.92322649398935,2.300022595723964,797.847547932413,0,1,0,20,0,0,80,15,0.35
reference,reference,reference,45,527,P1,1522,1059,0.6957950065703022,463,463,1044.2343646380652,79.31665490961424,2.0002004094577295,145.18663513330557,0.7884796978281398,0,0.21152030217186024,20,0,0,80,15,0.35
reference,reference,reference,45,527,P2,1522,1081,0.7102496714848883,441,441,998.7366838534346,76.11405907324553,0.956779032524515,420.69438672168985,0.4024051803885291,0.42183163737280294,0.1757631822386679,20,0,0,80,15,0.35
reference,reference,reference,45,527,P3-U,1522,1028,0.6754270696452037,494,494,1103.2561986242104,76.3212226243076,0.9997903116295018,345.30637714517695,0.3336575875486381,0.3326848249027237,0.3336575875486381,20,0,0,80,15,0.35
reference,reference,reference,45,527,P3-D,1522,752,0.4940867279894875,770,770,844.1968075430931,76.11405774584492,0.9999692991495365,314.63758007044356,0.3058510638297872,0.47074468085106386,0.22340425531914893,20,0,0,80,15,0.35
reference,reference,reference,45,528,P0,1559,1084,0.6953175112251443,475,475,1126.2350179235411,79.92322671614713,2.3000234995529225,796.3782483309674,0,1,0,20,0,0,80,15,0.35
reference,reference,reference,45,528,P1,1559,1058,0.6786401539448365,501,501,1177.6820754715238,79.42372941339082,2.0501296454902205,145.04951648792343,0.8052930056710775,0,0.1947069943289225,20,0,0,80,15,0.35
reference,reference,reference,45,528,P2,1559,1083,0.6946760744066709,476,476,1133.6332911319175,76.11406044422732,0.9567793345607813,420.96886961904875,0.41458910433979684,0.42105263157894735,0.16435826408125578,20,0,0,80,15,0.35
reference,reference,reference,45,528,P3-U,1559,1028,0.659397049390635,531,531,1247.6283028049138,76.53223925772973,0.9999291758326758,345.30641776768044,0.3336575875486381,0.3326848249027237,0.3336575875486381,20,0,0,80,15,0.35
reference,reference,reference,45,528,P3-D,1559,751,0.4817190506735087,808,808,974.3323354814071,76.11063304778958,0.9998957593182288,314.50051897925994,0.3062583222370173,0.47137150466045274,0.22237017310252996,20,0,0,80,15,0.35
reference,reference,reference,45,529,P0,1472,1080,0.7336956521739131,392,392,921.4629491198765,79.92322604967376,2.3000207880660466,793.4394977935968,0,1,0,20,0,0,80,15,0.35
reference,reference,reference,45,529,P1,1472,1055,0.7167119565217391,417,417,970.2735911613845,79.42373115804435,2.050135972289169,144.63831671491263,0.8037914691943128,0,0.1962085308056872,20,0,0,80,15,0.35
reference,reference,reference,45,529,P2,1472,1078,0.7323369565217391,394,394,928.9934824517517,76.11406112389021,0.9567794842950037,420.28311425778065,0.4155844155844156,0.4230055658627087,0.1614100185528757,20,0,0,80,15,0.35
reference,reference,reference,45,529,P3-U,1472,1028,0.6983695652173914,444,444,1015.8368828711833,76.32091193326411,0.9997869850954683,345.30616772967164,0.3336575875486381,0.3326848249027237,0.3336575875486381,20,0,0,80,15,0.35
reference,reference,reference,45,529,P3-D,1472,752,0.5108695652173914,720,720,770.7033534540426,76.11405083830064,0.9999886945775103,314.6374720941795,0.3045212765957447,0.47074468085106386,0.2247340425531915,20,0,0,80,15,0.35
reference,reference,reference,45,530,P0,1545,1084,0.7016181229773463,461,461,1057.5917164017935,79.92322627183157,2.3000216918950054,796.3782689674871,0,1,0,20,0,0,80,15,0.35
reference,reference,reference,45,530,P1,1545,1054,0.6822006472491909,491,491,1141.2976204429897,79.42373065957197,2.0501341646323263,144.5011199879626,0.8083491461100569,0,0.19165085388994307,20,0,0,80,15,0.35
reference,reference,reference,45,530,P2,1545,1083,0.7009708737864078,462,462,1062.0575722994226,76.11406010628137,0.9567792601090667,420.9683542661709,0.4118190212373038,0.42105263157894735,0.16712834718374883,20,0,0,80,15,0.35
reference,reference,reference,45,530,P3-U,1545,1028,0.6653721682847896,517,517,1188.2296985835972,76.11405480087927,0.9998212089330254,345.3063329328755,0.3336575875486381,0.3326848249027237,0.3336575875486381,20,0,0,80,15,0.35
reference,reference,reference,45,530,P3-D,1545,751,0.486084142394822,794,794,948.1292512436883,76.11405480087927,0.9999302597477625,314.5002582709575,0.30758988015978694,0.47137150466045274,0.2210386151797603,20,0,0,80,15,0.35
reference,reference,reference,80,501,P0,2681,1103,0.4114136516225289,1578,1578,2649.1338135971764,79.92322649398935,2.3000225957239637,810.3370279116189,0,1,0,20,0,0,80,15,0.35
reference,reference,reference,80,501,P1,2681,1071,0.39947780678851175,1610,1610,2726.0044925952297,79.09399485022186,1.9002339837846414,146.8316337671331,0.7843137254901961,0,0.21568627450980393,20,0,0,80,15,0.35
reference,reference,reference,80,501,P2,2681,1100,0.4102946661693398,1581,1581,2664.2750218508704,76.11405985970012,0.9567792057855994,423.2991676288075,0.41363636363636364,0.41454545454545455,0.17181818181818181,20,0,0,80,15,0.35
reference,reference,reference,80,501,P3-U,2681,1029,0.3838120104438642,1652,1652,2788.66813982459,76.53209071145695,0.9997509776995442,345.44338288046913,0.3333333333333333,0.3323615160349854,0.33430515063168126,20,0,0,80,15,0.35
reference,reference,reference,80,501,P3-D,2681,752,0.2804923535994032,1929,1929,2193.6659739033053,76.11405462710663,0.9999684717675653,314.63743187498795,0.30186170212765956,0.47074468085106386,0.22739361702127658,20,0,0,80,15,0.35
reference,reference,reference,80,502,P0,2595,1104,0.4254335260115607,1491,1491,2730.4867447610764,79.9232273826204,2.3000262110397984,811.0716364393022,0,1,0,20,0,0,80,15,0.35
reference,reference,reference,80,502,P1,2595,1066,0.41078998073217726,1529,1529,2819.9087926963584,79.31665388778404,2.0001967941440437,146.14624875773663,0.797373358348968,0,0.2026266416510319,20,0,0,80,15,0.35
reference,reference,reference,80,502,P2,2595,1101,0.42427745664739885,1494,1494,2747.186630621553,76.11405937030865,0.9567790979694578,423.43645343885987,0.4141689373297003,0.4141689373297003,0.17166212534059946,20,0,0,80,15,0.35
reference,reference,reference,80,502,P3-U,2595,1028,0.3961464354527938,1567,1567,2881.633488480523,76.53209036130863,0.999898312933372,345.30655899179067,0.3336575875486381,0.3326848249027237,0.3336575875486381,20,0,0,80,15,0.35
reference,reference,reference,80,502,P3-D,2595,752,0.28978805394990365,1843,1843,2308.125962147084,76.11291839744086,0.999970127024918,314.63773750364146,0.3045212765957447,0.47074468085106386,0.2247340425531915,20,0,0,80,15,0.35
reference,reference,reference,80,503,P0,2680,1103,0.4115671641791045,1577,1577,2657.3294770376647,79.92322649398935,2.300022595723964,810.3367802733811,0,1,0,20,0,0,80,15,0.35
reference,reference,reference,80,503,P1,2680,1067,0.39813432835820894,1613,1613,2738.643066028319,79.20679224163267,1.9502348876130629,146.2835495934439,0.8106841611996252,0,0.1893158388003749,20,0,0,80,15,0.35
reference,reference,reference,80,503,P2,2680,1100,0.41044776119402987,1580,1580,2671.614309200283,76.11406107340841,0.9567794731735281,423.2995379290422,0.41454545454545455,0.41454545454545455,0.1709090909090909,20,0,0,80,15,0.35
reference,reference,reference,80,503,P3-U,2680,1028,0.3835820895522388,1652,1652,2792.2129457971805,76.53208598177655,0.9998986950924468,345.306117708831,0.3336575875486381,0.3326848249027237,0.3336575875486381,20,0,0,80,15,0.35
reference,reference,reference,80,503,P3-D,2680,751,0.2802238805970149,1929,1929,2203.447938294673,76.11405820708173,0.9999990864689919,314.5001443605511,0.2996005326231691,0.47137150466045274,0.22902796271637815,20,0,0,80,15,0.35
reference,reference,reference,80,504,P0,2672,1104,0.41317365269461076,1568,1568,2564.9470831788562,79.92322649398935,2.3000225957239637,811.0716089239426,0,1,0,20,0,0,80,15,0.35
reference,reference,reference,80,504,P1,2672,1069,0.4000748502994012,1603,1603,2650.4277567552986,79.31657734299958,2.000170450444503,146.55755263950454,0.7885874649204865,0,0.21141253507951357,20,0,0,80,15,0.35
reference,reference,reference,80,504,P2,2672,1101,0.4120508982035928,1571,1571,2584.735570969712,76.11406053936311,0.9567793555198217,423.43642136648333,0.4114441416893733,0.4141689373297003,0.17438692098092642,20,0,0,80,15,0.35
reference,reference,reference,80,504,P3-U,2672,1027,0.3843562874251497,1645,1645,2694.439800112918,76.73347333269776,0.999898027655629,345.1688848814022,0.3339824732229795,0.3330087633885102,0.3330087633885102,20,0,0,80,15,0.35
reference,reference,reference,80,504,P3-D,2672,752,0.281437125748503,1920,1920,2107.3667287842454,76.11405609322571,0.9999664657823156,314.6372022222931,0.30319148936170215,0.47074468085106386,0.22606382978723405,20,0,0,80,15,0.35
reference,reference,reference,80,505,P0,2723,1101,0.4043334557473375,1622,1622,2686.8253075796856,79.92322671614713,2.3000234995529225,808.8676801582936,0,1,0,20,0,0,80,15,0.35
reference,reference,reference,80,505,P1,2723,1068,0.39221446933529197,1655,1655,2744.810642775684,79.20679197963044,1.9502339837846419,146.42043399412236,0.7808988764044944,0,0.21910112359550563,20,0,0,80,15,0.35
reference,reference,reference,80,505,P2,2723,1101,0.4043334557473375,1622,1622,2689.2214573976953,76.11405818475473,0.9567788367842224,423.4360662604619,0.407811080835604,0.4141689373297003,0.17801998183469572,20,0,0,80,15,0.35
reference,reference,reference,80,505,P3-U,2723,1027,0.3771575468233566,1696,1696,2807.841906588638,76.32091026585483,0.9999551310701422,345.16916504677346,0.3339824732229795,0.3330087633885102,0.3330087633885102,20,0,0,80,15,0.35
reference,reference,reference,80,505,P3-D,2723,752,0.27616599338964376,1971,1971,2228.496191389931,76.11405706035364,0.9999676903130408,314.63735346616113,0.3058510638297872,0.47074468085106386,0.22340425531914893,20,0,0,80,15,0.35
reference,reference,reference,80,506,P0,2721,1102,0.4049981624402793,1619,1619,2654.4342596011784,79.92322649398935,2.300022595723964,809.6022955648168,0,1,0,20,0,0,80,15,0.35
reference,reference,reference,80,506,P1,2721,1071,0.3936052921719956,1650,1650,2727.930075435792,79.42373065957197,2.050134164632327,146.83176390307958,0.7880485527544351,0,0.2119514472455649,20,0,0,80,15,0.35
reference,reference,reference,80,506,P2,2721,1101,0.4046306504961411,1620,1620,2663.7021857992795,76.1140606121719,0.9567793715600797,423.4357932105787,0.4069028156221617,0.4141689373297003,0.17892824704813806,20,0,0,80,15,0.35
reference,reference,reference,80,506,P3-U,2721,1028,0.37780227857405363,1693,1693,2778.0077725293963,76.733476863905,0.9998211903935172,345.306280223979,0.3336575875486381,0.3326848249027237,0.3336575875486381,20,0,0,80,15,0.35
reference,reference,reference,80,506,P3-D,2721,752,0.27636898199191473,1969,1969,2150.7665123700363,76.11405579616236,0.9999678581548991,314.6373522867099,0.2992021276595745,0.47074468085106386,0.2300531914893617,20,0,0,80,15,0.35
reference,reference,reference,80,507,P0,2762,1103,0.39934829833454016,1659,1659,2714.414501322933,79.92322649398935,2.300022595723964,810.3369660020595,0,1,0,20,0,0,80,15,0.35
reference,reference,reference,80,507,P1,2762,1070,0.387400434467777,1692,1692,2793.753727395801,79.42372916415454,2.050128741661799,146.69467996061647,0.8,0,0.2,20,0,0,80,15,0.35
reference,reference,reference,80,507,P2,2762,1101,0.39862418537291816,1661,1661,2729.770288221436,76.11406061217191,0.95677937156008,423.43631023474364,0.405086285195277,0.4141689373297003,0.1807447774750227,20,0,0,80,15,0.35
reference,reference,reference,80,507,P3-U,2762,1027,0.3718320057929037,1735,1735,2847.3703397474765,76.32091258498589,0.9998885108079663,345.1694663015265,0.3339824732229795,0.3330087633885102,0.3330087633885102,20,0,0,80,15,0.35
reference,reference,reference,80,507,P3-D,2762,752,0.2722664735698769,2010,2010,2224.929978740972,76.11405652630785,0.999968719229019,314.6374933852172,0.30319148936170215,0.47074468085106386,0.22606382978723405,20,0,0,80,15,0.35
reference,reference,reference,80,508,P0,2805,1102,0.3928698752228164,1703,1703,2902.17600153062,79.92322671614713,2.3000234995529225,809.6023781108961,0,1,0,20,0,0,80,15,0.35
reference,reference,reference,80,508,P1,2805,1067,0.3803921568627451,1738,1738,2980.0428357518895,79.31657453291577,2.000160508331868,146.28325461863184,0.795688847235239,0,0.204311152764761,20,0,0,80,15,0.35
reference,reference,reference,80,508,P2,2805,1099,0.39180035650623884,1706,1706,2922.3566366130285,76.11406037141852,0.9567793185205232,423.162046478486,0.41310282074613286,0.41492265696087355,0.17197452229299362,20,0,0,80,15,0.35
reference,reference,reference,80,508,P3-U,2805,1027,0.3661319073083779,1778,1778,3009.7470135489502,76.73347676146537,0.9999757423442254,345.1690089371694,0.3339824732229795,0.3330087633885102,0.3330087633885102,20,0,0,80,15,0.35
reference,reference,reference,80,508,P3-D,2805,752,0.26809269162210336,2053,2053,2367.614106766688,76.11406037141852,0.999968347648075,314.6374337439491,0.300531914893617,0.47074468085106386,0.22872340425531915,20,0,0,80,15,0.35
reference,reference,reference,80,509,P0,2656,1104,0.41566265060240964,1552,1552,2571.9072331383227,79.9232273826204,2.3000262110397984,811.0713819222244,0,1,0,20,0,0,80,15,0.35
reference,reference,reference,80,509,P1,2656,1069,0.40248493975903615,1587,1587,2645.39856906108,79.31657734299958,2.000170450444503,146.55783026285712,0.8054256314312441,0,0.19457436856875585,20,0,0,80,15,0.35
reference,reference,reference,80,509,P2,2656,1102,0.41490963855421686,1554,1554,2584.9671578748394,76.11405881393614,0.9567789753969691,423.5734758875463,0.4128856624319419,0.41379310344827586,0.1733212341197822,20,0,0,80,15,0.35
reference,reference,reference,80,509,P3-U,2656,1027,0.38667168674698793,1629,1629,2694.782015877819,76.73347450644144,0.9999737426875726,345.1689043734631,0.3339824732229795,0.3330087633885102,0.3330087633885102,20,0,0,80,15,0.35
reference,reference,reference,80,509,P3-D,2656,751,0.28275602409638556,1905,1905,2081.1326262013813,76.11405317641383,0.9998936935743203,314.49999959619277,0.2996005326231691,0.47137150466045274,0.22902796271637815,20,0,0,80,15,0.35
reference,reference,reference,80,510,P0,2733,1104,0.4039517014270033,1629,1629,2670.828423776235,79.92322582751595,2.300019884237088,811.0715676509027,0,1,0,20,0,0,80,15,0.35
reference,reference,reference,80,510,P1,2733,1069,0.3911452616172704,1664,1664,2765.9736509217614,79.31657504384022,2.0001623159887107,146.55760469388312,0.804490177736202,0,0.19550982226379796,20,0,0,80,15,0.35
reference,reference,reference,80,510,P2,2733,1102,0.40321990486644715,1631,1631,2683.7108123238704,76.11405871297248,0.9567789531540181,423.57343080261853,0.41197822141560797,0.41379310344827586,0.17422867513611615,20,0,0,80,15,0.35
reference,reference,reference,80,510,P3-U,2733,1028,0.376143432125869,1705,1705,2810.6806255336264,76.53208656162667,0.9997514564039304,345.30631402117416,0.3336575875486381,0.3326848249027237,0.3336575875486381,20,0,0,80,15,0.35
reference,reference,reference,80,510,P3-D,2733,752,0.2751555067691182,1981,1981,2211.283034694568,76.11405648165382,0.9999997839418585,314.63731068641135,0.30186170212765956,0.47074468085106386,0.22739361702127658,20,0,0,80,15,0.35
reference,reference,reference,80,511,P0,2668,1103,0.4134182908545727,1565,1565,2604.6628053698723,79.92322627183157,2.300021691895005,810.3368077887408,0,1,0,20,0,0,80,15,0.35
reference,reference,reference,80,511,P1,2668,1067,0.39992503748125935,1601,1601,2687.947945645209,79.42372991186332,2.050131453147063,146.2835235662546,0.8200562324273665,0,0.17994376757263356,20,0,0,80,15,0.35
reference,reference,reference,80,511,P2,2668,1100,0.4122938530734633,1568,1568,2612.481267818475,76.1140622929442,0.9567797418453676,423.29936915059835,0.4127272727272727,0.41454545454545455,0.17272727272727273,20,0,0,80,15,0.35
reference,reference,reference,80,511,P3-U,2668,1027,0.3849325337331334,1641,1641,2726.970829001943,76.53209110918552,0.9998973273910536,345.1693707058169,0.3339824732229795,0.3330087633885102,0.3330087633885102,20,0,0,80,15,0.35
reference,reference,reference,80,511,P3-D,2668,752,0.2818590704647676,1916,1916,2134.233886256312,76.11405543588903,0.9999687883229569,314.6374979957658,0.2978723404255319,0.47074468085106386,0.23138297872340424,20,0,0,80,15,0.35
reference,reference,reference,80,512,P0,2595,1104,0.4254335260115607,1491,1491,2515.936013484825,79.92322560535813,2.3000189804081295,811.0713681645443,0,1,0,20,0,0,80,15,0.35
reference,reference,reference,80,512,P1,2595,1068,0.4115606936416185,1527,1527,2608.6330539794103,79.42373065957197,2.0501341646323263,146.42076367185354,0.8080524344569289,0,0.19194756554307116,20,0,0,80,15,0.35
reference,reference,reference,80,512,P2,2595,1102,0.42466281310211945,1493,1493,2530.897486441921,76.11405769536306,0.9567787289680808,423.57331918093763,0.4101633393829401,0.41379310344827586,0.17604355716878403,20,0,0,80,15,0.35
reference,reference,reference,80,512,P3-U,2595,1029,0.3965317919075145,1566,1566,2660.9392459890214,76.53209015420882,0.9998577922848123,345.44341502282987,0.3333333333333333,0.3323615160349854,0.33430515063168126,20,0,0,80,15,0.35
reference,reference,reference,80,512,P3-D,2595,751,0.28940269749518305,1844,1844,2052.1847300013546,76.11405643117196,0.9999986230336084,314.50010962055273,0.3009320905459387,0.47137150466045274,0.22769640479360853,20,0,0,80,15,0.35
reference,reference,reference,80,513,P0,2669,1104,0.4136380666916448,1565,1565,2596.7331958154477,79.92322649398935,2.300022595723964,811.071526377863,0,1,0,20,0,0,80,15,0.35
reference,reference,reference,80,513,P1,2669,1067,0.39977519670288497,1602,1602,2687.88987513886,79.31665439869917,2.0001986018008866,146.28351489052483,0.8144329896907216,0,0.18556701030927836,20,0,0,80,15,0.35
reference,reference,reference,80,513,P2,2669,1102,0.41288872236792806,1567,1567,2612.8674375525084,76.1140603209367,0.9567793073990478,423.57332685843807,0.40834845735027225,0.41379310344827586,0.17785843920145192,20,0,0,80,15,0.35
reference,reference,reference,80,513,P3-U,2669,1029,0.38553765455226674,1640,1640,2738.1586394100214,76.32214956594505,0.9998953969198675,345.44361937492465,0.3333333333333333,0.3323615160349854,0.33430515063168126,20,0,0,80,15,0.35
reference,reference,reference,80,513,P3-D,2669,752,0.2817534657174972,1917,1917,2139.27689912227,76.11292080899172,0.9999684703383219,314.63747960899775,0.2992021276595745,0.47074468085106386,0.2300531914893617,20,0,0,80,15,0.35
reference,reference,reference,80,514,P0,2721,1104,0.40573318632855565,1617,1617,2658.1655012404176,79.92322649398935,2.300022595723964,811.0716226816223,0,1,0,20,0,0,80,15,0.35
reference,reference,reference,80,514,P1,2721,1068,0.39250275633958104,1653,1653,2739.5371871199627,79.42373016109956,2.050132356975484,146.4204513455819,0.800561797752809,0,0.199438202247191,20,0,0,80,15,0.35
reference,reference,reference,80,514,P2,2721,1103,0.4053656743844175,1618,1618,2665.307457437662,76.11406000531774,0.9567792378661154,423.7105132754508,0.4125113327289211,0.4134179510426111,0.17407071622846781,20,0,0,80,15,0.35
reference,reference,reference,80,514,P3-U,2721,1028,0.37780227857405363,1693,1693,2786.520949722273,76.53209081329378,0.9997513923915431,345.3059165678308,0.3336575875486381,0.3326848249027237,0.3336575875486381,20,0,0,80,15,0.35
reference,reference,reference,80,514,P3-D,2721,751,0.27600147004777653,1970,1970,2181.770850012661,76.11405282304054,0.999922697738675,314.50020761413845,0.2996005326231691,0.47137150466045274,0.22902796271637815,20,0,0,80,15,0.35
reference,reference,reference,80,515,P0,2654,1103,0.41559909570459685,1551,1551,2686.490714023224,79.92322604967376,2.300020788066046,810.3369453655396,0,1,0,20,0,0,80,15,0.35
reference,reference,reference,80,515,P1,2654,1069,0.40278824415975883,1585,1585,2759.1834181391814,79.31665388778404,2.000196794144044,146.55752661231526,0.8054256314312441,0,0.19457436856875585,20,0,0,80,15,0.35
reference,reference,reference,80,515,P2,2654,1102,0.4152223059532781,1552,1552,2687.476184569919,76.11405827989056,0.9567788577432628,423.5734824226748,0.4101633393829401,0.41379310344827586,0.17604355716878403,20,0,0,80,15,0.35
reference,reference,reference,80,515,P3-U,2654,1029,0.3877166541070083,1625,1625,2817.441496693595,76.53208667534733,0.9998583259986101,345.44314422478567,0.3333333333333333,0.3323615160349854,0.33430515063168126,20,0,0,80,15,0.35
reference,reference,reference,80,515,P3-D,2654,751,0.2829691032403919,1903,1903,2186.8004404147623,76.11405716131735,0.9999993124047764,314.50010355891294,0.2982689747003995,0.47137150466045274,0.2303595206391478,20,0,0,80,15,0.35
reference,reference,reference,80,516,P0,2650,1104,0.41660377358490563,1546,1546,2603.815292234228,79.92322627183157,2.3000216918950054,811.0713888010644,0,1,0,20,0,0,80,15,0.35
reference,reference,reference,80,516,P1,2650,1068,0.4030188679245283,1582,1582,2684.3006423566617,79.31657632115113,2.0001668351308175,146.42072029320468,0.8099250936329588,0,0.1900749063670412,20,0,0,80,15,0.35
reference,reference,reference,80,516,P2,2650,1101,0.41547169811320755,1549,1549,2615.3191855948053,76.11405996066375,0.9567792280285506,423.4366276429653,0.4114441416893733,0.4141689373297003,0.17438692098092642,20,0,0,80,15,0.35
reference,reference,reference,80,516,P3-U,2650,1027,0.38754716981132076,1623,1623,2731.008246143326,76.53208538913884,0.9999752272786221,345.16941272189814,0.3339824732229795,0.3330087633885102,0.3330087633885102,20,0,0,80,15,0.35
reference,reference,reference,80,516,P3-D,2650,751,0.2833962264150943,1899,1899,2112.7163052659894,76.11405652630785,0.999922498770109,314.50018971920605,0.2996005326231691,0.47137150466045274,0.22902796271637815,20,0,0,80,15,0.35
reference,reference,reference,80,517,P0,2628,1104,0.4200913242009132,1524,1524,2524.346998452064,79.92322604967376,2.3000207880660466,811.0716089239426,0,1,0,20,0,0,80,15,0.35
reference,reference,reference,80,517,P1,2628,1070,0.4071537290715373,1558,1558,2598.703059593131,79.31673247484356,2.0002303684709557,146.6946539334272,0.8018691588785046,0,0.19813084112149532,20,0,0,80,15,0.35
reference,reference,reference,80,517,P2,2628,1101,0.4189497716894977,1527,1527,2539.629355794209,76.11405937613648,0.9567790992533687,423.4363646109452,0.41326067211625794,0.4141689373297003,0.17257039055404177,20,0,0,80,15,0.35
reference,reference,reference,80,517,P3-U,2628,1028,0.3911719939117199,1600,1600,2661.3686495067946,76.53209004395038,0.9998990147239114,345.30634605457715,0.3336575875486381,0.3326848249027237,0.3336575875486381,20,0,0,80,15,0.35
reference,reference,reference,80,517,P3-D,2628,752,0.2861491628614916,1876,1876,2054.7469608799915,76.11292012332098,0.9999675675059104,314.6373628499405,0.29654255319148937,0.47074468085106386,0.2327127659574468,20,0,0,80,15,0.35
reference,reference,reference,80,518,P0,2684,1104,0.4113263785394933,1580,1580,2618.2636984882556,79.92322649398935,2.300022595723964,811.071547014383,0,1,0,20,0,0,80,15,0.35
reference,reference,reference,80,518,P1,2684,1068,0.3979135618479881,1616,1616,2696.3041764200048,79.42372991186332,2.050131453147063,146.4205033999605,0.8071161048689138,0,0.19288389513108614,20,0,0,80,15,0.35
reference,reference,reference,80,518,P2,2684,1098,0.4090909090909091,1586,1586,2645.9574905762693,76.11405874112731,0.9567789593567111,423.0252193437208,0.412568306010929,0.41530054644808745,0.1721311475409836,20,0,0,80,15,0.35
reference,reference,reference,80,518,P3-U,2684,1028,0.3830104321907601,1656,1656,2754.7293933031083,76.7334772286674,0.9998943919442528,345.30614157687944,0.3336575875486381,0.3326848249027237,0.3336575875486381,20,0,0,80,15,0.35
reference,reference,reference,80,518,P3-D,2684,752,0.28017883755588674,1932,1932,2150.036631967944,76.11405309777706,0.9999681688431823,314.6374499344971,0.300531914893617,0.47074468085106386,0.22872340425531915,20,0,0,80,15,0.35
reference,reference,reference,80,519,P0,2586,1099,0.42498066511987626,1487,1487,2392.0003885103724,79.92322716046266,2.300025307210839,807.398359920328,0,1,0,20,0,0,80,15,0.35
reference,reference,reference,80,519,P1,2586,1068,0.41299303944315546,1518,1518,2455.538357828439,79.31657453291575,2.0001605083318683,146.42036458828423,0.7921348314606742,0,0.20786516853932585,20,0,0,80,15,0.35
reference,reference,reference,80,519,P2,2586,1097,0.4242072699149265,1489,1489,2403.884989625091,76.11406053936311,0.9567793555198217,422.8878980691679,0.41020966271649956,0.41567912488605285,0.1741112123974476,20,0,0,80,15,0.35
reference,reference,reference,80,519,P3-U,2586,1028,0.39752513534416084,1558,1558,2514.3841022931224,76.32090691946948,0.9999740502305678,345.306272655629,0.3336575875486381,0.3326848249027237,0.3336575875486381,20,0,0,80,15,0.35
reference,reference,reference,80,519,P3-D,2586,752,0.2907965970610982,1834,1834,1933.4725583292338,76.11405516115266,0.9999888203177412,314.63734183263,0.3045212765957447,0.47074468085106386,0.2247340425531915,20,0,0,80,15,0.35
reference,reference,reference,80,520,P0,2641,1104,0.41802347595607725,1537,1537,2690.473785027957,79.9232273826204,2.3000262110397984,811.0715814085828,0,1,0,20,0,0,80,15,0.35
reference,reference,reference,80,520,P1,2641,1069,0.40477092010602045,1572,1572,2777.957931641936,79.20671137774714,1.9502004094577297,146.55761336961294,0.794200187090739,0,0.205799812909261,20,0,0,80,15,0.35
reference,reference,reference,80,520,P2,2641,1103,0.41764483150321846,1538,1538,2699.2389386722284,76.11405949942713,0.9567791264151023,423.7107110388852,0.4125113327289211,0.4134179510426111,0.17407071622846781,20,0,0,80,15,0.35
reference,reference,reference,80,520,P3-U,2641,1029,0.3896251419916698,1612,1612,2826.5531382922204,76.7334779849161,0.9999639291220147,345.443276484881,0.3333333333333333,0.3323615160349854,0.33430515063168126,20,0,0,80,15,0.35
reference,reference,reference,80,520,P3-D,2641,751,0.284361984096933,1890,1890,2218.027082573584,76.11405886441797,0.9999231375267578,314.5002672554066,0.303595206391478,0.47137150466045274,0.22503328894806923,20,0,0,80,15,0.35
reference,reference,reference,80,521,P0,2703,1104,0.40843507214206437,1599,1599,2606.600600788933,79.92322627183157,2.3000216918950054,811.0716639546621,0,1,0,20,0,0,80,15,0.35
reference,reference,reference,80,521,P1,2703,1068,0.3951165371809101,1635,1635,2680.9526881153333,79.2067917176282,1.9502330799562202,146.4203992912033,0.7893258426966292,0,0.21067415730337077,20,0,0,80,15,0.35
reference,reference,reference,80,521,P2,2703,1102,0.40769515353311137,1601,1601,2621.599022467148,76.11405881393614,0.9567789753969691,423.5733592191,0.4092558983666062,0.41379310344827586,0.17695099818511797,20,0,0,80,15,0.35
reference,reference,reference,80,521,P3-U,2703,1027,0.3799482056973733,1676,1676,2743.328561884526,76.32307262483644,0.9998951384497876,345.16929000826434,0.3339824732229795,0.3330087633885102,0.3330087633885102,20,0,0,80,15,0.35
reference,reference,reference,80,521,P3-D,2703,752,0.2782093969663337,1951,1951,2154.42290491732,76.11405521163454,0.9999679920356969,314.6374171005391,0.2992021276595745,0.47074468085106386,0.2300531914893617,20,0,0,80,15,0.35
reference,reference,reference,80,522,P0,2712,1104,0.40707964601769914,1608,1608,2734.0949399763767,79.92322649398935,2.300022595723964,811.0715814085827,0,1,0,20,0,0,80,15,0.35
reference,reference,reference,80,522,P1,2712,1068,0.3938053097345133,1644,1644,2812.350390234078,79.42373016109956,2.050132356975484,146.42052075142004,0.7902621722846442,0,0.20973782771535582,20,0,0,80,15,0.35
reference,reference,reference,80,522,P2,2712,1102,0.40634218289085544,1610,1610,2749.0107428390884,76.11405779632675,0.9567787512110321,423.57325423961095,0.4101633393829401,0.41379310344827586,0.17604355716878403,20,0,0,80,15,0.35
reference,reference,reference,80,522,P3-U,2712,1028,0.37905604719764013,1684,1684,2865.2446158254843,76.5320922324107,0.9997877973693378,345.3060791034129,0.3336575875486381,0.3326848249027237,0.3336575875486381,20,0,0,80,15,0.35
reference,reference,reference,80,522,P3-D,2712,752,0.27728613569321536,1960,1960,2246.4603971918486,76.11405528444342,0.9999677141432145,314.6373762082901,0.2992021276595745,0.47074468085106386,0.2300531914893617,20,0,0,80,15,0.35
reference,reference,reference,80,523,P0,2661,1103,0.41450582487786547,1558,1558,2640.0797963722075,79.9232269383049,2.300024403381881,810.33689033482,0,1,0,20,0,0,80,15,0.35
reference,reference,reference,80,523,P1,2661,1066,0.4006012777151447,1595,1595,2727.0725899011063,79.20671085373293,1.9501986018008866,146.14635286649386,0.8048780487804879,0,0.1951219512195122,20,0,0,80,15,0.35
reference,reference,reference,80,523,P2,2661,1102,0.4141300263059,1559,1559,2649.7673842434724,76.11405874112731,0.9567789593567112,423.5734076611593,0.411070780399274,0.41379310344827586,0.1751361161524501,20,0,0,80,15,0.35
reference,reference,reference,80,523,P3-U,2661,1027,0.38594513340849307,1634,1634,2766.447351117063,76.733476239112,0.9998947436217663,345.16917666176505,0.3339824732229795,0.3330087633885102,0.3330087633885102,20,0,0,80,15,0.35
reference,reference,reference,80,523,P3-D,2661,751,0.28222472754603534,1910,1910,2150.1433455860843,76.11405874112731,0.9999988044129923,314.5000890746438,0.3009320905459387,0.47137150466045274,0.22769640479360853,20,0,0,80,15,0.35
reference,reference,reference,80,524,P0,2669,1103,0.41326339452978644,1566,1566,2789.71541763072,79.92322649398935,2.3000225957239637,810.33689033482,0,1,0,20,0,0,80,15,0.35
reference,reference,reference,80,524,P1,2669,1067,0.39977519670288497,1602,1602,2865.528491101116,79.20679145562596,1.9502321761277983,146.28341945749742,0.7928772258669166,0,0.20712277413308341,20,0,0,80,15,0.35
reference,reference,reference,80,524,P2,2669,1102,0.41288872236792806,1567,1567,2799.235674075414,76.11405993250892,0.9567792218258574,423.5734740556644,0.40381125226860254,0.41379310344827586,0.1823956442831216,20,0,0,80,15,0.35
reference,reference,reference,80,524,P3-U,2669,1029,0.38553765455226674,1640,1640,2922.8153237358965,76.53209053194442,0.999896690366372,345.44349412325386,0.3333333333333333,0.3323615160349854,0.33430515063168126,20,0,0,80,15,0.35
reference,reference,reference,80,524,P3-D,2669,752,0.2817534657174972,1917,1917,2302.159123148287,76.1129174523922,0.999966698181655,314.6372050359519,0.2992021276595745,0.47074468085106386,0.2300531914893617,20,0,0,80,15,0.35
reference,reference,reference,80,525,P0,2621,1103,0.4208317436093094,1518,1518,2710.1496844453163,79.92322716046266,2.3000253072108396,810.3370072750992,0,1,0,20,0,0,80,15,0.35
reference,reference,reference,80,525,P1,2621,1070,0.4082411293399466,1551,1551,2790.831123700469,79.20671111574003,1.9501995056293084,146.694584527589,0.7925233644859813,0,0.20747663551401868,20,0,0,80,15,0.35
reference,reference,reference,80,525,P2,2621,1101,0.4200686760778329,1520,1520,2720.4521141913337,76.11405866249063,0.9567789420325422,423.4363808200328,0.410535876475931,0.4141689373297003,0.17529518619436876,20,0,0,80,15,0.35
reference,reference,reference,80,525,P3-U,2621,1027,0.39183517741320106,1594,1594,2841.0687385096744,76.53208821313143,0.9998968054292245,345.1689832907707,0.3339824732229795,0.3330087633885102,0.3330087633885102,20,0,0,80,15,0.35
reference,reference,reference,80,525,P3-D,2621,752,0.2869133918351774,1869,1869,2251.7752964097203,76.11405482903415,0.9999682721964731,314.63741702846784,0.30319148936170215,0.47074468085106386,0.22606382978723405,20,0,0,80,15,0.35
reference,reference,reference,80,526,P0,2671,1104,0.4133283414451516,1567,1567,2721.178737040106,79.92322649398936,2.300022595723964,811.0717533795812,0,1,0,20,0,0,80,15,0.35
reference,reference,reference,80,526,P1,2671,1070,0.4005990265818046,1601,1601,2797.617832171169,79.09407649584026,1.9002639427978678,146.69448909456162,0.7869158878504673,0,0.2130841121495327,20,0,0,80,15,0.35
reference,reference,reference,80,526,P2,2671,1102,0.41257955821789594,1569,1569,2737.655227881635,76.11406044422732,0.9567793345607813,423.5730915969654,0.4101633393829401,0.41379310344827586,0.17604355716878403,20,0,0,80,15,0.35
reference,reference,reference,80,526,P3-U,2671,1029,0.3852489704230625,1642,1642,2868.3728367898007,76.32214752151536,0.9998935145760752,345.4433091728018,0.3333333333333333,0.3323615160349854,0.33430515063168126,20,0,0,80,15,0.35
reference,reference,reference,80,526,P3-D,2671,751,0.2811681018345189,1920,1920,2246.56109901385,76.11405635253526,0.9998943548804883,314.500173619269,0.2956058588548602,0.47137150466045274,0.23302263648468707,20,0,0,80,15,0.35
reference,reference,reference,80,527,P0,2693,1102,0.409209060527293,1591,1591,2686.7372220583393,79.92322671614713,2.3000234995529225,809.6022336552574,0,1,0,20,0,0,80,15,0.35
reference,reference,reference,80,527,P1,2693,1066,0.39584106943928704,1627,1627,2753.5884872301926,79.20671111574003,1.9501995056293082,146.14630081211521,0.7908067542213884,0,0.20919324577861162,20,0,0,80,15,0.35
reference,reference,reference,80,527,P2,2693,1099,0.40809506126995915,1594,1594,2692.1705489299525,76.11405893722679,0.9567790025587029,423.1622548255849,0.41310282074613286,0.41492265696087355,0.17197452229299362,20,0,0,80,15,0.35
reference,reference,reference,80,527,P3-U,2693,1027,0.3813590790939473,1666,1666,2813.605811686342,76.5320891663775,0.9996832131570725,345.16903360179117,0.3339824732229795,0.3330087633885102,0.3330087633885102,20,0,0,80,15,0.35
reference,reference,reference,80,527,P3-D,2693,752,0.279242480505013,1941,1941,2227.9341646963744,76.11405798282736,0.9999676502373824,314.63732094092245,0.30186170212765956,0.47074468085106386,0.22739361702127658,20,0,0,80,15,0.35
reference,reference,reference,80,528,P0,2647,1103,0.4166981488477522,1544,1544,2690.347436608713,79.9232273826204,2.300026211039799,810.3370485481389,0,1,0,20,0,0,80,15,0.35
reference,reference,reference,80,528,P1,2647,1071,0.40460899131091804,1576,1576,2762.8174029232537,79.20671137774714,1.950200409457729,146.83162509140334,0.7936507936507936,0,0.20634920634920634,20,0,0,80,15,0.35
reference,reference,reference,80,528,P2,2647,1102,0.4163203626747261,1545,1545,2699.6796290033326,76.11405876345431,0.9567789642754935,423.57315849786414,0.41197822141560797,0.41379310344827586,0.17422867513611615,20,0,0,80,15,0.35
reference,reference,reference,80,528,P3-U,2647,1027,0.38798639969777104,1620,1620,2823.837430361931,76.53208722183754,0.99985639224226,345.16884703756546,0.3339824732229795,0.3330087633885102,0.3330087633885102,20,0,0,80,15,0.35
reference,reference,reference,80,528,P3-D,2647,751,0.2837174159425765,1896,1896,2242.330073272536,76.11291727857403,0.9999990679204631,314.5001118723917,0.2982689747003995,0.47137150466045274,0.2303595206391478,20,0,0,80,15,0.35
reference,reference,reference,80,529,P0,2705,1104,0.4081330868761553,1601,1601,2620.47653660094,79.92322627183157,2.3000216918950054,811.0715814085827,0,1,0,20,0,0,80,15,0.35
reference,reference,reference,80,529,P1,2705,1068,0.39482439926062846,1637,1637,2705.81873693551,79.73018680726452,2.2000280186810635,146.42052942714975,0.7968164794007491,0,0.20318352059925093,20,0,0,80,15,0.35
reference,reference,reference,80,529,P2,2705,1101,0.4070240295748614,1604,1604,2633.9703310968766,76.11405927517283,0.9567790770104174,423.4363023205951,0.410535876475931,0.4141689373297003,0.17529518619436876,20,0,0,80,15,0.35
reference,reference,reference,80,529,P3-U,2705,1028,0.3800369685767098,1677,1677,2762.240083452216,76.3221479842726,0.9998958865854174,345.30647297753467,0.3336575875486381,0.3326848249027237,0.3336575875486381,20,0,0,80,15,0.35
reference,reference,reference,80,529,P3-D,2705,752,0.27800369685767096,1953,1953,2142.034372591515,76.11405419402429,0.9999684016162625,314.63746220400657,0.300531914893617,0.47074468085106386,0.22872340425531915,20,0,0,80,15,0.35
reference,reference,reference,80,530,P0,2691,1103,0.409884801189149,1588,1588,2557.068108024061,79.92322582751596,2.300019884237088,810.3367114849816,0,1,0,20,0,0,80,15,0.35
reference,reference,reference,80,530,P1,2691,1064,0.39539204756596064,1627,1627,2639.453160321637,79.31657606568898,2.0001659313023956,145.8723671718927,0.818609022556391,0,0.18139097744360902,20,0,0,80,15,0.35
reference,reference,reference,80,530,P2,2691,1102,0.40951319212188775,1589,1589,2566.783957466092,76.11405728460805,0.9567786384761082,423.5732045810213,0.4128856624319419,0.41379310344827586,0.1733212341197822,20,0,0,80,15,0.35
reference,reference,reference,80,530,P3-U,2691,1029,0.38238573021181715,1662,1662,2702.6863937889084,76.3209082085734,0.999896284647437,345.4432561385409,0.3333333333333333,0.3323615160349854,0.33430515063168126,20,0,0,80,15,0.35
reference,reference,reference,80,530,P3-D,2691,752,0.2794500185804534,1939,1939,2102.2457451670575,76.11405078781871,0.9999676829481549,314.63735039920925,0.30319148936170215,0.47074468085106386,0.22606382978723405,20,0,0,80,15,0.35
budget_10,budget,10 missions,45,501,P0,1547,1092,0.7058823529411765,455,455,1119.6746476384355,79.92322604967377,4.600041576132092,802.2555499193496,0,1,0,10,0,0,80,15,0.35
budget_10,budget,10 missions,45,501,P1,1547,1062,0.6864899806076277,485,485,1199.3531207973365,79.42372966262707,4.100261098637284,145.5979823937223,0.7862523540489642,0,0.2137476459510358,10,0,0,80,15,0.35
budget_10,budget,10 missions,45,501,P2,1547,648,0.4188752424046542,899,899,2602.9345646212596,72.88147337901927,0.9090401714484136,217.91523542526244,0.3333333333333333,0.3333333333333333,0.3333333333333333,10,0,0,80,15,0.35
budget_10,budget,10 missions,45,501,P3-U,1547,966,0.6244343891402715,581,581,1716.0935322171702,76.73516378458227,0.9999195929559015,326.64724760659783,0.34265010351966874,0.3364389233954451,0.32091097308488614,10,0,0,80,15,0.35
budget_10,budget,10 missions,45,501,P3-D,1547,850,0.5494505494505495,697,697,1559.98391816671,74.80032198831537,0.9999552247944657,307.7559476569671,0.31882352941176473,0.3764705882352941,0.30470588235294116,10,0,0,80,15,0.35
budget_10,budget,10 missions,45,502,P0,1485,1088,0.7326599326599327,397,397,960.1162571760914,79.92322582751595,4.600039768474176,799.3168062608191,0,1,0,10,0,0,80,15,0.35
budget_10,budget,10 missions,45,502,P1,1485,1060,0.7138047138047138,425,425,1039.0841461137486,79.31657734299958,4.000340900889006,145.32385788744494,0.8169811320754717,0,0.1830188679245283,10,0,0,80,15,0.35
budget_10,budget,10 missions,45,502,P2,1485,648,0.43636363636363634,837,837,2488.948896594235,72.8814731664876,0.9090401269625111,217.91520476898495,0.3333333333333333,0.3333333333333333,0.3333333333333333,10,0,0,80,15,0.35
budget_10,budget,10 missions,45,502,P3-U,1485,966,0.6505050505050505,519,519,1553.7242126270696,76.92741053142709,0.9999203281708371,326.6473105143866,0.34265010351966874,0.3364389233954451,0.32091097308488614,10,0,0,80,15,0.35
budget_10,budget,10 missions,45,502,P3-D,1485,850,0.5723905723905723,635,635,1418.6306582822801,74.80032130372558,0.9999540123598583,307.7558295743161,0.3211764705882353,0.3764705882352941,0.3023529411764706,10,0,0,80,15,0.35
budget_10,budget,10 missions,45,503,P0,1516,1097,0.7236147757255936,419,419,1070.7535533209925,79.92322671614713,4.600046999105845,805.9291084707619,0,1,0,10,0,0,80,15,0.35
budget_10,budget,10 missions,45,503,P1,1516,1067,0.7038258575197889,449,449,1158.9192538044313,79.52837857017381,4.200262906294125,146.28318521279368,0.8134957825679475,0,0.18650421743205248,10,0,0,80,15,0.35
budget_10,budget,10 missions,45,503,P2,1516,648,0.42744063324538256,868,868,2585.268058284679,72.88146968767252,0.9090393987973219,217.91493128288488,0.3333333333333333,0.3333333333333333,0.3333333333333333,10,0,0,80,15,0.35
budget_10,budget,10 missions,45,503,P3-U,1516,964,0.6358839050131926,552,552,1698.4796162655475,76.73502165938127,0.9999650971065548,326.3736188355348,0.3433609958506224,0.33713692946058094,0.31950207468879666,10,0,0,80,15,0.35
budget_10,budget,10 missions,45,503,P3-D,1516,850,0.5606860158311345,666,666,1553.9099185221637,74.80032449006717,0.9999563098081359,307.75622530094654,0.32823529411764707,0.3764705882352941,0.2952941176470588,10,0,0,80,15,0.35
budget_10,budget,10 missions,45,504,P0,1522,1096,0.7201051248357424,426,426,1057.750479511096,79.92322604967376,4.600041576132092,805.1941972741209,0,1,0,10,0,0,80,15,0.35
budget_10,budget,10 missions,45,504,P1,1522,1065,0.6997371879106439,457,457,1151.0884008367207,79.20671111574005,3.9003990112586164,146.00925157257117,0.8131455399061033,0,0.18685446009389672,10,0,0,80,15,0.35
budget_10,budget,10 missions,45,504,P2,1522,648,0.42575558475689884,874,874,2548.904364627974,72.88146974693939,0.9090394112027084,217.9148820050858,0.3333333333333333,0.3333333333333333,0.3333333333333333,10,0,0,80,15,0.35
budget_10,budget,10 missions,45,504,P3-U,1522,966,0.6346911957950065,556,556,1675.897297765265,76.53400462984646,0.9999650597067103,326.6475524015987,0.34265010351966874,0.3364389233954451,0.32091097308488614,10,0,0,80,15,0.35
budget_10,budget,10 missions,45,504,P3-D,1522,850,0.5584756898817346,672,672,1516.184437454386,74.8003251825429,0.9999559263802734,307.7562361358171,0.32588235294117646,0.3764705882352941,0.29764705882352943,10,0,0,80,15,0.35
budget_10,budget,10 missions,45,505,P0,1562,1094,0.7003841229193342,468,468,1156.3208221889506,79.92322649398935,4.6000451914479275,803.7251453109131,0,1,0,10,0,0,80,15,0.35
budget_10,budget,10 missions,45,505,P1,1562,1063,0.6805377720870679,499,499,1256.808489098638,79.52837784026667,4.200257483323598,145.73478871283294,0.7968015051740357,0,0.20319849482596425,10,0,0,80,15,0.35
budget_10,budget,10 missions,45,505,P2,1562,648,0.4148527528809219,914,914,2617.846299291596,72.88147188903993,0.9090398595745823,217.91495496971154,0.3333333333333333,0.3333333333333333,0.3333333333333333,10,0,0,80,15,0.35
budget_10,budget,10 missions,45,505,P3-U,1562,966,0.618437900128041,596,596,1757.4024512023268,76.92740795728228,0.9998046598995733,326.64723889587606,0.34265010351966874,0.3364389233954451,0.32091097308488614,10,0,0,80,15,0.35
budget_10,budget,10 missions,45,505,P3-D,1562,850,0.5441741357234315,712,712,1592.130241610129,74.8003228778466,0.9999547821511248,307.7559624684952,0.32588235294117646,0.3764705882352941,0.29764705882352943,10,0,0,80,15,0.35
budget_10,budget,10 missions,45,506,P0,1521,1096,0.7205785667324129,425,425,1069.7743432604575,79.92322671614713,4.600046999105845,805.1942729413603,0,1,0,10,0,0,80,15,0.35
budget_10,budget,10 missions,45,506,P1,1521,1064,0.6995397764628534,457,457,1175.1602292005894,79.42372966262707,4.100261098637285,145.87208954854017,0.7885338345864662,0,0.21146616541353383,10,0,0,80,15,0.35
budget_10,budget,10 missions,45,506,P2,1521,648,0.4260355029585799,873,873,2553.5931560828053,72.88147076485684,0.9090396242671698,217.91489569069444,0.3333333333333333,0.3333333333333333,0.3333333333333333,10,0,0,80,15,0.35
budget_10,budget,10 missions,45,506,P3-U,1521,965,0.6344510190664037,556,556,1687.3188783304113,76.92741292729346,0.9999197182441381,326.5104785509646,0.34300518134715025,0.33678756476683935,0.32020725388601035,10,0,0,80,15,0.35
budget_10,budget,10 missions,45,506,P3-D,1521,850,0.5588428665351742,671,671,1532.7303003873687,74.80032222347064,0.9999541462091419,307.7558990707652,0.32823529411764707,0.3764705882352941,0.2952941176470588,10,0,0,80,15,0.35
budget_10,budget,10 missions,45,507,P0,1491,1068,0.716297786720322,423,423,930.4500397906297,79.92322627183157,4.600043383790011,784.6236520330423,0,1,0,10,0,0,80,15,0.35
budget_10,budget,10 missions,45,507,P1,1491,1046,0.7015425888665325,445,445,975.6811783760113,79.31665388778404,4.000393588288089,143.40427493366238,0.7925430210325047,0,0.2074569789674952,10,0,0,80,15,0.35
budget_10,budget,10 missions,45,507,P2,1491,648,0.4346076458752515,843,843,2291.5505241635724,72.88147578064859,0.909040674143755,217.91519166582296,0.3333333333333333,0.3333333333333333,0.3333333333333333,10,0,0,80,15,0.35
budget_10,budget,10 missions,45,507,P3-U,1491,966,0.647887323943662,525,525,1363.0841749093543,76.92727568800268,0.9999895024885175,326.64722235952945,0.34265010351966874,0.3364389233954451,0.32091097308488614,10,0,0,80,15,0.35
budget_10,budget,10 missions,45,507,P3-D,1491,850,0.5700871898054997,641,641,1217.7398559793223,74.80032445985348,0.9999554771718889,307.75609472859054,0.3247058823529412,0.3764705882352941,0.2988235294117647,10,0,0,80,15,0.35
budget_10,budget,10 missions,45,508,P0,1526,1097,0.718872870249017,429,429,1037.06705188035,79.92322649398935,4.600045191447928,805.928970893963,0,1,0,10,0,0,80,15,0.35
budget_10,budget,10 missions,45,508,P1,1526,1062,0.6959370904325033,464,464,1161.5401545508353,79.52830323451926,4.200192142326616,145.5978522577758,0.7947269303201506,0,0.20527306967984935,10,0,0,80,15,0.35
budget_10,budget,10 missions,45,508,P2,1526,648,0.42463958060288337,878,878,2555.8536524227843,72.88147337901927,0.9090401714484136,217.91504860584917,0.3333333333333333,0.3333333333333333,0.3333333333333333,10,0,0,80,15,0.35
budget_10,budget,10 missions,45,508,P3-U,1526,964,0.6317169069462647,562,562,1667.931921492661,76.92741247733463,0.9999861235334013,326.37289181341805,0.3433609958506224,0.33713692946058094,0.31950207468879666,10,0,0,80,15,0.35
budget_10,budget,10 missions,45,508,P3-D,1526,850,0.5570117955439057,676,676,1527.132106861442,74.80032212494308,0.9999542754041072,307.7559361140469,0.32588235294117646,0.3764705882352941,0.29764705882352943,10,0,0,80,15,0.35
budget_10,budget,10 missions,45,509,P0,1549,1079,0.6965784377017431,470,470,1024.5505069490932,79.92322671614713,4.600046999105845,792.7050474792322,0,1,0,10,0,0,80,15,0.35
budget_10,budget,10 missions,45,509,P1,1549,1055,0.6810845706907682,494,494,1076.392447139444,79.31665439869917,4.000397203601773,144.63809114593874,0.7962085308056872,0,0.2037914691943128,10,0,0,80,15,0.35
budget_10,budget,10 missions,45,509,P2,1549,648,0.4183344092963202,901,901,2389.6429454214867,72.88146819769192,0.9090390869234907,217.91504032944965,0.3333333333333333,0.3333333333333333,0.3333333333333333,10,0,0,80,15,0.35
budget_10,budget,10 missions,45,509,P3-U,1549,967,0.6242737249838606,582,582,1507.5724151768002,76.73502074827195,0.9999625320425924,326.7842949957204,0.3422957600827301,0.3360910031023785,0.3216132368148914,10,0,0,80,15,0.35
budget_10,budget,10 missions,45,509,P3-D,1549,850,0.5487411233053583,699,699,1347.0979179427154,74.80032847529552,0.9999544721564269,307.75590923466547,0.32235294117647056,0.3764705882352941,0.30117647058823527,10,0,0,80,15,0.35
budget_10,budget,10 missions,45,510,P0,1539,1080,0.7017543859649122,459,459,1000.9821949079724,79.92322604967376,4.600041576132092,793.4394496417173,0,1,0,10,0,0,80,15,0.35
budget_10,budget,10 missions,45,510,P1,1539,1053,0.6842105263157895,486,486,1064.2554830418296,79.42372966262707,4.100261098637283,144.3641922086353,0.8176638176638177,0,0.18233618233618235,10,0,0,80,15,0.35
budget_10,budget,10 missions,45,510,P2,1539,648,0.42105263157894735,891,891,2421.536201069079,72.88147194830677,0.9090398719799688,217.91507421516857,0.3333333333333333,0.3333333333333333,0.3333333333333333,10,0,0,80,15,0.35
budget_10,budget,10 missions,45,510,P3-U,1539,965,0.6270305393112411,574,574,1513.9363625901074,76.9274129613858,0.9999215062344458,326.5105224935204,0.34300518134715025,0.33678756476683935,0.32020725388601035,10,0,0,80,15,0.35
budget_10,budget,10 missions,45,510,P3-D,1539,850,0.5523066926575698,689,689,1365.2025572997545,74.80032525085672,0.999955427726778,307.7561098117587,0.3247058823529412,0.3764705882352941,0.2988235294117647,10,0,0,80,15,0.35
budget_10,budget,10 missions,45,511,P0,1565,1100,0.7028753993610224,465,465,1167.845414976473,79.92322627183157,4.60004338379001,808.1329615691712,0,1,0,10,0,0,80,15,0.35
budget_10,budget,10 missions,45,511,P1,1565,1064,0.6798722044728435,501,501,1284.6825450737917,79.31657606568898,4.000331862604792,145.87205484562108,0.8139097744360902,0,0.18609022556390978,10,0,0,80,15,0.35
budget_10,budget,10 missions,45,511,P2,1565,648,0.41405750798722046,917,917,2685.608314686969,72.8814719953058,0.9090398818175337,217.91501390293007,0.3333333333333333,0.3333333333333333,0.3333333333333333,10,0,0,80,15,0.35
budget_10,budget,10 missions,45,511,P3-U,1565,965,0.6166134185303515,600,600,1806.209623695286,76.92727746230378,0.9999628939713607,326.51037740000874,0.34300518134715025,0.33678756476683935,0.32020725388601035,10,0,0,80,15,0.35
budget_10,budget,10 missions,45,511,P3-D,1565,850,0.5431309904153354,715,715,1648.0661198229586,74.80032373716395,0.9999552932055059,307.75609153414115,0.32588235294117646,0.3764705882352941,0.29764705882352943,10,0,0,80,15,0.35
budget_10,budget,10 missions,45,512,P0,1528,1093,0.7153141361256544,435,435,1069.4496467080182,79.92322649398935,4.6000451914479275,802.9901515681931,0,1,0,10,0,0,80,15,0.35
budget_10,budget,10 missions,45,512,P1,1528,1059,0.6930628272251309,469,469,1188.0592714383467,79.52830299121267,4.2001903346697755,145.18678262071163,0.8234183191690274,0,0.17658168083097261,10,0,0,80,15,0.35
budget_10,budget,10 missions,45,512,P2,1528,648,0.42408376963350786,880,880,2552.154443617825,72.8814716765082,0.9090398150886801,217.9150337407894,0.3333333333333333,0.3333333333333333,0.3333333333333333,10,0,0,80,15,0.35
budget_10,budget,10 missions,45,512,P3-U,1528,965,0.631544502617801,563,563,1675.1024837507625,76.7351601943564,0.9999206543763469,326.5105632416269,0.34300518134715025,0.33678756476683935,0.32020725388601035,10,0,0,80,15,0.35
budget_10,budget,10 missions,45,512,P3-D,1528,850,0.556282722513089,678,678,1522.6267141720664,74.80032211705664,0.9999562864978886,307.7561753150977,0.3247058823529412,0.3764705882352941,0.2988235294117647,10,0,0,80,15,0.35
budget_10,budget,10 missions,45,513,P0,1472,1065,0.7235054347826086,407,407,1027.25676063006,79.92322627183157,4.600043383790011,782.4195925694345,0,1,0,10,0,0,80,15,0.35
budget_10,budget,10 missions,45,513,P1,1472,1038,0.7051630434782609,434,434,1078.2234914385717,79.42380633582145,4.100328247291107,142.30756001530867,0.7861271676300579,0,0.2138728323699422,10,0,0,80,15,0.35
budget_10,budget,10 missions,45,513,P2,1472,648,0.44021739130434784,824,824,2288.2342043162753,72.88147065859094,0.9090396020242185,217.91485635868713,0.3333333333333333,0.3333333333333333,0.3333333333333333,10,0,0,80,15,0.35
budget_10,budget,10 missions,45,513,P3-U,1472,966,0.65625,506,506,1416.0109463988838,77.1115141289192,0.9999853905788354,326.6470075533548,0.34265010351966874,0.3364389233954451,0.32091097308488614,10,0,0,80,15,0.35
budget_10,budget,10 missions,45,513,P3-D,1472,850,0.5774456521739131,622,622,1255.0110164566802,74.8003221249431,0.999953989012459,307.7557708573115,0.32235294117647056,0.3764705882352941,0.30117647058823527,10,0,0,80,15,0.35
budget_10,budget,10 missions,45,514,P0,1510,1085,0.7185430463576159,425,425,1014.7722176125548,79.92322671614713,4.600046999105845,797.1129737989297,0,1,0,10,0,0,80,15,0.35
budget_10,budget,10 missions,45,514,P1,1510,1053,0.6973509933774834,457,457,1106.0003205534229,79.52830445105201,4.200201180610829,144.3640100183102,0.8157644824311491,0,0.1842355175688509,10,0,0,80,15,0.35
budget_10,budget,10 missions,45,514,P2,1510,648,0.4291390728476821,862,862,2474.6408838373836,72.88147065859094,0.9090396020242185,217.91508614096657,0.3333333333333333,0.3333333333333333,0.3333333333333333,10,0,0,80,15,0.35
budget_10,budget,10 missions,45,514,P3-U,1510,966,0.6397350993377483,544,544,1567.0947487103772,76.73516348418998,0.9998098664565285,326.6474619784502,0.34265010351966874,0.3364389233954451,0.32091097308488614,10,0,0,80,15,0.35
budget_10,budget,10 missions,45,514,P3-D,1510,850,0.5629139072847682,660,660,1419.6277111994098,74.80032445985348,0.9999555855985061,307.7561367817511,0.32588235294117646,0.3764705882352941,0.29764705882352943,10,0,0,80,15,0.35
budget_10,budget,10 missions,45,515,P0,1546,1095,0.7082794307891332,451,451,1094.893728183131,79.92322671614714,4.600046999105845,804.4595268368782,0,1,0,10,0,0,80,15,0.35
budget_10,budget,10 missions,45,515,P1,1546,1061,0.6862871927554981,485,485,1200.1505282416706,79.52837686705695,4.200250252696227,145.4608637483402,0.8162111215834119,0,0.18378887841658811,10,0,0,80,15,0.35
budget_10,budget,10 missions,45,515,P2,1546,648,0.4191461836998706,898,898,2537.0297800947465,72.88147450320169,0.9090404067558263,217.91505829834784,0.3333333333333333,0.3333333333333333,0.3333333333333333,10,0,0,80,15,0.35
budget_10,budget,10 missions,45,515,P3-U,1546,966,0.6248382923673997,580,580,1697.9661252757255,76.7350201831853,0.9999617817358633,326.64726708220616,0.34265010351966874,0.3364389233954451,0.32091097308488614,10,0,0,80,15,0.35
budget_10,budget,10 missions,45,515,P3-D,1546,850,0.5498059508408797,696,696,1532.3619196560624,74.80032544791169,0.9999547121577723,307.7559839055701,0.32588235294117646,0.3764705882352941,0.29764705882352943,10,0,0,80,15,0.35
budget_10,budget,10 missions,45,516,P0,1558,1081,0.6938382541720154,477,477,1147.4661504178378,79.92322582751596,4.600039768474176,794.1741475943197,0,1,0,10,0,0,80,15,0.35
budget_10,budget,10 missions,45,516,P1,1558,1056,0.6777920410783055,502,502,1183.0503372815924,79.0940767647314,3.8005296932525785,144.77547873894366,0.803030303030303,0,0.19696969696969696,10,0,0,80,15,0.35
budget_10,budget,10 missions,45,516,P2,1558,648,0.4159178433889602,910,910,2487.3719376714603,72.88147039906009,0.9090395477007515,217.9147933067557,0.3333333333333333,0.3333333333333333,0.3333333333333333,10,0,0,80,15,0.35
budget_10,budget,10 missions,45,516,P3-U,1558,966,0.62002567394095,592,592,1660.6060586478156,76.73501764294804,0.9999636528087247,326.647265213245,0.34265010351966874,0.3364389233954451,0.32091097308488614,10,0,0,80,15,0.35
budget_10,budget,10 missions,45,516,P3-D,1558,850,0.5455712451861361,708,708,1484.9888476100816,74.80032429301217,0.9999570260937343,307.7563305520756,0.32823529411764707,0.3764705882352941,0.2952941176470588,10,0,0,80,15,0.35
budget_10,budget,10 missions,45,517,P0,1579,1055,0.6681443951868271,524,524,1195.066850630726,79.92322627183157,4.600043383790011,775.0728606816474,0,1,0,10,0,0,80,15,0.35
budget_10,budget,10 missions,45,517,P1,1579,1028,0.6510449651678277,551,551,1259.0278291300451,79.31657555476464,4.000328247291107,140.93666853629898,0.8025291828793775,0,0.19747081712062256,10,0,0,80,15,0.35
budget_10,budget,10 missions,45,517,P2,1579,648,0.4103863204559848,931,931,2312.99307647106,72.88147193603898,0.9090398694121472,217.91505181883815,0.3333333333333333,0.3333333333333333,0.3333333333333333,10,0,0,80,15,0.35
budget_10,budget,10 missions,45,517,P3-U,1579,966,0.6117796073464218,613,613,1502.112948817703,76.92741208007254,0.9999900664705669,326.64728436159436,0.34265010351966874,0.3364389233954451,0.32091097308488614,10,0,0,80,15,0.35
budget_10,budget,10 missions,45,517,P3-D,1579,850,0.5383153894870171,729,729,1329.8094267030149,74.80032689329008,0.9999556536625932,307.75606058957834,0.3270588235294118,0.3764705882352941,0.2964705882352941,10,0,0,80,15,0.35
budget_10,budget,10 missions,45,518,P0,1445,1038,0.7183391003460208,407,407,1072.661153161595,79.92322649398935,4.6000451914479275,762.5836214618395,0,1,0,10,0,0,80,15,0.35
budget_10,budget,10 missions,45,518,P1,1445,1014,0.7017301038062284,431,431,1114.9609317087095,79.20671137774714,3.90040081891546,139.0172157184629,0.7948717948717948,0,0.20512820512820512,10,0,0,80,15,0.35
budget_10,budget,10 missions,45,518,P2,1445,648,0.44844290657439445,797,797,2177.5655820373795,72.88146830395787,0.9090391091664419,217.9149896726306,0.3333333333333333,0.3333333333333333,0.3333333333333333,10,0,0,80,15,0.35
budget_10,budget,10 missions,45,518,P3-U,1445,966,0.6685121107266436,479,479,1291.798032849007,76.73515941668795,0.9999207705942933,326.64745947351076,0.34265010351966874,0.3364389233954451,0.32091097308488614,10,0,0,80,15,0.35
budget_10,budget,10 missions,45,518,P3-D,1445,850,0.5882352941176471,595,595,1146.558068148558,74.80032239031205,0.9999533155904897,307.755769570797,0.3211764705882353,0.3764705882352941,0.3023529411764706,10,0,0,80,15,0.35
budget_10,budget,10 missions,45,519,P0,1456,1073,0.7369505494505495,383,383,899.9279586100387,79.92322627183157,4.60004338379001,788.2970592499756,0,1,0,10,0,0,80,15,0.35
budget_10,budget,10 missions,45,519,P1,1456,1052,0.7225274725274725,404,404,937.2843259774382,79.31665363232645,4.000391780631246,144.2267612369815,0.7918250950570342,0,0.20817490494296578,10,0,0,80,15,0.35
budget_10,budget,10 missions,45,519,P2,1456,648,0.44505494505494503,808,808,2288.4745895064475,72.88146968767252,0.9090393987973219,217.91480129297554,0.3333333333333333,0.3333333333333333,0.3333333333333333,10,0,0,80,15,0.35
budget_10,budget,10 missions,45,519,P3-U,1456,966,0.6634615384615384,490,490,1371.6288522331456,76.73516175712898,0.9999218239259839,326.64745916479137,0.34265010351966874,0.3364389233954451,0.32091097308488614,10,0,0,80,15,0.35
budget_10,budget,10 missions,45,519,P3-D,1456,850,0.5837912087912088,606,606,1227.1410653794687,74.80032376737763,0.9999543654373803,307.7558340573673,0.32235294117647056,0.3764705882352941,0.30117647058823527,10,0,0,80,15,0.35
budget_10,budget,10 missions,45,520,P0,1533,1094,0.7136333985649054,439,439,1052.4184659650923,79.92322649398935,4.600045191447928,803.725049007154,0,1,0,10,0,0,80,15,0.35
budget_10,budget,10 missions,45,520,P1,1533,1061,0.6921069797782127,472,472,1169.0323527763624,79.20679119362369,3.9004625445987537,145.46062950363643,0.7907634307257304,0,0.20923656927426956,10,0,0,80,15,0.35
budget_10,budget,10 missions,45,520,P2,1533,648,0.4227005870841487,885,885,2554.2236890475333,72.88147076485684,0.9090396242671698,217.91513069906657,0.3333333333333333,0.3333333333333333,0.3333333333333333,10,0,0,80,15,0.35
budget_10,budget,10 missions,45,520,P3-U,1533,966,0.6301369863013698,567,567,1657.5975295716216,76.92727758954719,0.9999906923026762,326.647312183779,0.34265010351966874,0.3364389233954451,0.32091097308488614,10,0,0,80,15,0.35
budget_10,budget,10 missions,45,520,P3-D,1533,850,0.5544683626875407,683,683,1506.0065953343214,74.80032373716395,0.9999563653405049,307.7562465734446,0.3247058823529412,0.3764705882352941,0.2988235294117647,10,0,0,80,15,0.35
budget_10,budget,10 missions,45,521,P0,1532,1067,0.6964751958224543,465,465,1092.6792152091589,79.92322604967377,4.600041576132092,783.8887958671211,0,1,0,10,0,0,80,15,0.35
budget_10,budget,10 missions,45,521,P1,1532,1042,0.6801566579634465,490,490,1145.4595812766054,79.42372941339082,4.10025929098044,142.85612135413507,0.8224568138195777,0,0.17754318618042225,10,0,0,80,15,0.35
budget_10,budget,10 missions,45,521,P2,1532,648,0.42297650130548303,884,884,2344.2059745140323,72.88147460946749,0.9090404289987776,217.91539990187704,0.3333333333333333,0.3333333333333333,0.3333333333333333,10,0,0,80,15,0.35
budget_10,budget,10 missions,45,521,P3-U,1532,967,0.631201044386423,565,565,1495.4800211422746,76.7350270108827,0.9999648151678443,326.7844663140957,0.3422957600827301,0.3360910031023785,0.3216132368148914,10,0,0,80,15,0.35
budget_10,budget,10 missions,45,521,P3-D,1532,850,0.5548302872062664,682,682,1328.4022517530666,74.80033111367098,0.9999559486446516,307.75616328223646,0.32588235294117646,0.3764705882352941,0.29764705882352943,10,0,0,80,15,0.35
budget_10,budget,10 missions,45,522,P0,1510,1086,0.7192052980132451,424,424,1042.8738928530227,79.92322582751596,4.600039768474176,797.8475823266128,0,1,0,10,0,0,80,15,0.35
budget_10,budget,10 missions,45,522,P1,1510,1053,0.6973509933774834,457,457,1147.1557301981807,79.31673247484356,4.000460736941911,144.36401001831015,0.8005698005698005,0,0.19943019943019943,10,0,0,80,15,0.35
budget_10,budget,10 missions,45,522,P2,1510,648,0.4291390728476821,862,862,2472.356398061561,72.88147418440427,0.9090403400269729,217.9151534411955,0.3333333333333333,0.3333333333333333,0.3333333333333333,10,0,0,80,15,0.35
budget_10,budget,10 missions,45,522,P3-U,1510,964,0.6384105960264901,546,546,1590.9783650370048,77.11151688930438,0.9999209883866488,326.3733201927846,0.3433609958506224,0.33713692946058094,0.31950207468879666,10,0,0,80,15,0.35
budget_10,budget,10 missions,45,522,P3-D,1510,850,0.5629139072847682,660,660,1445.6490036374835,74.80032380547777,0.9999543311386695,307.7558246550483,0.32823529411764707,0.3764705882352941,0.2952941176470588,10,0,0,80,15,0.35
budget_10,budget,10 missions,45,523,P0,1559,1087,0.6972418216805645,472,472,1143.6786327512443,79.92322582751596,4.600039768474176,798.5822527638554,0,1,0,10,0,0,80,15,0.35
budget_10,budget,10 missions,45,523,P1,1559,1060,0.6799230275817832,499,499,1214.6017455478316,79.31657504384022,4.000324631977423,145.32371907576865,0.8075471698113208,0,0.19245283018867926,10,0,0,80,15,0.35
budget_10,budget,10 missions,45,523,P2,1559,648,0.4156510583707505,911,911,2482.966857481331,72.88147193603898,0.9090398694121472,217.91508824657575,0.3333333333333333,0.3333333333333333,0.3333333333333333,10,0,0,80,15,0.35
budget_10,budget,10 missions,45,523,P3-U,1559,966,0.6196279666452854,593,593,1683.4403820855164,76.73516266517589,0.9999181319656233,326.6471590524103,0.34265010351966874,0.3364389233954451,0.32091097308488614,10,0,0,80,15,0.35
budget_10,budget,10 missions,45,523,P3-D,1559,850,0.5452212957023733,709,709,1499.7626922762504,74.80032655960761,0.9999550761092946,307.7560300053722,0.3235294117647059,0.3764705882352941,0.3,10,0,0,80,15,0.35
budget_10,budget,10 missions,45,524,P0,1531,1086,0.7093403004572175,445,445,1019.1879518996717,79.92322649398935,4.600045191447928,797.8477130245717,0,1,0,10,0,0,80,15,0.35
budget_10,budget,10 missions,45,524,P1,1531,1060,0.6923579359895493,471,471,1108.3647001397344,79.42380658505331,4.100330054947949,145.3235629126328,0.7943396226415095,0,0.20566037735849058,10,0,0,80,15,0.35
budget_10,budget,10 missions,45,524,P2,1531,648,0.4232527759634226,883,883,2439.3954245205755,72.88147173577502,0.9090398274940663,217.9149918688507,0.3333333333333333,0.3333333333333333,0.3333333333333333,10,0,0,80,15,0.35
budget_10,budget,10 missions,45,524,P3-U,1531,965,0.6303069888961463,566,566,1556.8566391298807,76.73516116675964,0.9999199232245258,326.51035382422725,0.34300518134715025,0.33678756476683935,0.32020725388601035,10,0,0,80,15,0.35
budget_10,budget,10 missions,45,524,P3-D,1531,850,0.5551926845199217,681,681,1407.288762947429,74.80032360053629,0.9999544178212058,307.7559426120963,0.3211764705882353,0.3764705882352941,0.3023529411764706,10,0,0,80,15,0.35
budget_10,budget,10 missions,45,525,P0,1514,1075,0.7100396301188904,439,439,1075.7425557867548,79.92322627183157,4.60004338379001,789.7662763053422,0,1,0,10,0,0,80,15,0.35
budget_10,budget,10 missions,45,525,P1,1514,1050,0.6935270805812418,464,464,1116.7960340564475,79.31657632115113,4.000333670261635,143.952714812272,0.8104761904761905,0,0.1895238095238095,10,0,0,80,15,0.35
budget_10,budget,10 missions,45,525,P2,1514,648,0.42800528401585203,866,866,2433.4397038428724,72.88147578064859,0.909040674143755,217.91508134730162,0.3333333333333333,0.3333333333333333,0.3333333333333333,10,0,0,80,15,0.35
budget_10,budget,10 missions,45,525,P3-U,1514,965,0.6373844121532365,549,549,1565.0445768980553,76.73516077734814,0.9999202040822359,326.51042515255807,0.34300518134715025,0.33678756476683935,0.32020725388601035,10,0,0,80,15,0.35
budget_10,budget,10 missions,45,525,P3-D,1514,850,0.5614266842800528,664,664,1400.4313090604157,74.80032366885011,0.9999539459893764,307.75587306211554,0.32588235294117646,0.3764705882352941,0.29764705882352943,10,0,0,80,15,0.35
budget_10,budget,10 missions,45,526,P0,1484,1072,0.7223719676549866,412,412,1030.0503248223054,79.92322649398935,4.6000451914479275,787.562368176213,0,1,0,10,0,0,80,15,0.35
budget_10,budget,10 missions,45,526,P1,1484,1052,0.7088948787061995,432,432,1072.0246015074313,79.20663051235594,3.900331862604791,144.2268393185494,0.779467680608365,0,0.22053231939163498,10,0,0,80,15,0.35
budget_10,budget,10 missions,45,526,P2,1484,648,0.4366576819407008,836,836,2362.9335364173207,72.88147306022177,0.9090401047195599,217.91500123409037,0.3333333333333333,0.3333333333333333,0.3333333333333333,10,0,0,80,15,0.35
budget_10,budget,10 missions,45,526,P3-U,1484,966,0.6509433962264151,518,518,1485.4520119000906,76.92727935594209,0.9999908272126266,326.64727918713885,0.34265010351966874,0.3364389233954451,0.32091097308488614,10,0,0,80,15,0.35
budget_10,budget,10 missions,45,526,P3-D,1484,850,0.5727762803234502,634,634,1335.3314073060371,74.80032449006717,0.999953814687361,307.75590859868714,0.32235294117647056,0.3764705882352941,0.30117647058823527,10,0,0,80,15,0.35
budget_10,budget,10 missions,45,527,P0,1522,1086,0.7135348226018396,436,436,982.1458379706157,79.92322649398935,4.600045191447928,797.847547932413,0,1,0,10,0,0,80,15,0.35
budget_10,budget,10 missions,45,527,P1,1522,1059,0.6957950065703022,463,463,1044.2343646380652,79.31665490961424,4.000400818915459,145.18663513330557,0.7884796978281398,0,0.21152030217186024,10,0,0,80,15,0.35
budget_10,budget,10 missions,45,527,P2,1522,631,0.41458607095926414,891,891,2436.4006854515974,73.29564262322549,1,216.18175066086712,0.32805071315372425,0.3438985736925515,0.32805071315372425,10,0,0,80,15,0.35
budget_10,budget,10 missions,45,527,P3-U,1522,966,0.6346911957950065,556,556,1530.6048079749344,76.73516044202572,0.9999223850581711,326.6474595270424,0.34265010351966874,0.3364389233954451,0.32091097308488614,10,0,0,80,15,0.35
budget_10,budget,10 missions,45,527,P3-D,1522,850,0.5584756898817346,672,672,1382.2297188115303,74.80032551622547,0.9999553449557225,307.7560520394516,0.3211764705882353,0.3764705882352941,0.3023529411764706,10,0,0,80,15,0.35
budget_10,budget,10 missions,45,528,P0,1559,1084,0.6953175112251443,475,475,1126.2350179235411,79.92322671614713,4.600046999105845,796.3782483309674,0,1,0,10,0,0,80,15,0.35
budget_10,budget,10 missions,45,528,P1,1559,1058,0.6786401539448365,501,501,1177.6820754715238,79.42372941339082,4.100259290980441,145.04951648792343,0.8052930056710775,0,0.1947069943289225,10,0,0,80,15,0.35
budget_10,budget,10 missions,45,528,P2,1559,631,0.404746632456703,928,928,2654.2627337535273,73.29564262322549,1,216.1819232493045,0.32805071315372425,0.3438985736925515,0.32805071315372425,10,0,0,80,15,0.35
budget_10,budget,10 missions,45,528,P3-U,1559,964,0.6183450930083387,595,595,1652.2025366097012,76.92727745684007,0.9999650850825819,326.3733173070544,0.3433609958506224,0.33713692946058094,0.31950207468879666,10,0,0,80,15,0.35
budget_10,budget,10 missions,45,528,P3-D,1559,850,0.5452212957023733,709,709,1487.889623205808,74.80032613250083,0.9999573055844708,307.756321061233,0.3247058823529412,0.3764705882352941,0.2988235294117647,10,0,0,80,15,0.35
budget_10,budget,10 missions,45,529,P0,1472,1080,0.7336956521739131,392,392,921.4629491198765,79.92322604967376,4.600041576132093,793.4394977935968,0,1,0,10,0,0,80,15,0.35
budget_10,budget,10 missions,45,529,P1,1472,1055,0.7167119565217391,417,417,970.2735911613845,79.42373115804435,4.100271944578338,144.63831671491263,0.8037914691943128,0,0.1962085308056872,10,0,0,80,15,0.35
budget_10,budget,10 missions,45,529,P2,1472,648,0.44021739130434784,824,824,2383.717743140551,72.8814694281416,0.9090393444738546,217.91475871089995,0.3333333333333333,0.3333333333333333,0.3333333333333333,10,0,0,80,15,0.35
budget_10,budget,10 missions,45,529,P3-U,1472,963,0.6542119565217391,509,509,1456.5458748111962,76.92741406975658,0.999919697494428,326.2362152865427,0.34371754932502596,0.3374870197300104,0.31879543094496365,10,0,0,80,15,0.35
budget_10,budget,10 missions,45,529,P3-D,1472,850,0.5774456521739131,622,622,1317.758656166905,74.8003228476329,0.9999532245976038,307.75576911395336,0.3247058823529412,0.3764705882352941,0.2988235294117647,10,0,0,80,15,0.35
budget_10,budget,10 missions,45,530,P0,1545,1084,0.7016181229773463,461,461,1057.5917164017935,79.92322627183157,4.600043383790011,796.3782689674871,0,1,0,10,0,0,80,15,0.35
budget_10,budget,10 missions,45,530,P1,1545,1054,0.6822006472491909,491,491,1141.2976204429897,79.42373065957197,4.100268329264653,144.5011199879626,0.8083491461100569,0,0.19165085388994307,10,0,0,80,15,0.35
budget_10,budget,10 missions,45,530,P2,1545,648,0.41941747572815535,897,897,2457.301432532558,72.8814706115919,0.9090395921866536,217.914870443626,0.3333333333333333,0.3333333333333333,0.3333333333333333,10,0,0,80,15,0.35
budget_10,budget,10 missions,45,530,P3-U,1545,965,0.6245954692556634,580,580,1578.1959867075595,76.92741398246005,0.9999181458730456,326.5101490338285,0.34300518134715025,0.33678756476683935,0.32020725388601035,10,0,0,80,15,0.35
budget_10,budget,10 missions,45,530,P3-D,1545,850,0.5501618122977346,695,695,1427.1512410948442,74.8003268630764,0.9999554877120785,307.7559668423957,0.3211764705882353,0.3764705882352941,0.3023529411764706,10,0,0,80,15,0.35
budget_10,budget,10 missions,80,501,P0,2681,1103,0.4114136516225289,1578,1578,2649.1338135971764,79.92322649398935,4.6000451914479275,810.3370279116189,0,1,0,10,0,0,80,15,0.35
budget_10,budget,10 missions,80,501,P1,2681,1071,0.39947780678851175,1610,1610,2726.0044925952297,79.09399485022186,3.8004679675692827,146.8316337671331,0.7843137254901961,0,0.21568627450980393,10,0,0,80,15,0.35
budget_10,budget,10 missions,80,501,P2,2681,648,0.24170085788884743,2033,2033,3717.0272615651747,72.88146948740847,0.909039356879241,217.9149499412931,0.3333333333333333,0.3333333333333333,0.3333333333333333,10,0,0,80,15,0.35
budget_10,budget,10 missions,80,501,P3-U,2681,966,0.360313315926893,1715,1715,3158.831857662835,76.73515994565817,0.9999209075803179,326.64736525492657,0.34265010351966874,0.3364389233954451,0.32091097308488614,10,0,0,80,15,0.35
budget_10,budget,10 missions,80,501,P3-D,2681,850,0.3170458784035807,1831,1831,2874.6174345869636,74.80032123541172,0.9999530900355574,307.75575922378044,0.3235294117647059,0.3764705882352941,0.3,10,0,0,80,15,0.35
budget_10,budget,10 missions,80,502,P0,2595,1104,0.4254335260115607,1491,1491,2730.4867447610764,79.9232273826204,4.600052422079597,811.0716364393022,0,1,0,10,0,0,80,15,0.35
budget_10,budget,10 missions,80,502,P1,2595,1066,0.41078998073217726,1529,1529,2819.9087926963584,79.31665388778404,4.000393588288087,146.14624875773663,0.797373358348968,0,0.2026266416510319,10,0,0,80,15,0.35
budget_10,budget,10 missions,80,502,P2,2595,648,0.24971098265895952,1947,1947,3833.1681454976256,72.88147162950915,0.9090398052511154,217.91507713797787,0.3333333333333333,0.3333333333333333,0.3333333333333333,10,0,0,80,15,0.35
budget_10,budget,10 missions,80,502,P3-U,2595,965,0.371868978805395,1630,1630,3265.551208266843,76.92741198551569,0.9999207538776964,326.51042368292724,0.34300518134715025,0.33678756476683935,0.32020725388601035,10,0,0,80,15,0.35
budget_10,budget,10 missions,80,502,P3-D,2595,850,0.32755298651252407,1745,1745,2989.344180758335,74.80032218537049,0.9999549273550195,307.7559357332563,0.32,0.3764705882352941,0.3035294117647059,10,0,0,80,15,0.35
budget_10,budget,10 missions,80,503,P0,2680,1103,0.4115671641791045,1577,1577,2657.3294770376647,79.92322649398935,4.600045191447928,810.3367802733811,0,1,0,10,0,0,80,15,0.35
budget_10,budget,10 missions,80,503,P1,2680,1067,0.39813432835820894,1613,1613,2738.643066028319,79.20679224163267,3.9004697752261257,146.2835495934439,0.8106841611996252,0,0.1893158388003749,10,0,0,80,15,0.35
budget_10,budget,10 missions,80,503,P2,2680,648,0.2417910447761194,2032,2032,3734.5330819829737,72.88147050532599,0.9090395699437024,217.91476591699887,0.3333333333333333,0.3333333333333333,0.3333333333333333,10,0,0,80,15,0.35
budget_10,budget,10 missions,80,503,P3-U,2680,963,0.3593283582089552,1717,1717,3169.7865482978737,76.73501752283204,0.9999634550712463,326.23632447725,0.34371754932502596,0.3374870197300104,0.31879543094496365,10,0,0,80,15,0.35
budget_10,budget,10 missions,80,503,P3-D,2680,850,0.31716417910447764,1830,1830,2896.705156780017,74.80032459648112,0.9999553781374647,307.7561236415098,0.32823529411764707,0.3764705882352941,0.2952941176470588,10,0,0,80,15,0.35
budget_10,budget,10 missions,80,504,P0,2672,1104,0.41317365269461076,1568,1568,2564.9470831788562,79.92322649398935,4.6000451914479275,811.0716089239426,0,1,0,10,0,0,80,15,0.35
budget_10,budget,10 missions,80,504,P1,2672,1069,0.4000748502994012,1603,1603,2650.4277567552986,79.31657734299958,4.000340900889006,146.55755263950454,0.7885874649204865,0,0.21141253507951357,10,0,0,80,15,0.35
budget_10,budget,10 missions,80,504,P2,2672,648,0.24251497005988024,2024,2024,3631.7890126440557,72.88147306022177,0.9090401047195599,217.91497130440212,0.3333333333333333,0.3333333333333333,0.3333333333333333,10,0,0,80,15,0.35
budget_10,budget,10 missions,80,504,P3-U,2672,967,0.3619011976047904,1705,1705,3082.3610061048457,76.92741003960793,0.9999910935670323,326.78433156760065,0.3422957600827301,0.3360910031023785,0.3216132368148914,10,0,0,80,15,0.35
budget_10,budget,10 missions,80,504,P3-D,2672,850,0.3181137724550898,1822,1822,2798.8458232233365,74.80032445985348,0.999954353921846,307.7560310406808,0.32,0.3764705882352941,0.3035294117647059,10,0,0,80,15,0.35
budget_10,budget,10 missions,80,505,P0,2723,1101,0.4043334557473375,1622,1622,2686.8253075796856,79.92322671614713,4.600046999105845,808.8676801582936,0,1,0,10,0,0,80,15,0.35
budget_10,budget,10 missions,80,505,P1,2723,1068,0.39221446933529197,1655,1655,2744.810642775684,79.20679197963044,3.9004679675692837,146.42043399412236,0.7808988764044944,0,0.21910112359550563,10,0,0,80,15,0.35
budget_10,budget,10 missions,80,505,P2,2723,648,0.237972824091076,2075,2075,3744.1771413460583,72.88147398414041,0.909040298108892,217.91479924089802,0.3333333333333333,0.3333333333333333,0.3333333333333333,10,0,0,80,15,0.35
budget_10,budget,10 missions,80,505,P3-U,2723,967,0.3551230260741829,1756,1756,3191.0763763163914,76.7351604886021,0.9999172040749451,326.7841377787365,0.3422957600827301,0.3360910031023785,0.3216132368148914,10,0,0,80,15,0.35
budget_10,budget,10 missions,80,505,P3-D,2723,850,0.31215571061329417,1873,1873,2900.651750020081,74.80032294616043,0.9999547172154736,307.75598490190487,0.3247058823529412,0.3764705882352941,0.2988235294117647,10,0,0,80,15,0.35
budget_10,budget,10 missions,80,506,P0,2721,1102,0.4049981624402793,1619,1619,2654.4342596011784,79.92322649398935,4.600045191447928,809.6022955648168,0,1,0,10,0,0,80,15,0.35
budget_10,budget,10 missions,80,506,P1,2721,1071,0.3936052921719956,1650,1650,2727.930075435792,79.42373065957197,4.100268329264654,146.83176390307958,0.7880485527544351,0,0.2119514472455649,10,0,0,80,15,0.35
budget_10,budget,10 missions,80,506,P2,2721,648,0.23814773980154355,2073,2073,3660.2833823324095,72.88147556811704,0.9090406296578527,217.9151162147974,0.3333333333333333,0.3333333333333333,0.3333333333333333,10,0,0,80,15,0.35
budget_10,budget,10 missions,80,506,P3-U,2721,966,0.35501653803748623,1755,1755,3153.6405268374706,76.7351588159839,0.9999538121282086,326.6472480059281,0.34265010351966874,0.3364389233954451,0.32091097308488614,10,0,0,80,15,0.35
budget_10,budget,10 missions,80,506,P3-D,2721,850,0.3123851525174568,1871,1871,2850.9654059570635,74.80032607207347,0.9999539068323542,307.755897981925,0.3247058823529412,0.3764705882352941,0.2988235294117647,10,0,0,80,15,0.35
budget_10,budget,10 missions,80,507,P0,2762,1103,0.39934829833454016,1659,1659,2714.414501322933,79.92322649398935,4.600045191447928,810.3369660020595,0,1,0,10,0,0,80,15,0.35
budget_10,budget,10 missions,80,507,P1,2762,1070,0.387400434467777,1692,1692,2793.753727395801,79.42372916415454,4.100257483323598,146.69467996061647,0.8,0,0.2,10,0,0,80,15,0.35
budget_10,budget,10 missions,80,507,P2,2762,648,0.2346125995655322,2114,2114,3731.78721847351,72.88147690483038,0.9090409094511677,217.91506494053965,0.3333333333333333,0.3333333333333333,0.3333333333333333,10,0,0,80,15,0.35
budget_10,budget,10 missions,80,507,P3-U,2762,965,0.3493845039826213,1797,1797,3213.9881492845257,76.73502414364722,0.9999653699076734,326.51022152705264,0.34300518134715025,0.33678756476683935,0.32020725388601035,10,0,0,80,15,0.35
budget_10,budget,10 missions,80,507,P3-D,2762,850,0.30774800868935553,1912,1912,2919.437776610571,74.80032758576543,0.9999542934963364,307.75594691392547,0.3247058823529412,0.3764705882352941,0.2988235294117647,10,0,0,80,15,0.35
budget_10,budget,10 missions,80,508,P0,2805,1102,0.3928698752228164,1703,1703,2902.17600153062,79.92322671614713,4.600046999105845,809.6023781108961,0,1,0,10,0,0,80,15,0.35
budget_10,budget,10 missions,80,508,P1,2805,1067,0.3803921568627451,1738,1738,2980.0428357518895,79.31657453291577,4.000321016663736,146.28325461863184,0.795688847235239,0,0.204311152764761,10,0,0,80,15,0.35
budget_10,budget,10 missions,80,508,P2,2805,648,0.23101604278074866,2157,2157,3845.0806221885646,72.88147653903414,0.9090408328847494,217.91512245765915,0.3333333333333333,0.3333333333333333,0.3333333333333333,10,0,0,80,15,0.35
budget_10,budget,10 missions,80,508,P3-U,2805,967,0.3447415329768271,1838,1838,3382.9481321226485,76.73502246505431,0.9999650412108317,326.78460312931327,0.3422957600827301,0.3360910031023785,0.3216132368148914,10,0,0,80,15,0.35
budget_10,budget,10 missions,80,508,P3-D,2805,850,0.30303030303030304,1955,1955,3064.897532869023,74.80032847529552,0.9999552423050416,307.7561045837714,0.32588235294117646,0.3764705882352941,0.29764705882352943,10,0,0,80,15,0.35
budget_10,budget,10 missions,80,509,P0,2656,1104,0.41566265060240964,1552,1552,2571.9072331383227,79.9232273826204,4.600052422079597,811.0713819222244,0,1,0,10,0,0,80,15,0.35
budget_10,budget,10 missions,80,509,P1,2656,1069,0.40248493975903615,1587,1587,2645.39856906108,79.31657734299958,4.000340900889006,146.55783026285712,0.8054256314312441,0,0.19457436856875585,10,0,0,80,15,0.35
budget_10,budget,10 missions,80,509,P2,2656,648,0.24397590361445784,2008,2008,3604.8786651567143,72.88147429067007,0.9090403622699241,217.91525362891417,0.3333333333333333,0.3333333333333333,0.3333333333333333,10,0,0,80,15,0.35
budget_10,budget,10 missions,80,509,P3-U,2656,965,0.36332831325301207,1691,1691,3088.2869658936224,76.92741357332119,0.9999195676512763,326.5102456667412,0.34300518134715025,0.33678756476683935,0.32020725388601035,10,0,0,80,15,0.35
budget_10,budget,10 missions,80,509,P3-D,2656,850,0.3200301204819277,1806,1806,2792.3177201330636,74.8003238435779,0.9999548015748728,307.75603922646934,0.3247058823529412,0.3764705882352941,0.2988235294117647,10,0,0,80,15,0.35
budget_10,budget,10 missions,80,510,P0,2733,1104,0.4039517014270033,1629,1629,2670.828423776235,79.92322582751595,4.600039768474176,811.0715676509027,0,1,0,10,0,0,80,15,0.35
budget_10,budget,10 missions,80,510,P1,2733,1069,0.3911452616172704,1664,1664,2765.9736509217614,79.31657504384022,4.0003246319774215,146.55760469388312,0.804490177736202,0,0.19550982226379796,10,0,0,80,15,0.35
budget_10,budget,10 missions,80,510,P2,2733,631,0.23088181485547019,2102,2102,3675.9714498120516,73.29564262322549,1,216.18170078416898,0.32805071315372425,0.3438985736925515,0.32805071315372425,10,0,0,80,15,0.35
budget_10,budget,10 missions,80,510,P3-U,2733,965,0.3530918404683498,1768,1768,3190.2931021591967,76.73515747765879,0.9999176320893606,326.51006924787623,0.34300518134715025,0.33678756476683935,0.32020725388601035,10,0,0,80,15,0.35
budget_10,budget,10 missions,80,510,P3-D,2733,850,0.3110135382363703,1883,1883,2909.76827938491,74.8003222917845,0.999953061403631,307.7557992452976,0.32588235294117646,0.3764705882352941,0.29764705882352943,10,0,0,80,15,0.35
budget_10,budget,10 missions,80,511,P0,2668,1103,0.4134182908545727,1565,1565,2604.6628053698723,79.92322627183157,4.60004338379001,810.3368077887408,0,1,0,10,0,0,80,15,0.35
budget_10,budget,10 missions,80,511,P1,2668,1067,0.39992503748125935,1601,1601,2687.947945645209,79.42372991186332,4.100262906294126,146.2835235662546,0.8200562324273665,0,0.17994376757263356,10,0,0,80,15,0.35
budget_10,budget,10 missions,80,511,P2,2668,648,0.24287856071964017,2020,2020,3652.9562275237613,72.88147301322275,0.9090400948819953,217.91517694490577,0.3333333333333333,0.3333333333333333,0.3333333333333333,10,0,0,80,15,0.35
budget_10,budget,10 missions,80,511,P3-U,2668,966,0.3620689655172414,1702,1702,3110.728167818887,76.73501770925182,0.9999632835818637,326.647479638629,0.34265010351966874,0.3364389233954451,0.32091097308488614,10,0,0,80,15,0.35
budget_10,budget,10 missions,80,511,P3-D,2668,850,0.31859070464767614,1818,1818,2821.2868932643955,74.80032301447427,0.9999548822125919,307.7560034532497,0.3211764705882353,0.3764705882352941,0.3023529411764706,10,0,0,80,15,0.35
budget_10,budget,10 missions,80,512,P0,2595,1104,0.4254335260115607,1491,1491,2515.936013484825,79.92322560535813,4.600037960816259,811.0713681645443,0,1,0,10,0,0,80,15,0.35
budget_10,budget,10 missions,80,512,P1,2595,1068,0.4115606936416185,1527,1527,2608.6330539794103,79.42373065957197,4.100268329264653,146.42076367185354,0.8080524344569289,0,0.19194756554307116,10,0,0,80,15,0.35
budget_10,budget,10 missions,80,512,P2,2595,648,0.24971098265895952,1947,1947,3588.212063615971,72.88147071785778,0.9090396144296049,217.91501065286184,0.3333333333333333,0.3333333333333333,0.3333333333333333,10,0,0,80,15,0.35
budget_10,budget,10 missions,80,512,P3-U,2595,965,0.371868978805395,1630,1630,3037.4635194597104,76.73516080077108,0.9999870391743744,326.5101474940208,0.34300518134715025,0.33678756476683935,0.32020725388601035,10,0,0,80,15,0.35
budget_10,budget,10 missions,80,512,P3-D,2595,850,0.32755298651252407,1745,1745,2756.6838087348137,74.80032679476264,0.9999553721088537,307.75609719645064,0.3235294117647059,0.3764705882352941,0.3,10,0,0,80,15,0.35
budget_10,budget,10 missions,80,513,P0,2669,1104,0.4136380666916448,1565,1565,2596.7331958154477,79.92322649398935,4.600045191447928,811.071526377863,0,1,0,10,0,0,80,15,0.35
budget_10,budget,10 missions,80,513,P1,2669,1067,0.39977519670288497,1602,1602,2687.88987513886,79.31665439869917,4.000397203601773,146.28351489052483,0.8144329896907216,0,0.18556701030927836,10,0,0,80,15,0.35
budget_10,budget,10 missions,80,513,P2,2669,648,0.2427875608842263,2021,2021,3651.4047357893596,72.8814682569588,0.909039099328877,217.91492108190533,0.3333333333333333,0.3333333333333333,0.3333333333333333,10,0,0,80,15,0.35
budget_10,budget,10 missions,80,513,P3-U,2669,965,0.36155863619333084,1704,1704,3116.2851071623854,76.92741189031396,0.9998134216148459,326.50997989502827,0.34300518134715025,0.33678756476683935,0.32020725388601035,10,0,0,80,15,0.35
budget_10,budget,10 missions,80,513,P3-D,2669,850,0.3184713375796178,1819,1819,2830.9844484830205,74.80032291594674,0.9999563029475929,307.75609747017796,0.32588235294117646,0.3764705882352941,0.29764705882352943,10,0,0,80,15,0.35
budget_10,budget,10 missions,80,514,P0,2721,1104,0.40573318632855565,1617,1617,2658.1655012404176,79.92322649398935,4.600045191447928,811.0716226816223,0,1,0,10,0,0,80,15,0.35
budget_10,budget,10 missions,80,514,P1,2721,1068,0.39250275633958104,1653,1653,2739.5371871199627,79.42373016109956,4.100264713950968,146.4204513455819,0.800561797752809,0,0.199438202247191,10,0,0,80,15,0.35
budget_10,budget,10 missions,80,514,P2,2721,648,0.23814773980154355,2073,2073,3725.672556896532,72.8814706115919,0.9090395921866536,217.9148740374056,0.3333333333333333,0.3333333333333333,0.3333333333333333,10,0,0,80,15,0.35
budget_10,budget,10 missions,80,514,P3-U,2721,965,0.35464902609334803,1756,1756,3168.845817052381,76.73516066294694,0.9999904345547691,326.5102369560194,0.34300518134715025,0.33678756476683935,0.32020725388601035,10,0,0,80,15,0.35
budget_10,budget,10 missions,80,514,P3-D,2721,850,0.3123851525174568,1871,1871,2887.2612471601774,74.8003222917845,0.9999556081788493,307.7561007737779,0.3211764705882353,0.3764705882352941,0.3023529411764706,10,0,0,80,15,0.35
budget_10,budget,10 missions,80,515,P0,2654,1103,0.41559909570459685,1551,1551,2686.490714023224,79.92322604967376,4.600041576132092,810.3369453655396,0,1,0,10,0,0,80,15,0.35
budget_10,budget,10 missions,80,515,P1,2654,1069,0.40278824415975883,1585,1585,2759.1834181391814,79.31665388778404,4.000393588288088,146.55752661231526,0.8054256314312441,0,0.19457436856875585,10,0,0,80,15,0.35
budget_10,budget,10 missions,80,515,P2,2654,631,0.23775433308214017,2023,2023,3838.579376032293,73.29564262322549,1,216.18202325788843,0.32805071315372425,0.3438985736925515,0.32805071315372425,10,0,0,80,15,0.35
budget_10,budget,10 missions,80,515,P3-U,2654,965,0.3636021100226074,1689,1689,3188.463822147376,76.73501933898599,0.9999625353390433,326.5103266896581,0.34300518134715025,0.33678756476683935,0.32020725388601035,10,0,0,80,15,0.35
budget_10,budget,10 missions,80,515,P3-D,2654,850,0.3202712886209495,1804,1804,2899.6414583359283,74.80032590523221,0.999956928056046,307.75624905984444,0.3235294117647059,0.3764705882352941,0.3,10,0,0,80,15,0.35
budget_10,budget,10 missions,80,516,P0,2650,1104,0.41660377358490563,1546,1546,2603.815292234228,79.92322627183157,4.600043383790011,811.0713888010644,0,1,0,10,0,0,80,15,0.35
budget_10,budget,10 missions,80,516,P1,2650,1068,0.4030188679245283,1582,1582,2684.3006423566617,79.31657632115113,4.000333670261635,146.42072029320468,0.8099250936329588,0,0.1900749063670412,10,0,0,80,15,0.35
budget_10,budget,10 missions,80,516,P2,2650,648,0.24452830188679245,2002,2002,3649.639192001746,72.8814781352776,0.9090411670015316,217.91494838105132,0.3333333333333333,0.3333333333333333,0.3333333333333333,10,0,0,80,15,0.35
budget_10,budget,10 missions,80,516,P3-U,2650,965,0.3641509433962264,1685,1685,3118.5611080025255,76.92741289354059,0.9999222507197774,326.5105189532724,0.34300518134715025,0.33678756476683935,0.32020725388601035,10,0,0,80,15,0.35
budget_10,budget,10 missions,80,516,P3-D,2650,850,0.32075471698113206,1800,1800,2832.0478187054373,74.80032624680116,0.999955305175115,307.756036394271,0.3270588235294118,0.3764705882352941,0.2964705882352941,10,0,0,80,15,0.35
budget_10,budget,10 missions,80,517,P0,2628,1104,0.4200913242009132,1524,1524,2524.346998452064,79.92322604967376,4.600041576132093,811.0716089239426,0,1,0,10,0,0,80,15,0.35
budget_10,budget,10 missions,80,517,P1,2628,1070,0.4071537290715373,1558,1558,2598.703059593131,79.31673247484356,4.000460736941911,146.6946539334272,0.8018691588785046,0,0.19813084112149532,10,0,0,80,15,0.35
budget_10,budget,10 missions,80,517,P2,2628,648,0.2465753424657534,1980,1980,3571.260530895884,72.88146717977385,0.9090388738590293,217.91498312104963,0.3333333333333333,0.3333333333333333,0.3333333333333333,10,0,0,80,15,0.35
budget_10,budget,10 missions,80,517,P3-U,2628,964,0.3668188736681887,1664,1664,3031.7585025892563,76.73516117876093,0.999990675931419,326.3731889494582,0.3433609958506224,0.33713692946058094,0.31950207468879666,10,0,0,80,15,0.35
budget_10,budget,10 missions,80,517,P3-D,2628,850,0.3234398782343988,1778,1778,2745.67316477248,74.80032455838098,0.9999563824255863,307.7560722416492,0.3211764705882353,0.3764705882352941,0.3023529411764706,10,0,0,80,15,0.35
budget_10,budget,10 missions,80,518,P0,2684,1104,0.4113263785394933,1580,1580,2618.2636984882556,79.92322649398935,4.600045191447928,811.071547014383,0,1,0,10,0,0,80,15,0.35
budget_10,budget,10 missions,80,518,P1,2684,1068,0.3979135618479881,1616,1616,2696.3041764200048,79.42372991186332,4.100262906294126,146.4205033999605,0.8071161048689138,0,0.19288389513108614,10,0,0,80,15,0.35
budget_10,budget,10 missions,80,518,P2,2684,631,0.235096870342772,2053,2053,3772.7469851285236,73.29564262322549,1,216.18175131538507,0.32805071315372425,0.3438985736925515,0.32805071315372425,10,0,0,80,15,0.35
budget_10,budget,10 missions,80,518,P3-U,2684,965,0.35953800298062594,1719,1719,3131.170073408186,76.73431746693235,0.9999211578072889,326.51044339518364,0.34300518134715025,0.33678756476683935,0.32020725388601035,10,0,0,80,15,0.35
budget_10,budget,10 missions,80,518,P3-D,2684,850,0.3166915052160954,1834,1834,2841.0072772858307,74.80032449006717,0.9999538247161854,307.75584708845787,0.3235294117647059,0.3764705882352941,0.3,10,0,0,80,15,0.35
budget_10,budget,10 missions,80,519,P0,2586,1099,0.42498066511987626,1487,1487,2392.0003885103724,79.92322716046266,4.600050614421678,807.398359920328,0,1,0,10,0,0,80,15,0.35
budget_10,budget,10 missions,80,519,P1,2586,1068,0.41299303944315546,1518,1518,2455.538357828439,79.31657453291575,4.000321016663737,146.42036458828423,0.7921348314606742,0,0.20786516853932585,10,0,0,80,15,0.35
budget_10,budget,10 missions,80,519,P2,2586,648,0.2505800464037123,1938,1938,3436.987947476409,72.8814715825101,0.9090397954135505,217.91493144746164,0.3333333333333333,0.3333333333333333,0.3333333333333333,10,0,0,80,15,0.35
budget_10,budget,10 missions,80,519,P3-U,2586,965,0.3731631863882444,1621,1621,2880.705282780266,77.1115141868741,0.9999183891758034,326.5100722242171,0.34300518134715025,0.33678756476683935,0.32020725388601035,10,0,0,80,15,0.35
budget_10,budget,10 missions,80,519,P3-D,2586,850,0.32869296210363497,1736,1736,2597.105327301084,74.80032205662923,0.9999539432249648,307.75588148265757,0.3247058823529412,0.3764705882352941,0.2988235294117647,10,0,0,80,15,0.35
budget_10,budget,10 missions,80,520,P0,2641,1104,0.41802347595607725,1537,1537,2690.473785027957,79.9232273826204,4.600052422079597,811.0715814085828,0,1,0,10,0,0,80,15,0.35
budget_10,budget,10 missions,80,520,P1,2641,1069,0.40477092010602045,1572,1572,2777.957931641936,79.20671137774714,3.9004008189154593,146.55761336961294,0.794200187090739,0,0.205799812909261,10,0,0,80,15,0.35
budget_10,budget,10 missions,80,520,P2,2641,648,0.24536160545248012,1993,1993,3765.81495820108,72.88147322575442,0.9090401393678976,217.9148783206953,0.3333333333333333,0.3333333333333333,0.3333333333333333,10,0,0,80,15,0.35
budget_10,budget,10 missions,80,520,P3-U,2641,964,0.36501325255585004,1677,1677,3200.9756991470836,76.73515997914599,0.9999198741339099,326.3731932327478,0.3433609958506224,0.33713692946058094,0.31950207468879666,10,0,0,80,15,0.35
budget_10,budget,10 missions,80,520,P3-D,2641,850,0.32184778492995075,1791,1791,2924.4088277058067,74.80032126562543,0.9999542291751846,307.7559063303958,0.3235294117647059,0.3764705882352941,0.3,10,0,0,80,15,0.35
budget_10,budget,10 missions,80,521,P0,2703,1104,0.40843507214206437,1599,1599,2606.600600788933,79.92322627183157,4.600043383790011,811.0716639546621,0,1,0,10,0,0,80,15,0.35
budget_10,budget,10 missions,80,521,P1,2703,1068,0.3951165371809101,1635,1635,2680.9526881153333,79.2067917176282,3.9004661599124404,146.4203992912033,0.7893258426966292,0,0.21067415730337077,10,0,0,80,15,0.35
budget_10,budget,10 missions,80,521,P2,2703,648,0.2397336293007769,2055,2055,3677.501408114399,72.88147188903993,0.9090398595745823,217.91477744346668,0.3333333333333333,0.3333333333333333,0.3333333333333333,10,0,0,80,15,0.35
budget_10,budget,10 missions,80,521,P3-U,2703,966,0.35738068812430634,1737,1737,3118.6511007081754,76.73515847783966,0.9999868451655635,326.64713385887364,0.34265010351966874,0.3364389233954451,0.32091097308488614,10,0,0,80,15,0.35
budget_10,budget,10 missions,80,521,P3-D,2703,850,0.31446540880503143,1853,1853,2839.067047804998,74.80032607207347,0.999954483254595,307.7559395822236,0.3235294117647059,0.3764705882352941,0.3,10,0,0,80,15,0.35
budget_10,budget,10 missions,80,522,P0,2712,1104,0.40707964601769914,1608,1608,2734.0949399763767,79.92322649398935,4.600045191447928,811.0715814085827,0,1,0,10,0,0,80,15,0.35
budget_10,budget,10 missions,80,522,P1,2712,1068,0.3938053097345133,1644,1644,2812.350390234078,79.42373016109956,4.100264713950968,146.42052075142004,0.7902621722846442,0,0.20973782771535582,10,0,0,80,15,0.35
budget_10,budget,10 missions,80,522,P2,2712,648,0.23893805309734514,2064,2064,3760.297638744871,72.88147301322275,0.9090400948819953,217.91486677777507,0.3333333333333333,0.3333333333333333,0.3333333333333333,10,0,0,80,15,0.35
budget_10,budget,10 missions,80,522,P3-U,2712,966,0.3561946902654867,1746,1746,3241.3783497234954,76.92741299342352,0.9999860303685375,326.64698466708325,0.34265010351966874,0.3364389233954451,0.32091097308488614,10,0,0,80,15,0.35
budget_10,budget,10 missions,80,522,P3-D,2712,850,0.3134218289085546,1862,1862,2950.0759105118286,74.8003246266948,0.9999548960899138,307.7560545629306,0.32588235294117646,0.3764705882352941,0.29764705882352943,10,0,0,80,15,0.35
budget_10,budget,10 missions,80,523,P0,2661,1103,0.41450582487786547,1558,1558,2640.0797963722075,79.9232269383049,4.600048806763762,810.33689033482,0,1,0,10,0,0,80,15,0.35
budget_10,budget,10 missions,80,523,P1,2661,1066,0.4006012777151447,1595,1595,2727.0725899011063,79.20671085373293,3.900397203601773,146.14635286649386,0.8048780487804879,0,0.1951219512195122,10,0,0,80,15,0.35
budget_10,budget,10 missions,80,523,P2,2661,648,0.24351747463359638,2013,2013,3668.9567440070628,72.88146713277476,0.9090388640214645,217.91464699671363,0.3333333333333333,0.3333333333333333,0.3333333333333333,10,0,0,80,15,0.35
budget_10,budget,10 missions,80,523,P3-U,2661,965,0.3626456219466366,1696,1696,3149.3015574993046,76.9272767253542,0.9999636553270433,326.51046292432363,0.34300518134715025,0.33678756476683935,0.32020725388601035,10,0,0,80,15,0.35
budget_10,budget,10 missions,80,523,P3-D,2661,850,0.31942878617061254,1811,1811,2852.5511687466783,74.80032288573304,0.9999541434809142,307.75595125074676,0.3211764705882353,0.3764705882352941,0.3023529411764706,10,0,0,80,15,0.35
budget_10,budget,10 missions,80,524,P0,2669,1103,0.41326339452978644,1566,1566,2789.71541763072,79.92322649398935,4.6000451914479275,810.33689033482,0,1,0,10,0,0,80,15,0.35
budget_10,budget,10 missions,80,524,P1,2669,1067,0.39977519670288497,1602,1602,2865.528491101116,79.20679145562596,3.9004643522555966,146.28341945749742,0.7928772258669166,0,0.20712277413308341,10,0,0,80,15,0.35
budget_10,budget,10 missions,80,524,P2,2669,631,0.23641813413263393,2038,2038,3826.291667042043,73.29564262322549,1,216.18199009667154,0.32805071315372425,0.3438985736925515,0.32805071315372425,10,0,0,80,15,0.35
budget_10,budget,10 missions,80,524,P3-U,2669,966,0.3619333083551892,1703,1703,3293.5514550615158,76.73515844717348,0.9999185646757455,326.64717711191946,0.3416149068322981,0.3364389233954451,0.3219461697722567,10,0,0,80,15,0.35
budget_10,budget,10 missions,80,524,P3-D,2669,850,0.3184713375796178,1819,1819,3002.05867173642,74.80032252693972,0.9999533792504556,307.75581494400996,0.32235294117647056,0.3764705882352941,0.30117647058823527,10,0,0,80,15,0.35
budget_10,budget,10 missions,80,525,P0,2621,1103,0.4208317436093094,1518,1518,2710.1496844453163,79.92322716046266,4.600050614421679,810.3370072750992,0,1,0,10,0,0,80,15,0.35
budget_10,budget,10 missions,80,525,P1,2621,1070,0.4082411293399466,1551,1551,2790.831123700469,79.20671111574003,3.900399011258617,146.694584527589,0.7925233644859813,0,0.20747663551401868,10,0,0,80,15,0.35
budget_10,budget,10 missions,80,525,P2,2621,648,0.24723388019839757,1973,1973,3767.1583709938504,72.88147322575442,0.9090401393678976,217.91506532133033,0.3333333333333333,0.3333333333333333,0.3333333333333333,10,0,0,80,15,0.35
budget_10,budget,10 missions,80,525,P3-U,2621,965,0.36818008393742846,1656,1656,3222.1930385194464,76.73515891005337,0.9999189127605231,326.51019441102306,0.34196891191709844,0.33678756476683935,0.32124352331606215,10,0,0,80,15,0.35
budget_10,budget,10 missions,80,525,P3-D,2621,850,0.32430370087752763,1771,1771,2937.0653818776104,74.80032360053629,0.9999530901218873,307.7558123855388,0.31882352941176473,0.3764705882352941,0.30470588235294116,10,0,0,80,15,0.35
budget_10,budget,10 missions,80,526,P0,2671,1104,0.4133283414451516,1567,1567,2721.178737040106,79.92322649398936,4.600045191447928,811.0717533795812,0,1,0,10,0,0,80,15,0.35
budget_10,budget,10 missions,80,526,P1,2671,1070,0.4005990265818046,1601,1601,2797.617832171169,79.09407649584026,3.8005278855957356,146.69448909456162,0.7869158878504673,0,0.2130841121495327,10,0,0,80,15,0.35
budget_10,budget,10 missions,80,526,P2,2671,648,0.24260576563084987,2023,2023,3770.6276528975613,72.88147301322273,0.909040094881995,217.91497682067455,0.3333333333333333,0.3333333333333333,0.3333333333333333,10,0,0,80,15,0.35
budget_10,budget,10 missions,80,526,P3-U,2671,966,0.3616622987645077,1705,1705,3242.097194101776,76.92740917885023,0.9999199932395034,326.6472591516053,0.34265010351966874,0.3364389233954451,0.32091097308488614,10,0,0,80,15,0.35
budget_10,budget,10 missions,80,526,P3-D,2671,850,0.3182328715836765,1821,1821,2950.204593690495,74.80032439153968,0.9999551996388023,307.75604820902396,0.3235294117647059,0.3764705882352941,0.3,10,0,0,80,15,0.35
budget_10,budget,10 missions,80,527,P0,2693,1102,0.409209060527293,1591,1591,2686.7372220583393,79.92322671614713,4.600046999105845,809.6022336552574,0,1,0,10,0,0,80,15,0.35
budget_10,budget,10 missions,80,527,P1,2693,1066,0.39584106943928704,1627,1627,2753.5884872301926,79.20671111574003,3.9003990112586164,146.14630081211521,0.7908067542213884,0,0.20919324577861162,10,0,0,80,15,0.35
budget_10,budget,10 missions,80,527,P2,2693,648,0.24062383958410694,2045,2045,3741.0019824355913,72.88147076485684,0.9090396242671698,217.9150819112087,0.3333333333333333,0.3333333333333333,0.3333333333333333,10,0,0,80,15,0.35
budget_10,budget,10 missions,80,527,P3-U,2693,965,0.35833642777571484,1728,1728,3202.43591975551,76.92728023741972,0.9999639369169472,326.51043304816704,0.34300518134715025,0.33678756476683935,0.32020725388601035,10,0,0,80,15,0.35
budget_10,budget,10 missions,80,527,P3-D,2693,850,0.3156331229112514,1843,1843,2917.8692180950884,74.8003253493842,0.9999562457416679,307.7561547691888,0.32588235294117646,0.3764705882352941,0.29764705882352943,10,0,0,80,15,0.35
budget_10,budget,10 missions,80,528,P0,2647,1103,0.4166981488477522,1544,1544,2690.347436608713,79.9232273826204,4.600052422079598,810.3370485481389,0,1,0,10,0,0,80,15,0.35
budget_10,budget,10 missions,80,528,P1,2647,1071,0.40460899131091804,1576,1576,2762.8174029232537,79.20671137774714,3.900400818915458,146.83162509140334,0.7936507936507936,0,0.20634920634920634,10,0,0,80,15,0.35
budget_10,budget,10 missions,80,528,P2,2647,631,0.23838307517944843,2016,2016,3877.179658598954,73.29564262322549,1,216.1817378274508,0.32805071315372425,0.3438985736925515,0.32805071315372425,10,0,0,80,15,0.35
budget_10,budget,10 missions,80,528,P3-U,2647,964,0.36418587079712883,1683,1683,3214.5723460870086,77.11151167003312,0.9999193289055986,326.37325870109487,0.3433609958506224,0.33713692946058094,0.31950207468879666,10,0,0,80,15,0.35
budget_10,budget,10 missions,80,528,P3-D,2647,850,0.32111824707215714,1797,1797,2938.9388477556013,74.80033627101392,0.9999576282515887,307.7564423568729,0.3235294117647059,0.3764705882352941,0.3,10,0,0,80,15,0.35
budget_10,budget,10 missions,80,529,P0,2705,1104,0.4081330868761553,1601,1601,2620.47653660094,79.92322627183157,4.600043383790011,811.0715814085827,0,1,0,10,0,0,80,15,0.35
budget_10,budget,10 missions,80,529,P1,2705,1068,0.39482439926062846,1637,1637,2705.81873693551,79.73018680726452,4.400056037362127,146.42052942714975,0.7968164794007491,0,0.20318352059925093,10,0,0,80,15,0.35
budget_10,budget,10 missions,80,529,P2,2705,631,0.233271719038817,2074,2074,3786.533909701881,73.29564262322549,1,216.18158516748366,0.32805071315372425,0.3438985736925515,0.32805071315372425,10,0,0,80,15,0.35
budget_10,budget,10 missions,80,529,P3-U,2705,965,0.3567467652495379,1740,1740,3131.4159218935306,76.92741474326104,0.9999879615282914,326.51007870372695,0.34300518134715025,0.33678756476683935,0.32020725388601035,10,0,0,80,15,0.35
budget_10,budget,10 missions,80,529,P3-D,2705,850,0.3142329020332717,1855,1855,2842.010259152699,74.80032294616043,0.999953990936998,307.7558675808351,0.32235294117647056,0.3764705882352941,0.30117647058823527,10,0,0,80,15,0.35
budget_10,budget,10 missions,80,530,P0,2691,1103,0.409884801189149,1588,1588,2557.068108024061,79.92322582751596,4.600039768474176,810.3367114849816,0,1,0,10,0,0,80,15,0.35
budget_10,budget,10 missions,80,530,P1,2691,1064,0.39539204756596064,1627,1627,2639.453160321637,79.31657606568898,4.000331862604791,145.8723671718927,0.818609022556391,0,0.18139097744360902,10,0,0,80,15,0.35
budget_10,budget,10 missions,80,530,P2,2691,648,0.2408026755852843,2043,2043,3622.3206862740535,72.88146810369375,0.9090390672483611,217.9150323782219,0.3333333333333333,0.3333333333333333,0.3333333333333333,10,0,0,80,15,0.35
budget_10,budget,10 missions,80,530,P3-U,2691,965,0.35860274990709773,1726,1726,3078.3500679598706,76.92741258512271,0.9999200060624178,326.51030389191016,0.34300518134715025,0.33678756476683935,0.32020725388601035,10,0,0,80,15,0.35
budget_10,budget,10 missions,80,530,P3-D,2691,850,0.315867707172055,1841,1841,2796.6249370700893,74.80032387379158,0.9999556231672971,307.75625018367674,0.32,0.3764705882352941,0.3035294117647059,10,0,0,80,15,0.35
budget_30,budget,30 missions,45,501,P0,1547,1092,0.7058823529411765,455,455,1119.6746476384355,79.92322604967377,1.533347192044031,802.2555499193496,0,1,0,30,0,0,80,15,0.35
budget_30,budget,30 missions,45,501,P1,1547,1062,0.6864899806076277,485,485,1199.3531207973365,79.42372966262707,1.3667536995457612,145.5979823937223,0.7862523540489642,0,0.2137476459510358,30,0,0,80,15,0.35
budget_30,budget,30 missions,45,501,P2,1547,1092,0.7058823529411765,455,455,1121.8609320412068,77.93239042403077,0.96951275118251,565.6183733449157,0.27564102564102566,0.6373626373626373,0.08699633699633699,30,0,0,80,15,0.35
budget_30,budget,30 missions,45,501,P3-U,1547,1056,0.6826115061409179,491,491,1133.9462805048702,77.93238898540123,0.9945584423973284,359.30351644647715,0.3409090909090909,0.3399621212121212,0.3191287878787879,30,0,0,80,15,0.35
budget_30,budget,30 missions,45,501,P3-D,1547,948,0.6127989657401423,599,599,1156.0689845973952,77.93238898540123,0.999993222916865,360.032865477646,0.39029535864978904,0.4061181434599156,0.20358649789029537,30,0,0,80,15,0.35
budget_30,budget,30 missions,45,502,P0,1485,1088,0.7326599326599327,397,397,960.1162571760914,79.92322582751595,1.533346589491392,799.3168062608191,0,1,0,30,0,0,80,15,0.35
budget_30,budget,30 missions,45,502,P1,1485,1060,0.7138047138047138,425,425,1039.0841461137486,79.31657734299958,1.3334469669630018,145.32385788744494,0.8169811320754717,0,0.1830188679245283,30,0,0,80,15,0.35
budget_30,budget,30 missions,45,502,P2,1485,1087,0.731986531986532,398,398,968.0384865167912,77.93238968810981,0.9695125868965845,564.9328327898222,0.29162833486660533,0.640294388224471,0.06807727690892364,30,0,0,80,15,0.35
budget_30,budget,30 missions,45,502,P3-U,1485,1048,0.7057239057239058,437,437,1002.3003200711025,77.93238789812564,0.9944691754102136,358.2069082859626,0.3435114503816794,0.3425572519083969,0.3139312977099237,30,0,0,80,15,0.35
budget_30,budget,30 missions,45,502,P3-D,1485,851,0.573063973063973,634,634,769.249341369993,77.93238789812564,0.9999947677844362,347.92973885617226,0.3490011750881316,0.45475910693301996,0.19623971797884843,30,0,0,80,15,0.35
budget_30,budget,30 missions,45,503,P0,1516,1097,0.7236147757255936,419,419,1070.7535533209925,79.92322671614713,1.5333489997019483,805.9291084707619,0,1,0,30,0,0,80,15,0.35
budget_30,budget,30 missions,45,503,P1,1516,1067,0.7038258575197889,449,449,1158.9192538044313,79.52837857017381,1.4000876354313747,146.28318521279368,0.8134957825679475,0,0.18650421743205248,30,0,0,80,15,0.35
budget_30,budget,30 missions,45,503,P2,1516,1097,0.7236147757255936,419,419,1071.457492974428,77.93239007267657,0.9695126727467058,566.3039339190902,0.29808568824065634,0.6344576116681859,0.0674567000911577,30,0,0,80,15,0.35
budget_30,budget,30 missions,45,503,P3-U,1516,1056,0.6965699208443272,460,460,1102.777079056717,77.93088783118225,0.9959706553001146,359.3035664323257,0.3409090909090909,0.3399621212121212,0.3191287878787879,30,0,0,80,15,0.35
budget_30,budget,30 missions,45,503,P3-D,1516,948,0.6253298153034301,568,568,1117.3838964977954,77.93088783118225,0.9999577236472377,360.0328452775355,0.38924050632911394,0.4061181434599156,0.20464135021097046,30,0,0,80,15,0.35
budget_30,budget,30 missions,45,504,P0,1522,1096,0.7201051248357424,426,426,1057.750479511096,79.92322604967376,1.533347192044031,805.1941972741209,0,1,0,30,0,0,80,15,0.35
budget_30,budget,30 missions,45,504,P1,1522,1065,0.6997371879106439,457,457,1151.0884008367207,79.20671111574005,1.300133003752872,146.00925157257117,0.8131455399061033,0,0.18685446009389672,30,0,0,80,15,0.35
budget_30,budget,30 missions,45,504,P2,1522,1095,0.7194480946123522,427,427,1063.8779598901322,77.93239007267657,0.9695126727467058,566.0299745603979,0.30776255707762556,0.6356164383561644,0.05662100456621005,30,0,0,80,15,0.35
budget_30,budget,30 missions,45,504,P3-U,1522,1049,0.6892247043363995,473,473,1105.8526833125836,77.93089045763199,0.9996945073978922,358.3438512926007,0.34318398474737843,0.342230695900858,0.3145853193517636,30,0,0,80,15,0.35
budget_30,budget,30 missions,45,504,P3-D,1522,948,0.6228646517739816,574,574,1103.750387753931,77.93089045763199,0.9999944958182815,360.0330390293204,0.39345991561181437,0.4061181434599156,0.20042194092827004,30,0,0,80,15,0.35
budget_30,budget,30 missions,45,505,P0,1562,1094,0.7003841229193342,468,468,1156.3208221889506,79.92322649398935,1.5333483971493092,803.7251453109131,0,1,0,30,0,0,80,15,0.35
budget_30,budget,30 missions,45,505,P1,1562,1063,0.6805377720870679,499,499,1256.808489098638,79.52837784026667,1.4000858277745325,145.73478871283294,0.7968015051740357,0,0.20319849482596425,30,0,0,80,15,0.35
budget_30,budget,30 missions,45,505,P2,1562,1094,0.7003841229193342,468,468,1157.0093306635324,77.9323897877474,0.9695126091395357,565.8927042163913,0.28884826325411334,0.6361974405850092,0.07495429616087751,30,0,0,80,15,0.35
budget_30,budget,30 missions,45,505,P3-U,1562,1053,0.6741357234314981,509,509,1190.3186074869045,77.93238754677122,0.9987591415123479,358.8920399743773,0.3418803418803419,0.3409306742640076,0.31718898385565053,30,0,0,80,15,0.35
budget_30,budget,30 missions,45,505,P3-D,1562,851,0.5448143405889885,711,711,911.4486170119262,77.93238754677122,0.9999250940727421,347.92979050932604,0.3490011750881316,0.45475910693301996,0.19623971797884843,30,0,0,80,15,0.35
budget_30,budget,30 missions,45,506,P0,1521,1096,0.7205785667324129,425,425,1069.7743432604575,79.92322671614713,1.5333489997019485,805.1942729413603,0,1,0,30,0,0,80,15,0.35
budget_30,budget,30 missions,45,506,P1,1521,1064,0.6995397764628534,457,457,1175.1602292005894,79.42372966262707,1.3667536995457614,145.87208954854017,0.7885338345864662,0,0.21146616541353383,30,0,0,80,15,0.35
budget_30,budget,30 missions,45,506,P2,1521,1095,0.7199211045364892,426,426,1076.1764033842114,77.93239080859748,0.9695128370326315,566.0296837968043,0.28036529680365296,0.6356164383561644,0.08401826484018265,30,0,0,80,15,0.35
budget_30,budget,30 missions,45,506,P3-U,1521,1055,0.6936226166995397,466,466,1092.4827489525699,78.21560699793912,0.9983357029448955,359.1660448873117,0.3402843601895735,0.3402843601895735,0.3194312796208531,30,0,0,80,15,0.35
budget_30,budget,30 missions,45,506,P3-D,1521,948,0.6232741617357002,573,573,1113.710241710371,77.93238789812564,0.9999572509352224,360.0327783930892,0.3924050632911392,0.4061181434599156,0.20147679324894516,30,0,0,80,15,0.35
budget_30,budget,30 missions,45,507,P0,1491,1068,0.716297786720322,423,423,930.4500397906297,79.92322627183157,1.5333477945966703,784.6236520330423,0,1,0,30,0,0,80,15,0.35
budget_30,budget,30 missions,45,507,P1,1491,1046,0.7015425888665325,445,445,975.6811783760113,79.31665388778404,1.3334645294293632,143.40427493366238,0.7925430210325047,0,0.2074569789674952,30,0,0,80,15,0.35
budget_30,budget,30 missions,45,507,P2,1491,1068,0.716297786720322,423,423,931.7123645803249,77.93238965489726,0.9695125794822674,562.3281253518292,0.2705992509363296,0.651685393258427,0.07771535580524344,30,0,0,80,15,0.35
budget_30,budget,30 missions,45,507,P3-U,1491,1006,0.6747149564050973,485,485,1023.8475408552788,78.07320192573022,0.9999678204655705,351.85066908736474,0.3588469184890656,0.3558648111332008,0.2852882703777336,30,0,0,80,15,0.35
budget_30,budget,30 missions,45,507,P3-D,1491,915,0.613682092555332,576,576,896.8455552613001,77.93238789812564,0.9999580476839665,355.5086652742654,0.3879781420765027,0.4207650273224044,0.1912568306010929,30,0,0,80,15,0.35
budget_30,budget,30 missions,45,508,P0,1526,1097,0.718872870249017,429,429,1037.06705188035,79.92322649398935,1.5333483971493094,805.928970893963,0,1,0,30,0,0,80,15,0.35
budget_30,budget,30 missions,45,508,P1,1526,1062,0.6959370904325033,464,464,1161.5401545508353,79.52830323451926,1.4000640474422053,145.5978522577758,0.7947269303201506,0,0.20527306967984935,30,0,0,80,15,0.35
budget_30,budget,30 missions,45,508,P2,1526,1096,0.7182175622542595,430,430,1045.7018150783997,77.93239007267657,0.9695126727467059,566.1666950483689,0.29105839416058393,0.635036496350365,0.0739051094890511,30,0,0,80,15,0.35
budget_30,budget,30 missions,45,508,P3-U,1526,1050,0.6880733944954128,476,476,1094.4285311912445,77.93088712823064,0.9981881526900085,358.4811216386944,0.3419047619047619,0.3419047619047619,0.3161904761904762,30,0,0,80,15,0.35
budget_30,budget,30 missions,45,508,P3-D,1526,851,0.5576671035386632,675,675,833.5122356037466,77.93088712823064,0.9999253069409691,347.929830096521,0.3490011750881316,0.45475910693301996,0.19623971797884843,30,0,0,80,15,0.35
budget_30,budget,30 missions,45,509,P0,1549,1079,0.6965784377017431,470,470,1024.5505069490932,79.92322671614713,1.5333489997019485,792.7050474792322,0,1,0,30,0,0,80,15,0.35
budget_30,budget,30 missions,45,509,P1,1549,1055,0.6810845706907682,494,494,1076.392447139444,79.31665439869917,1.3334657345339245,144.63809114593874,0.7962085308056872,0,0.2037914691943128,30,0,0,80,15,0.35
budget_30,budget,30 missions,45,509,P2,1549,1079,0.6965784377017431,470,470,1025.221670911091,77.93239003946404,0.9695126653323887,563.8362425613192,0.27803521779425394,0.6450417052826691,0.07692307692307693,30,0,0,80,15,0.35
budget_30,budget,30 missions,45,509,P3-U,1549,1003,0.6475145255003227,546,546,1113.8200417480718,77.92938935551487,0.999943359923933,351.4394494764947,0.35992023928215355,0.35692921236291125,0.2831505483549352,30,0,0,80,15,0.35
budget_30,budget,30 missions,45,509,P3-D,1549,948,0.6120077469335055,601,601,1036.1465687347802,77.93111316436158,0.999993527309508,360.0327946742482,0.3924050632911392,0.4061181434599156,0.20147679324894516,30,0,0,80,15,0.35
budget_30,budget,30 missions,45,510,P0,1539,1080,0.7017543859649122,459,459,1000.9821949079724,79.92322604967376,1.533347192044031,793.4394496417173,0,1,0,30,0,0,80,15,0.35
budget_30,budget,30 missions,45,510,P1,1539,1053,0.6842105263157895,486,486,1064.2554830418296,79.42372966262707,1.366753699545761,144.3641922086353,0.8176638176638177,0,0.18233618233618235,30,0,0,80,15,0.35
budget_30,budget,30 missions,45,510,P2,1539,1080,0.7017543859649122,459,459,1002.1352845943528,77.93239055688089,0.9695127808397783,563.9733002232999,0.29444444444444445,0.6444444444444445,0.06111111111111111,30,0,0,80,15,0.35
budget_30,budget,30 missions,45,510,P3-U,1539,1003,0.6517218973359324,536,536,1099.9563372555176,77.9316377204941,0.9999427030698496,351.4397693896558,0.35992023928215355,0.35692921236291125,0.2831505483549352,30,0,0,80,15,0.35
budget_30,budget,30 missions,45,510,P3-D,1539,946,0.6146848602988954,593,593,1031.3731955162648,77.9316377204941,0.9999963803335512,359.7591260441574,0.3964059196617336,0.4069767441860465,0.19661733615221988,30,0,0,80,15,0.35
budget_30,budget,30 missions,45,511,P0,1565,1100,0.7028753993610224,465,465,1167.845414976473,79.92322627183157,1.53334779459667,808.1329615691712,0,1,0,30,0,0,80,15,0.35
budget_30,budget,30 missions,45,511,P1,1565,1064,0.6798722044728435,501,501,1284.6825450737917,79.31657606568898,1.3334439542015974,145.87205484562108,0.8139097744360902,0,0.18609022556390978,30,0,0,80,15,0.35
budget_30,budget,30 missions,45,511,P2,1565,1100,0.7028753993610224,465,465,1168.7660845101452,77.93238975453487,0.9695126017252187,566.7151313331988,0.2972727272727273,0.6327272727272727,0.07,30,0,0,80,15,0.35
budget_30,budget,30 missions,45,511,P3-U,1565,1056,0.6747603833865815,509,509,1212.392737415628,77.9316380386909,0.9966170623148121,359.30367547889057,0.3409090909090909,0.3399621212121212,0.3191287878787879,30,0,0,80,15,0.35
budget_30,budget,30 missions,45,511,P3-D,1565,851,0.5437699680511182,714,714,912.6043594264444,77.9316380386909,0.9999938284674298,347.929733175323,0.345475910693302,0.45475910693301996,0.199764982373678,30,0,0,80,15,0.35
budget_30,budget,30 missions,45,512,P0,1528,1093,0.7153141361256544,435,435,1069.4496467080182,79.92322649398935,1.5333483971493092,802.9901515681931,0,1,0,30,0,0,80,15,0.35
budget_30,budget,30 missions,45,512,P1,1528,1059,0.6930628272251309,469,469,1188.0592714383467,79.52830299121267,1.400063444889925,145.18678262071163,0.8234183191690274,0,0.17658168083097261,30,0,0,80,15,0.35
budget_30,budget,30 missions,45,512,P2,1528,1092,0.7146596858638743,436,436,1078.2262323338946,77.93239042403077,0.96951275118251,565.6184601022135,0.29304029304029305,0.6373626373626373,0.0695970695970696,30,0,0,80,15,0.35
budget_30,budget,30 missions,45,512,P3-U,1528,1049,0.6865183246073299,479,479,1126.5263253019587,77.93088923708513,0.995971942373534,358.3440677515225,0.34318398474737843,0.342230695900858,0.3145853193517636,30,0,0,80,15,0.35
budget_30,budget,30 missions,45,512,P3-D,1528,851,0.5569371727748691,677,677,860.0453320162751,77.93088923708513,0.9999602092843385,347.92981098316363,0.3525264394829612,0.45475910693301996,0.1927144535840188,30,0,0,80,15,0.35
budget_30,budget,30 missions,45,513,P0,1472,1065,0.7235054347826086,407,407,1027.25676063006,79.92322627183157,1.5333477945966703,782.4195925694345,0,1,0,30,0,0,80,15,0.35
budget_30,budget,30 missions,45,513,P1,1472,1038,0.7051630434782609,434,434,1078.2234914385717,79.42380633582145,1.366776082430369,142.30756001530867,0.7861271676300579,0,0.2138728323699422,30,0,0,80,15,0.35
budget_30,budget,30 missions,45,513,P2,1472,1065,0.7235054347826086,407,407,1027.9402101788985,77.93239039081824,0.9695127437681929,561.9167837908012,0.26666666666666666,0.6535211267605634,0.07981220657276995,30,0,0,80,15,0.35
budget_30,budget,30 missions,45,513,P3-U,1472,1007,0.6841032608695652,465,465,1092.4911201556833,77.92938826748804,0.9999735056522481,351.9875767180262,0.3584905660377358,0.3555114200595829,0.28599801390268126,30,0,0,80,15,0.35
budget_30,budget,30 missions,45,513,P3-D,1472,915,0.6216032608695652,557,557,981.5877760897063,77.93047033944407,0.9999582435966516,355.50869059340516,0.38907103825136613,0.4207650273224044,0.1901639344262295,30,0,0,80,15,0.35
budget_30,budget,30 missions,45,514,P0,1510,1085,0.7185430463576159,425,425,1014.7722176125548,79.92322671614713,1.5333489997019483,797.1129737989297,0,1,0,30,0,0,80,15,0.35
budget_30,budget,30 missions,45,514,P1,1510,1053,0.6973509933774834,457,457,1106.0003205534229,79.52830445105201,1.4000670602036096,144.3640100183102,0.8157644824311491,0,0.1842355175688509,30,0,0,80,15,0.35
budget_30,budget,30 missions,45,514,P2,1510,1084,0.7178807947019867,426,426,1023.0069124984185,77.93238997303898,0.9695126505037545,564.5218737762094,0.3007380073800738,0.6420664206642066,0.05719557195571956,30,0,0,80,15,0.35
budget_30,budget,30 missions,45,514,P3-U,1510,1004,0.6649006622516557,506,506,1158.4838107243866,78.35309665867133,0.9999464758910107,351.5770012559345,0.3595617529880478,0.3565737051792829,0.28386454183266935,30,0,0,80,15,0.35
budget_30,budget,30 missions,45,514,P3-D,1510,948,0.6278145695364239,562,562,1087.110735808863,77.92863978116296,0.9999963435781163,360.03332647286175,0.3924050632911392,0.4061181434599156,0.20147679324894516,30,0,0,80,15,0.35
budget_30,budget,30 missions,45,515,P0,1546,1095,0.7082794307891332,451,451,1094.893728183131,79.92322671614714,1.5333489997019483,804.4595268368782,0,1,0,30,0,0,80,15,0.35
budget_30,budget,30 missions,45,515,P1,1546,1061,0.6862871927554981,485,485,1200.1505282416706,79.52837686705695,1.400083417565409,145.4608637483402,0.8162111215834119,0,0.18378887841658811,30,0,0,80,15,0.35
budget_30,budget,30 missions,45,515,P2,1546,1094,0.7076326002587322,452,452,1103.1642843617524,77.93239035760573,0.9695127363538758,565.8925932842204,0.2906764168190128,0.6361974405850092,0.07312614259597806,30,0,0,80,15,0.35
budget_30,budget,30 missions,45,515,P3-U,1546,1049,0.6785252263906857,497,497,1154.7490035280941,77.9323878649131,0.9968707671508239,358.3440523410953,0.34318398474737843,0.342230695900858,0.3145853193517636,30,0,0,80,15,0.35
budget_30,budget,30 missions,45,515,P3-D,1546,851,0.5504527813712807,695,695,849.9812880965773,77.9323878649131,0.9999246382072388,347.92969368063365,0.34782608695652173,0.45475910693301996,0.19741480611045828,30,0,0,80,15,0.35
budget_30,budget,30 missions,45,516,P0,1558,1081,0.6938382541720154,477,477,1147.4661504178378,79.92322582751596,1.533346589491392,794.1741475943197,0,1,0,30,0,0,80,15,0.35
budget_30,budget,30 missions,45,516,P1,1558,1056,0.6777920410783055,502,502,1183.0503372815924,79.0940767647314,1.2668432310841928,144.77547873894366,0.803030303030303,0,0.19696969696969696,30,0,0,80,15,0.35
budget_30,budget,30 missions,45,516,P2,1558,1080,0.693196405648267,478,478,1153.4783111735583,77.9323901058891,0.9695126801610229,563.9735212723364,0.2916666666666667,0.6444444444444445,0.06388888888888888,30,0,0,80,15,0.35
budget_30,budget,30 missions,45,516,P3-U,1558,1006,0.6456996148908858,552,552,1203.84682186511,77.93163884117581,0.9999783602241735,351.8508347598829,0.35685884691848907,0.3558648111332008,0.28727634194831014,30,0,0,80,15,0.35
budget_30,budget,30 missions,45,516,P3-D,1558,947,0.6078305519897305,611,611,1158.808496461175,77.93163884117581,0.9999944120998768,359.89583122876445,0.3928194297782471,0.4065469904963041,0.2006335797254488,30,0,0,80,15,0.35
budget_30,budget,30 missions,45,517,P0,1579,1055,0.6681443951868271,524,524,1195.066850630726,79.92322627183157,1.5333477945966703,775.0728606816474,0,1,0,30,0,0,80,15,0.35
budget_30,budget,30 missions,45,517,P1,1579,1028,0.6510449651678277,551,551,1259.0278291300451,79.31657555476464,1.3334427490970355,140.93666853629898,0.8025291828793775,0,0.19747081712062256,30,0,0,80,15,0.35
budget_30,budget,30 missions,45,517,P2,1579,1055,0.6681443951868271,524,524,1195.7576695022533,77.93239049045583,0.9695127660111442,560.5458767572218,0.28056872037914693,0.6597156398104266,0.05971563981042654,30,0,0,80,15,0.35
budget_30,budget,30 missions,45,517,P3-U,1579,973,0.6162127929069031,606,606,1388.1255555679932,77.93013777913609,0.9999768249970048,347.3265140224438,0.3658787255909558,0.36793422404933196,0.26618705035971224,30,0,0,80,15,0.35
budget_30,budget,30 missions,45,517,P3-D,1579,915,0.5794806839772008,664,664,1143.8699504209533,77.93013777913609,0.999994001176427,355.5088992823211,0.3978142076502732,0.4207650273224044,0.1814207650273224,30,0,0,80,15,0.35
budget_30,budget,30 missions,45,518,P0,1445,1038,0.7183391003460208,407,407,1072.661153161595,79.92322649398935,1.5333483971493092,762.5836214618395,0,1,0,30,0,0,80,15,0.35
budget_30,budget,30 missions,45,518,P1,1445,1014,0.7017301038062284,431,431,1114.9609317087095,79.20671137774714,1.3001336063051532,139.0172157184629,0.7948717948717948,0,0.20512820512820512,30,0,0,80,15,0.35
budget_30,budget,30 missions,45,518,P2,1445,1038,0.7183391003460208,407,407,1073.4005593424513,77.93239157773078,0.9695130087328739,558.2151493698674,0.2649325626204239,0.6705202312138728,0.06454720616570328,30,0,0,80,15,0.35
budget_30,budget,30 missions,45,518,P3-U,1445,1003,0.6941176470588235,442,442,1155.19253817846,77.92863952922887,0.9998845735494784,351.43971138070077,0.3589232303090728,0.35692921236291125,0.28414755732801594,30,0,0,80,15,0.35
budget_30,budget,30 missions,45,518,P3-D,1445,851,0.5889273356401384,594,594,859.533689856697,77.92863952922887,0.9999586149086059,347.9295514007806,0.372502937720329,0.45475910693301996,0.172737955346651,30,0,0,80,15,0.35
budget_30,budget,30 missions,45,519,P0,1456,1073,0.7369505494505495,383,383,899.9279586100387,79.92322627183157,1.53334779459667,788.2970592499756,0,1,0,30,0,0,80,15,0.35
budget_30,budget,30 missions,45,519,P1,1456,1052,0.7225274725274725,404,404,937.2843259774382,79.31665363232645,1.3334639268770818,144.2267612369815,0.7918250950570342,0,0.20817490494296578,30,0,0,80,15,0.35
budget_30,budget,30 missions,45,519,P2,1456,1073,0.7369505494505495,383,383,900.9899746072828,77.93239000625151,0.9695126579180717,563.0136434735132,0.28611369990680335,0.6486486486486487,0.06523765144454799,30,0,0,80,15,0.35
budget_30,budget,30 missions,45,519,P3-U,1456,1006,0.6909340659340659,450,450,1001.7848715988773,77.93163782014895,0.9999426770753829,351.8508731122006,0.3588469184890656,0.3558648111332008,0.2852882703777336,30,0,0,80,15,0.35
budget_30,budget,30 missions,45,519,P3-D,1456,851,0.584478021978022,605,605,693.3567383373797,77.93163782014895,0.9999246568779874,347.92967765276774,0.3595769682726204,0.45475910693301996,0.18566392479435959,30,0,0,80,15,0.35
budget_30,budget,30 missions,45,520,P0,1533,1094,0.7136333985649054,439,439,1052.4184659650923,79.92322649398935,1.5333483971493094,803.725049007154,0,1,0,30,0,0,80,15,0.35
budget_30,budget,30 missions,45,520,P1,1533,1061,0.6921069797782127,472,472,1169.0323527763624,79.20679119362369,1.3001541815329178,145.46062950363643,0.7907634307257304,0,0.20923656927426956,30,0,0,80,15,0.35
budget_30,budget,30 missions,45,520,P2,1533,1094,0.7136333985649054,439,439,1053.1625294191297,77.93239039081824,0.9695127437681929,565.8927323491898,0.28793418647166363,0.6361974405850092,0.07586837294332724,30,0,0,80,15,0.35
budget_30,budget,30 missions,45,520,P3-U,1533,1050,0.684931506849315,483,483,1095.749058055075,77.93238831590511,0.9959414253897214,358.4809240194026,0.34285714285714286,0.3419047619047619,0.31523809523809526,30,0,0,80,15,0.35
budget_30,budget,30 missions,45,520,P3-D,1533,948,0.6183953033268101,585,585,1102.5691059437445,77.93238831590511,0.999994237127935,360.0329859767125,0.39029535864978904,0.4061181434599156,0.20358649789029537,30,0,0,80,15,0.35
budget_30,budget,30 missions,45,521,P0,1532,1067,0.6964751958224543,465,465,1092.6792152091589,79.92322604967377,1.533347192044031,783.8887958671211,0,1,0,30,0,0,80,15,0.35
budget_30,budget,30 missions,45,521,P1,1532,1042,0.6801566579634465,490,490,1145.4595812766054,79.42372941339082,1.36675309699348,142.85612135413507,0.8224568138195777,0,0.17754318618042225,30,0,0,80,15,0.35
budget_30,budget,30 missions,45,521,P2,1532,1067,0.6964751958224543,465,465,1093.384202856135,77.9323911267391,0.9695129080541184,562.1909558869457,0.27928772258669166,0.6522961574507966,0.06841611996251172,30,0,0,80,15,0.35
budget_30,budget,30 missions,45,521,P3-U,1532,1007,0.6573107049608355,525,525,1182.1708227479016,77.92651518853188,0.9999798902907685,351.98821672955205,0.3584905660377358,0.3555114200595829,0.28599801390268126,30,0,0,80,15,0.35
budget_30,budget,30 missions,45,521,P3-D,1532,851,0.5554830287206266,681,681,844.5146497390987,77.92638708173465,0.9999940844010083,347.9296612089266,0.3607520564042303,0.45475910693301996,0.1844888366627497,30,0,0,80,15,0.35
budget_30,budget,30 missions,45,522,P0,1510,1086,0.7192052980132451,424,424,1042.8738928530227,79.92322582751596,1.533346589491392,797.8475823266128,0,1,0,30,0,0,80,15,0.35
budget_30,budget,30 missions,45,522,P1,1510,1053,0.6973509933774834,457,457,1147.1557301981807,79.31673247484356,1.3334869123139705,144.36401001831015,0.8005698005698005,0,0.19943019943019943,30,0,0,80,15,0.35
budget_30,budget,30 missions,45,522,P2,1510,1086,0.7192052980132451,424,424,1043.5658079542682,77.93239049045583,0.9695127660111442,564.7958260027689,0.2937384898710866,0.6408839779005525,0.06537753222836096,30,0,0,80,15,0.35
budget_30,budget,30 missions,45,522,P3-U,1510,1004,0.6649006622516557,506,506,1145.4109275481323,78.21560750524579,0.9998359491272388,351.57672172654156,0.35856573705179284,0.3565737051792829,0.2848605577689243,30,0,0,80,15,0.35
budget_30,budget,30 missions,45,522,P3-D,1510,851,0.5635761589403974,659,659,837.1483024795436,77.92938724593193,0.9999941866950464,347.92956946028977,0.35605170387779084,0.45475910693301996,0.1891891891891892,30,0,0,80,15,0.35
budget_30,budget,30 missions,45,523,P0,1559,1087,0.6972418216805645,472,472,1143.6786327512443,79.92322582751596,1.533346589491392,798.5822527638554,0,1,0,30,0,0,80,15,0.35
budget_30,budget,30 missions,45,523,P1,1559,1060,0.6799230275817832,499,499,1214.6017455478316,79.31657504384022,1.3334415439924743,145.32371907576865,0.8075471698113208,0,0.19245283018867926,30,0,0,80,15,0.35
budget_30,budget,30 missions,45,523,P2,1559,1086,0.6966003848620911,473,473,1151.4564316344984,77.93239042403077,0.96951275118251,564.7959573181664,0.2937384898710866,0.6408839779005525,0.06537753222836096,30,0,0,80,15,0.35
budget_30,budget,30 missions,45,523,P3-U,1559,1047,0.6715843489416292,512,512,1176.4501293902633,78.35474212064015,0.9984643435143822,358.069690868961,0.3438395415472779,0.3428844317096466,0.3132760267430755,30,0,0,80,15,0.35
budget_30,budget,30 missions,45,523,P3-D,1559,851,0.5458627325208467,708,708,876.725582940327,77.92713890361554,0.9999229671995662,347.92949090732026,0.3525264394829612,0.45475910693301996,0.1927144535840188,30,0,0,80,15,0.35
budget_30,budget,30 missions,45,524,P0,1531,1086,0.7093403004572175,445,445,1019.1879518996717,79.92322649398935,1.5333483971493094,797.8477130245717,0,1,0,30,0,0,80,15,0.35
budget_30,budget,30 missions,45,524,P1,1531,1060,0.6923579359895493,471,471,1108.3647001397344,79.42380658505331,1.3667766849826495,145.3235629126328,0.7943396226415095,0,0.20566037735849058,30,0,0,80,15,0.35
budget_30,budget,30 missions,45,524,P2,1531,1086,0.7093403004572175,445,445,1019.8898585547263,77.93239049045583,0.9695127660111442,564.7959878098673,0.283609576427256,0.6408839779005525,0.07550644567219153,30,0,0,80,15,0.35
budget_30,budget,30 missions,45,524,P3-U,1531,1005,0.6564337034617896,526,526,1104.8707882848487,77.93013890020491,0.999935150358636,351.7139001758742,0.3582089552238806,0.3562189054726368,0.2855721393034826,30,0,0,80,15,0.35
budget_30,budget,30 missions,45,524,P3-D,1531,948,0.6192031352057479,583,583,1050.8110931234348,77.93013890020491,0.9999923070087098,360.0327557415712,0.39135021097046413,0.4061181434599156,0.20253164556962025,30,0,0,80,15,0.35
budget_30,budget,30 missions,45,525,P0,1514,1075,0.7100396301188904,439,439,1075.7425557867548,79.92322627183157,1.53334779459667,789.7662763053422,0,1,0,30,0,0,80,15,0.35
budget_30,budget,30 missions,45,525,P1,1514,1050,0.6935270805812418,464,464,1116.7960340564475,79.31657632115113,1.3334445567538782,143.952714812272,0.8104761904761905,0,0.1895238095238095,30,0,0,80,15,0.35
budget_30,budget,30 missions,45,525,P2,1514,1074,0.7093791281373845,440,440,1081.3325339599562,77.93239119316415,0.9695129228827527,563.1506900454356,0.27932960893854747,0.6480446927374302,0.07262569832402235,30,0,0,80,15,0.35
budget_30,budget,30 missions,45,525,P3-U,1514,1004,0.6631439894319683,510,510,1154.8477502208768,78.07537948302156,0.9999057765118081,351.57666478788707,0.3595617529880478,0.3565737051792829,0.28386454183266935,30,0,0,80,15,0.35
budget_30,budget,30 missions,45,525,P3-D,1514,851,0.5620871862615587,663,663,816.7198173620934,77.93238716220424,0.9999598461191992,347.92962378295965,0.3595769682726204,0.45475910693301996,0.18566392479435959,30,0,0,80,15,0.35
budget_30,budget,30 missions,45,526,P0,1484,1072,0.7223719676549866,412,412,1030.0503248223054,79.92322649398935,1.5333483971493092,787.562368176213,0,1,0,30,0,0,80,15,0.35
budget_30,budget,30 missions,45,526,P1,1484,1052,0.7088948787061995,432,432,1072.0246015074313,79.20663051235594,1.3001106208682638,144.2268393185494,0.779467680608365,0,0.22053231939163498,30,0,0,80,15,0.35
budget_30,budget,30 missions,45,526,P2,1484,1072,0.7223719676549866,412,412,1030.95079904242,77.93239080859748,0.9695128370326312,562.8765613279397,0.27611940298507465,0.6492537313432836,0.07462686567164178,30,0,0,80,15,0.35
budget_30,budget,30 missions,45,526,P3-U,1484,1007,0.6785714285714286,477,477,1137.2303253515565,77.93014040603948,0.9999763384314635,351.98782983943914,0.35749751737835156,0.3555114200595829,0.2869910625620655,30,0,0,80,15,0.35
budget_30,budget,30 missions,45,526,P3-D,1484,851,0.5734501347708895,633,633,798.0604247245344,77.93014040603948,0.9999574518673925,347.9296435672874,0.3607520564042303,0.45475910693301996,0.1844888366627497,30,0,0,80,15,0.35
budget_30,budget,30 missions,45,527,P0,1522,1086,0.7135348226018396,436,436,982.1458379706157,79.92322649398935,1.5333483971493094,797.847547932413,0,1,0,30,0,0,80,15,0.35
budget_30,budget,30 missions,45,527,P1,1522,1059,0.6957950065703022,463,463,1044.2343646380652,79.31665490961424,1.3334669396384862,145.18663513330557,0.7884796978281398,0,0.21152030217186024,30,0,0,80,15,0.35
budget_30,budget,30 missions,45,527,P2,1522,1085,0.7128777923784494,437,437,988.1959845502046,77.93239074217243,0.9695128222039973,564.6588700906431,0.28294930875576035,0.6414746543778802,0.07557603686635944,30,0,0,80,15,0.35
budget_30,budget,30 missions,45,527,P3-U,1522,1050,0.6898817345597897,472,472,999.2311170194231,78.21550735970027,0.9984626869984492,358.48095220573265,0.34285714285714286,0.3419047619047619,0.31523809523809526,30,0,0,80,15,0.35
budget_30,budget,30 missions,45,527,P3-D,1522,851,0.5591327201051248,671,671,750.8220897446735,77.93238831590511,0.99995906200132,347.9296963832473,0.3525264394829612,0.45475910693301996,0.1927144535840188,30,0,0,80,15,0.35
budget_30,budget,30 missions,45,528,P0,1559,1084,0.6953175112251443,475,475,1126.2350179235411,79.92322671614713,1.5333489997019485,796.3782483309674,0,1,0,30,0,0,80,15,0.35
budget_30,budget,30 missions,45,528,P1,1559,1058,0.6786401539448365,501,501,1177.6820754715238,79.42372941339082,1.3667530969934802,145.04951648792343,0.8052930056710775,0,0.1947069943289225,30,0,0,80,15,0.35
budget_30,budget,30 missions,45,528,P2,1559,1084,0.6953175112251443,475,475,1127.9707087540223,77.9323911267391,0.9695129080541184,564.5218654091992,0.29981549815498154,0.6420664206642066,0.058118081180811805,30,0,0,80,15,0.35
budget_30,budget,30 missions,45,528,P3-U,1559,1049,0.672867222578576,510,510,1138.5359059004438,77.93013781236584,0.9943151595668469,358.3438155008414,0.34318398474737843,0.342230695900858,0.3145853193517636,30,0,0,80,15,0.35
budget_30,budget,30 missions,45,528,P3-D,1559,947,0.6074406670942912,612,612,1159.0530817775918,77.93013781236584,0.9999967128876214,359.8962108573523,0.395987328405491,0.4065469904963041,0.19746568109820486,30,0,0,80,15,0.35
budget_30,budget,30 missions,45,529,P0,1472,1080,0.7336956521739131,392,392,921.4629491198765,79.92322604967376,1.5333471920440311,793.4394977935968,0,1,0,30,0,0,80,15,0.35
budget_30,budget,30 missions,45,529,P1,1472,1055,0.7167119565217391,417,417,970.2735911613845,79.42373115804435,1.366757314859446,144.63831671491263,0.8037914691943128,0,0.1962085308056872,30,0,0,80,15,0.35
budget_30,budget,30 missions,45,529,P2,1472,1080,0.7336956521739131,392,392,922.1709737209347,77.93239122637667,0.9695129302970698,563.9731928294824,0.2814814814814815,0.6444444444444445,0.07407407407407407,30,0,0,80,15,0.35
budget_30,budget,30 missions,45,529,P3-U,1472,1005,0.6827445652173914,467,467,986.8639330297544,77.93238610814073,0.9999780557432255,351.7138020566854,0.3582089552238806,0.3562189054726368,0.2855721393034826,30,0,0,80,15,0.35
budget_30,budget,30 missions,45,529,P3-D,1472,947,0.6433423913043478,525,525,959.9725283137843,77.93238610814073,0.9999947942556904,359.8959493689289,0.3938753959873284,0.4065469904963041,0.19957761351636746,30,0,0,80,15,0.35
budget_30,budget,30 missions,45,530,P0,1545,1084,0.7016181229773463,461,461,1057.5917164017935,79.92322627183157,1.5333477945966703,796.3782689674871,0,1,0,30,0,0,80,15,0.35
budget_30,budget,30 missions,45,530,P1,1545,1054,0.6822006472491909,491,491,1141.2976204429897,79.42373065957197,1.3667561097548844,144.5011199879626,0.8083491461100569,0,0.19165085388994307,30,0,0,80,15,0.35
budget_30,budget,30 missions,45,530,P2,1545,1084,0.7016181229773463,461,461,1058.282335096272,77.93238936996806,0.9695125158750973,564.5214660723366,0.28044280442804426,0.6420664206642066,0.07749077490774908,30,0,0,80,15,0.35
budget_30,budget,30 missions,45,530,P3-U,1545,1005,0.6504854368932039,540,540,1171.630090543035,77.93238754677122,0.9999783991243956,351.71377784492546,0.3592039800995025,0.3562189054726368,0.2845771144278607,30,0,0,80,15,0.35
budget_30,budget,30 missions,45,530,P3-D,1545,948,0.6135922330097088,597,597,1102.8121470531285,77.93238754677122,0.9999944311411839,360.03293466537554,0.39345991561181437,0.4061181434599156,0.20042194092827004,30,0,0,80,15,0.35
budget_30,budget,30 missions,80,501,P0,2681,1103,0.4114136516225289,1578,1578,2649.1338135971764,79.92322649398935,1.5333483971493092,810.3370279116189,0,1,0,30,0,0,80,15,0.35
budget_30,budget,30 missions,80,501,P1,2681,1071,0.39947780678851175,1610,1610,2726.0044925952297,79.09399485022186,1.2668226558564275,146.8316337671331,0.7843137254901961,0,0.21568627450980393,30,0,0,80,15,0.35
budget_30,budget,30 missions,80,501,P2,2681,1102,0.41104065647146587,1579,1579,2656.8806076617484,77.93239080859748,0.9695128370326312,566.9896982462682,0.29945553539019965,0.631578947368421,0.06896551724137931,30,0,0,80,15,0.35
budget_30,budget,30 missions,80,501,P3-U,2681,1058,0.39462886982469225,1623,1623,2638.8480703005353,77.93239080859748,0.9954238178355767,359.57773732858504,0.34026465028355385,0.3393194706994329,0.32041587901701324,30,0,0,80,15,0.35
budget_30,budget,30 missions,80,501,P3-D,2681,851,0.31741887355464377,1830,1830,2121.7450298954623,77.93239080859748,0.9999946956137132,347.9297087433675,0.3384253819036428,0.45475910693301996,0.20681551116333724,30,0,0,80,15,0.35
budget_30,budget,30 missions,80,502,P0,2595,1104,0.4254335260115607,1491,1491,2730.4867447610764,79.9232273826204,1.5333508073598656,811.0716364393022,0,1,0,30,0,0,80,15,0.35
budget_30,budget,30 missions,80,502,P1,2595,1066,0.41078998073217726,1529,1529,2819.9087926963584,79.31665388778404,1.3334645294293623,146.14624875773663,0.797373358348968,0,0.2026266416510319,30,0,0,80,15,0.35
budget_30,budget,30 missions,80,502,P2,2595,1104,0.4254335260115607,1491,1491,2731.3745024760633,77.93239007267657,0.9695126727467058,567.2637126911064,0.3007246376811594,0.6304347826086957,0.06884057971014493,30,0,0,80,15,0.35
budget_30,budget,30 missions,80,502,P3-U,2595,1057,0.4073217726396917,1538,1538,2727.5934902744993,77.93238796455073,0.9997299381234502,359.44073763848024,0.34058656575212864,0.33964049195837276,0.3197729422894986,30,0,0,80,15,0.35
budget_30,budget,30 missions,80,502,P3-D,2595,851,0.3279383429672447,1744,1744,2214.968483825206,77.93238796455073,0.9999244682321862,347.92966177093916,0.3396004700352526,0.45475910693301996,0.2056404230317274,30,0,0,80,15,0.35
budget_30,budget,30 missions,80,503,P0,2680,1103,0.4115671641791045,1577,1577,2657.3294770376647,79.92322649398935,1.5333483971493094,810.3367802733811,0,1,0,30,0,0,80,15,0.35
budget_30,budget,30 missions,80,503,P1,2680,1067,0.39813432835820894,1613,1613,2738.643066028319,79.20679224163267,1.300156591742042,146.2835495934439,0.8106841611996252,0,0.1893158388003749,30,0,0,80,15,0.35
budget_30,budget,30 missions,80,503,P2,2680,1102,0.41119402985074627,1578,1578,2665.1733610139363,77.93239119316415,0.9695129228827527,566.989628587137,0.30671506352087113,0.631578947368421,0.06170598911070781,30,0,0,80,15,0.35
budget_30,budget,30 missions,80,503,P3-U,2680,1053,0.39291044776119405,1627,1627,2651.547014388859,77.93238831590511,0.9996617406221238,358.8921428130725,0.3418803418803419,0.3409306742640076,0.31718898385565053,30,0,0,80,15,0.35
budget_30,budget,30 missions,80,503,P3-D,2680,851,0.3175373134328358,1829,1829,2138.512545601818,77.93238831590511,0.9999582230302072,347.92960080607725,0.3419506462984724,0.45475910693301996,0.20329024676850763,30,0,0,80,15,0.35
budget_30,budget,30 missions,80,504,P0,2672,1104,0.41317365269461076,1568,1568,2564.9470831788562,79.92322649398935,1.5333483971493092,811.0716089239426,0,1,0,30,0,0,80,15,0.35
budget_30,budget,30 missions,80,504,P1,2672,1069,0.4000748502994012,1603,1603,2650.4277567552986,79.31657734299958,1.3334469669630018,146.55755263950454,0.7885874649204865,0,0.21141253507951357,30,0,0,80,15,0.35
budget_30,budget,30 missions,80,504,P2,2672,1103,0.4127994011976048,1569,1569,2572.7612877317865,77.93239151130575,0.9695129939042398,567.1267083183818,0.2955575702629193,0.6310063463281959,0.07343608340888486,30,0,0,80,15,0.35
budget_30,budget,30 missions,80,504,P3-U,2672,1057,0.39558383233532934,1615,1615,2559.966812763483,77.93238575678618,0.9986482434394665,359.4406754202014,0.34058656575212864,0.33964049195837276,0.3197729422894986,30,0,0,80,15,0.35
budget_30,budget,30 missions,80,504,P3-D,2672,851,0.3184880239520958,1821,1821,2036.704213646731,77.93238575678618,0.9999581217491206,347.92963489155767,0.3419506462984724,0.45475910693301996,0.20329024676850763,30,0,0,80,15,0.35
budget_30,budget,30 missions,80,505,P0,2723,1101,0.4043334557473375,1622,1622,2686.8253075796856,79.92322671614713,1.5333489997019485,808.8676801582936,0,1,0,30,0,0,80,15,0.35
budget_30,budget,30 missions,80,505,P1,2723,1068,0.39221446933529197,1655,1655,2744.810642775684,79.20679197963044,1.3001559891897612,146.42043399412236,0.7808988764044944,0,0.21910112359550563,30,0,0,80,15,0.35
budget_30,budget,30 missions,80,505,P2,2723,1101,0.4043334557473375,1622,1622,2687.534077188934,77.93238946960568,0.9695125381180486,566.8521787758531,0.2815622161671208,0.6321525885558583,0.08628519527702089,30,0,0,80,15,0.35
budget_30,budget,30 missions,80,505,P3-U,2723,1059,0.3889092912229159,1664,1664,2669.9483840430353,77.93238933675553,0.9959395696222166,359.71464417912557,0.33994334277620397,0.33899905571293676,0.3210576015108593,30,0,0,80,15,0.35
budget_30,budget,30 missions,80,505,P3-D,2723,851,0.3125229526257804,1872,1872,2149.6647944470965,77.93238933675553,0.9999573170684755,347.9295638144327,0.3419506462984724,0.45475910693301996,0.20329024676850763,30,0,0,80,15,0.35
budget_30,budget,30 missions,80,506,P0,2721,1102,0.4049981624402793,1619,1619,2654.4342596011784,79.92322649398935,1.5333483971493094,809.6022955648168,0,1,0,30,0,0,80,15,0.35
budget_30,budget,30 missions,80,506,P1,2721,1071,0.3936052921719956,1650,1650,2727.930075435792,79.42373065957197,1.3667561097548846,146.83176390307958,0.7880485527544351,0,0.2119514472455649,30,0,0,80,15,0.35
budget_30,budget,30 missions,80,506,P2,2721,1102,0.4049981624402793,1619,1619,2655.0480238874934,77.9323901058891,0.9695126801610229,566.9890452630596,0.2767695099818512,0.631578947368421,0.09165154264972777,30,0,0,80,15,0.35
budget_30,budget,30 missions,80,506,P3-U,2721,1055,0.3877251010657846,1666,1666,2623.3400202808107,78.35493811444424,0.9987093317602708,359.1660450168966,0.3402843601895735,0.3402843601895735,0.3194312796208531,30,0,0,80,15,0.35
budget_30,budget,30 missions,80,506,P3-D,2721,851,0.312752664461595,1870,1870,2092.6094724571276,77.93238789812564,0.9999571592600535,347.9294709788501,0.3396004700352526,0.45475910693301996,0.2056404230317274,30,0,0,80,15,0.35
budget_30,budget,30 missions,80,507,P0,2762,1103,0.39934829833454016,1659,1659,2714.414501322933,79.92322649398935,1.5333483971493094,810.3369660020595,0,1,0,30,0,0,80,15,0.35
budget_30,budget,30 missions,80,507,P1,2762,1070,0.387400434467777,1692,1692,2793.753727395801,79.42372916415454,1.366752494441199,146.69467996061647,0.8,0,0.2,30,0,0,80,15,0.35
budget_30,budget,30 missions,80,507,P2,2762,1103,0.39934829833454016,1659,1659,2715.185085873162,77.93239013910164,0.9695126875753399,567.1264334180769,0.2883046237533998,0.6310063463281959,0.08068902991840435,30,0,0,80,15,0.35
budget_30,budget,30 missions,80,507,P3-U,2762,1053,0.38124547429398986,1709,1709,2706.184368507635,77.93238824948003,0.9996619133296075,358.8923107909613,0.3418803418803419,0.3409306742640076,0.31718898385565053,30,0,0,80,15,0.35
budget_30,budget,30 missions,80,507,P3-D,2762,851,0.30811006517016654,1911,1911,2157.737321598292,77.93238824948003,0.9999237462928138,347.9296102804675,0.3419506462984724,0.45475910693301996,0.20329024676850763,30,0,0,80,15,0.35
budget_30,budget,30 missions,80,508,P0,2805,1102,0.3928698752228164,1703,1703,2902.17600153062,79.92322671614713,1.5333489997019483,809.6023781108961,0,1,0,30,0,0,80,15,0.35
budget_30,budget,30 missions,80,508,P1,2805,1067,0.3803921568627451,1738,1738,2980.0428357518895,79.31657453291577,1.3334403388879117,146.28325461863184,0.795688847235239,0,0.204311152764761,30,0,0,80,15,0.35
budget_30,budget,30 missions,80,508,P2,2805,1102,0.3928698752228164,1703,1703,2903.0316229828295,77.9323901058891,0.9695126801610229,566.9895944462304,0.29038112522686027,0.631578947368421,0.0780399274047187,30,0,0,80,15,0.35
budget_30,budget,30 missions,80,508,P3-U,2805,1053,0.3754010695187166,1752,1752,2877.0967667144246,77.93238943639315,0.9955439512108104,358.8922998840194,0.3418803418803419,0.3409306742640076,0.31718898385565053,30,0,0,80,15,0.35
budget_30,budget,30 missions,80,508,P3-D,2805,851,0.3033868092691622,1954,1954,2316.933880321104,77.93238943639315,0.9999591254922456,347.92972128660426,0.3407755581668625,0.45475910693301996,0.2044653349001175,30,0,0,80,15,0.35
budget_30,budget,30 missions,80,509,P0,2656,1104,0.41566265060240964,1552,1552,2571.9072331383227,79.9232273826204,1.5333508073598656,811.0713819222244,0,1,0,30,0,0,80,15,0.35
budget_30,budget,30 missions,80,509,P1,2656,1069,0.40248493975903615,1587,1587,2645.39856906108,79.31657734299958,1.3334469669630018,146.55783026285712,0.8054256314312441,0,0.19457436856875585,30,0,0,80,15,0.35
budget_30,budget,30 missions,80,509,P2,2656,1103,0.41528614457831325,1553,1553,2579.7100704858603,77.9323901058891,0.9695126801610229,567.1267146352093,0.30643699002719854,0.6310063463281959,0.06255666364460562,30,0,0,80,15,0.35
budget_30,budget,30 missions,80,509,P3-U,2656,1057,0.3979668674698795,1599,1599,2572.2699483600786,77.93238691048744,0.9986473854705392,359.4407309056774,0.34058656575212864,0.33964049195837276,0.3197729422894986,30,0,0,80,15,0.35
budget_30,budget,30 missions,80,509,P3-D,2656,851,0.3204066265060241,1805,1805,2035.9968000468984,77.93238691048744,0.9999934568708697,347.9297092166637,0.345475910693302,0.45475910693301996,0.199764982373678,30,0,0,80,15,0.35
budget_30,budget,30 missions,80,510,P0,2733,1104,0.4039517014270033,1629,1629,2670.828423776235,79.92322582751595,1.533346589491392,811.0715676509027,0,1,0,30,0,0,80,15,0.35
budget_30,budget,30 missions,80,510,P1,2733,1069,0.3911452616172704,1664,1664,2765.9736509217614,79.31657504384022,1.3334415439924738,146.55760469388312,0.804490177736202,0,0.19550982226379796,30,0,0,80,15,0.35
budget_30,budget,30 missions,80,510,P2,2733,1104,0.4039517014270033,1629,1629,2671.632024972446,77.93239042403077,0.96951275118251,567.2637527846948,0.29438405797101447,0.6304347826086957,0.07518115942028986,30,0,0,80,15,0.35
budget_30,budget,30 missions,80,510,P3-U,2733,1056,0.38638858397365533,1677,1677,2658.238320630588,77.93238908503886,0.9986495136853869,359.3037801125811,0.3409090909090909,0.3399621212121212,0.3191287878787879,30,0,0,80,15,0.35
budget_30,budget,30 missions,80,510,P3-D,2733,851,0.31137943651664834,1882,1882,2140.3137029356994,77.93238908503886,0.9999255890452461,347.9297897106655,0.34430082256169214,0.45475910693301996,0.2009400705052879,30,0,0,80,15,0.35
budget_30,budget,30 missions,80,511,P0,2668,1103,0.4134182908545727,1565,1565,2604.6628053698723,79.92322627183157,1.53334779459667,810.3368077887408,0,1,0,30,0,0,80,15,0.35
budget_30,budget,30 missions,80,511,P1,2668,1067,0.39992503748125935,1601,1601,2687.947945645209,79.42372991186332,1.366754302098042,146.2835235662546,0.8200562324273665,0,0.17994376757263356,30,0,0,80,15,0.35
budget_30,budget,30 missions,80,511,P2,2668,1102,0.41304347826086957,1566,1566,2612.4741242315617,77.93239151130575,0.9695129939042398,566.9895783296481,0.3058076225045372,0.631578947368421,0.06261343012704174,30,0,0,80,15,0.35
budget_30,budget,30 missions,80,511,P3-U,2668,1055,0.3954272863568216,1613,1613,2606.549333643233,77.93238649270782,0.999698584292174,359.16661433208816,0.3412322274881517,0.3402843601895735,0.3184834123222749,30,0,0,80,15,0.35
budget_30,budget,30 missions,80,511,P3-D,2668,851,0.31896551724137934,1817,1817,2070.578111434797,77.93238649270782,0.9999577921016817,347.92972306495454,0.34312573443008226,0.45475910693301996,0.20211515863689777,30,0,0,80,15,0.35
budget_30,budget,30 missions,80,512,P0,2595,1104,0.4254335260115607,1491,1491,2515.936013484825,79.92322560535813,1.533345986938753,811.0713681645443,0,1,0,30,0,0,80,15,0.35
budget_30,budget,30 missions,80,512,P1,2595,1068,0.4115606936416185,1527,1527,2608.6330539794103,79.42373065957197,1.3667561097548844,146.42076367185354,0.8080524344569289,0,0.19194756554307116,30,0,0,80,15,0.35
budget_30,budget,30 missions,80,512,P2,2595,1104,0.4254335260115607,1491,1491,2516.733482599023,77.93239042403077,0.9695127511825101,567.2633199797908,0.286231884057971,0.6304347826086957,0.08333333333333333,30,0,0,80,15,0.35
budget_30,budget,30 missions,80,512,P3-U,2595,1055,0.40655105973025046,1540,1540,2506.2708933847716,77.93238905182632,0.9996639968339719,359.1666599419491,0.3412322274881517,0.3402843601895735,0.3184834123222749,30,0,0,80,15,0.35
budget_30,budget,30 missions,80,512,P3-D,2595,851,0.3279383429672447,1744,1744,1986.497112513007,77.93238905182632,0.9999248915214394,347.92975805805327,0.3419506462984724,0.45475910693301996,0.20329024676850763,30,0,0,80,15,0.35
budget_30,budget,30 missions,80,513,P0,2669,1104,0.4136380666916448,1565,1565,2596.7331958154477,79.92322649398935,1.5333483971493094,811.071526377863,0,1,0,30,0,0,80,15,0.35
budget_30,budget,30 missions,80,513,P1,2669,1067,0.39977519670288497,1602,1602,2687.88987513886,79.31665439869917,1.3334657345339245,146.28351489052483,0.8144329896907216,0,0.18556701030927836,30,0,0,80,15,0.35
budget_30,budget,30 missions,80,513,P2,2669,1104,0.4136380666916448,1565,1565,2597.591719482061,77.93239052366836,0.9695127734254614,567.2637115116552,0.3052536231884058,0.6304347826086957,0.06431159420289854,30,0,0,80,15,0.35
budget_30,budget,30 missions,80,513,P3-U,2669,1056,0.39565380292244284,1613,1613,2597.297163646202,77.93238901861378,0.9953175056032615,359.3039398159647,0.3409090909090909,0.3399621212121212,0.3191287878787879,30,0,0,80,15,0.35
budget_30,budget,30 missions,80,513,P3-D,2669,851,0.3188460097414762,1818,1818,2065.4093482024414,77.93238901861378,0.9999604118323374,347.92984156736986,0.3407755581668625,0.45475910693301996,0.2044653349001175,30,0,0,80,15,0.35
budget_30,budget,30 missions,80,514,P0,2721,1104,0.40573318632855565,1617,1617,2658.1655012404176,79.92322649398935,1.5333483971493094,811.0716226816223,0,1,0,30,0,0,80,15,0.35
budget_30,budget,30 missions,80,514,P1,2721,1068,0.39250275633958104,1653,1653,2739.5371871199627,79.42373016109956,1.3667549046503225,146.4204513455819,0.800561797752809,0,0.199438202247191,30,0,0,80,15,0.35
budget_30,budget,30 missions,80,514,P2,2721,1104,0.40573318632855565,1617,1617,2658.8739829533,77.93239035760573,0.9695127363538758,567.26351227859,0.29438405797101447,0.6304347826086957,0.07518115942028986,30,0,0,80,15,0.35
budget_30,budget,30 missions,80,514,P3-U,2721,1052,0.3866225652333701,1669,1669,2652.2079158004085,78.21740956679149,0.9959231284498999,358.75523913654706,0.34220532319391633,0.34125475285171103,0.31653992395437264,30,0,0,80,15,0.35
budget_30,budget,30 missions,80,514,P3-D,2721,851,0.312752664461595,1870,1870,2123.293871653634,77.93238962168473,0.9999601918870151,347.9299887831359,0.3396004700352526,0.45475910693301996,0.2056404230317274,30,0,0,80,15,0.35
budget_30,budget,30 missions,80,515,P0,2654,1103,0.41559909570459685,1551,1551,2686.490714023224,79.92322604967376,1.533347192044031,810.3369453655396,0,1,0,30,0,0,80,15,0.35
budget_30,budget,30 missions,80,515,P1,2654,1069,0.40278824415975883,1585,1585,2759.1834181391814,79.31665388778404,1.3334645294293628,146.55752661231526,0.8054256314312441,0,0.19457436856875585,30,0,0,80,15,0.35
budget_30,budget,30 missions,80,515,P2,2654,1103,0.41559909570459685,1551,1551,2687.2211527694926,77.93238972132232,0.9695125943109015,567.1264438906967,0.29465095194922936,0.6310063463281959,0.0743427017225748,30,0,0,80,15,0.35
budget_30,budget,30 missions,80,515,P3-U,2654,1053,0.3967596081386586,1601,1601,2677.160608436284,78.0753805726867,0.9996641589177013,358.892296146097,0.3418803418803419,0.3409306742640076,0.31718898385565053,30,0,0,80,15,0.35
budget_30,budget,30 missions,80,515,P3-D,2654,851,0.3206480783722683,1803,1803,2140.2121718066664,77.93238645949526,0.9999582851994904,347.9297385659926,0.3407755581668625,0.45475910693301996,0.2044653349001175,30,0,0,80,15,0.35
budget_30,budget,30 missions,80,516,P0,2650,1104,0.41660377358490563,1546,1546,2603.815292234228,79.92322627183157,1.5333477945966703,811.0713888010644,0,1,0,30,0,0,80,15,0.35
budget_30,budget,30 missions,80,516,P1,2650,1068,0.4030188679245283,1582,1582,2684.3006423566617,79.31657632115113,1.3334445567538782,146.42072029320468,0.8099250936329588,0,0.1900749063670412,30,0,0,80,15,0.35
budget_30,budget,30 missions,80,516,P2,2650,1104,0.41660377358490563,1546,1546,2604.601584077427,77.9323911267391,0.9695129080541185,567.2636361531353,0.30344202898550726,0.6304347826086957,0.0661231884057971,30,0,0,80,15,0.35
budget_30,budget,30 missions,80,516,P3-U,2650,1061,0.40037735849056605,1589,1589,2586.033401715353,77.93238824948003,0.9968690706104145,359.98875127832457,0.3393025447690858,0.3383600377002828,0.3223374175306315,30,0,0,80,15,0.35
budget_30,budget,30 missions,80,516,P3-D,2650,851,0.3211320754716981,1799,1799,2068.029374009154,77.93238824948003,0.9999597175580885,347.92977798652345,0.345475910693302,0.45475910693301996,0.199764982373678,30,0,0,80,15,0.35
budget_30,budget,30 missions,80,517,P0,2628,1104,0.4200913242009132,1524,1524,2524.346998452064,79.92322604967376,1.5333471920440311,811.0716089239426,0,1,0,30,0,0,80,15,0.35
budget_30,budget,30 missions,80,517,P1,2628,1070,0.4071537290715373,1558,1558,2598.703059593131,79.31673247484356,1.3334869123139705,146.6946539334272,0.8018691588785046,0,0.19813084112149532,30,0,0,80,15,0.35
budget_30,budget,30 missions,80,517,P2,2628,1104,0.4200913242009132,1524,1524,2525.197565959808,77.93238972132232,0.9695125943109015,567.2637162848861,0.2907608695652174,0.6304347826086957,0.07880434782608696,30,0,0,80,15,0.35
budget_30,budget,30 missions,80,517,P3-U,2628,1059,0.4029680365296804,1569,1569,2509.5538173239092,77.93238968810981,0.999764114283394,359.71495603608287,0.33994334277620397,0.33899905571293676,0.3210576015108593,30,0,0,80,15,0.35
budget_30,budget,30 missions,80,517,P3-D,2628,851,0.323820395738204,1777,1777,1972.7379664095483,77.93238968810981,0.999958689567195,347.92970495191366,0.3419506462984724,0.45475910693301996,0.20329024676850763,30,0,0,80,15,0.35
budget_30,budget,30 missions,80,518,P0,2684,1104,0.4113263785394933,1580,1580,2618.2636984882556,79.92322649398935,1.5333483971493094,811.071547014383,0,1,0,30,0,0,80,15,0.35
budget_30,budget,30 missions,80,518,P1,2684,1068,0.3979135618479881,1616,1616,2696.3041764200048,79.42372991186332,1.366754302098042,146.4205033999605,0.8071161048689138,0,0.19288389513108614,30,0,0,80,15,0.35
budget_30,budget,30 missions,80,518,P2,2684,1103,0.4109538002980626,1581,1581,2626.0928186789997,77.93239039081824,0.9695127437681931,567.1264286448461,0.2910244786944696,0.6310063463281959,0.07796917497733455,30,0,0,80,15,0.35
budget_30,budget,30 missions,80,518,P3-U,2684,1054,0.3926974664679583,1630,1630,2608.8396231301886,78.07527662987438,0.9996608354429245,359.02939820160094,0.3415559772296015,0.340607210626186,0.3178368121442125,30,0,0,80,15,0.35
budget_30,budget,30 missions,80,518,P3-D,2684,851,0.31706408345752607,1833,1833,2077.0231235195806,77.93238789812564,0.9999582542282424,347.92968772605707,0.3407755581668625,0.45475910693301996,0.2044653349001175,30,0,0,80,15,0.35
budget_30,budget,30 missions,80,519,P0,2586,1099,0.42498066511987626,1487,1487,2392.0003885103724,79.92322716046266,1.5333502048072263,807.398359920328,0,1,0,30,0,0,80,15,0.35
budget_30,budget,30 missions,80,519,P1,2586,1068,0.41299303944315546,1518,1518,2455.538357828439,79.31657453291575,1.3334403388879124,146.42036458828423,0.7921348314606742,0,0.20786516853932585,30,0,0,80,15,0.35
budget_30,budget,30 missions,80,519,P2,2586,1098,0.4245939675174014,1488,1488,2399.7413106784747,77.9323907089599,0.96951281478968,566.4411462006102,0.28506375227686703,0.6338797814207651,0.08105646630236794,30,0,0,80,15,0.35
budget_30,budget,30 missions,80,519,P3-U,2586,1058,0.4091260634184068,1528,1528,2381.343862824048,77.93238968810981,0.9988620354734355,359.57759675501103,0.34026465028355385,0.3393194706994329,0.32041587901701324,30,0,0,80,15,0.35
budget_30,budget,30 missions,80,519,P3-D,2586,851,0.3290796597061098,1735,1735,1877.9200333207252,77.93238968810981,0.9999930686216012,347.92957570315144,0.3419506462984724,0.45475910693301996,0.20329024676850763,30,0,0,80,15,0.35
budget_30,budget,30 missions,80,520,P0,2641,1104,0.41802347595607725,1537,1537,2690.473785027957,79.9232273826204,1.5333508073598656,811.0715814085828,0,1,0,30,0,0,80,15,0.35
budget_30,budget,30 missions,80,520,P1,2641,1069,0.40477092010602045,1572,1572,2777.957931641936,79.20671137774714,1.300133606305153,146.55761336961294,0.794200187090739,0,0.205799812909261,30,0,0,80,15,0.35
budget_30,budget,30 missions,80,520,P2,2641,1104,0.41802347595607725,1537,1537,2691.255162547136,77.93239115995162,0.9695129154684357,567.2637354332354,0.3007246376811594,0.6304347826086957,0.06884057971014493,30,0,0,80,15,0.35
budget_30,budget,30 missions,80,520,P3-U,2641,1055,0.39946989776599773,1586,1586,2674.8903513480977,77.93238828269256,0.9959276645744181,359.1663744765194,0.3412322274881517,0.3402843601895735,0.3184834123222749,30,0,0,80,15,0.35
budget_30,budget,30 missions,80,520,P3-D,2641,851,0.32222642938280954,1790,1790,2154.6005814449663,77.93238828269256,0.9999579851687499,347.92970101233544,0.3419506462984724,0.45475910693301996,0.20329024676850763,30,0,0,80,15,0.35
budget_30,budget,30 missions,80,521,P0,2703,1104,0.40843507214206437,1599,1599,2606.600600788933,79.92322627183157,1.5333477945966703,811.0716639546621,0,1,0,30,0,0,80,15,0.35
budget_30,budget,30 missions,80,521,P1,2703,1068,0.3951165371809101,1635,1635,2680.9526881153333,79.2067917176282,1.3001553866374802,146.4203992912033,0.7893258426966292,0,0.21067415730337077,30,0,0,80,15,0.35
budget_30,budget,30 missions,80,521,P2,2703,1103,0.40806511283758784,1600,1600,2614.3883303201465,77.93239039081824,0.9695127437681929,567.1265698154248,0.2873980054397099,0.6310063463281959,0.0815956482320943,30,0,0,80,15,0.35
budget_30,budget,30 missions,80,521,P3-U,2703,1055,0.3903070662227155,1648,1648,2598.21310807247,77.93238898540123,0.998737755614063,359.16651769917536,0.3402843601895735,0.3402843601895735,0.3194312796208531,30,0,0,80,15,0.35
budget_30,budget,30 missions,80,521,P3-D,2703,851,0.31483536810950796,1852,1852,2071.237202096382,77.93238898540123,0.9999241975478905,347.92964318649683,0.345475910693302,0.45475910693301996,0.199764982373678,30,0,0,80,15,0.35
budget_30,budget,30 missions,80,522,P0,2712,1104,0.40707964601769914,1608,1608,2734.0949399763767,79.92322649398935,1.5333483971493094,811.0715814085827,0,1,0,30,0,0,80,15,0.35
budget_30,budget,30 missions,80,522,P1,2712,1068,0.3938053097345133,1644,1644,2812.350390234078,79.42373016109956,1.3667549046503225,146.42052075142004,0.7902621722846442,0,0.20973782771535582,30,0,0,80,15,0.35
budget_30,budget,30 missions,80,522,P2,2712,1103,0.40671091445427726,1609,1609,2741.7728233422586,77.93238933675553,0.9695125084607803,567.126347278218,0.2846781504986401,0.6310063463281959,0.0843155031731641,30,0,0,80,15,0.35
budget_30,budget,30 missions,80,522,P3-U,2712,1057,0.38974926253687314,1655,1655,2733.3167919064526,77.93238933675553,0.9958838032963213,359.4411446732772,0.34058656575212864,0.33964049195837276,0.3197729422894986,30,0,0,80,15,0.35
budget_30,budget,30 missions,80,522,P3-D,2712,851,0.3137905604719764,1861,1861,2189.1179125278136,77.93238933675553,0.999960117264908,347.92994874307897,0.34312573443008226,0.45475910693301996,0.20211515863689777,30,0,0,80,15,0.35
budget_30,budget,30 missions,80,523,P0,2661,1103,0.41450582487786547,1558,1558,2640.0797963722075,79.9232269383049,1.5333496022545874,810.33689033482,0,1,0,30,0,0,80,15,0.35
budget_30,budget,30 missions,80,523,P1,2661,1066,0.4006012777151447,1595,1595,2727.0725899011063,79.20671085373293,1.300132401200591,146.14635286649386,0.8048780487804879,0,0.1951219512195122,30,0,0,80,15,0.35
budget_30,budget,30 missions,80,523,P2,2661,1103,0.41450582487786547,1558,1558,2640.8876466055667,77.93239032439318,0.9695127289395589,567.1265755148136,0.2928377153218495,0.6310063463281959,0.07615593834995467,30,0,0,80,15,0.35
budget_30,budget,30 missions,80,523,P3-U,2661,1053,0.39571589627959414,1608,1608,2628.084009484651,78.07537993788395,0.9996311220496039,358.89256582030896,0.3418803418803419,0.3409306742640076,0.31718898385565053,30,0,0,80,15,0.35
budget_30,budget,30 missions,80,523,P3-D,2661,851,0.319804584742578,1810,1810,2091.1345589645225,77.93238905182632,0.9999590858310712,347.929727675503,0.3419506462984724,0.45475910693301996,0.20329024676850763,30,0,0,80,15,0.35
budget_30,budget,30 missions,80,524,P0,2669,1103,0.41326339452978644,1566,1566,2789.71541763072,79.92322649398935,1.5333483971493092,810.33689033482,0,1,0,30,0,0,80,15,0.35
budget_30,budget,30 missions,80,524,P1,2669,1067,0.39977519670288497,1602,1602,2865.528491101116,79.20679145562596,1.3001547840851988,146.28341945749742,0.7928772258669166,0,0.20712277413308341,30,0,0,80,15,0.35
budget_30,budget,30 missions,80,524,P2,2669,1103,0.41326339452978644,1566,1566,2790.513002876458,77.93239049045583,0.9695127660111443,567.1264199691163,0.28649138712601996,0.6310063463281959,0.08250226654578423,30,0,0,80,15,0.35
budget_30,budget,30 missions,80,524,P3-U,2669,1059,0.396777819408018,1610,1610,2776.8075342081193,77.9323871954168,0.9956338666816662,359.71476821635304,0.33994334277620397,0.33899905571293676,0.3210576015108593,30,0,0,80,15,0.35
budget_30,budget,30 missions,80,524,P3-D,2669,851,0.3188460097414762,1818,1818,2240.741604579354,77.9323871954168,0.9999579433245879,347.92968077514587,0.3419506462984724,0.45475910693301996,0.20329024676850763,30,0,0,80,15,0.35
budget_30,budget,30 missions,80,525,P0,2621,1103,0.4208317436093094,1518,1518,2710.1496844453163,79.92322716046266,1.5333502048072265,810.3370072750992,0,1,0,30,0,0,80,15,0.35
budget_30,budget,30 missions,80,525,P1,2621,1070,0.4082411293399466,1551,1551,2790.831123700469,79.20671111574003,1.3001330037528722,146.694584527589,0.7925233644859813,0,0.20747663551401868,30,0,0,80,15,0.35
budget_30,budget,30 missions,80,525,P2,2621,1103,0.4208317436093094,1518,1518,2710.932460761357,77.93239039081824,0.9695127437681929,567.1264746911168,0.28558476881233,0.6310063463281959,0.08340888485947416,30,0,0,80,15,0.35
budget_30,budget,30 missions,80,525,P3-U,2621,1058,0.4036627241510874,1563,1563,2701.590139169833,77.93238652592039,0.9955597848356995,359.57784659136365,0.34026465028355385,0.3393194706994329,0.32041587901701324,30,0,0,80,15,0.35
budget_30,budget,30 missions,80,525,P3-D,2621,851,0.32468523464326593,1770,1770,2175.0343790970505,77.93238652592039,0.9999578191909975,347.929541381023,0.3419506462984724,0.45475910693301996,0.20329024676850763,30,0,0,80,15,0.35
budget_30,budget,30 missions,80,526,P0,2671,1104,0.4133283414451516,1567,1567,2721.178737040106,79.92322649398936,1.5333483971493094,811.0717533795812,0,1,0,30,0,0,80,15,0.35
budget_30,budget,30 missions,80,526,P1,2671,1070,0.4005990265818046,1601,1601,2797.617832171169,79.09407649584026,1.2668426285319117,146.69448909456162,0.7869158878504673,0,0.2130841121495327,30,0,0,80,15,0.35
budget_30,budget,30 missions,80,526,P2,2671,1103,0.4129539498315238,1568,1568,2728.851229948235,77.93238968810981,0.9695125868965845,567.1262150366623,0.2747053490480508,0.6310063463281959,0.0942883046237534,30,0,0,80,15,0.35
budget_30,budget,30 missions,80,526,P3-U,2671,1061,0.39722950205915386,1610,1610,2712.908982672653,77.93238748034612,0.996740348390389,359.98903402279365,0.3393025447690858,0.3383600377002828,0.3223374175306315,30,0,0,80,15,0.35
budget_30,budget,30 missions,80,526,P3-D,2671,851,0.31860726319730437,1820,1820,2193.989672660101,77.93238748034612,0.9999596611501631,347.9297838856737,0.34312573443008226,0.45475910693301996,0.20211515863689777,30,0,0,80,15,0.35
budget_30,budget,30 missions,80,527,P0,2693,1102,0.409209060527293,1591,1591,2686.7372220583393,79.92322671614713,1.5333489997019483,809.6022336552574,0,1,0,30,0,0,80,15,0.35
budget_30,budget,30 missions,80,527,P1,2693,1066,0.39584106943928704,1627,1627,2753.5884872301926,79.20671111574003,1.300133003752872,146.14630081211521,0.7908067542213884,0,0.20919324577861162,30,0,0,80,15,0.35
budget_30,budget,30 missions,80,527,P2,2693,1102,0.409209060527293,1591,1591,2687.5257614689667,77.93239154451827,0.9695130013185568,566.9895588725797,0.29764065335753176,0.631578947368421,0.07078039927404718,30,0,0,80,15,0.35
budget_30,budget,30 missions,80,527,P3-U,2693,1058,0.3928704047530635,1635,1635,2675.715208101809,77.93239154451827,0.9968438538083199,359.5777527925438,0.34026465028355385,0.3393194706994329,0.32041587901701324,30,0,0,80,15,0.35
budget_30,budget,30 missions,80,527,P3-D,2693,851,0.3160044559970293,1842,1842,2168.17968573449,77.93239154451827,0.9999603852892766,347.92979069244245,0.34312573443008226,0.45475910693301996,0.20211515863689777,30,0,0,80,15,0.35
budget_30,budget,30 missions,80,528,P0,2647,1103,0.4166981488477522,1544,1544,2690.347436608713,79.9232273826204,1.5333508073598658,810.3370485481389,0,1,0,30,0,0,80,15,0.35
budget_30,budget,30 missions,80,528,P1,2647,1071,0.40460899131091804,1576,1576,2762.8174029232537,79.20671137774714,1.3001336063051525,146.83162509140334,0.7936507936507936,0,0.20634920634920634,30,0,0,80,15,0.35
budget_30,budget,30 missions,80,528,P2,2647,1103,0.4166981488477522,1544,1544,2691.072077489944,77.93239003946404,0.9695126653323887,567.1262982001803,0.2937443336355394,0.6310063463281959,0.07524932003626474,30,0,0,80,15,0.35
budget_30,budget,30 missions,80,528,P3-U,2647,1062,0.4012089157536834,1585,1585,2680.347588659709,77.93238898540123,0.9961742938858807,360.1261283658051,0.3389830508474576,0.3380414312617702,0.3229755178907721,30,0,0,80,15,0.35
budget_30,budget,30 missions,80,528,P3-D,2647,851,0.3214960332451832,1796,1796,2180.9200069928747,77.93238898540123,0.9999594846368365,347.92967977691643,0.34312573443008226,0.45475910693301996,0.20211515863689777,30,0,0,80,15,0.35
budget_30,budget,30 missions,80,529,P0,2705,1104,0.4081330868761553,1601,1601,2620.47653660094,79.92322627183157,1.5333477945966703,811.0715814085827,0,1,0,30,0,0,80,15,0.35
budget_30,budget,30 missions,80,529,P1,2705,1068,0.39482439926062846,1637,1637,2705.81873693551,79.73018680726452,1.4666853457873754,146.42052942714975,0.7968164794007491,0,0.20318352059925093,30,0,0,80,15,0.35
budget_30,budget,30 missions,80,529,P2,2705,1103,0.4077634011090573,1602,1602,2628.340360521879,77.93239080859748,0.9695128370326315,567.1266894787516,0.2991840435176791,0.6310063463281959,0.06980961015412511,30,0,0,80,15,0.35
budget_30,budget,30 missions,80,529,P3-U,2705,1055,0.3900184842883549,1650,1650,2613.4274657581395,77.93238831590511,0.9986172361572617,359.16656234978086,0.3412322274881517,0.3402843601895735,0.3184834123222749,30,0,0,80,15,0.35
budget_30,budget,30 missions,80,529,P3-D,2705,851,0.3146025878003697,1854,1854,2086.113511930499,77.93238831590511,0.9999592909492312,347.929814142621,0.3407755581668625,0.45475910693301996,0.2044653349001175,30,0,0,80,15,0.35
budget_30,budget,30 missions,80,530,P0,2691,1103,0.409884801189149,1588,1588,2557.068108024061,79.92322582751596,1.533346589491392,810.3367114849816,0,1,0,30,0,0,80,15,0.35
budget_30,budget,30 missions,80,530,P1,2691,1064,0.39539204756596064,1627,1627,2639.453160321637,79.31657606568898,1.3334439542015972,145.8723671718927,0.818609022556391,0,0.18139097744360902,30,0,0,80,15,0.35
budget_30,budget,30 missions,80,530,P2,2691,1103,0.409884801189149,1588,1588,2557.903351320754,77.93238972132232,0.9695125943109015,567.1265055469629,0.29827742520398914,0.6310063463281959,0.07071622846781506,30,0,0,80,15,0.35
budget_30,budget,30 missions,80,530,P3-U,2691,1056,0.39241917502787066,1635,1635,2544.239950023378,77.9323864262827,0.9987763373044585,359.30370551564215,0.3409090909090909,0.3399621212121212,0.3191287878787879,30,0,0,80,15,0.35
budget_30,budget,30 missions,80,530,P3-D,2691,851,0.3162393162393162,1840,1840,2035.4954691163277,77.9323864262827,0.9999578686513841,347.92970812782346,0.3372502937720329,0.45475910693301996,0.20799059929494712,30,0,0,80,15,0.35
source_minus_1,source level,-1 dB,45,501,P0,1547,1092,0.7058823529411765,455,455,1119.6746476384355,78.92322604967376,1.8269714524136569,637.2542347651955,0,1,0,20,-1,0,80,15,0.35
source_minus_1,source level,-1 dB,45,501,P1,1547,1062,0.6864899806076277,485,485,1199.3531207973365,78.42372966262707,1.6284765801946008,115.65258833422251,0.7862523540489642,0,0.2137476459510358,20,-1,0,80,15,0.35
source_minus_1,source level,-1 dB,45,501,P2,1547,1092,0.7058823529411765,455,455,1122.2988464209946,76.29332391204399,0.9970986613996411,403.7187960329928,0.34615384615384615,0.5494505494505495,0.1043956043956044,20,-1,0,80,15,0.35
source_minus_1,source level,-1 dB,45,501,P3-U,1547,1087,0.702650290885585,460,460,1124.9272904182285,76.45855060937838,0.9999287342833201,323.4307502635269,0.39742410303587855,0.39742410303587855,0.20515179392824287,20,-1,0,80,15,0.35
source_minus_1,source level,-1 dB,45,501,P3-D,1547,973,0.6289592760180995,574,574,1394.51624647259,76.2933222453509,0.9999958731009229,316.7115553742471,0.4131551901336074,0.4563206577595067,0.13052415210688592,20,-1,0,80,15,0.35
source_minus_1,source level,-1 dB,45,502,P0,1485,1088,0.7326599326599327,397,397,960.1162571760914,78.92322582751595,1.8269707344767956,634.9199077026079,0,1,0,20,-1,0,80,15,0.35
source_minus_1,source level,-1 dB,45,502,P1,1485,1060,0.7138047138047138,425,425,1039.0841461137486,78.31657734299957,1.5887918630492563,115.43484349905653,0.8169811320754717,0,0.1830188679245283,20,-1,0,80,15,0.35
source_minus_1,source level,-1 dB,45,502,P2,1485,1087,0.731986531986532,398,398,968.5483290004366,76.29332309793635,0.9970984744883196,403.17432594663677,0.3624655013799448,0.5519779208831647,0.08555657773689053,20,-1,0,80,15,0.35
source_minus_1,source level,-1 dB,45,502,P3-U,1485,1081,0.7279461279461279,404,404,982.6003669088174,76.29332098571123,0.9994381708355299,322.77791808370193,0.3996299722479186,0.3996299722479186,0.20074005550416282,20,-1,0,80,15,0.35
source_minus_1,source level,-1 dB,45,502,P3-D,1485,973,0.6552188552188553,512,512,1251.1648443811723,76.29332098571123,0.9999967601892494,316.7118124741673,0.43782117163412126,0.4563206577595067,0.10585817060637205,20,-1,0,80,15,0.35
source_minus_1,source level,-1 dB,45,503,P0,1516,1097,0.7236147757255936,419,419,1070.7535533209925,78.92322671614713,1.82697360622424,640.1722460444951,0,1,0,20,-1,0,80,15,0.35
source_minus_1,source level,-1 dB,45,503,P1,1516,1067,0.7038258575197889,449,449,1158.9192538044313,78.5283785701738,1.6681937098672492,116.19686427992356,0.8134957825679475,0,0.18650421743205248,20,-1,0,80,15,0.35
source_minus_1,source level,-1 dB,45,503,P2,1516,1097,0.7236147757255936,419,419,1071.8593783643798,76.29332350499018,0.9970985679439804,404.26326966563636,0.37101185050136737,0.5469462169553327,0.0820419325432999,20,-1,0,80,15,0.35
source_minus_1,source level,-1 dB,45,503,P3-U,1516,1087,0.7170184696569921,429,429,1076.460447431006,76.29158221501446,0.9998216034925262,323.4310461611998,0.39742410303587855,0.39742410303587855,0.20515179392824287,20,-1,0,80,15,0.35
source_minus_1,source level,-1 dB,45,503,P3-D,1516,1063,0.7011873350923483,453,453,1102.4226860228316,76.29158221501446,0.9999929825206239,326.5130953170102,0.4158043273753528,0.41768579492003766,0.1665098777046096,20,-1,0,80,15,0.35
source_minus_1,source level,-1 dB,45,504,P0,1522,1096,0.7201051248357424,426,426,1057.750479511096,78.92322604967376,1.826971452413656,639.5884853309881,0,1,0,20,-1,0,80,15,0.35
source_minus_1,source level,-1 dB,45,504,P1,1522,1065,0.6997371879106439,457,457,1151.0884008367207,78.20671111574003,1.5490985306666973,115.97927105505401,0.8131455399061033,0,0.18685446009389672,20,-1,0,80,15,0.35
source_minus_1,source level,-1 dB,45,504,P2,1522,1095,0.7194480946123522,427,427,1065.7401914863042,76.29332484158441,0.997098874813269,404.0456930781618,0.37990867579908677,0.547945205479452,0.07214611872146119,20,-1,0,80,15,0.35
source_minus_1,source level,-1 dB,45,504,P3-U,1522,1087,0.71419185282523,435,435,1075.5575230957033,76.2915878167773,0.9998908878370346,323.4310937091926,0.39742410303587855,0.39742410303587855,0.20515179392824287,20,-1,0,80,15,0.35
source_minus_1,source level,-1 dB,45,504,P3-D,1522,1064,0.6990801576872536,458,458,1091.3598403429992,76.2915878167773,0.9999674213058899,326.622353955013,0.41353383458646614,0.41729323308270677,0.16917293233082706,20,-1,0,80,15,0.35
source_minus_1,source level,-1 dB,45,505,P0,1562,1094,0.7003841229193342,468,468,1156.3208221889506,78.92322649398936,1.8269728882873786,638.4215758783351,0,1,0,20,-1,0,80,15,0.35
source_minus_1,source level,-1 dB,45,505,P1,1562,1063,0.6805377720870679,499,499,1256.808489098638,78.52837784026666,1.668191556057946,115.76125745618074,0.7968015051740357,0,0.20319849482596425,20,-1,0,80,15,0.35
source_minus_1,source level,-1 dB,45,505,P2,1562,1094,0.7003841229193342,468,468,1157.4432645760837,76.29332488006204,0.9970988836473711,403.93668007899475,0.3592321755027422,0.5484460694698354,0.0923217550274223,20,-1,0,80,15,0.35
source_minus_1,source level,-1 dB,45,505,P3-U,1562,1086,0.6952624839948783,476,476,1169.5491888926533,76.6210482477231,0.9999315770060881,323.3221173136737,0.39779005524861877,0.39779005524861877,0.20441988950276244,20,-1,0,80,15,0.35
source_minus_1,source level,-1 dB,45,505,P3-D,1562,1063,0.6805377720870679,499,499,1181.8453333648667,76.29332143124294,0.9999971197730143,326.51321631918125,0.4129821260583255,0.41768579492003766,0.16933207902163688,20,-1,0,80,15,0.35
source_minus_1,source level,-1 dB,45,506,P0,1521,1096,0.7205785667324129,425,425,1069.7743432604575,78.92322671614713,1.8269736062242399,639.5885454356128,0,1,0,20,-1,0,80,15,0.35
source_minus_1,source level,-1 dB,45,506,P1,1521,1064,0.6995397764628534,457,457,1175.1602292005894,78.42372966262707,1.6284765801946004,115.87031938663426,0.7885338345864662,0,0.21146616541353383,20,-1,0,80,15,0.35
source_minus_1,source level,-1 dB,45,506,P2,1521,1094,0.7192636423405654,427,427,1082.2465907907376,76.2933247646291,0.9970988571450651,403.9365902898944,0.3473491773308958,0.5484460694698354,0.10420475319926874,20,-1,0,80,15,0.35
source_minus_1,source level,-1 dB,45,506,P3-U,1521,1087,0.7146614069690993,434,434,1087.849686546097,76.29332098571123,0.9999292306752038,323.430709837409,0.39650413983440663,0.39742410303587855,0.20607175712971482,20,-1,0,80,15,0.35
source_minus_1,source level,-1 dB,45,506,P3-D,1521,1064,0.6995397764628534,457,457,1107.0775427527465,76.29332098571123,0.9999485702590151,326.62203349042187,0.4144736842105263,0.41729323308270677,0.16823308270676693,20,-1,0,80,15,0.35
source_minus_1,source level,-1 dB,45,507,P0,1491,1068,0.716297786720322,423,423,930.4500397906297,78.92322627183157,1.826972170350518,623.2487204423261,0,1,0,20,-1,0,80,15,0.35
source_minus_1,source level,-1 dB,45,507,P1,1491,1046,0.7015425888665325,445,445,975.6811783760113,78.31665388778403,1.5888127885936076,113.9100645599716,0.7925430210325047,0,0.2074569789674952,20,-1,0,80,15,0.35
source_minus_1,source level,-1 dB,45,507,P2,1491,1068,0.716297786720322,423,423,932.1359018616198,76.29332302098102,0.9970984568201153,401.10518502023604,0.3389513108614232,0.5617977528089888,0.09925093632958802,20,-1,0,80,15,0.35
source_minus_1,source level,-1 dB,45,507,P3-U,1491,1065,0.7142857142857143,426,426,940.6191526628114,76.45747052932796,0.9970979895418111,321.03498863868845,0.40657276995305164,0.4056338028169014,0.18779342723004694,20,-1,0,80,15,0.35
source_minus_1,source level,-1 dB,45,507,P3-D,1491,971,0.6512407780013414,520,520,1116.0917900516472,76.29332098571123,0.9999121129182199,316.49403244644236,0.4387229660144181,0.4572605561277034,0.10401647785787847,20,-1,0,80,15,0.35
source_minus_1,source level,-1 dB,45,508,P0,1526,1097,0.718872870249017,429,429,1037.06705188035,78.92322649398936,1.826972888287379,640.1721367633593,0,1,0,20,-1,0,80,15,0.35
source_minus_1,source level,-1 dB,45,508,P1,1526,1062,0.6959370904325033,464,464,1161.5401545508353,78.52830323451926,1.6681656049585523,115.65248496356585,0.7947269303201506,0,0.20527306967984935,20,-1,0,80,15,0.35
source_minus_1,source level,-1 dB,45,508,P2,1526,1095,0.7175622542595019,431,431,1054.058633775242,76.29332346651252,0.9970985591098783,404.0454894367136,0.3643835616438356,0.547945205479452,0.08767123287671233,20,-1,0,80,15,0.35
source_minus_1,source level,-1 dB,45,508,P3-U,1526,1085,0.7110091743119266,441,441,1078.9154257344917,76.2907140903385,0.9998787639737793,323.21342221370844,0.39815668202764976,0.39815668202764976,0.20368663594470046,20,-1,0,80,15,0.35
source_minus_1,source level,-1 dB,45,508,P3-D,1526,1063,0.6965923984272608,463,463,1088.6450642876382,76.29109735828852,0.999866413158859,326.5132515264668,0.4167450611476952,0.41768579492003766,0.16556914393226718,20,-1,0,80,15,0.35
source_minus_1,source level,-1 dB,45,509,P0,1549,1079,0.6965784377017431,470,470,1024.5505069490932,78.92322671614713,1.82697360622424,629.6680010212073,0,1,0,20,-1,0,80,15,0.35
source_minus_1,source level,-1 dB,45,509,P1,1549,1055,0.6810845706907682,494,494,1076.392447139444,78.31665439869917,1.5888142244664771,114.89011961384328,0.7962085308056872,0,0.2037914691943128,20,-1,0,80,15,0.35
source_minus_1,source level,-1 dB,45,509,P2,1549,1079,0.6965784377017431,470,470,1025.6177242557924,76.29332383508867,0.9970986437314372,402.30316216730904,0.35032437442076,0.5560704355885079,0.09360518999073215,20,-1,0,80,15,0.35
source_minus_1,source level,-1 dB,45,509,P3-U,1549,1075,0.6939961265332473,474,474,1033.0177901747027,76.93111316436158,0.9982754769872619,322.1242894994067,0.4018604651162791,0.4018604651162791,0.19627906976744186,20,-1,0,80,15,0.35
source_minus_1,source level,-1 dB,45,509,P3-D,1549,971,0.6268560361523564,578,578,1262.242149480957,76.62391683102706,0.9999781141771171,316.4940405199153,0.43666323377960864,0.4572605561277034,0.10607621009268794,20,-1,0,80,15,0.35
source_minus_1,source level,-1 dB,45,510,P0,1539,1080,0.7017543859649122,459,459,1000.9821949079724,78.92322604967377,1.8269714524136564,630.2513573945114,0,1,0,20,-1,0,80,15,0.35
source_minus_1,source level,-1 dB,45,510,P1,1539,1053,0.6842105263157895,486,486,1064.2554830418296,78.42372966262707,1.6284765801946004,114.67255395448218,0.8176638176638177,0,0.18233618233618235,20,-1,0,80,15,0.35
source_minus_1,source level,-1 dB,45,510,P2,1539,1079,0.7011046133853152,460,460,1008.5679859594085,76.29332447300834,0.9970987901917102,402.30325106356474,0.3697868396663577,0.5560704355885079,0.07414272474513438,20,-1,0,80,15,0.35
source_minus_1,source level,-1 dB,45,510,P3-U,1539,1072,0.6965562053281351,467,467,1017.9127664431552,76.29158347515853,0.9979448969974383,321.7976379343976,0.40298507462686567,0.40298507462686567,0.19402985074626866,20,-1,0,80,15,0.35
source_minus_1,source level,-1 dB,45,510,P3-D,1539,971,0.6309291747888239,568,568,1258.8514065651304,76.45985905941244,0.9999239899194238,316.49423659306603,0.4428424304840371,0.4572605561277034,0.09989701338825953,20,-1,0,80,15,0.35
source_minus_1,source level,-1 dB,45,511,P0,1565,1100,0.7028753993610224,465,465,1167.845414976473,78.92322627183157,1.826972170350518,641.9228287857463,0,1,0,20,-1,0,80,15,0.35
source_minus_1,source level,-1 dB,45,511,P1,1565,1064,0.6798722044728435,501,501,1284.6825450737917,78.31657606568898,1.5887882733670835,115.87029182112582,0.8139097744360902,0,0.18609022556390978,20,-1,0,80,15,0.35
source_minus_1,source level,-1 dB,45,511,P2,1565,1099,0.7022364217252396,466,466,1177.0703071582768,76.293323136414,0.9970984833224217,404.4809988443054,0.36942675159235666,0.545950864422202,0.08462238398544131,20,-1,0,80,15,0.35
source_minus_1,source level,-1 dB,45,511,P3-U,1565,1088,0.6952076677316293,477,477,1178.410080544842,76.45783484460343,0.999873694604068,323.5397420277965,0.39705882352941174,0.39705882352941174,0.20588235294117646,20,-1,0,80,15,0.35
source_minus_1,source level,-1 dB,45,511,P3-D,1565,1062,0.678594249201278,503,503,1208.1957552198526,76.29245268597712,0.9999660739196937,326.40425323370386,0.4152542372881356,0.4180790960451977,0.16666666666666666,20,-1,0,80,15,0.35
source_minus_1,source level,-1 dB,45,512,P0,1528,1093,0.7153141361256544,435,435,1069.4496467080182,78.92322649398936,1.8269728882873792,637.8377495961469,0,1,0,20,-1,0,80,15,0.35
source_minus_1,source level,-1 dB,45,512,P1,1528,1059,0.6930628272251309,469,469,1188.0592714383467,78.52830299121267,1.6681648870221173,115.3259607444079,0.8234183191690274,0,0.17658168083097261,20,-1,0,80,15,0.35
source_minus_1,source level,-1 dB,45,512,P2,1528,1092,0.7146596858638743,436,436,1078.699292642273,76.29332443453069,0.9970987813576082,403.71891436849944,0.36996336996337,0.5494505494505495,0.08058608058608059,20,-1,0,80,15,0.35
source_minus_1,source level,-1 dB,45,512,P3-U,1528,1086,0.7107329842931938,442,442,1093.6160949541033,76.45926678189862,0.9999896832038724,323.3223087729377,0.39779005524861877,0.39779005524861877,0.20441988950276244,20,-1,0,80,15,0.35
source_minus_1,source level,-1 dB,45,512,P3-D,1528,973,0.6367801047120419,555,555,1368.1590592713892,76.29158640266228,0.9999966984257658,316.7120416635847,0.4316546762589928,0.4563206577595067,0.11202466598150052,20,-1,0,80,15,0.35
source_minus_1,source level,-1 dB,45,513,P0,1472,1065,0.7235054347826086,407,407,1027.25676063006,78.92322627183157,1.8269721703505177,621.4979737793714,0,1,0,20,-1,0,80,15,0.35
source_minus_1,source level,-1 dB,45,513,P1,1472,1038,0.7051630434782609,434,434,1078.2234914385717,78.42380633582145,1.6285032492304283,113.03891293487993,0.7861271676300579,0,0.2138728323699422,20,-1,0,80,15,0.35
source_minus_1,source level,-1 dB,45,513,P2,1472,1065,0.7235054347826086,407,407,1028.3440835853123,76.2933240659546,0.9970986967360493,400.77853129223325,0.3389671361502347,0.5633802816901409,0.09765258215962441,20,-1,0,80,15,0.35
source_minus_1,source level,-1 dB,45,513,P3-U,1472,996,0.6766304347826086,476,476,1119.7439495396138,76.45997893014798,0.999913906982138,313.52060505091566,0.4267068273092369,0.43373493975903615,0.1395582329317269,20,-1,0,80,15,0.35
source_minus_1,source level,-1 dB,45,513,P3-D,1472,969,0.6582880434782609,503,503,1245.6512315673356,76.29109731979113,0.9999780841340903,316.2762695465612,0.4282765737874097,0.4582043343653251,0.11351909184726522,20,-1,0,80,15,0.35
source_minus_1,source level,-1 dB,45,514,P0,1510,1085,0.7185430463576159,425,425,1014.7722176125548,78.92322671614713,1.82697360622424,633.169341353527,0,1,0,20,-1,0,80,15,0.35
source_minus_1,source level,-1 dB,45,514,P1,1510,1053,0.6973509933774834,457,457,1106.0003205534229,78.528304451052,1.6681691946407249,114.67240923556282,0.8157644824311491,0,0.1842355175688509,20,-1,0,80,15,0.35
source_minus_1,source level,-1 dB,45,514,P2,1510,1083,0.7172185430463576,427,427,1030.5908206107629,76.29332395052162,0.9970986702337433,402.7388996819927,0.37488457987072943,0.554016620498615,0.07109879963065559,20,-1,0,80,15,0.35
source_minus_1,source level,-1 dB,45,514,P3-U,1510,1077,0.7132450331125828,433,433,1049.8208008518154,76.77857072600249,0.9986085577467284,322.342219796809,0.4011142061281337,0.4011142061281337,0.1977715877437326,20,-1,0,80,15,0.35
source_minus_1,source level,-1 dB,45,514,P3-D,1510,972,0.6437086092715232,538,538,1302.7563318605246,76.29109575137272,0.9999499519942261,316.60304130759795,0.44135802469135804,0.4567901234567901,0.10185185185185185,20,-1,0,80,15,0.35
source_minus_1,source level,-1 dB,45,515,P0,1546,1095,0.7082794307891332,451,451,1094.893728183131,78.92322671614713,1.8269736062242399,639.0049158594691,0,1,0,20,-1,0,80,15,0.35
source_minus_1,source level,-1 dB,45,515,P1,1546,1061,0.6862871927554981,485,485,1200.1505282416706,78.52837686705695,1.6681886843122076,115.54367112268828,0.8162111215834119,0,0.18378887841658811,20,-1,0,80,15,0.35
source_minus_1,source level,-1 dB,45,515,P2,1546,1094,0.7076326002587322,452,452,1103.631619893872,76.29332383508867,0.997098643731437,403.93654254070367,0.3610603290676417,0.5484460694698354,0.09049360146252285,20,-1,0,80,15,0.35
source_minus_1,source level,-1 dB,45,515,P3-U,1546,1086,0.702457956015524,460,460,1129.5078834104968,76.29331924206163,0.9999891676443464,323.3221822641881,0.39779005524861877,0.39779005524861877,0.20441988950276244,20,-1,0,80,15,0.35
source_minus_1,source level,-1 dB,45,515,P3-D,1546,1063,0.6875808538163001,483,483,1127.8088740223493,76.29331924206163,0.9999483128099829,326.5131390882176,0.4129821260583255,0.41768579492003766,0.16933207902163688,20,-1,0,80,15,0.35
source_minus_1,source level,-1 dB,45,516,P0,1558,1081,0.6938382541720154,477,477,1147.4661504178378,78.92322582751595,1.8269707344767956,630.8349487222579,0,1,0,20,-1,0,80,15,0.35
source_minus_1,source level,-1 dB,45,516,P1,1558,1056,0.6777920410783055,502,502,1183.0503372815924,78.0940767647314,1.5094340211292698,114.9992504580679,0.803030303030303,0,0.19696969696969696,20,-1,0,80,15,0.35
source_minus_1,source level,-1 dB,45,516,P2,1558,1080,0.693196405648267,478,478,1154.3598932014268,76.29332402747694,0.9970986879019473,402.412132390893,0.36018518518518516,0.5555555555555556,0.08425925925925926,20,-1,0,80,15,0.35
source_minus_1,source level,-1 dB,45,516,P3-U,1558,1076,0.6906290115532734,482,482,1158.7802034483964,76.29245317008329,0.9983295959484947,322.23313142403674,0.40148698884758366,0.40148698884758366,0.1970260223048327,20,-1,0,80,15,0.35
source_minus_1,source level,-1 dB,45,516,P3-D,1558,972,0.6238767650834403,586,586,1382.5225306491118,76.29245317008329,0.9999507767482314,316.602981505446,0.43004115226337447,0.4567901234567901,0.11316872427983539,20,-1,0,80,15,0.35
source_minus_1,source level,-1 dB,45,517,P0,1579,1055,0.6681443951868271,524,524,1195.066850630726,78.92322627183157,1.8269721703505177,615.6622572079526,0,1,0,20,-1,0,80,15,0.35
source_minus_1,source level,-1 dB,45,517,P1,1579,1028,0.6510449651678277,551,551,1259.0278291300451,78.31657555476463,1.5887868374942145,111.94997512635958,0.8025291828793775,0,0.19747081712062256,20,-1,0,80,15,0.35
source_minus_1,source level,-1 dB,45,517,P2,1579,1055,0.6681443951868271,524,524,1196.1007572423327,76.29332398899929,0.9970986790678452,399.6894081522044,0.34976303317535545,0.5687203791469194,0.08151658767772511,20,-1,0,80,15,0.35
source_minus_1,source level,-1 dB,45,517,P3-U,1579,996,0.6307789740341989,583,583,1268.8738655867585,76.45997879777033,0.9999525865091153,313.5208192607564,0.4357429718875502,0.43373493975903615,0.13052208835341367,20,-1,0,80,15,0.35
source_minus_1,source level,-1 dB,45,517,P3-D,1579,968,0.6130462317922736,611,611,1375.459224892219,76.2910958997446,0.9999684530252198,316.167352825476,0.4380165289256198,0.45867768595041325,0.10330578512396695,20,-1,0,80,15,0.35
source_minus_1,source level,-1 dB,45,518,P0,1445,1038,0.7183391003460208,407,407,1072.661153161595,78.92322649398936,1.8269728882873792,605.7417018654336,0,1,0,20,-1,0,80,15,0.35
source_minus_1,source level,-1 dB,45,518,P1,1445,1014,0.7017301038062284,431,431,1114.9609317087095,78.20671137774713,1.5490992486031319,110.42529955793135,0.7948717948717948,0,0.20512820512820512,20,-1,0,80,15,0.35
source_minus_1,source level,-1 dB,45,518,P2,1445,1038,0.7183391003460208,407,407,1073.7370701970833,76.29332439605304,0.9970987725235061,397.83810735815314,0.3352601156069364,0.5780346820809249,0.08670520231213873,20,-1,0,80,15,0.35
source_minus_1,source level,-1 dB,45,518,P3-U,1445,995,0.6885813148788927,450,450,1121.6394496964976,76.62322901650361,0.9999719888700941,313.4118044450951,0.43417085427135677,0.43417085427135677,0.13165829145728644,20,-1,0,80,15,0.35
source_minus_1,source level,-1 dB,45,518,P3-D,1445,967,0.669204152249135,478,478,1215.6687834569573,76.45997951257458,0.9999507179053555,316.05851614747337,0.4301964839710445,0.4591520165460186,0.11065149948293691,20,-1,0,80,15,0.35
source_minus_1,source level,-1 dB,45,519,P0,1456,1073,0.7369505494505495,383,383,899.9279586100387,78.92322627183157,1.826972170350518,626.1666115123762,0,1,0,20,-1,0,80,15,0.35
source_minus_1,source level,-1 dB,45,519,P1,1456,1052,0.7225274725274725,404,404,937.2843259774382,78.31665363232645,1.5888120706571736,114.56338865337196,0.7918250950570342,0,0.20817490494296578,20,-1,0,80,15,0.35
source_minus_1,source level,-1 dB,45,519,P2,1456,1073,0.7369505494505495,383,383,901.9770814873176,76.29332346651252,0.9970985591098782,401.64969906427075,0.3560111835973905,0.5591798695246971,0.08480894687791239,20,-1,0,80,15,0.35
source_minus_1,source level,-1 dB,45,519,P3-U,1456,1069,0.7342032967032966,387,387,909.2698158359362,76.29158485078145,0.9982667336948698,321.47072556315277,0.40505144995322734,0.40411599625818523,0.19083255378858746,20,-1,0,80,15,0.35
source_minus_1,source level,-1 dB,45,519,P3-D,1456,971,0.6668956043956044,485,485,1141.0734968043505,76.62322907267156,0.9999234685323949,316.49411037055773,0.4356333676622039,0.4572605561277034,0.10710607621009269,20,-1,0,80,15,0.35
source_minus_1,source level,-1 dB,45,520,P0,1533,1094,0.7136333985649054,439,439,1052.4184659650923,78.92322649398935,1.8269728882873786,638.4214993815398,0,1,0,20,-1,0,80,15,0.35
source_minus_1,source level,-1 dB,45,520,P1,1533,1061,0.6921069797782127,472,472,1169.0323527763624,78.20679119362369,1.5491237638296562,115.54348505550631,0.7907634307257304,0,0.20923656927426956,20,-1,0,80,15,0.35
source_minus_1,source level,-1 dB,45,520,P2,1533,1094,0.7136333985649054,439,439,1053.60842791486,76.29332298250335,0.9970984479860132,403.93661593763363,0.3555758683729433,0.5484460694698354,0.09597806215722121,20,-1,0,80,15,0.35
source_minus_1,source level,-1 dB,45,520,P3-U,1533,1087,0.7090671885192433,446,446,1060.235152899726,76.29332146972062,0.9998189424840228,323.4307789833359,0.39742410303587855,0.39742410303587855,0.20515179392824287,20,-1,0,80,15,0.35
source_minus_1,source level,-1 dB,45,520,P3-D,1533,1063,0.6934116112198304,470,470,1079.9859592384735,76.29332146972062,0.9999954444048182,326.5130091314456,0.4158043273753528,0.41768579492003766,0.1665098777046096,20,-1,0,80,15,0.35
source_minus_1,source level,-1 dB,45,521,P0,1532,1067,0.6964751958224543,465,465,1092.6792152091589,78.92322604967376,1.8269714524136564,622.6650034412738,0,1,0,20,-1,0,80,15,0.35
source_minus_1,source level,-1 dB,45,521,P1,1532,1042,0.6801566579634465,490,490,1145.4595812766054,78.4237294133908,1.6284758622581659,113.4746506947879,0.8224568138195777,0,0.17754318618042225,20,-1,0,80,15,0.35
source_minus_1,source level,-1 dB,45,521,P2,1532,1067,0.6964751958224543,465,465,1093.8995286487052,76.29332524863807,0.9970989682689301,400.9962892185066,0.3561387066541706,0.5623242736644799,0.08153701968134958,20,-1,0,80,15,0.35
source_minus_1,source level,-1 dB,45,521,P3-U,1532,1062,0.6932114882506527,470,470,1100.8177695103761,76.28636810751604,0.9999421931275586,320.7086657262401,0.4067796610169492,0.4067796610169492,0.1864406779661017,20,-1,0,80,15,0.35
source_minus_1,source level,-1 dB,45,521,P3-D,1532,970,0.6331592689295039,562,562,1313.047940886593,76.45997960792312,0.9999962653485556,316.3851501822427,0.44536082474226807,0.4577319587628866,0.09690721649484536,20,-1,0,80,15,0.35
source_minus_1,source level,-1 dB,45,522,P0,1510,1086,0.7192052980132451,424,424,1042.8738928530227,78.92322582751595,1.8269707344767951,633.7528616485351,0,1,0,20,-1,0,80,15,0.35
source_minus_1,source level,-1 dB,45,522,P1,1510,1053,0.6973509933774834,457,457,1147.1557301981807,78.31673247484356,1.5888394576294356,114.67240923556285,0.8005698005698005,0,0.19943019943019943,20,-1,0,80,15,0.35
source_minus_1,source level,-1 dB,45,522,P2,1510,1086,0.7192052980132451,424,424,1044.0309001380672,76.29332398899929,0.9970986790678452,403.06544816559597,0.3664825046040516,0.5524861878453039,0.08103130755064457,20,-1,0,80,15,0.35
source_minus_1,source level,-1 dB,45,522,P3-U,1510,1082,0.7165562913907285,428,428,1052.3719022223477,76.77923241229594,0.9995979456569679,322.8863830721051,0.39926062846580407,0.39926062846580407,0.20147874306839186,20,-1,0,80,15,0.35
source_minus_1,source level,-1 dB,45,522,P3-D,1510,973,0.6443708609271523,537,537,1327.2140810255057,76.46069121061547,0.9999507700668041,316.7117711978795,0.4295991778006166,0.4563206577595067,0.11408016443987667,20,-1,0,80,15,0.35
source_minus_1,source level,-1 dB,45,523,P0,1559,1087,0.6972418216805645,472,472,1143.6786327512443,78.92322582751595,1.8269707344767958,634.3364311200543,0,1,0,20,-1,0,80,15,0.35
source_minus_1,source level,-1 dB,45,523,P1,1559,1060,0.6799230275817832,499,499,1214.6017455478316,78.31657504384022,1.5887854016213454,115.43473323702274,0.8075471698113208,0,0.19245283018867926,20,-1,0,80,15,0.35
source_minus_1,source level,-1 dB,45,523,P2,1559,1086,0.6966003848620911,473,473,1151.8416982530343,76.29332561721407,0.9970990528904886,403.06546598508663,0.36095764272559855,0.5524861878453039,0.0865561694290976,20,-1,0,80,15,0.35
source_minus_1,source level,-1 dB,45,523,P3-U,1559,1082,0.6940346375881976,477,477,1159.384466805022,76.62230669896564,0.9995989665322218,322.8864008915958,0.39926062846580407,0.39926062846580407,0.20147874306839186,20,-1,0,80,15,0.35
source_minus_1,source level,-1 dB,45,523,P3-D,1559,973,0.6241180243745991,586,586,1410.7208878051765,76.28724014730163,0.9999495556084895,316.7116401897396,0.42548818088386436,0.4563206577595067,0.11819116135662898,20,-1,0,80,15,0.35
source_minus_1,source level,-1 dB,45,524,P0,1531,1086,0.7093403004572175,445,445,1019.1879518996717,78.92322649398936,1.8269728882873786,633.7529654656141,0,1,0,20,-1,0,80,15,0.35
source_minus_1,source level,-1 dB,45,524,P1,1531,1060,0.6923579359895493,471,471,1108.3647001397344,78.4238065850533,1.6285039671668633,115.43460919223477,0.7943396226415095,0,0.20566037735849058,20,-1,0,80,15,0.35
source_minus_1,source level,-1 dB,45,524,P2,1531,1086,0.7093403004572175,445,445,1020.3556121216832,76.29332358194549,0.9970985856121845,403.06558904897685,0.35543278084714547,0.5524861878453039,0.09208103130755065,20,-1,0,80,15,0.35
source_minus_1,source level,-1 dB,45,524,P3-U,1531,1083,0.7073807968647943,448,448,1027.5798028594345,76.4592659242407,0.9995985600628379,322.9952662012012,0.3988919667590028,0.3988919667590028,0.20221606648199447,20,-1,0,80,15,0.35
source_minus_1,source level,-1 dB,45,524,P3-D,1531,973,0.6355323318092749,558,558,1287.642670926313,76.29071620383188,0.9999509781664833,316.7118141026855,0.4265159301130524,0.4563206577595067,0.1171634121274409,20,-1,0,80,15,0.35
source_minus_1,source level,-1 dB,45,525,P0,1514,1075,0.7100396301188904,439,439,1075.7425557867548,78.92322627183157,1.826972170350518,627.3336521023924,0,1,0,20,-1,0,80,15,0.35
source_minus_1,source level,-1 dB,45,525,P1,1514,1050,0.6935270805812418,464,464,1116.7960340564475,78.31657632115112,1.5887889913035182,114.34570584059999,0.8104761904761905,0,0.1895238095238095,20,-1,0,80,15,0.35
source_minus_1,source level,-1 dB,45,525,P2,1514,1074,0.7093791281373845,440,440,1081.881886346906,76.29332395052162,0.9970986702337433,401.75870729102775,0.35661080074487894,0.5586592178770949,0.08472998137802606,20,-1,0,80,15,0.35
source_minus_1,source level,-1 dB,45,525,P3-U,1514,1067,0.7047556142668429,447,447,1090.0559235298042,76.45926434132379,0.9970979895418111,321.25316885688784,0.40581068416119964,0.40487347703842547,0.1893158388003749,20,-1,0,80,15,0.35
source_minus_1,source level,-1 dB,45,525,P3-D,1514,968,0.6393659180977543,546,546,1267.6214672287877,76.4606942060299,0.9999240371575709,316.64213100399166,0.43491735537190085,0.4597107438016529,0.10537190082644628,20,-1,0,80,15,0.35
source_minus_1,source level,-1 dB,45,526,P0,1484,1072,0.7223719676549866,412,412,1030.0503248223054,78.92322649398936,1.826972888287379,625.5830256486868,0,1,0,20,-1,0,80,15,0.35
source_minus_1,source level,-1 dB,45,526,P1,1484,1052,0.7088948787061995,432,432,1072.0246015074313,78.20663051235593,1.5490718616308696,114.56345067576595,0.779467680608365,0,0.22053231939163498,20,-1,0,80,15,0.35
source_minus_1,source level,-1 dB,45,526,P2,1484,1072,0.7223719676549866,412,412,1031.3740245977701,76.29332521016043,0.9970989594348277,401.5408849781687,0.34421641791044777,0.5597014925373134,0.0960820895522388,20,-1,0,80,15,0.35
source_minus_1,source level,-1 dB,45,526,P3-U,1484,1069,0.7203504043126685,415,415,1039.890975335977,76.29071624233264,0.998243671155702,321.4706233451389,0.40505144995322734,0.40411599625818523,0.19083255378858746,20,-1,0,80,15,0.35
source_minus_1,source level,-1 dB,45,526,P3-D,1484,971,0.6543126684636119,513,513,1259.1159670233064,76.29109572923812,0.999969283516559,316.49412700795256,0.42842430484037075,0.4572605561277034,0.11431513903192585,20,-1,0,80,15,0.35
source_minus_1,source level,-1 dB,45,527,P0,1522,1086,0.7135348226018396,436,436,982.1458379706157,78.92322649398936,1.826972888287379,633.752834328251,0,1,0,20,-1,0,80,15,0.35
source_minus_1,source level,-1 dB,45,527,P1,1522,1059,0.6957950065703022,463,463,1044.2343646380652,78.31665490961424,1.588815660339346,115.32584359099698,0.7884796978281398,0,0.21152030217186024,20,-1,0,80,15,0.35
source_minus_1,source level,-1 dB,45,527,P2,1522,1085,0.7128777923784494,437,437,988.7217874716038,76.29332428062008,0.9970987460212001,402.9566602176821,0.3585253456221198,0.5529953917050692,0.08847926267281106,20,-1,0,80,15,0.35
source_minus_1,source level,-1 dB,45,527,P3-U,1522,1081,0.7102496714848883,441,441,1000.9045901552159,76.62116506716457,0.9992677981805409,322.77754606217655,0.4005550416281221,0.3996299722479186,0.1998149861239593,20,-1,0,80,15,0.35
source_minus_1,source level,-1 dB,45,527,P3-D,1522,973,0.6392904073587385,549,549,1237.1933685640129,76.45998127018915,0.9999981233881005,316.71196571298196,0.42034943473792397,0.4563206577595067,0.12332990750256938,20,-1,0,80,15,0.35
source_minus_1,source level,-1 dB,45,528,P0,1559,1084,0.6953175112251443,475,475,1126.2350179235411,78.92322671614713,1.82697360622424,632.5857281695536,0,1,0,20,-1,0,80,15,0.35
source_minus_1,source level,-1 dB,45,528,P1,1559,1058,0.6786401539448365,501,501,1177.6820754715238,78.4237294133908,1.6284758622581663,115.21692637946279,0.8052930056710775,0,0.1947069943289225,20,-1,0,80,15,0.35
source_minus_1,source level,-1 dB,45,528,P2,1559,1084,0.6953175112251443,475,475,1128.4233795335285,76.29332488006204,0.9970988836473711,402.8478335309216,0.3773062730627306,0.5535055350553506,0.06918819188191883,20,-1,0,80,15,0.35
source_minus_1,source level,-1 dB,45,528,P3-U,1559,1079,0.6921103271327774,480,480,1134.1885753922693,76.29071494343611,0.9989930210856914,322.55995226181454,0.40037071362372567,0.40037071362372567,0.19925857275254866,20,-1,0,80,15,0.35
source_minus_1,source level,-1 dB,45,528,P3-D,1559,972,0.6234765875561257,587,587,1390.6251675766916,76.62322809879088,0.9999513113753179,316.603097677959,0.4403292181069959,0.4567901234567901,0.102880658436214,20,-1,0,80,15,0.35
source_minus_1,source level,-1 dB,45,529,P0,1472,1080,0.7336956521739131,392,392,921.4629491198765,78.92322604967377,1.8269714524136569,630.2513956429091,0,1,0,20,-1,0,80,15,0.35
source_minus_1,source level,-1 dB,45,529,P1,1472,1055,0.7167119565217391,417,417,970.2735911613845,78.42373115804433,1.628480887813208,114.89029878964814,0.8037914691943128,0,0.1962085308056872,20,-1,0,80,15,0.35
source_minus_1,source level,-1 dB,45,529,P2,1472,1080,0.7336956521739131,392,392,922.6812083039616,76.29332484158441,0.9970988748132692,402.41201976466766,0.3527777777777778,0.5555555555555556,0.09166666666666666,20,-1,0,80,15,0.35
source_minus_1,source level,-1 dB,45,529,P3-U,1472,1075,0.7302989130434783,397,397,934.614319920948,76.2933197645489,0.9995511594578422,322.1242663891088,0.4018604651162791,0.4018604651162791,0.19627906976744186,20,-1,0,80,15,0.35
source_minus_1,source level,-1 dB,45,529,P3-D,1472,973,0.6610054347826086,499,499,1152.7864943373688,76.2933197645489,0.9999972544955968,316.71187518820824,0.4306269270298047,0.4563206577595067,0.1130524152106886,20,-1,0,80,15,0.35
source_minus_1,source level,-1 dB,45,530,P0,1545,1084,0.7016181229773463,461,461,1057.5917164017935,78.92322627183157,1.8269721703505177,632.5857445617239,0,1,0,20,-1,0,80,15,0.35
source_minus_1,source level,-1 dB,45,530,P1,1545,1054,0.6822006472491909,491,491,1141.2976204429897,78.42373065957197,1.6284794519403387,114.78131955571996,0.8083491461100569,0,0.19165085388994307,20,-1,0,80,15,0.35
source_minus_1,source level,-1 dB,45,530,P2,1545,1084,0.7016181229773463,461,461,1058.7141755408902,76.29332346651252,0.9970985591098783,402.8474916155089,0.3496309963099631,0.5535055350553506,0.09686346863468635,20,-1,0,80,15,0.35
source_minus_1,source level,-1 dB,45,530,P3-U,1545,1078,0.6977346278317152,467,467,1067.8717169178071,76.29332143124294,0.9988276181575781,322.45097490313395,0.4007421150278293,0.4007421150278293,0.19851576994434136,20,-1,0,80,15,0.35
source_minus_1,source level,-1 dB,45,530,P3-D,1545,972,0.629126213592233,573,573,1323.0698670220165,76.62322724245001,0.9998850859948346,316.60300026180795,0.4351851851851852,0.4567901234567901,0.10802469135802469,20,-1,0,80,15,0.35
source_minus_1,source level,-1 dB,80,501,P0,2681,1103,0.4114136516225289,1578,1578,2649.1338135971764,78.92322649398936,1.8269728882873786,643.6735809127581,0,1,0,20,-1,0,80,15,0.35
source_minus_1,source level,-1 dB,80,501,P1,2681,1071,0.39947780678851175,1610,1610,2726.0044925952297,78.09399485022186,1.509409505902746,116.63251245192907,0.7843137254901961,0,0.21568627450980393,20,-1,0,80,15,0.35
source_minus_1,source level,-1 dB,80,501,P2,2681,1102,0.41104065647146587,1579,1579,2657.2820909067,76.29332480310676,0.997098865979167,404.80799163308035,0.3666061705989111,0.5444646098003629,0.08892921960072596,20,-1,0,80,15,0.35
source_minus_1,source level,-1 dB,80,501,P3-U,2681,1089,0.4061917195076464,1592,1592,2642.3915903352113,76.29332350499018,0.9999291936915201,323.64869749929204,0.39669421487603307,0.39669421487603307,0.2066115702479339,20,-1,0,80,15,0.35
source_minus_1,source level,-1 dB,80,501,P3-D,2681,1065,0.3972398358821335,1616,1616,2653.6500421410033,76.29332350499018,0.9999650032484579,326.73087352673576,0.41502347417840374,0.4169014084507042,0.168075117370892,20,-1,0,80,15,0.35
source_minus_1,source level,-1 dB,80,502,P0,2595,1104,0.4254335260115607,1491,1491,2730.4867447610764,78.9232273826204,1.8269757600348235,644.2571012077658,0,1,0,20,-1,0,80,15,0.35
source_minus_1,source level,-1 dB,80,502,P1,2595,1066,0.41078998073217726,1529,1529,2819.9087926963584,78.31665388778403,1.5888127885936076,116.08809178730868,0.797373358348968,0,0.2026266416510319,20,-1,0,80,15,0.35
source_minus_1,source level,-1 dB,80,502,P2,2595,1103,0.42504816955684005,1492,1492,2738.8287789734495,76.29332350499018,0.9970985679439804,404.91670308419907,0.36355394378966455,0.543970988213962,0.09247506799637353,20,-1,0,80,15,0.35
source_minus_1,source level,-1 dB,80,502,P3-U,2595,1088,0.4192678227360308,1507,1507,2739.472629667916,76.29332139276526,0.9999882360549897,323.5399591185683,0.39705882352941174,0.39705882352941174,0.20588235294117646,20,-1,0,80,15,0.35
source_minus_1,source level,-1 dB,80,502,P3-D,2595,1063,0.4096339113680154,1532,1532,2742.563091456427,76.29332139276526,0.9999927422481975,326.51319899013953,0.4139228598306679,0.41768579492003766,0.16839134524929444,20,-1,0,80,15,0.35
source_minus_1,source level,-1 dB,80,503,P0,2680,1103,0.4115671641791045,1577,1577,2657.3294770376647,78.92322649398935,1.8269728882873781,643.6733842067134,0,1,0,20,-1,0,80,15,0.35
source_minus_1,source level,-1 dB,80,503,P1,2680,1067,0.39813432835820894,1613,1613,2738.643066028319,78.20679224163266,1.5491266355753945,116.19715371776222,0.8106841611996252,0,0.1893158388003749,20,-1,0,80,15,0.35
source_minus_1,source level,-1 dB,80,503,P2,2680,1102,0.41119402985074627,1578,1578,2665.5748442588874,76.29332480310676,0.9970988659791671,404.80793630086555,0.37295825771324864,0.5444646098003629,0.08257713248638839,20,-1,0,80,15,0.35
source_minus_1,source level,-1 dB,80,503,P3-U,2680,1088,0.4059701492537313,1592,1592,2648.6874119520494,76.29332146972062,0.9999498208267171,323.5398960873281,0.39705882352941174,0.39705882352941174,0.20588235294117646,20,-1,0,80,15,0.35
source_minus_1,source level,-1 dB,80,503,P3-D,2680,1064,0.3970149253731343,1616,1616,2665.1293144520546,76.29332146972062,0.9999653300418379,326.62198598645557,0.41541353383458646,0.41729323308270677,0.16729323308270677,20,-1,0,80,15,0.35
source_minus_1,source level,-1 dB,80,504,P0,2672,1104,0.41317365269461076,1568,1568,2564.9470831788562,78.92322649398936,1.8269728882873792,644.2570793515389,0,1,0,20,-1,0,80,15,0.35
source_minus_1,source level,-1 dB,80,504,P1,2672,1069,0.4000748502994012,1603,1603,2650.4277567552986,78.31657734299957,1.5887918630492563,116.41480207364864,0.7885874649204865,0,0.21141253507951357,20,-1,0,80,15,0.35
source_minus_1,source level,-1 dB,80,504,P2,2672,1103,0.4127994011976048,1569,1569,2573.1984780338726,76.29332602426767,0.9970991463461496,404.91687202353734,0.3671804170444243,0.543970988213962,0.08884859474161379,20,-1,0,80,15,0.35
source_minus_1,source level,-1 dB,80,504,P3-U,2672,1089,0.40755988023952094,1583,1583,2560.3027940751044,76.29331850490853,0.9999304857007619,323.6487407800505,0.39669421487603307,0.39669421487603307,0.2066115702479339,20,-1,0,80,15,0.35
source_minus_1,source level,-1 dB,80,504,P3-D,2672,1064,0.39820359281437123,1608,1608,2574.255937241347,76.29331850490853,0.9999924869346899,326.6220484552718,0.41635338345864664,0.41729323308270677,0.16635338345864661,20,-1,0,80,15,0.35
source_minus_1,source level,-1 dB,80,505,P0,2723,1101,0.4043334557473375,1622,1622,2686.8253075796856,78.92322671614713,1.82697360622424,642.5064365056629,0,1,0,20,-1,0,80,15,0.35
source_minus_1,source level,-1 dB,80,505,P1,2723,1068,0.39221446933529197,1655,1655,2744.810642775684,78.20679197963044,1.5491259176389598,116.30588486211443,0.7808988764044944,0,0.21910112359550563,20,-1,0,80,15,0.35
source_minus_1,source level,-1 dB,80,505,P2,2723,1101,0.4043334557473375,1622,1622,2688.0022100710557,76.29332451148599,0.9970987990258123,404.69887958924437,0.35240690281562215,0.5449591280653951,0.10263396911898275,20,-1,0,80,15,0.35
source_minus_1,source level,-1 dB,80,505,P3-U,2723,1088,0.3995593095850165,1635,1635,2677.3221323062753,76.29332179981927,0.9999767884701547,323.53982413094013,0.39797794117647056,0.39705882352941174,0.20496323529411764,20,-1,0,80,15,0.35
source_minus_1,source level,-1 dB,80,505,P3-D,2723,1064,0.390745501285347,1659,1659,2684.497076328831,76.29332179981927,0.9999921108623987,326.6219692183327,0.41541353383458646,0.41729323308270677,0.16729323308270677,20,-1,0,80,15,0.35
source_minus_1,source level,-1 dB,80,506,P0,2721,1102,0.4049981624402793,1619,1619,2654.4342596011784,78.92322649398936,1.826972888287379,643.0899622647279,0,1,0,20,-1,0,80,15,0.35
source_minus_1,source level,-1 dB,80,506,P1,2721,1071,0.3936052921719956,1650,1650,2727.930075435792,78.42373065957197,1.6284794519403387,116.63261582258572,0.7880485527544351,0,0.2119514472455649,20,-1,0,80,15,0.35
source_minus_1,source level,-1 dB,80,506,P2,2721,1102,0.4049981624402793,1619,1619,2655.53004962875,76.29332439605304,0.9970987725235061,404.80755943811823,0.3466424682395644,0.5444646098003629,0.1088929219600726,20,-1,0,80,15,0.35
source_minus_1,source level,-1 dB,80,506,P3-U,2721,1089,0.4002205071664829,1632,1632,2632.0997655572264,76.77989651076543,0.9999996191516121,323.6484189763453,0.3948576675849403,0.39669421487603307,0.20844811753902662,20,-1,0,80,15,0.35
source_minus_1,source level,-1 dB,80,506,P3-D,2721,1064,0.3910327085630283,1657,1657,2650.527189348894,76.29332183829693,0.9999637109224357,326.62191085822764,0.4144736842105263,0.41729323308270677,0.16823308270676693,20,-1,0,80,15,0.35
source_minus_1,source level,-1 dB,80,507,P0,2762,1103,0.39934829833454016,1659,1659,2714.414501322933,78.92322649398936,1.826972888287379,643.6735317362468,0,1,0,20,-1,0,80,15,0.35
source_minus_1,source level,-1 dB,80,507,P1,2762,1070,0.387400434467777,1692,1692,2793.753727395801,78.42372916415454,1.6284751443217313,116.52372617655999,0.8,0,0.2,20,-1,0,80,15,0.35
source_minus_1,source level,-1 dB,80,507,P2,2762,1103,0.39934829833454016,1659,1659,2715.6203978532612,76.29332358194549,0.9970985856121845,404.91664130702964,0.357207615593835,0.543970988213962,0.09882139619220308,20,-1,0,80,15,0.35
source_minus_1,source level,-1 dB,80,507,P3-U,2762,1089,0.3942795076031861,1673,1673,2704.9249610925363,76.45926540004746,0.9999496786350821,323.64878315339075,0.39669421487603307,0.39669421487603307,0.2066115702479339,20,-1,0,80,15,0.35
source_minus_1,source level,-1 dB,80,507,P3-D,2762,1065,0.38559015206372194,1697,1697,2712.1139011359533,76.29332054017948,0.9999183386281512,326.7308275073381,0.41502347417840374,0.4169014084507042,0.168075117370892,20,-1,0,80,15,0.35
source_minus_1,source level,-1 dB,80,508,P0,2805,1102,0.3928698752228164,1703,1703,2902.17600153062,78.92322671614713,1.82697360622424,643.0900278334092,0,1,0,20,-1,0,80,15,0.35
source_minus_1,source level,-1 dB,80,508,P1,2805,1067,0.3803921568627451,1738,1738,2980.0428357518895,78.31657453291575,1.5887839657484761,116.19691941094048,0.795688847235239,0,0.204311152764761,20,-1,0,80,15,0.35
source_minus_1,source level,-1 dB,80,508,P2,2805,1102,0.3928698752228164,1703,1703,2903.5058835526165,76.29332439605304,0.9970987725235063,404.80790918177945,0.3584392014519056,0.5444646098003629,0.09709618874773139,20,-1,0,80,15,0.35
source_minus_1,source level,-1 dB,80,508,P3-U,2805,1088,0.3878787878787879,1717,1717,2893.76803708392,76.29332362042317,0.9998754766035591,323.5398169943385,0.39705882352941174,0.39705882352941174,0.20588235294117646,20,-1,0,80,15,0.35
source_minus_1,source level,-1 dB,80,508,P3-D,2805,1065,0.37967914438502676,1740,1740,2892.7379387502424,76.29332362042317,0.9999657509773915,326.73097946428686,0.4103286384976526,0.4169014084507042,0.1727699530516432,20,-1,0,80,15,0.35
source_minus_1,source level,-1 dB,80,509,P0,2656,1104,0.41566265060240964,1552,1552,2571.9072331383227,78.9232273826204,1.8269757600348235,644.2568990376648,0,1,0,20,-1,0,80,15,0.35
source_minus_1,source level,-1 dB,80,509,P1,2656,1069,0.40248493975903615,1587,1587,2645.39856906108,78.31657734299957,1.5887918630492563,116.4150225977162,0.8054256314312441,0,0.19457436856875585,20,-1,0,80,15,0.35
source_minus_1,source level,-1 dB,80,509,P2,2656,1103,0.41528614457831325,1553,1553,2580.1453824659593,76.29332439605304,0.9970987725235061,404.9168893966056,0.37352674524025387,0.543970988213962,0.08250226654578423,20,-1,0,80,15,0.35
source_minus_1,source level,-1 dB,80,509,P3-U,2656,1088,0.40963855421686746,1568,1568,2562.1083295464964,76.29332154667597,0.9997631132355266,323.53974097326585,0.39705882352941174,0.39705882352941174,0.20588235294117646,20,-1,0,80,15,0.35
source_minus_1,source level,-1 dB,80,509,P3-D,2656,1064,0.4006024096385542,1592,1592,2574.55246811873,76.29332154667597,0.9999197429436831,326.62206781808436,0.4144736842105263,0.41729323308270677,0.16823308270676693,20,-1,0,80,15,0.35
source_minus_1,source level,-1 dB,80,510,P0,2733,1104,0.4039517014270033,1629,1629,2670.828423776235,78.92322582751595,1.8269707344767956,644.2570465671981,0,1,0,20,-1,0,80,15,0.35
source_minus_1,source level,-1 dB,80,510,P1,2733,1069,0.3911452616172704,1664,1664,2765.9736509217614,78.31657504384022,1.5887854016213454,116.4148434219113,0.804490177736202,0,0.19550982226379796,20,-1,0,80,15,0.35
source_minus_1,source level,-1 dB,80,510,P2,2733,1104,0.4039517014270033,1629,1629,2672.1341633229845,76.29332391204399,0.9970986613996413,405.02570560167476,0.36231884057971014,0.5434782608695652,0.09420289855072464,20,-1,0,80,15,0.35
source_minus_1,source level,-1 dB,80,510,P3-U,2733,1089,0.39846322722283206,1644,1644,2662.299965254952,76.29332321336933,0.9999324345295701,323.6489722044364,0.39669421487603307,0.39669421487603307,0.2066115702479339,20,-1,0,80,15,0.35
source_minus_1,source level,-1 dB,80,510,P3-D,2733,1063,0.3889498719356019,1670,1670,2671.2895331796126,76.29332321336933,0.9999769683670688,326.5132377862343,0.4158043273753528,0.41768579492003766,0.1665098777046096,20,-1,0,80,15,0.35
source_minus_1,source level,-1 dB,80,511,P0,2668,1103,0.4134182908545727,1565,1565,2604.6628053698723,78.92322627183157,1.8269721703505173,643.6734060629409,0,1,0,20,-1,0,80,15,0.35
source_minus_1,source level,-1 dB,80,511,P1,2668,1067,0.39992503748125935,1601,1601,2687.947945645209,78.42372991186332,1.6284772981310351,116.19713304363087,0.8200562324273665,0,0.17994376757263356,20,-1,0,80,15,0.35
source_minus_1,source level,-1 dB,80,511,P2,2668,1102,0.41304347826086957,1566,1566,2612.9478826603113,76.29332517168278,0.9970989506007258,404.80800757882827,0.37568058076225047,0.5444646098003629,0.07985480943738657,20,-1,0,80,15,0.35
source_minus_1,source level,-1 dB,80,511,P3-U,2668,1088,0.4077961019490255,1580,1580,2605.183042695504,76.29332106266659,0.9998948280477689,323.5400075461843,0.39705882352941174,0.39705882352941174,0.20588235294117646,20,-1,0,80,15,0.35
source_minus_1,source level,-1 dB,80,511,P3-D,2668,1065,0.39917541229385306,1603,1603,2608.3138749516443,76.29332106266659,0.9999749194531938,326.73089166493065,0.4140845070422535,0.4169014084507042,0.16901408450704225,20,-1,0,80,15,0.35
source_minus_1,source level,-1 dB,80,512,P0,2595,1104,0.4254335260115607,1491,1491,2515.936013484825,78.92322560535814,1.8269700165399345,644.2568881095513,0,1,0,20,-1,0,80,15,0.35
source_minus_1,source level,-1 dB,80,512,P1,2595,1068,0.4115606936416185,1527,1527,2608.6330539794103,78.42373065957196,1.6284794519403387,116.30614673444465,0.8080524344569289,0,0.19194756554307116,20,-1,0,80,15,0.35
source_minus_1,source level,-1 dB,80,512,P2,2595,1104,0.4254335260115607,1491,1491,2517.2299102063894,76.29332435757539,0.9970987636894042,405.0254359451228,0.3523550724637681,0.5434782608695652,0.10416666666666667,20,-1,0,80,15,0.35
source_minus_1,source level,-1 dB,80,512,P3-U,2595,1089,0.41965317919075146,1506,1506,2503.559148068443,76.29332232230622,0.9999316943732276,323.64880685541243,0.39669421487603307,0.39669421487603307,0.2066115702479339,20,-1,0,80,15,0.35
source_minus_1,source level,-1 dB,80,512,P3-D,2595,1064,0.410019267822736,1531,1531,2519.2990064060605,76.29332232230622,0.9999495720454952,326.6222160260429,0.41635338345864664,0.41729323308270677,0.16635338345864661,20,-1,0,80,15,0.35
source_minus_1,source level,-1 dB,80,513,P0,2669,1104,0.4136380666916448,1565,1565,2596.7331958154477,78.92322649398935,1.8269728882873781,644.2570137828574,0,1,0,20,-1,0,80,15,0.35
source_minus_1,source level,-1 dB,80,513,P1,2669,1067,0.39977519670288497,1602,1602,2687.88987513886,78.31665439869917,1.5888142244664771,116.1971261522538,0.8144329896907216,0,0.18556701030927836,20,-1,0,80,15,0.35
source_minus_1,source level,-1 dB,80,513,P2,2669,1103,0.41326339452978644,1566,1566,2605.028613975006,76.29332613970058,0.9970991728484558,404.91676392449733,0.37533998186763373,0.543970988213962,0.08068902991840435,20,-1,0,80,15,0.35
source_minus_1,source level,-1 dB,80,513,P3-U,2669,1088,0.40764331210191085,1581,1581,2591.82267698084,76.29332257544948,0.9998385789645227,323.53994924332744,0.39705882352941174,0.39705882352941174,0.20588235294117646,20,-1,0,80,15,0.35
source_minus_1,source level,-1 dB,80,513,P3-D,2669,1064,0.39865118021730983,1605,1605,2609.590305432127,76.29332257544948,0.9999813633004982,326.6222043050076,0.41729323308270677,0.41729323308270677,0.16541353383458646,20,-1,0,80,15,0.35
source_minus_1,source level,-1 dB,80,514,P0,2721,1104,0.40573318632855565,1617,1617,2658.1655012404176,78.92322649398936,1.826972888287379,644.2570902796524,0,1,0,20,-1,0,80,15,0.35
source_minus_1,source level,-1 dB,80,514,P1,2721,1068,0.39250275633958104,1653,1653,2739.5371871199627,78.42373016109954,1.6284780160674697,116.30589864486865,0.800561797752809,0,0.199438202247191,20,-1,0,80,15,0.35
source_minus_1,source level,-1 dB,80,514,P2,2721,1104,0.40573318632855565,1617,1617,2659.3015291430397,76.29332383508867,0.9970986437314372,405.02553927175285,0.3686594202898551,0.5434782608695652,0.08786231884057971,20,-1,0,80,15,0.35
source_minus_1,source level,-1 dB,80,514,P3-U,2721,1087,0.39948548327820654,1634,1634,2654.7275113156898,76.45926555857451,0.9998780414793974,323.4312014485118,0.39650413983440663,0.39742410303587855,0.20607175712971482,20,-1,0,80,15,0.35
source_minus_1,source level,-1 dB,80,514,P3-D,2721,1064,0.3910327085630283,1657,1657,2657.787690804611,76.29332298250335,0.9999775703752166,326.62216731068065,0.4144736842105263,0.41729323308270677,0.16823308270676693,20,-1,0,80,15,0.35
source_minus_1,source level,-1 dB,80,515,P0,2654,1103,0.41559909570459685,1551,1551,2686.490714023224,78.92322604967377,1.8269714524136564,643.6735153440763,0,1,0,20,-1,0,80,15,0.35
source_minus_1,source level,-1 dB,80,515,P1,2654,1069,0.40278824415975883,1585,1585,2759.1834181391814,78.31665388778403,1.5888127885936076,116.41478139951731,0.8054256314312441,0,0.19457436856875585,20,-1,0,80,15,0.35
source_minus_1,source level,-1 dB,80,515,P2,2654,1103,0.41559909570459685,1551,1551,2687.687235484354,76.29332395052162,0.9970986702337433,404.9166866920288,0.36990027198549413,0.543970988213962,0.08612873980054397,20,-1,0,80,15,0.35
source_minus_1,source level,-1 dB,80,515,P3-U,2654,1088,0.40994724943481536,1566,1566,2691.4423841183225,76.29332102418891,0.9999876106087449,323.5399934756838,0.3952205882352941,0.39705882352941174,0.20772058823529413,20,-1,0,80,15,0.35
source_minus_1,source level,-1 dB,80,515,P3-D,2654,1063,0.40052750565184625,1591,1591,2687.6544320815583,76.29332102418891,0.999993134569733,326.5132393737356,0.4139228598306679,0.41768579492003766,0.16839134524929444,20,-1,0,80,15,0.35
source_minus_1,source level,-1 dB,80,516,P0,2650,1104,0.41660377358490563,1546,1546,2603.815292234228,78.92322627183157,1.826972170350518,644.2569045017216,0,1,0,20,-1,0,80,15,0.35
source_minus_1,source level,-1 dB,80,516,P1,2650,1068,0.4030188679245283,1582,1582,2684.3006423566617,78.31657632115112,1.5887889913035182,116.30611227755911,0.8099250936329588,0,0.1900749063670412,20,-1,0,80,15,0.35
source_minus_1,source level,-1 dB,80,516,P2,2650,1104,0.41660377358490563,1546,1546,2605.0209397271337,76.29332472615145,0.997098848310963,405.02562531336775,0.37228260869565216,0.5434782608695652,0.08423913043478261,20,-1,0,80,15,0.35
source_minus_1,source level,-1 dB,80,516,P3-U,2650,1088,0.41056603773584904,1562,1562,2599.818258069455,76.29332139276526,0.9998955131944691,323.5400835540352,0.39705882352941174,0.39705882352941174,0.20588235294117646,20,-1,0,80,15,0.35
source_minus_1,source level,-1 dB,80,516,P3-D,2650,1065,0.4018867924528302,1585,1585,2606.044615786438,76.29332139276526,0.9999380999768551,326.7309345402837,0.41502347417840374,0.4169014084507042,0.168075117370892,20,-1,0,80,15,0.35
source_minus_1,source level,-1 dB,80,517,P0,2628,1104,0.4200913242009132,1524,1524,2524.346998452064,78.92322604967377,1.8269714524136564,644.2570793515389,0,1,0,20,-1,0,80,15,0.35
source_minus_1,source level,-1 dB,80,517,P1,2628,1070,0.4071537290715373,1558,1558,2598.703059593131,78.31673247484356,1.5888394576294356,116.52370550242863,0.8018691588785046,0,0.19813084112149532,20,-1,0,80,15,0.35
source_minus_1,source level,-1 dB,80,517,P2,2628,1103,0.4197108066971081,1525,1525,2532.484789115244,76.29332395052162,0.9970986702337433,404.91671140289657,0.3653671804170444,0.543970988213962,0.09066183136899365,20,-1,0,80,15,0.35
source_minus_1,source level,-1 dB,80,517,P3-U,2628,1088,0.4140030441400304,1540,1540,2529.543969722012,76.29332354346784,0.999962491527253,323.53992679688133,0.39705882352941174,0.39705882352941174,0.20588235294117646,20,-1,0,80,15,0.35
source_minus_1,source level,-1 dB,80,517,P3-D,2628,1065,0.4052511415525114,1563,1563,2528.7750466865336,76.29332354346784,0.9999196031750481,326.7308254178239,0.4131455399061033,0.4169014084507042,0.1699530516431925,20,-1,0,80,15,0.35
source_minus_1,source level,-1 dB,80,518,P0,2684,1104,0.4113263785394933,1580,1580,2618.2636984882556,78.92322649398936,1.8269728882873786,644.2570301750277,0,1,0,20,-1,0,80,15,0.35
source_minus_1,source level,-1 dB,80,518,P1,2684,1068,0.3979135618479881,1616,1616,2696.3041764200048,78.42372991186332,1.6284772981310354,116.30593999313133,0.8071161048689138,0,0.19288389513108614,20,-1,0,80,15,0.35
source_minus_1,source level,-1 dB,80,518,P2,2684,1102,0.4105812220566319,1582,1582,2633.5267148276785,76.2933240659546,0.9970986967360493,404.8077835084732,0.3584392014519056,0.5444646098003629,0.09709618874773139,20,-1,0,80,15,0.35
source_minus_1,source level,-1 dB,80,518,P3-U,2684,1088,0.40536512667660207,1596,1596,2624.1165180492126,76.45926832317383,0.9999496623221783,323.53997427139444,0.3952205882352941,0.39705882352941174,0.20772058823529413,20,-1,0,80,15,0.35
source_minus_1,source level,-1 dB,80,518,P3-D,2684,1064,0.39642324888226527,1620,1620,2631.1910004730166,76.29332098571123,0.9999654535927293,326.621960582436,0.4182330827067669,0.41729323308270677,0.16447368421052633,20,-1,0,80,15,0.35
source_minus_1,source level,-1 dB,80,519,P0,2586,1099,0.42498066511987626,1487,1487,2392.0003885103724,78.92322716046264,1.8269750420979625,641.3393139547952,0,1,0,20,-1,0,80,15,0.35
source_minus_1,source level,-1 dB,80,519,P1,2586,1068,0.41299303944315546,1518,1518,2455.538357828439,78.31657453291575,1.5887839657484761,116.30582973109753,0.7921348314606742,0,0.20786516853932585,20,-1,0,80,15,0.35
source_minus_1,source level,-1 dB,80,519,P2,2586,1098,0.4245939675174014,1488,1488,2400.1464872949423,76.29332391204399,0.9970986613996413,404.37228596586624,0.3533697632058288,0.546448087431694,0.10018214936247723,20,-1,0,80,15,0.35
source_minus_1,source level,-1 dB,80,519,P3-U,2586,1088,0.42072699149265275,1498,1498,2391.129916099541,76.29332305945869,0.9998760921871371,323.5398017270157,0.39705882352941174,0.39705882352941174,0.20588235294117646,20,-1,0,80,15,0.35
source_minus_1,source level,-1 dB,80,519,P3-D,2586,1063,0.41105955143078116,1523,1523,2393.917835803568,76.29332305945869,0.999883858479085,326.51327251779753,0.4129821260583255,0.41768579492003766,0.16933207902163688,20,-1,0,80,15,0.35
source_minus_1,source level,-1 dB,80,520,P0,2641,1104,0.41802347595607725,1537,1537,2690.473785027957,78.9232273826204,1.8269757600348229,644.2570574953118,0,1,0,20,-1,0,80,15,0.35
source_minus_1,source level,-1 dB,80,520,P1,2641,1069,0.40477092010602045,1572,1572,2777.957931641936,78.20671137774713,1.5490992486031319,116.41485031328844,0.794200187090739,0,0.205799812909261,20,-1,0,80,15,0.35
source_minus_1,source level,-1 dB,80,520,P2,2641,1104,0.41802347595607725,1537,1537,2691.684823870086,76.2933247646291,0.9970988571450651,405.0256918189206,0.3677536231884058,0.5434782608695652,0.08876811594202899,20,-1,0,80,15,0.35
source_minus_1,source level,-1 dB,80,520,P3-U,2641,1088,0.411965164710337,1553,1553,2683.3533737242283,76.29332146972062,0.9999509082490795,323.54003594879407,0.3952205882352941,0.39705882352941174,0.20772058823529413,20,-1,0,80,15,0.35
source_minus_1,source level,-1 dB,80,520,P3-D,2641,1065,0.4032563422945854,1576,1576,2689.1053770609715,76.29332146972062,0.9999473053518724,326.730996649379,0.4103286384976526,0.4169014084507042,0.1727699530516432,20,-1,0,80,15,0.35
source_minus_1,source level,-1 dB,80,521,P0,2703,1104,0.40843507214206437,1599,1599,2606.600600788933,78.92322627183157,1.826972170350518,644.2571230639933,0,1,0,20,-1,0,80,15,0.35
source_minus_1,source level,-1 dB,80,521,P1,2703,1068,0.3951165371809101,1635,1635,2680.9526881153333,78.2067917176282,1.5491251997025253,116.30585729660596,0.7893258426966292,0,0.21067415730337077,20,-1,0,80,15,0.35
source_minus_1,source level,-1 dB,80,521,P2,2703,1103,0.40806511283758784,1600,1600,2614.8280083752375,76.29332398899929,0.9970986790678454,404.91672494042643,0.3526745240253853,0.543970988213962,0.10335448776065277,20,-1,0,80,15,0.35
source_minus_1,source level,-1 dB,80,521,P3-U,2703,1089,0.40288568257491675,1614,1614,2595.8947536325145,76.62116353221163,0.9999308045454549,323.6486723714549,0.3948576675849403,0.39669421487603307,0.20844811753902662,20,-1,0,80,15,0.35
source_minus_1,source level,-1 dB,80,521,P3-D,2703,1064,0.39363669996300404,1639,1639,2614.219966217894,76.2933222453509,0.9999638920612821,326.6220306930295,0.41635338345864664,0.41729323308270677,0.16635338345864661,20,-1,0,80,15,0.35
source_minus_1,source level,-1 dB,80,522,P0,2712,1104,0.40707964601769914,1608,1608,2734.0949399763767,78.92322649398936,1.826972888287379,644.2570574953118,0,1,0,20,-1,0,80,15,0.35
source_minus_1,source level,-1 dB,80,522,P1,2712,1068,0.3938053097345133,1644,1644,2812.350390234078,78.42373016109954,1.6284780160674697,116.30595377588554,0.7902621722846442,0,0.20973782771535582,20,-1,0,80,15,0.35
source_minus_1,source level,-1 dB,80,522,P2,2712,1103,0.40671091445427726,1609,1609,2742.2611106864347,76.29332309793635,0.9970984744883196,404.9166346608771,0.3563009972801451,0.543970988213962,0.09972801450589303,20,-1,0,80,15,0.35
source_minus_1,source level,-1 dB,80,522,P3-U,2712,1089,0.40154867256637167,1623,1623,2729.584912135826,76.29332265240481,0.999949263753681,323.6488233768059,0.39669421487603307,0.39669421487603307,0.2066115702479339,20,-1,0,80,15,0.35
source_minus_1,source level,-1 dB,80,522,P3-D,2712,1064,0.39233038348082594,1648,1648,2741.2803333414754,76.29332265240481,0.9999483800369503,326.6221244631229,0.412593984962406,0.41729323308270677,0.17011278195488722,20,-1,0,80,15,0.35
source_minus_1,source level,-1 dB,80,523,P0,2661,1103,0.41450582487786547,1558,1558,2640.0797963722075,78.9232269383049,1.8269743241611014,643.6734716316222,0,1,0,20,-1,0,80,15,0.35
source_minus_1,source level,-1 dB,80,523,P1,2661,1066,0.4006012777151447,1595,1595,2727.0725899011063,78.20671085373293,1.549097812730263,116.08817448383401,0.8048780487804879,0,0.1951219512195122,20,-1,0,80,15,0.35
source_minus_1,source level,-1 dB,80,523,P2,2661,1103,0.41450582487786547,1558,1558,2641.324777618626,76.29332395052162,0.9970986702337433,404.9167047567439,0.3626473254759746,0.543970988213962,0.09338168631006347,20,-1,0,80,15,0.35
source_minus_1,source level,-1 dB,80,523,P3-U,2661,1089,0.4092446448703495,1572,1572,2620.0061563743147,76.29332232230622,0.9998931631329164,323.6487398006574,0.39669421487603307,0.39669421487603307,0.2066115702479339,20,-1,0,80,15,0.35
source_minus_1,source level,-1 dB,80,523,P3-D,2661,1064,0.39984968057121384,1597,1597,2644.0048962375627,76.29332232230622,0.9999813946876893,326.6221660713366,0.4182330827067669,0.41729323308270677,0.16447368421052633,20,-1,0,80,15,0.35
source_minus_1,source level,-1 dB,80,524,P0,2669,1103,0.41326339452978644,1566,1566,2789.71541763072,78.92322649398936,1.8269728882873792,643.6734716316222,0,1,0,20,-1,0,80,15,0.35
source_minus_1,source level,-1 dB,80,524,P1,2669,1067,0.39977519670288497,1602,1602,2865.528491101116,78.20679145562595,1.5491244817660907,116.19705034710555,0.7928772258669166,0,0.20712277413308341,20,-1,0,80,15,0.35
source_minus_1,source level,-1 dB,80,524,P2,2669,1103,0.41326339452978644,1566,1566,2791.017979045048,76.29332484158441,0.9970988748132692,404.91666769044224,0.3563009972801451,0.543970988213962,0.09972801450589303,20,-1,0,80,15,0.35
source_minus_1,source level,-1 dB,80,524,P3-U,2669,1089,0.40801798426376923,1580,1580,2776.8469008439006,76.29332187677461,0.999948606377241,323.648651322876,0.39669421487603307,0.39669421487603307,0.2066115702479339,20,-1,0,80,15,0.35
source_minus_1,source level,-1 dB,80,524,P3-D,2669,1063,0.3982765080554515,1606,1606,2788.7580478936497,76.29332187677461,0.999963221880102,326.5131407298044,0.4158043273753528,0.41768579492003766,0.1665098777046096,20,-1,0,80,15,0.35
source_minus_1,source level,-1 dB,80,525,P0,2621,1103,0.4208317436093094,1518,1518,2710.1496844453163,78.92322716046264,1.8269750420979627,643.6735645205878,0,1,0,20,-1,0,80,15,0.35
source_minus_1,source level,-1 dB,80,525,P1,2621,1070,0.4082411293399466,1551,1551,2790.831123700469,78.20671111574003,1.5490985306666973,116.52365037141176,0.7925233644859813,0,0.20747663551401868,20,-1,0,80,15,0.35
source_minus_1,source level,-1 dB,80,525,P2,2621,1103,0.4208317436093094,1518,1518,2711.470533508365,76.2933247646291,0.9970988571450649,404.91677293484156,0.35811423390752495,0.543970988213962,0.09791477787851315,20,-1,0,80,15,0.35
source_minus_1,source level,-1 dB,80,525,P3-U,2621,1089,0.41549027088897367,1532,1532,2699.056919964136,76.29332110114427,0.9999476302487303,323.6486683919667,0.39669421487603307,0.39669421487603307,0.2066115702479339,20,-1,0,80,15,0.35
source_minus_1,source level,-1 dB,80,525,P3-D,2621,1065,0.40633346051125524,1556,1556,2712.6730761448594,76.29332110114427,0.9999652463628448,326.7309846683927,0.41502347417840374,0.4169014084507042,0.168075117370892,20,-1,0,80,15,0.35
source_minus_1,source level,-1 dB,80,526,P0,2671,1104,0.4133283414451516,1567,1567,2721.178737040106,78.92322649398936,1.826972888287379,644.2571940967314,0,1,0,20,-1,0,80,15,0.35
source_minus_1,source level,-1 dB,80,526,P1,2671,1070,0.4005990265818046,1601,1601,2797.617832171169,78.09407649584024,1.5094333031928355,116.52357456626352,0.7869158878504673,0,0.2130841121495327,20,-1,0,80,15,0.35
source_minus_1,source level,-1 dB,80,526,P2,2671,1102,0.41257955821789594,1569,1569,2736.3763018847967,76.29332402747694,0.9970986879019473,404.8076632551972,0.34392014519056263,0.5444646098003629,0.11161524500907441,20,-1,0,80,15,0.35
source_minus_1,source level,-1 dB,80,526,P3-U,2671,1089,0.4077124672407338,1582,1582,2720.1961104810707,76.29332090875587,0.9999303459575709,323.6487234379402,0.3957759412304867,0.39669421487603307,0.20752984389348025,20,-1,0,80,15,0.35
source_minus_1,source level,-1 dB,80,526,P3-D,2671,1064,0.39835267690003745,1607,1607,2737.3074414675343,76.29332090875587,0.999993535653776,326.62220643870126,0.41635338345864664,0.41729323308270677,0.16635338345864661,20,-1,0,80,15,0.35
source_minus_1,source level,-1 dB,80,527,P0,2693,1102,0.409209060527293,1591,1591,2686.7372220583393,78.92322671614713,1.82697360622424,643.0899130882165,0,1,0,20,-1,0,80,15,0.35
source_minus_1,source level,-1 dB,80,527,P1,2693,1066,0.39584106943928704,1627,1627,2753.5884872301926,78.20671111574003,1.5490985306666973,116.08813313557134,0.7908067542213884,0,0.20919324577861162,20,-1,0,80,15,0.35
source_minus_1,source level,-1 dB,80,527,P2,2693,1102,0.409209060527293,1591,1591,2687.976887413545,76.29332606274531,0.9970991551802517,404.80794270179376,0.367513611615245,0.5444646098003629,0.08802177858439202,20,-1,0,80,15,0.35
source_minus_1,source level,-1 dB,80,527,P3-U,2693,1088,0.40401039732640176,1605,1605,2677.206486932555,76.45783622407166,0.9998958481906721,323.5400787816252,0.39705882352941174,0.39705882352941174,0.20588235294117646,20,-1,0,80,15,0.35
source_minus_1,source level,-1 dB,80,527,P3-D,2693,1064,0.39509840326773116,1629,1629,2689.601239023934,76.29332606274531,0.9999918122075969,326.6218964558014,0.41353383458646614,0.41729323308270677,0.16917293233082706,20,-1,0,80,15,0.35
source_minus_1,source level,-1 dB,80,528,P0,2647,1103,0.4166981488477522,1544,1544,2690.347436608713,78.9232273826204,1.8269757600348233,643.6735973049283,0,1,0,20,-1,0,80,15,0.35
source_minus_1,source level,-1 dB,80,528,P1,2647,1071,0.40460899131091804,1576,1576,2762.8174029232537,78.20671137774713,1.5490992486031319,116.63250556055193,0.7936507936507936,0,0.20634920634920634,20,-1,0,80,15,0.35
source_minus_1,source level,-1 dB,80,528,P2,2647,1103,0.4166981488477522,1544,1544,2691.555765738202,76.29332443453069,0.9970987813576082,404.91654625507033,0.3599274705349048,0.543970988213962,0.09610154125113328,20,-1,0,80,15,0.35
source_minus_1,source level,-1 dB,80,528,P3-U,2647,1088,0.41103135625236115,1559,1559,2682.0024940314042,76.29332309793635,0.9997831652432868,323.5400400002571,0.39705882352941174,0.39705882352941174,0.20588235294117646,20,-1,0,80,15,0.35
source_minus_1,source level,-1 dB,80,528,P3-D,2647,1065,0.4023422742727616,1582,1582,2693.7561352486864,76.29332309793635,0.9999199121070427,326.7308970129861,0.41502347417840374,0.4169014084507042,0.168075117370892,20,-1,0,80,15,0.35
source_minus_1,source level,-1 dB,80,529,P0,2705,1104,0.4081330868761553,1601,1601,2620.47653660094,78.92322627183157,1.8269721703505177,644.2570574953118,0,1,0,20,-1,0,80,15,0.35
source_minus_1,source level,-1 dB,80,529,P1,2705,1068,0.39482439926062846,1637,1637,2705.81873693551,78.73018680726452,1.7475443724228898,116.30596066726267,0.7968164794007491,0,0.20318352059925093,20,-1,0,80,15,0.35
source_minus_1,source level,-1 dB,80,529,P2,2705,1103,0.4077634011090573,1602,1602,2628.812584023674,76.29332521016043,0.997098959434828,404.91680763695166,0.36899365367180414,0.543970988213962,0.08703535811423391,20,-1,0,80,15,0.35
source_minus_1,source level,-1 dB,80,529,P3-U,2705,1088,0.4022181146025878,1617,1617,2627.1218670781564,76.29332232230622,0.9997856820606212,323.53995068537427,0.39705882352941174,0.39705882352941174,0.20588235294117646,20,-1,0,80,15,0.35
source_minus_1,source level,-1 dB,80,529,P3-D,2705,1064,0.3933456561922366,1641,1641,2628.4904100033855,76.29332232230622,0.9999196884205607,326.62211644689825,0.4144736842105263,0.41729323308270677,0.16823308270676693,20,-1,0,80,15,0.35
source_minus_1,source level,-1 dB,80,530,P0,2691,1103,0.409884801189149,1588,1588,2557.068108024061,78.92322582751595,1.8269707344767956,643.6733295661456,0,1,0,20,-1,0,80,15,0.35
source_minus_1,source level,-1 dB,80,530,P1,2691,1064,0.39539204756596064,1627,1627,2639.453160321637,78.31657606568896,1.5887882733670835,115.87053991070182,0.818609022556391,0,0.18139097744360902,20,-1,0,80,15,0.35
source_minus_1,source level,-1 dB,80,530,P2,2691,1103,0.409884801189149,1588,1588,2558.340241042517,76.29332309793635,0.9970984744883196,404.91666153473864,0.36990027198549413,0.543970988213962,0.08612873980054397,20,-1,0,80,15,0.35
source_minus_1,source level,-1 dB,80,530,P3-U,2691,1089,0.40468227424749165,1602,1602,2535.650990527272,76.29332013312536,0.9998905692776162,323.6485697070187,0.39669421487603307,0.39669421487603307,0.2066115702479339,20,-1,0,80,15,0.35
source_minus_1,source level,-1 dB,80,530,P3-D,2691,1064,0.39539204756596064,1627,1627,2556.726325622832,76.29332013312536,0.9999197444656518,326.62215792588887,0.41353383458646614,0.41729323308270677,0.16917293233082706,20,-1,0,80,15,0.35
source_plus_1,source level,+1 dB,45,501,P0,1547,1092,0.7058823529411765,455,455,1119.6746476384355,80.92322604967377,2.8955546177512055,1009.9798985463752,0,1,0,20,1,0,80,15,0.35
source_plus_1,source level,+1 dB,45,501,P1,1547,1062,0.6864899806076277,485,485,1199.3531207973365,80.42372966262707,2.5809614460327843,183.29699994141703,0.7862523540489642,0,0.2137476459510358,20,1,0,80,15,0.35
source_plus_1,source level,+1 dB,45,501,P2,1547,1073,0.6936005171299289,474,474,1167.9902889961231,76.09995424751692,0.9536766880971109,456.0226405517382,0.33550792171481825,0.33550792171481825,0.32898415657036345,20,1,0,80,15,0.35
source_plus_1,source level,+1 dB,45,501,P3-U,1547,817,0.5281189398836458,730,730,1880.704461456629,76.35106927719514,0.9999357605266782,345.63583666004973,0.3329253365973072,0.3329253365973072,0.33414932680538556,20,1,0,80,15,0.35
source_plus_1,source level,+1 dB,45,501,P3-D,1547,834,0.5391079508726567,713,713,1702.7012187719959,76.09995169306893,0.9748409215819479,353.0836623213156,0.3333333333333333,0.3333333333333333,0.3333333333333333,20,1,0,80,15,0.35
source_plus_1,source level,+1 dB,45,502,P0,1485,1088,0.7326599326599327,397,397,960.1162571760914,80.92322582751595,2.895553479897961,1006.2802394759025,0,1,0,20,1,0,80,15,0.35
source_plus_1,source level,+1 dB,45,502,P1,1485,1060,0.7138047138047138,425,425,1039.0841461137486,80.31657734299957,2.5180654079843836,182.951897634469,0.8169811320754717,0,0.1830188679245283,20,1,0,80,15,0.35
source_plus_1,source level,+1 dB,45,502,P2,1485,1069,0.7198653198653199,416,416,1011.351907015815,76.09995534886022,0.9536769299435075,455.3325825634716,0.33676333021515437,0.33676333021515437,0.3264733395696913,20,1,0,80,15,0.35
source_plus_1,source level,+1 dB,45,502,P3-U,1485,817,0.5501683501683502,668,668,1744.1694390208288,76.35533598100795,0.99993697292176,345.63624358918366,0.3329253365973072,0.3329253365973072,0.33414932680538556,20,1,0,80,15,0.35
source_plus_1,source level,+1 dB,45,502,P3-D,1485,834,0.5616161616161616,651,651,1559.0807290432106,76.09995111051703,0.9781239424230529,353.0838975363624,0.3333333333333333,0.3333333333333333,0.3333333333333333,20,1,0,80,15,0.35
source_plus_1,source level,+1 dB,45,503,P0,1516,1097,0.7236147757255936,419,419,1070.7535533209925,80.92322671614713,2.8955580313109373,1014.604634758462,0,1,0,20,1,0,80,15,0.35
source_plus_1,source level,+1 dB,45,503,P1,1516,1067,0.7038258575197889,449,449,1158.9192538044313,80.52837857017381,2.6439088544750615,184.159619182579,0.8134957825679475,0,0.18650421743205248,20,1,0,80,15,0.35
source_plus_1,source level,+1 dB,45,503,P2,1516,1074,0.7084432717678101,442,442,1145.3504857254607,76.09995614352901,0.9536771044466172,456.1955004041825,0.33519553072625696,0.33519553072625696,0.329608938547486,20,1,0,80,15,0.35
source_plus_1,source level,+1 dB,45,503,P3-U,1516,817,0.5389182058047494,699,699,1878.0158528330367,76.35127001526335,0.9999390855992768,345.6362580560945,0.3329253365973072,0.3329253365973072,0.33414932680538556,20,1,0,80,15,0.35
source_plus_1,source level,+1 dB,45,503,P3-D,1516,834,0.5501319261213721,682,682,1700.97001583425,76.09707555086257,0.99644092419059,353.08425954375355,0.3333333333333333,0.3333333333333333,0.3333333333333333,20,1,0,80,15,0.35
source_plus_1,source level,+1 dB,45,504,P0,1522,1096,0.7201051248357424,426,426,1057.750479511096,80.92322604967377,2.8955546177512055,1013.6794363775986,0,1,0,20,1,0,80,15,0.35
source_plus_1,source level,+1 dB,45,504,P1,1522,1065,0.6997371879106439,457,457,1151.0884008367207,80.20671111574005,2.4551557157051698,183.81475716175763,0.8131455399061033,0,0.18685446009389672,20,1,0,80,15,0.35
source_plus_1,source level,+1 dB,45,504,P2,1522,1075,0.7063074901445466,447,447,1116.784251846178,76.09995485826785,0.9536768222132438,456.3679767703569,0.33488372093023255,0.33488372093023255,0.3302325581395349,20,1,0,80,15,0.35
source_plus_1,source level,+1 dB,45,504,P3-U,1522,817,0.5367936925098554,705,705,1838.5601061685727,76.35107503873398,0.9999392743567787,345.63613882512516,0.3329253365973072,0.3329253365973072,0.33414932680538556,20,1,0,80,15,0.35
source_plus_1,source level,+1 dB,45,504,P3-D,1522,834,0.5479632063074902,688,688,1659.456025604182,76.09851220273063,0.97484075728641,353.08414063404626,0.3333333333333333,0.3333333333333333,0.3333333333333333,20,1,0,80,15,0.35
source_plus_1,source level,+1 dB,45,505,P0,1562,1094,0.7003841229193342,468,468,1156.3208221889506,80.92322649398936,2.895556893457693,1011.83000952987,0,1,0,20,1,0,80,15,0.35
source_plus_1,source level,+1 dB,45,505,P1,1562,1063,0.6805377720870679,499,499,1256.808489098638,80.52837784026666,2.643905440917358,183.46922889303934,0.7968015051740357,0,0.20319849482596425,20,1,0,80,15,0.35
source_plus_1,source level,+1 dB,45,505,P2,1562,1071,0.6856594110115237,491,491,1230.454104059252,76.0999567898398,0.9536772463714777,455.67747163697857,0.33613445378151263,0.33613445378151263,0.3277310924369748,20,1,0,80,15,0.35
source_plus_1,source level,+1 dB,45,505,P3-U,1562,817,0.5230473751600512,745,745,1915.1531597964151,76.86636821615596,0.999938772573768,345.63650887566337,0.3329253365973072,0.3329253365973072,0.33414932680538556,20,1,0,80,15,0.35
source_plus_1,source level,+1 dB,45,505,P3-D,1562,834,0.5339308578745199,728,728,1742.0566087148031,76.62064864209027,0.9918263939715519,353.0840815899949,0.3333333333333333,0.3333333333333333,0.3333333333333333,20,1,0,80,15,0.35
source_plus_1,source level,+1 dB,45,506,P0,1521,1096,0.7205785667324129,425,425,1069.7743432604575,80.92322671614713,2.8955580313109373,1013.6795316370093,0,1,0,20,1,0,80,15,0.35
source_plus_1,source level,+1 dB,45,506,P1,1521,1064,0.6995397764628534,457,457,1175.1602292005894,80.42372966262707,2.5809614460327843,183.64208040417182,0.7885338345864662,0,0.21146616541353383,20,1,0,80,15,0.35
source_plus_1,source level,+1 dB,45,506,P2,1521,1075,0.7067718606180144,446,446,1131.11950923031,76.09995691735891,0.9536772743736938,456.36790954574616,0.33488372093023255,0.33488372093023255,0.3302325581395349,20,1,0,80,15,0.35
source_plus_1,source level,+1 dB,45,506,P3-U,1521,817,0.537146614069691,704,704,1854.6804625781226,76.35708271911247,0.9999708053091969,345.63586346387814,0.3329253365973072,0.3329253365973072,0.33414932680538556,20,1,0,80,15,0.35
source_plus_1,source level,+1 dB,45,506,P3-D,1521,834,0.5483234714003945,687,687,1677.7718075230705,76.35863374390308,0.9928108685994358,353.08386211926745,0.3333333333333333,0.3333333333333333,0.3333333333333333,20,1,0,80,15,0.35
source_plus_1,source level,+1 dB,45,507,P0,1491,1068,0.716297786720322,423,423,930.4500397906297,80.92322627183157,2.8955557556044487,987.7826542391432,0,1,0,20,1,0,80,15,0.35
source_plus_1,source level,+1 dB,45,507,P1,1491,1046,0.7015425888665325,445,445,975.6811783760113,80.31665388778404,2.5180985727371743,180.5352858739052,0.7925430210325047,0,0.2074569789674952,20,1,0,80,15,0.35
source_plus_1,source level,+1 dB,45,507,P2,1491,1052,0.7055667337357479,439,439,961.2443443693753,76.09995479450826,0.9536768082121359,452.3980714138458,0.34220532319391633,0.34220532319391633,0.3155893536121673,20,1,0,80,15,0.35
source_plus_1,source level,+1 dB,45,507,P3-U,1491,817,0.5479543930248155,674,674,1551.5612137773555,76.61334881857681,0.9999707085307588,345.6362243517429,0.3329253365973072,0.3329253365973072,0.33414932680538556,20,1,0,80,15,0.35
source_plus_1,source level,+1 dB,45,507,P3-D,1491,835,0.5600268276324615,656,656,1373.7594474023274,76.35709343075825,0.999794294063536,353.25623755910703,0.332934131736527,0.332934131736527,0.3341317365269461,20,1,0,80,15,0.35
source_plus_1,source level,+1 dB,45,508,P0,1526,1097,0.718872870249017,429,429,1037.06705188035,80.92322649398936,2.8955568934576936,1014.6044615595337,0,1,0,20,1,0,80,15,0.35
source_plus_1,source level,+1 dB,45,508,P1,1526,1062,0.6959370904325033,464,464,1161.5401545508353,80.52830323451927,2.6438643111965923,183.29683610996705,0.7947269303201506,0,0.20527306967984935,20,1,0,80,15,0.35
source_plus_1,source level,+1 dB,45,508,P2,1526,1072,0.7024901703800787,454,454,1127.2502567988413,76.09996072886422,0.953678111351307,455.8507003063621,0.3358208955223881,0.3358208955223881,0.3283582089552239,20,1,0,80,15,0.35
source_plus_1,source level,+1 dB,45,508,P3-U,1526,817,0.5353866317169069,709,709,1850.0858592392922,76.35708602471394,0.9999573230469238,345.63624128298113,0.3329253365973072,0.3329253365973072,0.33414932680538556,20,1,0,80,15,0.35
source_plus_1,source level,+1 dB,45,508,P3-D,1526,834,0.546526867627785,692,692,1674.561332641987,76.35863848999684,0.9964390819247628,353.08402453589656,0.3333333333333333,0.3333333333333333,0.3333333333333333,20,1,0,80,15,0.35
source_plus_1,source level,+1 dB,45,509,P0,1549,1079,0.6965784377017431,470,470,1024.5505069490932,80.92322671614713,2.8955580313109373,997.9565283291095,0,1,0,20,1,0,80,15,0.35
source_plus_1,source level,+1 dB,45,509,P1,1549,1055,0.6810845706907682,494,494,1076.392447139444,80.31665439869917,2.5181008484423097,182.08856845702343,0.7962085308056872,0,0.2037914691943128,20,1,0,80,15,0.35
source_plus_1,source level,+1 dB,45,509,P2,1549,1061,0.6849580374435119,488,488,1063.1073264005763,76.09995320517001,0.9536764592059163,453.95135570732225,0.3393025447690858,0.3393025447690858,0.32139491046182844,20,1,0,80,15,0.35
source_plus_1,source level,+1 dB,45,509,P3-U,1549,817,0.5274370561652679,732,732,1678.427360468845,77.31733979429664,0.999939227006715,345.63616108131316,0.3329253365973072,0.3329253365973072,0.33414932680538556,20,1,0,80,15,0.35
source_plus_1,source level,+1 dB,45,509,P3-D,1549,835,0.539057456423499,714,714,1503.5800707408714,76.3555371628201,0.9983696341269611,353.2567185226427,0.332934131736527,0.332934131736527,0.3341317365269461,20,1,0,80,15,0.35
source_plus_1,source level,+1 dB,45,510,P0,1539,1080,0.7017543859649122,459,459,1000.9821949079724,80.92322604967377,2.895554617751205,998.8810858739383,0,1,0,20,1,0,80,15,0.35
source_plus_1,source level,+1 dB,45,510,P1,1539,1053,0.6842105263157895,486,486,1064.2554830418296,80.42372966262707,2.580961446032785,181.74375012458876,0.8176638176638177,0,0.18233618233618235,20,1,0,80,15,0.35
source_plus_1,source level,+1 dB,45,510,P2,1539,1062,0.6900584795321637,477,477,1041.6677156940914,76.09995698111847,0.9536772883748019,454.1243172400708,0.3389830508474576,0.3389830508474576,0.3220338983050847,20,1,0,80,15,0.35
source_plus_1,source level,+1 dB,45,510,P3-U,1539,817,0.5308641975308642,722,722,1692.8158558736382,76.61919327003864,0.9999565970829342,345.6359918548933,0.3329253365973072,0.3329253365973072,0.33414932680538556,20,1,0,80,15,0.35
source_plus_1,source level,+1 dB,45,510,P3-D,1539,834,0.5419103313840156,705,705,1515.1859778878027,76.35864095272304,0.9964392563738277,353.0843513981474,0.3333333333333333,0.3333333333333333,0.3333333333333333,20,1,0,80,15,0.35
source_plus_1,source level,+1 dB,45,511,P0,1565,1100,0.7028753993610224,465,465,1167.845414976473,80.92322627183157,2.8955557556044496,1017.3791214279107,0,1,0,20,1,0,80,15,0.35
source_plus_1,source level,+1 dB,45,511,P1,1565,1064,0.6798722044728435,501,501,1284.6825450737917,80.31657606568898,2.5180597187215445,183.64203671578514,0.8139097744360902,0,0.18609022556390978,20,1,0,80,15,0.35
source_plus_1,source level,+1 dB,45,511,P2,1565,1077,0.6881789137380192,488,488,1240.164276869092,76.09995882549345,0.9536776933854537,456.7137543323782,0.3342618384401114,0.3342618384401114,0.33147632311977715,20,1,0,80,15,0.35
source_plus_1,source level,+1 dB,45,511,P3-U,1565,817,0.5220447284345048,748,748,1969.1988706837822,76.35107939189879,0.9999294759197894,345.63617015325417,0.3329253365973072,0.3329253365973072,0.33414932680538556,20,1,0,80,15,0.35
source_plus_1,source level,+1 dB,45,511,P3-D,1565,835,0.5335463258785943,730,730,1781.517615310999,76.09994963397538,0.9886343471772829,353.25655290842946,0.332934131736527,0.332934131736527,0.3341317365269461,20,1,0,80,15,0.35
source_plus_1,source level,+1 dB,45,512,P0,1528,1093,0.7153141361256544,435,435,1069.4496467080182,80.92322649398936,2.8955568934576936,1010.9047072296501,0,1,0,20,1,0,80,15,0.35
source_plus_1,source level,+1 dB,45,512,P1,1528,1059,0.6930628272251309,469,469,1188.0592714383467,80.52830299121267,2.643863173344024,182.77933009784988,0.8234183191690274,0,0.17658168083097261,20,1,0,80,15,0.35
source_plus_1,source level,+1 dB,45,512,P2,1528,1070,0.7002617801047121,458,458,1147.6718396867964,76.09995569585755,0.9536770061414281,455.5053035121711,0.3364485981308411,0.3364485981308411,0.32710280373831774,20,1,0,80,15,0.35
source_plus_1,source level,+1 dB,45,512,P3-U,1528,817,0.5346858638743456,711,711,1848.8108222436028,76.86637200410196,0.9999721458049655,345.6363093756336,0.3329253365973072,0.3329253365973072,0.33414932680538556,20,1,0,80,15,0.35
source_plus_1,source level,+1 dB,45,512,P3-D,1528,835,0.5464659685863874,693,693,1670.0592450949562,76.6206526505334,0.9871702667266917,353.2569731565952,0.332934131736527,0.332934131736527,0.3341317365269461,20,1,0,80,15,0.35
source_plus_1,source level,+1 dB,45,513,P0,1472,1065,0.7235054347826086,407,407,1027.25676063006,80.92322627183157,2.8955557556044487,985.0079077713017,0,1,0,20,1,0,80,15,0.35
source_plus_1,source level,+1 dB,45,513,P1,1472,1038,0.7051630434782609,434,434,1078.2234914385717,80.42380633582147,2.5810037136061172,179.1546035936959,0.7861271676300579,0,0.2138728323699422,20,1,0,80,15,0.35
source_plus_1,source level,+1 dB,45,513,P2,1472,1048,0.7119565217391305,424,424,1059.6538759118753,76.09995498578702,0.9536768502154601,451.7075921902866,0.3416030534351145,0.3435114503816794,0.3148854961832061,20,1,0,80,15,0.35
source_plus_1,source level,+1 dB,45,513,P3-U,1472,817,0.5550271739130435,655,655,1587.7551414175914,76.61353128397438,0.9999576061949754,345.63618292550655,0.3329253365973072,0.3329253365973072,0.33414932680538556,20,1,0,80,15,0.35
source_plus_1,source level,+1 dB,45,513,P3-D,1472,835,0.5672554347826086,637,637,1428.2877223528544,76.35398507427122,0.9969501742517534,353.2568691207808,0.332934131736527,0.332934131736527,0.3341317365269461,20,1,0,80,15,0.35
source_plus_1,source level,+1 dB,45,514,P0,1510,1085,0.7185430463576159,425,425,1014.7722176125548,80.92322671614713,2.8955580313109373,1003.5057787862927,0,1,0,20,1,0,80,15,0.35
source_plus_1,source level,+1 dB,45,514,P1,1510,1053,0.6973509933774834,457,457,1106.0003205534229,80.52830445105201,2.6438700004594318,181.74352076055868,0.8157644824311491,0,0.1842355175688509,20,1,0,80,15,0.35
source_plus_1,source level,+1 dB,45,514,P2,1510,1063,0.7039735099337748,447,447,1083.9849123378017,76.09995851405647,0.9536776249962605,454.29716356867857,0.33866415804327377,0.33866415804327377,0.32267168391345247,20,1,0,80,15,0.35
source_plus_1,source level,+1 dB,45,514,P3-U,1510,817,0.5410596026490067,693,693,1758.4585811345225,77.09500356272139,0.9999589216227407,345.6366330869802,0.3329253365973072,0.3329253365973072,0.33414932680538556,20,1,0,80,15,0.35
source_plus_1,source level,+1 dB,45,514,P3-D,1510,835,0.5529801324503312,675,675,1578.308301878243,76.61919006237318,0.9997958694241095,353.25690255293534,0.332934131736527,0.332934131736527,0.3341317365269461,20,1,0,80,15,0.35
source_plus_1,source level,+1 dB,45,515,P0,1546,1095,0.7082794307891332,451,451,1094.893728183131,80.92322671614713,2.8955580313109373,1012.75454109486,0,1,0,20,1,0,80,15,0.35
source_plus_1,source level,+1 dB,45,515,P1,1546,1061,0.6862871927554981,485,485,1200.1505282416706,80.52837686705695,2.6439008895070875,183.12437779431468,0.8162111215834119,0,0.18378887841658811,20,1,0,80,15,0.35
source_plus_1,source level,+1 dB,45,515,P2,1546,1071,0.6927554980595084,475,475,1166.6300840633737,76.0999570093179,0.9536772945671823,455.6778854690209,0.33613445378151263,0.33613445378151263,0.3277310924369748,20,1,0,80,15,0.35
source_plus_1,source level,+1 dB,45,515,P3-U,1546,817,0.5284605433376456,729,729,1847.8152853042614,76.61918718936055,0.9999592492667517,345.6362014347032,0.3329253365973072,0.3329253365973072,0.33414932680538556,20,1,0,80,15,0.35
source_plus_1,source level,+1 dB,45,515,P3-D,1546,834,0.5394566623544631,712,712,1677.5293681051028,76.09994895946406,0.9964399609570112,353.08473810772665,0.3333333333333333,0.3333333333333333,0.3333333333333333,20,1,0,80,15,0.35
source_plus_1,source level,+1 dB,45,516,P0,1558,1081,0.6938382541720154,477,477,1147.4661504178378,80.92322582751595,2.8955534798979614,999.8060157964627,0,1,0,20,1,0,80,15,0.35
source_plus_1,source level,+1 dB,45,516,P1,1558,1056,0.6777920410783055,502,502,1183.0503372815924,80.0940767647314,2.392291704556991,182.26152918912257,0.803030303030303,0,0.19696969696969696,20,1,0,80,15,0.35
source_plus_1,source level,+1 dB,45,516,P2,1558,1063,0.6822849807445442,495,495,1181.1260186139195,76.09995393607961,0.9536766197079177,454.2968692395601,0.33866415804327377,0.33866415804327377,0.32267168391345247,20,1,0,80,15,0.35
source_plus_1,source level,+1 dB,45,516,P3-U,1558,817,0.524390243902439,741,741,1798.5465735340679,76.35107308056034,0.999932664883798,345.6364060058128,0.3329253365973072,0.3329253365973072,0.33414932680538556,20,1,0,80,15,0.35
source_plus_1,source level,+1 dB,45,516,P3-D,1558,835,0.5359435173299102,723,723,1613.602558650566,76.09851944559021,0.9976984537833229,353.25652489195716,0.332934131736527,0.332934131736527,0.3341317365269461,20,1,0,80,15,0.35
source_plus_1,source level,+1 dB,45,517,P0,1579,1055,0.6681443951868271,524,524,1195.066850630726,80.92322627183157,2.895555755604449,975.7589203041279,0,1,0,20,1,0,80,15,0.35
source_plus_1,source level,+1 dB,45,517,P1,1579,1028,0.6510449651678277,551,551,1259.0278291300451,80.31657555476464,2.5180574430164095,177.42875347395855,0.8025291828793775,0,0.19747081712062256,20,1,0,80,15,0.35
source_plus_1,source level,+1 dB,45,517,P2,1579,1036,0.656111462951235,543,543,1237.4502621402821,76.09995637036783,0.953677154258669,449.6370348118646,0.3474903474903475,0.3474903474903475,0.305019305019305,20,1,0,80,15,0.35
source_plus_1,source level,+1 dB,45,517,P3-U,1579,817,0.5174160861304623,762,762,1657.3504102820032,77.52853217476873,0.9999393621078226,345.63633512494306,0.3329253365973072,0.3329253365973072,0.33414932680538556,20,1,0,80,15,0.35
source_plus_1,source level,+1 dB,45,517,P3-D,1579,835,0.5288157061431286,744,744,1526.5030327048978,77.09762385896325,0.995533523614641,353.25657529940224,0.332934131736527,0.332934131736527,0.3341317365269461,20,1,0,80,15,0.35
source_plus_1,source level,+1 dB,45,518,P0,1445,1038,0.7183391003460208,407,407,1072.661153161595,80.92322649398936,2.8955568934576927,960.0358996763355,0,1,0,20,1,0,80,15,0.35
source_plus_1,source level,+1 dB,45,518,P1,1445,1014,0.7017301038062284,431,431,1114.9609317087095,80.20671137774714,2.455156853557737,175.0123055448448,0.7948717948717948,0,0.20512820512820512,20,1,0,80,15,0.35
source_plus_1,source level,+1 dB,45,518,P2,1445,1020,0.7058823529411765,425,425,1109.973096637157,76.09995848585703,0.95367761880388,446.8754605601915,0.3509803921568627,0.35294117647058826,0.296078431372549,20,1,0,80,15,0.35
source_plus_1,source level,+1 dB,45,518,P3-U,1445,818,0.5660899653979239,627,627,1489.6204775365895,76.86084705228352,0.9999700592510868,345.8083274440698,0.33374083129584353,0.33251833740831294,0.33374083129584353,20,1,0,80,15,0.35
source_plus_1,source level,+1 dB,45,518,P3-D,1445,835,0.5778546712802768,610,610,1350.427494595127,76.353981476603,0.9986939782932432,353.2563932566777,0.332934131736527,0.332934131736527,0.3341317365269461,20,1,0,80,15,0.35
source_plus_1,source level,+1 dB,45,519,P0,1456,1073,0.7369505494505495,383,383,899.9279586100387,80.92322627183157,2.895555755604449,992.4071999324086,0,1,0,20,1,0,80,15,0.35
source_plus_1,source level,+1 dB,45,519,P1,1456,1052,0.7225274725274725,404,404,937.2843259774382,80.31665363232646,2.5180974348846066,181.5707347820062,0.7918250950570342,0,0.20817490494296578,20,1,0,80,15,0.35
source_plus_1,source level,+1 dB,45,519,P2,1456,1056,0.7252747252747253,400,400,936.295088941552,76.09995338908816,0.9536764995928931,453.08884066272725,0.3390151515151515,0.3409090909090909,0.32007575757575757,20,1,0,80,15,0.35
source_plus_1,source level,+1 dB,45,519,P3-U,1456,816,0.5604395604395604,640,640,1560.3860248550675,77.10039847462687,0.9999333129011652,345.4634574758466,0.3333333333333333,0.3333333333333333,0.3333333333333333,20,1,0,80,15,0.35
source_plus_1,source level,+1 dB,45,519,P3-D,1456,835,0.573489010989011,621,621,1392.0805579590635,76.62083153035735,0.9976363801716692,353.25715186695066,0.332934131736527,0.332934131736527,0.3341317365269461,20,1,0,80,15,0.35
source_plus_1,source level,+1 dB,45,520,P0,1533,1094,0.7136333985649054,439,439,1052.4184659650923,80.92322649398936,2.8955568934576936,1011.8298882906205,0,1,0,20,1,0,80,15,0.35
source_plus_1,source level,+1 dB,45,520,P1,1533,1061,0.6921069797782127,472,472,1169.0323527763624,80.20679119362369,2.4551957075733672,183.12408289770454,0.7907634307257304,0,0.20923656927426956,20,1,0,80,15,0.35
source_plus_1,source level,+1 dB,45,520,P2,1533,1069,0.6973255055446836,464,464,1144.7649159616758,76.09995461059017,0.9536767678251586,455.3328783774309,0.33676333021515437,0.33676333021515437,0.3264733395696913,20,1,0,80,15,0.35
source_plus_1,source level,+1 dB,45,520,P3-U,1533,817,0.532941943900848,716,716,1834.8172016037395,76.8663722415328,0.9999717330899806,345.6358452992837,0.3329253365973072,0.3329253365973072,0.33414932680538556,20,1,0,80,15,0.35
source_plus_1,source level,+1 dB,45,520,P3-D,1533,835,0.5446836268754077,698,698,1657.4139704059278,76.35864292733477,0.9997949866696882,353.25706375692045,0.332934131736527,0.332934131736527,0.3341317365269461,20,1,0,80,15,0.35
source_plus_1,source level,+1 dB,45,521,P0,1532,1067,0.6964751958224543,465,465,1092.6792152091589,80.92322604967377,2.895554617751206,986.8575251378512,0,1,0,20,1,0,80,15,0.35
source_plus_1,source level,+1 dB,45,521,P1,1532,1042,0.6801566579634465,490,490,1145.4595812766054,80.42372941339082,2.580960308180217,179.84520140307225,0.8224568138195777,0,0.17754318618042225,20,1,0,80,15,0.35
source_plus_1,source level,+1 dB,45,521,P2,1532,1049,0.6847258485639687,483,483,1132.7302550598042,76.09995553277827,0.9536769703304847,451.8808377675686,0.34318398474737843,0.34318398474737843,0.3136320305052431,20,1,0,80,15,0.35
source_plus_1,source level,+1 dB,45,521,P3-U,1532,817,0.533289817232376,715,715,1665.4000315873088,77.095004457185,0.9999348459841279,345.6366347323311,0.3329253365973072,0.3329253365973072,0.33414932680538556,20,1,0,80,15,0.35
source_plus_1,source level,+1 dB,45,521,P3-D,1532,835,0.5450391644908616,697,697,1499.710269481247,77.1002321335894,0.9983709080525105,353.2569412583468,0.332934131736527,0.332934131736527,0.3341317365269461,20,1,0,80,15,0.35
source_plus_1,source level,+1 dB,45,522,P0,1510,1086,0.7192052980132451,424,424,1042.8738928530227,80.92322582751595,2.895553479897962,1004.4305961295138,0,1,0,20,1,0,80,15,0.35
source_plus_1,source level,+1 dB,45,522,P1,1510,1053,0.6973509933774834,457,457,1147.1557301981807,80.31673247484356,2.5181408403105072,181.74352076055874,0.8005698005698005,0,0.19943019943019943,20,1,0,80,15,0.35
source_plus_1,source level,+1 dB,45,522,P2,1510,1064,0.704635761589404,446,446,1113.246232083042,76.09995790330606,0.9536774908801277,454.4699564477541,0.33364661654135336,0.3383458646616541,0.32800751879699247,20,1,0,80,15,0.35
source_plus_1,source level,+1 dB,45,522,P3-U,1510,818,0.5417218543046357,692,692,1785.3795250583967,76.61353338722684,0.9999302123959889,345.80888874907095,0.33374083129584353,0.33251833740831294,0.33374083129584353,20,1,0,80,15,0.35
source_plus_1,source level,+1 dB,45,522,P3-D,1510,835,0.5529801324503312,675,675,1609.0077956468726,76.35903772621695,0.9997936133238642,353.2568369970152,0.332934131736527,0.332934131736527,0.3341317365269461,20,1,0,80,15,0.35
source_plus_1,source level,+1 dB,45,523,P0,1559,1087,0.6972418216805645,472,472,1143.6786327512443,80.92322582751595,2.8955534798979614,1005.3554914122525,0,1,0,20,1,0,80,15,0.35
source_plus_1,source level,+1 dB,45,523,P1,1559,1060,0.6799230275817832,499,499,1214.6017455478316,80.31657504384022,2.5180551673112737,182.95172288092223,0.8075471698113208,0,0.19245283018867926,20,1,0,80,15,0.35
source_plus_1,source level,+1 dB,45,523,P2,1559,1066,0.6837716484926235,493,493,1202.6698881194227,76.0999571012769,0.9536773147606709,454.8144934538527,0.33771106941838647,0.33771106941838647,0.324577861163227,20,1,0,80,15,0.35
source_plus_1,source level,+1 dB,45,523,P3-U,1559,817,0.5240538806927517,742,742,1822.2102667286515,76.6191863886062,0.9999372703075925,345.63667044496316,0.3329253365973072,0.3329253365973072,0.33414932680538556,20,1,0,80,15,0.35
source_plus_1,source level,+1 dB,45,523,P3-D,1559,835,0.5355997434252726,724,724,1648.4577721275105,76.61919768646527,0.9997952028759093,353.25651858489334,0.332934131736527,0.332934131736527,0.3341317365269461,20,1,0,80,15,0.35
source_plus_1,source level,+1 dB,45,524,P0,1531,1086,0.7093403004572175,445,445,1019.1879518996717,80.92322649398936,2.8955568934576936,1004.4307606684956,0,1,0,20,1,0,80,15,0.35
source_plus_1,source level,+1 dB,45,524,P1,1531,1060,0.6923579359895493,471,471,1108.3647001397344,80.42380658505331,2.581004851458686,182.95152628318215,0.7943396226415095,0,0.20566037735849058,20,1,0,80,15,0.35
source_plus_1,source level,+1 dB,45,524,P2,1531,1063,0.6943174395819726,468,468,1089.7899543205608,76.099957136837,0.9536773225693983,454.2969973119407,0.33866415804327377,0.33866415804327377,0.32267168391345247,20,1,0,80,15,0.35
source_plus_1,source level,+1 dB,45,524,P3-U,1531,817,0.5336381450032658,714,714,1741.7129610798902,77.31717635141676,0.9999574284657159,345.63612986725656,0.3329253365973072,0.3329253365973072,0.33414932680538556,20,1,0,80,15,0.35
source_plus_1,source level,+1 dB,45,524,P3-D,1531,835,0.5453951665578054,696,696,1568.0570389198206,76.86636805178637,0.9970623643330846,353.25668221416623,0.332934131736527,0.332934131736527,0.3341317365269461,20,1,0,80,15,0.35
source_plus_1,source level,+1 dB,45,525,P0,1514,1075,0.7100396301188904,439,439,1075.7425557867548,80.92322627183157,2.8955557556044496,994.2568346188505,0,1,0,20,1,0,80,15,0.35
source_plus_1,source level,+1 dB,45,525,P1,1514,1050,0.6935270805812418,464,464,1116.7960340564475,80.31657632115113,2.518060856574113,181.22573077392815,0.8104761904761905,0,0.1895238095238095,20,1,0,80,15,0.35
source_plus_1,source level,+1 dB,45,525,P2,1514,1059,0.6994715984147952,455,455,1103.7665659335155,76.09995778314764,0.9536774644942587,453.6066858066203,0.33994334277620397,0.33994334277620397,0.32011331444759206,20,1,0,80,15,0.35
source_plus_1,source level,+1 dB,45,525,P3-U,1514,817,0.5396301188903567,697,697,1721.0622932966892,76.09995424751692,0.9998675916025052,345.63614088008563,0.33414932680538556,0.3329253365973072,0.3329253365973072,20,1,0,80,15,0.35
source_plus_1,source level,+1 dB,45,525,P3-D,1514,835,0.5515191545574637,679,679,1534.1880939010837,76.09995424751692,0.988632294752155,353.257002245914,0.332934131736527,0.332934131736527,0.3341317365269461,20,1,0,80,15,0.35
source_plus_1,source level,+1 dB,45,526,P0,1484,1072,0.7223719676549866,412,412,1030.0503248223054,80.92322649398936,2.895556893457693,991.4822786698305,0,1,0,20,1,0,80,15,0.35
source_plus_1,source level,+1 dB,45,526,P1,1484,1052,0.7088948787061995,432,432,1072.0246015074313,80.20663051235594,2.4551134481318364,181.57083308087624,0.779467680608365,0,0.22053231939163498,20,1,0,80,15,0.35
source_plus_1,source level,+1 dB,45,526,P2,1484,1056,0.7115902964959568,428,428,1060.9172523073369,76.09995925232585,0.9536777871146094,453.0885078353871,0.3409090909090909,0.3409090909090909,0.3181818181818182,20,1,0,80,15,0.35
source_plus_1,source level,+1 dB,45,526,P3-U,1484,817,0.5505390835579514,667,667,1669.3071275790728,77.10023645130049,0.9999274932486144,345.6362564081161,0.3329253365973072,0.3329253365973072,0.33414932680538556,20,1,0,80,15,0.35
source_plus_1,source level,+1 dB,45,526,P3-D,1484,835,0.5626684636118598,649,649,1492.363911286302,76.62065059010803,0.9997923204138747,353.2563741540216,0.332934131736527,0.332934131736527,0.3341317365269461,20,1,0,80,15,0.35
source_plus_1,source level,+1 dB,45,527,P0,1522,1086,0.7135348226018396,436,436,982.1458379706157,80.92322649398936,2.8955568934576936,1004.4305528297817,0,1,0,20,1,0,80,15,0.35
source_plus_1,source level,+1 dB,45,527,P1,1522,1059,0.6957950065703022,463,463,1044.2343646380652,80.31665490961424,2.5181031241474456,182.77914442220649,0.7884796978281398,0,0.21152030217186024,20,1,0,80,15,0.35
source_plus_1,source level,+1 dB,45,527,P2,1522,1068,0.7017082785808147,454,454,1023.0715050348294,76.09995707307746,0.9536773085682904,455.1598644703818,0.33707865168539325,0.33707865168539325,0.3258426966292135,20,1,0,80,15,0.35
source_plus_1,source level,+1 dB,45,527,P3-U,1522,817,0.5367936925098554,705,705,1707.7564693140964,76.61918605642214,0.9999562186180717,345.6361025607012,0.3329253365973072,0.3329253365973072,0.33414932680538556,20,1,0,80,15,0.35
source_plus_1,source level,+1 dB,45,527,P3-D,1522,834,0.5479632063074902,688,688,1531.5315653618527,76.35863467241704,0.9964391875128533,353.08370383828435,0.3333333333333333,0.3333333333333333,0.3333333333333333,20,1,0,80,15,0.35
source_plus_1,source level,+1 dB,45,528,P0,1559,1084,0.6953175112251443,475,475,1126.2350179235411,80.92322671614713,2.895558031310937,1002.5808142239825,0,1,0,20,1,0,80,15,0.35
source_plus_1,source level,+1 dB,45,528,P1,1559,1058,0.6786401539448365,501,501,1177.6820754715238,80.42372941339082,2.5809603081802166,182.60652227510408,0.8052930056710775,0,0.1947069943289225,20,1,0,80,15,0.35
source_plus_1,source level,+1 dB,45,528,P2,1559,1067,0.6844130853110969,492,492,1161.3491406215478,76.0999563912066,0.9536771588347025,454.9872717779128,0.3373945641986879,0.3373945641986879,0.3252108716026242,20,1,0,80,15,0.35
source_plus_1,source level,+1 dB,45,528,P3-U,1559,817,0.5240538806927517,742,742,1809.4317985769737,76.61919043320489,0.9999561375634599,345.6364251318089,0.3329253365973072,0.3329253365973072,0.33414932680538556,20,1,0,80,15,0.35
source_plus_1,source level,+1 dB,45,528,P3-D,1559,835,0.5355997434252726,724,724,1632.648105193409,76.3586393198177,0.9871684084890239,353.2564228020434,0.332934131736527,0.332934131736527,0.3341317365269461,20,1,0,80,15,0.35
source_plus_1,source level,+1 dB,45,529,P0,1472,1080,0.7336956521739131,392,392,921.4629491198765,80.92322604967377,2.8955546177512055,998.8811464935629,0,1,0,20,1,0,80,15,0.35
source_plus_1,source level,+1 dB,45,529,P1,1472,1055,0.7167119565217391,417,417,970.2735911613845,80.42373115804435,2.5809682731481915,182.0888524315369,0.8037914691943128,0,0.1962085308056872,20,1,0,80,15,0.35
source_plus_1,source level,+1 dB,45,529,P2,1472,1063,0.7221467391304348,409,409,958.813461272449,76.09995586765196,0.9536770438661516,454.29699580375967,0.33866415804327377,0.33866415804327377,0.32267168391345247,20,1,0,80,15,0.35
source_plus_1,source level,+1 dB,45,529,P3-U,1472,817,0.5550271739130435,655,655,1645.067896742046,76.35708648874146,0.9999726965992296,345.6363774425611,0.3329253365973072,0.3329253365973072,0.33414932680538556,20,1,0,80,15,0.35
source_plus_1,source level,+1 dB,45,529,P3-D,1472,834,0.5665760869565217,638,638,1465.185608662108,76.35863961141504,0.992812822216832,353.08407516885876,0.3333333333333333,0.3333333333333333,0.3333333333333333,20,1,0,80,15,0.35
source_plus_1,source level,+1 dB,45,530,P0,1545,1084,0.7016181229773463,461,461,1057.5917164017935,80.92322627183157,2.8955557556044487,1002.5808402038216,0,1,0,20,1,0,80,15,0.35
source_plus_1,source level,+1 dB,45,530,P1,1545,1054,0.6822006472491909,491,491,1141.2976204429897,80.42373065957199,2.580965997443056,181.91613198556442,0.8083491461100569,0,0.19165085388994307,20,1,0,80,15,0.35
source_plus_1,source level,+1 dB,45,530,P2,1545,1062,0.6873786407766991,483,483,1117.0715047174929,76.09995765562856,0.9536774364920427,454.1246241109113,0.3389830508474576,0.3389830508474576,0.3220338983050847,20,1,0,80,15,0.35
source_plus_1,source level,+1 dB,45,530,P3-U,1545,817,0.5288025889967638,728,728,1765.0933062629242,77.31717286647624,0.9999720839392722,345.6363208237973,0.3329253365973072,0.3329253365973072,0.33414932680538556,20,1,0,80,15,0.35
source_plus_1,source level,+1 dB,45,530,P3-D,1545,835,0.540453074433657,710,710,1591.8365521719888,76.35708699099892,0.9983694403900039,353.2567883723334,0.332934131736527,0.332934131736527,0.3341317365269461,20,1,0,80,15,0.35
source_plus_1,source level,+1 dB,80,501,P0,2681,1103,0.4114136516225289,1578,1578,2649.1338135971764,80.92322649398936,2.895556893457693,1020.1538765556987,0,1,0,20,1,0,80,15,0.35
source_plus_1,source level,+1 dB,80,501,P1,2681,1071,0.39947780678851175,1610,1610,2726.0044925952297,80.09399485022186,2.3922528505413614,184.85007500469868,0.7843137254901961,0,0.21568627450980393,20,1,0,80,15,0.35
source_plus_1,source level,+1 dB,80,501,P2,2681,1079,0.40246176799701605,1602,1602,2701.4929182809647,76.09995833013853,0.9536775846092833,457.05810460831424,0.3336422613531047,0.3336422613531047,0.33271547729379053,20,1,0,80,15,0.35
source_plus_1,source level,+1 dB,80,501,P3-U,2681,817,0.3047370384185006,1864,1864,3159.8289121755556,76.35533842354121,0.999934745625481,345.6358835486483,0.3329253365973072,0.3329253365973072,0.33414932680538556,20,1,0,80,15,0.35
source_plus_1,source level,+1 dB,80,501,P3-D,2681,834,0.3110779559865722,1847,1847,2995.1552670429405,76.09994871178604,0.9781236281636089,353.0839017860808,0.3333333333333333,0.3333333333333333,0.3333333333333333,20,1,0,80,15,0.35
source_plus_1,source level,+1 dB,80,502,P0,2595,1104,0.4254335260115607,1491,1491,2730.4867447610764,80.9232273826204,2.8955614448706686,1021.0786938989196,0,1,0,20,1,0,80,15,0.35
source_plus_1,source level,+1 dB,80,502,P1,2595,1066,0.41078998073217726,1529,1529,2819.9087926963584,80.31665388778404,2.518098572737175,183.98722639950665,0.797373358348968,0,0.2026266416510319,20,1,0,80,15,0.35
source_plus_1,source level,+1 dB,80,502,P2,2595,1079,0.41579961464354526,1516,1516,2792.942281367853,76.09995608713012,0.9536770920618562,457.0584395837321,0.3336422613531047,0.3336422613531047,0.33271547729379053,20,1,0,80,15,0.35
source_plus_1,source level,+1 dB,80,502,P3-U,2595,817,0.31483622350674373,1778,1778,3274.959613725825,76.35533588405389,0.9999287165710408,345.6362193480554,0.33414932680538556,0.3329253365973072,0.3329253365973072,20,1,0,80,15,0.35
source_plus_1,source level,+1 dB,80,502,P3-D,2595,834,0.3213872832369942,1761,1761,3110.7009111037623,76.09995608713012,0.9781249311282189,353.0841443810376,0.3333333333333333,0.3333333333333333,0.3333333333333333,20,1,0,80,15,0.35
source_plus_1,source level,+1 dB,80,503,P0,2680,1103,0.4115671641791045,1577,1577,2657.3294770376647,80.92322649398936,2.8955568934576936,1020.153564797628,0,1,0,20,1,0,80,15,0.35
source_plus_1,source level,+1 dB,80,503,P1,2680,1067,0.39813432835820894,1613,1613,2738.643066028319,80.20679224163267,2.4552002589836377,184.1600779106391,0.8106841611996252,0,0.1893158388003749,20,1,0,80,15,0.35
source_plus_1,source level,+1 dB,80,503,P2,2680,1079,0.40261194029850744,1601,1601,2710.8515166356046,76.09995637036783,0.953677154258669,457.05851891974356,0.3336422613531047,0.3336422613531047,0.33271547729379053,20,1,0,80,15,0.35
source_plus_1,source level,+1 dB,80,503,P3-U,2680,816,0.3044776119402985,1864,1864,3179.55656085563,76.35552917827502,0.9997586010015826,345.463820669914,0.3333333333333333,0.3333333333333333,0.3333333333333333,20,1,0,80,15,0.35
source_plus_1,source level,+1 dB,80,503,P3-D,2680,834,0.3111940298507463,1846,1846,3017.760853554516,76.09995182058819,0.9781260035319284,353.0842963082771,0.3333333333333333,0.3333333333333333,0.3333333333333333,20,1,0,80,15,0.35
source_plus_1,source level,+1 dB,80,504,P0,2672,1104,0.41317365269461076,1568,1568,2564.9470831788562,80.92322649398936,2.8955568934576936,1021.0786592591342,0,1,0,20,1,0,80,15,0.35
source_plus_1,source level,+1 dB,80,504,P1,2672,1069,0.4000748502994012,1603,1603,2650.4277567552986,80.31657734299957,2.5180654079843836,184.50502730823388,0.7885874649204865,0,0.21141253507951357,20,1,0,80,15,0.35
source_plus_1,source level,+1 dB,80,504,P2,2672,1080,0.4041916167664671,1592,1592,2617.6148109312185,76.09995451863112,0.9536767476316702,457.23098833895733,0.3333333333333333,0.3333333333333333,0.3333333333333333,20,1,0,80,15,0.35
source_plus_1,source level,+1 dB,80,504,P3-U,2672,817,0.30576347305389223,1855,1855,3081.5022401400884,76.35553671253953,0.9999720802355195,345.6361770304374,0.33414932680538556,0.3329253365973072,0.3329253365973072,20,1,0,80,15,0.35
source_plus_1,source level,+1 dB,80,504,P3-D,2672,834,0.312125748502994,1838,1838,2917.051726586845,76.0999536367659,0.9749049426853187,353.0841033434559,0.3333333333333333,0.3333333333333333,0.3333333333333333,20,1,0,80,15,0.35
source_plus_1,source level,+1 dB,80,505,P0,2723,1101,0.4043334557473375,1622,1622,2686.8253075796856,80.92322671614713,2.8955580313109364,1018.3040773302745,0,1,0,20,1,0,80,15,0.35
source_plus_1,source level,+1 dB,80,505,P1,2723,1068,0.39221446933529197,1655,1655,2744.810642775684,80.20679197963045,2.4551991211310704,184.33240516113148,0.7808988764044944,0,0.21910112359550563,20,1,0,80,15,0.35
source_plus_1,source level,+1 dB,80,505,P2,2723,1078,0.39588688946015427,1645,1645,2733.342992813542,76.09995461059017,0.9536767678251586,456.8856517990763,0.3339517625231911,0.3339517625231911,0.3320964749536178,20,1,0,80,15,0.35
source_plus_1,source level,+1 dB,80,505,P3-U,2723,817,0.3000367242012486,1906,1906,3186.137600625897,76.35533527588572,0.9999263530659631,345.6360970102341,0.33414932680538556,0.3329253365973072,0.3329253365973072,20,1,0,80,15,0.35
source_plus_1,source level,+1 dB,80,505,P3-D,2723,834,0.3062798384135145,1889,1889,3022.133552813016,76.09995111051703,0.9976965753671779,353.08365823234976,0.3333333333333333,0.3333333333333333,0.3333333333333333,20,1,0,80,15,0.35
source_plus_1,source level,+1 dB,80,506,P0,2721,1102,0.4049981624402793,1619,1619,2654.4342596011784,80.92322649398936,2.8955568934576927,1019.2289033334418,0,1,0,20,1,0,80,15,0.35
source_plus_1,source level,+1 dB,80,506,P1,2721,1071,0.3936052921719956,1650,1650,2727.930075435792,80.42373065957199,2.580965997443056,184.8502388361487,0.7880485527544351,0,0.2119514472455649,20,1,0,80,15,0.35
source_plus_1,source level,+1 dB,80,506,P2,2721,1077,0.3958103638368247,1644,1644,2708.0779317653237,76.0999570093179,0.9536772945671823,456.71355713616595,0.3342618384401114,0.3342618384401114,0.33147632311977715,20,1,0,80,15,0.35
source_plus_1,source level,+1 dB,80,506,P3-U,2721,816,0.29988974641675853,1905,1905,3126.45657475995,76.35533530210094,0.9998819192565901,345.4636085117043,0.3333333333333333,0.3333333333333333,0.3333333333333333,20,1,0,80,15,0.35
source_plus_1,source level,+1 dB,80,506,P3-D,2721,834,0.3065049614112459,1887,1887,2969.587707470279,76.099950188328,0.997698794551488,353.08439147695526,0.3333333333333333,0.3333333333333333,0.3333333333333333,20,1,0,80,15,0.35
source_plus_1,source level,+1 dB,80,507,P0,2762,1103,0.39934829833454016,1659,1659,2714.414501322933,80.92322649398936,2.8955568934576927,1020.153798616181,0,1,0,20,1,0,80,15,0.35
source_plus_1,source level,+1 dB,80,507,P1,2762,1070,0.387400434467777,1692,1692,2793.753727395801,80.42372916415454,2.5809591703276493,184.67766037743297,0.8,0,0.2,20,1,0,80,15,0.35
source_plus_1,source level,+1 dB,80,507,P2,2762,1078,0.390296886314265,1684,1684,2771.8252201455875,76.09995691735891,0.9536772743736939,456.8862767140969,0.3339517625231911,0.3339517625231911,0.3320964749536178,20,1,0,80,15,0.35
source_plus_1,source level,+1 dB,80,507,P3-U,2762,817,0.2958001448225923,1945,1945,3199.7402198071086,76.35534363811404,0.9999423811046786,345.6363882298729,0.33414932680538556,0.3329253365973072,0.3329253365973072,20,1,0,80,15,0.35
source_plus_1,source level,+1 dB,80,507,P3-D,2762,834,0.30195510499637945,1928,1928,3038.432629485781,76.09995409179827,0.9781297537746113,353.084156194516,0.3333333333333333,0.3333333333333333,0.3333333333333333,20,1,0,80,15,0.35
source_plus_1,source level,+1 dB,80,508,P0,2805,1102,0.3928698752228164,1703,1703,2902.17600153062,80.92322671614713,2.8955580313109373,1019.2290072527989,0,1,0,20,1,0,80,15,0.35
source_plus_1,source level,+1 dB,80,508,P1,2805,1067,0.3803921568627451,1738,1738,2980.0428357518895,80.31657453291575,2.5180528916061378,184.15970655935232,0.795688847235239,0,0.204311152764761,20,1,0,80,15,0.35
source_plus_1,source level,+1 dB,80,508,P2,2805,1077,0.3839572192513369,1728,1728,2957.029583911124,76.09995602337055,0.9536770780607483,456.7132844724038,0.3342618384401114,0.3342618384401114,0.33147632311977715,20,1,0,80,15,0.35
source_plus_1,source level,+1 dB,80,508,P3-U,2805,817,0.2912655971479501,1988,1988,3340.033604381618,76.09995172862908,0.9998657829730117,345.6359325853248,0.33414932680538556,0.3329253365973072,0.3329253365973072,20,1,0,80,15,0.35
source_plus_1,source level,+1 dB,80,508,P3-D,2805,835,0.2976827094474153,1970,1970,3178.0057035698733,76.09995172862908,0.9886325086124452,353.25688895669373,0.332934131736527,0.332934131736527,0.3341317365269461,20,1,0,80,15,0.35
source_plus_1,source level,+1 dB,80,509,P0,2656,1104,0.41566265060240964,1552,1552,2571.9072331383227,80.9232273826204,2.8955614448706686,1021.0783734809024,0,1,0,20,1,0,80,15,0.35
source_plus_1,source level,+1 dB,80,509,P1,2656,1069,0.40248493975903615,1587,1587,2645.39856906108,80.31657734299957,2.5180654079843836,184.5053768153273,0.8054256314312441,0,0.19457436856875585,20,1,0,80,15,0.35
source_plus_1,source level,+1 dB,80,509,P2,2656,1080,0.4066265060240964,1576,1576,2623.3326203336223,76.09995704487802,0.9536773023759099,457.23104962181907,0.3333333333333333,0.3333333333333333,0.3333333333333333,20,1,0,80,15,0.35
source_plus_1,source level,+1 dB,80,509,P3-U,2656,817,0.307605421686747,1839,1839,3074.6953258172393,76.35534113828881,0.9999709778091465,345.63595113857383,0.3329253365973072,0.3329253365973072,0.33414932680538556,20,1,0,80,15,0.35
source_plus_1,source level,+1 dB,80,509,P3-D,2656,834,0.31400602409638556,1822,1822,2909.3724952989755,76.09994752584255,0.9749058787606089,353.08410903372027,0.3333333333333333,0.3333333333333333,0.3333333333333333,20,1,0,80,15,0.35
source_plus_1,source level,+1 dB,80,510,P0,2733,1104,0.4039517014270033,1629,1629,2670.828423776235,80.92322582751595,2.895553479897961,1021.0786072994556,0,1,0,20,1,0,80,15,0.35
source_plus_1,source level,+1 dB,80,510,P1,2733,1069,0.3911452616172704,1664,1664,2765.9736509217614,80.31657504384022,2.5180551673112737,184.50509284081392,0.804490177736202,0,0.19550982226379796,20,1,0,80,15,0.35
source_plus_1,source level,+1 dB,80,510,P2,2733,1080,0.3951701427003293,1653,1653,2723.939801732167,76.09995848585703,0.95367761880388,457.2310849457966,0.3333333333333333,0.3333333333333333,0.3333333333333333,20,1,0,80,15,0.35
source_plus_1,source level,+1 dB,80,510,P3-U,2733,817,0.29893889498719356,1916,1916,3192.939658792395,76.35534000927504,0.9999708110707336,345.6361532894084,0.33414932680538556,0.3329253365973072,0.3329253365973072,20,1,0,80,15,0.35
source_plus_1,source level,+1 dB,80,510,P3-D,2733,834,0.305159165751921,1899,1899,3027.8680590861786,76.09995246689961,0.9749055830652524,353.08426077710965,0.3333333333333333,0.3333333333333333,0.3333333333333333,20,1,0,80,15,0.35
source_plus_1,source level,+1 dB,80,511,P0,2668,1103,0.4134182908545727,1565,1565,2604.6628053698723,80.92322627183157,2.895555755604449,1020.1535994374133,0,1,0,20,1,0,80,15,0.35
source_plus_1,source level,+1 dB,80,511,P1,2668,1067,0.39992503748125935,1601,1601,2687.947945645209,80.42372991186332,2.5809625838853525,184.1600451443491,0.8200562324273665,0,0.17994376757263356,20,1,0,80,15,0.35
source_plus_1,source level,+1 dB,80,511,P2,2668,1078,0.404047976011994,1590,1590,2658.7025023046713,76.0999591248068,0.953677759112393,456.886157166878,0.3339517625231911,0.3339517625231911,0.3320964749536178,20,1,0,80,15,0.35
source_plus_1,source level,+1 dB,80,511,P3-U,2668,817,0.30622188905547226,1851,1851,3105.870036575545,76.35534058675361,0.9999379568182909,345.6360413942967,0.3329253365973072,0.3329253365973072,0.33414932680538556,20,1,0,80,15,0.35
source_plus_1,source level,+1 dB,80,511,P3-D,2668,834,0.31259370314842577,1834,1834,2941.719541469676,76.0999527145774,0.9781258486059573,353.0842840154118,0.3333333333333333,0.3333333333333333,0.3333333333333333,20,1,0,80,15,0.35
source_plus_1,source level,+1 dB,80,512,P0,2595,1104,0.4254335260115607,1491,1491,2515.936013484825,80.92322560535813,2.895552342044718,1021.0783561610097,0,1,0,20,1,0,80,15,0.35
source_plus_1,source level,+1 dB,80,512,P1,2595,1068,0.4115606936416185,1527,1527,2608.6330539794103,80.42373065957199,2.5809659974430557,184.33282020080486,0.8080524344569289,0,0.19194756554307116,20,1,0,80,15,0.35
source_plus_1,source level,+1 dB,80,512,P2,2595,1079,0.41579961464354526,1516,1516,2574.471137944274,76.09996066510472,0.953678097350199,457.0587860954184,0.3336422613531047,0.3336422613531047,0.33271547729379053,20,1,0,80,15,0.35
source_plus_1,source level,+1 dB,80,512,P3-U,2595,817,0.31483622350674373,1778,1778,3038.7890808043126,76.35553418500437,0.9999724847285826,345.6362507642892,0.33414932680538556,0.3329253365973072,0.3329253365973072,20,1,0,80,15,0.35
source_plus_1,source level,+1 dB,80,512,P3-D,2595,834,0.3213872832369942,1761,1761,2874.4836497957604,76.09995323336948,0.9749061695645017,353.08410199339966,0.3333333333333333,0.3333333333333333,0.3333333333333333,20,1,0,80,15,0.35
source_plus_1,source level,+1 dB,80,513,P0,2669,1104,0.4136380666916448,1565,1565,2596.7331958154477,80.92322649398936,2.895556893457693,1021.078555339777,0,1,0,20,1,0,80,15,0.35
source_plus_1,source level,+1 dB,80,513,P1,2669,1067,0.39977519670288497,1602,1602,2687.88987513886,80.31665439869917,2.5181008484423097,184.16003422225242,0.8144329896907216,0,0.18556701030927836,20,1,0,80,15,0.35
source_plus_1,source level,+1 dB,80,513,P2,2669,1079,0.4042712626451855,1590,1590,2657.6956366788368,76.09995762006845,0.953677428683315,457.05923269637833,0.3336422613531047,0.3336422613531047,0.33271547729379053,20,1,0,80,15,0.35
source_plus_1,source level,+1 dB,80,513,P3-U,2669,817,0.3061071562382915,1852,1852,3112.116680302663,76.35553301003104,0.9998451057701817,345.63638333763015,0.33414932680538556,0.3329253365973072,0.3329253365973072,20,1,0,80,15,0.35
source_plus_1,source level,+1 dB,80,513,P3-D,2669,834,0.31247658298988384,1835,1835,2950.8623870473884,76.09995307029011,0.9781245215648868,353.08383442405744,0.3333333333333333,0.3333333333333333,0.3333333333333333,20,1,0,80,15,0.35
source_plus_1,source level,+1 dB,80,514,P0,2721,1104,0.40573318632855565,1617,1617,2658.1655012404176,80.92322649398936,2.8955568934576936,1021.0786765790267,0,1,0,20,1,0,80,15,0.35
source_plus_1,source level,+1 dB,80,514,P1,2721,1068,0.39250275633958104,1653,1653,2739.5371871199627,80.42373016109956,2.58096372173792,184.3324270053248,0.800561797752809,0,0.199438202247191,20,1,0,80,15,0.35
source_plus_1,source level,+1 dB,80,514,P2,2721,1080,0.39691289966923926,1641,1641,2709.9305333137304,76.099957228796,0.9536773427628867,457.2311173234319,0.3333333333333333,0.3333333333333333,0.3333333333333333,20,1,0,80,15,0.35
source_plus_1,source level,+1 dB,80,514,P3-U,2721,817,0.30025725836089673,1904,1904,3171.323891301509,76.3553418202902,0.99996968567221,345.63623568583427,0.3329253365973072,0.3329253365973072,0.33414932680538556,20,1,0,80,15,0.35
source_plus_1,source level,+1 dB,80,514,P3-D,2721,834,0.3065049614112459,1887,1887,3004.788476489348,76.09994800171437,0.9749057929172221,353.08391577097683,0.3333333333333333,0.3333333333333333,0.3333333333333333,20,1,0,80,15,0.35
source_plus_1,source level,+1 dB,80,515,P0,2654,1103,0.41559909570459685,1551,1551,2686.490714023224,80.92322604967377,2.8955546177512055,1020.1537726363415,0,1,0,20,1,0,80,15,0.35
source_plus_1,source level,+1 dB,80,515,P1,2654,1069,0.40278824415975883,1585,1585,2759.1834181391814,80.31665388778404,2.518098572737174,184.50499454194383,0.8054256314312441,0,0.19457436856875585,20,1,0,80,15,0.35
source_plus_1,source level,+1 dB,80,515,P2,2654,1079,0.4065561416729465,1575,1575,2738.9640401215192,76.09995698111847,0.9536772883748019,457.05850011262464,0.3336422613531047,0.3336422613531047,0.33271547729379053,20,1,0,80,15,0.35
source_plus_1,source level,+1 dB,80,515,P3-U,2654,817,0.3078372268274303,1837,1837,3178.7402293637197,76.35553474000092,0.9998429673532188,345.63603549922766,0.33414932680538556,0.3329253365973072,0.3329253365973072,20,1,0,80,15,0.35
source_plus_1,source level,+1 dB,80,515,P3-D,2654,834,0.3142426525998493,1820,1820,3018.2999438801544,76.09995698111847,0.9781259191765225,353.0842344319559,0.3333333333333333,0.3333333333333333,0.3333333333333333,20,1,0,80,15,0.35
source_plus_1,source level,+1 dB,80,516,P0,2650,1104,0.41660377358490563,1546,1546,2603.815292234228,80.92322627183157,2.895555755604449,1021.0783821408485,0,1,0,20,1,0,80,15,0.35
source_plus_1,source level,+1 dB,80,516,P1,2650,1068,0.4030188679245283,1582,1582,2684.3006423566617,80.31657632115113,2.518060856574112,184.33276559032151,0.8099250936329588,0,0.1900749063670412,20,1,0,80,15,0.35
source_plus_1,source level,+1 dB,80,516,P2,2650,1079,0.4071698113207547,1571,1571,2652.7783317204726,76.09995402803867,0.9536766399014065,457.0583772253964,0.3336422613531047,0.3336422613531047,0.33271547729379053,20,1,0,80,15,0.35
source_plus_1,source level,+1 dB,80,516,P3-U,2650,817,0.30830188679245285,1833,1833,3111.5733686638414,76.35553937085845,0.9999716215779983,345.6364072625091,0.33414932680538556,0.3329253365973072,0.3329253365973072,20,1,0,80,15,0.35
source_plus_1,source level,+1 dB,80,516,P3-D,2650,834,0.31471698113207547,1816,1816,2948.6329160939263,76.09994819299344,0.974903833231928,353.08414844666356,0.3333333333333333,0.3333333333333333,0.3333333333333333,20,1,0,80,15,0.35
source_plus_1,source level,+1 dB,80,517,P0,2628,1104,0.4200913242009132,1524,1524,2524.346998452064,80.92322604967377,2.8955546177512055,1021.0786592591338,0,1,0,20,1,0,80,15,0.35
source_plus_1,source level,+1 dB,80,517,P1,2628,1070,0.4071537290715373,1558,1558,2598.703059593131,80.31673247484356,2.5181408403105072,184.67762761114295,0.8018691588785046,0,0.19813084112149532,20,1,0,80,15,0.35
source_plus_1,source level,+1 dB,80,517,P2,2628,1080,0.410958904109589,1548,1548,2576.1119420279188,76.0999578395465,0.9536774768790196,457.23121150999606,0.3333333333333333,0.3333333333333333,0.3333333333333333,20,1,0,80,15,0.35
source_plus_1,source level,+1 dB,80,517,P3-U,2628,817,0.310882800608828,1811,1811,3028.305331183203,76.35533441247455,0.9999721302532476,345.6362276867396,0.3329253365973072,0.3329253365973072,0.33414932680538556,20,1,0,80,15,0.35
source_plus_1,source level,+1 dB,80,517,P3-D,2628,834,0.317351598173516,1794,1794,2863.0363805416237,76.09995233938037,0.9749048768164853,353.0840391816447,0.3333333333333333,0.3333333333333333,0.3333333333333333,20,1,0,80,15,0.35
source_plus_1,source level,+1 dB,80,518,P0,2684,1104,0.4113263785394933,1580,1580,2618.2636984882556,80.92322649398936,2.895556893457693,1021.0785813196161,0,1,0,20,1,0,80,15,0.35
source_plus_1,source level,+1 dB,80,518,P1,2684,1068,0.3979135618479881,1616,1616,2696.3041764200048,80.42372991186332,2.580962583885354,184.3324925379048,0.8071161048689138,0,0.19288389513108614,20,1,0,80,15,0.35
source_plus_1,source level,+1 dB,80,518,P2,2684,1079,0.4020119225037258,1605,1605,2677.879219793235,76.09995633480771,0.9536771464499415,457.0584996098977,0.3336422613531047,0.3336422613531047,0.33271547729379053,20,1,0,80,15,0.35
source_plus_1,source level,+1 dB,80,518,P3-U,2684,817,0.3043964232488823,1867,1867,3123.860384223171,76.35533735691492,0.9999354634032511,345.63598031862495,0.3329253365973072,0.3329253365973072,0.33414932680538556,20,1,0,80,15,0.35
source_plus_1,source level,+1 dB,80,518,P3-D,2684,834,0.3107302533532042,1850,1850,2960.476029016028,76.09994751848187,0.9781245505500815,353.0839895748487,0.3333333333333333,0.3333333333333333,0.3333333333333333,20,1,0,80,15,0.35
source_plus_1,source level,+1 dB,80,519,P0,2586,1099,0.42498066511987626,1487,1487,2392.0003885103724,80.92322716046266,2.895560307017425,1016.4543127446362,0,1,0,20,1,0,80,15,0.35
source_plus_1,source level,+1 dB,80,519,P1,2586,1068,0.41299303944315546,1518,1518,2455.538357828439,80.31657453291575,2.518052891606137,184.3323177843581,0.7921348314606742,0,0.20786516853932585,20,1,0,80,15,0.35
source_plus_1,source level,+1 dB,80,519,P2,2586,1075,0.4156999226604795,1511,1511,2446.5078247113843,76.09995866977496,0.9536776591908569,456.36834101655836,0.33488372093023255,0.33488372093023255,0.3302325581395349,20,1,0,80,15,0.35
source_plus_1,source level,+1 dB,80,519,P3-U,2586,817,0.31593194122196444,1769,1769,2882.7002337805966,76.35709689892062,0.9999694778002781,345.63626984623284,0.3329253365973072,0.3329253365973072,0.33414932680538556,20,1,0,80,15,0.35
source_plus_1,source level,+1 dB,80,519,P3-D,2586,834,0.3225058004640371,1752,1752,2724.7244474594063,76.35864999582239,0.9928145300435689,353.08379878144535,0.3333333333333333,0.3333333333333333,0.3333333333333333,20,1,0,80,15,0.35
source_plus_1,source level,+1 dB,80,520,P0,2641,1104,0.41802347595607725,1537,1537,2690.473785027957,80.9232273826204,2.8955614448706686,1021.0786246193485,0,1,0,20,1,0,80,15,0.35
source_plus_1,source level,+1 dB,80,520,P1,2641,1069,0.40477092010602045,1572,1572,2777.957931641936,80.20671137774714,2.4551568535577375,184.50510376291058,0.794200187090739,0,0.205799812909261,20,1,0,80,15,0.35
source_plus_1,source level,+1 dB,80,520,P2,2641,1080,0.40893600908746686,1561,1561,2742.3741430124624,76.09995864157553,0.9536776529984764,457.23098104977964,0.3333333333333333,0.3333333333333333,0.3333333333333333,20,1,0,80,15,0.35
source_plus_1,source level,+1 dB,80,520,P3-U,2641,817,0.30935251798561153,1824,1824,3207.3332413718167,76.35534079552771,0.9999713385361105,345.6362822064905,0.33414932680538556,0.3329253365973072,0.3329253365973072,20,1,0,80,15,0.35
source_plus_1,source level,+1 dB,80,520,P3-D,2641,834,0.3157894736842105,1807,1807,3042.0957004698753,76.09994973329522,0.9749046735316644,353.083889379143,0.3333333333333333,0.3333333333333333,0.3333333333333333,20,1,0,80,15,0.35
source_plus_1,source level,+1 dB,80,521,P0,2703,1104,0.40843507214206437,1599,1599,2606.600600788933,80.92322627183157,2.895555755604449,1021.0787285387053,0,1,0,20,1,0,80,15,0.35
source_plus_1,source level,+1 dB,80,521,P1,2703,1068,0.3951165371809101,1635,1635,2680.9526881153333,80.2067917176282,2.455197983278502,184.33236147274476,0.7893258426966292,0,0.21067415730337077,20,1,0,80,15,0.35
source_plus_1,source level,+1 dB,80,521,P2,2703,1079,0.39918608953015167,1624,1624,2666.4751836026016,76.0999570093179,0.9536772945671822,457.058597543453,0.3336422613531047,0.3336422613531047,0.33271547729379053,20,1,0,80,15,0.35
source_plus_1,source level,+1 dB,80,521,P3-U,2703,817,0.3022567517573067,1886,1886,3122.8717472480052,76.35553173583799,0.9998396890770592,345.6361294552619,0.33414932680538556,0.3329253365973072,0.3329253365973072,20,1,0,80,15,0.35
source_plus_1,source level,+1 dB,80,521,P3-D,2703,834,0.30854605993340734,1869,1869,2959.5751039801453,76.09994819299344,0.9781251966167218,353.08331368226374,0.3333333333333333,0.3333333333333333,0.3333333333333333,20,1,0,80,15,0.35
source_plus_1,source level,+1 dB,80,522,P0,2712,1104,0.40707964601769914,1608,1608,2734.0949399763767,80.92322649398936,2.895556893457693,1021.0786246193485,0,1,0,20,1,0,80,15,0.35
source_plus_1,source level,+1 dB,80,522,P1,2712,1068,0.3938053097345133,1644,1644,2812.350390234078,80.42373016109956,2.580963721737921,184.3325143820981,0.7902621722846442,0,0.20973782771535582,20,1,0,80,15,0.35
source_plus_1,source level,+1 dB,80,522,P2,2712,1079,0.3978613569321534,1633,1633,2787.841236001758,76.0999548300684,0.9536768160208633,457.0586349014359,0.3336422613531047,0.3336422613531047,0.33271547729379053,20,1,0,80,15,0.35
source_plus_1,source level,+1 dB,80,522,P3-U,2712,817,0.30125368731563423,1895,1895,3228.2045150536,76.35553428770967,0.999970226279432,345.6359850917826,0.33414932680538556,0.3329253365973072,0.3329253365973072,20,1,0,80,15,0.35
source_plus_1,source level,+1 dB,80,522,P3-D,2712,834,0.3075221238938053,1878,1878,3065.8464848415124,76.09994739832317,0.9749033273535336,353.0838584863487,0.3333333333333333,0.3333333333333333,0.3333333333333333,20,1,0,80,15,0.35
source_plus_1,source level,+1 dB,80,523,P0,2661,1103,0.41450582487786547,1558,1558,2640.0797963722075,80.9232269383049,2.895559169164181,1020.1537033567703,0,1,0,20,1,0,80,15,0.35
source_plus_1,source level,+1 dB,80,523,P1,2661,1066,0.4006012777151447,1595,1595,2727.0725899011063,80.20671085373293,2.4551545778526016,183.98735746466673,0.8048780487804879,0,0.1951219512195122,20,1,0,80,15,0.35
source_plus_1,source level,+1 dB,80,523,P2,2661,1079,0.4054866591506952,1582,1582,2693.43042138586,76.09995605156999,0.9536770842531288,457.05876420717266,0.3336422613531047,0.3336422613531047,0.33271547729379053,20,1,0,80,15,0.35
source_plus_1,source level,+1 dB,80,523,P3-U,2661,817,0.3070274332957535,1844,1844,3134.2832647697855,76.35533735911883,0.9999379864429271,345.6360060212542,0.3329253365973072,0.3329253365973072,0.33414932680538556,20,1,0,80,15,0.35
source_plus_1,source level,+1 dB,80,523,P3-D,2661,834,0.3134160090191657,1827,1827,2971.4300123132157,76.09995099035842,0.9781263871888055,353.08398735675087,0.3333333333333333,0.3333333333333333,0.3333333333333333,20,1,0,80,15,0.35
source_plus_1,source level,+1 dB,80,524,P0,2669,1103,0.41326339452978644,1566,1566,2789.71541763072,80.92322649398936,2.8955568934576936,1020.1537033567703,0,1,0,20,1,0,80,15,0.35
source_plus_1,source level,+1 dB,80,524,P1,2669,1067,0.39977519670288497,1602,1602,2865.528491101116,80.20679145562596,2.455196845425934,184.15991407918906,0.7928772258669166,0,0.20712277413308341,20,1,0,80,15,0.35
source_plus_1,source level,+1 dB,80,524,P2,2669,1079,0.4042712626451855,1590,1590,2842.356841251587,76.09995473810935,0.9536767958273749,457.0582029745766,0.3336422613531047,0.3336422613531047,0.33271547729379053,20,1,0,80,15,0.35
source_plus_1,source level,+1 dB,80,524,P3-U,2669,817,0.3061071562382915,1852,1852,3283.944005797626,76.35533659614823,0.9999356460471267,345.635994303521,0.3329253365973072,0.3329253365973072,0.33414932680538556,20,1,0,80,15,0.35
source_plus_1,source level,+1 dB,80,524,P3-D,2669,834,0.31247658298988384,1835,1835,3121.29713232554,76.09995049976558,0.9781238443886111,353.08418902819835,0.3333333333333333,0.3333333333333333,0.3333333333333333,20,1,0,80,15,0.35
source_plus_1,source level,+1 dB,80,525,P0,2621,1103,0.4208317436093094,1518,1518,2710.1496844453163,80.92322716046266,2.8955603070174254,1020.1538505758593,0,1,0,20,1,0,80,15,0.35
source_plus_1,source level,+1 dB,80,525,P1,2621,1070,0.4082411293399466,1551,1551,2790.831123700469,80.20671111574003,2.455155715705169,184.6775402343696,0.7925233644859813,0,0.20747663551401868,20,1,0,80,15,0.35
source_plus_1,source level,+1 dB,80,525,P2,2621,1079,0.411674933231591,1542,1542,2764.0441719346754,76.09995698111847,0.9536772883748019,457.0586347666512,0.3336422613531047,0.3336422613531047,0.33271547729379053,20,1,0,80,15,0.35
source_plus_1,source level,+1 dB,80,525,P3-U,2621,817,0.3117130866081648,1804,1804,3219.9235439284867,76.35553547518154,0.9998417166566095,345.63588396064284,0.33414932680538556,0.3329253365973072,0.3329253365973072,20,1,0,80,15,0.35
source_plus_1,source level,+1 dB,80,525,P3-D,2621,834,0.31819916062571535,1787,1787,3057.659598254873,76.09995037960695,0.9781251452775309,353.0840018003216,0.3333333333333333,0.3333333333333333,0.3333333333333333,20,1,0,80,15,0.35
source_plus_1,source level,+1 dB,80,526,P0,2671,1104,0.4133283414451516,1567,1567,2721.178737040106,80.92322649398936,2.8955568934576936,1021.0788411180087,0,1,0,20,1,0,80,15,0.35
source_plus_1,source level,+1 dB,80,526,P1,2671,1070,0.4005990265818046,1601,1601,2797.617832171169,80.09407649584026,2.392290566704424,184.67742009130623,0.7869158878504673,0,0.2130841121495327,20,1,0,80,15,0.35
source_plus_1,source level,+1 dB,80,526,P2,2671,1078,0.4035941594908274,1593,1593,2783.812870638913,76.09995697375778,0.9536772867584549,456.8863159922555,0.3339517625231911,0.3339517625231911,0.3320964749536178,20,1,0,80,15,0.35
source_plus_1,source level,+1 dB,80,526,P3-U,2671,817,0.3058779483339573,1854,1854,3232.968305812325,76.35533607917834,0.9999290992100222,345.6361726642616,0.33414932680538556,0.3329253365973072,0.3329253365973072,20,1,0,80,15,0.35
source_plus_1,source level,+1 dB,80,526,P3-D,2671,834,0.31224260576563084,1837,1837,3070.205736571536,76.09995694555835,0.9781248424716487,353.08399654276417,0.3333333333333333,0.3333333333333333,0.3333333333333333,20,1,0,80,15,0.35
source_plus_1,source level,+1 dB,80,527,P0,2693,1102,0.409209060527293,1591,1591,2686.7372220583393,80.92322671614713,2.8955580313109373,1019.2288253939245,0,1,0,20,1,0,80,15,0.35
source_plus_1,source level,+1 dB,80,527,P1,2693,1066,0.39584106943928704,1627,1627,2753.5884872301926,80.20671111574003,2.455155715705169,183.98729193208663,0.7908067542213884,0,0.20919324577861162,20,1,0,80,15,0.35
source_plus_1,source level,+1 dB,80,527,P2,2693,1079,0.4006683995544003,1614,1614,2733.98624693807,76.09995476630881,0.9536768020197554,457.0585132061393,0.3336422613531047,0.3336422613531047,0.33271547729379053,20,1,0,80,15,0.35
source_plus_1,source level,+1 dB,80,527,P3-U,2693,817,0.3033791310805793,1876,1876,3201.073338886732,76.3553352503332,0.9999305137859011,345.6363160456269,0.33414932680538556,0.3329253365973072,0.3329253365973072,20,1,0,80,15,0.35
source_plus_1,source level,+1 dB,80,527,P3-D,2693,834,0.3096917935388043,1859,1859,3038.4556904991923,76.09995153735018,0.9781250453635283,353.084280151963,0.3333333333333333,0.3333333333333333,0.3333333333333333,20,1,0,80,15,0.35
source_plus_1,source level,+1 dB,80,528,P0,2647,1103,0.4166981488477522,1544,1544,2690.347436608713,80.9232273826204,2.8955614448706686,1020.1539025355378,0,1,0,20,1,0,80,15,0.35
source_plus_1,source level,+1 dB,80,528,P1,2647,1071,0.40460899131091804,1576,1576,2762.8174029232537,80.20671137774714,2.4551568535577375,184.85006408260193,0.7936507936507936,0,0.20634920634920634,20,1,0,80,15,0.35
source_plus_1,source level,+1 dB,80,528,P2,2647,1078,0.40725349452210047,1569,1569,2746.095616800431,76.09995621464925,0.9536771200640726,456.8858925438778,0.3339517625231911,0.3339517625231911,0.3320964749536178,20,1,0,80,15,0.35
source_plus_1,source level,+1 dB,80,528,P3-U,2647,817,0.30865130336229696,1830,1830,3223.6678719563306,76.3555371366061,0.9998448787712947,345.6364348646016,0.33414932680538556,0.3329253365973072,0.3329253365973072,20,1,0,80,15,0.35
source_plus_1,source level,+1 dB,80,528,P3-D,2647,834,0.31507366830374006,1813,1813,3060.153758831048,76.09995261525765,0.9781242873244064,353.08382348124826,0.3333333333333333,0.3333333333333333,0.3333333333333333,20,1,0,80,15,0.35
source_plus_1,source level,+1 dB,80,529,P0,2705,1104,0.4081330868761553,1601,1601,2620.47653660094,80.92322627183157,2.895555755604449,1021.0786246193483,0,1,0,20,1,0,80,15,0.35
source_plus_1,source level,+1 dB,80,529,P1,2705,1068,0.39482439926062846,1637,1637,2705.81873693551,80.73018680726452,2.7696711793767754,184.3325253041948,0.7968164794007491,0,0.20318352059925093,20,1,0,80,15,0.35
source_plus_1,source level,+1 dB,80,529,P2,2705,1078,0.3985212569316081,1627,1627,2686.717131971919,76.09995931608536,0.9536778011157173,456.88625793270296,0.3339517625231911,0.3339517625231911,0.3320964749536178,20,1,0,80,15,0.35
source_plus_1,source level,+1 dB,80,529,P3-U,2705,817,0.3020332717190388,1888,1888,3123.826937223099,76.35533944830426,0.9999408417399477,345.6363128013627,0.3329253365973072,0.3329253365973072,0.33414932680538556,20,1,0,80,15,0.35
source_plus_1,source level,+1 dB,80,529,P3-D,2705,834,0.30831792975970423,1871,1871,2961.0633011734753,76.09995480186893,0.9781258604293216,353.0839117260634,0.3333333333333333,0.3333333333333333,0.3333333333333333,20,1,0,80,15,0.35
source_plus_1,source level,+1 dB,80,530,P0,2691,1103,0.409884801189149,1588,1588,2557.068108024061,80.92322582751595,2.8955534798979614,1020.1534781981636,0,1,0,20,1,0,80,15,0.35
source_plus_1,source level,+1 dB,80,530,P1,2691,1064,0.39539204756596064,1627,1627,2639.453160321637,80.31657606568898,2.5180597187215445,183.64242991126525,0.818609022556391,0,0.18139097744360902,20,1,0,80,15,0.35
source_plus_1,source level,+1 dB,80,530,P2,2691,1079,0.40096618357487923,1612,1612,2610.9789081947065,76.09995854961657,0.953677632804988,457.058668675565,0.3336422613531047,0.3336422613531047,0.33271547729379053,20,1,0,80,15,0.35
source_plus_1,source level,+1 dB,80,530,P3-U,2691,817,0.30360460795243405,1874,1874,3080.874849582025,76.35533802293133,0.9999406946419819,345.63638041462826,0.3329253365973072,0.3329253365973072,0.33414932680538556,20,1,0,80,15,0.35
source_plus_1,source level,+1 dB,80,530,P3-D,2691,834,0.30992196209587514,1857,1857,2916.887654052749,76.09995132999542,0.978124912400529,353.08409698971224,0.3333333333333333,0.3333333333333333,0.3333333333333333,20,1,0,80,15,0.35
validation_minus_rmse,validation error,-2.29 dB,45,501,P0,1547,1092,0.7058823529411765,455,455,1119.6746476384355,77.636842038065,1.358605474095402,473.8864915478952,0,1,0,20,0,-2.2863840116087695,80,15,0.35
validation_minus_rmse,validation error,-2.29 dB,45,501,P1,1547,1062,0.6864899806076277,485,485,1199.3531207973365,77.13734565101831,1.2109971359243787,86.00366436847892,0.7862523540489642,0,0.2137476459510358,20,0,-2.2863840116087695,80,15,0.35
validation_minus_rmse,validation error,-2.29 dB,45,501,P2,1547,1092,0.7058823529411765,455,455,1121.5702848777385,76.20298498238807,0.976571937253764,367.99270832985405,0.21336996336996336,0.7252747252747253,0.06135531135531135,20,0,-2.2863840116087695,80,15,0.35
validation_minus_rmse,validation error,-2.29 dB,45,501,P3-U,1547,1048,0.6774402068519716,499,499,1259.2834431283075,76.20298309879364,0.9999924719997136,290.6567420103882,0.3425572519083969,0.5562977099236641,0.10114503816793893,20,0,-2.2863840116087695,80,15,0.35
validation_minus_rmse,validation error,-2.29 dB,45,501,P3-D,1547,1024,0.6619263089851325,523,523,1317.3081922975252,76.20298309879364,0.9999604935440674,294.71376433032333,0.3212890625,0.5859375,0.0927734375,20,0,-2.2863840116087695,80,15,0.35
validation_minus_rmse,validation error,-2.29 dB,45,502,P0,1485,1088,0.7326599326599327,397,397,960.1162571760914,77.63684181590719,1.3586049402102398,472.15059714113204,0,1,0,20,0,-2.2863840116087695,80,15,0.35
validation_minus_rmse,validation error,-2.29 dB,45,502,P1,1485,1060,0.7138047138047138,425,425,1039.0841461137486,77.0301933313908,1.1814860705596935,85.84174102554891,0.8169811320754717,0,0.1830188679245283,20,0,-2.2863840116087695,80,15,0.35
validation_minus_rmse,validation error,-2.29 dB,45,502,P2,1485,1087,0.731986531986532,398,398,967.7083146592802,76.20298337864206,0.9765715766290916,367.5877094051317,0.22079116835326587,0.7286108555657773,0.050597976080956765,20,0,-2.2863840116087695,80,15,0.35
validation_minus_rmse,validation error,-2.29 dB,45,502,P3-U,1485,1064,0.7164983164983165,421,421,1007.8047394117568,76.20298149504694,0.9998385219518712,291.95247122901895,0.37124060150375937,0.5479323308270677,0.08082706766917293,20,0,-2.2863840116087695,80,15,0.35
validation_minus_rmse,validation error,-2.29 dB,45,502,P3-D,1485,1024,0.6895622895622896,461,461,1146.9287600290245,76.20298149504694,0.9999826391877141,294.71391770631215,0.3369140625,0.5859375,0.0771484375,20,0,-2.2863840116087695,80,15,0.35
validation_minus_rmse,validation error,-2.29 dB,45,503,P0,1516,1097,0.7236147757255936,419,419,1070.7535533209925,77.63684270453837,1.3586070757508877,476.0564357428583,0,1,0,20,0,-2.2863840116087695,80,15,0.35
validation_minus_rmse,validation error,-2.29 dB,45,503,P1,1516,1067,0.7038258575197889,449,449,1158.9192538044313,77.24199455856505,1.240532304477412,86.40840866717664,0.8134957825679475,0,0.18650421743205248,20,0,-2.2863840116087695,80,15,0.35
validation_minus_rmse,validation error,-2.29 dB,45,503,P2,1516,1097,0.7236147757255936,419,419,1071.1152118008795,76.2029840551984,0.9765717287622097,368.397590448112,0.22789425706472197,0.7219690063810392,0.05013673655423884,20,0,-2.2863840116087695,80,15,0.35
validation_minus_rmse,validation error,-2.29 dB,45,503,P3-U,1516,1048,0.6912928759894459,468,468,1252.684108059723,76.20166136435057,0.9999352672704891,290.65677096768655,0.35877862595419846,0.5562977099236641,0.08492366412213741,20,0,-2.2863840116087695,80,15,0.35
validation_minus_rmse,validation error,-2.29 dB,45,503,P3-D,1516,1024,0.6754617414248021,492,492,1308.7474601148785,76.20166136435057,0.9999778089907629,294.7139157331113,0.333984375,0.5859375,0.080078125,20,0,-2.2863840116087695,80,15,0.35
validation_minus_rmse,validation error,-2.29 dB,45,504,P0,1522,1096,0.7201051248357424,426,426,1057.750479511096,77.636842038065,1.3586054740954019,475.6223290687313,0,1,0,20,0,-2.2863840116087695,80,15,0.35
validation_minus_rmse,validation error,-2.29 dB,45,504,P1,1522,1065,0.6997371879106439,457,457,1151.0884008367207,76.92032710413127,1.1519685985768737,86.24659806743065,0.8131455399061033,0,0.18685446009389672,20,0,-2.2863840116087695,80,15,0.35
validation_minus_rmse,validation error,-2.29 dB,45,504,P2,1522,1095,0.7194480946123522,427,427,1063.5297809938704,76.20298402598351,0.9765717221928353,368.23578303259507,0.23378995433789954,0.7232876712328767,0.042922374429223746,20,0,-2.2863840116087695,80,15,0.35
validation_minus_rmse,validation error,-2.29 dB,45,504,P3-U,1522,1048,0.6885676741130092,474,474,1236.4115465099342,76.20166432210885,0.9999516577523822,290.65683176727555,0.35591603053435117,0.5562977099236641,0.08778625954198473,20,0,-2.2863840116087695,80,15,0.35
validation_minus_rmse,validation error,-2.29 dB,45,504,P3-D,1522,1024,0.6727989487516426,498,498,1285.9527971755792,76.20166432210885,0.9999990617997372,294.713880589713,0.3349609375,0.5859375,0.0791015625,20,0,-2.2863840116087695,80,15,0.35
validation_minus_rmse,validation error,-2.29 dB,45,505,P0,1562,1094,0.7003841229193342,468,468,1156.3208221889506,77.63684248238059,1.3586065418657256,474.7545708078928,0,1,0,20,0,-2.2863840116087695,80,15,0.35
validation_minus_rmse,validation error,-2.29 dB,45,505,P1,1562,1063,0.6805377720870679,499,499,1256.808489098638,77.2419938286579,1.2405307028228783,86.08447486158354,0.7968015051740357,0,0.20319849482596425,20,0,-2.2863840116087695,80,15,0.35
validation_minus_rmse,validation error,-2.29 dB,45,505,P2,1562,1094,0.7003841229193342,468,468,1156.7522764791445,76.20298315722341,0.9765715268400293,368.1547995110523,0.22577696526508226,0.7239488117001828,0.050274223034734916,20,0,-2.2863840116087695,80,15,0.35
validation_minus_rmse,validation error,-2.29 dB,45,505,P3-U,1562,1048,0.6709346991037132,514,514,1319.8719270465724,76.20298248066695,0.999951604959237,290.656783157528,0.36259541984732824,0.5562977099236641,0.08110687022900763,20,0,-2.2863840116087695,80,15,0.35
validation_minus_rmse,validation error,-2.29 dB,45,505,P3-D,1562,1024,0.6555697823303457,538,538,1376.7660041427566,76.20298248066695,0.9999700231365756,294.71378922434116,0.328125,0.5859375,0.0859375,20,0,-2.2863840116087695,80,15,0.35
validation_minus_rmse,validation error,-2.29 dB,45,506,P0,1521,1096,0.7205785667324129,425,425,1069.7743432604575,77.63684270453837,1.3586070757508877,475.6223737648168,0,1,0,20,0,-2.2863840116087695,80,15,0.35
validation_minus_rmse,validation error,-2.29 dB,45,506,P1,1521,1064,0.6995397764628534,457,457,1175.1602292005894,77.13734565101831,1.2109971359243787,86.16557746202858,0.7885338345864662,0,0.21146616541353383,20,0,-2.2863840116087695,80,15,0.35
validation_minus_rmse,validation error,-2.29 dB,45,506,P2,1521,1095,0.7199211045364892,426,426,1075.8039739189376,76.202985349881,0.9765720198896969,368.2356112806647,0.2100456621004566,0.7232876712328767,0.06666666666666667,20,0,-2.2863840116087695,80,15,0.35
validation_minus_rmse,validation error,-2.29 dB,45,506,P3-U,1521,1048,0.6890203813280736,473,473,1235.7999649549736,76.20298214238868,0.9999927458412652,290.656798896315,0.3463740458015267,0.5562977099236641,0.09732824427480916,20,0,-2.2863840116087695,80,15,0.35
validation_minus_rmse,validation error,-2.29 dB,45,506,P3-D,1521,1024,0.673241288625904,497,497,1298.6140038637548,76.20298214238868,0.9999387067336213,294.71386309282315,0.328125,0.5859375,0.0859375,20,0,-2.2863840116087695,80,15,0.35
validation_minus_rmse,validation error,-2.29 dB,45,507,P0,1491,1068,0.716297786720322,423,423,930.4500397906297,77.6368422602228,1.3586060079805637,463.4714582963174,0,1,0,20,0,-2.2863840116087695,80,15,0.35
validation_minus_rmse,validation error,-2.29 dB,45,507,P1,1491,1046,0.7015425888665325,445,445,975.6811783760113,77.03026987617528,1.1815016315905287,84.70785740044391,0.7925430210325047,0,0.2074569789674952,20,0,-2.2863840116087695,80,15,0.35
validation_minus_rmse,validation error,-2.29 dB,45,507,P2,1491,1068,0.716297786720322,423,423,931.4465797896718,76.2029840551984,0.9765717287622098,366.04921044489515,0.2050561797752809,0.7415730337078652,0.05337078651685393,20,0,-2.2863840116087695,80,15,0.35
validation_minus_rmse,validation error,-2.29 dB,45,507,P3-U,1491,1048,0.7028839704896043,443,443,949.9494807117961,76.20298149504694,0.9999926712023873,290.65668757925727,0.34446564885496184,0.5562977099236641,0.09923664122137404,20,0,-2.2863840116087695,80,15,0.35
validation_minus_rmse,validation error,-2.29 dB,45,507,P3-D,1491,1024,0.6867873910127431,467,467,1000.3605002650559,76.20298149504694,0.9999985569219825,294.7139252857985,0.333984375,0.5859375,0.080078125,20,0,-2.2863840116087695,80,15,0.35
validation_minus_rmse,validation error,-2.29 dB,45,508,P0,1526,1097,0.718872870249017,429,429,1037.06705188035,77.63684248238059,1.3586065418657258,476.05635447724836,0,1,0,20,0,-2.2863840116087695,80,15,0.35
validation_minus_rmse,validation error,-2.29 dB,45,508,P1,1526,1062,0.6959370904325033,464,464,1161.5401545508353,77.2419192229105,1.2405114045981314,86.00358749812618,0.7947269303201506,0,0.20527306967984935,20,0,-2.2863840116087695,80,15,0.35
validation_minus_rmse,validation error,-2.29 dB,45,508,P2,1526,1097,0.718872870249017,429,429,1037.5239676276708,76.20298402598351,0.9765717221928355,368.3975734982969,0.22242479489516864,0.7219690063810392,0.05560619872379216,20,0,-2.2863840116087695,80,15,0.35
validation_minus_rmse,validation error,-2.29 dB,45,508,P3-U,1526,1048,0.6867627785058977,478,478,1222.0820930963355,76.20232167824321,0.9999368605496507,290.65683670960743,0.3463740458015267,0.5562977099236641,0.09732824427480916,20,0,-2.2863840116087695,80,15,0.35
validation_minus_rmse,validation error,-2.29 dB,45,508,P3-D,1526,1024,0.6710353866317169,502,502,1280.499556270353,76.20232167824321,0.9999781121624146,294.7139090326765,0.32421875,0.5859375,0.08984375,20,0,-2.2863840116087695,80,15,0.35
validation_minus_rmse,validation error,-2.29 dB,45,509,P0,1549,1079,0.6965784377017431,470,470,1024.5505069490932,77.63684270453837,1.3586070757508877,468.24507953856505,0,1,0,20,0,-2.2863840116087695,80,15,0.35
validation_minus_rmse,validation error,-2.29 dB,45,509,P1,1549,1055,0.6810845706907682,494,494,1076.392447139444,77.03027038709041,1.1815026993602176,85.43666362198931,0.7962085308056872,0,0.2037914691943128,20,0,-2.2863840116087695,80,15,0.35
validation_minus_rmse,validation error,-2.29 dB,45,509,P2,1549,1079,0.6965784377017431,470,470,1024.918303631829,76.20298337864207,0.9765715766290917,366.93994319359945,0.20759962928637626,0.7340129749768304,0.05838739573679333,20,0,-2.2863840116087695,80,15,0.35
validation_minus_rmse,validation error,-2.29 dB,45,509,P3-U,1549,1048,0.6765655261459006,501,501,1099.734955606258,76.20034463096366,0.9999925403442046,290.65674764941326,0.34541984732824427,0.5562977099236641,0.0982824427480916,20,0,-2.2863840116087695,80,15,0.35
validation_minus_rmse,validation error,-2.29 dB,45,509,P3-D,1549,1023,0.6604260813428018,526,526,1157.4478438136473,76.20034463096366,0.9999243867954274,294.63286898992334,0.3255131964809384,0.5865102639296188,0.08797653958944282,20,0,-2.2863840116087695,80,15,0.35
validation_minus_rmse,validation error,-2.29 dB,45,510,P0,1539,1080,0.7017543859649122,459,459,1000.9821949079724,77.636842038065,1.3586054740954017,468.67888552993537,0,1,0,20,0,-2.2863840116087695,80,15,0.35
validation_minus_rmse,validation error,-2.29 dB,45,510,P1,1539,1053,0.6842105263157895,486,486,1064.2554830418296,77.13734565101831,1.2109971359243787,85.2748735210041,0.8176638176638177,0,0.18233618233618235,20,0,-2.2863840116087695,80,15,0.35
validation_minus_rmse,validation error,-2.29 dB,45,510,P2,1539,1080,0.7017543859649122,459,459,1001.7886609401424,76.20298371692024,0.9765716526956505,367.0209113410717,0.2175925925925926,0.7333333333333333,0.049074074074074076,20,0,-2.2863840116087695,80,15,0.35
validation_minus_rmse,validation error,-2.29 dB,45,510,P3-U,1539,1048,0.6809616634178037,491,491,1074.2712941951315,76.20232161980452,0.9999507963986789,290.65680756995084,0.36736641221374045,0.5562977099236641,0.07633587786259542,20,0,-2.2863840116087695,80,15,0.35
validation_minus_rmse,validation error,-2.29 dB,45,510,P3-D,1539,1024,0.6653671215074723,515,515,1130.5292740325337,76.20232161980452,0.9999798866048281,294.7139228310025,0.3447265625,0.5859375,0.0693359375,20,0,-2.2863840116087695,80,15,0.35
validation_minus_rmse,validation error,-2.29 dB,45,511,P0,1565,1100,0.7028753993610224,465,465,1167.845414976473,77.63684226022279,1.3586060079805637,477.35823566533594,0,1,0,20,0,-2.2863840116087695,80,15,0.35
validation_minus_rmse,validation error,-2.29 dB,45,511,P1,1565,1064,0.6798722044728435,501,501,1284.6825450737917,77.03019205408022,1.1814834011354707,86.16555696326782,0.8139097744360902,0,0.18609022556390978,20,0,-2.2863840116087695,80,15,0.35
validation_minus_rmse,validation error,-2.29 dB,45,511,P2,1565,1100,0.7028753993610224,465,465,1168.406012602301,76.20298340785696,0.9765715831984658,368.64057363586267,0.2318181818181818,0.72,0.04818181818181818,20,0,-2.2863840116087695,80,15,0.35
validation_minus_rmse,validation error,-2.29 dB,45,511,P3-U,1565,1067,0.6817891373801916,498,498,1228.0803663828042,76.20232254713562,0.9999705359760542,292.1954626929491,0.37300843486410495,0.5463917525773195,0.08059981255857544,20,0,-2.2863840116087695,80,15,0.35
validation_minus_rmse,validation error,-2.29 dB,45,511,P3-D,1565,1024,0.6543130990415336,541,541,1412.1440965621014,76.20232254713562,0.9999599167230133,294.7138906567351,0.34375,0.5859375,0.0703125,20,0,-2.2863840116087695,80,15,0.35
validation_minus_rmse,validation error,-2.29 dB,45,512,P0,1528,1093,0.7153141361256544,435,435,1069.4496467080182,77.63684248238059,1.3586065418657258,474.32041537440006,0,1,0,20,0,-2.2863840116087695,80,15,0.35
validation_minus_rmse,validation error,-2.29 dB,45,512,P1,1528,1059,0.6930628272251309,469,469,1188.0592714383467,77.24191897960391,1.2405108707132868,85.76077166704867,0.8234183191690274,0,0.17658168083097261,20,0,-2.2863840116087695,80,15,0.35
validation_minus_rmse,validation error,-2.29 dB,45,512,P2,1528,1092,0.7146596858638743,436,436,1077.9057752049428,76.20298371692024,0.9765716526956507,367.9927136369025,0.22252747252747251,0.7252747252747253,0.0521978021978022,20,0,-2.2863840116087695,80,15,0.35
validation_minus_rmse,validation error,-2.29 dB,45,512,P3-U,1528,1048,0.6858638743455497,480,480,1241.0831659954213,76.20166454359475,0.9999362457983243,290.6568473237043,0.3683206106870229,0.5562977099236641,0.07538167938931298,20,0,-2.2863840116087695,80,15,0.35
validation_minus_rmse,validation error,-2.29 dB,45,512,P3-D,1528,1024,0.6701570680628273,504,504,1302.001131756185,76.20166454359475,0.9999988232777342,294.7139574600658,0.3427734375,0.5859375,0.0712890625,20,0,-2.2863840116087695,80,15,0.35
validation_minus_rmse,validation error,-2.29 dB,45,513,P0,1472,1065,0.7235054347826086,407,407,1027.25676063006,77.63684226022279,1.3586060079805637,462.16953647542493,0,1,0,20,0,-2.2863840116087695,80,15,0.35
validation_minus_rmse,validation error,-2.29 dB,45,513,P1,1472,1038,0.7051630434782609,434,434,1078.2234914385717,77.1374223242127,1.2110169680339702,84.06003591146934,0.7861271676300579,0,0.2138728323699422,20,0,-2.2863840116087695,80,15,0.35
validation_minus_rmse,validation error,-2.29 dB,45,513,P2,1472,1065,0.7235054347826086,407,407,1027.6663776535922,76.20298433504675,0.97657179169002,365.80616967452426,0.19906103286384977,0.7436619718309859,0.05727699530516432,20,0,-2.2863840116087695,80,15,0.35
validation_minus_rmse,validation error,-2.29 dB,45,513,P3-U,1472,1016,0.6902173913043478,456,456,1234.7269957311864,76.20034367397746,0.9999868591585466,288.0653470098698,0.3297244094488189,0.5738188976377953,0.09645669291338582,20,0,-2.2863840116087695,80,15,0.35
validation_minus_rmse,validation error,-2.29 dB,45,513,P3-D,1472,1022,0.6942934782608695,450,450,1115.6196599014554,76.20034367397746,0.9999483760962891,294.5517895581331,0.31800391389432486,0.5870841487279843,0.0949119373776908,20,0,-2.2863840116087695,80,15,0.35
validation_minus_rmse,validation error,-2.29 dB,45,514,P0,1510,1085,0.7185430463576159,425,425,1014.7722176125548,77.63684270453837,1.3586070757508877,470.8488094084961,0,1,0,20,0,-2.2863840116087695,80,15,0.35
validation_minus_rmse,validation error,-2.29 dB,45,514,P1,1510,1053,0.6973509933774834,457,457,1106.0003205534229,77.24192043944325,1.2405140740223541,85.27476590251024,0.8157644824311491,0,0.1842355175688509,20,0,-2.2863840116087695,80,15,0.35
validation_minus_rmse,validation error,-2.29 dB,45,514,P2,1510,1085,0.7185430463576159,425,425,1015.4719408704858,76.20298396755375,0.9765717090540867,367.4258833985753,0.21474654377880184,0.7299539170506912,0.055299539170506916,20,0,-2.2863840116087695,80,15,0.35
validation_minus_rmse,validation error,-2.29 dB,45,514,P3-U,1510,1021,0.676158940397351,489,489,1246.8538793437888,76.19968469345424,0.9999611776284283,288.47031961444804,0.3555337904015671,0.5710088148873653,0.07345739471106758,20,0,-2.2863840116087695,80,15,0.35
validation_minus_rmse,validation error,-2.29 dB,45,514,P3-D,1510,1023,0.6774834437086092,487,487,1207.6124240415757,76.19968469345424,0.9999910711611789,294.6329121102642,0.3460410557184751,0.5865102639296188,0.06744868035190615,20,0,-2.2863840116087695,80,15,0.35
validation_minus_rmse,validation error,-2.29 dB,45,515,P0,1546,1095,0.7082794307891332,451,451,1094.893728183131,77.63684270453837,1.3586070757508877,475.1883646094218,0,1,0,20,0,-2.2863840116087695,80,15,0.35
validation_minus_rmse,validation error,-2.29 dB,45,515,P1,1546,1061,0.6862871927554981,485,485,1200.1505282416706,77.24199285544819,1.2405285672834996,85.92266938652773,0.8162111215834119,0,0.18378887841658811,20,0,-2.2863840116087695,80,15,0.35
validation_minus_rmse,validation error,-2.29 dB,45,515,P2,1546,1095,0.7082794307891332,451,451,1095.3968967072344,76.20298396755375,0.9765717090540867,368.23558089724025,0.22100456621004566,0.7232876712328767,0.05570776255707763,20,0,-2.2863840116087695,80,15,0.35
validation_minus_rmse,validation error,-2.29 dB,45,515,P3-U,1546,1048,0.6778783958602846,498,498,1266.10908138467,76.20298276051541,0.9999518520023807,290.65683282868525,0.36450381679389315,0.5562977099236641,0.07919847328244274,20,0,-2.2863840116087695,80,15,0.35
validation_minus_rmse,validation error,-2.29 dB,45,515,P3-D,1546,1024,0.6623544631306598,522,522,1312.6170009929422,76.20298276051541,0.9999385604318557,294.71387246315203,0.3466796875,0.5859375,0.0673828125,20,0,-2.2863840116087695,80,15,0.35
validation_minus_rmse,validation error,-2.29 dB,45,516,P0,1558,1081,0.6938382541720154,477,477,1147.4661504178378,77.63684181590719,1.3586049402102403,469.11286624236703,0,1,0,20,0,-2.2863840116087695,80,15,0.35
validation_minus_rmse,validation error,-2.29 dB,45,516,P1,1558,1056,0.6777920410783055,502,502,1183.0503372815924,76.80769275312264,1.1224725603581789,85.5178174693362,0.803030303030303,0,0.19696969696969696,20,0,-2.2863840116087695,80,15,0.35
validation_minus_rmse,validation error,-2.29 dB,45,516,P2,1558,1080,0.693196405648267,478,478,1153.09227429466,76.20298343707185,0.9765715897678401,367.0209867852983,0.21481481481481482,0.7333333333333333,0.05185185185185185,20,0,-2.2863840116087695,80,15,0.35
validation_minus_rmse,validation error,-2.29 dB,45,516,P3-U,1558,1063,0.6822849807445442,495,495,1168.6955665550709,76.2023226055743,0.9999713968105477,291.8715467489624,0.36688617121354655,0.548447789275635,0.08466603951081844,20,0,-2.2863840116087695,80,15,0.35
validation_minus_rmse,validation error,-2.29 dB,45,516,P3-D,1558,1024,0.6572528883183568,534,534,1271.916326355227,76.2023226055743,0.9999826937795152,294.71392477146355,0.333984375,0.5859375,0.080078125,20,0,-2.2863840116087695,80,15,0.35
validation_minus_rmse,validation error,-2.29 dB,45,517,P0,1579,1055,0.6681443951868271,524,524,1195.066850630726,77.63684226022279,1.3586060079805637,457.82987562920624,0,1,0,20,0,-2.2863840116087695,80,15,0.35
validation_minus_rmse,validation error,-2.29 dB,45,517,P1,1579,1028,0.6510449651678277,551,551,1259.0278291300451,77.03019154315587,1.1814823333657816,83.25026033142366,0.8025291828793775,0,0.19747081712062256,20,0,-2.2863840116087695,80,15,0.35
validation_minus_rmse,validation error,-2.29 dB,45,517,P2,1579,1055,0.6681443951868271,524,524,1195.4594003120653,76.20298439347653,0.9765718048287686,364.29037845176725,0.2028436018957346,0.7488151658767772,0.04834123222748815,20,0,-2.2863840116087695,80,15,0.35
validation_minus_rmse,validation error,-2.29 dB,45,517,P3-U,1579,1016,0.643445218492717,563,563,1337.012528430111,76.20100292218558,0.999939300281442,288.065436070064,0.35039370078740156,0.5738188976377953,0.07578740157480315,20,0,-2.2863840116087695,80,15,0.35
validation_minus_rmse,validation error,-2.29 dB,45,517,P3-D,1579,988,0.6257124762507916,591,591,1406.6467467905427,76.20100292218558,0.9999951387906074,291.44553160641595,0.3208502024291498,0.6062753036437247,0.0728744939271255,20,0,-2.2863840116087695,80,15,0.35
validation_minus_rmse,validation error,-2.29 dB,45,518,P0,1445,1038,0.7183391003460208,407,407,1072.661153161595,77.63684248238059,1.3586065418657254,450.4525732763936,0,1,0,20,0,-2.2863840116087695,80,15,0.35
validation_minus_rmse,validation error,-2.29 dB,45,518,P1,1445,1014,0.7017301038062284,431,431,1114.9609317087095,76.92032736613838,1.1519691324617185,82.1164535766714,0.7948717948717948,0,0.20512820512820512,20,0,-2.2863840116087695,80,15,0.35
validation_minus_rmse,validation error,-2.29 dB,45,518,P2,1445,1038,0.7183391003460208,407,407,1073.0369093746933,76.20298473175463,0.9765718808953274,362.9136623777462,0.18882466281310212,0.7610789980732178,0.05009633911368015,20,0,-2.2863840116087695,80,15,0.35
validation_minus_rmse,validation error,-2.29 dB,45,518,P3-U,1445,1016,0.7031141868512111,429,429,1106.7954301836453,76.19968447186734,0.9999609561987147,288.06531025798705,0.34153543307086615,0.5738188976377953,0.08464566929133858,20,0,-2.2863840116087695,80,15,0.35
validation_minus_rmse,validation error,-2.29 dB,45,518,P3-D,1445,987,0.683044982698962,458,458,1217.9585800125653,76.19968447186734,0.999988713739012,291.3645751344505,0.3211752786220871,0.6068895643363729,0.07193515704154002,20,0,-2.2863840116087695,80,15,0.35
validation_minus_rmse,validation error,-2.29 dB,45,519,P0,1456,1073,0.7369505494505495,383,383,899.9279586100387,77.63684226022279,1.358606007980564,465.64131309910954,0,1,0,20,0,-2.2863840116087695,80,15,0.35
validation_minus_rmse,validation error,-2.29 dB,45,519,P1,1456,1052,0.7225274725274725,404,404,937.2843259774382,77.03026962071769,1.1815010977056837,85.19369405020632,0.7918250950570342,0,0.20817490494296578,20,0,-2.2863840116087695,80,15,0.35
validation_minus_rmse,validation error,-2.29 dB,45,519,P2,1456,1073,0.7369505494505495,383,383,900.6551095050248,76.20298343707185,0.9765715897678401,365.74810697188946,0.21342031686859272,0.7362534948741846,0.05032618825722274,20,0,-2.2863840116087695,80,15,0.35
validation_minus_rmse,validation error,-2.29 dB,45,519,P3-U,1456,1048,0.7197802197802198,408,408,915.2401887905636,76.20232170746254,0.9999930503032695,290.6567679658157,0.34541984732824427,0.5562977099236641,0.0982824427480916,20,0,-2.2863840116087695,80,15,0.35
validation_minus_rmse,validation error,-2.29 dB,45,519,P3-D,1456,1021,0.7012362637362637,435,435,1008.3719285410011,76.20232170746254,0.9999602979600969,294.47096984431806,0.32125367286973555,0.5876591576885406,0.0910871694417238,20,0,-2.2863840116087695,80,15,0.35
validation_minus_rmse,validation error,-2.29 dB,45,520,P0,1533,1094,0.7136333985649054,439,439,1052.4184659650923,77.63684248238059,1.3586065418657258,474.75451392196595,0,1,0,20,0,-2.2863840116087695,80,15,0.35
validation_minus_rmse,validation error,-2.29 dB,45,520,P1,1533,1061,0.6921069797782127,472,472,1169.0323527763624,76.92040718201493,1.1519873629167758,85.92253101989279,0.7907634307257304,0,0.20923656927426956,20,0,-2.2863840116087695,80,15,0.35
validation_minus_rmse,validation error,-2.29 dB,45,520,P2,1533,1094,0.7136333985649054,439,439,1052.7953685634222,76.20298368770536,0.9765716461262762,368.1546783093306,0.21572212065813529,0.7239488117001828,0.0603290676416819,20,0,-2.2863840116087695,80,15,0.35
validation_minus_rmse,validation error,-2.29 dB,45,520,P3-U,1533,1048,0.6836268754076973,485,485,1220.1027304584122,76.20298186254017,0.9999515452926703,290.6568587841128,0.3530534351145038,0.5562977099236641,0.09064885496183206,20,0,-2.2863840116087695,80,15,0.35
validation_minus_rmse,validation error,-2.29 dB,45,520,P3-D,1533,1024,0.6679712981082844,509,509,1278.7648683317775,76.20298186254017,0.9999704841244427,294.7139178559307,0.33203125,0.5859375,0.08203125,20,0,-2.2863840116087695,80,15,0.35
validation_minus_rmse,validation error,-2.29 dB,45,521,P0,1532,1067,0.6964751958224543,465,465,1092.6792152091589,77.636842038065,1.3586054740954023,463.03738412843427,0,1,0,20,0,-2.2863840116087695,80,15,0.35
validation_minus_rmse,validation error,-2.29 dB,45,521,P1,1532,1042,0.6801566579634465,490,490,1145.4595812766054,77.13734540178206,1.2109966020395342,84.38406708617596,0.8224568138195777,0,0.17754318618042225,20,0,-2.2863840116087695,80,15,0.35
validation_minus_rmse,validation error,-2.29 dB,45,521,P2,1532,1067,0.6964751958224543,465,465,1093.061417893765,76.20298473175463,0.9765718808953275,365.96808437655835,0.20524835988753515,0.7422680412371134,0.05248359887535145,20,0,-2.2863840116087695,80,15,0.35
validation_minus_rmse,validation error,-2.29 dB,45,521,P3-U,1532,1017,0.6638381201044387,515,515,1297.7101173312938,76.19770405733495,0.9999422450838849,288.14619322618734,0.34316617502458213,0.5732546705998034,0.08357915437561456,20,0,-2.2863840116087695,80,15,0.35
validation_minus_rmse,validation error,-2.29 dB,45,521,P3-D,1532,1023,0.6677545691906005,509,509,1171.3888354332257,76.19770405733495,0.9999971130779465,294.6328338465251,0.33724340175953077,0.5865102639296188,0.07624633431085044,20,0,-2.2863840116087695,80,15,0.35
validation_minus_rmse,validation error,-2.29 dB,45,522,P0,1510,1086,0.7192052980132451,424,424,1042.8738928530227,77.63684181590719,1.35860494021024,471.2827372982812,0,1,0,20,0,-2.2863840116087695,80,15,0.35
validation_minus_rmse,validation error,-2.29 dB,45,522,P1,1510,1053,0.6973509933774834,457,457,1147.1557301981807,77.0303484632348,1.18152146370012,85.27476590251024,0.8005698005698005,0,0.19943019943019943,20,0,-2.2863840116087695,80,15,0.35
validation_minus_rmse,validation error,-2.29 dB,45,522,P2,1510,1086,0.7192052980132451,424,424,1043.2885423360797,76.2029840551984,0.9765717287622097,367.15387833738515,0.22467771639042358,0.7283609576427256,0.04696132596685083,20,0,-2.2863840116087695,80,15,0.35
validation_minus_rmse,validation error,-2.29 dB,45,522,P3-U,1510,1049,0.6947019867549669,461,461,1084.2975564879378,76.20034342319154,0.9999638836258935,290.73777956560536,0.3593898951382269,0.555767397521449,0.08484270734032412,20,0,-2.2863840116087695,80,15,0.35
validation_minus_rmse,validation error,-2.29 dB,45,522,P3-D,1510,1025,0.6788079470198676,485,485,1172.6852397447096,76.20034342319154,0.9999481134057089,294.7948488868036,0.3375609756097561,0.5853658536585366,0.07707317073170732,20,0,-2.2863840116087695,80,15,0.35
validation_minus_rmse,validation error,-2.29 dB,45,523,P0,1559,1087,0.6972418216805645,472,472,1143.6786327512443,77.63684181590719,1.35860494021024,471.7167017575909,0,1,0,20,0,-2.2863840116087695,80,15,0.35
validation_minus_rmse,validation error,-2.29 dB,45,523,P1,1559,1060,0.6799230275817832,499,499,1214.6017455478316,77.03019103223146,1.1814812655960925,85.84165903050602,0.8075471698113208,0,0.19245283018867926,20,0,-2.2863840116087695,80,15,0.35
validation_minus_rmse,validation error,-2.29 dB,45,523,P2,1559,1086,0.6966003848620911,473,473,1151.087315622838,76.20298371692024,0.9765716526956502,367.50675699644654,0.21639042357274402,0.7292817679558011,0.05432780847145488,20,0,-2.2863840116087695,80,15,0.35
validation_minus_rmse,validation error,-2.29 dB,45,523,P3-U,1559,1047,0.6715843489416292,512,512,1281.9907958484314,76.19836494389043,0.9999608887747968,290.5758367853243,0.36103151862464183,0.556829035339064,0.08213944603629417,20,0,-2.2863840116087695,80,15,0.35
validation_minus_rmse,validation error,-2.29 dB,45,523,P3-D,1559,1023,0.6561898652982682,536,536,1334.707736332229,76.19836494389043,0.9999239926460008,294.6329212982349,0.3313782991202346,0.5865102639296188,0.08211143695014662,20,0,-2.2863840116087695,80,15,0.35
validation_minus_rmse,validation error,-2.29 dB,45,524,P0,1531,1086,0.7093403004572175,445,445,1019.1879518996717,77.63684248238059,1.3586065418657256,471.28281450061064,0,1,0,20,0,-2.2863840116087695,80,15,0.35
validation_minus_rmse,validation error,-2.29 dB,45,524,P1,1531,1060,0.6923579359895493,471,471,1108.3647001397344,77.13742257344454,1.2110175019188147,85.84156678608271,0.7943396226415095,0,0.20566037735849058,20,0,-2.2863840116087695,80,15,0.35
validation_minus_rmse,validation error,-2.29 dB,45,524,P2,1531,1086,0.7093403004572175,445,445,1019.5901119404682,76.2029844226914,0.9765718113981429,366.8009431243736,0.2154696132596685,0.7274401473296501,0.0570902394106814,20,0,-2.2863840116087695,80,15,0.35
validation_minus_rmse,validation error,-2.29 dB,45,524,P3-U,1531,1048,0.6845199216198563,483,483,1105.4545556906573,76.20100455589129,0.9999354887385842,290.6568149670788,0.36354961832061067,0.5562977099236641,0.08015267175572519,20,0,-2.2863840116087695,80,15,0.35
validation_minus_rmse,validation error,-2.29 dB,45,524,P3-D,1531,1022,0.6675375571521881,509,509,1178.1627091534226,76.20100455589129,0.9999441416828617,294.5518340718604,0.324853228962818,0.5870841487279843,0.08806262230919765,20,0,-2.2863840116087695,80,15,0.35
validation_minus_rmse,validation error,-2.29 dB,45,525,P0,1514,1075,0.7100396301188904,439,439,1075.7425557867548,77.63684226022279,1.358606007980564,466.50916887868004,0,1,0,20,0,-2.2863840116087695,80,15,0.35
validation_minus_rmse,validation error,-2.29 dB,45,525,P1,1514,1050,0.6935270805812418,464,464,1116.7960340564475,77.03019230954237,1.1814839350203152,85.03181682948794,0.8104761904761905,0,0.1895238095238095,20,0,-2.2863840116087695,80,15,0.35
validation_minus_rmse,validation error,-2.29 dB,45,525,P2,1514,1074,0.7093791281373845,440,440,1080.9797641977166,76.20298504081782,0.9765719503925122,365.8290134407212,0.20577281191806332,0.7355679702048417,0.05865921787709497,20,0,-2.2863840116087695,80,15,0.35
validation_minus_rmse,validation error,-2.29 dB,45,525,P3-U,1514,1048,0.6922060766182299,466,466,1117.0869520074987,76.20298084770512,0.999994412994261,290.6568826494609,0.3654580152671756,0.5562977099236641,0.07824427480916031,20,0,-2.2863840116087695,80,15,0.35
validation_minus_rmse,validation error,-2.29 dB,45,525,P3-D,1514,1024,0.6763540290620872,490,490,1171.6242613581321,76.20298084770512,0.9999985217934809,294.7139120345473,0.3388671875,0.5859375,0.0751953125,20,0,-2.2863840116087695,80,15,0.35
validation_minus_rmse,validation error,-2.29 dB,45,526,P0,1484,1072,0.7223719676549866,412,412,1030.0503248223054,77.63684248238059,1.3586065418657258,465.20733644995835,0,1,0,20,0,-2.2863840116087695,80,15,0.35
validation_minus_rmse,validation error,-2.29 dB,45,526,P1,1484,1052,0.7088948787061995,432,432,1072.0246015074313,76.92024650074717,1.151948766467282,85.19374017241795,0.779467680608365,0,0.22053231939163498,20,0,-2.2863840116087695,80,15,0.35
validation_minus_rmse,validation error,-2.29 dB,45,526,P2,1484,1072,0.7223719676549866,412,412,1030.6360331476444,76.2029840551984,0.9765717287622093,366.3730848770254,0.20522388059701493,0.7388059701492538,0.055970149253731345,20,0,-2.2863840116087695,80,15,0.35
validation_minus_rmse,validation error,-2.29 dB,45,526,P3-U,1484,1048,0.706199460916442,436,436,1072.0140745155995,76.20100458511949,0.9999933163679018,290.65676302348373,0.34923664122137404,0.5562977099236641,0.09446564885496184,20,0,-2.2863840116087695,80,15,0.35
validation_minus_rmse,validation error,-2.29 dB,45,526,P3-D,1484,1024,0.6900269541778976,460,460,1128.3785156476238,76.20100458511949,0.9999861746166169,294.71386397187456,0.322265625,0.5859375,0.091796875,20,0,-2.2863840116087695,80,15,0.35
validation_minus_rmse,validation error,-2.29 dB,45,527,P0,1522,1086,0.7135348226018396,436,436,982.1458379706157,77.63684248238059,1.3586065418657256,471.28271698187876,0,1,0,20,0,-2.2863840116087695,80,15,0.35
validation_minus_rmse,validation error,-2.29 dB,45,527,P1,1522,1059,0.6957950065703022,463,463,1044.2343646380652,77.03027089800548,1.1815037671299067,85.76068454731556,0.7884796978281398,0,0.21152030217186024,20,0,-2.2863840116087695,80,15,0.35
validation_minus_rmse,validation error,-2.29 dB,45,527,P2,1522,1085,0.7128777923784494,437,437,987.8439058052999,76.20298365849047,0.9765716395569021,367.4259000164137,0.21566820276497695,0.7299539170506912,0.054377880184331796,20,0,-2.2863840116087695,80,15,0.35
validation_minus_rmse,validation error,-2.29 dB,45,527,P3-U,1522,1048,0.6885676741130092,474,474,1090.7556940367972,76.20298186254017,0.9999364081280889,290.65685314508767,0.3549618320610687,0.5562977099236641,0.08874045801526717,20,0,-2.2863840116087695,80,15,0.35
validation_minus_rmse,validation error,-2.29 dB,45,527,P3-D,1522,1024,0.6727989487516426,498,498,1144.2790600389105,76.20298186254017,0.9999781435392205,294.71393978081755,0.326171875,0.5859375,0.087890625,20,0,-2.2863840116087695,80,15,0.35
validation_minus_rmse,validation error,-2.29 dB,45,528,P0,1559,1084,0.6953175112251443,475,475,1126.2350179235411,77.63684270453837,1.3586070757508875,470.41481244294255,0,1,0,20,0,-2.2863840116087695,80,15,0.35
validation_minus_rmse,validation error,-2.29 dB,45,528,P1,1559,1058,0.6786401539448365,501,501,1177.6820754715238,77.13734540178206,1.2109966020395342,85.67968956536433,0.8052930056710775,0,0.1947069943289225,20,0,-2.2863840116087695,80,15,0.35
validation_minus_rmse,validation error,-2.29 dB,45,528,P2,1559,1084,0.6953175112251443,475,475,1127.6678675306457,76.20298433504675,0.97657179169002,367.34497235212814,0.22785977859778597,0.7306273062730627,0.04151291512915129,20,0,-2.2863840116087695,80,15,0.35
validation_minus_rmse,validation error,-2.29 dB,45,528,P3-U,1559,1021,0.6549069916613214,538,538,1345.370091402129,76.20100359905051,0.9999442627862444,288.47031042647734,0.3525954946131244,0.5710088148873653,0.07639569049951028,20,0,-2.2863840116087695,80,15,0.35
validation_minus_rmse,validation error,-2.29 dB,45,528,P3-D,1559,1023,0.6561898652982682,536,536,1299.3689322528273,76.20100359905051,0.9999246818478935,294.6329396741762,0.34017595307917886,0.5865102639296188,0.07331378299120235,20,0,-2.2863840116087695,80,15,0.35
validation_minus_rmse,validation error,-2.29 dB,45,529,P0,1472,1080,0.7336956521739131,392,392,921.4629491198765,77.636842038065,1.3586054740954017,468.67891397289884,0,1,0,20,0,-2.2863840116087695,80,15,0.35
validation_minus_rmse,validation error,-2.29 dB,45,529,P1,1472,1055,0.7167119565217391,417,417,970.2735911613845,77.13734714643557,1.211000339233446,85.43679686393406,0.8037914691943128,0,0.1962085308056872,20,0,-2.2863840116087695,80,15,0.35
validation_minus_rmse,validation error,-2.29 dB,45,529,P2,1472,1080,0.7336956521739131,392,392,921.8637010612847,76.2029844226914,0.9765718113981428,367.0208754682405,0.20925925925925926,0.7333333333333333,0.05740740740740741,20,0,-2.2863840116087695,80,15,0.35
validation_minus_rmse,validation error,-2.29 dB,45,529,P3-U,1472,1048,0.7119565217391305,424,424,998.5322840959734,76.20297992051457,0.9999944208715916,290.65695439512336,0.37213740458015265,0.5562977099236641,0.0715648854961832,20,0,-2.2863840116087695,80,15,0.35
validation_minus_rmse,validation error,-2.29 dB,45,529,P3-D,1472,1024,0.6956521739130435,448,448,1063.9558061638033,76.20297992051457,0.9999386807885836,294.71388677581297,0.328125,0.5859375,0.0859375,20,0,-2.2863840116087695,80,15,0.35
validation_minus_rmse,validation error,-2.29 dB,45,530,P0,1545,1084,0.7016181229773463,461,461,1057.5917164017935,77.6368422602228,1.3586060079805637,470.41482463278385,0,1,0,20,0,-2.2863840116087695,80,15,0.35
validation_minus_rmse,validation error,-2.29 dB,45,530,P1,1545,1054,0.6822006472491909,491,491,1141.2976204429897,77.13734664796321,1.210999271463757,85.35575575977124,0.8083491461100569,0,0.19165085388994307,20,0,-2.2863840116087695,80,15,0.35
validation_minus_rmse,validation error,-2.29 dB,45,530,P2,1545,1084,0.7016181229773463,461,461,1057.941231830433,76.20298343707185,0.9765715897678403,367.3447364667614,0.21217712177121772,0.7306273062730627,0.05719557195571956,20,0,-2.2863840116087695,80,15,0.35
validation_minus_rmse,validation error,-2.29 dB,45,530,P3-U,1545,1047,0.6776699029126214,498,498,1175.056555876528,76.20298118598349,0.9998684709412159,290.5759030415802,0.3648519579751671,0.556829035339064,0.07831900668576887,20,0,-2.2863840116087695,80,15,0.35
validation_minus_rmse,validation error,-2.29 dB,45,530,P3-D,1545,1023,0.6621359223300971,522,522,1234.8406652830333,76.20298118598349,0.9999911882735838,294.6328446102404,0.3235581622678397,0.5865102639296188,0.08993157380254155,20,0,-2.2863840116087695,80,15,0.35
validation_minus_rmse,validation error,-2.29 dB,80,501,P0,2681,1103,0.4114136516225289,1578,1578,2649.1338135971764,77.63684248238059,1.3586065418657256,478.6601615495087,0,1,0,20,0,-2.2863840116087695,80,15,0.35
validation_minus_rmse,validation error,-2.29 dB,80,501,P1,2681,1071,0.39947780678851175,1610,1610,2726.0044925952297,76.8076108386131,1.1224543299031213,86.73237322091086,0.7843137254901961,0,0.21568627450980393,20,0,-2.2863840116087695,80,15,0.35
validation_minus_rmse,validation error,-2.29 dB,80,501,P2,2681,1102,0.41104065647146587,1579,1579,2656.530236872635,76.2029840551984,0.9765717287622094,368.80265723757475,0.23139745916515425,0.7186932849364791,0.0499092558983666,20,0,-2.2863840116087695,80,15,0.35
validation_minus_rmse,validation error,-2.29 dB,80,501,P3-U,2681,1067,0.3979858261842596,1614,1614,2683.629757607195,76.2029840551984,0.9999654702510641,292.1955533288879,0.36082474226804123,0.5463917525773195,0.09278350515463918,20,0,-2.2863840116087695,80,15,0.35
validation_minus_rmse,validation error,-2.29 dB,80,501,P3-D,2681,1025,0.3823200298396121,1656,1656,2821.904405000465,76.2029840551984,0.9999777559920795,294.79504059041994,0.34536585365853656,0.5853658536585366,0.06926829268292684,20,0,-2.2863840116087695,80,15,0.35
validation_minus_rmse,validation error,-2.29 dB,80,502,P0,2595,1104,0.4254335260115607,1491,1491,2730.4867447610764,77.63684337101164,1.358608677406373,479.0940894392941,0,1,0,20,0,-2.2863840116087695,80,15,0.35
validation_minus_rmse,validation error,-2.29 dB,80,502,P1,2595,1066,0.41078998073217726,1529,1529,2819.9087926963584,77.03026987617528,1.1815016315905285,86.32752130371928,0.797373358348968,0,0.2026266416510319,20,0,-2.2863840116087695,80,15,0.35
validation_minus_rmse,validation error,-2.29 dB,80,502,P2,2595,1104,0.4254335260115607,1491,1491,2730.9980379425897,76.20298377535002,0.976571665834399,368.96454313192885,0.22554347826086957,0.717391304347826,0.057065217391304345,20,0,-2.2863840116087695,80,15,0.35
validation_minus_rmse,validation error,-2.29 dB,80,502,P3-U,2595,1067,0.41117533718689786,1528,1528,2764.147319704798,76.20298220081847,0.9998816530605825,292.1954953815513,0.3626991565135895,0.5463917525773195,0.09090909090909091,20,0,-2.2863840116087695,80,15,0.35
validation_minus_rmse,validation error,-2.29 dB,80,502,P3-D,2595,1025,0.394990366088632,1570,1570,2916.027039943655,76.20298220081847,0.9999771232661991,294.7949405841522,0.3336585365853659,0.5853658536585366,0.08097560975609756,20,0,-2.2863840116087695,80,15,0.35
validation_minus_rmse,validation error,-2.29 dB,80,503,P0,2680,1103,0.4115671641791045,1577,1577,2657.3294770376647,77.63684248238059,1.3586065418657258,478.66001527141105,0,1,0,20,0,-2.2863840116087695,80,15,0.35
validation_minus_rmse,validation error,-2.29 dB,80,503,P1,2680,1067,0.39813432835820894,1613,1613,2738.643066028319,76.9204082300239,1.1519894984561543,86.40862390416433,0.8106841611996252,0,0.1893158388003749,20,0,-2.2863840116087695,80,15,0.35
validation_minus_rmse,validation error,-2.29 dB,80,503,P2,2680,1102,0.41119402985074627,1578,1578,2664.83037508923,76.20298374613513,0.976571659265025,368.80262527840546,0.23593466424682397,0.7186932849364791,0.045372050816696916,20,0,-2.2863840116087695,80,15,0.35
validation_minus_rmse,validation error,-2.29 dB,80,503,P3-U,2680,1067,0.39813432835820894,1613,1613,2693.237003409719,76.20298315722343,0.9999645602993393,292.1954662418947,0.36644798500468606,0.5463917525773195,0.08716026241799438,20,0,-2.2863840116087695,80,15,0.35
validation_minus_rmse,validation error,-2.29 dB,80,503,P3-D,2680,1025,0.3824626865671642,1655,1655,2833.4203499911814,76.20298315722343,0.9999768918717109,294.7949238166953,0.33463414634146343,0.5853658536585366,0.08,20,0,-2.2863840116087695,80,15,0.35
validation_minus_rmse,validation error,-2.29 dB,80,504,P0,2672,1104,0.41317365269461076,1568,1568,2564.9470831788562,77.63684248238059,1.3586065418657258,479.09407318617207,0,1,0,20,0,-2.2863840116087695,80,15,0.35
validation_minus_rmse,validation error,-2.29 dB,80,504,P1,2672,1069,0.4000748502994012,1603,1603,2650.4277567552986,77.0301933313908,1.1814860705596937,86.57047550143177,0.7885874649204865,0,0.21141253507951357,20,0,-2.2863840116087695,80,15,0.35
validation_minus_rmse,validation error,-2.29 dB,80,504,P2,2672,1103,0.4127994011976048,1569,1569,2572.4440264581544,76.20298467332486,0.9765718677565786,368.88363402594274,0.23118766999093382,0.7180417044424298,0.050770625566636446,20,0,-2.2863840116087695,80,15,0.35
validation_minus_rmse,validation error,-2.29 dB,80,504,P3-U,2672,1067,0.39932634730538924,1605,1605,2599.5820973285718,76.20298025879302,0.9999275910534188,292.1955229454633,0.3655107778819119,0.5463917525773195,0.08809746954076851,20,0,-2.2863840116087695,80,15,0.35
validation_minus_rmse,validation error,-2.29 dB,80,504,P3-D,2672,1025,0.38360778443113774,1647,1647,2741.6482518825214,76.20298025879302,0.999983251582708,294.7948487044455,0.3229268292682927,0.5853658536585366,0.09170731707317073,20,0,-2.2863840116087695,80,15,0.35
validation_minus_rmse,validation error,-2.29 dB,80,505,P0,2723,1101,0.4043334557473375,1622,1622,2686.8253075796856,77.63684270453837,1.3586070757508875,477.792228567609,0,1,0,20,0,-2.2863840116087695,80,15,0.35
validation_minus_rmse,validation error,-2.29 dB,80,505,P1,2723,1068,0.39221446933529197,1655,1655,2744.810642775684,76.92040796802168,1.15198896457131,86.48948051948057,0.7808988764044944,0,0.21910112359550563,20,0,-2.2863840116087695,80,15,0.35
validation_minus_rmse,validation error,-2.29 dB,80,505,P2,2723,1101,0.4043334557473375,1622,1622,2687.221167315094,76.20298368770536,0.9765716461262763,368.72148061902936,0.2098092643051771,0.7193460490463215,0.07084468664850137,20,0,-2.2863840116087695,80,15,0.35
validation_minus_rmse,validation error,-2.29 dB,80,505,P3-U,2723,1067,0.39184722732280575,1656,1656,2713.2713021067757,76.20298211317377,0.9999641995376818,292.19541162840557,0.35520149953139646,0.5463917525773195,0.09840674789128398,20,0,-2.2863840116087695,80,15,0.35
validation_minus_rmse,validation error,-2.29 dB,80,505,P3-D,2723,1024,0.3760558207858979,1699,1699,2854.5199381840835,76.20298211317377,0.9999142178488097,294.71387121938415,0.3173828125,0.5859375,0.0966796875,20,0,-2.2863840116087695,80,15,0.35
validation_minus_rmse,validation error,-2.29 dB,80,506,P0,2721,1102,0.4049981624402793,1619,1619,2654.4342596011784,77.63684248238059,1.3586065418657254,478.2261605206748,0,1,0,20,0,-2.2863840116087695,80,15,0.35
validation_minus_rmse,validation error,-2.29 dB,80,506,P1,2721,1071,0.3936052921719956,1650,1650,2727.930075435792,77.13734664796321,1.2109992714637567,86.7324500912636,0.7880485527544351,0,0.2119514472455649,20,0,-2.2863840116087695,80,15,0.35
validation_minus_rmse,validation error,-2.29 dB,80,506,P2,2721,1102,0.4049981624402793,1619,1619,2654.8149903884114,76.20298408441327,0.9765717353315837,368.802455284578,0.21415607985480944,0.7186932849364791,0.06715063520871144,20,0,-2.2863840116087695,80,15,0.35
validation_minus_rmse,validation error,-2.29 dB,80,506,P3-U,2721,1067,0.39213524439544284,1654,1654,2680.2195571592574,76.20298214238866,0.9999633621644037,292.19543212716627,0.35520149953139646,0.5463917525773195,0.09840674789128398,20,0,-2.2863840116087695,80,15,0.35
validation_minus_rmse,validation error,-2.29 dB,80,506,P3-D,2721,1025,0.3766997427416391,1696,1696,2815.0864254880853,76.20298214238866,0.9999766284691834,294.7949407665104,0.32390243902439025,0.5853658536585366,0.09073170731707317,20,0,-2.2863840116087695,80,15,0.35
validation_minus_rmse,validation error,-2.29 dB,80,507,P0,2762,1103,0.39934829833454016,1659,1659,2714.414501322933,77.63684248238059,1.3586065418657252,478.66012497998435,0,1,0,20,0,-2.2863840116087695,80,15,0.35
validation_minus_rmse,validation error,-2.29 dB,80,507,P1,2762,1070,0.387400434467777,1692,1692,2793.753727395801,77.13734515254578,1.2109960681546896,86.65147560807313,0.8,0,0.2,20,0,-2.2863840116087695,80,15,0.35
validation_minus_rmse,validation error,-2.29 dB,80,507,P2,2762,1103,0.39934829833454016,1659,1659,2714.8555518790417,76.20298377535002,0.976571665834399,368.8835083962241,0.22484134179510426,0.7180417044424298,0.057116953762466005,20,0,-2.2863840116087695,80,15,0.35
validation_minus_rmse,validation error,-2.29 dB,80,507,P3-U,2762,1067,0.38631426502534394,1695,1695,2739.869199622861,76.20298180411038,0.9999272933196868,292.19544750123686,0.36644798500468606,0.5463917525773195,0.08716026241799438,20,0,-2.2863840116087695,80,15,0.35
validation_minus_rmse,validation error,-2.29 dB,80,507,P3-D,2762,1025,0.3711078928312817,1737,1737,2880.7905830636214,76.20298180411038,0.9999825652550417,294.7948897019668,0.32878048780487806,0.5853658536585366,0.08585365853658537,20,0,-2.2863840116087695,80,15,0.35
validation_minus_rmse,validation error,-2.29 dB,80,508,P0,2805,1102,0.3928698752228164,1703,1703,2902.17600153062,77.63684270453837,1.3586070757508877,478.22620928004073,0,1,0,20,0,-2.2863840116087695,80,15,0.35
validation_minus_rmse,validation error,-2.29 dB,80,508,P1,2805,1067,0.3803921568627451,1738,1738,2980.0428357518895,77.03019052130699,1.1814801978264033,86.40844966469811,0.795688847235239,0,0.204311152764761,20,0,-2.2863840116087695,80,15,0.35
validation_minus_rmse,validation error,-2.29 dB,80,508,P2,2805,1102,0.3928698752228164,1703,1703,2902.677878160966,76.20298433504675,0.9765717916900204,368.80267861538687,0.22323049001814882,0.7186932849364791,0.05807622504537205,20,0,-2.2863840116087695,80,15,0.35
validation_minus_rmse,validation error,-2.29 dB,80,508,P3-U,2805,1067,0.3803921568627451,1738,1738,2922.8836512788876,76.20298220081847,0.999964118194535,292.1954573859006,0.3570759137769447,0.5463917525773195,0.09653233364573571,20,0,-2.2863840116087695,80,15,0.35
validation_minus_rmse,validation error,-2.29 dB,80,508,P3-D,2805,1025,0.36541889483065954,1780,1780,3052.548833039946,76.20298220081847,0.9999767634347572,294.79488845819884,0.3278048780487805,0.5853658536585366,0.08682926829268292,20,0,-2.2863840116087695,80,15,0.35
validation_minus_rmse,validation error,-2.29 dB,80,509,P0,2656,1104,0.41566265060240964,1552,1552,2571.9072331383227,77.63684337101164,1.358608677406373,479.0939390979156,0,1,0,20,0,-2.2863840116087695,80,15,0.35
validation_minus_rmse,validation error,-2.29 dB,80,509,P1,2656,1069,0.40248493975903615,1587,1587,2645.39856906108,77.0301933313908,1.1814860705596937,86.57063949151762,0.8054256314312441,0,0.19457436856875585,20,0,-2.2863840116087695,80,15,0.35
validation_minus_rmse,validation error,-2.29 dB,80,509,P2,2656,1103,0.41528614457831325,1553,1553,2579.3673955184754,76.20298408441327,0.9765717353315837,368.8836010053639,0.23481414324569355,0.7180417044424298,0.0471441523118767,20,0,-2.2863840116087695,80,15,0.35
validation_minus_rmse,validation error,-2.29 dB,80,509,P3-U,2656,1067,0.4017319277108434,1589,1589,2604.396724763847,76.20298062628633,0.9999268468725372,292.19542560908974,0.37207122774133083,0.5463917525773195,0.08153701968134958,20,0,-2.2863840116087695,80,15,0.35
validation_minus_rmse,validation error,-2.29 dB,80,509,P3-D,2656,1025,0.3859186746987952,1631,1631,2745.622451232822,76.20298062628633,0.9999830109318303,294.79487293450995,0.3297560975609756,0.5853658536585366,0.08487804878048781,20,0,-2.2863840116087695,80,15,0.35
validation_minus_rmse,validation error,-2.29 dB,80,510,P0,2733,1104,0.4039517014270033,1629,1629,2670.828423776235,77.63684181590719,1.3586049402102396,479.094048806489,0,1,0,20,0,-2.2863840116087695,80,15,0.35
validation_minus_rmse,validation error,-2.29 dB,80,510,P1,2733,1069,0.3911452616172704,1664,1664,2765.9736509217614,77.03019103223146,1.1814812655960922,86.57050624957286,0.804490177736202,0,0.19550982226379796,20,0,-2.2863840116087695,80,15,0.35
validation_minus_rmse,validation error,-2.29 dB,80,510,P2,2733,1104,0.4039517014270033,1629,1629,2671.260065235991,76.20298371692024,0.9765716526956505,368.96453006303597,0.21920289855072464,0.717391304347826,0.06340579710144928,20,0,-2.2863840116087695,80,15,0.35
validation_minus_rmse,validation error,-2.29 dB,80,510,P3-U,2733,1067,0.39041346505671426,1666,1666,2701.1301927437653,76.20298253909674,0.9998809499518592,292.19548937780974,0.3514526710402999,0.5463917525773195,0.1021555763823805,20,0,-2.2863840116087695,80,15,0.35
validation_minus_rmse,validation error,-2.29 dB,80,510,P3-D,2733,1025,0.37504573728503476,1708,1708,2849.034426284933,76.20298253909674,0.9999767939726555,294.7948561343132,0.33658536585365856,0.5853658536585366,0.07804878048780488,20,0,-2.2863840116087695,80,15,0.35
validation_minus_rmse,validation error,-2.29 dB,80,511,P0,2668,1103,0.4134182908545727,1565,1565,2604.6628053698723,77.63684226022279,1.358606007980564,478.660031524533,0,1,0,20,0,-2.2863840116087695,80,15,0.35
validation_minus_rmse,validation error,-2.29 dB,80,511,P1,2668,1067,0.39992503748125935,1601,1601,2687.947945645209,77.13734590025456,1.2109976698092233,86.40860853009377,0.8200562324273665,0,0.17994376757263356,20,0,-2.2863840116087695,80,15,0.35
validation_minus_rmse,validation error,-2.29 dB,80,511,P2,2668,1102,0.41304347826086957,1566,1566,2612.098316687267,76.20298467332486,0.9765718677565788,368.80254046384994,0.23049001814882034,0.7186932849364791,0.050816696914700546,20,0,-2.2863840116087695,80,15,0.35
validation_minus_rmse,validation error,-2.29 dB,80,511,P3-U,2668,1067,0.39992503748125935,1601,1601,2637.4786345618727,76.20298090613493,0.9999636961991237,292.19537736405874,0.3626991565135895,0.5463917525773195,0.09090909090909091,20,0,-2.2863840116087695,80,15,0.35
validation_minus_rmse,validation error,-2.29 dB,80,511,P3-D,2668,1025,0.3841829085457271,1643,1643,2772.2732727556318,76.20298090613493,0.9999765643364006,294.7948593185423,0.33170731707317075,0.5853658536585366,0.08292682926829269,20,0,-2.2863840116087695,80,15,0.35
validation_minus_rmse,validation error,-2.29 dB,80,512,P0,2595,1104,0.4254335260115607,1491,1491,2515.936013484825,77.63684159374937,1.3586044063250782,479.0939309713549,0,1,0,20,0,-2.2863840116087695,80,15,0.35
validation_minus_rmse,validation error,-2.29 dB,80,512,P1,2595,1068,0.4115606936416185,1527,1527,2608.6330539794103,77.13734664796321,1.210999271463757,86.48967525770753,0.8080524344569289,0,0.19194756554307116,20,0,-2.2863840116087695,80,15,0.35
validation_minus_rmse,validation error,-2.29 dB,80,512,P2,2595,1104,0.4254335260115607,1491,1491,2516.3589956422225,76.20298436426165,0.9765717982593943,368.9643203481948,0.21195652173913043,0.717391304347826,0.07065217391304347,20,0,-2.2863840116087695,80,15,0.35
validation_minus_rmse,validation error,-2.29 dB,80,512,P3-U,2595,1067,0.41117533718689786,1528,1528,2547.800204423135,76.20298186254017,0.9998803840269602,292.19540016799704,0.35520149953139646,0.5463917525773195,0.09840674789128398,20,0,-2.2863840116087695,80,15,0.35
validation_minus_rmse,validation error,-2.29 dB,80,512,P3-D,2595,1025,0.394990366088632,1570,1570,2695.3454670218644,76.20298186254017,0.9999760039363567,294.79478423903225,0.33463414634146343,0.5853658536585366,0.08,20,0,-2.2863840116087695,80,15,0.35
validation_minus_rmse,validation error,-2.29 dB,80,513,P0,2669,1104,0.4136380666916448,1565,1565,2596.7331958154477,77.63684248238059,1.3586065418657258,479.09402442680613,0,1,0,20,0,-2.2863840116087695,80,15,0.35
validation_minus_rmse,validation error,-2.29 dB,80,513,P1,2669,1067,0.39977519670288497,1602,1602,2687.88987513886,77.03027038709041,1.1815026993602176,86.4086034054036,0.8144329896907216,0,0.18556701030927836,20,0,-2.2863840116087695,80,15,0.35
validation_minus_rmse,validation error,-2.29 dB,80,513,P2,2669,1104,0.4136380666916448,1565,1565,2597.165614608467,76.20298315722341,0.9765715268400293,368.9644689314702,0.23097826086956522,0.717391304347826,0.051630434782608696,20,0,-2.2863840116087695,80,15,0.35
validation_minus_rmse,validation error,-2.29 dB,80,513,P3-U,2669,1067,0.39977519670288497,1602,1602,2626.8276449372233,76.20298248066695,0.9998819157701722,292.19551005892873,0.3795688847235239,0.5463917525773195,0.07403936269915651,20,0,-2.2863840116087695,80,15,0.35
validation_minus_rmse,validation error,-2.29 dB,80,513,P3-D,2669,1025,0.3840389659048333,1644,1644,2772.7631187067436,76.20298248066695,0.9999773788347031,294.7949584457586,0.344390243902439,0.5853658536585366,0.0702439024390244,20,0,-2.2863840116087695,80,15,0.35
validation_minus_rmse,validation error,-2.29 dB,80,514,P0,2721,1104,0.40573318632855565,1617,1617,2658.1655012404176,77.63684248238059,1.3586065418657258,479.09408131273307,0,1,0,20,0,-2.2863840116087695,80,15,0.35
validation_minus_rmse,validation error,-2.29 dB,80,514,P1,2721,1068,0.39250275633958104,1653,1653,2739.5371871199627,77.13734614949078,1.2109982036940679,86.48949076886095,0.800561797752809,0,0.199438202247191,20,0,-2.2863840116087695,80,15,0.35
validation_minus_rmse,validation error,-2.29 dB,80,514,P2,2721,1104,0.40573318632855565,1617,1617,2658.574209188081,76.20298467332486,0.9765718677565793,368.9644798775438,0.223731884057971,0.717391304347826,0.058876811594202896,20,0,-2.2863840116087695,80,15,0.35
validation_minus_rmse,validation error,-2.29 dB,80,514,P3-U,2721,1067,0.39213524439544284,1654,1654,2686.044131963814,76.20298365849047,0.9998813223863166,292.19550456952203,0.3655107778819119,0.5463917525773195,0.08809746954076851,20,0,-2.2863840116087695,80,15,0.35
validation_minus_rmse,validation error,-2.29 dB,80,514,P3-D,2721,1025,0.3766997427416391,1696,1696,2830.978938672577,76.20298365849047,0.9999769731137261,294.794954896813,0.3307317073170732,0.5853658536585366,0.08390243902439025,20,0,-2.2863840116087695,80,15,0.35
validation_minus_rmse,validation error,-2.29 dB,80,515,P0,2654,1103,0.41559909570459685,1551,1551,2686.490714023224,77.636842038065,1.3586054740954019,478.66011279014293,0,1,0,20,0,-2.2863840116087695,80,15,0.35
validation_minus_rmse,validation error,-2.29 dB,80,515,P1,2654,1069,0.40278824415975883,1585,1585,2759.1834181391814,77.03026987617528,1.1815016315905285,86.57046012736122,0.8054256314312441,0,0.19457436856875585,20,0,-2.2863840116087695,80,15,0.35
validation_minus_rmse,validation error,-2.29 dB,80,515,P2,2654,1103,0.41559909570459685,1551,1551,2686.893234140415,76.20298374613513,0.9765716592650248,368.8834686424706,0.21940163191296463,0.7180417044424298,0.06255666364460562,20,0,-2.2863840116087695,80,15,0.35
validation_minus_rmse,validation error,-2.29 dB,80,515,P3-U,2654,1067,0.40203466465712134,1587,1587,2713.0186842229223,76.20298087692002,0.9999267469923809,292.19540244043486,0.3598875351452671,0.5463917525773195,0.09372071227741331,20,0,-2.2863840116087695,80,15,0.35
validation_minus_rmse,validation error,-2.29 dB,80,515,P3-D,2654,1025,0.38620949510173325,1629,1629,2853.4884692805417,76.20298087692002,0.9999824376699054,294.7947843886506,0.3326829268292683,0.5853658536585366,0.08195121951219513,20,0,-2.2863840116087695,80,15,0.35
validation_minus_rmse,validation error,-2.29 dB,80,516,P0,2650,1104,0.41660377358490563,1546,1546,2603.815292234228,77.6368422602228,1.3586060079805637,479.09394316119625,0,1,0,20,0,-2.2863840116087695,80,15,0.35
validation_minus_rmse,validation error,-2.29 dB,80,516,P1,2650,1068,0.4030188679245283,1582,1582,2684.3006423566617,77.03019230954237,1.1814839350203155,86.48964963425662,0.8099250936329588,0,0.1900749063670412,20,0,-2.2863840116087695,80,15,0.35
validation_minus_rmse,validation error,-2.29 dB,80,516,P2,2650,1104,0.41660377358490563,1546,1546,2604.2616766660444,76.20298368770536,0.976571646126276,368.96447954556703,0.23369565217391305,0.717391304347826,0.04891304347826087,20,0,-2.2863840116087695,80,15,0.35
validation_minus_rmse,validation error,-2.29 dB,80,516,P3-U,2650,1067,0.40264150943396226,1583,1583,2632.461648228465,76.20298245145206,0.9998813024544626,292.19547561222356,0.3626991565135895,0.5463917525773195,0.09090909090909091,20,0,-2.2863840116087695,80,15,0.35
validation_minus_rmse,validation error,-2.29 dB,80,516,P3-D,2650,1025,0.3867924528301887,1625,1625,2778.4932152208166,76.20298245145206,0.9999764359844452,294.7949188743633,0.34146341463414637,0.5853658536585366,0.07317073170731707,20,0,-2.2863840116087695,80,15,0.35
validation_minus_rmse,validation error,-2.29 dB,80,517,P0,2628,1104,0.4200913242009132,1524,1524,2524.346998452064,77.636842038065,1.3586054740954019,479.09407318617207,0,1,0,20,0,-2.2863840116087695,80,15,0.35
validation_minus_rmse,validation error,-2.29 dB,80,517,P1,2628,1070,0.4071537290715373,1558,1558,2598.703059593131,77.0303484632348,1.1815214637001195,86.65146023400258,0.8018691588785046,0,0.19813084112149532,20,0,-2.2863840116087695,80,15,0.35
validation_minus_rmse,validation error,-2.29 dB,80,517,P2,2628,1104,0.4200913242009132,1524,1524,2524.823968115345,76.20298436426165,0.9765717982593943,368.96453606677744,0.22010869565217392,0.717391304347826,0.0625,20,0,-2.2863840116087695,80,15,0.35
validation_minus_rmse,validation error,-2.29 dB,80,517,P3-U,2628,1067,0.4060121765601218,1561,1561,2552.213382439813,76.20298436426165,0.999880939067356,292.19542700247604,0.3467666354264292,0.5463917525773195,0.10684161199625117,20,0,-2.2863840116087695,80,15,0.35
validation_minus_rmse,validation error,-2.29 dB,80,517,P3-D,2628,1025,0.3900304414003044,1603,1603,2696.661014736195,76.20298436426165,0.9999764483169127,294.79483951647467,0.3180487804878049,0.5853658536585366,0.09658536585365854,20,0,-2.2863840116087695,80,15,0.35
validation_minus_rmse,validation error,-2.29 dB,80,518,P0,2684,1104,0.4113263785394933,1580,1580,2618.2636984882556,77.63684248238059,1.3586065418657256,479.09403661664766,0,1,0,20,0,-2.2863840116087695,80,15,0.35
validation_minus_rmse,validation error,-2.29 dB,80,518,P1,2684,1068,0.3979135618479881,1616,1616,2696.3041764200048,77.13734590025456,1.2109976698092233,86.48952151700206,0.8071161048689138,0,0.19288389513108614,20,0,-2.2863840116087695,80,15,0.35
validation_minus_rmse,validation error,-2.29 dB,80,518,P2,2684,1103,0.4109538002980626,1581,1581,2625.7845751676678,76.2029840551984,0.9765717287622097,368.8835239526529,0.22756119673617406,0.7180417044424298,0.05439709882139619,20,0,-2.2863840116087695,80,15,0.35
validation_minus_rmse,validation error,-2.29 dB,80,518,P3-U,2684,1067,0.3975409836065574,1617,1617,2652.1892600294514,76.20298214238868,0.9999277082842971,292.1954618138977,0.3570759137769447,0.5463917525773195,0.09653233364573571,20,0,-2.2863840116087695,80,15,0.35
validation_minus_rmse,validation error,-2.29 dB,80,518,P3-D,2684,1025,0.381892697466468,1659,1659,2793.2296802685423,76.20298214238868,0.9999826151325641,294.79488263681554,0.335609756097561,0.5853658536585366,0.07902439024390244,20,0,-2.2863840116087695,80,15,0.35
validation_minus_rmse,validation error,-2.29 dB,80,519,P0,2586,1099,0.42498066511987626,1487,1487,2392.0003885103724,77.63684314885388,1.3586081435212114,476.92431183883133,0,1,0,20,0,-2.2863840116087695,80,15,0.35
validation_minus_rmse,validation error,-2.29 dB,80,519,P1,2586,1068,0.41299303944315546,1518,1518,2455.538357828439,77.03019052130699,1.1814801978264033,86.48943952195913,0.7921348314606742,0,0.20786516853932585,20,0,-2.2863840116087695,80,15,0.35
validation_minus_rmse,validation error,-2.29 dB,80,519,P2,2586,1098,0.4245939675174014,1488,1488,2399.447310572622,76.20298436426165,0.9765717982593941,368.47871424401086,0.2185792349726776,0.7213114754098361,0.060109289617486336,20,0,-2.2863840116087695,80,15,0.35
validation_minus_rmse,validation error,-2.29 dB,80,519,P3-U,2586,1048,0.4052590873936582,1538,1538,2520.1312344386847,76.20298371692024,0.9999932800111456,290.65677221145444,0.3549618320610687,0.5562977099236641,0.08874045801526717,20,0,-2.2863840116087695,80,15,0.35
validation_minus_rmse,validation error,-2.29 dB,80,519,P3-D,2586,1024,0.39597834493426143,1562,1562,2555.5389910797094,76.20298371692024,0.9999385030045961,294.71390372562803,0.3232421875,0.5859375,0.0908203125,20,0,-2.2863840116087695,80,15,0.35
validation_minus_rmse,validation error,-2.29 dB,80,520,P0,2641,1104,0.41802347595607725,1537,1537,2690.473785027957,77.63684337101164,1.358608677406373,479.09405693305007,0,1,0,20,0,-2.2863840116087695,80,15,0.35
validation_minus_rmse,validation error,-2.29 dB,80,520,P1,2641,1069,0.40477092010602045,1572,1572,2777.957931641936,76.92032736613838,1.151969132461718,86.57051137426303,0.794200187090739,0,0.205799812909261,20,0,-2.2863840116087695,80,15,0.35
validation_minus_rmse,validation error,-2.29 dB,80,520,P2,2641,1104,0.41802347595607725,1537,1537,2690.9250837837926,76.20298424740211,0.9765717719818976,368.96455656553826,0.22916666666666666,0.717391304347826,0.05344202898550725,20,0,-2.2863840116087695,80,15,0.35
validation_minus_rmse,validation error,-2.29 dB,80,520,P3-U,2641,1067,0.4040136312003029,1574,1574,2719.178886191827,76.20298183332527,0.9998804460583826,292.1954628753074,0.358950328022493,0.5463917525773195,0.09465791940018745,20,0,-2.2863840116087695,80,15,0.35
validation_minus_rmse,validation error,-2.29 dB,80,520,P3-D,2641,1025,0.38811056418023476,1616,1616,2865.898488625219,76.20298183332527,0.9999762371738974,294.79488263681554,0.3326829268292683,0.5853658536585366,0.08195121951219513,20,0,-2.2863840116087695,80,15,0.35
validation_minus_rmse,validation error,-2.29 dB,80,521,P0,2703,1104,0.40843507214206437,1599,1599,2606.600600788933,77.6368422602228,1.358606007980564,479.09410569241606,0,1,0,20,0,-2.2863840116087695,80,15,0.35
validation_minus_rmse,validation error,-2.29 dB,80,521,P1,2703,1068,0.3951165371809101,1635,1635,2680.9526881153333,76.92040770601945,1.151988430686465,86.48946002071985,0.7893258426966292,0,0.21067415730337077,20,0,-2.2863840116087695,80,15,0.35
validation_minus_rmse,validation error,-2.29 dB,80,521,P2,2703,1104,0.40843507214206437,1599,1599,2607.0653655235124,76.20298467332486,0.976571867756579,368.96450425722674,0.2210144927536232,0.717391304347826,0.06159420289855073,20,0,-2.2863840116087695,80,15,0.35
validation_minus_rmse,validation error,-2.29 dB,80,521,P3-U,2703,1067,0.3947465778764336,1636,1636,2635.6116273270914,76.20298371692024,0.999880127112134,292.1954789460711,0.3570759137769447,0.5463917525773195,0.09653233364573571,20,0,-2.2863840116087695,80,15,0.35
validation_minus_rmse,validation error,-2.29 dB,80,521,P3-D,2703,1025,0.37920828708842025,1678,1678,2782.072163268843,76.20298371692024,0.9999767460817156,294.79501002463707,0.3375609756097561,0.5853658536585366,0.07707317073170732,20,0,-2.2863840116087695,80,15,0.35
validation_minus_rmse,validation error,-2.29 dB,80,522,P0,2712,1104,0.40707964601769914,1608,1608,2734.0949399763767,77.63684248238059,1.3586065418657254,479.0940569330501,0,1,0,20,0,-2.2863840116087695,80,15,0.35
validation_minus_rmse,validation error,-2.29 dB,80,522,P1,2712,1068,0.3938053097345133,1644,1644,2812.350390234078,77.13734614949078,1.2109982036940676,86.48953176638241,0.7902621722846442,0,0.20973782771535582,20,0,-2.2863840116087695,80,15,0.35
validation_minus_rmse,validation error,-2.29 dB,80,522,P2,2712,1103,0.40671091445427726,1609,1609,2741.478516372662,76.20298343707185,0.9765715897678403,368.88345751403875,0.22121486854034453,0.7180417044424298,0.06074342701722575,20,0,-2.2863840116087695,80,15,0.35
validation_minus_rmse,validation error,-2.29 dB,80,522,P3-U,2712,1067,0.39343657817109146,1645,1645,2767.2343453863273,76.20298276051541,0.9999269635478548,292.19541287217345,0.3561387066541706,0.5463917525773195,0.09746954076850985,20,0,-2.2863840116087695,80,15,0.35
validation_minus_rmse,validation error,-2.29 dB,80,522,P3-D,2712,1025,0.3779498525073746,1687,1687,2907.4548529893964,76.20298276051541,0.9999826876327169,294.7947529438164,0.3121951219512195,0.5853658536585366,0.1024390243902439,20,0,-2.2863840116087695,80,15,0.35
validation_minus_rmse,validation error,-2.29 dB,80,523,P0,2661,1103,0.41450582487786547,1558,1558,2640.0797963722075,77.63684292669613,1.3586076096360495,478.66008028389894,0,1,0,20,0,-2.2863840116087695,80,15,0.35
validation_minus_rmse,validation error,-2.29 dB,80,523,P1,2661,1066,0.4006012777151447,1595,1595,2727.0725899011063,76.92032684212417,1.1519680646920292,86.32758280000148,0.8048780487804879,0,0.1951219512195122,20,0,-2.2863840116087695,80,15,0.35
validation_minus_rmse,validation error,-2.29 dB,80,523,P2,2661,1103,0.41450582487786547,1558,1558,2640.5277559101555,76.20298492395831,0.9765719241150154,368.88352801593334,0.22484134179510426,0.7180417044424298,0.057116953762466005,20,0,-2.2863840116087695,80,15,0.35
validation_minus_rmse,validation error,-2.29 dB,80,523,P3-U,2661,1067,0.4009770762871101,1594,1594,2667.3624104840897,76.20298186254017,0.9999279560555936,292.1954874373486,0.3673851921274602,0.5463917525773195,0.08622305529522024,20,0,-2.2863840116087695,80,15,0.35
validation_minus_rmse,validation error,-2.29 dB,80,523,P3-D,2661,1025,0.3851935362645622,1636,1636,2809.994225051037,76.20298186254017,0.9999825926990361,294.7947398749234,0.3258536585365854,0.5853658536585366,0.08878048780487804,20,0,-2.2863840116087695,80,15,0.35
validation_minus_rmse,validation error,-2.29 dB,80,524,P0,2669,1103,0.41326339452978644,1566,1566,2789.71541763072,77.63684248238059,1.3586065418657258,478.6600802838989,0,1,0,20,0,-2.2863840116087695,80,15,0.35
validation_minus_rmse,validation error,-2.29 dB,80,524,P1,2669,1067,0.39977519670288497,1602,1602,2865.528491101116,76.9204074440172,1.1519878968016204,86.40854703381157,0.7928772258669166,0,0.20712277413308341,20,0,-2.2863840116087695,80,15,0.35
validation_minus_rmse,validation error,-2.29 dB,80,524,P2,2669,1103,0.41326339452978644,1566,1566,2790.176886281655,76.20298402598351,0.9765717221928353,368.88346370013875,0.2230281051677244,0.7180417044424298,0.05893019038984588,20,0,-2.2863840116087695,80,15,0.35
validation_minus_rmse,validation error,-2.29 dB,80,524,P3-U,2669,1067,0.39977519670288497,1602,1602,2816.7993768061965,76.20298152426184,0.9999267196601862,292.19549962719,0.3561387066541706,0.5463917525773195,0.09746954076850985,20,0,-2.2863840116087695,80,15,0.35
validation_minus_rmse,validation error,-2.29 dB,80,524,P3-D,2669,1025,0.3840389659048333,1644,1644,2957.3926879184332,76.20298152426184,0.9999830473881194,294.7948264475818,0.3229268292682927,0.5853658536585366,0.09170731707317073,20,0,-2.2863840116087695,80,15,0.35
validation_minus_rmse,validation error,-2.29 dB,80,525,P0,2621,1103,0.4208317436093094,1518,1518,2710.1496844453163,77.63684314885388,1.3586081435212114,478.66014935966734,0,1,0,20,0,-2.2863840116087695,80,15,0.35
validation_minus_rmse,validation error,-2.29 dB,80,525,P1,2621,1070,0.4082411293399466,1551,1551,2790.831123700469,76.92032710413127,1.1519685985768735,86.65141923648112,0.7925233644859813,0,0.20747663551401868,20,0,-2.2863840116087695,80,15,0.35
validation_minus_rmse,validation error,-2.29 dB,80,525,P2,2621,1103,0.4208317436093094,1518,1518,2710.5865066076813,76.20298433504675,0.9765717916900198,368.88351439996575,0.21940163191296463,0.7180417044424298,0.06255666364460562,20,0,-2.2863840116087695,80,15,0.35
validation_minus_rmse,validation error,-2.29 dB,80,525,P3-U,2621,1067,0.4070965280427318,1554,1554,2738.820855752753,76.20298028800792,0.9999271222676412,292.1955013852929,0.3542642924086223,0.5463917525773195,0.09934395501405811,20,0,-2.2863840116087695,80,15,0.35
validation_minus_rmse,validation error,-2.29 dB,80,525,P3-D,2621,1025,0.39107210988172453,1596,1596,2882.442541076859,76.20298028800792,0.9999825206148214,294.7947190114462,0.31414634146341464,0.5853658536585366,0.10048780487804879,20,0,-2.2863840116087695,80,15,0.35
validation_minus_rmse,validation error,-2.29 dB,80,526,P0,2671,1104,0.4133283414451516,1567,1567,2721.178737040106,77.63684248238059,1.3586065418657256,479.0941585150624,0,1,0,20,0,-2.2863840116087695,80,15,0.35
validation_minus_rmse,validation error,-2.29 dB,80,526,P1,2671,1070,0.4005990265818046,1601,1601,2797.617832171169,76.80769248423148,1.122472026473334,86.65136286488911,0.7869158878504673,0,0.2130841121495327,20,0,-2.2863840116087695,80,15,0.35
validation_minus_rmse,validation error,-2.29 dB,80,526,P2,2671,1103,0.4129539498315238,1568,1568,2728.5356082677495,76.20298371692024,0.9765716526956505,368.8834069638301,0.2112420670897552,0.7180417044424298,0.07071622846781506,20,0,-2.2863840116087695,80,15,0.35
validation_minus_rmse,validation error,-2.29 dB,80,526,P3-U,2671,1067,0.399475851740921,1604,1604,2756.9651950759435,76.20298112755368,0.9999271018343573,292.195508268086,0.3598875351452671,0.5463917525773195,0.09372071227741331,20,0,-2.2863840116087695,80,15,0.35
validation_minus_rmse,validation error,-2.29 dB,80,526,P3-D,2671,1025,0.3837514039685511,1646,1646,2899.946403951777,76.20298112755368,0.9999828933755561,294.79490152709184,0.3278048780487805,0.5853658536585366,0.08682926829268292,20,0,-2.2863840116087695,80,15,0.35
validation_minus_rmse,validation error,-2.29 dB,80,527,P0,2693,1102,0.409209060527293,1591,1591,2686.7372220583393,77.63684270453837,1.3586070757508877,478.2261239511503,0,1,0,20,0,-2.2863840116087695,80,15,0.35
validation_minus_rmse,validation error,-2.29 dB,80,527,P1,2693,1066,0.39584106943928704,1627,1627,2753.5884872301926,76.92032710413127,1.1519685985768735,86.32755205186038,0.7908067542213884,0,0.20919324577861162,20,0,-2.2863840116087695,80,15,0.35
validation_minus_rmse,validation error,-2.29 dB,80,527,P2,2693,1102,0.409209060527293,1591,1591,2687.15487716761,76.20298470253974,0.976571874325953,368.80253815867246,0.2250453720508167,0.7186932849364791,0.056261343012704176,20,0,-2.2863840116087695,80,15,0.35
validation_minus_rmse,validation error,-2.29 dB,80,527,P3-U,2693,1067,0.396212402525065,1626,1626,2716.3641572410593,76.20298470253974,0.9999634379267979,292.1953883101323,0.36457357075913777,0.5463917525773195,0.08903467666354264,20,0,-2.2863840116087695,80,15,0.35
validation_minus_rmse,validation error,-2.29 dB,80,527,P3-D,2693,1025,0.3806164129223914,1668,1668,2856.936267008364,76.20298470253974,0.9999768266563316,294.79484994821325,0.3248780487804878,0.5853658536585366,0.0897560975609756,20,0,-2.2863840116087695,80,15,0.35
validation_minus_rmse,validation error,-2.29 dB,80,528,P0,2647,1103,0.4166981488477522,1544,1544,2690.347436608713,77.63684337101164,1.358608677406373,478.6601737393503,0,1,0,20,0,-2.2863840116087695,80,15,0.35
validation_minus_rmse,validation error,-2.29 dB,80,528,P1,2647,1071,0.40460899131091804,1576,1576,2762.8174029232537,76.92032736613838,1.1519691324617178,86.73236809622067,0.7936507936507936,0,0.20634920634920634,20,0,-2.2863840116087695,80,15,0.35
validation_minus_rmse,validation error,-2.29 dB,80,528,P2,2647,1103,0.4166981488477522,1544,1544,2690.7326817088497,76.20298433504675,0.9765717916900202,368.8833917721179,0.22393472348141433,0.7180417044424298,0.05802357207615594,20,0,-2.2863840116087695,80,15,0.35
validation_minus_rmse,validation error,-2.29 dB,80,528,P3-U,2647,1067,0.40309784661881376,1580,1580,2721.267165739276,76.20298180411037,0.9999268617830652,292.195414447918,0.36363636363636365,0.5463917525773195,0.08997188378631678,20,0,-2.2863840116087695,80,15,0.35
validation_minus_rmse,validation error,-2.29 dB,80,528,P3-D,2647,1025,0.38723082735171893,1622,1622,2867.958652044508,76.20298180411037,0.9999826937795153,294.79486283474796,0.3229268292682927,0.5853658536585366,0.09170731707317073,20,0,-2.2863840116087695,80,15,0.35
validation_minus_rmse,validation error,-2.29 dB,80,529,P0,2705,1104,0.4081330868761553,1601,1601,2620.47653660094,77.63684226022279,1.3586060079805637,479.09405693305,0,1,0,20,0,-2.2863840116087695,80,15,0.35
validation_minus_rmse,validation error,-2.29 dB,80,529,P1,2705,1068,0.39482439926062846,1637,1637,2705.81873693551,77.44380279565574,1.299540475830481,86.48953689107259,0.7968164794007491,0,0.20318352059925093,20,0,-2.2863840116087695,80,15,0.35
validation_minus_rmse,validation error,-2.29 dB,80,529,P2,2705,1103,0.4077634011090573,1602,1602,2627.9632540984417,76.20298467332486,0.976571867756579,368.8835677696869,0.22937443336355395,0.7180417044424298,0.05258386219401632,20,0,-2.2863840116087695,80,15,0.35
validation_minus_rmse,validation error,-2.29 dB,80,529,P3-U,2705,1067,0.3944547134935305,1638,1638,2655.729551450303,76.20298121519839,0.9999281409302938,292.1954823126584,0.36644798500468606,0.5463917525773195,0.08716026241799438,20,0,-2.2863840116087695,80,15,0.35
validation_minus_rmse,validation error,-2.29 dB,80,529,P3-D,2705,1025,0.3789279112754159,1680,1680,2798.475167381679,76.20298121519839,0.999983041957799,294.79502558106594,0.34829268292682924,0.5853658536585366,0.06634146341463415,20,0,-2.2863840116087695,80,15,0.35
validation_minus_rmse,validation error,-2.29 dB,80,530,P0,2691,1103,0.409884801189149,1588,1588,2557.068108024061,77.63684181590719,1.35860494021024,478.659974638606,0,1,0,20,0,-2.2863840116087695,80,15,0.35
validation_minus_rmse,validation error,-2.29 dB,80,530,P1,2691,1064,0.39539204756596064,1627,1627,2639.453160321637,77.03019205408022,1.1814834011354707,86.16574145211443,0.818609022556391,0,0.18139097744360902,20,0,-2.2863840116087695,80,15,0.35
validation_minus_rmse,validation error,-2.29 dB,80,530,P2,2691,1103,0.409884801189149,1588,1588,2557.6024859785766,76.20298374613513,0.9765716592650248,368.8835418142594,0.22756119673617406,0.7180417044424298,0.05439709882139619,20,0,-2.2863840116087695,80,15,0.35
validation_minus_rmse,validation error,-2.29 dB,80,530,P3-U,2691,1067,0.3965068747677443,1624,1624,2586.1079785985207,76.20298084770512,0.9999279033406752,292.19555530208896,0.3711340206185567,0.5463917525773195,0.08247422680412371,20,0,-2.2863840116087695,80,15,0.35
validation_minus_rmse,validation error,-2.29 dB,80,530,P3-D,2691,1025,0.3808992939427722,1666,1666,2730.9043350574143,76.20298084770512,0.9999827735545432,294.7947913041835,0.3385365853658537,0.5853658536585366,0.07609756097560975,20,0,-2.2863840116087695,80,15,0.35
validation_plus_rmse,validation error,+2.29 dB,45,501,P0,1547,1092,0.7058823529411765,455,455,1119.6746476384355,82.20961006128252,3.8937688139805857,1358.1606119940443,0,1,0,20,0,2.2863840116087695,80,15,0.35
validation_plus_rmse,validation error,+2.29 dB,45,501,P1,1547,1062,0.6864899806076277,485,485,1199.3531207973365,81.71011367423583,3.4707227164838077,246.4868518427017,0.7862523540489642,0,0.2137476459510358,20,0,2.2863840116087695,80,15,0.35
validation_plus_rmse,validation error,+2.29 dB,45,501,P2,1547,792,0.5119586296056884,755,755,2080.23031537587,76.03935086695014,0.940461082758739,450.8947273634985,0.3333333333333333,0.3333333333333333,0.3333333333333333,20,0,2.2863840116087695,80,15,0.35
validation_plus_rmse,validation error,+2.29 dB,45,501,P3-U,1547,614,0.39689722042663217,933,933,2691.385048526409,76.73802298717666,0.9998581339728472,346.8602070734563,0.3355048859934853,0.3289902280130293,0.3355048859934853,20,0,2.2863840116087695,80,15,0.35
validation_plus_rmse,validation error,+2.29 dB,45,501,P3-D,1547,620,0.40077569489334197,927,927,2542.6411351407955,76.03934706239977,0.999897836021201,352.2991864261614,0.3338709677419355,0.33225806451612905,0.3338709677419355,20,0,2.2863840116087695,80,15,0.35
validation_plus_rmse,validation error,+2.29 dB,45,502,P0,1485,1088,0.7326599326599327,397,397,960.1162571760914,82.20960983912471,3.893767283863541,1353.1855315646667,0,1,0,20,0,2.2863840116087695,80,15,0.35
validation_plus_rmse,validation error,+2.29 dB,45,502,P1,1485,1060,0.7138047138047138,425,425,1039.0841461137486,81.60296135460834,3.386143883132011,246.02277888334893,0.8169811320754717,0,0.1830188679245283,20,0,2.2863840116087695,80,15,0.35
validation_plus_rmse,validation error,+2.29 dB,45,502,P2,1485,792,0.5333333333333333,693,693,1948.901416229329,76.03935581366451,0.9404621539662232,450.89550776366514,0.3333333333333333,0.3333333333333333,0.3333333333333333,20,0,2.2863840116087695,80,15,0.35
validation_plus_rmse,validation error,+2.29 dB,45,502,P3-U,1485,614,0.4134680134680135,871,871,2580.3986363833133,76.73801906054682,0.9998563045264867,346.85966953951373,0.3355048859934853,0.3289902280130293,0.3355048859934853,20,0,2.2863840116087695,80,15,0.35
validation_plus_rmse,validation error,+2.29 dB,45,502,P3-D,1485,622,0.41885521885521887,863,863,2445.9062429444994,76.03934806913296,0.9998990204433672,352.76416936213667,0.33440514469453375,0.3311897106109325,0.33440514469453375,20,0,2.2863840116087695,80,15,0.35
validation_plus_rmse,validation error,+2.29 dB,45,503,P0,1516,1097,0.7236147757255936,419,419,1070.7535533209925,82.20961072775589,3.8937734043317214,1364.3796808816119,0,1,0,20,0,2.2863840116087695,80,15,0.35
validation_plus_rmse,validation error,+2.29 dB,45,503,P1,1516,1067,0.7038258575197889,449,449,1158.9192538044313,81.81476258178257,3.5553706296714336,247.64685064879725,0.8134957825679475,0,0.18650421743205248,20,0,2.2863840116087695,80,15,0.35
validation_plus_rmse,validation error,+2.29 dB,45,503,P2,1516,792,0.5224274406332454,724,724,2075.6331946692007,76.03935606446173,0.9404622082762167,450.89521788744645,0.3333333333333333,0.3333333333333333,0.3333333333333333,20,0,2.2863840116087695,80,15,0.35
validation_plus_rmse,validation error,+2.29 dB,45,503,P3-U,1516,614,0.4050131926121372,902,902,2667.985269280596,76.73802400894293,0.9998580426942228,346.859821668243,0.3355048859934853,0.3289902280130293,0.3355048859934853,20,0,2.2863840116087695,80,15,0.35
validation_plus_rmse,validation error,+2.29 dB,45,503,P3-D,1516,621,0.4096306068601583,895,895,2529.4551654010043,76.03934789524297,0.9998993617585724,352.5314992326707,0.3333333333333333,0.33172302737520126,0.33494363929146537,20,0,2.2863840116087695,80,15,0.35
validation_plus_rmse,validation error,+2.29 dB,45,504,P0,1522,1096,0.7201051248357424,426,426,1057.750479511096,82.20961006128252,3.8937688139805857,1363.1355293881238,0,1,0,20,0,2.2863840116087695,80,15,0.35
validation_plus_rmse,validation error,+2.29 dB,45,504,P1,1522,1065,0.6997371879106439,457,457,1151.0884008367207,81.49309512734881,3.3015466883865843,247.18310081186848,0.8131455399061033,0,0.18685446009389672,20,0,2.2863840116087695,80,15,0.35
validation_plus_rmse,validation error,+2.29 dB,45,504,P2,1522,792,0.5203679369250985,730,730,2039.5675291909251,76.03935942239613,0.9404629354352665,450.8958726450431,0.3333333333333333,0.3333333333333333,0.3333333333333333,20,0,2.2863840116087695,80,15,0.35
validation_plus_rmse,validation error,+2.29 dB,45,504,P3-U,1522,614,0.40341655716162944,908,908,2629.9171602301744,76.73801904795087,0.9998617748556117,346.8600186568435,0.3355048859934853,0.3289902280130293,0.3355048859934853,20,0,2.2863840116087695,80,15,0.35
validation_plus_rmse,validation error,+2.29 dB,45,504,P3-D,1522,621,0.4080157687253614,901,901,2490.4150946397526,76.03934688850974,0.999900373566785,352.5310541229458,0.3333333333333333,0.33172302737520126,0.33494363929146537,20,0,2.2863840116087695,80,15,0.35
validation_plus_rmse,validation error,+2.29 dB,45,505,P0,1562,1094,0.7003841229193342,468,468,1156.3208221889506,82.2096105055981,3.8937718742146767,1360.6485306835318,0,1,0,20,0,2.2863840116087695,80,15,0.35
validation_plus_rmse,validation error,+2.29 dB,45,505,P1,1562,1063,0.6805377720870679,499,499,1256.808489098638,81.81476185187543,3.5553660393230255,246.71845504458238,0.7968015051740357,0,0.20319849482596425,20,0,2.2863840116087695,80,15,0.35
validation_plus_rmse,validation error,+2.29 dB,45,505,P2,1562,792,0.5070422535211268,770,770,2109.140089856379,76.03935991749523,0.9404630426487798,450.8950593054664,0.3333333333333333,0.3333333333333333,0.3333333333333333,20,0,2.2863840116087695,80,15,0.35
validation_plus_rmse,validation error,+2.29 dB,45,505,P3-U,1562,614,0.39308578745198464,948,948,2700.8369960183304,76.7380224761719,0.9998589749277568,346.8601533940409,0.3355048859934853,0.3289902280130293,0.3355048859934853,20,0,2.2863840116087695,80,15,0.35
validation_plus_rmse,validation error,+2.29 dB,45,505,P3-D,1562,621,0.3975672215108835,941,941,2561.133584669494,76.03935991749523,0.9998992129910582,352.5311307552625,0.3333333333333333,0.33172302737520126,0.33494363929146537,20,0,2.2863840116087695,80,15,0.35
validation_plus_rmse,validation error,+2.29 dB,45,506,P0,1521,1096,0.7205785667324129,425,425,1069.7743432604575,82.20961072775589,3.8937734043317214,1363.1356574872866,0,1,0,20,0,2.2863840116087695,80,15,0.35
validation_plus_rmse,validation error,+2.29 dB,45,506,P1,1521,1064,0.6995397764628534,457,457,1175.1602292005894,81.71011367423583,3.4707227164838073,246.95089542728869,0.7885338345864662,0,0.21146616541353383,20,0,2.2863840116087695,80,15,0.35
validation_plus_rmse,validation error,+2.29 dB,45,506,P2,1521,792,0.5207100591715976,729,729,2052.793400588933,76.03935581366451,0.9404621539662232,450.89533523311184,0.3333333333333333,0.3333333333333333,0.3333333333333333,20,0,2.2863840116087695,80,15,0.35
validation_plus_rmse,validation error,+2.29 dB,45,506,P3-U,1521,614,0.40368178829717294,907,907,2637.8757735212816,76.73801835146537,0.9998603677573406,346.8599776366992,0.3355048859934853,0.3289902280130293,0.3355048859934853,20,0,2.2863840116087695,80,15,0.35
validation_plus_rmse,validation error,+2.29 dB,45,506,P3-D,1521,622,0.4089414858645628,899,899,2504.5404365086392,76.03935199908118,0.9998980889470355,352.76301415332273,0.33440514469453375,0.3311897106109325,0.33440514469453375,20,0,2.2863840116087695,80,15,0.35
validation_plus_rmse,validation error,+2.29 dB,45,507,P0,1491,1068,0.716297786720322,423,423,930.4500397906297,82.20961028344034,3.893770344097631,1328.311084338809,0,1,0,20,0,2.2863840116087695,80,15,0.35
validation_plus_rmse,validation error,+2.29 dB,45,507,P1,1491,1046,0.7015425888665325,445,445,975.6811783760113,81.6030378993928,3.386188481109667,242.77306380248126,0.7925430210325047,0,0.2074569789674952,20,0,2.2863840116087695,80,15,0.35
validation_plus_rmse,validation error,+2.29 dB,45,507,P2,1491,792,0.5311871227364185,699,699,1743.5645075854732,76.03935514467524,0.9404620090970026,450.89529866628567,0.3333333333333333,0.3333333333333333,0.3333333333333333,20,0,2.2863840116087695,80,15,0.35
validation_plus_rmse,validation error,+2.29 dB,45,507,P3-U,1491,614,0.4118041582830315,877,877,2394.7931291554687,76.73802498265918,0.9998606506606195,346.86009873179273,0.3355048859934853,0.3289902280130293,0.3355048859934853,20,0,2.2863840116087695,80,15,0.35
validation_plus_rmse,validation error,+2.29 dB,45,507,P3-D,1491,620,0.41582830315224684,871,871,2242.342432553101,76.03934596872132,0.9998983509363826,352.2991241119857,0.3338709677419355,0.33225806451612905,0.3338709677419355,20,0,2.2863840116087695,80,15,0.35
validation_plus_rmse,validation error,+2.29 dB,45,508,P0,1526,1097,0.718872870249017,429,429,1037.06705188035,82.2096105055981,3.8937718742146763,1364.3794479740432,0,1,0,20,0,2.2863840116087695,80,15,0.35
validation_plus_rmse,validation error,+2.29 dB,45,508,P1,1526,1062,0.6959370904325033,464,464,1161.5401545508353,81.81468724612802,3.5553107305324194,246.48663153195804,0.7947269303201506,0,0.20527306967984935,20,0,2.2863840116087695,80,15,0.35
validation_plus_rmse,validation error,+2.29 dB,45,508,P2,1526,792,0.5190039318479686,734,734,2045.8458839833527,76.03935891076479,0.9404628246417122,450.89521730203444,0.3333333333333333,0.3333333333333333,0.3333333333333333,20,0,2.2863840116087695,80,15,0.35
validation_plus_rmse,validation error,+2.29 dB,45,508,P3-U,1526,614,0.40235910878112713,912,912,2641.4146365179804,76.73801989731503,0.9998647354350504,346.860455100422,0.3355048859934853,0.3289902280130293,0.3355048859934853,20,0,2.2863840116087695,80,15,0.35
validation_plus_rmse,validation error,+2.29 dB,45,508,P3-D,1526,622,0.4076015727391874,904,904,2508.247051129149,76.03935555282999,0.9998999874580581,352.7635831247363,0.33440514469453375,0.3311897106109325,0.33440514469453375,20,0,2.2863840116087695,80,15,0.35
validation_plus_rmse,validation error,+2.29 dB,45,509,P0,1549,1079,0.6965784377017431,470,470,1024.5505069490932,82.20961072775589,3.8937734043317214,1341.992302232617,0,1,0,20,0,2.2863840116087695,80,15,0.35
validation_plus_rmse,validation error,+2.29 dB,45,509,P1,1549,1055,0.6810845706907682,494,494,1076.392447139444,81.60303841030795,3.386191541341939,244.86182539736447,0.7962085308056872,0,0.2037914691943128,20,0,2.2863840116087695,80,15,0.35
validation_plus_rmse,validation error,+2.29 dB,45,509,P2,1549,792,0.5112976113621691,757,757,1870.5258428655616,76.0393556782286,0.940462124637659,450.89519465592866,0.3333333333333333,0.3333333333333333,0.3333333333333333,20,0,2.2863840116087695,80,15,0.35
validation_plus_rmse,validation error,+2.29 dB,45,509,P3-U,1549,614,0.39638476436410586,935,935,2480.4243476825404,76.73802070711056,0.9998605959412229,346.85989071107855,0.3355048859934853,0.3289902280130293,0.3355048859934853,20,0,2.2863840116087695,80,15,0.35
validation_plus_rmse,validation error,+2.29 dB,45,509,P3-D,1549,620,0.4002582311168496,929,929,2331.15721867864,76.03935178673753,0.9998987779116392,352.29941183840737,0.3338709677419355,0.33225806451612905,0.3338709677419355,20,0,2.2863840116087695,80,15,0.35
validation_plus_rmse,validation error,+2.29 dB,45,510,P0,1539,1080,0.7017543859649122,459,459,1000.9821949079724,82.20961006128252,3.8937688139805857,1343.235591968101,0,1,0,20,0,2.2863840116087695,80,15,0.35
validation_plus_rmse,validation error,+2.29 dB,45,510,P1,1539,1053,0.6842105263157895,486,486,1064.2554830418296,81.71011367423583,3.4707227164838073,244.3981343099672,0.8176638176638177,0,0.18233618233618235,20,0,2.2863840116087695,80,15,0.35
validation_plus_rmse,validation error,+2.29 dB,45,510,P2,1539,792,0.5146198830409356,747,747,1892.0355369280605,76.03935694579425,0.9404623991282876,450.8955222384112,0.3333333333333333,0.3333333333333333,0.3333333333333333,20,0,2.2863840116087695,80,15,0.35
validation_plus_rmse,validation error,+2.29 dB,45,510,P3-U,1539,614,0.39896036387264455,925,925,2509.1377683470932,76.7380233195659,0.9998583319722566,346.8601776986905,0.3355048859934853,0.3289902280130293,0.3355048859934853,20,0,2.2863840116087695,80,15,0.35
validation_plus_rmse,validation error,+2.29 dB,45,510,P3-D,1539,621,0.40350877192982454,918,918,2369.3714799660106,76.03935078000521,0.9998992111690131,352.5310570115525,0.3333333333333333,0.33172302737520126,0.33494363929146537,20,0,2.2863840116087695,80,15,0.35
validation_plus_rmse,validation error,+2.29 dB,45,511,P0,1565,1100,0.7028753993610224,465,465,1167.845414976473,82.20961028344034,3.893770344097631,1368.1106447536367,0,1,0,20,0,2.2863840116087695,80,15,0.35
validation_plus_rmse,validation error,+2.29 dB,45,511,P1,1565,1064,0.6798722044728435,501,501,1284.6825450737917,81.60296007729775,3.3861362325513316,246.95083667775702,0.8139097744360902,0,0.18609022556390978,20,0,2.2863840116087695,80,15,0.35
validation_plus_rmse,validation error,+2.29 dB,45,511,P2,1565,792,0.5060702875399361,773,773,2169.5042716487105,76.03935523162009,0.9404620279248563,450.89549498238244,0.3333333333333333,0.3333333333333333,0.3333333333333333,20,0,2.2863840116087695,80,15,0.35
validation_plus_rmse,validation error,+2.29 dB,45,511,P3-U,1565,614,0.39233226837060703,951,951,2772.5925229784984,76.73801643996481,0.9998607381724767,346.8599119144847,0.3355048859934853,0.3289902280130293,0.3355048859934853,20,0,2.2863840116087695,80,15,0.35
validation_plus_rmse,validation error,+2.29 dB,45,511,P3-D,1565,620,0.3961661341853035,945,945,2622.8506197431334,76.03935007256135,0.9998990785397148,352.2990279383401,0.3338709677419355,0.33225806451612905,0.3338709677419355,20,0,2.2863840116087695,80,15,0.35
validation_plus_rmse,validation error,+2.29 dB,45,512,P0,1528,1093,0.7153141361256544,435,435,1069.4496467080182,82.2096105055981,3.8937718742146763,1359.404239445503,0,1,0,20,0,2.2863840116087695,80,15,0.35
validation_plus_rmse,validation error,+2.29 dB,45,512,P1,1528,1059,0.6930628272251309,469,469,1188.0592714383467,81.81468700282144,3.555309200416283,245.79072037259817,0.8234183191690274,0,0.17658168083097261,20,0,2.2863840116087695,80,15,0.35
validation_plus_rmse,validation error,+2.29 dB,45,512,P2,1528,792,0.518324607329843,736,736,2042.5146568207813,76.03935681035838,0.9404623697997233,450.8956085440264,0.3333333333333333,0.3333333333333333,0.3333333333333333,20,0,2.2863840116087695,80,15,0.35
validation_plus_rmse,validation error,+2.29 dB,45,512,P3-U,1528,614,0.4018324607329843,914,914,2637.3520826344043,76.73801564809368,0.999861998706234,346.8601612899913,0.3355048859934853,0.3289902280130293,0.3355048859934853,20,0,2.2863840116087695,80,15,0.35
validation_plus_rmse,validation error,+2.29 dB,45,512,P3-D,1528,621,0.406413612565445,907,907,2497.241395097533,76.0393566849598,0.9998990212448612,352.5311416932175,0.3333333333333333,0.33172302737520126,0.33494363929146537,20,0,2.2863840116087695,80,15,0.35
validation_plus_rmse,validation error,+2.29 dB,45,513,P0,1472,1065,0.7235054347826086,407,407,1027.25676063006,82.20961028344034,3.893770344097631,1324.5797711054308,0,1,0,20,0,2.2863840116087695,80,15,0.35
validation_plus_rmse,validation error,+2.29 dB,45,513,P1,1472,1038,0.7051630434782609,434,434,1078.2234914385717,81.71019034743023,3.47077955539055,240.9164047804976,0.7861271676300579,0,0.2138728323699422,20,0,2.2863840116087695,80,15,0.35
validation_plus_rmse,validation error,+2.29 dB,45,513,P2,1472,792,0.5380434782608695,680,680,1776.2197485463062,76.03935405099882,0.9404617722620815,450.8950525454203,0.3333333333333333,0.3333333333333333,0.3333333333333333,20,0,2.2863840116087695,80,15,0.35
validation_plus_rmse,validation error,+2.29 dB,45,513,P3-U,1472,614,0.4171195652173913,858,858,2373.0327702688655,76.73801816364895,0.9998577791073976,346.85963368011096,0.3355048859934853,0.3289902280130293,0.3355048859934853,20,0,2.2863840116087695,80,15,0.35
validation_plus_rmse,validation error,+2.29 dB,45,513,P3-D,1472,620,0.421195652173913,852,852,2224.117979449453,76.03935178673753,0.9999004632272345,352.2992907119276,0.3338709677419355,0.33225806451612905,0.3338709677419355,20,0,2.2863840116087695,80,15,0.35
validation_plus_rmse,validation error,+2.29 dB,45,514,P0,1510,1085,0.7185430463576159,425,425,1014.7722176125548,82.20961072775589,3.8937734043317214,1349.4546026287765,0,1,0,20,0,2.2863840116087695,80,15,0.35
validation_plus_rmse,validation error,+2.29 dB,45,514,P1,1510,1053,0.6973509933774834,457,457,1106.0003205534229,81.81468846266077,3.5553183811130986,244.39782587492627,0.8157644824311491,0,0.1842355175688509,20,0,2.2863840116087695,80,15,0.35
validation_plus_rmse,validation error,+2.29 dB,45,514,P2,1510,792,0.5245033112582781,718,718,1948.5360977665723,76.0393548453869,0.9404619442862986,450.8954675729559,0.3333333333333333,0.3333333333333333,0.3333333333333333,20,0,2.2863840116087695,80,15,0.35
validation_plus_rmse,validation error,+2.29 dB,45,514,P3-U,1510,614,0.4066225165562914,896,896,2558.5313637914646,76.73802053864277,0.9998583781450967,346.8603503234023,0.3355048859934853,0.3289902280130293,0.3355048859934853,20,0,2.2863840116087695,80,15,0.35
validation_plus_rmse,validation error,+2.29 dB,45,514,P3-D,1510,620,0.4105960264900662,890,890,2409.708927217003,76.03935069306027,0.9998985257974137,352.29950279207253,0.3338709677419355,0.33225806451612905,0.3338709677419355,20,0,2.2863840116087695,80,15,0.35
validation_plus_rmse,validation error,+2.29 dB,45,515,P0,1546,1095,0.7082794307891332,451,451,1094.893728183131,82.20961072775589,3.8937734043317214,1361.891785482881,0,1,0,20,0,2.2863840116087695,80,15,0.35
validation_plus_rmse,validation error,+2.29 dB,45,515,P1,1546,1061,0.6862871927554981,485,485,1200.1505282416706,81.81476087866571,3.5553599188584815,246.25471989503635,0.8162111215834119,0,0.18378887841658811,20,0,2.2863840116087695,80,15,0.35
validation_plus_rmse,validation error,+2.29 dB,45,515,P2,1546,792,0.5122897800776197,754,754,2043.699144947078,76.0393548453869,0.9404619442862986,450.8954304207176,0.3333333333333333,0.3333333333333333,0.3333333333333333,20,0,2.2863840116087695,80,15,0.35
validation_plus_rmse,validation error,+2.29 dB,45,515,P3-U,1546,614,0.39715394566623546,932,932,2619.180784289384,76.73802324703878,0.9998624508699526,346.8602658543743,0.3355048859934853,0.3289902280130293,0.3355048859934853,20,0,2.2863840116087695,80,15,0.35
validation_plus_rmse,validation error,+2.29 dB,45,515,P3-D,1546,620,0.40103492884864167,926,926,2470.2652181476014,76.03935305430431,0.9998995838125369,352.29930831930346,0.3338709677419355,0.33225806451612905,0.3338709677419355,20,0,2.2863840116087695,80,15,0.35
validation_plus_rmse,validation error,+2.29 dB,45,516,P0,1558,1081,0.6938382541720154,477,477,1147.4661504178378,82.20960983912471,3.89376728386354,1344.4793824548576,0,1,0,20,0,2.2863840116087695,80,15,0.35
validation_plus_rmse,validation error,+2.29 dB,45,516,P1,1558,1056,0.6777920410783055,502,502,1183.0503372815924,81.38046077634017,3.217010922896307,245.09441265389984,0.803030303030303,0,0.19696969696969696,20,0,2.2863840116087695,80,15,0.35
validation_plus_rmse,validation error,+2.29 dB,45,516,P2,1558,792,0.5083440308087291,766,766,1995.9533650698213,76.03935698424802,0.9404624074554305,450.89542455608614,0.3333333333333333,0.3333333333333333,0.3333333333333333,20,0,2.2863840116087695,80,15,0.35
validation_plus_rmse,validation error,+2.29 dB,45,516,P3-U,1558,614,0.3940949935815148,944,944,2566.2995187685215,76.73801631740884,0.9998586957358168,346.8598485828829,0.3355048859934853,0.3289902280130293,0.3355048859934853,20,0,2.2863840116087695,80,15,0.35
validation_plus_rmse,validation error,+2.29 dB,45,516,P3-D,1558,620,0.3979460847240051,938,938,2417.8406233483465,76.03935279346962,0.9998982155000429,352.29899724288606,0.3338709677419355,0.33225806451612905,0.3338709677419355,20,0,2.2863840116087695,80,15,0.35
validation_plus_rmse,validation error,+2.29 dB,45,517,P0,1579,1055,0.6681443951868271,524,524,1195.066850630726,82.20961028344034,3.893770344097631,1312.1422854714874,0,1,0,20,0,2.2863840116087695,80,15,0.35
validation_plus_rmse,validation error,+2.29 dB,45,517,P1,1579,1028,0.6510449651678277,551,551,1259.0278291300451,81.6029595663734,3.38613317231906,238.5955846748637,0.8025291828793775,0,0.19747081712062256,20,0,2.2863840116087695,80,15,0.35
validation_plus_rmse,validation error,+2.29 dB,45,517,P2,1579,792,0.5015832805573147,787,787,1836.5298915953524,76.03935505773039,0.9404619902691491,450.89510813093597,0.3333333333333333,0.3333333333333333,0.3333333333333333,20,0,2.2863840116087695,80,15,0.35
validation_plus_rmse,validation error,+2.29 dB,45,517,P3-U,1579,614,0.3888537048765041,965,965,2390.1774576919083,76.738025038957,0.9998574210535659,346.85986010624976,0.3355048859934853,0.3289902280130293,0.3355048859934853,20,0,2.2863840116087695,80,15,0.35
validation_plus_rmse,validation error,+2.29 dB,45,517,P3-D,1579,622,0.39392020265991134,957,957,2258.654348098651,76.03934802064182,0.9998980276885638,352.76322371410265,0.33440514469453375,0.3311897106109325,0.33440514469453375,20,0,2.2863840116087695,80,15,0.35
validation_plus_rmse,validation error,+2.29 dB,45,518,P0,1445,1038,0.7183391003460208,407,407,1072.661153161595,82.2096105055981,3.8937718742146763,1290.9989069260607,0,1,0,20,0,2.2863840116087695,80,15,0.35
validation_plus_rmse,validation error,+2.29 dB,45,518,P1,1445,1014,0.7017301038062284,431,431,1114.9609317087095,81.4930953893559,3.30154821850272,235.3460899047397,0.7948717948717948,0,0.20512820512820512,20,0,2.2863840116087695,80,15,0.35
validation_plus_rmse,validation error,+2.29 dB,45,518,P2,1445,792,0.5480968858131487,653,653,1671.9088274150395,76.03935698424802,0.9404624074554305,450.89553513849813,0.3333333333333333,0.3333333333333333,0.3333333333333333,20,0,2.2863840116087695,80,15,0.35
validation_plus_rmse,validation error,+2.29 dB,45,518,P3-U,1445,614,0.4249134948096886,831,831,2263.896510450733,76.73801809757245,0.9998592480375533,346.8598136781338,0.3355048859934853,0.3289902280130293,0.3355048859934853,20,0,2.2863840116087695,80,15,0.35
validation_plus_rmse,validation error,+2.29 dB,45,518,P3-D,1445,621,0.429757785467128,824,824,2124.658255329732,76.03934575637739,0.9998984277651425,352.53099429674893,0.3333333333333333,0.33172302737520126,0.33494363929146537,20,0,2.2863840116087695,80,15,0.35
validation_plus_rmse,validation error,+2.29 dB,45,519,P0,1456,1073,0.7369505494505495,383,383,899.9279586100387,82.20961028344034,3.893770344097631,1334.5298970280512,0,1,0,20,0,2.2863840116087695,80,15,0.35
validation_plus_rmse,validation error,+2.29 dB,45,519,P1,1456,1052,0.7225274725274725,404,404,937.2843259774382,81.60303764393521,3.386186950993531,244.16547361651735,0.7918250950570342,0,0.20817490494296578,20,0,2.2863840116087695,80,15,0.35
validation_plus_rmse,validation error,+2.29 dB,45,519,P2,1456,790,0.5425824175824175,666,666,1775.2781877114755,76.03935597751689,0.9404621894483629,450.4310306836717,0.3341772151898734,0.3341772151898734,0.33164556962025316,20,0,2.2863840116087695,80,15,0.35
validation_plus_rmse,validation error,+2.29 dB,45,519,P3-U,1456,614,0.4217032967032967,842,842,2388.5247300867586,76.73802249902982,0.999859996823559,346.85996178202583,0.3355048859934853,0.3289902280130293,0.3355048859934853,20,0,2.2863840116087695,80,15,0.35
validation_plus_rmse,validation error,+2.29 dB,45,519,P3-D,1456,622,0.4271978021978022,834,834,2254.861486596014,76.03934685005589,0.9998106121314793,352.7632876243757,0.33440514469453375,0.3311897106109325,0.33440514469453375,20,0,2.2863840116087695,80,15,0.35
validation_plus_rmse,validation error,+2.29 dB,45,520,P0,1533,1094,0.7136333985649054,439,439,1052.4184659650923,82.2096105055981,3.8937718742146763,1360.6483676482337,0,1,0,20,0,2.2863840116087695,80,15,0.35
validation_plus_rmse,validation error,+2.29 dB,45,520,P1,1533,1061,0.6921069797782127,472,472,1169.0323527763624,81.49317520523246,3.3016004670610553,246.25432333569796,0.7907634307257304,0,0.20923656927426956,20,0,2.2863840116087695,80,15,0.35
validation_plus_rmse,validation error,+2.29 dB,45,520,P2,1533,792,0.5166340508806262,741,741,2029.4283237095767,76.03935488384069,0.9404619526134418,450.8948384406971,0.3333333333333333,0.3333333333333333,0.3333333333333333,20,0,2.2863840116087695,80,15,0.35
validation_plus_rmse,validation error,+2.29 dB,45,520,P3-U,1533,614,0.4005218525766471,919,919,2642.1451006553266,76.73802580982343,0.9998607025646765,346.86018015881643,0.3355048859934853,0.3289902280130293,0.3355048859934853,20,0,2.2863840116087695,80,15,0.35
validation_plus_rmse,validation error,+2.29 dB,45,520,P3-D,1533,622,0.40574037834311805,911,911,2508.3481881055145,76.03934391679985,0.9998971943986654,352.76324844755925,0.33440514469453375,0.3311897106109325,0.33440514469453375,20,0,2.2863840116087695,80,15,0.35
validation_plus_rmse,validation error,+2.29 dB,45,521,P0,1532,1067,0.6964751958224543,465,465,1092.6792152091589,82.20961006128252,3.8937688139805857,1327.0670260083484,0,1,0,20,0,2.2863840116087695,80,15,0.35
validation_plus_rmse,validation error,+2.29 dB,45,521,P1,1532,1042,0.6801566579634465,490,490,1145.4595812766054,81.71011342499958,3.4707211863676717,241.84507944498776,0.8224568138195777,0,0.17754318618042225,20,0,2.2863840116087695,80,15,0.35
validation_plus_rmse,validation error,+2.29 dB,45,521,P2,1532,792,0.5169712793733682,740,740,1843.3645845736964,76.03935811637746,0.9404626526174948,450.8953473697436,0.3333333333333333,0.3333333333333333,0.3333333333333333,20,0,2.2863840116087695,80,15,0.35
validation_plus_rmse,validation error,+2.29 dB,45,521,P3-U,1532,614,0.4007832898172324,918,918,2426.2978067383533,76.73801978819358,0.9998626918466673,346.860277377741,0.3355048859934853,0.3289902280130293,0.3355048859934853,20,0,2.2863840116087695,80,15,0.35
validation_plus_rmse,validation error,+2.29 dB,45,521,P3-D,1532,622,0.40600522193211486,910,910,2294.1656456121523,76.03935392560015,0.9998986997852332,352.7637678546936,0.33440514469453375,0.3311897106109325,0.33440514469453375,20,0,2.2863840116087695,80,15,0.35
validation_plus_rmse,validation error,+2.29 dB,45,522,P0,1510,1086,0.7192052980132451,424,424,1042.8738928530227,82.20960983912471,3.893767283863541,1350.6982417256138,0,1,0,20,0,2.2863840116087695,80,15,0.35
validation_plus_rmse,validation error,+2.29 dB,45,522,P1,1510,1053,0.6973509933774834,457,457,1147.1557301981807,81.60311648645234,3.3862453200164095,244.39782587492616,0.8005698005698005,0,0.19943019943019943,20,0,2.2863840116087695,80,15,0.35
validation_plus_rmse,validation error,+2.29 dB,45,522,P2,1510,791,0.523841059602649,719,719,1980.8825764820097,76.03935873687523,0.9404627869860047,450.66339185545723,0.33375474083438683,0.33375474083438683,0.3324905183312263,20,0,2.2863840116087695,80,15,0.35
validation_plus_rmse,validation error,+2.29 dB,45,522,P3-U,1510,614,0.4066225165562914,896,896,2560.541218605182,76.73802183251048,0.9998590194463053,346.86009581179974,0.3355048859934853,0.3289902280130293,0.3355048859934853,20,0,2.2863840116087695,80,15,0.35
validation_plus_rmse,validation error,+2.29 dB,45,522,P3-D,1510,620,0.4105960264900662,890,890,2410.8876643329286,76.03934609412022,0.999898119008209,352.2989519820605,0.3338709677419355,0.33225806451612905,0.3338709677419355,20,0,2.2863840116087695,80,15,0.35
validation_plus_rmse,validation error,+2.29 dB,45,523,P0,1559,1087,0.6972418216805645,472,472,1143.6786327512443,82.20960983912471,3.893767283863541,1351.9419856308568,0,1,0,20,0,2.2863840116087695,80,15,0.35
validation_plus_rmse,validation error,+2.29 dB,45,523,P1,1559,1060,0.6799230275817832,499,499,1214.6017455478316,81.60295905544899,3.3861301120867875,246.02254388522243,0.8075471698113208,0,0.19245283018867926,20,0,2.2863840116087695,80,15,0.35
validation_plus_rmse,validation error,+2.29 dB,45,523,P2,1559,792,0.5080179602309173,767,767,2006.9989968410866,76.03935509618418,0.9404619985962921,450.89461542580466,0.3333333333333333,0.3333333333333333,0.3333333333333333,20,0,2.2863840116087695,80,15,0.35
validation_plus_rmse,validation error,+2.29 dB,45,523,P3-U,1559,614,0.39384220654265556,945,945,2561.261965930436,76.73801998393579,0.999856963440891,346.8597817526168,0.3355048859934853,0.3289902280130293,0.3355048859934853,20,0,2.2863840116087695,80,15,0.35
validation_plus_rmse,validation error,+2.29 dB,45,523,P3-D,1559,621,0.3983322642719692,938,938,2422.33574362192,76.03934994716256,0.9999001065304376,352.5311525719334,0.3333333333333333,0.33172302737520126,0.33494363929146537,20,0,2.2863840116087695,80,15,0.35
validation_plus_rmse,validation error,+2.29 dB,45,524,P0,1531,1086,0.7093403004572175,445,445,1019.1879518996717,82.2096105055981,3.8937718742146763,1350.6984629878039,0,1,0,20,0,2.2863840116087695,80,15,0.35
validation_plus_rmse,validation error,+2.29 dB,45,524,P1,1531,1060,0.6923579359895493,471,471,1108.3647001397344,81.71019059666207,3.470781085506686,246.02227951233007,0.7943396226415095,0,0.20566037735849058,20,0,2.2863840116087695,80,15,0.35
validation_plus_rmse,validation error,+2.29 dB,45,524,P2,1531,792,0.5173089483997387,739,739,1930.2694425115938,76.0393568973032,0.9404623886275768,450.89545365223546,0.3333333333333333,0.3333333333333333,0.3333333333333333,20,0,2.2863840116087695,80,15,0.35
validation_plus_rmse,validation error,+2.29 dB,45,524,P3-U,1531,614,0.40104506858262573,917,917,2522.7532233399984,76.73801907129003,0.9998582613950443,346.8598126014686,0.3355048859934853,0.3289902280130293,0.3355048859934853,20,0,2.2863840116087695,80,15,0.35
validation_plus_rmse,validation error,+2.29 dB,45,524,P3-D,1531,622,0.40627041149575444,909,909,2389.697653073616,76.03935178673753,0.9998986153767384,352.7635348532926,0.33440514469453375,0.3311897106109325,0.33440514469453375,20,0,2.2863840116087695,80,15,0.35
validation_plus_rmse,validation error,+2.29 dB,45,525,P0,1514,1075,0.7100396301188904,439,439,1075.7425557867548,82.20961028344034,3.893770344097631,1337.0171752217252,0,1,0,20,0,2.2863840116087695,80,15,0.35
validation_plus_rmse,validation error,+2.29 dB,45,525,P1,1514,1050,0.6935270805812418,464,464,1116.7960340564475,81.60296033275989,3.386137762667468,243.70153284361072,0.8104761904761905,0,0.1895238095238095,20,0,2.2863840116087695,80,15,0.35
validation_plus_rmse,validation error,+2.29 dB,45,525,P2,1514,792,0.523117569352708,722,722,1921.275757759759,76.03935401254503,0.9404617639349385,450.89524234549384,0.3333333333333333,0.3333333333333333,0.3333333333333333,20,0,2.2863840116087695,80,15,0.35
validation_plus_rmse,validation error,+2.29 dB,45,525,P3-U,1514,614,0.40554821664464996,900,900,2519.6971577010104,76.73802011425849,0.9998590564344203,346.85965973425573,0.3355048859934853,0.3289902280130293,0.3355048859934853,20,0,2.2863840116087695,80,15,0.35
validation_plus_rmse,validation error,+2.29 dB,45,525,P3-D,1514,622,0.4108322324966975,892,892,2386.3263279124108,76.03935401254503,0.999898900309824,352.7634867630993,0.33440514469453375,0.3311897106109325,0.33440514469453375,20,0,2.2863840116087695,80,15,0.35
validation_plus_rmse,validation error,+2.29 dB,45,526,P0,1484,1072,0.7223719676549866,412,412,1030.0503248223054,82.2096105055981,3.8937718742146763,1333.2861181866729,0,1,0,20,0,2.2863840116087695,80,15,0.35
validation_plus_rmse,validation error,+2.29 dB,45,526,P1,1484,1052,0.7088948787061995,432,432,1072.0246015074313,81.4930145239647,3.3014898494798413,244.16560580296348,0.779467680608365,0,0.22053231939163498,20,0,2.2863840116087695,80,15,0.35
validation_plus_rmse,validation error,+2.29 dB,45,526,P2,1484,792,0.5336927223719676,692,692,1855.7100760908659,76.03936004289372,0.9404630698037764,450.8952337107337,0.3333333333333333,0.3333333333333333,0.3333333333333333,20,0,2.2863840116087695,80,15,0.35
validation_plus_rmse,validation error,+2.29 dB,45,526,P3-U,1484,614,0.4137466307277628,870,870,2448.829253744033,76.73802625133372,0.9998617629087153,346.86038894619304,0.3355048859934853,0.3289902280130293,0.3355048859934853,20,0,2.2863840116087695,80,15,0.35
validation_plus_rmse,validation error,+2.29 dB,45,526,P3-D,1484,620,0.41778975741239893,864,864,2300.316720641292,76.03934877657716,0.9998985431203126,352.29879899283634,0.3338709677419355,0.33225806451612905,0.3338709677419355,20,0,2.2863840116087695,80,15,0.35
validation_plus_rmse,validation error,+2.29 dB,45,527,P0,1522,1086,0.7135348226018396,436,436,982.1458379706157,82.2096105055981,3.8937718742146763,1350.6981834987216,0,1,0,20,0,2.2863840116087695,80,15,0.35
validation_plus_rmse,validation error,+2.29 dB,45,527,P1,1522,1059,0.6957950065703022,463,463,1044.2343646380652,81.603038921223,3.38619460157421,245.79047068708877,0.7884796978281398,0,0.21152030217186024,20,0,2.2863840116087695,80,15,0.35
validation_plus_rmse,validation error,+2.29 dB,45,527,P2,1522,792,0.5203679369250985,730,730,1904.069053459832,76.0393571096466,0.9404624346104272,450.8954329154371,0.3333333333333333,0.3333333333333333,0.3333333333333333,20,0,2.2863840116087695,80,15,0.35
validation_plus_rmse,validation error,+2.29 dB,45,527,P3-U,1522,614,0.40341655716162944,908,908,2518.1605627939925,76.73802314782213,0.9998551219504638,346.85977490194534,0.3355048859934853,0.3289902280130293,0.3355048859934853,20,0,2.2863840116087695,80,15,0.35
validation_plus_rmse,validation error,+2.29 dB,45,527,P3-D,1522,622,0.40867279894875164,900,900,2383.303165856971,76.03935116623876,0.9998993429492352,352.76338312198413,0.33440514469453375,0.3311897106109325,0.33440514469453375,20,0,2.2863840116087695,80,15,0.35
validation_plus_rmse,validation error,+2.29 dB,45,528,P0,1559,1084,0.6953175112251443,475,475,1126.2350179235411,82.20961072775589,3.8937734043317214,1348.210765560506,0,1,0,20,0,2.2863840116087695,80,15,0.35
validation_plus_rmse,validation error,+2.29 dB,45,528,P1,1559,1058,0.6786401539448365,501,501,1177.6820754715238,81.71011342499958,3.4707211863676712,245.55833873942348,0.8052930056710775,0,0.1947069943289225,20,0,2.2863840116087695,80,15,0.35
validation_plus_rmse,validation error,+2.29 dB,45,528,P2,1559,792,0.5080179602309173,767,767,2002.399860359293,76.03935664650604,0.9404623343175835,450.89595527074346,0.3333333333333333,0.3333333333333333,0.3333333333333333,20,0,2.2863840116087695,80,15,0.35
validation_plus_rmse,validation error,+2.29 dB,45,528,P3-U,1559,614,0.39384220654265556,945,945,2575.011474008653,76.73801757796178,0.999861610929987,346.8600790370661,0.3355048859934853,0.3289902280130293,0.3355048859934853,20,0,2.2863840116087695,80,15,0.35
validation_plus_rmse,validation error,+2.29 dB,45,528,P3-D,1559,622,0.3989737010904426,937,937,2443.1020928605158,76.03935488384069,0.9999001514774059,352.76335537790925,0.33440514469453375,0.3311897106109325,0.33440514469453375,20,0,2.2863840116087695,80,15,0.35
validation_plus_rmse,validation error,+2.29 dB,45,529,P0,1472,1080,0.7336956521739131,392,392,921.4629491198765,82.20961006128252,3.8937688139805857,1343.2356734857499,0,1,0,20,0,2.2863840116087695,80,15,0.35
validation_plus_rmse,validation error,+2.29 dB,45,529,P1,1472,1055,0.7167119565217391,417,417,970.2735911613845,81.71011516965311,3.470731897180623,244.86220726931995,0.8037914691943128,0,0.1962085308056872,20,0,2.2863840116087695,80,15,0.35
validation_plus_rmse,validation error,+2.29 dB,45,529,P2,1472,792,0.5380434782608695,680,680,1847.7116526584723,76.03935606446173,0.9404622082762167,450.89501269256664,0.3333333333333333,0.3333333333333333,0.3333333333333333,20,0,2.2863840116087695,80,15,0.35
validation_plus_rmse,validation error,+2.29 dB,45,529,P3-U,1472,614,0.4171195652173913,858,858,2476.981770239815,76.73802157647988,0.9998620920070858,346.86006444030846,0.3355048859934853,0.3289902280130293,0.3355048859934853,20,0,2.2863840116087695,80,15,0.35
validation_plus_rmse,validation error,+2.29 dB,45,529,P3-D,1472,622,0.422554347826087,850,850,2342.6335685505687,76.03935572671966,0.9998997229975549,352.76336819057815,0.33440514469453375,0.3311897106109325,0.33440514469453375,20,0,2.2863840116087695,80,15,0.35
validation_plus_rmse,validation error,+2.29 dB,45,530,P0,1545,1084,0.7016181229773463,461,461,1057.5917164017935,82.20961028344034,3.893770344097631,1348.2108004966415,0,1,0,20,0,2.2863840116087695,80,15,0.35
validation_plus_rmse,validation error,+2.29 dB,45,530,P1,1545,1054,0.6822006472491909,491,491,1141.2976204429897,81.71011467118075,3.470728836948351,244.6299431352085,0.8083491461100569,0,0.19165085388994307,20,0,2.2863840116087695,80,15,0.35
validation_plus_rmse,validation error,+2.29 dB,45,530,P2,1545,792,0.512621359223301,753,753,1949.0939219067134,76.0393561029155,0.9404622166033597,450.8949356910081,0.3333333333333333,0.3333333333333333,0.3333333333333333,20,0,2.2863840116087695,80,15,0.35
validation_plus_rmse,validation error,+2.29 dB,45,530,P3-U,1545,614,0.39741100323624595,931,931,2544.0747252899405,76.73801663804112,0.999858336211762,346.8599542553171,0.3355048859934853,0.3289902280130293,0.3355048859934853,20,0,2.2863840116087695,80,15,0.35
validation_plus_rmse,validation error,+2.29 dB,45,530,P3-D,1545,620,0.40129449838187703,925,925,2394.2229830240476,76.03935300581323,0.9998999503072182,352.2990660384914,0.3338709677419355,0.33225806451612905,0.3338709677419355,20,0,2.2863840116087695,80,15,0.35
validation_plus_rmse,validation error,+2.29 dB,80,501,P0,2681,1103,0.4114136516225289,1578,1578,2649.1338135971764,82.2096105055981,3.8937718742146763,1371.8419696323933,0,1,0,20,0,2.2863840116087695,80,15,0.35
validation_plus_rmse,validation error,+2.29 dB,80,501,P1,2681,1071,0.39947780678851175,1610,1610,2726.0044925952297,81.38037886183064,3.216958674337973,248.57533437730956,0.7843137254901961,0,0.21568627450980393,20,0,2.2863840116087695,80,15,0.35
validation_plus_rmse,validation error,+2.29 dB,80,501,P2,2681,792,0.29541215964192463,1889,1889,3334.6404881885414,76.03935677190462,0.9404623614725803,450.8949140309422,0.3333333333333333,0.3333333333333333,0.3333333333333333,20,0,2.2863840116087695,80,15,0.35
validation_plus_rmse,validation error,+2.29 dB,80,501,P3-U,2681,614,0.22901902275270422,2067,2067,3774.571639232894,76.73802576959586,0.9998599579794998,346.8599269365158,0.3355048859934853,0.3289902280130293,0.3355048859934853,20,0,2.2863840116087695,80,15,0.35
validation_plus_rmse,validation error,+2.29 dB,80,501,P3-D,2681,622,0.2320029839612085,2059,2059,3648.0780833713,76.03934784675182,0.9998993456203602,352.7634236194888,0.33440514469453375,0.3311897106109325,0.33440514469453375,20,0,2.2863840116087695,80,15,0.35
validation_plus_rmse,validation error,+2.29 dB,80,502,P0,2595,1104,0.4254335260115607,1491,1491,2730.4867447610764,82.20961139422917,3.8937779946828575,1373.0856087292302,0,1,0,20,0,2.2863840116087695,80,15,0.35
validation_plus_rmse,validation error,+2.29 dB,80,502,P1,2595,1066,0.41078998073217726,1529,1529,2819.9087926963584,81.6030378993928,3.386188481109667,247.41502713617297,0.797373358348968,0,0.2026266416510319,20,0,2.2863840116087695,80,15,0.35
validation_plus_rmse,validation error,+2.29 dB,80,502,P2,2595,792,0.30520231213872834,1803,1803,3452.2794098338923,76.03935584208101,0.9404621601197987,450.8949895552074,0.3333333333333333,0.3333333333333333,0.3333333333333333,20,0,2.2863840116087695,80,15,0.35
validation_plus_rmse,validation error,+2.29 dB,80,502,P3-U,2595,614,0.23660886319845859,1981,1981,3883.3890992203333,76.7380217332938,0.9998566826896943,346.859724201762,0.3355048859934853,0.3289902280130293,0.3355048859934853,20,0,2.2863840116087695,80,15,0.35
validation_plus_rmse,validation error,+2.29 dB,80,502,P3-D,2595,622,0.2396917148362235,1973,1973,3759.6608085818148,76.03934710085363,0.9998971863449846,352.7632991163563,0.33440514469453375,0.3311897106109325,0.33440514469453375,20,0,2.2863840116087695,80,15,0.35
validation_plus_rmse,validation error,+2.29 dB,80,503,P0,2680,1103,0.4115671641791045,1577,1577,2657.3294770376647,82.2096105055981,3.8937718742146763,1371.8415503987694,0,1,0,20,0,2.2863840116087695,80,15,0.35
validation_plus_rmse,validation error,+2.29 dB,80,503,P1,2680,1067,0.39813432835820894,1613,1613,2738.643066028319,81.49317625324143,3.3016065875255984,247.6474675188793,0.8106841611996252,0,0.1893158388003749,20,0,2.2863840116087695,80,15,0.35
validation_plus_rmse,validation error,+2.29 dB,80,503,P2,2680,792,0.2955223880597015,1888,1888,3358.043035013926,76.03935677190462,0.9404623614725803,450.89546394553935,0.3333333333333333,0.3333333333333333,0.3333333333333333,20,0,2.2863840116087695,80,15,0.35
validation_plus_rmse,validation error,+2.29 dB,80,503,P3-U,2680,614,0.2291044776119403,2066,2066,3792.208323680496,76.73802422438855,0.9998616459767349,346.8602281202574,0.3355048859934853,0.3289902280130293,0.3355048859934853,20,0,2.2863840116087695,80,15,0.35
validation_plus_rmse,validation error,+2.29 dB,80,503,P3-D,2680,621,0.23171641791044775,2059,2059,3657.52184129112,76.03935677190462,0.9998994557550899,352.53113419789514,0.3333333333333333,0.33172302737520126,0.33494363929146537,20,0,2.2863840116087695,80,15,0.35
validation_plus_rmse,validation error,+2.29 dB,80,504,P0,2672,1104,0.41317365269461076,1568,1568,2564.9470831788562,82.2096105055981,3.8937718742146763,1373.0855621477165,0,1,0,20,0,2.2863840116087695,80,15,0.35
validation_plus_rmse,validation error,+2.29 dB,80,504,P1,2672,1069,0.4000748502994012,1603,1603,2650.4277567552986,81.60296135460834,3.386143883132011,248.11133485487142,0.7885874649204865,0,0.21141253507951357,20,0,2.2863840116087695,80,15,0.35
validation_plus_rmse,validation error,+2.29 dB,80,504,P2,2672,792,0.2964071856287425,1880,1880,3259.9921248875226,76.03935677190462,0.9404623614725803,450.8955281658153,0.3333333333333333,0.3333333333333333,0.3333333333333333,20,0,2.2863840116087695,80,15,0.35
validation_plus_rmse,validation error,+2.29 dB,80,504,P3-U,2672,614,0.22979041916167664,2058,2058,3684.1832132419604,76.73801974593391,0.9998605574924382,346.85991347919594,0.3355048859934853,0.3289902280130293,0.3355048859934853,20,0,2.2863840116087695,80,15,0.35
validation_plus_rmse,validation error,+2.29 dB,80,504,P3-D,2672,621,0.23241017964071856,2051,2051,3551.07595911201,76.03935387710908,0.9999011984883323,352.53153717942416,0.3333333333333333,0.33172302737520126,0.33494363929146537,20,0,2.2863840116087695,80,15,0.35
validation_plus_rmse,validation error,+2.29 dB,80,505,P0,2723,1101,0.4043334557473375,1622,1622,2686.8253075796856,82.20961072775589,3.8937734043317214,1369.3544701765288,0,1,0,20,0,2.2863840116087695,80,15,0.35
validation_plus_rmse,validation error,+2.29 dB,80,505,P1,2723,1068,0.39221446933529197,1655,1655,2744.810642775684,81.4931759912392,3.3016050574094633,247.87920290720615,0.7808988764044944,0,0.21910112359550563,20,0,2.2863840116087695,80,15,0.35
validation_plus_rmse,validation error,+2.29 dB,80,505,P2,2723,792,0.2908556738890929,1931,1931,3363.934842147024,76.03936062493749,0.9404631958451434,450.8949945625511,0.3333333333333333,0.3333333333333333,0.3333333333333333,20,0,2.2863840116087695,80,15,0.35
validation_plus_rmse,validation error,+2.29 dB,80,505,P3-U,2723,614,0.22548659566654425,2109,2109,3800.5797468725273,76.73801968056979,0.9998553560857009,346.85943742678666,0.3355048859934853,0.3289902280130293,0.3355048859934853,20,0,2.2863840116087695,80,15,0.35
validation_plus_rmse,validation error,+2.29 dB,80,505,P3-D,2723,620,0.22769004774146162,2103,2103,3656.5987386709544,76.03934763440797,0.999898803893433,352.2990550691502,0.3338709677419355,0.33225806451612905,0.3338709677419355,20,0,2.2863840116087695,80,15,0.35
validation_plus_rmse,validation error,+2.29 dB,80,506,P0,2721,1102,0.4049981624402793,1619,1619,2654.4342596011784,82.2096105055981,3.8937718742146763,1370.5981209187444,0,1,0,20,0,2.2863840116087695,80,15,0.35
validation_plus_rmse,validation error,+2.29 dB,80,506,P1,2721,1071,0.3936052921719956,1650,1650,2727.930075435792,81.71011467118075,3.470728836948351,248.57555468805322,0.7880485527544351,0,0.2119514472455649,20,0,2.2863840116087695,80,15,0.35
validation_plus_rmse,validation error,+2.29 dB,80,506,P2,2721,792,0.29106945975744214,1929,1929,3301.46701936697,76.03935912310808,0.9404628706245625,450.89519769793304,0.3333333333333333,0.3333333333333333,0.3333333333333333,20,0,2.2863840116087695,80,15,0.35
validation_plus_rmse,validation error,+2.29 dB,80,506,P3-U,2721,614,0.22565233370084528,2107,2107,3714.210708921045,76.73801524123762,0.9998588911106449,346.8596610895376,0.3355048859934853,0.3289902280130293,0.3355048859934853,20,0,2.2863840116087695,80,15,0.35
validation_plus_rmse,validation error,+2.29 dB,80,506,P3-D,2721,622,0.22859242925395076,2099,2099,3588.4750722467234,76.03935091544126,0.999897549398185,352.76312056103325,0.33440514469453375,0.3311897106109325,0.33440514469453375,20,0,2.2863840116087695,80,15,0.35
validation_plus_rmse,validation error,+2.29 dB,80,507,P0,2762,1103,0.39934829833454016,1659,1659,2714.414501322933,82.2096105055981,3.8937718742146767,1371.8418648239872,0,1,0,20,0,2.2863840116087695,80,15,0.35
validation_plus_rmse,validation error,+2.29 dB,80,507,P1,2762,1070,0.387400434467777,1692,1692,2793.753727395801,81.7101131757633,3.4707196562515352,248.34348148991958,0.8,0,0.2,20,0,2.2863840116087695,80,15,0.35
validation_plus_rmse,validation error,+2.29 dB,80,507,P2,2762,792,0.28674873280231716,1970,1970,3371.891158274572,76.03935505773039,0.9404619902691489,450.89547061496035,0.3333333333333333,0.3333333333333333,0.3333333333333333,20,0,2.2863840116087695,80,15,0.35
validation_plus_rmse,validation error,+2.29 dB,80,507,P3-U,2762,614,0.222302679217958,2148,2148,3783.9452886993295,76.73801893136446,0.999861274596795,346.8601638407426,0.3355048859934853,0.3289902280130293,0.3355048859934853,20,0,2.2863840116087695,80,15,0.35
validation_plus_rmse,validation error,+2.29 dB,80,507,P3-D,2762,621,0.22483707458363505,2141,2141,3651.3122953897237,76.03935169979262,0.9998990124665419,352.5312922258493,0.3333333333333333,0.33172302737520126,0.33494363929146537,20,0,2.2863840116087695,80,15,0.35
validation_plus_rmse,validation error,+2.29 dB,80,508,P0,2805,1102,0.3928698752228164,1703,1703,2902.17600153062,82.20961072775589,3.8937734043317214,1370.5982606632856,0,1,0,20,0,2.2863840116087695,80,15,0.35
validation_plus_rmse,validation error,+2.29 dB,80,508,P1,2805,1067,0.3803921568627451,1738,1738,2980.0428357518895,81.60295854452454,3.3861270518545163,247.6469681478605,0.795688847235239,0,0.204311152764761,20,0,2.2863840116087695,80,15,0.35
validation_plus_rmse,validation error,+2.29 dB,80,508,P2,2805,792,0.2823529411764706,2013,2013,3507.7426713030595,76.03936104962389,0.940463287810844,450.89538574530417,0.3333333333333333,0.3333333333333333,0.3333333333333333,20,0,2.2863840116087695,80,15,0.35
validation_plus_rmse,validation error,+2.29 dB,80,508,P3-U,2805,614,0.21889483065953655,2191,2191,3885.4893085452286,76.73802418695801,0.9998600183146873,346.8601617533918,0.3355048859934853,0.3289902280130293,0.3355048859934853,20,0,2.2863840116087695,80,15,0.35
validation_plus_rmse,validation error,+2.29 dB,80,508,P3-D,2805,620,0.22103386809269163,2185,2185,3744.294363021493,76.03936104962389,0.9998990553139518,352.29895274872314,0.3338709677419355,0.33225806451612905,0.3338709677419355,20,0,2.2863840116087695,80,15,0.35
validation_plus_rmse,validation error,+2.29 dB,80,509,P0,2656,1104,0.41566265060240964,1552,1552,2571.9072331383227,82.20961139422917,3.8937779946828575,1373.0851778502283,0,1,0,20,0,2.2863840116087695,80,15,0.35
validation_plus_rmse,validation error,+2.29 dB,80,509,P1,2656,1069,0.40248493975903615,1587,1587,2645.39856906108,81.60296135460834,3.386143883132011,248.11180485112442,0.8054256314312441,0,0.19457436856875585,20,0,2.2863840116087695,80,15,0.35
validation_plus_rmse,validation error,+2.29 dB,80,509,P2,2656,792,0.29819277108433734,1864,1864,3249.0536745658173,76.03935677190462,0.9404623614725803,450.8955103736553,0.3333333333333333,0.3333333333333333,0.3333333333333333,20,0,2.2863840116087695,80,15,0.35
validation_plus_rmse,validation error,+2.29 dB,80,509,P3-U,2656,614,0.2311746987951807,2042,2042,3659.2224208390285,76.73801664794584,0.9998573446205435,346.86008284573313,0.3355048859934853,0.3289902280130293,0.3355048859934853,20,0,2.2863840116087695,80,15,0.35
validation_plus_rmse,validation error,+2.29 dB,80,509,P3-D,2656,621,0.23381024096385541,2035,2035,3525.900415893702,76.03934907586591,0.9998981233437845,352.5313185272244,0.33494363929146537,0.33172302737520126,0.3333333333333333,20,0,2.2863840116087695,80,15,0.35
validation_plus_rmse,validation error,+2.29 dB,80,510,P0,2733,1104,0.4039517014270033,1629,1629,2670.828423776235,82.20960983912471,3.893767283863541,1373.0854922754463,0,1,0,20,0,2.2863840116087695,80,15,0.35
validation_plus_rmse,validation error,+2.29 dB,80,510,P1,2733,1069,0.3911452616172704,1664,1664,2765.9736509217614,81.60295905544899,3.3861301120867875,248.1114229791688,0.804490177736202,0,0.19550982226379796,20,0,2.2863840116087695,80,15,0.35
validation_plus_rmse,validation error,+2.29 dB,80,510,P2,2733,792,0.2897914379802415,1941,1941,3368.989991521994,76.03935694579425,0.9404623991282876,450.8950408686557,0.3333333333333333,0.3333333333333333,0.3333333333333333,20,0,2.2863840116087695,80,15,0.35
validation_plus_rmse,validation error,+2.29 dB,80,510,P3-U,2733,614,0.22466154409074277,2119,2119,3788.269308999283,76.73801655655127,0.9998598477151442,346.86012125588707,0.3355048859934853,0.3289902280130293,0.3355048859934853,20,0,2.2863840116087695,80,15,0.35
validation_plus_rmse,validation error,+2.29 dB,80,510,P3-D,2733,620,0.22685693377241126,2113,2113,3645.3480881372484,76.03934902737478,0.9998977046898399,352.299098643253,0.3338709677419355,0.33225806451612905,0.3338709677419355,20,0,2.2863840116087695,80,15,0.35
validation_plus_rmse,validation error,+2.29 dB,80,511,P0,2668,1103,0.4134182908545727,1565,1565,2604.6628053698723,82.20961028344034,3.893770344097631,1371.8415969802834,0,1,0,20,0,2.2863840116087695,80,15,0.35
validation_plus_rmse,validation error,+2.29 dB,80,511,P1,2668,1067,0.39992503748125935,1601,1601,2687.947945645209,81.7101139234721,3.470724246599943,247.6474234567306,0.8200562324273665,0,0.17994376757263356,20,0,2.2863840116087695,80,15,0.35
validation_plus_rmse,validation error,+2.29 dB,80,511,P2,2668,792,0.29685157421289354,1876,1876,3279.731208138613,76.03935689730321,0.940462388627577,450.89561496942434,0.3333333333333333,0.3333333333333333,0.3333333333333333,20,0,2.2863840116087695,80,15,0.35
validation_plus_rmse,validation error,+2.29 dB,80,511,P3-U,2668,614,0.23013493253373313,2054,2054,3709.901426663309,76.73801584233843,0.9998582496383182,346.8599591092632,0.3355048859934853,0.3289902280130293,0.3355048859934853,20,0,2.2863840116087695,80,15,0.35
validation_plus_rmse,validation error,+2.29 dB,80,511,P3-D,2668,622,0.2331334332833583,2046,2046,3583.0123262618404,76.03934987025491,0.9998983476615174,352.76357233664555,0.33440514469453375,0.3311897106109325,0.33440514469453375,20,0,2.2863840116087695,80,15,0.35
validation_plus_rmse,validation error,+2.29 dB,80,512,P0,2595,1104,0.4254335260115607,1491,1491,2515.936013484825,82.2096096169669,3.8937657537464956,1373.0851545594717,0,1,0,20,0,2.2863840116087695,80,15,0.35
validation_plus_rmse,validation error,+2.29 dB,80,512,P1,2595,1068,0.4115606936416185,1527,1527,2608.6330539794103,81.71011467118075,3.470728836948351,247.87976102775662,0.8080524344569289,0,0.19194756554307116,20,0,2.2863840116087695,80,15,0.35
validation_plus_rmse,validation error,+2.29 dB,80,512,P2,2595,792,0.30520231213872834,1803,1803,3216.546003761788,76.03935703273906,0.9404624179561413,450.89512515289977,0.3333333333333333,0.3333333333333333,0.3333333333333333,20,0,2.2863840116087695,80,15,0.35
validation_plus_rmse,validation error,+2.29 dB,80,512,P3-U,2595,614,0.23660886319845859,1981,1981,3641.8408436665254,76.73801409727054,0.9998606400202056,346.8602382915498,0.3355048859934853,0.3289902280130293,0.3355048859934853,20,0,2.2863840116087695,80,15,0.35
validation_plus_rmse,validation error,+2.29 dB,80,512,P3-D,2595,621,0.23930635838150288,1974,1974,3507.78016967273,76.03934483658871,0.9998973787792826,352.53124284956135,0.3333333333333333,0.33172302737520126,0.33494363929146537,20,0,2.2863840116087695,80,15,0.35
validation_plus_rmse,validation error,+2.29 dB,80,513,P0,2669,1104,0.4136380666916448,1565,1565,2596.7331958154477,82.2096105055981,3.8937718742146763,1373.0854224031757,0,1,0,20,0,2.2863840116087695,80,15,0.35
validation_plus_rmse,validation error,+2.29 dB,80,513,P1,2669,1067,0.39977519670288497,1602,1602,2687.88987513886,81.60303841030795,3.386191541341938,247.6474087693477,0.8144329896907216,0,0.18556701030927836,20,0,2.2863840116087695,80,15,0.35
validation_plus_rmse,validation error,+2.29 dB,80,513,P2,2669,792,0.29674035219183215,1877,1877,3286.242584845336,76.0393548453869,0.9404619442862988,450.8952861322333,0.3333333333333333,0.3333333333333333,0.3333333333333333,20,0,2.2863840116087695,80,15,0.35
validation_plus_rmse,validation error,+2.29 dB,80,513,P3-U,2669,614,0.23004870738104158,2055,2055,3704.2780461595257,76.73802760920552,0.9998577517431255,346.85978034130335,0.3355048859934853,0.3289902280130293,0.3355048859934853,20,0,2.2863840116087695,80,15,0.35
validation_plus_rmse,validation error,+2.29 dB,80,513,P3-D,2669,621,0.2326714125140502,2048,2048,3570.8339174127823,76.03934780829798,0.9998981845085546,352.5312119975024,0.3333333333333333,0.33172302737520126,0.33494363929146537,20,0,2.2863840116087695,80,15,0.35
validation_plus_rmse,validation error,+2.29 dB,80,514,P0,2721,1104,0.40573318632855565,1617,1617,2658.1655012404176,82.2096105055981,3.8937718742146763,1373.0855854384733,0,1,0,20,0,2.2863840116087695,80,15,0.35
validation_plus_rmse,validation error,+2.29 dB,80,514,P1,2721,1068,0.39250275633958104,1653,1653,2739.5371871199627,81.71011417270832,3.470725776716079,247.87923228197195,0.800561797752809,0,0.199438202247191,20,0,2.2863840116087695,80,15,0.35
validation_plus_rmse,validation error,+2.29 dB,80,514,P2,2721,792,0.29106945975744214,1929,1929,3347.8539093575428,76.03935894921854,0.940462832968855,450.8954889889987,0.3333333333333333,0.3333333333333333,0.3333333333333333,20,0,2.2863840116087695,80,15,0.35
validation_plus_rmse,validation error,+2.29 dB,80,514,P3-U,2721,614,0.22565233370084528,2107,2107,3781.2259906412464,76.7380293837523,0.9998644530108738,346.86062289904055,0.3355048859934853,0.3289902280130293,0.3355048859934853,20,0,2.2863840116087695,80,15,0.35
validation_plus_rmse,validation error,+2.29 dB,80,514,P3-D,2721,621,0.22822491730981256,2100,2100,3647.466486792139,76.03934793369683,0.9998988360078785,352.5313876328324,0.3333333333333333,0.33172302737520126,0.33494363929146537,20,0,2.2863840116087695,80,15,0.35
validation_plus_rmse,validation error,+2.29 dB,80,515,P0,2654,1103,0.41559909570459685,1551,1551,2686.490714023224,82.20961006128252,3.8937688139805857,1371.841829887852,0,1,0,20,0,2.2863840116087695,80,15,0.35
validation_plus_rmse,validation error,+2.29 dB,80,515,P1,2654,1069,0.40278824415975883,1585,1585,2759.1834181391814,81.6030378993928,3.386188481109666,248.11129079272268,0.8054256314312441,0,0.19457436856875585,20,0,2.2863840116087695,80,15,0.35
validation_plus_rmse,validation error,+2.29 dB,80,515,P2,2654,792,0.2984174830444612,1862,1862,3352.6211248668237,76.03935493233176,0.9404619631141525,450.8953647298892,0.3333333333333333,0.3333333333333333,0.3333333333333333,20,0,2.2863840116087695,80,15,0.35
validation_plus_rmse,validation error,+2.29 dB,80,515,P3-U,2654,614,0.23134890730972119,2040,2040,3770.3477028922143,76.73801986734941,0.9998616844795521,346.86023094962513,0.3355048859934853,0.3289902280130293,0.3355048859934853,20,0,2.2863840116087695,80,15,0.35
validation_plus_rmse,validation error,+2.29 dB,80,515,P3-D,2654,620,0.23360964581763377,2034,2034,3627.0858431131596,76.03935493233176,0.9998997341697695,352.299149800096,0.3338709677419355,0.33225806451612905,0.3338709677419355,20,0,2.2863840116087695,80,15,0.35
validation_plus_rmse,validation error,+2.29 dB,80,516,P0,2650,1104,0.41660377358490563,1546,1546,2603.815292234228,82.20961028344034,3.893770344097631,1373.085189495607,0,1,0,20,0,2.2863840116087695,80,15,0.35
validation_plus_rmse,validation error,+2.29 dB,80,516,P1,2650,1068,0.4030188679245283,1582,1582,2684.3006423566617,81.60296033275989,3.386137762667467,247.87968759084202,0.8099250936329588,0,0.1900749063670412,20,0,2.2863840116087695,80,15,0.35
validation_plus_rmse,validation error,+2.29 dB,80,516,P2,2650,792,0.2988679245283019,1858,1858,3287.328954310465,76.03935825181328,0.9404626819460592,450.8951331116228,0.3333333333333333,0.3333333333333333,0.3333333333333333,20,0,2.2863840116087695,80,15,0.35
validation_plus_rmse,validation error,+2.29 dB,80,516,P3-U,2650,614,0.23169811320754716,2036,2036,3704.436200266463,76.73802459744658,0.9998615113597,346.8602792210687,0.3355048859934853,0.3289902280130293,0.3355048859934853,20,0,2.2863840116087695,80,15,0.35
validation_plus_rmse,validation error,+2.29 dB,80,516,P3-D,2650,620,0.2339622641509434,2030,2030,3561.117659461876,76.03935392560015,0.9998995554465584,352.2994801145805,0.3338709677419355,0.33225806451612905,0.3338709677419355,20,0,2.2863840116087695,80,15,0.35
validation_plus_rmse,validation error,+2.29 dB,80,517,P0,2628,1104,0.4200913242009132,1524,1524,2524.346998452064,82.20961006128252,3.8937688139805857,1373.0855621477165,0,1,0,20,0,2.2863840116087695,80,15,0.35
validation_plus_rmse,validation error,+2.29 dB,80,517,P1,2628,1070,0.4071537290715373,1558,1558,2598.703059593131,81.60311648645234,3.3862453200164095,248.34343742777088,0.8018691588785046,0,0.19813084112149532,20,0,2.2863840116087695,80,15,0.35
validation_plus_rmse,validation error,+2.29 dB,80,517,P2,2628,792,0.3013698630136986,1836,1836,3202.5219026676114,76.03935309275812,0.9404615647557245,450.89514070110397,0.3333333333333333,0.3333333333333333,0.3333333333333333,20,0,2.2863840116087695,80,15,0.35
validation_plus_rmse,validation error,+2.29 dB,80,517,P3-U,2628,614,0.23363774733637746,2014,2014,3625.3190357257167,76.73802039548106,0.9998614724297659,346.86035099943956,0.3355048859934853,0.3289902280130293,0.3355048859934853,20,0,2.2863840116087695,80,15,0.35
validation_plus_rmse,validation error,+2.29 dB,80,517,P3-D,2628,620,0.2359208523592085,2008,2008,3482.0292269161505,76.03935274497854,0.9998998298873233,352.2991777949347,0.3338709677419355,0.33225806451612905,0.3338709677419355,20,0,2.2863840116087695,80,15,0.35
validation_plus_rmse,validation error,+2.29 dB,80,518,P0,2684,1104,0.4113263785394933,1580,1580,2618.2636984882556,82.2096105055981,3.8937718742146767,1373.0854573393106,0,1,0,20,0,2.2863840116087695,80,15,0.35
validation_plus_rmse,validation error,+2.29 dB,80,518,P1,2684,1068,0.3979135618479881,1616,1616,2696.3041764200048,81.7101139234721,3.4707242465999437,247.87932040626936,0.8071161048689138,0,0.19288389513108614,20,0,2.2863840116087695,80,15,0.35
validation_plus_rmse,validation error,+2.29 dB,80,518,P2,2684,792,0.29508196721311475,1892,1892,3297.3403228462635,76.0393537132566,0.9404616991242345,450.89510293560096,0.3333333333333333,0.3333333333333333,0.3333333333333333,20,0,2.2863840116087695,80,15,0.35
validation_plus_rmse,validation error,+2.29 dB,80,518,P3-U,2684,614,0.22876304023845007,2070,2070,3704.643305514856,76.7380224423747,0.9998599741400258,346.8604781785421,0.3355048859934853,0.3289902280130293,0.3355048859934853,20,0,2.2863840116087695,80,15,0.35
validation_plus_rmse,validation error,+2.29 dB,80,518,P3-D,2684,621,0.23137108792846497,2063,2063,3571.4736199387344,76.03935003410751,0.9998984966707437,352.53108829241864,0.3333333333333333,0.33172302737520126,0.33494363929146537,20,0,2.2863840116087695,80,15,0.35
validation_plus_rmse,validation error,+2.29 dB,80,519,P0,2586,1099,0.42498066511987626,1487,1487,2392.0003885103724,82.20961117207142,3.8937764645658124,1366.867017302178,0,1,0,20,0,2.2863840116087695,80,15,0.35
validation_plus_rmse,validation error,+2.29 dB,80,519,P1,2586,1068,0.41299303944315546,1518,1518,2455.538357828439,81.60295854452454,3.3861270518545155,247.8790854081429,0.7921348314606742,0,0.20786516853932585,20,0,2.2863840116087695,80,15,0.35
validation_plus_rmse,validation error,+2.29 dB,80,519,P2,2586,792,0.3062645011600928,1794,1794,3058.1602688655703,76.03935685884943,0.9404623803004338,450.8948854228389,0.3333333333333333,0.3333333333333333,0.3333333333333333,20,0,2.2863840116087695,80,15,0.35
validation_plus_rmse,validation error,+2.29 dB,80,519,P3-U,2586,614,0.2374323279195669,1972,1972,3496.7083288580075,76.73801798845096,0.9998597040595392,346.859985504797,0.3355048859934853,0.3289902280130293,0.3355048859934853,20,0,2.2863840116087695,80,15,0.35
validation_plus_rmse,validation error,+2.29 dB,80,519,P3-D,2586,620,0.2397525135344161,1966,1966,3351.6628834739936,76.03934500044151,0.9998996361221648,352.29921153239314,0.3338709677419355,0.33225806451612905,0.3338709677419355,20,0,2.2863840116087695,80,15,0.35
validation_plus_rmse,validation error,+2.29 dB,80,520,P0,2641,1104,0.41802347595607725,1537,1537,2690.473785027957,82.20961139422917,3.8937779946828575,1373.085515566203,0,1,0,20,0,2.2863840116087695,80,15,0.35
validation_plus_rmse,validation error,+2.29 dB,80,520,P1,2641,1069,0.40477092010602045,1572,1572,2777.957931641936,81.4930953893559,3.3015482185027203,248.11143766655172,0.794200187090739,0,0.205799812909261,20,0,2.2863840116087695,80,15,0.35
validation_plus_rmse,validation error,+2.29 dB,80,520,P2,2641,792,0.29988640666414235,1849,1849,3385.446989376658,76.03935501927661,0.9404619819420061,450.8952313133801,0.3333333333333333,0.3333333333333333,0.3333333333333333,20,0,2.2863840116087695,80,15,0.35
validation_plus_rmse,validation error,+2.29 dB,80,520,P3-U,2641,614,0.23248769405528208,2027,2027,3823.558462646751,76.73802404751383,0.9998575577672609,346.85988152229265,0.3355048859934853,0.3289902280130293,0.3355048859934853,20,0,2.2863840116087695,80,15,0.35
validation_plus_rmse,validation error,+2.29 dB,80,520,P3-D,2641,620,0.23475956077243468,2021,2021,3679.0806037501306,76.03935187368245,0.9998988825874409,352.2989600000225,0.3338709677419355,0.33225806451612905,0.3338709677419355,20,0,2.2863840116087695,80,15,0.35
validation_plus_rmse,validation error,+2.29 dB,80,521,P0,2703,1104,0.40843507214206437,1599,1599,2606.600600788933,82.20961028344034,3.893770344097631,1373.0856553107442,0,1,0,20,0,2.2863840116087695,80,15,0.35
validation_plus_rmse,validation error,+2.29 dB,80,521,P1,2703,1068,0.3951165371809101,1635,1635,2680.9526881153333,81.49317572923698,3.3016035272933273,247.87914415767446,0.7893258426966292,0,0.21067415730337077,20,0,2.2863840116087695,80,15,0.35
validation_plus_rmse,validation error,+2.29 dB,80,521,P2,2703,792,0.293007769145394,1911,1911,3300.5247347931613,76.03936096267917,0.9404632689829904,450.8955989021142,0.3333333333333333,0.3333333333333333,0.3333333333333333,20,0,2.2863840116087695,80,15,0.35
validation_plus_rmse,validation error,+2.29 dB,80,521,P3-U,2703,614,0.22715501294857565,2089,2089,3732.4742690086296,76.73802824575843,0.999861200090325,346.8602334689901,0.3355048859934853,0.3289902280130293,0.3355048859934853,20,0,2.2863840116087695,80,15,0.35
validation_plus_rmse,validation error,+2.29 dB,80,521,P3-D,2703,621,0.2297447280799112,2082,2082,3598.685391412007,76.03935811637746,0.9998993242166617,352.5313081119089,0.33494363929146537,0.33172302737520126,0.3333333333333333,20,0,2.2863840116087695,80,15,0.35
validation_plus_rmse,validation error,+2.29 dB,80,522,P0,2712,1104,0.40707964601769914,1608,1608,2734.0949399763767,82.2096105055981,3.8937718742146763,1373.085515566203,0,1,0,20,0,2.2863840116087695,80,15,0.35
validation_plus_rmse,validation error,+2.29 dB,80,522,P1,2712,1068,0.3938053097345133,1644,1644,2812.350390234078,81.71011417270832,3.4707257767160797,247.87934978103522,0.7902621722846442,0,0.20973782771535582,20,0,2.2863840116087695,80,15,0.35
validation_plus_rmse,validation error,+2.29 dB,80,522,P2,2712,792,0.2920353982300885,1920,1920,3403.5389850753836,76.03936087573443,0.9404632501551367,450.8952326340683,0.3333333333333333,0.3333333333333333,0.3333333333333333,20,0,2.2863840116087695,80,15,0.35
validation_plus_rmse,validation error,+2.29 dB,80,522,P3-U,2712,614,0.22640117994100295,2098,2098,3808.5419102220285,76.73801799358196,0.9998568896298858,346.85991268114714,0.3355048859934853,0.3289902280130293,0.3355048859934853,20,0,2.2863840116087695,80,15,0.35
validation_plus_rmse,validation error,+2.29 dB,80,522,P3-D,2712,622,0.22935103244837757,2090,2090,3685.321101822638,76.03934688850974,0.9998979510152013,352.76313276043743,0.33440514469453375,0.3311897106109325,0.33440514469453375,20,0,2.2863840116087695,80,15,0.35
validation_plus_rmse,validation error,+2.29 dB,80,523,P0,2661,1103,0.41450582487786547,1558,1558,2640.0797963722075,82.20961094991367,3.893774934448767,1371.8417367248246,0,1,0,20,0,2.2863840116087695,80,15,0.35
validation_plus_rmse,validation error,+2.29 dB,80,523,P1,2661,1066,0.4006012777151447,1595,1595,2727.0725899011063,81.4930948653417,3.3015451582704487,247.41520338476786,0.8048780487804879,0,0.1951219512195122,20,0,2.2863840116087695,80,15,0.35
validation_plus_rmse,validation error,+2.29 dB,80,523,P2,2661,792,0.2976324689966178,1869,1869,3306.819187005855,76.03935480693312,0.9404619359591558,450.8951305262781,0.3333333333333333,0.3333333333333333,0.3333333333333333,20,0,2.2863840116087695,80,15,0.35
validation_plus_rmse,validation error,+2.29 dB,80,523,P3-U,2661,614,0.2307403231867719,2047,2047,3723.5747451017755,76.73802055870367,0.9998593579094127,346.8599122177467,0.3355048859934853,0.3289902280130293,0.3355048859934853,20,0,2.2863840116087695,80,15,0.35
validation_plus_rmse,validation error,+2.29 dB,80,523,P3-D,2661,620,0.23299511461856445,2041,2041,3579.9731743302145,76.03935283192344,0.9998988671296236,352.2989887301374,0.3338709677419355,0.33225806451612905,0.3338709677419355,20,0,2.2863840116087695,80,15,0.35
validation_plus_rmse,validation error,+2.29 dB,80,524,P0,2669,1103,0.41326339452978644,1566,1566,2789.71541763072,82.2096105055981,3.8937718742146763,1371.8417367248246,0,1,0,20,0,2.2863840116087695,80,15,0.35
validation_plus_rmse,validation error,+2.29 dB,80,524,P1,2669,1067,0.39977519670288497,1602,1602,2865.528491101116,81.49317546723472,3.3016019971771904,247.64724720813578,0.7928772258669166,0,0.20712277413308341,20,0,2.2863840116087695,80,15,0.35
validation_plus_rmse,validation error,+2.29 dB,80,524,P2,2669,792,0.29674035219183215,1877,1877,3455.9382760911985,76.03936297613886,0.9404637049971256,450.8953923519526,0.3333333333333333,0.3333333333333333,0.3333333333333333,20,0,2.2863840116087695,80,15,0.35
validation_plus_rmse,validation error,+2.29 dB,80,524,P3-U,2669,614,0.23004870738104158,2055,2055,3860.3861412576534,76.73801798845096,0.9998568232980153,346.85982584615175,0.3355048859934853,0.3289902280130293,0.3355048859934853,20,0,2.2863840116087695,80,15,0.35
validation_plus_rmse,validation error,+2.29 dB,80,524,P3-D,2669,620,0.23229674035219183,2049,2049,3718.187428762387,76.03934780829798,0.9998977193681301,352.29876961807054,0.3338709677419355,0.33225806451612905,0.3338709677419355,20,0,2.2863840116087695,80,15,0.35
validation_plus_rmse,validation error,+2.29 dB,80,525,P0,2621,1103,0.4208317436093094,1518,1518,2710.1496844453163,82.20961117207142,3.8937764645658124,1371.841934696258,0,1,0,20,0,2.2863840116087695,80,15,0.35
validation_plus_rmse,validation error,+2.29 dB,80,525,P1,2621,1070,0.4082411293399466,1551,1551,2790.831123700469,81.49309512734881,3.301546688386584,248.34331992870761,0.7925233644859813,0,0.20747663551401868,20,0,2.2863840116087695,80,15,0.35
validation_plus_rmse,validation error,+2.29 dB,80,525,P2,2621,792,0.3021747424647081,1829,1829,3397.034859088214,76.03935907461705,0.9404628601238517,450.89566299363776,0.3333333333333333,0.3333333333333333,0.3333333333333333,20,0,2.2863840116087695,80,15,0.35
validation_plus_rmse,validation error,+2.29 dB,80,525,P3-U,2621,614,0.23426173216329646,2007,2007,3819.8041026978276,76.73801974563202,0.999862106424377,346.860172966756,0.3355048859934853,0.3289902280130293,0.3355048859934853,20,0,2.2863840116087695,80,15,0.35
validation_plus_rmse,validation error,+2.29 dB,80,525,P3-D,2621,622,0.2373140022892026,1999,1999,3695.186308523696,76.03935258112602,0.9998980570640627,352.76318118527877,0.33440514469453375,0.3311897106109325,0.33440514469453375,20,0,2.2863840116087695,80,15,0.35
validation_plus_rmse,validation error,+2.29 dB,80,526,P0,2671,1104,0.4133283414451516,1567,1567,2721.178737040106,82.2096105055981,3.8937718742146763,1373.0858067006639,0,1,0,20,0,2.2863840116087695,80,15,0.35
validation_plus_rmse,validation error,+2.29 dB,80,526,P1,2671,1070,0.4005990265818046,1601,1601,2797.617832171169,81.38046050744903,3.217009392780171,248.34315836749565,0.7869158878504673,0,0.2130841121495327,20,0,2.2863840116087695,80,15,0.35
validation_plus_rmse,validation error,+2.29 dB,80,526,P2,2671,792,0.296518157993261,1879,1879,3406.715545795528,76.0393590361633,0.9404628517967087,450.89553403718753,0.3333333333333333,0.3333333333333333,0.3333333333333333,20,0,2.2863840116087695,80,15,0.35
validation_plus_rmse,validation error,+2.29 dB,80,526,P3-U,2671,614,0.22987645076750282,2057,2057,3820.448641491965,76.7380199587439,0.9998589956925608,346.8596470781918,0.3355048859934853,0.3289902280130293,0.3355048859934853,20,0,2.2863840116087695,80,15,0.35
validation_plus_rmse,validation error,+2.29 dB,80,526,P3-D,2671,622,0.23287158367652563,2049,2049,3695.9705164362804,76.03934789524297,0.9998987475685812,352.76361154484835,0.33440514469453375,0.3311897106109325,0.33440514469453375,20,0,2.2863840116087695,80,15,0.35
validation_plus_rmse,validation error,+2.29 dB,80,527,P0,2693,1102,0.409209060527293,1591,1591,2686.7372220583393,82.20961072775589,3.8937734043317214,1370.5980161103382,0,1,0,20,0,2.2863840116087695,80,15,0.35
validation_plus_rmse,validation error,+2.29 dB,80,527,P1,2693,1066,0.39584106943928704,1627,1627,2753.5884872301926,81.49309512734881,3.301546688386584,247.4151152604705,0.7908067542213884,0,0.20919324577861162,20,0,2.2863840116087695,80,15,0.35
validation_plus_rmse,validation error,+2.29 dB,80,527,P2,2693,792,0.2940958039361307,1901,1901,3375.0382893677206,76.03935357782065,0.9404616697956701,450.8952993423229,0.3333333333333333,0.3333333333333333,0.3333333333333333,20,0,2.2863840116087695,80,15,0.35
validation_plus_rmse,validation error,+2.29 dB,80,527,P3-U,2693,614,0.2279985146676569,2079,2079,3792.4601588102933,76.73801640964189,0.9998598676039354,346.85992020785585,0.3355048859934853,0.3289902280130293,0.3355048859934853,20,0,2.2863840116087695,80,15,0.35
validation_plus_rmse,validation error,+2.29 dB,80,527,P3-D,2693,620,0.23022651318232454,2073,2073,3649.419044561383,76.03934872808601,0.9998995605113731,352.29927789925875,0.3338709677419355,0.33225806451612905,0.3338709677419355,20,0,2.2863840116087695,80,15,0.35
validation_plus_rmse,validation error,+2.29 dB,80,528,P0,2647,1103,0.4166981488477522,1544,1544,2690.347436608713,82.20961139422917,3.8937779946828575,1371.8420045685282,0,1,0,20,0,2.2863840116087695,80,15,0.35
validation_plus_rmse,validation error,+2.29 dB,80,528,P1,2647,1071,0.40460899131091804,1576,1576,2762.8174029232537,81.4930953893559,3.3015482185027203,248.57531968992674,0.7936507936507936,0,0.20634920634920634,20,0,2.2863840116087695,80,15,0.35
validation_plus_rmse,validation error,+2.29 dB,80,528,P2,2647,792,0.29920664903664523,1855,1855,3400.8254712652015,76.03935592902585,0.9404621789476524,450.89497305588304,0.3333333333333333,0.3333333333333333,0.3333333333333333,20,0,2.2863840116087695,80,15,0.35
validation_plus_rmse,validation error,+2.29 dB,80,528,P3-U,2647,614,0.2319607102380053,2033,2033,3822.5918730118265,76.73802248130289,0.9998590360655387,346.85979462805824,0.3355048859934853,0.3289902280130293,0.3355048859934853,20,0,2.2863840116087695,80,15,0.35
validation_plus_rmse,validation error,+2.29 dB,80,528,P3-D,2647,620,0.2342274272761617,2027,2027,3678.943701833082,76.03934780829798,0.9998993110159536,352.2988743044649,0.3338709677419355,0.33225806451612905,0.3338709677419355,20,0,2.2863840116087695,80,15,0.35
validation_plus_rmse,validation error,+2.29 dB,80,529,P0,2705,1104,0.4081330868761553,1601,1601,2620.47653660094,82.20961028344034,3.893770344097631,1373.085515566203,0,1,0,20,0,2.2863840116087695,80,15,0.35
validation_plus_rmse,validation error,+2.29 dB,80,529,P1,2705,1068,0.39482439926062846,1637,1637,2705.81873693551,82.01657081887328,3.724488288745778,247.87936446841806,0.7968164794007491,0,0.20318352059925093,20,0,2.2863840116087695,80,15,0.35
validation_plus_rmse,validation error,+2.29 dB,80,529,P2,2705,792,0.29279112754158965,1913,1913,3295.380721104453,76.03935585211828,0.9404621622933662,450.8949859591773,0.3333333333333333,0.3333333333333333,0.3333333333333333,20,0,2.2863840116087695,80,15,0.35
validation_plus_rmse,validation error,+2.29 dB,80,529,P3-U,2705,614,0.22698706099815158,2091,2091,3706.292901539971,76.73801916190143,0.9998577985014744,346.8599753613573,0.3355048859934853,0.3289902280130293,0.3355048859934853,20,0,2.2863840116087695,80,15,0.35
validation_plus_rmse,validation error,+2.29 dB,80,529,P3-D,2705,621,0.22957486136783734,2084,2084,3573.0524338569003,76.03934575637739,0.9998987858094771,352.53139623620643,0.3333333333333333,0.33172302737520126,0.33494363929146537,20,0,2.2863840116087695,80,15,0.35
validation_plus_rmse,validation error,+2.29 dB,80,530,P0,2691,1103,0.409884801189149,1588,1588,2557.068108024061,82.20960983912471,3.893767283863541,1371.8414339449855,0,1,0,20,0,2.2863840116087695,80,15,0.35
validation_plus_rmse,validation error,+2.29 dB,80,530,P1,2691,1064,0.39539204756596064,1627,1627,2639.453160321637,81.60296007729775,3.386136232551332,246.95136542354166,0.818609022556391,0,0.18139097744360902,20,0,2.2863840116087695,80,15,0.35
validation_plus_rmse,validation error,+2.29 dB,80,530,P2,2691,792,0.29431438127090304,1899,1899,3254.6066379006365,76.03935304426702,0.9404615542550139,450.8951777277973,0.3333333333333333,0.3333333333333333,0.3333333333333333,20,0,2.2863840116087695,80,15,0.35
validation_plus_rmse,validation error,+2.29 dB,80,530,P3-U,2691,614,0.22816796729840208,2077,2077,3676.561578035082,76.73802486607293,0.9998617599669998,346.8603586513671,0.3355048859934853,0.3289902280130293,0.3355048859934853,20,0,2.2863840116087695,80,15,0.35
validation_plus_rmse,validation error,+2.29 dB,80,530,P3-D,2691,620,0.23039762170196953,2071,2071,3532.8880108790636,76.03935304426702,0.9998997857447731,352.2994146050026,0.3338709677419355,0.33225806451612905,0.3338709677419355,20,0,2.2863840116087695,80,15,0.35
altitude_60,altitude,60 m,45,501,P0,1547,1092,0.7058823529411765,455,455,1119.6746476384355,81.21283919544422,3.0952598382176837,1078.283916310476,0,1,0,20,0,0,60,15,0.35
altitude_60,altitude,60 m,45,501,P1,1547,1062,0.6864899806076277,485,485,1199.3531207973365,80.7132808483533,2.7589305191863907,192.28557338458882,0.7862523540489642,0,0.2137476459510358,20,0,0,60,15,0.35
altitude_60,altitude,60 m,45,501,P2,1547,1006,0.6502908855850033,541,541,1367.4549795642954,76.06011049588363,0.9449673246316298,453.0909945051752,0.33399602385685884,0.33399602385685884,0.3320079522862823,20,0,0,60,15,0.35
altitude_60,altitude,60 m,45,501,P3-U,1547,767,0.4957983193277311,780,780,2031.0577579490848,76.0601076884906,0.999266228356646,344.50058308988525,0.33376792698826596,0.3324641460234681,0.33376792698826596,20,0,0,60,15,0.35
altitude_60,altitude,60 m,45,501,P3-D,1547,787,0.5087265675500969,760,760,1928.3462083951351,76.0601076884906,0.9999962759523994,353.76659726148114,0.33290978398983484,0.33290978398983484,0.3341804320203304,20,0,0,60,15,0.35
altitude_60,altitude,60 m,45,502,P0,1485,1088,0.7326599326599327,397,397,960.1162571760914,81.21283903027161,3.095258932346585,1074.3340795789436,0,1,0,20,0,0,60,15,0.35
altitude_60,altitude,60 m,45,502,P1,1485,1060,0.7138047138047138,425,425,1039.0841461137486,80.60610655417015,2.691682754559644,191.92352513434685,0.8169811320754717,0,0.1830188679245283,20,0,0,60,15,0.35
altitude_60,altitude,60 m,45,502,P2,1485,1008,0.6787878787878788,477,477,1181.6874662656544,76.06011190149401,0.944967630473895,453.4529716358862,0.3333333333333333,0.3333333333333333,0.3333333333333333,20,0,0,60,15,0.35
altitude_60,altitude,60 m,45,502,P3-U,1485,767,0.5164983164983165,718,718,1899.7657955379111,76.06010481328774,0.9992666994512329,344.50050328423464,0.33376792698826596,0.3324641460234681,0.33376792698826596,20,0,0,60,15,0.35
altitude_60,altitude,60 m,45,502,P3-D,1485,787,0.52996632996633,698,698,1797.0779544925356,76.06010481328774,0.999952618013707,353.76657181905784,0.33290978398983484,0.33290978398983484,0.3341804320203304,20,0,0,60,15,0.35
altitude_60,altitude,60 m,45,503,P0,1516,1097,0.7236147757255936,419,419,1070.7535533209925,81.21283969096194,3.0952625558309794,1083.2213414586988,0,1,0,20,0,0,60,15,0.35
altitude_60,altitude,60 m,45,503,P1,1516,1067,0.7038258575197889,449,449,1158.9192538044313,80.8179311374591,2.8262192192074034,193.19058532604106,0.8134957825679475,0,0.18650421743205248,20,0,0,60,15,0.35
altitude_60,altitude,60 m,45,503,P2,1516,1006,0.6635883905013192,510,510,1350.2184527905247,76.06011182773761,0.9449676144254769,453.0912397356244,0.33399602385685884,0.33399602385685884,0.3320079522862823,20,0,0,60,15,0.35
altitude_60,altitude,60 m,45,503,P3-U,1516,767,0.5059366754617414,749,749,2026.1911176635265,76.06010840557187,0.9992680839069354,344.50072211390676,0.33376792698826596,0.3324641460234681,0.33376792698826596,20,0,0,60,15,0.35
altitude_60,altitude,60 m,45,503,P3-D,1516,788,0.5197889182058048,728,728,1929.190484714721,76.06010840557187,0.9999955590664965,353.9475631531841,0.33375634517766495,0.33248730964467005,0.33375634517766495,20,0,0,60,15,0.35
altitude_60,altitude,60 m,45,504,P0,1522,1096,0.7201051248357424,426,426,1057.750479511096,81.21283919544422,3.0952598382176837,1082.233656547433,0,1,0,20,0,0,60,15,0.35
altitude_60,altitude,60 m,45,504,P1,1522,1065,0.6997371879106439,457,457,1151.0884008367207,80.49621803270158,2.6244241194861737,192.82872835990773,0.8131455399061033,0,0.18685446009389672,20,0,0,60,15,0.35
altitude_60,altitude,60 m,45,504,P2,1522,1008,0.6622864651773982,514,514,1312.2997504541152,76.06011054703741,0.9449673357620124,453.45309453985163,0.3333333333333333,0.3333333333333333,0.3333333333333333,20,0,0,60,15,0.35
altitude_60,altitude,60 m,45,504,P3-U,1522,767,0.5039421813403416,755,755,1987.1864459560338,76.06010534835684,0.9992674216505993,344.5006297927251,0.33376792698826596,0.3324641460234681,0.33376792698826596,20,0,0,60,15,0.35
altitude_60,altitude,60 m,45,504,P3-D,1522,787,0.5170827858081471,735,735,1885.7198224819144,76.06010534835684,0.9999959080383353,353.76672499475234,0.3341804320203304,0.33290978398983484,0.33290978398983484,20,0,0,60,15,0.35
altitude_60,altitude,60 m,45,505,P0,1562,1094,0.7003841229193342,468,468,1156.3208221889506,81.21283952578936,3.095261649959881,1080.259058681508,0,1,0,20,0,0,60,15,0.35
altitude_60,altitude,60 m,45,505,P1,1562,1063,0.6805377720870679,499,499,1256.808489098638,80.8179305947713,2.826216501595723,192.4663410151096,0.7968015051740357,0,0.20319849482596425,20,0,0,60,15,0.35
altitude_60,altitude,60 m,45,505,P2,1562,1002,0.6414852752880922,560,560,1442.853382378053,76.06011177658387,0.9449676032950943,452.36675117843527,0.33532934131736525,0.33532934131736525,0.32934131736526945,20,0,0,60,15,0.35
altitude_60,altitude,60 m,45,505,P3-U,1562,767,0.4910371318822023,795,795,2061.8757575135546,76.63331942767823,0.9992687877323062,344.5008200683269,0.33376792698826596,0.3324641460234681,0.33376792698826596,20,0,0,60,15,0.35
altitude_60,altitude,60 m,45,505,P3-D,1562,787,0.5038412291933418,775,775,1965.817549367617,76.35409747590634,0.9999955244176868,353.7664649794696,0.33290978398983484,0.33290978398983484,0.3341804320203304,20,0,0,60,15,0.35
altitude_60,altitude,60 m,45,506,P0,1521,1096,0.7205785667324129,425,425,1069.7743432604575,81.21283969096194,3.0952625558309794,1082.2337323645995,0,1,0,20,0,0,60,15,0.35
altitude_60,altitude,60 m,45,506,P1,1521,1064,0.6995397764628534,457,457,1175.1602292005894,80.7132808483533,2.7589305191863907,192.64760424536638,0.7885338345864662,0,0.21146616541353383,20,0,0,60,15,0.35
altitude_60,altitude,60 m,45,506,P2,1521,1006,0.6614069690992768,515,515,1341.737857519644,76.06011138902835,0.9449675189681191,453.0908624723655,0.33399602385685884,0.33399602385685884,0.3320079522862823,20,0,0,60,15,0.35
altitude_60,altitude,60 m,45,506,P3-U,1521,767,0.5042735042735043,754,754,2001.7784635034802,76.06010354923964,0.9992675812534559,344.50051823827584,0.33376792698826596,0.3324641460234681,0.33376792698826596,20,0,0,60,15,0.35
altitude_60,altitude,60 m,45,506,P3-D,1521,788,0.5180802103879028,733,733,1905.9193990270278,76.06010354923964,0.9999948229130167,353.9474824950118,0.33375634517766495,0.33248730964467005,0.33375634517766495,20,0,0,60,15,0.35
altitude_60,altitude,60 m,45,507,P0,1491,1068,0.716297786720322,423,423,930.4500397906297,81.2128393606168,3.0952607440887823,1054.5854611037958,0,1,0,20,0,0,60,15,0.35
altitude_60,altitude,60 m,45,507,P1,1491,1046,0.7015425888665325,445,445,975.6811783760113,80.60616362405453,2.6917091960249455,189.38847441461178,0.7925430210325047,0,0.2074569789674952,20,0,0,60,15,0.35
altitude_60,altitude,60 m,45,507,P2,1491,1001,0.6713615023474179,490,490,1064.9868420615537,76.06011121296444,0.9449674806589359,452.1858247891348,0.3356643356643357,0.3356643356643357,0.32867132867132864,20,0,0,60,15,0.35
altitude_60,altitude,60 m,45,507,P3-U,1491,767,0.5144198524480215,724,724,1700.7984327802787,76.63332079160105,0.999268292787498,344.5006743007309,0.33376792698826596,0.3324641460234681,0.33376792698826596,20,0,0,60,15,0.35
altitude_60,altitude,60 m,45,507,P3-D,1491,787,0.5278336686787392,704,704,1604.8766398878338,76.35409628595656,0.9999955501090351,353.7664221389692,0.3341804320203304,0.33290978398983484,0.33290978398983484,20,0,0,60,15,0.35
altitude_60,altitude,60 m,45,508,P0,1526,1097,0.718872870249017,429,429,1037.06705188035,81.21283952578936,3.095261649959881,1083.221203609305,0,1,0,20,0,0,60,15,0.35
altitude_60,altitude,60 m,45,508,P1,1526,1062,0.6959370904325033,464,464,1161.5401545508353,80.81787497465263,2.826183719036499,192.2854429636057,0.7947269303201506,0,0.20527306967984935,20,0,0,60,15,0.35
altitude_60,altitude,60 m,45,508,P2,1526,1006,0.6592398427260813,520,520,1323.9651188899722,76.06011113920803,0.9449674646105176,453.0907960034039,0.33399602385685884,0.33399602385685884,0.3320079522862823,20,0,0,60,15,0.35
altitude_60,altitude,60 m,45,508,P3-U,1526,767,0.5026212319790302,759,759,1995.4949413480056,76.06010665760974,0.9992678822372754,344.5006504113682,0.33376792698826596,0.3324641460234681,0.33376792698826596,20,0,0,60,15,0.35
altitude_60,altitude,60 m,45,508,P3-D,1526,788,0.5163826998689384,738,738,1899.828185544362,76.06010665760974,0.9999952648636511,353.9475772460911,0.33375634517766495,0.33248730964467005,0.33375634517766495,20,0,0,60,15,0.35
altitude_60,altitude,60 m,45,509,P0,1549,1079,0.6965784377017431,470,470,1024.5505069490932,81.21283969096194,3.0952625558309794,1065.4473622042944,0,1,0,20,0,0,60,15,0.35
altitude_60,altitude,60 m,45,509,P1,1549,1055,0.6810845706907682,494,494,1076.392447139444,80.60616400392497,2.6917110077660658,191.0179480353008,0.7962085308056872,0,0.2037914691943128,20,0,0,60,15,0.35
altitude_60,altitude,60 m,45,509,P2,1549,1002,0.6468689477081988,547,547,1196.3467435303567,76.06011421902161,0.9449681347375336,452.36676502214067,0.33532934131736525,0.33532934131736525,0.32934131736526945,20,0,0,60,15,0.35
altitude_60,altitude,60 m,45,509,P3-U,1549,767,0.49515816655907036,782,782,1820.9770149095816,76.06010719862711,0.9992685461109807,344.50067424196504,0.33376792698826596,0.3324641460234681,0.33376792698826596,20,0,0,60,15,0.35
altitude_60,altitude,60 m,45,509,P3-D,1549,787,0.5080697224015494,762,762,1724.6263375261944,76.06010719862711,0.9999973256075747,353.7667957217118,0.33290978398983484,0.33290978398983484,0.3341804320203304,20,0,0,60,15,0.35
altitude_60,altitude,60 m,45,510,P0,1539,1080,0.7017543859649122,459,459,1000.9821949079724,81.21283919544422,3.0952598382176837,1066.4345370728026,0,1,0,20,0,0,60,15,0.35
altitude_60,altitude,60 m,45,510,P1,1539,1053,0.6842105263157895,486,486,1064.2554830418296,80.7132808483533,2.7589305191863907,190.65612584809637,0.8176638176638177,0,0.18233618233618235,20,0,0,60,15,0.35
altitude_60,altitude,60 m,45,510,P2,1539,1005,0.6530214424951267,534,534,1173.6712588227192,76.06011306323221,0.94496788325287,452.91020209122985,0.33432835820895523,0.33432835820895523,0.33134328358208953,20,0,0,60,15,0.35
altitude_60,altitude,60 m,45,510,P3-U,1539,767,0.4983755685510071,772,772,1841.9265727968814,76.06010128286022,0.9992694093689983,344.5008492297199,0.33376792698826596,0.3324641460234681,0.33376792698826596,20,0,0,60,15,0.35
altitude_60,altitude,60 m,45,510,P3-D,1539,787,0.51137102014295,752,752,1745.0246556337654,76.06010128286022,0.9999940867728566,353.76637607790263,0.3341804320203304,0.33290978398983484,0.33290978398983484,20,0,0,60,15,0.35
altitude_60,altitude,60 m,45,511,P0,1565,1100,0.7028753993610224,465,465,1167.845414976473,81.2128393606168,3.0952607440887823,1086.1835139563748,0,1,0,20,0,0,60,15,0.35
altitude_60,altitude,60 m,45,511,P1,1565,1064,0.6798722044728435,501,501,1284.6825450737917,80.6061056044814,2.6916782252068425,192.64756946643755,0.8139097744360902,0,0.18609022556390978,20,0,0,60,15,0.35
altitude_60,altitude,60 m,45,511,P2,1565,1008,0.6440894568690095,557,557,1443.7099085783966,76.06011414526526,0.9449681186891153,453.4533085786716,0.3333333333333333,0.3333333333333333,0.3333333333333333,20,0,0,60,15,0.35
altitude_60,altitude,60 m,45,511,P3-U,1565,767,0.49009584664536743,798,798,2115.552940402595,76.06010414141123,0.9992697633690759,344.50077008615494,0.33376792698826596,0.3324641460234681,0.33376792698826596,20,0,0,60,15,0.35
altitude_60,altitude,60 m,45,511,P3-D,1565,787,0.5028753993610223,778,778,2016.406718638531,76.06010414141123,0.999995202779797,353.76632327634866,0.3341804320203304,0.33290978398983484,0.33290978398983484,20,0,0,60,15,0.35
altitude_60,altitude,60 m,45,512,P0,1528,1093,0.7153141361256544,435,435,1069.4496467080182,81.21283952578936,3.095261649959881,1079.2712910606053,0,1,0,20,0,0,60,15,0.35
altitude_60,altitude,60 m,45,512,P1,1528,1059,0.6930628272251309,469,469,1188.0592714383467,80.81787479375436,2.826182813165939,191.74248796712757,0.8234183191690274,0,0.17658168083097261,20,0,0,60,15,0.35
altitude_60,altitude,60 m,45,512,P2,1528,1002,0.6557591623036649,526,526,1361.0879065274798,76.06011182773761,0.9449676144254769,452.3670160088855,0.33532934131736525,0.33532934131736525,0.32934131736526945,20,0,0,60,15,0.35
altitude_60,altitude,60 m,45,512,P3-U,1528,767,0.5019633507853403,761,761,1995.0593195705553,76.63332386569365,0.9992681501614508,344.50071377729535,0.33376792698826596,0.3324641460234681,0.33376792698826596,20,0,0,60,15,0.35
altitude_60,altitude,60 m,45,512,P3-D,1528,786,0.5143979057591623,742,742,1895.8076676636992,76.3540995641863,0.9999522332990949,353.58546438482904,0.3333333333333333,0.3333333333333333,0.3333333333333333,20,0,0,60,15,0.35
altitude_60,altitude,60 m,45,513,P0,1472,1065,0.7235054347826086,407,407,1027.25676063006,81.2128393606168,3.0952607440887823,1051.6230818320287,0,1,0,20,0,0,60,15,0.35
altitude_60,altitude,60 m,45,513,P1,1472,1038,0.7051630434782609,434,434,1078.2234914385717,80.71333800956683,2.7589642076161742,187.94006404533857,0.7861271676300579,0,0.2138728323699422,20,0,0,60,15,0.35
altitude_60,altitude,60 m,45,513,P2,1472,996,0.6766304347826086,476,476,1152.332636406275,76.06011025584083,0.9449672724014911,451.2802424509863,0.33634538152610444,0.3373493975903614,0.32630522088353414,20,0,0,60,15,0.35
altitude_60,altitude,60 m,45,513,P3-U,1472,767,0.5210597826086957,705,705,1729.7776779797018,76.35348999251386,0.9992656130582399,344.50060377590705,0.33376792698826596,0.3324641460234681,0.33376792698826596,20,0,0,60,15,0.35
altitude_60,altitude,60 m,45,513,P3-D,1472,788,0.5353260869565217,684,684,1641.7725642499815,76.35409917175802,0.9999723455597396,353.9473438220213,0.33375634517766495,0.33248730964467005,0.33375634517766495,20,0,0,60,15,0.35
altitude_60,altitude,60 m,45,514,P0,1510,1085,0.7185430463576159,425,425,1014.7722176125548,81.21283969096194,3.0952625558309794,1071.3719277586767,0,1,0,20,0,0,60,15,0.35
altitude_60,altitude,60 m,45,514,P1,1510,1053,0.6973509933774834,457,457,1106.0003205534229,80.81787587914384,2.8261882483893004,190.6559432587199,0.8157644824311491,0,0.1842355175688509,20,0,0,60,15,0.35
altitude_60,altitude,60 m,45,514,P2,1510,1001,0.6629139072847682,509,509,1251.3554042838946,76.06011301207846,0.9449678721224875,452.1857882667093,0.3356643356643357,0.3356643356643357,0.32867132867132864,20,0,0,60,15,0.35
altitude_60,altitude,60 m,45,514,P3-U,1510,767,0.5079470198675496,743,743,1906.065260015017,76.05962012003111,0.9992736274725389,344.50113625771195,0.33376792698826596,0.3324641460234681,0.33376792698826596,20,0,0,60,15,0.35
altitude_60,altitude,60 m,45,514,P3-D,1510,786,0.5205298013245033,724,724,1803.1207316563382,76.05962012003111,0.999973118851063,353.5854650438275,0.3333333333333333,0.3333333333333333,0.3333333333333333,20,0,0,60,15,0.35
altitude_60,altitude,60 m,45,515,P0,1546,1095,0.7082794307891332,451,451,1094.893728183131,81.21283969096194,3.0952625558309794,1081.2462128726063,0,1,0,20,0,0,60,15,0.35
altitude_60,altitude,60 m,45,515,P1,1546,1061,0.6862871927554981,485,485,1200.1505282416706,80.81792987118745,2.8262128781134823,192.10449274370848,0.8162111215834119,0,0.18378887841658811,20,0,0,60,15,0.35
altitude_60,altitude,60 m,45,515,P2,1546,1005,0.6500646830530401,541,541,1362.6781805711971,76.06011067194758,0.9449673629408132,452.91002858054435,0.33432835820895523,0.33432835820895523,0.33134328358208953,20,0,0,60,15,0.35
altitude_60,altitude,60 m,45,515,P3-U,1546,767,0.4961190168175938,779,779,1987.2953317532133,76.06010835441808,0.9992696747501162,344.5008674630933,0.33376792698826596,0.3324641460234681,0.33376792698826596,20,0,0,60,15,0.35
altitude_60,altitude,60 m,45,515,P3-D,1546,787,0.5090556274256145,759,759,1896.049303377093,76.06010835441808,0.9999532291042492,353.7665240317199,0.33290978398983484,0.33290978398983484,0.3341804320203304,20,0,0,60,15,0.35
altitude_60,altitude,60 m,45,516,P0,1558,1081,0.6938382541720154,477,477,1147.4661504178378,81.21283903027161,3.095258932346585,1067.4220083175076,0,1,0,20,0,0,60,15,0.35
altitude_60,altitude,60 m,45,516,P1,1558,1056,0.6777920410783055,502,502,1183.0503372815924,80.38353895793267,2.5572018904541682,191.19929821287977,0.803030303030303,0,0.19696969696969696,20,0,0,60,15,0.35
altitude_60,altitude,60 m,45,516,P2,1558,1008,0.6469833119383825,550,550,1303.7825280430295,76.06011062079381,0.9449673518104307,453.4531122458963,0.3333333333333333,0.3333333333333333,0.3333333333333333,20,0,0,60,15,0.35
altitude_60,altitude,60 m,45,516,P3-U,1558,767,0.49229781771501924,791,791,1939.0499753932847,76.06011062079381,0.9992654645778962,344.5004716028146,0.33376792698826596,0.3324641460234681,0.33376792698826596,20,0,0,60,15,0.35
altitude_60,altitude,60 m,45,516,P3-D,1558,786,0.5044929396662388,772,772,1835.8131513281876,76.06011062079381,0.999996990712387,353.5856147239162,0.3333333333333333,0.3333333333333333,0.3333333333333333,20,0,0,60,15,0.35
altitude_60,altitude,60 m,45,517,P0,1579,1055,0.6681443951868271,524,524,1195.066850630726,81.2128393606168,3.0952607440887823,1041.7486175138865,0,1,0,20,0,0,60,15,0.35
altitude_60,altitude,60 m,45,517,P1,1579,1028,0.6510449651678277,551,551,1259.0278291300451,80.60610522460584,2.691676413465722,186.1295532574302,0.8025291828793775,0,0.19747081712062256,20,0,0,60,15,0.35
altitude_60,altitude,60 m,45,517,P2,1579,980,0.6206459784673845,599,599,1358.779470757041,76.06011000602047,0.9449672180438897,448.3833864147952,0.34285714285714286,0.34285714285714286,0.3142857142857143,20,0,0,60,15,0.35
altitude_60,altitude,60 m,45,517,P3-U,1579,767,0.4857504749841672,812,812,1787.0977833351628,76.06010773964441,0.9992668536079871,344.50059643209977,0.33376792698826596,0.3324641460234681,0.33376792698826596,20,0,0,60,15,0.35
altitude_60,altitude,60 m,45,517,P3-D,1579,787,0.49841671944268523,792,792,1715.810543281146,76.06010773964441,0.9999962552889959,353.76670960107333,0.3341804320203304,0.33290978398983484,0.33290978398983484,20,0,0,60,15,0.35
altitude_60,altitude,60 m,45,518,P0,1445,1038,0.7183391003460208,407,407,1072.661153161595,81.21283952578936,3.095261649959881,1024.9622335686422,0,1,0,20,0,0,60,15,0.35
altitude_60,altitude,60 m,45,518,P1,1445,1014,0.7017301038062284,431,431,1114.9609317087095,80.49621822750659,2.6244250253567336,183.59463295867823,0.7948717948717948,0,0.20512820512820512,20,0,0,60,15,0.35
altitude_60,altitude,60 m,45,518,P2,1445,974,0.6740484429065744,471,471,1184.5236142704111,76.06011486234547,0.9449682747164215,447.29691867543085,0.34496919917864477,0.34496919917864477,0.31006160164271046,20,0,0,60,15,0.35
altitude_60,altitude,60 m,45,518,P3-U,1445,767,0.5307958477508651,678,678,1631.7024998378174,76.63331972629047,0.9992664411194336,344.5004578264879,0.33376792698826596,0.3324641460234681,0.33376792698826596,20,0,0,60,15,0.35
altitude_60,altitude,60 m,45,518,P3-D,1445,787,0.5446366782006921,658,658,1544.2825144630322,76.35409514990329,0.9999513338009324,353.7662544864087,0.33290978398983484,0.33290978398983484,0.3341804320203304,20,0,0,60,15,0.35
altitude_60,altitude,60 m,45,519,P0,1456,1073,0.7369505494505495,383,383,899.9279586100387,81.2128393606168,3.0952607440887823,1059.522734617685,0,1,0,20,0,0,60,15,0.35
altitude_60,altitude,60 m,45,519,P1,1456,1052,0.7225274725274725,404,404,937.2843259774382,80.6061634341193,2.691708290154385,190.47473219685642,0.7918250950570342,0,0.20817490494296578,20,0,0,60,15,0.35
altitude_60,altitude,60 m,45,519,P2,1456,997,0.6847527472527473,459,459,1097.3010654120308,76.06011352454394,0.9449679836282633,451.4614689911326,0.3370110330992979,0.3370110330992979,0.3259779338014042,20,0,0,60,15,0.35
altitude_60,altitude,60 m,45,519,P3-U,1456,767,0.5267857142857143,689,689,1714.6193887802522,77.37857618851378,0.9994708453201497,344.50067495972945,0.33376792698826596,0.3324641460234681,0.33376792698826596,20,0,0,60,15,0.35
altitude_60,altitude,60 m,45,519,P3-D,1456,787,0.540521978021978,669,669,1624.0222902587066,76.89674275433504,0.9999729118477784,353.7665642432742,0.33290978398983484,0.33290978398983484,0.3341804320203304,20,0,0,60,15,0.35
altitude_60,altitude,60 m,45,520,P0,1533,1094,0.7136333985649054,439,439,1052.4184659650923,81.21283952578936,3.095261649959881,1080.2589621869322,0,1,0,20,0,0,60,15,0.35
altitude_60,altitude,60 m,45,520,P1,1533,1061,0.6921069797782127,472,472,1169.0323527763624,80.49627773384017,2.624455996174837,192.1042579859388,0.7907634307257304,0,0.20923656927426956,20,0,0,60,15,0.35
altitude_60,altitude,60 m,45,520,P2,1533,1001,0.6529680365296804,532,532,1355.3052410124385,76.06011121296444,0.9449674806589359,452.18563041060446,0.3356643356643357,0.3356643356643357,0.32867132867132864,20,0,0,60,15,0.35
altitude_60,altitude,60 m,45,520,P3-U,1533,767,0.5003261578604045,766,766,1984.6932022323058,76.6333209490043,0.9992708387914467,344.5009018752885,0.33376792698826596,0.3324641460234681,0.33376792698826596,20,0,0,60,15,0.35
altitude_60,altitude,60 m,45,520,P3-D,1533,787,0.5133724722765819,746,746,1889.233303505847,76.35409855428094,0.9999955166672857,353.7663000961378,0.33290978398983484,0.33290978398983484,0.3341804320203304,20,0,0,60,15,0.35
altitude_60,altitude,60 m,45,521,P0,1532,1067,0.6964751958224543,465,465,1092.6792152091589,81.21283919544422,3.0952598382176837,1053.5978313322876,0,1,0,20,0,0,60,15,0.35
altitude_60,altitude,60 m,45,521,P1,1532,1042,0.6801566579634465,490,490,1145.4595812766054,80.71328066304545,2.7589296133158303,188.66447355618212,0.8224568138195777,0,0.17754318618042225,20,0,0,60,15,0.35
altitude_60,altitude,60 m,45,521,P2,1532,995,0.6494778067885117,537,537,1242.2038124722171,76.06011427017533,0.9449681458679162,451.09955579213096,0.33768844221105526,0.33768844221105526,0.3246231155778894,20,0,0,60,15,0.35
altitude_60,altitude,60 m,45,521,P3-U,1532,767,0.5006527415143603,765,765,1802.3619869487595,77.14307239283343,0.9992687006900931,344.5007198932347,0.33376792698826596,0.3324641460234681,0.33376792698826596,20,0,0,60,15,0.35
altitude_60,altitude,60 m,45,521,P3-D,1532,787,0.5137075718015666,745,745,1719.279628964939,76.63332123232321,0.9999557876515998,353.7671227160594,0.33290978398983484,0.33290978398983484,0.3341804320203304,20,0,0,60,15,0.35
altitude_60,altitude,60 m,45,522,P0,1510,1086,0.7192052980132451,424,424,1042.8738928530227,81.21283903027161,3.095258932346585,1072.3593094012756,0,1,0,20,0,0,60,15,0.35
altitude_60,altitude,60 m,45,522,P1,1510,1053,0.6973509933774834,457,457,1147.1557301981807,80.60622221265061,2.6917428844547295,190.6559432587199,0.8005698005698005,0,0.19943019943019943,20,0,0,60,15,0.35
altitude_60,altitude,60 m,45,522,P2,1510,998,0.6609271523178808,512,512,1312.168965992664,76.06011064339646,0.9449673567284663,451.64220902593655,0.3336673346693387,0.3366733466933868,0.32965931863727455,20,0,0,60,15,0.35
altitude_60,altitude,60 m,45,522,P3-U,1510,767,0.5079470198675496,743,743,1924.302883916691,76.63361641823757,0.9992647882680917,344.5004696744076,0.33376792698826596,0.3324641460234681,0.33376792698826596,20,0,0,60,15,0.35
altitude_60,altitude,60 m,45,522,P3-D,1510,787,0.5211920529801325,723,723,1836.6057968854436,76.35425612409409,0.999996541105563,353.76668886489836,0.33290978398983484,0.33290978398983484,0.3341804320203304,20,0,0,60,15,0.35
altitude_60,altitude,60 m,45,523,P0,1559,1087,0.6972418216805645,472,472,1143.6786327512443,81.21283903027161,3.095258932346585,1073.346753076102,0,1,0,20,0,0,60,15,0.35
altitude_60,altitude,60 m,45,523,P1,1559,1060,0.6799230275817832,499,499,1214.6017455478316,80.60610484473025,2.6916746017246016,191.9233860186315,0.8075471698113208,0,0.19245283018867926,20,0,0,60,15,0.35
altitude_60,altitude,60 m,45,523,P2,1559,1002,0.6427196921103271,557,557,1373.1593517139972,76.06011532960548,0.944968376386126,452.3666657583359,0.33532934131736525,0.33532934131736525,0.32934131736526945,20,0,0,60,15,0.35
altitude_60,altitude,60 m,45,523,P3-U,1559,767,0.4919820397690827,792,792,1954.7131998964219,76.05865649397082,0.9992648787540706,344.50051172976504,0.33376792698826596,0.3324641460234681,0.33376792698826596,20,0,0,60,15,0.35
altitude_60,altitude,60 m,45,523,P3-D,1559,787,0.5048107761385503,772,772,1864.9788014485043,76.05865649397082,0.9999947225861492,353.7664135703815,0.3341804320203304,0.33290978398983484,0.33290978398983484,20,0,0,60,15,0.35
altitude_60,altitude,60 m,45,524,P0,1531,1086,0.7093403004572175,445,445,1019.1879518996717,81.21283952578936,3.095261649959881,1072.3594403582003,0,1,0,20,0,0,60,15,0.35
altitude_60,altitude,60 m,45,524,P1,1531,1060,0.6923579359895493,471,471,1108.3647001397344,80.71333819487224,2.7589651134867346,191.9232295134517,0.7943396226415095,0,0.20566037735849058,20,0,0,60,15,0.35
altitude_60,altitude,60 m,45,524,P2,1531,998,0.6518615284128021,533,533,1275.7837134149843,76.06010993226404,0.9449672019954712,451.6421317434,0.3366733466933868,0.3366733466933868,0.32665330661322645,20,0,0,60,15,0.35
altitude_60,altitude,60 m,45,524,P3-U,1531,767,0.5009797517962117,764,764,1888.6862543522448,76.63217761625236,0.9992637960349413,344.5003772529194,0.33376792698826596,0.3324641460234681,0.33376792698826596,20,0,0,60,15,0.35
altitude_60,altitude,60 m,45,524,P3-D,1531,786,0.5133899412148922,745,745,1791.0592960554893,76.35348526774094,0.9999302150694539,353.5857119276439,0.3333333333333333,0.3333333333333333,0.3333333333333333,20,0,0,60,15,0.35
altitude_60,altitude,60 m,45,525,P0,1514,1075,0.7100396301188904,439,439,1075.7425557867548,81.2128393606168,3.0952607440887823,1061.497497902883,0,1,0,20,0,0,60,15,0.35
altitude_60,altitude,60 m,45,525,P1,1514,1050,0.6935270805812418,464,464,1116.7960340564475,80.60610579441916,2.6916791310774024,190.11276219920438,0.8104761904761905,0,0.1895238095238095,20,0,0,60,15,0.35
altitude_60,altitude,60 m,45,525,P2,1514,1008,0.665785997357992,506,506,1203.5906738902709,76.06011178253235,0.9449676045894054,453.45321370453496,0.3333333333333333,0.3333333333333333,0.3333333333333333,20,0,0,60,15,0.35
altitude_60,altitude,60 m,45,525,P3-U,1514,767,0.5066050198150595,747,747,1868.5635466630235,76.06010719862711,0.9992671755212603,344.5006233688181,0.33376792698826596,0.3324641460234681,0.33376792698826596,20,0,0,60,15,0.35
altitude_60,altitude,60 m,45,525,P3-D,1514,787,0.5198150594451784,727,727,1768.4879329973294,76.06010719862711,0.9999946359012163,353.7664119114886,0.3341804320203304,0.33290978398983484,0.33290978398983484,20,0,0,60,15,0.35
altitude_60,altitude,60 m,45,526,P0,1484,1072,0.7223719676549866,412,412,1030.0503248223054,81.21283952578936,3.095261649959881,1058.5352702654498,0,1,0,20,0,0,60,15,0.35
altitude_60,altitude,60 m,45,526,P1,1484,1052,0.7088948787061995,432,432,1072.0246015074313,80.49615794112694,2.62439043105639,190.4748104494463,0.779467680608365,0,0.22053231939163498,20,0,0,60,15,0.35
altitude_60,altitude,60 m,45,526,P2,1484,1000,0.6738544474393531,484,484,1194.075758876177,76.0601100286231,0.9449672229619254,452.00426835065514,0.336,0.336,0.328,20,0,0,60,15,0.35
altitude_60,altitude,60 m,45,526,P3-U,1484,767,0.5168463611859838,717,717,1809.5482864310186,76.89620560830534,0.9992689342816115,344.5007667308317,0.33376792698826596,0.3324641460234681,0.33376792698826596,20,0,0,60,15,0.35
altitude_60,altitude,60 m,45,526,P3-D,1484,787,0.5303234501347709,697,697,1715.9305511477278,76.63388885308676,0.9999953647791072,353.7665370487415,0.33290978398983484,0.33290978398983484,0.3341804320203304,20,0,0,60,15,0.35
altitude_60,altitude,60 m,45,527,P0,1522,1086,0.7135348226018396,436,436,982.1458379706157,81.21283952578936,3.095261649959881,1072.3592749389275,0,1,0,20,0,0,60,15,0.35
altitude_60,altitude,60 m,45,527,P1,1522,1059,0.6957950065703022,463,463,1044.2343646380652,80.60616438379539,2.6917128195071864,191.74234015667997,0.7884796978281398,0,0.21152030217186024,20,0,0,60,15,0.35
altitude_60,altitude,60 m,45,527,P2,1522,1004,0.6596583442838371,518,518,1201.3223399678848,76.06011020468705,0.9449672612711086,452.7287129068546,0.3346613545816733,0.3346613545816733,0.33067729083665337,20,0,0,60,15,0.35
altitude_60,altitude,60 m,45,527,P3-U,1522,767,0.5039421813403416,755,755,1852.225557252137,76.3534843858423,0.9992638189212015,344.5003298323152,0.33376792698826596,0.3324641460234681,0.33376792698826596,20,0,0,60,15,0.35
altitude_60,altitude,60 m,45,527,P3-D,1522,787,0.5170827858081471,735,735,1758.4881934510274,76.06010591792553,0.9999726292926217,353.76635508391314,0.33290978398983484,0.33290978398983484,0.3341804320203304,20,0,0,60,15,0.35
altitude_60,altitude,60 m,45,528,P0,1559,1084,0.6953175112251443,475,475,1126.2350179235411,81.21283969096194,3.0952625558309794,1070.3844289440929,0,1,0,20,0,0,60,15,0.35
altitude_60,altitude,60 m,45,528,P1,1559,1058,0.6786401539448365,501,501,1177.6820754715238,80.71328066304545,2.7589296133158303,191.56125951579958,0.8052930056710775,0,0.1947069943289225,20,0,0,60,15,0.35
altitude_60,altitude,60 m,45,528,P2,1559,1005,0.6446440025657473,554,554,1319.3539048651382,76.06011229499796,0.9449677160951813,452.91005325505,0.33432835820895523,0.33432835820895523,0.33134328358208953,20,0,0,60,15,0.35
altitude_60,altitude,60 m,45,528,P3-U,1559,767,0.4919820397690827,792,792,1947.180635828169,76.06010246720393,0.999267113137728,344.50060693770723,0.33376792698826596,0.3324641460234681,0.33376792698826596,20,0,0,60,15,0.35
altitude_60,altitude,60 m,45,528,P3-D,1559,786,0.504169339320077,773,773,1849.8563971159465,76.06010246720393,0.9999519901722937,353.58534266719056,0.3333333333333333,0.3333333333333333,0.3333333333333333,20,0,0,60,15,0.35
altitude_60,altitude,60 m,45,529,P0,1472,1080,0.7336956521739131,392,392,921.4629491198765,81.21283919544422,3.0952598382176837,1066.4345853200905,0,1,0,20,0,0,60,15,0.35
altitude_60,altitude,60 m,45,529,P1,1472,1055,0.7167119565217391,417,417,970.2735911613845,80.71328196020025,2.758935954409752,191.01817409833833,0.8037914691943128,0,0.1962085308056872,20,0,0,60,15,0.35
altitude_60,altitude,60 m,45,529,P2,1472,1006,0.6834239130434783,466,466,1109.523558887023,76.06011247106183,0.9449677544043648,453.09087882748514,0.33399602385685884,0.33399602385685884,0.3320079522862823,20,0,0,60,15,0.35
altitude_60,altitude,60 m,45,529,P3-U,1472,767,0.5210597826086957,705,705,1801.354269934551,76.06010611659231,0.9992666844665304,344.5006203214625,0.33376792698826596,0.3324641460234681,0.33376792698826596,20,0,0,60,15,0.35
altitude_60,altitude,60 m,45,529,P3-D,1472,786,0.5339673913043478,686,686,1692.8355900606898,76.06010611659231,0.9999520534411405,353.5853521212279,0.3333333333333333,0.3333333333333333,0.3333333333333333,20,0,0,60,15,0.35
altitude_60,altitude,60 m,45,530,P0,1545,1084,0.7016181229773463,461,461,1057.5917164017935,81.2128393606168,3.0952607440887823,1070.384449621502,0,1,0,20,0,0,60,15,0.35
altitude_60,altitude,60 m,45,530,P1,1545,1054,0.6822006472491909,491,491,1141.2976204429897,80.71328158958464,2.7589341426686316,190.83701520486804,0.8083491461100569,0,0.19165085388994307,20,0,0,60,15,0.35
altitude_60,altitude,60 m,45,530,P2,1545,1000,0.6472491909385113,545,545,1285.3442050769952,76.06011234615171,0.9449677272255639,452.00441353215666,0.336,0.336,0.328,20,0,0,60,15,0.35
altitude_60,altitude,60 m,45,530,P3-U,1545,767,0.4964401294498382,778,778,1904.3142384674682,76.63332025454432,0.9992664954994601,344.50066528941846,0.33376792698826596,0.3324641460234681,0.33376792698826596,20,0,0,60,15,0.35
altitude_60,altitude,60 m,45,530,P3-D,1545,786,0.5087378640776699,759,759,1805.5131038128388,76.35409774654232,0.9999966504930793,353.5855371804781,0.3333333333333333,0.3333333333333333,0.3333333333333333,20,0,0,60,15,0.35
altitude_60,altitude,60 m,80,501,P0,2681,1103,0.4114136516225289,1578,1578,2649.1338135971764,81.21283952578936,3.095261649959881,1089.1459001206115,0,1,0,20,0,0,60,15,0.35
altitude_60,altitude,60 m,80,501,P1,2681,1071,0.39947780678851175,1610,1610,2726.0044925952297,80.38347788663499,2.557170919636065,193.9148818053659,0.7843137254901961,0,0.21568627450980393,20,0,0,60,15,0.35
altitude_60,altitude,60 m,80,501,P2,2681,1008,0.37597911227154046,1673,1673,2844.7742482385534,76.06011059819117,0.9449673468923949,453.45300424581893,0.3333333333333333,0.3333333333333333,0.3333333333333333,20,0,0,60,15,0.35
altitude_60,altitude,60 m,80,501,P3-U,2681,767,0.28608728086534874,1914,1914,3256.3970216644984,76.06010576446407,0.999267187915826,344.500596241664,0.33376792698826596,0.3324641460234681,0.33376792698826596,20,0,0,60,15,0.35
altitude_60,altitude,60 m,80,501,P3-D,2681,788,0.29392017903767254,1893,1893,3183.036706093207,76.06010576446407,0.999952935091393,353.9475176665122,0.33375634517766495,0.33248730964467005,0.33375634517766495,20,0,0,60,15,0.35
altitude_60,altitude,60 m,80,502,P0,2595,1104,0.4254335260115607,1491,1491,2730.4867447610764,81.21284018647962,3.095265273444275,1090.1332817632106,0,1,0,20,0,0,60,15,0.35
altitude_60,altitude,60 m,80,502,P1,2595,1066,0.41078998073217726,1529,1529,2819.9087926963584,80.60616362405453,2.691709196024946,193.00968727453719,0.797373358348968,0,0.2026266416510319,20,0,0,60,15,0.35
altitude_60,altitude,60 m,80,502,P2,2595,1008,0.3884393063583815,1587,1587,2944.3264937609492,76.06011128672083,0.9449674967073541,453.45308424190546,0.3333333333333333,0.3333333333333333,0.3333333333333333,20,0,0,60,15,0.35
altitude_60,altitude,60 m,80,502,P3-U,2595,767,0.2955684007707129,1828,1828,3375.477865918271,76.06010658385327,0.9992688769473117,344.5008083434643,0.33376792698826596,0.3324641460234681,0.33376792698826596,20,0,0,60,15,0.35
altitude_60,altitude,60 m,80,502,P3-D,2595,787,0.30327552986512524,1808,1808,3294.9261693766107,76.06010658385327,0.9999524908584868,353.766392517626,0.33290978398983484,0.33290978398983484,0.3341804320203304,20,0,0,60,15,0.35
altitude_60,altitude,60 m,80,503,P0,2680,1103,0.4115671641791045,1577,1577,2657.3294770376647,81.21283952578936,3.095261649959881,1089.145651991702,0,1,0,20,0,0,60,15,0.35
altitude_60,altitude,60 m,80,503,P1,2680,1067,0.39813432835820894,1613,1613,2738.643066028319,80.49627851304936,2.624459619657078,193.190950504794,0.8106841611996252,0,0.1893158388003749,20,0,0,60,15,0.35
altitude_60,altitude,60 m,80,503,P2,2680,1008,0.3761194029850746,1672,1672,2857.866251888294,76.06011367800512,0.9449680170194109,453.45339397293304,0.3333333333333333,0.3333333333333333,0.3333333333333333,20,0,0,60,15,0.35
altitude_60,altitude,60 m,80,503,P3-U,2680,767,0.28619402985074627,1913,1913,3279.650449535644,76.06010761473415,0.9992696684343876,344.50081297372145,0.33376792698826596,0.3324641460234681,0.33376792698826596,20,0,0,60,15,0.35
altitude_60,altitude,60 m,80,503,P3-D,2680,786,0.29328358208955224,1894,1894,3192.7707297814277,76.06010761473415,0.9999952295788753,353.585665090047,0.3333333333333333,0.3333333333333333,0.3333333333333333,20,0,0,60,15,0.35
altitude_60,altitude,60 m,80,504,P0,2672,1104,0.41317365269461076,1568,1568,2564.9470831788562,81.21283952578936,3.095261649959881,1090.1332541933314,0,1,0,20,0,0,60,15,0.35
altitude_60,altitude,60 m,80,504,P1,2672,1069,0.4000748502994012,1603,1603,2650.4277567552986,80.60610655417015,2.691682754559644,193.55287702878502,0.7885874649204865,0,0.21141253507951357,20,0,0,60,15,0.35
altitude_60,altitude,60 m,80,504,P2,2672,1008,0.3772455089820359,1664,1664,2767.4088696089266,76.06011234615171,0.9449677272255639,453.4529528453435,0.3333333333333333,0.3333333333333333,0.3333333333333333,20,0,0,60,15,0.35
altitude_60,altitude,60 m,80,504,P3-U,2672,767,0.2870508982035928,1905,1905,3181.463968554423,76.06010892398636,0.9992668820435493,344.500554118928,0.33376792698826596,0.3324641460234681,0.33376792698826596,20,0,0,60,15,0.35
altitude_60,altitude,60 m,80,504,P3-D,2672,788,0.2949101796407186,1884,1884,3106.463963714763,76.06010892398636,0.9999943576763185,353.9475895453483,0.33375634517766495,0.33248730964467005,0.33375634517766495,20,0,0,60,15,0.35
altitude_60,altitude,60 m,80,505,P0,2723,1101,0.4043334557473375,1622,1622,2686.8253075796856,81.21283969096196,3.0952625558309794,1087.171005878489,0,1,0,20,0,0,60,15,0.35
altitude_60,altitude,60 m,80,505,P1,2723,1068,0.39221446933529197,1655,1655,2744.810642775684,80.4962783182471,2.624458713786517,193.37179638790462,0.7808988764044944,0,0.21910112359550563,20,0,0,60,15,0.35
altitude_60,altitude,60 m,80,505,P2,2723,1008,0.37017994858611825,1715,1715,2870.35980283254,76.060111805135,0.944967609507441,453.4528851485141,0.3333333333333333,0.3333333333333333,0.3333333333333333,20,0,0,60,15,0.35
altitude_60,altitude,60 m,80,505,P3-U,2723,767,0.2816746235769372,1956,1956,3286.635737013983,76.06010581561789,0.9992663528057973,344.50048925870607,0.33376792698826596,0.3324641460234681,0.33376792698826596,20,0,0,60,15,0.35
altitude_60,altitude,60 m,80,505,P3-D,2723,786,0.28865222181417555,1937,1937,3200.2655055963887,76.06010581561789,0.9999517762168707,353.5853196045116,0.3333333333333333,0.3333333333333333,0.3333333333333333,20,0,0,60,15,0.35
altitude_60,altitude,60 m,80,506,P0,2721,1102,0.4049981624402793,1619,1619,2654.4342596011784,81.21283952578936,3.095261649959881,1088.158394413558,0,1,0,20,0,0,60,15,0.35
altitude_60,altitude,60 m,80,506,P1,2721,1071,0.3936052921719956,1650,1650,2727.930075435792,80.71328158958464,2.7589341426686316,193.9150122263491,0.7880485527544351,0,0.2119514472455649,20,0,0,60,15,0.35
altitude_60,altitude,60 m,80,506,P2,2721,1008,0.37045203969129,1713,1713,2837.213355441685,76.0601153522081,0.9449683813041616,453.45292752906437,0.3333333333333333,0.3333333333333333,0.3333333333333333,20,0,0,60,15,0.35
altitude_60,altitude,60 m,80,506,P3-U,2721,767,0.2818816611539875,1954,1954,3218.710330066407,76.06010776819555,0.9992651092240419,344.5004370143216,0.33376792698826596,0.3324641460234681,0.33376792698826596,20,0,0,60,15,0.35
altitude_60,altitude,60 m,80,506,P3-D,2721,787,0.2892319000367512,1934,1934,3142.526292483334,76.06010776819555,0.9999959360327515,353.76658651528453,0.3341804320203304,0.33290978398983484,0.33290978398983484,20,0,0,60,15,0.35
altitude_60,altitude,60 m,80,507,P0,2762,1103,0.39934829833454016,1659,1659,2714.414501322933,81.21283952578936,3.095261649959881,1089.1458380883842,0,1,0,20,0,0,60,15,0.35
altitude_60,altitude,60 m,80,507,P1,2762,1070,0.387400434467777,1692,1692,2793.753727395801,80.7132804777376,2.758928707445271,193.7339663643976,0.8,0,0.2,20,0,0,60,15,0.35
altitude_60,altitude,60 m,80,507,P2,2762,1008,0.36495293265749457,1754,1754,2905.5383035233594,76.06011037097346,0.9449672974528289,453.4531235280342,0.3333333333333333,0.3333333333333333,0.3333333333333333,20,0,0,60,15,0.35
altitude_60,altitude,60 m,80,507,P3-U,2762,767,0.277697320782042,1995,1995,3289.615641686268,76.0601088216788,0.9992682978084007,344.5007051585544,0.33376792698826596,0.3324641460234681,0.33376792698826596,20,0,0,60,15,0.35
altitude_60,altitude,60 m,80,507,P3-D,2762,787,0.28493845039826216,1975,1975,3213.3075777045215,76.0601088216788,0.9999525367587686,353.7663558690562,0.33290978398983484,0.33290978398983484,0.3341804320203304,20,0,0,60,15,0.35
altitude_60,altitude,60 m,80,508,P0,2805,1102,0.3928698752228164,1703,1703,2902.17600153062,81.21283969096194,3.0952625558309794,1088.1584771231942,0,1,0,20,0,0,60,15,0.35
altitude_60,altitude,60 m,80,508,P1,2805,1067,0.3803921568627451,1738,1738,2980.0428357518895,80.60610446485462,2.691672789983481,193.1906548838989,0.795688847235239,0,0.204311152764761,20,0,0,60,15,0.35
altitude_60,altitude,60 m,80,508,P2,2805,1008,0.3593582887700535,1797,1797,3072.433686008966,76.06010889543523,0.9449669763952975,453.452855008455,0.3333333333333333,0.3333333333333333,0.3333333333333333,20,0,0,60,15,0.35
altitude_60,altitude,60 m,80,508,P3-U,2805,767,0.2734402852049911,2038,2038,3422.0937432209253,76.06010771704175,0.9992694053311691,344.5006181438537,0.33376792698826596,0.3324641460234681,0.33376792698826596,20,0,0,60,15,0.35
altitude_60,altitude,60 m,80,508,P3-D,2805,787,0.2805704099821747,2018,2018,3346.974297197895,76.06010771704175,0.9999967967036462,353.76668345811083,0.33290978398983484,0.33290978398983484,0.3341804320203304,20,0,0,60,15,0.35
altitude_60,altitude,60 m,80,509,P0,2656,1104,0.41566265060240964,1552,1552,2571.9072331383227,81.21284018647962,3.095265273444275,1090.1330267418311,0,1,0,20,0,0,60,15,0.35
altitude_60,altitude,60 m,80,509,P1,2656,1069,0.40248493975903615,1587,1587,2645.39856906108,80.60610655417015,2.6916827545596433,193.55315526021573,0.8054256314312441,0,0.19457436856875585,20,0,0,60,15,0.35
altitude_60,altitude,60 m,80,509,P2,2656,1008,0.3795180722891566,1648,1648,2771.010708229519,76.060111805135,0.9449676095074412,453.4531334303216,0.3333333333333333,0.3333333333333333,0.3333333333333333,20,0,0,60,15,0.35
altitude_60,altitude,60 m,80,509,P3-U,2656,767,0.2887801204819277,1889,1889,3167.84425866398,76.06010481328774,0.9992686225205984,344.5006449199769,0.33376792698826596,0.3324641460234681,0.33376792698826596,20,0,0,60,15,0.35
altitude_60,altitude,60 m,80,509,P3-D,2656,787,0.29631024096385544,1869,1869,3090.203675188221,76.06010481328774,0.9999966985143613,353.76667905983015,0.3341804320203304,0.33290978398983484,0.33290978398983484,20,0,0,60,15,0.35
altitude_60,altitude,60 m,80,510,P0,2733,1104,0.4039517014270033,1629,1629,2670.828423776235,81.21283903027161,3.095258932346585,1090.133212838513,0,1,0,20,0,0,60,15,0.35
altitude_60,altitude,60 m,80,510,P1,2733,1069,0.3911452616172704,1664,1664,2765.9736509217614,80.60610484473025,2.691674601724602,193.55292919717826,0.804490177736202,0,0.19550982226379796,20,0,0,60,15,0.35
altitude_60,altitude,60 m,80,510,P2,2733,1008,0.36882546652030734,1725,1725,2876.4636762882433,76.0601100286231,0.9449672229619254,453.4529565086343,0.3333333333333333,0.3333333333333333,0.3333333333333333,20,0,0,60,15,0.35
altitude_60,altitude,60 m,80,510,P3-U,2733,767,0.2806439809732894,1966,1966,3289.608185920419,76.06010885022994,0.9992673047936086,344.50065046152156,0.33376792698826596,0.3324641460234681,0.33376792698826596,20,0,0,60,15,0.35
altitude_60,altitude,60 m,80,510,P3-D,2733,786,0.287596048298573,1947,1947,3204.6648703625747,76.06010885022994,0.9999533609321357,353.58562714931776,0.3333333333333333,0.3333333333333333,0.3333333333333333,20,0,0,60,15,0.35
altitude_60,altitude,60 m,80,511,P0,2668,1103,0.4134182908545727,1565,1565,2604.6628053698723,81.2128393606168,3.0952607440887823,1089.145679561581,0,1,0,20,0,0,60,15,0.35
altitude_60,altitude,60 m,80,511,P1,2668,1067,0.39992503748125935,1601,1601,2687.947945645209,80.71328103366115,2.758931425056951,193.19092442059733,0.8200562324273665,0,0.17994376757263356,20,0,0,60,15,0.35
altitude_60,altitude,60 m,80,511,P2,2668,1008,0.3778110944527736,1660,1660,2794.560994708874,76.06011178253235,0.9449676045894054,453.4530614284282,0.3333333333333333,0.3333333333333333,0.3333333333333333,20,0,0,60,15,0.35
altitude_60,altitude,60 m,80,511,P3-U,2668,767,0.2874812593703148,1901,1901,3199.954437010032,76.06011072310133,0.9992670388095716,344.5006274717467,0.33376792698826596,0.3324641460234681,0.33376792698826596,20,0,0,60,15,0.35
altitude_60,altitude,60 m,80,511,P3-D,2668,787,0.2949775112443778,1881,1881,3121.2277613273623,76.06011072310133,0.9999969946150358,353.76667681484287,0.3341804320203304,0.33290978398983484,0.33290978398983484,20,0,0,60,15,0.35
altitude_60,altitude,60 m,80,512,P0,2595,1104,0.4254335260115607,1491,1491,2515.936013484825,81.21283886509902,3.0952580264754865,1090.133012956892,0,1,0,20,0,0,60,15,0.35
altitude_60,altitude,60 m,80,512,P1,2595,1068,0.4115606936416185,1527,1527,2608.6330539794103,80.71328158958464,2.7589341426686316,193.37212678772866,0.8080524344569289,0,0.19194756554307116,20,0,0,60,15,0.35
altitude_60,altitude,60 m,80,512,P2,2595,1008,0.3884393063583815,1587,1587,2722.587992360396,76.06011202640414,0.9449676576526959,453.4531881101293,0.3333333333333333,0.3333333333333333,0.3333333333333333,20,0,0,60,15,0.35
altitude_60,altitude,60 m,80,512,P3-U,2595,767,0.2955684007707129,1828,1828,3137.824042372058,76.06011052443476,0.9992662248112817,344.5005921599637,0.33376792698826596,0.3324641460234681,0.33376792698826596,20,0,0,60,15,0.35
altitude_60,altitude,60 m,80,512,P3-D,2595,786,0.30289017341040464,1809,1809,3052.1788522061406,76.06011052443476,0.999952966255237,353.58537078562625,0.3333333333333333,0.3333333333333333,0.3333333333333333,20,0,0,60,15,0.35
altitude_60,altitude,60 m,80,513,P0,2669,1104,0.4136380666916448,1565,1565,2596.7331958154477,81.21283952578936,3.095261649959881,1090.1331714836952,0,1,0,20,0,0,60,15,0.35
altitude_60,altitude,60 m,80,513,P1,2669,1067,0.39977519670288497,1602,1602,2687.88987513886,80.60616400392497,2.691711007766066,193.19091572586512,0.8144329896907216,0,0.18556701030927836,20,0,0,60,15,0.35
altitude_60,altitude,60 m,80,513,P2,2669,1008,0.3776695391532409,1661,1661,2799.269647265315,76.06011187889136,0.9449676255558592,453.4530295448725,0.3333333333333333,0.3333333333333333,0.3333333333333333,20,0,0,60,15,0.35
altitude_60,altitude,60 m,80,513,P3-U,2669,767,0.2873735481453728,1902,1902,3205.7002875755347,76.06010872531971,0.9992694350781806,344.50084247200726,0.33376792698826596,0.3324641460234681,0.33376792698826596,20,0,0,60,15,0.35
altitude_60,altitude,60 m,80,513,P3-D,2669,787,0.2948669913825403,1882,1882,3126.247580892092,76.06010872531971,0.9999945497289318,353.76635231468435,0.33290978398983484,0.33290978398983484,0.3341804320203304,20,0,0,60,15,0.35
altitude_60,altitude,60 m,80,514,P0,2721,1104,0.40573318632855565,1617,1617,2658.1655012404176,81.21283952578936,3.095261649959881,1090.133267978271,0,1,0,20,0,0,60,15,0.35
altitude_60,altitude,60 m,80,514,P1,2721,1068,0.39250275633958104,1653,1653,2739.5371871199627,80.71328121896899,2.7589323309275113,193.37181377736906,0.800561797752809,0,0.199438202247191,20,0,0,60,15,0.35
altitude_60,altitude,60 m,80,514,P2,2721,1008,0.37045203969129,1713,1713,2857.191649100561,76.0601131881423,0.9449679104316706,453.4530631805376,0.3333333333333333,0.3333333333333333,0.3333333333333333,20,0,0,60,15,0.35
altitude_60,altitude,60 m,80,514,P3-U,2721,767,0.2818816611539875,1954,1954,3270.113876210625,76.06010601428467,0.999268802946116,344.5007215810527,0.33376792698826596,0.3324641460234681,0.33376792698826596,20,0,0,60,15,0.35
altitude_60,altitude,60 m,80,514,P3-D,2721,786,0.288864388092613,1935,1935,3183.6803725066948,76.06010601428467,0.9999538378081773,353.58573176114413,0.3333333333333333,0.3333333333333333,0.3333333333333333,20,0,0,60,15,0.35
altitude_60,altitude,60 m,80,515,P0,2654,1103,0.41559909570459685,1551,1551,2686.490714023224,81.21283919544422,3.0952598382176837,1089.1458174109753,0,1,0,20,0,0,60,15,0.35
altitude_60,altitude,60 m,80,515,P1,2654,1069,0.40278824415975883,1585,1585,2759.1834181391814,80.60616362405453,2.6917091960249455,193.55285094458836,0.8054256314312441,0,0.19457436856875585,20,0,0,60,15,0.35
altitude_60,altitude,60 m,80,515,P2,2654,1008,0.37980406932931426,1646,1646,2878.625949233199,76.06011355309504,0.9449679898406101,453.45338709768856,0.3333333333333333,0.3333333333333333,0.3333333333333333,20,0,0,60,15,0.35
altitude_60,altitude,60 m,80,515,P3-U,2654,767,0.2889977392614921,1887,1887,3271.3119701742985,76.06011239730546,0.9992707197289917,344.50087668206703,0.33376792698826596,0.3324641460234681,0.33376792698826596,20,0,0,60,15,0.35
altitude_60,altitude,60 m,80,515,P3-D,2654,787,0.2965335342878674,1867,1867,3194.43647376598,76.06011239730546,0.9999540086722062,353.7667237112057,0.33290978398983484,0.33290978398983484,0.3341804320203304,20,0,0,60,15,0.35
altitude_60,altitude,60 m,80,516,P0,2650,1104,0.41660377358490563,1546,1546,2603.815292234228,81.2128393606168,3.0952607440887823,1090.133033634301,0,1,0,20,0,0,60,15,0.35
altitude_60,altitude,60 m,80,516,P1,2650,1068,0.4030188679245283,1582,1582,2684.3006423566617,80.60610579441916,2.691679131077403,193.37208331406762,0.8099250936329588,0,0.1900749063670412,20,0,0,60,15,0.35
altitude_60,altitude,60 m,80,516,P2,2650,1008,0.38037735849056603,1642,1642,2805.2191702165865,76.06011321669341,0.9449679166440175,453.4530824811835,0.3333333333333333,0.3333333333333333,0.3333333333333333,20,0,0,60,15,0.35
altitude_60,altitude,60 m,80,516,P3-U,2650,767,0.28943396226415097,1883,1883,3206.500763444101,76.06010773964441,0.9992701752428059,344.5008221111786,0.33376792698826596,0.3324641460234681,0.33376792698826596,20,0,0,60,15,0.35
altitude_60,altitude,60 m,80,516,P3-D,2650,787,0.2969811320754717,1863,1863,3128.457228179319,76.06010773964441,0.999995950986788,353.7664307577103,0.3341804320203304,0.33290978398983484,0.33290978398983484,20,0,0,60,15,0.35
altitude_60,altitude,60 m,80,517,P0,2628,1104,0.4200913242009132,1524,1524,2524.346998452064,81.21283919544422,3.0952598382176837,1090.1332541933318,0,1,0,20,0,0,60,15,0.35
altitude_60,altitude,60 m,80,517,P1,2628,1070,0.4071537290715373,1558,1558,2598.703059593131,80.60622221265061,2.6917428844547295,193.73394028020095,0.8018691588785046,0,0.19813084112149532,20,0,0,60,15,0.35
altitude_60,altitude,60 m,80,517,P2,2628,1008,0.3835616438356164,1620,1620,2722.6500814610617,76.06011128672083,0.9449674967073541,453.4529636675311,0.3333333333333333,0.3333333333333333,0.3333333333333333,20,0,0,60,15,0.35
altitude_60,altitude,60 m,80,517,P3-U,2628,767,0.2918569254185693,1861,1861,3122.416158905393,76.06010694880656,0.9992688753100708,344.500659173479,0.33376792698826596,0.3324641460234681,0.33376792698826596,20,0,0,60,15,0.35
altitude_60,altitude,60 m,80,517,P3-D,2628,786,0.2990867579908676,1842,1842,3036.726125604309,76.06010694880656,0.999996437352581,353.58552417206903,0.3333333333333333,0.3333333333333333,0.3333333333333333,20,0,0,60,15,0.35
altitude_60,altitude,60 m,80,518,P0,2684,1104,0.4113263785394933,1580,1580,2618.2636984882556,81.21283952578936,3.095261649959881,1090.1331921611043,0,1,0,20,0,0,60,15,0.35
altitude_60,altitude,60 m,80,518,P1,2684,1068,0.3979135618479881,1616,1616,2696.3041764200048,80.71328103366115,2.7589314250569514,193.37186594576232,0.8071161048689138,0,0.19288389513108614,20,0,0,60,15,0.35
altitude_60,altitude,60 m,80,518,P2,2684,1008,0.37555886736214605,1676,1676,2818.5094881606674,76.06011296092473,0.9449678609921048,453.45330065185715,0.3333333333333333,0.3333333333333333,0.3333333333333333,20,0,0,60,15,0.35
altitude_60,altitude,60 m,80,518,P3-U,2684,767,0.2857675111773472,1917,1917,3216.4930479036,76.06010485849308,0.9992674416542167,344.5006145980948,0.33376792698826596,0.3324641460234681,0.33376792698826596,20,0,0,60,15,0.35
altitude_60,altitude,60 m,80,518,P3-D,2684,787,0.29321907600596125,1897,1897,3139.166433455546,76.06010485849308,0.9999531192713567,353.76648951921817,0.33290978398983484,0.33290978398983484,0.3341804320203304,20,0,0,60,15,0.35
altitude_60,altitude,60 m,80,519,P0,2586,1099,0.42498066511987626,1487,1487,2392.0003885103724,81.21284002130707,3.0952643675731766,1085.1961392062453,0,1,0,20,0,0,60,15,0.35
altitude_60,altitude,60 m,80,519,P1,2586,1068,0.41299303944315546,1518,1518,2455.538357828439,80.60610446485462,2.6916727899834814,193.37172683004698,0.7921348314606742,0,0.20786516853932585,20,0,0,60,15,0.35
altitude_60,altitude,60 m,80,519,P2,2586,1006,0.3890177880897138,1580,1580,2578.354215087051,76.06011380291521,0.9449680441982116,453.0907117579321,0.33399602385685884,0.33399602385685884,0.3320079522862823,20,0,0,60,15,0.35
altitude_60,altitude,60 m,80,519,P3-U,2586,767,0.2965970610982212,1819,1819,2983.5284250370805,76.06010344693195,0.9992666115388129,344.5005337667119,0.33376792698826596,0.3324641460234681,0.33376792698826596,20,0,0,60,15,0.35
altitude_60,altitude,60 m,80,519,P3-D,2586,787,0.3043310131477185,1799,1799,2900.969129037815,76.06010344693195,0.9999947122163872,353.7664063025655,0.33290978398983484,0.33290978398983484,0.3341804320203304,20,0,0,60,15,0.35
altitude_60,altitude,60 m,80,520,P0,2641,1104,0.41802347595607725,1537,1537,2690.473785027957,81.21284018647962,3.095265273444275,1090.1332266234529,0,1,0,20,0,0,60,15,0.35
altitude_60,altitude,60 m,80,520,P1,2641,1069,0.40477092010602045,1572,1572,2777.957931641936,80.49621822750659,2.624425025356734,193.5529378919105,0.794200187090739,0,0.205799812909261,20,0,0,60,15,0.35
altitude_60,altitude,60 m,80,520,P2,2641,1008,0.38167360848163573,1633,1633,2892.48426277902,76.06011082540887,0.9449673963319607,453.45291251625736,0.3333333333333333,0.3333333333333333,0.3333333333333333,20,0,0,60,15,0.35
altitude_60,altitude,60 m,80,520,P3-U,2641,767,0.2904202953426732,1874,1874,3307.7829679713964,76.0601071474733,0.9992686056769335,344.5006218071447,0.33376792698826596,0.3324641460234681,0.33376792698826596,20,0,0,60,15,0.35
altitude_60,altitude,60 m,80,520,P3-D,2641,786,0.2976145399469898,1855,1855,3219.7902906667014,76.0601071474733,0.9998957676077747,353.58535431606197,0.3333333333333333,0.3333333333333333,0.3333333333333333,20,0,0,60,15,0.35
altitude_60,altitude,60 m,80,521,P0,2703,1104,0.40843507214206437,1599,1599,2606.600600788933,81.2128393606168,3.0952607440887823,1090.133309333089,0,1,0,20,0,0,60,15,0.35
altitude_60,altitude,60 m,80,521,P1,2703,1068,0.3951165371809101,1635,1635,2680.9526881153333,80.4962781234448,2.6244578079159573,193.37176160897582,0.7893258426966292,0,0.21067415730337077,20,0,0,60,15,0.35
altitude_60,altitude,60 m,80,521,P2,2703,1008,0.3729189789123196,1695,1695,2808.7609748363834,76.0601153522081,0.9449683813041616,453.4531651406668,0.3333333333333333,0.3333333333333333,0.3333333333333333,20,0,0,60,15,0.35
altitude_60,altitude,60 m,80,521,P3-U,2703,767,0.2837587865334813,1936,1936,3222.371152044929,76.06010630548154,0.9992691082629434,344.5007052259329,0.33376792698826596,0.3324641460234681,0.33376792698826596,20,0,0,60,15,0.35
altitude_60,altitude,60 m,80,521,P3-D,2703,788,0.291527931927488,1915,1915,3147.0166662989195,76.06010630548154,0.9999943450442866,353.9475445272393,0.33375634517766495,0.33248730964467005,0.33375634517766495,20,0,0,60,15,0.35
altitude_60,altitude,60 m,80,522,P0,2712,1104,0.40707964601769914,1608,1608,2734.0949399763767,81.21283952578936,3.095261649959881,1090.1332266234529,0,1,0,20,0,0,60,15,0.35
altitude_60,altitude,60 m,80,522,P1,2712,1068,0.3938053097345133,1644,1644,2812.350390234078,80.71328121896897,2.7589323309275113,193.37188333522676,0.7902621722846442,0,0.20973782771535582,20,0,0,60,15,0.35
altitude_60,altitude,60 m,80,522,P2,2712,1008,0.37168141592920356,1704,1704,2932.810405501252,76.06011337703121,0.9449679515314268,453.4530537037494,0.3333333333333333,0.3333333333333333,0.3333333333333333,20,0,0,60,15,0.35
altitude_60,altitude,60 m,80,522,P3-U,2712,767,0.2828171091445428,1945,1945,3321.9589051872344,76.06010471098007,0.9992703097157414,344.50081059706434,0.33376792698826596,0.3324641460234681,0.33376792698826596,20,0,0,60,15,0.35
altitude_60,altitude,60 m,80,522,P3-D,2712,787,0.29019174041297935,1925,1925,3244.6371180936926,76.06010471098007,0.9999949846489616,353.7663422102612,0.3341804320203304,0.33290978398983484,0.33290978398983484,20,0,0,60,15,0.35
altitude_60,altitude,60 m,80,523,P0,2661,1103,0.41450582487786547,1558,1558,2640.0797963722075,81.21283985613451,3.095263461702078,1089.1457622712173,0,1,0,20,0,0,60,15,0.35
altitude_60,altitude,60 m,80,523,P1,2661,1066,0.4006012777151447,1595,1595,2727.0725899011063,80.4962178378966,2.6244232136156134,193.00979161132378,0.8048780487804879,0,0.1951219512195122,20,0,0,60,15,0.35
altitude_60,altitude,60 m,80,523,P2,2661,1008,0.3788049605411499,1653,1653,2835.7940023145593,76.06011193004512,0.9449676366862421,453.45324441898885,0.3333333333333333,0.3333333333333333,0.3333333333333333,20,0,0,60,15,0.35
altitude_60,altitude,60 m,80,523,P3-U,2661,767,0.28823750469748216,1894,1894,3226.1733776255105,76.060108770525,0.9992685928469007,344.50071242637034,0.33376792698826596,0.3324641460234681,0.33376792698826596,20,0,0,60,15,0.35
altitude_60,altitude,60 m,80,523,P3-D,2661,787,0.2957534761367907,1874,1874,3148.104821802567,76.060108770525,0.9999942981517632,353.7662994959051,0.3341804320203304,0.33290978398983484,0.33290978398983484,20,0,0,60,15,0.35
altitude_60,altitude,60 m,80,524,P0,2669,1103,0.41326339452978644,1566,1566,2789.71541763072,81.21283952578936,3.095261649959881,1089.1457622712173,0,1,0,20,0,0,60,15,0.35
altitude_60,altitude,60 m,80,524,P1,2669,1067,0.39977519670288497,1602,1602,2865.528491101116,80.49627792864248,2.6244569020453974,193.19082008381082,0.7928772258669166,0,0.20712277413308341,20,0,0,60,15,0.35
altitude_60,altitude,60 m,80,524,P2,2669,1008,0.3776695391532409,1661,1661,2982.1284611208002,76.06010896919166,0.9449669924437155,453.4529397021773,0.3333333333333333,0.3333333333333333,0.3333333333333333,20,0,0,60,15,0.35
altitude_60,altitude,60 m,80,524,P3-U,2669,767,0.2873735481453728,1902,1902,3374.5217395235136,76.06010707371684,0.9992635192966133,344.50037324721023,0.33376792698826596,0.3324641460234681,0.33376792698826596,20,0,0,60,15,0.35
altitude_60,altitude,60 m,80,524,P3-D,2669,787,0.2948669913825403,1882,1882,3297.043789730221,76.06010707371684,0.9999969853385129,353.76662754182274,0.3341804320203304,0.33290978398983484,0.33290978398983484,20,0,0,60,15,0.35
altitude_60,altitude,60 m,80,525,P0,2621,1103,0.4208317436093094,1518,1518,2710.1496844453163,81.21284002130707,3.0952643675731766,1089.1458794432024,0,1,0,20,0,0,60,15,0.35
altitude_60,altitude,60 m,80,525,P1,2621,1070,0.4082411293399466,1551,1551,2790.831123700469,80.49621803270158,2.6244241194861737,193.73387072234323,0.7925233644859813,0,0.20747663551401868,20,0,0,60,15,0.35
altitude_60,altitude,60 m,80,525,P2,2621,1008,0.384586035864174,1613,1613,2908.505407037513,76.06011288716837,0.9449678449436866,453.4532004383115,0.3333333333333333,0.3333333333333333,0.3333333333333333,20,0,0,60,15,0.35
altitude_60,altitude,60 m,80,525,P3-U,2621,767,0.29263639832125143,1854,1854,3318.601851843971,76.06011123556708,0.9992677507029121,344.50070586770624,0.33376792698826596,0.3324641460234681,0.33376792698826596,20,0,0,60,15,0.35
altitude_60,altitude,60 m,80,525,P3-D,2621,787,0.3002670736360168,1834,1834,3239.5332887100785,76.06011123556708,0.9999543890077973,353.7667636477203,0.33290978398983484,0.33290978398983484,0.3341804320203304,20,0,0,60,15,0.35
altitude_60,altitude,60 m,80,526,P0,2671,1104,0.4133283414451516,1567,1567,2721.178737040106,81.21283952578936,3.095261649959881,1090.1333989351956,0,1,0,20,0,0,60,15,0.35
altitude_60,altitude,60 m,80,526,P1,2671,1070,0.4005990265818046,1601,1601,2797.617832171169,80.38353875800726,2.5572009845836083,193.73377508028895,0.7869158878504673,0,0.2130841121495327,20,0,0,60,15,0.35
altitude_60,altitude,60 m,80,526,P2,2671,1008,0.3773867465368776,1663,1663,2925.696218907181,76.06011301207846,0.9449678721224875,453.45292470968246,0.3333333333333333,0.3333333333333333,0.3333333333333333,20,0,0,60,15,0.35
altitude_60,altitude,60 m,80,526,P3-U,2671,767,0.2871583676525646,1904,1904,3326.5524964311185,76.06010939124702,0.9992697948438181,344.5008291470179,0.33376792698826596,0.3324641460234681,0.33376792698826596,20,0,0,60,15,0.35
altitude_60,altitude,60 m,80,526,P3-D,2671,787,0.2946461999251217,1884,1884,3248.1363194018436,76.06010939124702,0.9999948900302145,353.7664589222961,0.3341804320203304,0.33290978398983484,0.33290978398983484,20,0,0,60,15,0.35
altitude_60,altitude,60 m,80,527,P0,2693,1102,0.409209060527293,1591,1591,2686.7372220583393,81.21283969096194,3.0952625558309794,1088.1583323813302,0,1,0,20,0,0,60,15,0.35
altitude_60,altitude,60 m,80,527,P1,2693,1066,0.39584106943928704,1627,1627,2753.5884872301926,80.49621803270158,2.6244241194861737,193.00973944293045,0.7908067542213884,0,0.20919324577861162,20,0,0,60,15,0.35
altitude_60,altitude,60 m,80,527,P2,2693,1008,0.37430375046416636,1685,1685,2881.498551154778,76.06011367800512,0.9449680170194109,453.4532701866051,0.3333333333333333,0.3333333333333333,0.3333333333333333,20,0,0,60,15,0.35
altitude_60,altitude,60 m,80,527,P3-U,2693,767,0.28481247679168215,1926,1926,3294.03862400859,76.06010771109327,0.9992676625919703,344.5007414231655,0.33376792698826596,0.3324641460234681,0.33376792698826596,20,0,0,60,15,0.35
altitude_60,altitude,60 m,80,527,P3-D,2693,786,0.29186780542146307,1907,1907,3210.1379293431232,76.06010771109327,0.9999525943191356,353.58524623999324,0.3333333333333333,0.3333333333333333,0.3333333333333333,20,0,0,60,15,0.35
altitude_60,altitude,60 m,80,528,P0,2647,1103,0.4166981488477522,1544,1544,2690.347436608713,81.21284018647962,3.095265273444275,1089.1459207980206,0,1,0,20,0,0,60,15,0.35
altitude_60,altitude,60 m,80,528,P1,2647,1071,0.40460899131091804,1576,1576,2762.8174029232537,80.49621822750659,2.624425025356734,193.91487311063375,0.7936507936507936,0,0.20634920634920634,20,0,0,60,15,0.35
altitude_60,altitude,60 m,80,528,P2,2647,1008,0.38080846241027577,1639,1639,2895.408704500211,76.06011273965562,0.9449678128468502,453.45340816766924,0.3333333333333333,0.3333333333333333,0.3333333333333333,20,0,0,60,15,0.35
altitude_60,altitude,60 m,80,528,P3-U,2647,767,0.28976199471099356,1880,1880,3321.4156836987504,76.06010889543523,0.9992690293612474,344.50069814855294,0.33376792698826596,0.3324641460234681,0.33376792698826596,20,0,0,60,15,0.35
altitude_60,altitude,60 m,80,528,P3-D,2647,787,0.2973177181715149,1860,1860,3241.5461936276074,76.06010889543523,0.9999963372463812,353.7667712579545,0.33290978398983484,0.33290978398983484,0.3341804320203304,20,0,0,60,15,0.35
altitude_60,altitude,60 m,80,529,P0,2705,1104,0.4081330868761553,1601,1601,2620.47653660094,81.2128393606168,3.0952607440887823,1090.1332266234529,0,1,0,20,0,0,60,15,0.35
altitude_60,altitude,60 m,80,529,P1,2705,1068,0.39482439926062846,1637,1637,2705.81873693551,81.01979679554373,2.9606910246072764,193.37189202995896,0.7968164794007491,0,0.20318352059925093,20,0,0,60,15,0.35
altitude_60,altitude,60 m,80,529,P2,2705,1008,0.37264325323475045,1697,1697,2823.6047756666753,76.060111805135,0.9449676095074412,453.4529937402115,0.3333333333333333,0.3333333333333333,0.3333333333333333,20,0,0,60,15,0.35
altitude_60,altitude,60 m,80,529,P3-U,2705,767,0.28354898336414047,1938,1938,3213.46351762012,76.06011119036181,0.9992701481431532,344.5008034467801,0.33376792698826596,0.3324641460234681,0.33376792698826596,20,0,0,60,15,0.35
altitude_60,altitude,60 m,80,529,P3-D,2705,787,0.2909426987060998,1918,1918,3136.2874312855297,76.06011119036181,0.9999950122674403,353.76621345678336,0.3341804320203304,0.33290978398983484,0.33290978398983484,20,0,0,60,15,0.35
altitude_60,altitude,60 m,80,530,P0,2691,1103,0.409884801189149,1588,1588,2557.068108024061,81.21283903027161,3.095258932346585,1089.145583067005,0,1,0,20,0,0,60,15,0.35
altitude_60,altitude,60 m,80,530,P1,2691,1064,0.39539204756596064,1627,1627,2639.453160321637,80.6061056044814,2.691678225206842,192.64788247679715,0.818609022556391,0,0.18139097744360902,20,0,0,60,15,0.35
altitude_60,altitude,60 m,80,530,P2,2691,1008,0.3745819397993311,1683,1683,2758.3704072317814,76.06011409411154,0.9449681075587328,453.4534751882747,0.3333333333333333,0.3333333333333333,0.3333333333333333,20,0,0,60,15,0.35
altitude_60,altitude,60 m,80,530,P3-U,2691,767,0.28502415458937197,1924,1924,3174.8243722071193,76.06011025584083,0.9992706889558223,344.50080678179097,0.33376792698826596,0.3324641460234681,0.33376792698826596,20,0,0,60,15,0.35
altitude_60,altitude,60 m,80,530,P3-D,2691,787,0.2924563359345968,1904,1904,3095.0102100035824,76.06011025584083,0.9999961475514008,353.7666189646224,0.33290978398983484,0.33290978398983484,0.3341804320203304,20,0,0,60,15,0.35
altitude_120,altitude,120 m,45,501,P0,1547,1092,0.7058823529411765,455,455,1119.6746476384355,78.08214844897803,1.5052914224433382,529.1726793291734,0,1,0,20,0,0,120,15,0.35
altitude_120,altitude,120 m,45,501,P1,1547,1062,0.6864899806076277,485,485,1199.3531207973365,77.58282719055526,1.341798923590773,106.3732910595879,0.7862523540489642,0,0.2137476459510358,20,0,0,120,15,0.35
altitude_120,altitude,120 m,45,501,P2,1547,1092,0.7058823529411765,455,455,1121.7748143631422,76.28714574977562,0.9956812227806489,386.165661515898,0.260989010989011,0.6593406593406593,0.07967032967032966,20,0,0,120,15,0.35
altitude_120,altitude,120 m,45,501,P3-U,1547,918,0.5934065934065934,629,629,1548.3936340107284,76.28714262710518,0.9999984714804908,291.08313188065483,0.3485838779956427,0.5642701525054467,0.08714596949891068,20,0,0,120,15,0.35
altitude_120,altitude,120 m,45,501,P3-D,1547,869,0.561732385261797,678,678,1706.7022707235099,76.28714262710518,0.9998960775982133,292.7102108545983,0.2991944764096663,0.6156501726121979,0.08515535097813579,20,0,0,120,15,0.35
altitude_120,altitude,120 m,45,502,P0,1485,1088,0.7326599326599327,397,397,960.1162571760914,78.08214811006319,1.5052913049733703,527.2342396676376,0,1,0,20,0,0,120,15,0.35
altitude_120,altitude,120 m,45,502,P1,1485,1060,0.7138047138047138,425,425,1039.0841461137486,77.4757375566953,1.309117039717194,106.17303558579405,0.8169811320754717,0,0.1830188679245283,20,0,0,120,15,0.35
altitude_120,altitude,120 m,45,502,P2,1485,1087,0.731986531986532,398,398,967.9594594847123,76.28714365186268,0.9956807418046958,385.6648103868211,0.27230910763569455,0.6623735050597976,0.06531738730450783,20,0,0,120,15,0.35
altitude_120,altitude,120 m,45,502,P3-U,1485,918,0.6181818181818182,567,567,1386.33396994561,76.28714104156975,0.9999969866263576,291.0830081840568,0.3464052287581699,0.5642701525054467,0.08932461873638345,20,0,0,120,15,0.35
altitude_120,altitude,120 m,45,502,P3-D,1485,869,0.5851851851851851,616,616,1556.4100538357568,76.28714104156975,0.9998966881247717,292.7102744845684,0.31530494821634064,0.6156501726121979,0.06904487917146145,20,0,0,120,15,0.35
altitude_120,altitude,120 m,45,503,P0,1516,1097,0.7236147757255936,419,419,1070.7535533209925,78.08214946572241,1.5052917748532413,531.5958571598791,0,1,0,20,0,0,120,15,0.35
altitude_120,altitude,120 m,45,503,P1,1516,1067,0.7038258575197889,449,449,1158.9192538044313,77.68747212046569,1.374522749368992,106.8738219706617,0.8134957825679475,0,0.18650421743205248,20,0,0,120,15,0.35
altitude_120,altitude,120 m,45,503,P2,1516,1097,0.7236147757255936,419,419,1071.3401505355368,76.28714421264004,0.9956808703707455,386.6664862063924,0.2780309936189608,0.6563354603463992,0.06563354603463993,20,0,0,120,15,0.35
altitude_120,altitude,120 m,45,503,P3-U,1516,917,0.6048812664907651,599,599,1490.3603337162106,76.27951722561636,0.999977825393761,290.9831015764043,0.35877862595419846,0.5648854961832062,0.07633587786259542,20,0,0,120,15,0.35
altitude_120,altitude,120 m,45,503,P3-D,1516,869,0.5732189973614775,647,647,1700.5424152678265,76.27951722561636,0.9998976873028268,292.7104880260164,0.31645569620253167,0.6156501726121979,0.06789413118527042,20,0,0,120,15,0.35
altitude_120,altitude,120 m,45,504,P0,1522,1096,0.7201051248357424,426,426,1057.750479511096,78.08214844897803,1.5052914224433382,531.1110232278827,0,1,0,20,0,0,120,15,0.35
altitude_120,altitude,120 m,45,504,P1,1522,1065,0.6997371879106439,457,457,1151.0884008367207,77.36593557412826,1.2764337462073192,106.67375617807087,0.8131455399061033,0,0.18685446009389672,20,0,0,120,15,0.35
altitude_120,altitude,120 m,45,504,P2,1522,1095,0.7194480946123522,427,427,1063.7700847064973,76.28714421264004,0.9956808703707454,386.466456682964,0.28949771689497716,0.6575342465753424,0.052968036529680365,20,0,0,120,15,0.35
altitude_120,altitude,120 m,45,504,P3-U,1522,917,0.602496714848883,605,605,1456.4316096566959,76.27952213602941,0.9999985312270177,290.9829873611248,0.3555070883315158,0.5648854961832062,0.07960741548527808,20,0,0,120,15,0.35
altitude_120,altitude,120 m,45,504,P3-D,1522,869,0.5709592641261498,653,653,1665.4940934302242,76.27952213602941,0.999897236812493,292.71038392779883,0.3049482163406214,0.6156501726121979,0.07940161104718067,20,0,0,120,15,0.35
altitude_120,altitude,120 m,45,505,P0,1562,1094,0.7003841229193342,468,468,1156.3208221889506,78.08214912680764,1.5052916573832735,530.1421214665032,0,1,0,20,0,0,120,15,0.35
altitude_120,altitude,120 m,45,505,P1,1562,1063,0.6805377720870679,499,499,1256.808489098638,77.68747100699314,1.3745223969599178,106.47316445123526,0.7968015051740357,0,0.20319849482596425,20,0,0,120,15,0.35
altitude_120,altitude,120 m,45,505,P2,1562,1094,0.7003841229193342,468,468,1156.9473401045964,76.28714487021475,0.9956810211289587,386.36618404404805,0.2760511882998172,0.6581352833638026,0.06581352833638025,20,0,0,120,15,0.35
altitude_120,altitude,120 m,45,505,P3-U,1562,917,0.587067861715749,645,645,1540.223219305944,76.28714052919074,0.9999968287013837,290.9828012432637,0.3446019629225736,0.5648854961832062,0.09051254089422028,20,0,0,120,15,0.35
altitude_120,altitude,120 m,45,505,P3-D,1562,869,0.5563380281690141,693,693,1749.8243305352603,76.28714052919074,0.9999476307555671,292.710375019444,0.3095512082853855,0.6156501726121979,0.07479861910241657,20,0,0,120,15,0.35
altitude_120,altitude,120 m,45,506,P0,1521,1096,0.7205785667324129,425,425,1069.7743432604575,78.0821494657224,1.505291774853241,531.1110984701037,0,1,0,20,0,0,120,15,0.35
altitude_120,altitude,120 m,45,506,P1,1521,1064,0.6995397764628534,457,457,1175.1602292005894,77.58282719055526,1.341798923590773,106.57352928963601,0.7885338345864662,0,0.21146616541353383,20,0,0,120,15,0.35
altitude_120,altitude,120 m,45,506,P2,1521,1095,0.7199211045364892,426,426,1076.0591417787375,76.2871463589514,0.9956813624427802,386.4661058272933,0.26118721461187216,0.6575342465753424,0.08127853881278539,20,0,0,120,15,0.35
altitude_120,altitude,120 m,45,506,P3-U,1521,918,0.6035502958579881,603,603,1522.4882085697773,76.28714211472635,0.9999989161690267,291.0831952241429,0.3540305010893246,0.5642701525054467,0.08169934640522876,20,0,0,120,15,0.35
altitude_120,altitude,120 m,45,506,P3-D,1521,869,0.5713346482577252,652,652,1679.9340712223122,76.28714211472635,0.9998958140039214,292.71017964396685,0.3084004602991945,0.6156501726121979,0.0759493670886076,20,0,0,120,15,0.35
altitude_120,altitude,120 m,45,507,P0,1491,1068,0.716297786720322,423,423,930.4500397906297,78.08214878789285,1.505291539913306,517.5426022565139,0,1,0,20,0,0,120,15,0.35
altitude_120,altitude,120 m,45,507,P1,1491,1046,0.7015425888665325,445,445,975.6811783760113,77.47587046007962,1.3091571021067727,104.77054027566217,0.7925430210325047,0,0.2074569789674952,20,0,0,120,15,0.35
altitude_120,altitude,120 m,45,507,P2,1491,1068,0.716297786720322,423,423,931.6454092672525,76.28714467661992,0.9956809767446313,383.76195488418114,0.25936329588014984,0.6741573033707865,0.06647940074906367,20,0,0,120,15,0.35
altitude_120,altitude,120 m,45,507,P3-U,1491,917,0.6150234741784038,574,574,1158.8936616462024,76.28714104156975,0.9999979370652913,290.98294425176044,0.34023991275899673,0.5648854961832062,0.09487459105779716,20,0,0,120,15,0.35
altitude_120,altitude,120 m,45,507,P3-D,1491,869,0.5828303152246814,622,622,1381.6381572849434,76.28714104156975,0.9998964864381381,292.71025160932777,0.30149597238204834,0.6156501726121979,0.08285385500575373,20,0,0,120,15,0.35
altitude_120,altitude,120 m,45,508,P0,1526,1097,0.718872870249017,429,429,1037.06705188035,78.08214912680764,1.5052916573832738,531.5957203558411,0,1,0,20,0,0,120,15,0.35
altitude_120,altitude,120 m,45,508,P1,1526,1062,0.6959370904325033,464,464,1161.5401545508353,77.6873418257305,1.3744815122825,106.37316173149492,0.7947269303201506,0,0.20527306967984935,20,0,0,120,15,0.35
altitude_120,altitude,120 m,45,508,P2,1526,1096,0.7182175622542595,430,430,1045.5714599434461,76.28714472501863,0.9956809878407133,386.5661983291043,0.2728102189781022,0.656934306569343,0.07025547445255474,20,0,0,120,15,0.35
altitude_120,altitude,120 m,45,508,P3-U,1526,918,0.601572739187418,608,608,1517.6528461323849,76.27951619905778,0.9999956199545937,291.08299036734707,0.3431372549019608,0.5642701525054467,0.09259259259259259,20,0,0,120,15,0.35
altitude_120,altitude,120 m,45,508,P3-D,1526,869,0.5694626474442989,657,657,1678.0505976730221,76.27951619905778,0.9999465511392618,292.71025132284586,0.29804372842347526,0.6156501726121979,0.08630609896432681,20,0,0,120,15,0.35
altitude_120,altitude,120 m,45,509,P0,1549,1079,0.6965784377017431,470,470,1024.5505069490932,78.08214946572241,1.5052917748532415,522.8731625513464,0,1,0,20,0,0,120,15,0.35
altitude_120,altitude,120 m,45,509,P1,1549,1055,0.6810845706907682,494,494,1076.392447139444,77.47587123945794,1.3091573370461551,105.67194425298402,0.7962085308056872,0,0.2037914691943128,20,0,0,120,15,0.35
altitude_120,altitude,120 m,45,509,P2,1549,1079,0.6965784377017431,470,470,1025.1462481068547,76.28714523739716,0.9956811053106811,384.8637124527582,0.26135310472659873,0.6672845227062094,0.07136237256719184,20,0,0,120,15,0.35
altitude_120,altitude,120 m,45,509,P3-U,1549,917,0.591994835377663,632,632,1294.1835852979607,76.27188416493674,0.9999974801899305,290.98289608386517,0.3511450381679389,0.5648854961832062,0.08396946564885496,20,0,0,120,15,0.35
altitude_120,altitude,120 m,45,509,P3-D,1549,869,0.5610071013557134,680,680,1519.7637997062918,76.27188416493674,0.9998972422058687,292.7103907680007,0.3095512082853855,0.6156501726121979,0.07479861910241657,20,0,0,120,15,0.35
altitude_120,altitude,120 m,45,510,P0,1539,1080,0.7017543859649122,459,459,1000.9821949079724,78.08214844897803,1.5052914224433382,523.3574903084018,0,1,0,20,0,0,120,15,0.35
altitude_120,altitude,120 m,45,510,P1,1539,1053,0.6842105263157895,486,486,1064.2554830418296,77.58282719055526,1.341798923590773,105.47191294788468,0.8176638176638177,0,0.18233618233618235,20,0,0,120,15,0.35
altitude_120,altitude,120 m,45,510,P2,1539,1080,0.7017543859649122,459,459,1002.051559074012,76.28714491861345,0.9956810322250407,384.96377368115844,0.275,0.6666666666666666,0.058333333333333334,20,0,0,120,15,0.35
altitude_120,altitude,120 m,45,510,P3-U,1539,917,0.5958414554905783,622,622,1300.788214314682,76.28333050163928,0.9999969223787918,290.9829070603729,0.36095965103598693,0.5648854961832062,0.07415485278080698,20,0,0,120,15,0.35
altitude_120,altitude,120 m,45,510,P3-D,1539,869,0.5646523716699156,670,670,1515.6689233913412,76.28333050163928,0.9999464433803749,292.7101953925236,0.3130034522439586,0.6156501726121979,0.0713463751438435,20,0,0,120,15,0.35
altitude_120,altitude,120 m,45,511,P0,1565,1100,0.7028753993610224,465,465,1167.845414976473,78.08214878789285,1.5052915399133058,533.0494834100244,0,1,0,20,0,0,120,15,0.35
altitude_120,altitude,120 m,45,511,P1,1565,1064,0.6798722044728435,501,501,1284.6825450737917,77.47573560818921,1.3091164523687375,106.57349480214454,0.8139097744360902,0,0.18609022556390978,20,0,0,120,15,0.35
altitude_120,altitude,120 m,45,511,P2,1565,1100,0.7028753993610224,465,465,1168.6419576205349,76.2871437486601,0.9956807639968597,386.9669108566279,0.28,0.6545454545454545,0.06545454545454546,20,0,0,120,15,0.35
altitude_120,altitude,120 m,45,511,P3-U,1565,918,0.5865814696485623,647,647,1634.8219311493708,76.28333204012527,0.9999986342462318,291.0831741305733,0.355119825708061,0.5642701525054467,0.08061002178649238,20,0,0,120,15,0.35
altitude_120,altitude,120 m,45,511,P3-D,1565,869,0.5552715654952076,696,696,1789.930934664072,76.28333204012527,0.999896638269321,292.7103217930178,0.2957422324510932,0.6156501726121979,0.08860759493670886,20,0,0,120,15,0.35
altitude_120,altitude,120 m,45,512,P0,1528,1093,0.7153141361256544,435,435,1069.4496467080182,78.08214912680764,1.5052916573832735,529.6572054520841,0,1,0,20,0,0,120,15,0.35
altitude_120,altitude,120 m,45,512,P1,1528,1059,0.6930628272251309,469,469,1188.0592714383467,77.68734145456187,1.3744813948128087,106.07289491608782,0.8234183191690274,0,0.17658168083097261,20,0,0,120,15,0.35
altitude_120,altitude,120 m,45,512,P2,1528,1092,0.7146596858638743,436,436,1078.1210694001043,76.28714472501863,0.9956809878407133,386.165716810477,0.27564102564102566,0.6593406593406593,0.06501831501831502,20,0,0,120,15,0.35
altitude_120,altitude,120 m,45,512,P3-U,1528,917,0.600130890052356,611,611,1470.7577190963873,76.27951927873282,0.9999986750959988,290.9830994454721,0.35877862595419846,0.5648854961832062,0.07633587786259542,20,0,0,120,15,0.35
altitude_120,altitude,120 m,45,512,P3-D,1528,869,0.568717277486911,659,659,1683.1236807909672,76.27951927873282,0.9998971399378782,292.7103946178246,0.3176064441887227,0.6156501726121979,0.0667433831990794,20,0,0,120,15,0.35
altitude_120,altitude,120 m,45,513,P0,1472,1065,0.7235054347826086,407,407,1027.25676063006,78.08214878789285,1.505291539913306,516.0887708003114,0,1,0,20,0,0,120,15,0.35
altitude_120,altitude,120 m,45,513,P1,1472,1038,0.7051630434782609,434,434,1078.2234914385717,77.58295989847339,1.3418399257378824,103.9693028336652,0.7861271676300579,0,0.2138728323699422,20,0,0,120,15,0.35
altitude_120,altitude,120 m,45,513,P2,1472,1065,0.7235054347826086,407,407,1027.8731354240115,76.28714574977562,0.9956812227806489,383.4613250278886,0.2507042253521127,0.676056338028169,0.07323943661971831,20,0,0,120,15,0.35
altitude_120,altitude,120 m,45,513,P3-U,1472,918,0.623641304347826,554,554,1265.4868555506628,76.2718825738209,0.9999993098995845,291.08316073665145,0.3474945533769063,0.5642701525054467,0.08823529411764706,20,0,0,120,15,0.35
altitude_120,altitude,120 m,45,513,P3-D,1472,869,0.5903532608695652,603,603,1422.1062055400869,76.2718825738209,0.999944294431235,292.710304835754,0.29689298043728424,0.6156501726121979,0.08745684695051784,20,0,0,120,15,0.35
altitude_120,altitude,120 m,45,514,P0,1510,1085,0.7185430463576159,425,425,1014.7722176125548,78.0821494657224,1.505291774853241,525.7806339380979,0,1,0,20,0,0,120,15,0.35
altitude_120,altitude,120 m,45,514,P1,1510,1053,0.6973509933774834,457,457,1106.0003205534229,77.68734368157314,1.3744820996309568,105.47173188855449,0.8157644824311491,0,0.1842355175688509,20,0,0,120,15,0.35
altitude_120,altitude,120 m,45,514,P2,1510,1084,0.7178807947019867,426,426,1022.891739910848,76.28714421264004,0.9956808703707457,385.36465365038765,0.2822878228782288,0.6642066420664207,0.05350553505535055,20,0,0,120,15,0.35
altitude_120,altitude,120 m,45,514,P3-U,1510,917,0.6072847682119206,593,593,1365.957329123875,76.26806185016369,0.9999976023169983,290.9828496976409,0.3511450381679389,0.5648854961832062,0.08396946564885496,20,0,0,120,15,0.35
altitude_120,altitude,120 m,45,514,P3-D,1510,869,0.5754966887417219,641,641,1581.4574655141248,76.26806185016369,0.9998981519482331,292.71045411148884,0.3141542002301496,0.6156501726121979,0.07019562715765247,20,0,0,120,15,0.35
altitude_120,altitude,120 m,45,515,P0,1546,1095,0.7082794307891332,451,451,1094.893728183131,78.0821494657224,1.505291774853241,530.626428702953,0,1,0,20,0,0,120,15,0.35
altitude_120,altitude,120 m,45,515,P1,1546,1061,0.6862871927554981,485,485,1200.1505282416706,77.68746952236262,1.3745219270811528,106.27310728051732,0.8162111215834119,0,0.18378887841658811,20,0,0,120,15,0.35
altitude_120,altitude,120 m,45,515,P2,1546,1094,0.7076326002587322,452,452,1103.0477421109526,76.28714462822121,0.9956809656485492,386.36594998199433,0.273308957952468,0.6581352833638026,0.06855575868372943,20,0,0,120,15,0.35
altitude_120,altitude,120 m,45,515,P3-U,1546,918,0.5937904269081501,628,628,1529.4377386737488,76.28714206632762,0.9999966964660592,291.0829751917543,0.3540305010893246,0.5642701525054467,0.08169934640522876,20,0,0,120,15,0.35
altitude_120,altitude,120 m,45,515,P3-D,1546,869,0.5620957309184994,677,677,1689.386746428184,76.28714206632762,0.9998963991251163,292.71028281995933,0.31530494821634064,0.6156501726121979,0.06904487917146145,20,0,0,120,15,0.35
altitude_120,altitude,120 m,45,516,P0,1558,1081,0.6938382541720154,477,477,1147.4661504178378,78.08214811006319,1.5052913049733703,523.8421121941391,0,1,0,20,0,0,120,15,0.35
altitude_120,altitude,120 m,45,516,P1,1558,1056,0.6777920410783055,502,502,1183.0503372815924,77.2534297174011,1.2437918072536276,105.77239531011338,0.803030303030303,0,0.19696969696969696,20,0,0,120,15,0.35
altitude_120,altitude,120 m,45,516,P2,1558,1080,0.693196405648267,478,478,1153.3443597260728,76.28714426103875,0.9956808814668275,384.9639470408409,0.26944444444444443,0.6666666666666666,0.06388888888888888,20,0,0,120,15,0.35
altitude_120,altitude,120 m,45,516,P3-U,1558,917,0.5885750962772786,641,641,1436.40767358342,76.2833321370077,0.9999769850650386,290.9831610072892,0.3642311886586696,0.5648854961832062,0.07088331515812432,20,0,0,120,15,0.35
altitude_120,altitude,120 m,45,516,P3-D,1558,869,0.5577663671373556,689,689,1629.0222634282354,76.2833321370077,0.9998958620376807,292.71024149226594,0.3037974683544304,0.6156501726121979,0.0805523590333717,20,0,0,120,15,0.35
altitude_120,altitude,120 m,45,517,P0,1579,1055,0.6681443951868271,524,524,1195.066850630726,78.08214878789285,1.5052915399133058,511.2427981902068,0,1,0,20,0,0,120,15,0.35
altitude_120,altitude,120 m,45,517,P1,1579,1028,0.6510449651678277,551,551,1259.0278291300451,77.47573482878653,1.309116217429355,102.96775818663716,0.8025291828793775,0,0.19747081712062256,20,0,0,120,15,0.35
altitude_120,altitude,120 m,45,517,P2,1579,1055,0.6681443951868271,524,524,1195.6848163954546,76.28714482181604,0.995681010032877,382.45976491878565,0.26066350710900477,0.6824644549763034,0.05687203791469194,20,0,0,120,15,0.35
altitude_120,altitude,120 m,45,517,P3-U,1579,917,0.5807473084230526,662,662,1416.1822327589075,76.27570162590567,0.9999995024964644,290.98288625328524,0.3511450381679389,0.5648854961832062,0.08396946564885496,20,0,0,120,15,0.35
altitude_120,altitude,120 m,45,517,P3-D,1579,869,0.5503483217226093,710,710,1533.1847594157052,76.27570162590567,0.9998962946400599,292.71031196243786,0.30264672036823936,0.6156501726121979,0.08170310701956271,20,0,0,120,15,0.35
altitude_120,altitude,120 m,45,518,P0,1445,1038,0.7183391003460208,407,407,1072.661153161595,78.08214912680764,1.505291657383274,503.0048485910455,0,1,0,20,0,0,120,15,0.35
altitude_120,altitude,120 m,45,518,P1,1445,1014,0.7017301038062284,431,431,1114.9609317087095,77.36593597380772,1.2764338636770107,101.56539220459827,0.7948717948717948,0,0.20512820512820512,20,0,0,120,15,0.35
altitude_120,altitude,120 m,45,518,P2,1445,1038,0.7183391003460208,407,407,1073.329126470762,76.2871464073501,0.995681373538862,380.75688208702667,0.24470134874759153,0.6936416184971098,0.06165703275529865,20,0,0,120,15,0.35
altitude_120,altitude,120 m,45,518,P3-U,1445,917,0.6346020761245674,528,528,1182.7766263940591,76.26806040348244,0.9999969813610876,290.9828015297456,0.33696837513631406,0.5648854961832062,0.09814612868047982,20,0,0,120,15,0.35
altitude_120,altitude,120 m,45,518,P3-D,1445,869,0.6013840830449827,576,576,1346.483629727695,76.26806040348244,0.999896528831698,292.71030989428493,0.3003452243958573,0.6156501726121979,0.08400460299194476,20,0,0,120,15,0.35
altitude_120,altitude,120 m,45,519,P0,1456,1073,0.7369505494505495,383,383,899.9279586100387,78.08214878789285,1.505291539913306,519.9656296027777,0,1,0,20,0,0,120,15,0.35
altitude_120,altitude,120 m,45,519,P1,1456,1052,0.7225274725274725,404,404,937.2843259774382,77.4758700703904,1.3091569846370814,105.37141878139099,0.7918250950570342,0,0.20817490494296578,20,0,0,120,15,0.35
altitude_120,altitude,120 m,45,519,P2,1456,1073,0.7369505494505495,383,383,900.9298353316934,76.28714482181604,0.9956810100328772,384.2627682489065,0.2721342031686859,0.6710158434296365,0.05684995340167754,20,0,0,120,15,0.35
altitude_120,altitude,120 m,45,519,P3-U,1456,918,0.6304945054945055,538,538,1224.6505320368217,76.28333064696298,0.9999970169434508,291.08307244977,0.3485838779956427,0.5642701525054467,0.08714596949891068,20,0,0,120,15,0.35
altitude_120,altitude,120 m,45,519,P3-D,1456,869,0.5968406593406593,587,587,1395.6652793448295,76.28333064696298,0.9998969382560603,292.7104538250069,0.3187571921749137,0.6156501726121979,0.06559263521288838,20,0,0,120,15,0.35
altitude_120,altitude,120 m,45,520,P0,1533,1094,0.7136333985649054,439,439,1052.4184659650923,78.08214912680764,1.5052916573832735,530.1420257036767,0,1,0,20,0,0,120,15,0.35
altitude_120,altitude,120 m,45,520,P1,1533,1061,0.6921069797782127,472,472,1169.0323527763624,77.36607427847294,1.276474513415046,106.27287448995001,0.7907634307257304,0,0.20923656927426956,20,0,0,120,15,0.35
altitude_120,altitude,120 m,45,520,P2,1533,1094,0.7136333985649054,439,439,1053.0418544644008,76.28714467661992,0.9956809767446313,386.3661192053709,0.27056672760511885,0.6581352833638026,0.0712979890310786,20,0,0,120,15,0.35
altitude_120,altitude,120 m,45,520,P3-U,1533,917,0.5981735159817352,616,616,1449.3494214911477,76.28714272390265,0.9999991049651603,290.9829659810732,0.3489640130861505,0.5648854961832062,0.0861504907306434,20,0,0,120,15,0.35
altitude_120,altitude,120 m,45,520,P3-D,1533,869,0.5668623613829094,664,664,1661.4631577722512,76.28714272390265,0.999947386109058,292.7103661110892,0.3222094361334868,0.6156501726121979,0.06214039125431531,20,0,0,120,15,0.35
altitude_120,altitude,120 m,45,521,P0,1532,1067,0.6964751958224543,465,465,1092.6792152091589,78.08214844897803,1.505291422443338,517.0578230461329,0,1,0,20,0,0,120,15,0.35
altitude_120,altitude,120 m,45,521,P1,1532,1042,0.6801566579634465,490,490,1145.4595812766054,77.58282681034598,1.3417988061210817,104.370124168676,0.8224568138195777,0,0.17754318618042225,20,0,0,120,15,0.35
altitude_120,altitude,120 m,45,521,P2,1532,1067,0.6964751958224543,465,465,1093.2810496783795,76.28714574977562,0.9956812227806486,383.66156589905336,0.25866916588566075,0.6747891283973758,0.06654170571696345,20,0,0,120,15,0.35
altitude_120,altitude,120 m,45,521,P3-U,1532,917,0.5985639686684073,615,615,1446.508189450669,76.25656890625014,0.9999988609221215,290.98295522826817,0.36314067611777534,0.5648854961832062,0.07197382769901854,20,0,0,120,15,0.35
altitude_120,altitude,120 m,45,521,P3-D,1532,869,0.5672323759791122,663,663,1512.4274252786627,76.25656890625014,0.999897313802087,292.7103175939327,0.3176064441887227,0.6156501726121979,0.0667433831990794,20,0,0,120,15,0.35
altitude_120,altitude,120 m,45,522,P0,1510,1086,0.7192052980132451,424,424,1042.8738928530227,78.08214811006319,1.5052913049733703,526.2651669012106,0,1,0,20,0,0,120,15,0.35
altitude_120,altitude,120 m,45,522,P1,1510,1053,0.6973509933774834,457,457,1147.1557301981807,77.47600647681405,1.309198104253882,105.47173188855449,0.8005698005698005,0,0.19943019943019943,20,0,0,120,15,0.35
altitude_120,altitude,120 m,45,522,P2,1510,1086,0.7192052980132451,424,424,1043.4925365596719,76.28714528579586,0.9956811164067627,385.5647532947267,0.27624309392265195,0.6629834254143646,0.06077348066298342,20,0,0,120,15,0.35
altitude_120,altitude,120 m,45,522,P3-U,1510,881,0.5834437086092715,629,629,1673.519987823115,76.2718810798427,0.9999486920843783,287.7614599115407,0.3348467650397276,0.5891032917139614,0.07604994324631101,20,0,0,120,15,0.35
altitude_120,altitude,120 m,45,522,P3-D,1510,869,0.5754966887417219,641,641,1618.053799862637,76.2718810798427,0.9998967339421193,292.7103271380307,0.31070195627157654,0.6156501726121979,0.07364787111622555,20,0,0,120,15,0.35
altitude_120,altitude,120 m,45,523,P0,1559,1087,0.6972418216805645,472,472,1143.6786327512443,78.08214811006319,1.5052913049733705,526.7497614261403,0,1,0,20,0,0,120,15,0.35
altitude_120,altitude,120 m,45,523,P1,1559,1060,0.6799230275817832,499,499,1214.6017455478316,77.47573404938373,1.309115982489972,106.17289763582824,0.8075471698113208,0,0.19245283018867926,20,0,0,120,15,0.35
altitude_120,altitude,120 m,45,523,P2,1559,1086,0.6966003848620911,473,473,1151.3373656182791,76.28714579817432,0.9956812338767304,385.56476013492863,0.27440147329650094,0.6629834254143646,0.06261510128913444,20,0,0,120,15,0.35
altitude_120,altitude,120 m,45,523,P3-U,1559,917,0.5881975625400898,642,642,1468.64996913236,76.26040458447957,0.9999778481955367,290.98323297265017,0.36205016357688113,0.5648854961832062,0.07306434023991276,20,0,0,120,15,0.35
altitude_120,altitude,120 m,45,523,P3-D,1559,869,0.5574085952533675,690,690,1667.9203894045477,76.26040458447957,0.9998970373994991,292.710297995552,0.2945914844649022,0.6156501726121979,0.08975834292289989,20,0,0,120,15,0.35
altitude_120,altitude,120 m,45,524,P0,1531,1086,0.7093403004572175,445,445,1019.1879518996717,78.08214912680764,1.5052916573832735,526.2652968650466,0,1,0,20,0,0,120,15,0.35
altitude_120,altitude,120 m,45,524,P1,1531,1060,0.6923579359895493,471,471,1108.3647001397344,77.58296027867102,1.3418400432075737,106.17274244211663,0.7943396226415095,0,0.20566037735849058,20,0,0,120,15,0.35
altitude_120,altitude,120 m,45,524,P2,1531,1086,0.7093403004572175,445,445,1019.818252419098,76.2871458949717,0.9956812560688943,385.56491418271247,0.26703499079189685,0.6629834254143646,0.06998158379373849,20,0,0,120,15,0.35
altitude_120,altitude,120 m,45,524,P3-U,1531,881,0.5754408883082952,650,650,1637.4345145085706,76.27570218816243,0.9999509238352695,287.76147152379156,0.32122587968217936,0.5891032917139614,0.08967082860385925,20,0,0,120,15,0.35
altitude_120,altitude,120 m,45,524,P3-D,1531,869,0.5676028739386022,662,662,1573.0967526420866,76.27570218816243,0.9998961016225554,292.7102082134815,0.3084004602991945,0.6156501726121979,0.0759493670886076,20,0,0,120,15,0.35
altitude_120,altitude,120 m,45,525,P0,1514,1075,0.7100396301188904,439,439,1075.7425557867548,78.08214878789285,1.5052915399133062,520.9346955290029,0,1,0,20,0,0,120,15,0.35
altitude_120,altitude,120 m,45,525,P1,1514,1050,0.6935270805812418,464,464,1116.7960340564475,77.47573599789051,1.3091165698384288,105.1712409044529,0.8104761904761905,0,0.1895238095238095,20,0,0,120,15,0.35
altitude_120,altitude,120 m,45,525,P2,1514,1074,0.7093791281373845,440,440,1081.2222407884685,76.28714584657301,0.9956812449728124,384.3627257283504,0.2569832402234637,0.6703910614525139,0.07262569832402235,20,0,0,120,15,0.35
altitude_120,altitude,120 m,45,525,P3-U,1514,918,0.6063408190224571,596,596,1392.2257987985506,76.2871399684129,0.9999976620642704,291.0829885856761,0.35185185185185186,0.5642701525054467,0.08387799564270153,20,0,0,120,15,0.35
altitude_120,altitude,120 m,45,525,P3-D,1514,869,0.5739762219286658,645,645,1546.4045183887088,76.2871399684129,0.9998977693536863,292.7104196239974,0.3130034522439586,0.6156501726121979,0.0713463751438435,20,0,0,120,15,0.35
altitude_120,altitude,120 m,45,526,P0,1484,1072,0.7223719676549866,412,412,1030.0503248223054,78.08214912680764,1.5052916573832735,519.4810145572421,0,1,0,20,0,0,120,15,0.35
altitude_120,altitude,120 m,45,526,P1,1484,1052,0.7088948787061995,432,432,1072.0246015074313,77.36579606596892,1.27639274406021,105.37149637824677,0.779467680608365,0,0.22053231939163498,20,0,0,120,15,0.35
altitude_120,altitude,120 m,45,526,P2,1484,1072,0.7223719676549866,412,412,1030.8580136709977,76.2871463589514,0.9956813624427802,384.162512504475,0.2555970149253731,0.6716417910447762,0.07276119402985075,20,0,0,120,15,0.35
altitude_120,altitude,120 m,45,526,P3-U,1484,917,0.6179245283018868,567,567,1286.3656677962406,76.27570438866232,0.9999976386673385,290.982842857439,0.3391494002181025,0.5648854961832062,0.09596510359869138,20,0,0,120,15,0.35
altitude_120,altitude,120 m,45,526,P3-D,1484,869,0.5855795148247979,615,615,1500.916477269618,76.27570438866232,0.9999383712614186,292.71027897013545,0.3037974683544304,0.6156501726121979,0.0805523590333717,20,0,0,120,15,0.35
altitude_120,altitude,120 m,45,527,P0,1522,1086,0.7135348226018396,436,436,982.1458379706157,78.08214912680764,1.5052916573832733,526.265132700201,0,1,0,20,0,0,120,15,0.35
altitude_120,altitude,120 m,45,527,P1,1522,1059,0.6957950065703022,463,463,1044.2343646380652,77.47587201883616,1.3091575719855382,106.07274834424913,0.7884796978281398,0,0.21152030217186024,20,0,0,120,15,0.35
altitude_120,altitude,120 m,45,527,P2,1522,1085,0.7128777923784494,437,437,988.0868095583355,76.28714518899845,0.995681094214599,385.4646848768635,0.2654377880184332,0.663594470046083,0.07096774193548387,20,0,0,120,15,0.35
altitude_120,altitude,120 m,45,527,P3-U,1522,917,0.602496714848883,605,605,1319.7346144849996,76.28714165074621,0.9999993863358041,290.9829442517604,0.3435114503816794,0.5648854961832062,0.0916030534351145,20,0,0,120,15,0.35
altitude_120,altitude,120 m,45,527,P3-D,1522,869,0.5709592641261498,653,653,1532.8218499772308,76.28714165074621,0.9999474918959158,292.7103446682583,0.3095512082853855,0.6156501726121979,0.07479861910241657,20,0,0,120,15,0.35
altitude_120,altitude,120 m,45,528,P0,1559,1084,0.6953175112251443,475,475,1126.2350179235411,78.08214946572241,1.5052917748532413,525.295984691553,0,1,0,20,0,0,120,15,0.35
altitude_120,altitude,120 m,45,528,P1,1559,1058,0.6786401539448365,501,501,1177.6820754715238,77.58282681034598,1.3417988061210817,105.97256456517859,0.8052930056710775,0,0.1947069943289225,20,0,0,120,15,0.35
altitude_120,altitude,120 m,45,528,P2,1559,1084,0.6953175112251443,475,475,1127.8743626155788,76.28714682293106,0.995681468816666,385.36461439084724,0.283210332103321,0.6642066420664207,0.052583025830258305,20,0,0,120,15,0.35
altitude_120,altitude,120 m,45,528,P3-U,1559,917,0.5881975625400898,642,642,1442.7528961881694,76.27570167443207,0.9999955671297367,290.982780722658,0.34133042529989094,0.5648854961832062,0.09378407851690294,20,0,0,120,15,0.35
altitude_120,altitude,120 m,45,528,P3-D,1559,869,0.5574085952533675,690,690,1647.3034973491363,76.27570167443207,0.999947368297963,292.7103955400497,0.30264672036823936,0.6156501726121979,0.08170310701956271,20,0,0,120,15,0.35
altitude_120,altitude,120 m,45,529,P0,1472,1080,0.7336956521739131,392,392,921.4629491198765,78.08214844897803,1.5052914224433382,523.3575381898152,0,1,0,20,0,0,120,15,0.35
altitude_120,altitude,120 m,45,529,P1,1472,1055,0.7167119565217391,417,417,970.2735911613845,77.58282947181027,1.341799628408921,105.6721684216785,0.8037914691943128,0,0.1962085308056872,20,0,0,120,15,0.35
altitude_120,altitude,120 m,45,529,P2,1472,1080,0.7336956521739131,392,392,922.0847364349839,76.2871458949717,0.9956812560688943,384.9636978659736,0.26296296296296295,0.6666666666666666,0.07037037037037037,20,0,0,120,15,0.35
altitude_120,altitude,120 m,45,529,P3-U,1472,918,0.623641304347826,554,554,1298.2659392949404,76.2871395044325,0.9999977939576481,291.08308342627765,0.35185185185185186,0.5642701525054467,0.08387799564270153,20,0,0,120,15,0.35
altitude_120,altitude,120 m,45,529,P3-D,1472,869,0.5903532608695652,603,603,1462.3271692510712,76.2871395044325,0.9998985234761867,292.7105902797836,0.3141542002301496,0.6156501726121979,0.07019562715765247,20,0,0,120,15,0.35
altitude_120,altitude,120 m,45,530,P0,1545,1084,0.7016181229773463,461,461,1057.5917164017935,78.08214878789285,1.505291539913306,525.2960052121588,0,1,0,20,0,0,120,15,0.35
altitude_120,altitude,120 m,45,530,P1,1545,1054,0.6822006472491909,491,491,1141.2976204429897,77.58282871139207,1.3417993934695385,105.57190704575218,0.8083491461100569,0,0.19165085388994307,20,0,0,120,15,0.35
altitude_120,altitude,120 m,45,530,P2,1545,1084,0.7016181229773463,461,461,1058.1914110348835,76.28714426103875,0.9956808814668274,385.36421743543417,0.26199261992619927,0.6642066420664207,0.07380073800738007,20,0,0,120,15,0.35
altitude_120,altitude,120 m,45,530,P3-U,1545,918,0.5941747572815534,627,627,1425.6846461600305,76.28714160234746,0.9999960582720245,291.0830126696237,0.33877995642701525,0.5642701525054467,0.09694989106753812,20,0,0,120,15,0.35
altitude_120,altitude,120 m,45,530,P3-D,1545,869,0.5624595469255663,676,676,1607.097837691363,76.28714160234746,0.9998970061015815,292.71033725509255,0.3037974683544304,0.6156501726121979,0.0805523590333717,20,0,0,120,15,0.35
altitude_120,altitude,120 m,80,501,P0,2681,1103,0.4114136516225289,1578,1578,2649.1338135971764,78.08214912680764,1.5052916573832735,534.5033217064287,0,1,0,20,0,0,120,15,0.35
altitude_120,altitude,120 m,80,501,P1,2681,1071,0.39947780678851175,1610,1610,2726.0044925952297,77.25328777849053,1.243751157515592,107.27453122132528,0.7843137254901961,0,0.21568627450980393,20,0,0,120,15,0.35
altitude_120,altitude,120 m,80,501,P2,2681,1102,0.41104065647146587,1579,1579,2656.782142802981,76.2871463589514,0.9956813624427803,387.1676215707918,0.2831215970961887,0.6533575317604355,0.06352087114337568,20,0,0,120,15,0.35
altitude_120,altitude,120 m,80,501,P3-U,2681,918,0.3424095486758672,1763,1763,2931.1603811638247,76.2871463589514,0.9999973790396325,291.0830349719005,0.33769063180827885,0.5642701525054467,0.09803921568627451,20,0,0,120,15,0.35
altitude_120,altitude,120 m,80,501,P3-D,2681,869,0.32413278627377845,1812,1812,3033.1094034454604,76.2871463589514,0.9998970101613909,292.7103476586364,0.30609896432681244,0.6156501726121979,0.07825086306098965,20,0,0,120,15,0.35
altitude_120,altitude,120 m,80,502,P0,2595,1104,0.4254335260115607,1491,1491,2730.4867447610764,78.08215048246653,1.5052921272631445,534.9878546695413,0,1,0,20,0,0,120,15,0.35
altitude_120,altitude,120 m,80,502,P1,2595,1066,0.41078998073217726,1529,1529,2819.9087926963584,77.47587046007962,1.3091571021067727,106.7738192509213,0.797373358348968,0,0.2026266416510319,20,0,0,120,15,0.35
altitude_120,altitude,120 m,80,502,P2,2595,1104,0.4254335260115607,1491,1491,2731.287164005767,76.2871445314238,0.9956809434563857,387.36781398757967,0.2807971014492754,0.6521739130434783,0.06702898550724638,20,0,0,120,15,0.35
altitude_120,altitude,120 m,80,502,P3-U,2595,918,0.353757225433526,1677,1677,3040.158769185024,76.28714221152381,0.9999973198418609,291.0830691729099,0.3420479302832244,0.5642701525054467,0.09368191721132897,20,0,0,120,15,0.35
altitude_120,altitude,120 m,80,502,P3-D,2595,869,0.3348747591522158,1726,1726,3140.8326145838646,76.28714221152381,0.9998962995924725,292.71038185964596,0.31185270425776757,0.6156501726121979,0.07249712313003452,20,0,0,120,15,0.35
altitude_120,altitude,120 m,80,503,P0,2680,1103,0.4115671641791045,1577,1577,2657.3294770376647,78.08214912680764,1.5052916573832733,534.5030754591602,0,1,0,20,0,0,120,15,0.35
altitude_120,altitude,120 m,80,503,P1,2680,1067,0.39813432835820894,1613,1613,2738.643066028319,77.36607587713954,1.276474983293811,106.87418408932201,0.8106841611996252,0,0.1893158388003749,20,0,0,120,15,0.35
altitude_120,altitude,120 m,80,503,P2,2680,1102,0.41119402985074627,1578,1578,2665.0617675073345,76.28714584657301,0.9956812449728125,387.1675213223982,0.28765880217785844,0.6533575317604355,0.05898366606170599,20,0,0,120,15,0.35
altitude_120,altitude,120 m,80,503,P3-U,2680,918,0.34253731343283583,1762,1762,2949.8813304795435,76.28714272390265,0.999997701047302,291.08307865422864,0.35185185185185186,0.5642701525054467,0.08387799564270153,20,0,0,120,15,0.35
altitude_120,altitude,120 m,80,503,P3-D,2680,869,0.32425373134328356,1811,1811,3054.605524182331,76.28714272390265,0.9998959039222266,292.71020907292734,0.3095512082853855,0.6156501726121979,0.07479861910241657,20,0,0,120,15,0.35
altitude_120,altitude,120 m,80,504,P0,2672,1104,0.41317365269461076,1568,1568,2564.9470831788562,78.08214912680764,1.5052916573832735,534.9878273087338,0,1,0,20,0,0,120,15,0.35
altitude_120,altitude,120 m,80,504,P1,2672,1069,0.4000748502994012,1603,1603,2650.4277567552986,77.4757375566953,1.3091170397171943,107.07431885689577,0.7885874649204865,0,0.21141253507951357,20,0,0,120,15,0.35
altitude_120,altitude,120 m,80,504,P2,2672,1103,0.4127994011976048,1569,1569,2572.689145633389,76.28714738370802,0.9956815973827157,387.26775925012015,0.28195829555757024,0.6527651858567544,0.06527651858567543,20,0,0,120,15,0.35
altitude_120,altitude,120 m,80,504,P3-U,2672,918,0.343562874251497,1754,1754,2852.483647772813,76.28713899205331,0.999997242854894,291.08299542587804,0.3464052287581699,0.5642701525054467,0.08932461873638345,20,0,0,120,15,0.35
altitude_120,altitude,120 m,80,504,P3-D,2672,869,0.32522455089820357,1803,1803,2952.011879129359,76.28713899205331,0.9999385088191923,292.7104472712869,0.3141542002301496,0.6156501726121979,0.07019562715765247,20,0,0,120,15,0.35
altitude_120,altitude,120 m,80,505,P0,2723,1101,0.4043334557473375,1622,1622,2686.8253075796856,78.08214946572241,1.5052917748532415,533.5341258163675,0,1,0,20,0,0,120,15,0.35
altitude_120,altitude,120 m,80,505,P1,2723,1068,0.39221446933529197,1655,1655,2744.810642775684,77.36607547747295,1.2764748658241196,106.9741350778252,0.7808988764044944,0,0.21910112359550563,20,0,0,120,15,0.35
altitude_120,altitude,120 m,80,505,P2,2723,1101,0.4043334557473375,1622,1622,2687.450306041607,76.28714416424133,0.9956808592746635,387.0670702652688,0.2633969118982743,0.6539509536784741,0.08265213442325159,20,0,0,120,15,0.35
altitude_120,altitude,120 m,80,505,P3-U,2723,918,0.3371281674623577,1805,1805,2960.690579319702,76.28714313948396,0.9999978173569529,291.08309682019956,0.33986928104575165,0.5642701525054467,0.09586056644880174,20,0,0,120,15,0.35
altitude_120,altitude,120 m,80,505,P3-D,2723,869,0.3191333088505325,1854,1854,3057.528038353696,76.28714313948396,0.9999440391618779,292.71041100212443,0.3003452243958573,0.6156501726121979,0.08400460299194476,20,0,0,120,15,0.35
altitude_120,altitude,120 m,80,506,P0,2721,1102,0.4049981624402793,1619,1619,2654.4342596011784,78.08214912680764,1.5052916573832738,534.0186656196819,0,1,0,20,0,0,120,15,0.35
altitude_120,altitude,120 m,80,506,P1,2721,1071,0.3936052921719956,1650,1650,2727.930075435792,77.58282871139207,1.3417993934695385,107.27466054941826,0.7880485527544351,0,0.2119514472455649,20,0,0,120,15,0.35
altitude_120,altitude,120 m,80,506,P2,2721,1102,0.4049981624402793,1619,1619,2654.976636864888,76.28714533419456,0.9956811275028445,387.16703429843267,0.2613430127041742,0.6533575317604355,0.0852994555353902,20,0,0,120,15,0.35
altitude_120,altitude,120 m,80,506,P3-U,2721,918,0.33737596471885334,1803,1803,2916.2755927583644,76.28714104156975,0.9999965151425652,291.0830438802553,0.3442265795206972,0.5642701525054467,0.0915032679738562,20,0,0,120,15,0.35
altitude_120,altitude,120 m,80,506,P3-D,2721,869,0.3193678794560823,1852,1852,3012.256363292113,76.28714104156975,0.9998958833265025,292.71024655079685,0.30264672036823936,0.6156501726121979,0.08170310701956271,20,0,0,120,15,0.35
altitude_120,altitude,120 m,80,507,P0,2762,1103,0.39934829833454016,1659,1659,2714.414501322933,78.08214912680764,1.505291657383274,534.5032601446118,0,1,0,20,0,0,120,15,0.35
altitude_120,altitude,120 m,80,507,P1,2762,1070,0.387400434467777,1692,1692,2793.753727395801,77.58282643013665,1.3417986886513904,107.17451125783916,0.8,0,0.2,20,0,0,120,15,0.35
altitude_120,altitude,120 m,80,507,P2,2762,1103,0.39934829833454016,1659,1659,2715.0809717084294,76.28714482181604,0.9956810100328768,387.26740868093134,0.27107887579329104,0.6527651858567544,0.07615593834995467,20,0,0,120,15,0.35
altitude_120,altitude,120 m,80,507,P3-U,2762,918,0.332367849384504,1844,1844,2982.0929784200475,76.28714155394871,0.9999974387868731,291.0831381478929,0.3562091503267974,0.5642701525054467,0.07952069716775599,20,0,0,120,15,0.35
altitude_120,altitude,120 m,80,507,P3-D,2762,869,0.3146270818247647,1893,1893,3075.0440788762194,76.28714155394871,0.9999385564767227,292.71023764244205,0.30264672036823936,0.6156501726121979,0.08170310701956271,20,0,0,120,15,0.35
altitude_120,altitude,120 m,80,508,P0,2805,1102,0.3928698752228164,1703,1703,2902.17600153062,78.08214946572241,1.5052917748532413,534.0187477021046,0,1,0,20,0,0,120,15,0.35
altitude_120,altitude,120 m,80,508,P1,2805,1067,0.3803921568627451,1738,1738,2980.0428357518895,77.47573326998076,1.3091157475505895,106.8738909456446,0.795688847235239,0,0.204311152764761,20,0,0,120,15,0.35
altitude_120,altitude,120 m,80,508,P2,2805,1102,0.3928698752228164,1703,1703,2902.899424093193,76.28714528579586,0.9956811164067629,387.16751839479946,0.27404718693284935,0.6533575317604355,0.07259528130671507,20,0,0,120,15,0.35
altitude_120,altitude,120 m,80,508,P3-U,2805,918,0.32727272727272727,1887,1887,3139.5034260756893,76.28714328468013,0.9999970628515277,291.08293357757896,0.3464052287581699,0.5642701525054467,0.08932461873638345,20,0,0,120,15,0.35
altitude_120,altitude,120 m,80,508,P3-D,2805,869,0.30980392156862746,1936,1936,3228.7032116124237,76.28714328468013,0.9998966918056632,292.7103131711449,0.3037974683544304,0.6156501726121979,0.0805523590333717,20,0,0,120,15,0.35
altitude_120,altitude,120 m,80,509,P0,2656,1104,0.41566265060240964,1552,1552,2571.9072331383227,78.08215048246653,1.5052921272631448,534.987601582071,0,1,0,20,0,0,120,15,0.35
altitude_120,altitude,120 m,80,509,P1,2656,1069,0.40248493975903615,1587,1587,2645.39856906108,77.4757375566953,1.3091170397171938,107.07459475682745,0.8054256314312441,0,0.19457436856875585,20,0,0,120,15,0.35
altitude_120,altitude,120 m,80,509,P2,2656,1103,0.41528614457831325,1553,1553,2579.6125146937106,76.28714533419456,0.9956811275028445,387.2677036062797,0.2910244786944696,0.6527651858567544,0.056210335448776065,20,0,0,120,15,0.35
altitude_120,altitude,120 m,80,509,P3-U,2656,918,0.34563253012048195,1738,1738,2853.0528770351257,76.28714067438699,0.9999959400933031,291.0829103530772,0.35294117647058826,0.5642701525054467,0.08278867102396514,20,0,0,120,15,0.35
altitude_120,altitude,120 m,80,509,P3-D,2656,869,0.32718373493975905,1787,1787,2947.1704916480157,76.28714067438699,0.9999388498551565,292.7102833929232,0.31645569620253167,0.6156501726121979,0.06789413118527042,20,0,0,120,15,0.35
altitude_120,altitude,120 m,80,510,P0,2733,1104,0.4039517014270033,1629,1629,2670.828423776235,78.08214811006319,1.5052913049733705,534.9877862675223,0,1,0,20,0,0,120,15,0.35
altitude_120,altitude,120 m,80,510,P1,2733,1069,0.3911452616172704,1664,1664,2765.9736509217614,77.47573404938373,1.309115982489972,107.07437058813294,0.804490177736202,0,0.19550982226379796,20,0,0,120,15,0.35
altitude_120,altitude,120 m,80,510,P2,2733,1104,0.4039517014270033,1629,1629,2671.5599482201524,76.28714579817432,0.9956812338767305,387.3678692821587,0.27807971014492755,0.6521739130434783,0.06974637681159421,20,0,0,120,15,0.35
altitude_120,altitude,120 m,80,510,P3-U,2733,918,0.3358946212952799,1815,1815,2965.0394138550378,76.28714384545754,0.9999968695520103,291.08314883791866,0.34967320261437906,0.5642701525054467,0.0860566448801743,20,0,0,120,15,0.35
altitude_120,altitude,120 m,80,510,P3-D,2733,869,0.3179656055616539,1864,1864,3062.4807188194777,76.28714384545754,0.9998971406305087,292.71037737407886,0.3095512082853855,0.6156501726121979,0.07479861910241657,20,0,0,120,15,0.35
altitude_120,altitude,120 m,80,511,P0,2668,1103,0.4134182908545727,1565,1565,2604.6628053698723,78.08214878789285,1.5052915399133058,534.5031028199679,0,1,0,20,0,0,120,15,0.35
altitude_120,altitude,120 m,80,511,P1,2668,1067,0.39992503748125935,1601,1601,2687.947945645209,77.58282757076451,1.3417990410604645,106.87415822370343,0.8200562324273665,0,0.17994376757263356,20,0,0,120,15,0.35
altitude_120,altitude,120 m,80,511,P2,2668,1102,0.41304347826086957,1566,1566,2612.363351265448,76.28714631055271,0.9956813513466982,387.1674713728319,0.28584392014519056,0.6533575317604355,0.060798548094373864,20,0,0,120,15,0.35
altitude_120,altitude,120 m,80,511,P3-U,2668,918,0.34407796101949023,1750,1750,2879.5435665933264,76.28713899205331,0.9999934594618952,291.0827141181542,0.33986928104575165,0.5642701525054467,0.09586056644880174,20,0,0,120,15,0.35
altitude_120,altitude,120 m,80,511,P3-D,2668,869,0.325712143928036,1799,1799,2980.548456184474,76.28713899205331,0.9998969222075148,292.71036846572406,0.3141542002301496,0.6156501726121979,0.07019562715765247,20,0,0,120,15,0.35
altitude_120,altitude,120 m,80,512,P0,2595,1104,0.4254335260115607,1491,1491,2515.936013484825,78.08214777114831,1.505291187503403,534.9875879016671,0,1,0,20,0,0,120,15,0.35
altitude_120,altitude,120 m,80,512,P1,2595,1068,0.4115606936416185,1527,1527,2608.6330539794103,77.58282871139207,1.3417993934695385,106.97446270899408,0.8080524344569289,0,0.19194756554307116,20,0,0,120,15,0.35
altitude_120,altitude,120 m,80,512,P2,2595,1104,0.4254335260115607,1491,1491,2516.6071690052318,76.28714579817432,0.9956812338767305,387.36737713688296,0.26902173913043476,0.6521739130434783,0.07880434782608696,20,0,0,120,15,0.35
altitude_120,altitude,120 m,80,512,P3-U,2595,918,0.353757225433526,1677,1677,2811.0206065444186,76.28714272390265,0.9999975332266858,291.0831134282021,0.35076252723311546,0.5642701525054467,0.08496732026143791,20,0,0,120,15,0.35
altitude_120,altitude,120 m,80,512,P3-D,2595,869,0.3348747591522158,1726,1726,2908.9822977081963,76.28714272390265,0.9998956450705351,292.7101855619436,0.30264672036823936,0.6156501726121979,0.08170310701956271,20,0,0,120,15,0.35
altitude_120,altitude,120 m,80,513,P0,2669,1104,0.4136380666916448,1565,1565,2596.7331958154477,78.08214912680764,1.5052916573832735,534.987745226311,0,1,0,20,0,0,120,15,0.35
altitude_120,altitude,120 m,80,513,P1,2669,1067,0.39977519670288497,1602,1602,2687.88987513886,77.47587123945794,1.3091573370461556,106.87414960183055,0.8144329896907216,0,0.18556701030927836,20,0,0,120,15,0.35
altitude_120,altitude,120 m,80,513,P2,2669,1104,0.4136380666916448,1565,1565,2597.462931211676,76.28714487021475,0.9956810211289591,387.36776639264815,0.28804347826086957,0.6521739130434783,0.059782608695652176,20,0,0,120,15,0.35
altitude_120,altitude,120 m,80,513,P3-U,2669,918,0.34394904458598724,1751,1751,2886.918608258112,76.28714267550392,0.9999960978073217,291.08292403348094,0.35076252723311546,0.5642701525054467,0.08496732026143791,20,0,0,120,15,0.35
altitude_120,altitude,120 m,80,513,P3-D,2669,869,0.32559010865492694,1800,1800,2984.1197919387973,76.28714267550392,0.9998972865640616,292.71036725701697,0.31185270425776757,0.6156501726121979,0.07249712313003452,20,0,0,120,15,0.35
altitude_120,altitude,120 m,80,514,P0,2721,1104,0.40573318632855565,1617,1617,2658.1655012404176,78.08214912680764,1.5052916573832735,534.9878409891377,0,1,0,20,0,0,120,15,0.35
altitude_120,altitude,120 m,80,514,P1,2721,1068,0.39250275633958104,1653,1653,2739.5371871199627,77.58282795097372,1.3417991585301559,106.97415232157094,0.800561797752809,0,0.199438202247191,20,0,0,120,15,0.35
altitude_120,altitude,120 m,80,514,P2,2721,1104,0.40573318632855565,1617,1617,2658.775696472901,76.28714570137693,0.9956812116845666,387.3675683760543,0.276268115942029,0.6521739130434783,0.07155797101449275,20,0,0,120,15,0.35
altitude_120,altitude,120 m,80,514,P3-U,2721,918,0.33737596471885334,1803,1803,2942.5340404651056,76.28714462822121,0.9999989485694306,291.0831348710329,0.35076252723311546,0.5642701525054467,0.08496732026143791,20,0,0,120,15,0.35
altitude_120,altitude,120 m,80,514,P3-D,2721,869,0.3193678794560823,1852,1852,3039.8846897042017,76.28714462822121,0.9998958690690668,292.71020165976165,0.30609896432681244,0.6156501726121979,0.07825086306098965,20,0,0,120,15,0.35
altitude_120,altitude,120 m,80,515,P0,2654,1103,0.41559909570459685,1551,1551,2686.490714023224,78.08214844897803,1.5052914224433382,534.5032396240059,0,1,0,20,0,0,120,15,0.35
altitude_120,altitude,120 m,80,515,P1,2654,1069,0.40278824415975883,1585,1585,2759.1834181391814,77.47587046007962,1.3091571021067727,107.07429299127716,0.8054256314312441,0,0.19457436856875585,20,0,0,120,15,0.35
altitude_120,altitude,120 m,80,515,P2,2654,1103,0.41559909570459685,1551,1551,2687.122777180769,76.28714477341734,0.995680998936795,387.26743454654996,0.2747053490480508,0.6527651858567544,0.07252946509519492,20,0,0,120,15,0.35
altitude_120,altitude,120 m,80,515,P3-U,2654,918,0.3458929917106255,1736,1736,2960.230896327302,76.28714001681165,0.9999951351820028,291.0829094936313,0.3464052287581699,0.5642701525054467,0.08932461873638345,20,0,0,120,15,0.35
altitude_120,altitude,120 m,80,515,P3-D,2654,869,0.32743029389600603,1785,1785,3055.060966068723,76.28714001681165,0.9999382847758101,292.71030633094307,0.3049482163406214,0.6156501726121979,0.07940161104718067,20,0,0,120,15,0.35
altitude_120,altitude,120 m,80,516,P0,2650,1104,0.41660377358490563,1546,1546,2603.815292234228,78.08214878789285,1.5052915399133058,534.9876084222728,0,1,0,20,0,0,120,15,0.35
altitude_120,altitude,120 m,80,516,P1,2650,1068,0.4030188679245283,1582,1582,2684.3006423566617,77.47573599789051,1.3091165698384288,106.97441959962978,0.8099250936329588,0,0.1900749063670412,20,0,0,120,15,0.35
altitude_120,altitude,120 m,80,516,P2,2650,1104,0.41660377358490563,1546,1546,2604.529507325134,76.28714574977562,0.9956812227806486,387.36775328520815,0.2871376811594203,0.6521739130434783,0.06068840579710145,20,0,0,120,15,0.35
altitude_120,altitude,120 m,80,516,P3-U,2650,918,0.34641509433962264,1732,1732,2890.327240415217,76.28714262710518,0.9999985479154329,291.08321304085257,0.35947712418300654,0.5642701525054467,0.07625272331154684,20,0,0,120,15,0.35
altitude_120,altitude,120 m,80,516,P3-D,2650,869,0.3279245283018868,1781,1781,2985.643273170963,76.28714262710518,0.9998958854907273,292.71028517459405,0.3084004602991945,0.6156501726121979,0.0759493670886076,20,0,0,120,15,0.35
altitude_120,altitude,120 m,80,517,P0,2628,1104,0.4200913242009132,1524,1524,2524.346998452064,78.08214844897803,1.5052914224433382,534.9878273087337,0,1,0,20,0,0,120,15,0.35
altitude_120,altitude,120 m,80,517,P1,2628,1070,0.4071537290715373,1558,1558,2598.703059593131,77.47600647681405,1.309198104253882,107.17448539222056,0.8018691588785046,0,0.19813084112149532,20,0,0,120,15,0.35
altitude_120,altitude,120 m,80,517,P2,2628,1104,0.4200913242009132,1524,1524,2525.0688652623417,76.28714426103875,0.9956808814668274,387.367786626772,0.2726449275362319,0.6521739130434783,0.07518115942028986,20,0,0,120,15,0.35
altitude_120,altitude,120 m,80,517,P3-U,2628,918,0.3493150684931507,1710,1710,2803.124969057756,76.28714426103875,0.9999974820577094,291.083067677721,0.35185185185185186,0.5642701525054467,0.08387799564270153,20,0,0,120,15,0.35
altitude_120,altitude,120 m,80,517,P3-D,2628,869,0.3306697108066971,1759,1759,2898.7517835717053,76.28714426103875,0.9998971959012396,292.71045589315975,0.3084004602991945,0.6156501726121979,0.0759493670886076,20,0,0,120,15,0.35
altitude_120,altitude,120 m,80,518,P0,2684,1104,0.4113263785394933,1580,1580,2618.2636984882556,78.08214912680764,1.5052916573832735,534.9877657469167,0,1,0,20,0,0,120,15,0.35
altitude_120,altitude,120 m,80,518,P1,2684,1068,0.3979135618479881,1616,1616,2696.3041764200048,77.58282757076451,1.3417990410604645,106.97420405280813,0.8071161048689138,0,0.19288389513108614,20,0,0,120,15,0.35
altitude_120,altitude,120 m,80,518,P2,2684,1103,0.4109538002980626,1581,1581,2625.9887045142677,76.28714467661992,0.9956809767446313,387.2674039088822,0.2747053490480508,0.6527651858567544,0.07252946509519492,20,0,0,120,15,0.35
altitude_120,altitude,120 m,80,518,P3-U,2684,918,0.342026825633383,1766,1766,2901.1861116087643,76.28714104156975,0.9999966632986809,291.0830180146367,0.340958605664488,0.5642701525054467,0.09477124183006536,20,0,0,120,15,0.35
altitude_120,altitude,120 m,80,518,P3-D,2684,869,0.3237704918032787,1815,1815,2996.2479000692256,76.28714104156975,0.9999387228481211,292.71040444840446,0.3141542002301496,0.6156501726121979,0.07019562715765247,20,0,0,120,15,0.35
altitude_120,altitude,120 m,80,519,P0,2586,1099,0.42498066511987626,1487,1487,2392.0003885103724,78.08215014355186,1.5052920097931768,532.5649572871138,0,1,0,20,0,0,120,15,0.35
altitude_120,altitude,120 m,80,519,P1,2586,1068,0.41299303944315546,1518,1518,2455.538357828439,77.47573326998076,1.3091157475505895,106.9740661028423,0.7921348314606742,0,0.20786516853932585,20,0,0,120,15,0.35
altitude_120,altitude,120 m,80,519,P2,2586,1098,0.4245939675174014,1488,1488,2399.662251826481,76.28714514059976,0.995681083118517,386.76685581684205,0.26958105646630237,0.6557377049180327,0.07468123861566485,20,0,0,120,15,0.35
altitude_120,altitude,120 m,80,519,P3-U,2586,918,0.35498839907192575,1668,1668,2659.266416743688,76.28714472501863,0.999997204084567,291.08303140855855,0.33769063180827885,0.5642701525054467,0.09803921568627451,20,0,0,120,15,0.35
altitude_120,altitude,120 m,80,519,P3-D,2586,869,0.3360402165506574,1717,1717,2764.27902221373,76.28714472501863,0.9998977813329906,292.71049187584026,0.3176064441887227,0.6156501726121979,0.0667433831990794,20,0,0,120,15,0.35
altitude_120,altitude,120 m,80,520,P0,2641,1104,0.41802347595607725,1537,1537,2690.473785027957,78.08215048246653,1.5052921272631445,534.9877999479262,0,1,0,20,0,0,120,15,0.35
altitude_120,altitude,120 m,80,520,P1,2641,1069,0.40477092010602045,1572,1572,2777.957931641936,77.36593597380772,1.2764338636770107,107.07437921000582,0.794200187090739,0,0.205799812909261,20,0,0,120,15,0.35
altitude_120,altitude,120 m,80,520,P2,2641,1104,0.41802347595607725,1537,1537,2691.176533362816,76.28714579817432,0.9956812338767305,387.3678365763383,0.28351449275362317,0.6521739130434783,0.06431159420289854,20,0,0,120,15,0.35
altitude_120,altitude,120 m,80,520,P3-U,2641,918,0.34759560772434683,1723,1723,2979.2535273684502,76.28714160234746,0.9999943934186825,291.08287230224374,0.33769063180827885,0.5642701525054467,0.09803921568627451,20,0,0,120,15,0.35
altitude_120,altitude,120 m,80,520,P3-D,2641,869,0.3290420295342673,1772,1772,3076.7194047852327,76.28714160234746,0.9998963827776103,292.71028281995933,0.30149597238204834,0.6156501726121979,0.08285385500575373,20,0,0,120,15,0.35
altitude_120,altitude,120 m,80,521,P0,2703,1104,0.40843507214206437,1599,1599,2606.600600788933,78.08214878789285,1.5052915399133062,534.9878820303489,0,1,0,20,0,0,120,15,0.35
altitude_120,altitude,120 m,80,521,P1,2703,1068,0.3951165371809101,1635,1635,2680.9526881153333,77.36607507780631,1.2764747483544283,106.97410059033378,0.7893258426966292,0,0.21067415730337077,20,0,0,120,15,0.35
altitude_120,altitude,120 m,80,521,P2,2703,1104,0.40843507214206437,1599,1599,2607.3087863251963,76.28714426103875,0.9956808814668274,387.36765580349,0.26902173913043476,0.6521739130434783,0.07880434782608696,20,0,0,120,15,0.35
altitude_120,altitude,120 m,80,521,P3-U,2703,918,0.33962264150943394,1785,1785,2893.927877465051,76.28714365186268,0.9999983371647961,291.0830539973171,0.35838779956427014,0.5642701525054467,0.07734204793028322,20,0,0,120,15,0.35
altitude_120,altitude,120 m,80,521,P3-D,2703,869,0.32149463559008506,1834,1834,2991.4663926877734,76.28714365186268,0.9998968281773967,292.7103613390402,0.30149597238204834,0.6156501726121979,0.08285385500575373,20,0,0,120,15,0.35
altitude_120,altitude,120 m,80,522,P0,2712,1104,0.40707964601769914,1608,1608,2734.0949399763767,78.08214912680764,1.5052916573832735,534.9877999479261,0,1,0,20,0,0,120,15,0.35
altitude_120,altitude,120 m,80,522,P1,2712,1068,0.3938053097345133,1644,1644,2812.350390234078,77.58282795097372,1.3417991585301559,106.97422129655385,0.7902621722846442,0,0.20973782771535582,20,0,0,120,15,0.35
altitude_120,altitude,120 m,80,522,P2,2712,1103,0.40671091445427726,1609,1609,2741.694942667853,76.28714421264004,0.9956808703707454,387.2673848834657,0.2701722574796011,0.6527651858567544,0.0770625566636446,20,0,0,120,15,0.35
altitude_120,altitude,120 m,80,522,P3-U,2712,918,0.33849557522123896,1794,1794,3011.989123442836,76.28714421264004,0.9999985362806522,291.0830917616686,0.3540305010893246,0.5642701525054467,0.08169934640522876,20,0,0,120,15,0.35
altitude_120,altitude,120 m,80,522,P3-D,2712,869,0.32042772861356933,1843,1843,3105.758318271684,76.28714421264004,0.9999396068881127,292.7105641276832,0.3084004602991945,0.6156501726121979,0.0759493670886076,20,0,0,120,15,0.35
altitude_120,altitude,120 m,80,523,P0,2661,1103,0.41450582487786547,1558,1558,2640.0797963722075,78.08214980463714,1.505291892323209,534.5031849023908,0,1,0,20,0,0,120,15,0.35
altitude_120,altitude,120 m,80,523,P1,2661,1066,0.4006012777151447,1595,1595,2727.0725899011063,77.36593517444875,1.2764336287376277,106.7739227133957,0.8048780487804879,0,0.1951219512195122,20,0,0,120,15,0.35
altitude_120,altitude,120 m,80,523,P2,2661,1103,0.41450582487786547,1558,1558,2640.782712644262,76.28714565297824,0.995681200588485,387.26754990775714,0.27651858567543064,0.6527651858567544,0.07071622846781506,20,0,0,120,15,0.35
altitude_120,altitude,120 m,80,523,P3-U,2661,918,0.34498308906426156,1743,1743,2914.2548925754963,76.28714272390265,0.9999994792484936,291.083190165612,0.3562091503267974,0.5642701525054467,0.07952069716775599,20,0,0,120,15,0.35
altitude_120,altitude,120 m,80,523,P3-D,2661,869,0.32656895903795563,1792,1792,3007.9196444453123,76.28714272390265,0.999939063485501,292.71026229935353,0.29804372842347526,0.6156501726121979,0.08630609896432681,20,0,0,120,15,0.35
altitude_120,altitude,120 m,80,524,P0,2669,1103,0.41326339452978644,1566,1566,2789.71541763072,78.08214912680764,1.5052916573832735,534.5031849023907,0,1,0,20,0,0,120,15,0.35
altitude_120,altitude,120 m,80,524,P1,2669,1067,0.39977519670288497,1602,1602,2865.528491101116,77.36607467813965,1.2764746308847372,106.87405476122905,0.7928772258669166,0,0.20712277413308341,20,0,0,120,15,0.35
altitude_120,altitude,120 m,80,524,P2,2669,1103,0.41326339452978644,1566,1566,2790.428563829471,76.28714482181604,0.995681010032877,387.26744167323375,0.2728921124206709,0.6527651858567544,0.0743427017225748,20,0,0,120,15,0.35
altitude_120,altitude,120 m,80,524,P3-U,2669,918,0.34394904458598724,1751,1751,3062.187901011742,76.2871410899685,0.9999986852031773,291.083198214521,0.3453159041394335,0.5642701525054467,0.09041394335511982,20,0,0,120,15,0.35
altitude_120,altitude,120 m,80,524,P3-D,2669,869,0.32559010865492694,1800,1800,3157.537314253201,76.2871410899685,0.9999374938095752,292.7102343655821,0.2957422324510932,0.6156501726121979,0.08860759493670886,20,0,0,120,15,0.35
altitude_120,altitude,120 m,80,525,P0,2621,1103,0.4208317436093094,1518,1518,2710.1496844453163,78.08215014355186,1.5052920097931766,534.5033011858231,0,1,0,20,0,0,120,15,0.35
altitude_120,altitude,120 m,80,525,P1,2621,1070,0.4082411293399466,1551,1551,2790.831123700469,77.36593557412826,1.2764337462073192,107.17441641723765,0.7925233644859813,0,0.20747663551401868,20,0,0,120,15,0.35
altitude_120,altitude,120 m,80,525,P2,2621,1103,0.4208317436093094,1518,1518,2710.8414633417888,76.28714574977562,0.9956812227806485,387.2674806462923,0.26745240253853125,0.6527651858567544,0.07978241160471441,20,0,0,120,15,0.35
altitude_120,altitude,120 m,80,525,P3-U,2621,918,0.3502479969477299,1703,1703,2993.627059334529,76.28713904045208,0.9999961302040653,291.0830126696237,0.3355119825708061,0.5642701525054467,0.10021786492374728,20,0,0,120,15,0.35
altitude_120,altitude,120 m,80,525,P3-D,2621,869,0.33155284242655475,1752,1752,3091.320763817616,76.28713904045208,0.9999380573926008,292.7103200113469,0.29689298043728424,0.6156501726121979,0.08745684695051784,20,0,0,120,15,0.35
altitude_120,altitude,120 m,80,526,P0,2671,1104,0.4133283414451516,1567,1567,2721.178737040106,78.08214912680764,1.5052916573832738,534.9879709529737,0,1,0,20,0,0,120,15,0.35
altitude_120,altitude,120 m,80,526,P1,2671,1070,0.4005990265818046,1601,1601,2797.617832171169,77.25342930723245,1.2437916897839363,107.17432157663615,0.7869158878504673,0,0.2130841121495327,20,0,0,120,15,0.35
altitude_120,altitude,120 m,80,526,P2,2671,1103,0.4129539498315238,1568,1568,2728.78564622242,76.28714472501863,0.9956809878407131,387.2672844113694,0.25929283771532186,0.6527651858567544,0.08794197642792384,20,0,0,120,15,0.35
altitude_120,altitude,120 m,80,526,P3-U,2671,918,0.34369150131037063,1753,1753,3008.2634145239786,76.28714043239323,0.9999974496571485,291.0830260635456,0.3453159041394335,0.5642701525054467,0.09041394335511982,20,0,0,120,15,0.35
altitude_120,altitude,120 m,80,526,P3-D,2671,869,0.32534631224260574,1802,1802,3104.7616772499314,76.28714043239323,0.9999384052706188,292.710443707945,0.31070195627157654,0.6156501726121979,0.07364787111622555,20,0,0,120,15,0.35
altitude_120,altitude,120 m,80,527,P0,2693,1102,0.409209060527293,1591,1591,2686.7372220583393,78.08214946572241,1.5052917748532413,534.0186040578648,0,1,0,20,0,0,120,15,0.35
altitude_120,altitude,120 m,80,527,P1,2693,1066,0.39584106943928704,1627,1627,2753.5884872301926,77.36593557412826,1.2764337462073192,106.7738709821585,0.7908067542213884,0,0.20919324577861162,20,0,0,120,15,0.35
altitude_120,altitude,120 m,80,527,P2,2693,1102,0.409209060527293,1591,1591,2687.414988502853,76.2871463589514,0.9956813624427802,387.16745206093333,0.27858439201451907,0.6533575317604355,0.06805807622504537,20,0,0,120,15,0.35
altitude_120,altitude,120 m,80,527,P3-U,2693,918,0.3408837727441515,1775,1775,2973.55176662597,76.2871463589514,0.9999995809509101,291.0832276434815,0.3562091503267974,0.5642701525054467,0.07952069716775599,20,0,0,120,15,0.35
altitude_120,altitude,120 m,80,527,P3-D,2693,869,0.3226884515410323,1824,1824,3076.217996547205,76.2871463589514,0.9998961237468852,292.71025666785874,0.30149597238204834,0.6156501726121979,0.08285385500575373,20,0,0,120,15,0.35
altitude_120,altitude,120 m,80,528,P0,2647,1103,0.4166981488477522,1544,1544,2690.347436608713,78.08215048246653,1.5052921272631445,534.5033422270346,0,1,0,20,0,0,120,15,0.35
altitude_120,altitude,120 m,80,528,P1,2647,1071,0.40460899131091804,1576,1576,2762.8174029232537,77.36593597380772,1.2764338636770107,107.27452259945241,0.7936507936507936,0,0.20634920634920634,20,0,0,120,15,0.35
altitude_120,altitude,120 m,80,528,P2,2647,1103,0.4166981488477522,1544,1544,2690.981080070376,76.28714467661992,0.9956809767446314,387.26730521845695,0.2756119673617407,0.6527651858567544,0.07162284678150499,20,0,0,120,15,0.35
altitude_120,altitude,120 m,80,528,P3-U,2647,918,0.3468077068379297,1729,1729,2990.651093632495,76.28714262710518,0.9999988994793353,291.08326661654,0.3572984749455338,0.5642701525054467,0.0784313725490196,20,0,0,120,15,0.35
altitude_120,altitude,120 m,80,528,P3-D,2647,869,0.3282961843596524,1778,1778,3091.511860029837,76.28714262710518,0.9999384358350666,292.7104761272836,0.3130034522439586,0.6156501726121979,0.0713463751438435,20,0,0,120,15,0.35
altitude_120,altitude,120 m,80,529,P0,2705,1104,0.4081330868761553,1601,1601,2620.47653660094,78.08214878789285,1.5052915399133058,534.9877999479261,0,1,0,20,0,0,120,15,0.35
altitude_120,altitude,120 m,80,529,P1,2705,1068,0.39482439926062846,1637,1637,2705.81873693551,77.88911567594623,1.4398468071356452,106.97422991842672,0.7968164794007491,0,0.20318352059925093,20,0,0,120,15,0.35
altitude_120,altitude,120 m,80,529,P2,2705,1103,0.4077634011090573,1602,1602,2628.2223098154113,76.28714631055271,0.9956813513466984,387.26763227666186,0.28014505893019037,0.6527651858567544,0.06708975521305531,20,0,0,120,15,0.35
altitude_120,altitude,120 m,80,529,P3-U,2705,918,0.33937153419593347,1787,1787,2903.8417506233673,76.28714165074621,0.9999988219402024,291.0832208032796,0.35076252723311546,0.5642701525054467,0.08496732026143791,20,0,0,120,15,0.35
altitude_120,altitude,120 m,80,529,P3-D,2705,869,0.32125693160813307,1836,1836,2997.5219444563904,76.28714165074621,0.9999387698224708,292.71025339099873,0.30264672036823936,0.6156501726121979,0.08170310701956271,20,0,0,120,15,0.35
altitude_120,altitude,120 m,80,530,P0,2691,1103,0.409884801189149,1588,1588,2557.068108024061,78.08214811006319,1.5052913049733705,534.5030070571413,0,1,0,20,0,0,120,15,0.35
altitude_120,altitude,120 m,80,530,P1,2691,1064,0.39539204756596064,1627,1627,2639.453160321637,77.47573560818921,1.3091164523687375,106.57380518956768,0.818609022556391,0,0.18139097744360902,20,0,0,120,15,0.35
altitude_120,altitude,120 m,80,530,P2,2691,1103,0.409884801189149,1588,1588,2557.825470646348,76.28714477341734,0.9956809989367952,387.26754214532997,0.27923844061650044,0.6527651858567544,0.06799637352674524,20,0,0,120,15,0.35
altitude_120,altitude,120 m,80,530,P3-U,2691,918,0.3411371237458194,1773,1773,2849.756464381131,76.28713889525577,0.9999984486345056,291.08309083944346,0.34967320261437906,0.5642701525054467,0.0860566448801743,20,0,0,120,15,0.35
altitude_120,altitude,120 m,80,530,P3-D,2691,869,0.32292827945001856,1822,1822,2950.222639779312,76.28713889525577,0.9999386544483889,292.7103175939327,0.31070195627157654,0.6156501726121979,0.07364787111622555,20,0,0,120,15,0.35
speed_10,speed,10 m/s,45,501,P0,1547,816,0.5274725274725275,731,731,2047.8020058258946,80.37134954509102,2.5500267836313886,899.2312527597844,0,1,0,20,0,0,80,10,0.35
speed_10,speed,10 m/s,45,501,P1,1547,814,0.5261797026502909,733,733,2073.8829323258046,79.9704936601554,2.3251833200956504,167.39660630668783,0.7813267813267813,0,0.21867321867321868,20,0,0,80,10,0.35
speed_10,speed,10 m/s,45,501,P2,1547,815,0.5268261150614092,732,732,2060.1761290706904,76.23107696766213,0.9829092876093516,447.2646591886116,0.3803680981595092,0.38282208588957056,0.23680981595092024,20,0,0,80,10,0.35
speed_10,speed,10 m/s,45,501,P3-U,1547,683,0.4414996767937944,864,864,2393.009972098411,77.85329558625793,0.9997479360671613,343.9298754138877,0.33528550512445093,0.3323572474377745,0.3323572474377745,20,0,0,80,10,0.35
speed_10,speed,10 m/s,45,501,P3-D,1547,683,0.4414996767937944,864,864,2223.4406460413493,76.53564169119265,0.999995261986348,350.204489067228,0.3279648609077599,0.34260614934114203,0.3294289897510981,20,0,0,80,10,0.35
speed_10,speed,10 m/s,45,502,P0,1485,816,0.5494949494949495,669,669,1913.7072578634823,80.37134864339669,2.550022716478588,899.2312321235984,0,1,0,20,0,0,80,10,0.35
speed_10,speed,10 m/s,45,502,P1,1485,815,0.5488215488215489,670,670,1930.1625081418777,79.82820616062133,2.2502404698855627,167.60229723871382,0.8159509202453987,0,0.18404907975460122,20,0,0,80,10,0.35
speed_10,speed,10 m/s,45,502,P2,1485,816,0.5494949494949495,669,669,1915.8312770758193,76.23107536702796,0.9829089253487238,447.4703374911679,0.38235294117647056,0.38235294117647056,0.23529411764705882,20,0,0,80,10,0.35
speed_10,speed,10 m/s,45,502,P3-U,1485,684,0.46060606060606063,801,801,2277.6287894100824,77.61916863124233,0.999857532714409,344.1359452340575,0.3347953216374269,0.33187134502923976,0.3333333333333333,20,0,0,80,10,0.35
speed_10,speed,10 m/s,45,502,P3-D,1485,684,0.46060606060606063,801,801,2110.90401317433,76.8324346433038,0.9998817765774075,350.4101474121742,0.3304093567251462,0.34210526315789475,0.32748538011695905,20,0,0,80,10,0.35
speed_10,speed,10 m/s,45,503,P0,1516,815,0.537598944591029,701,701,2054.5011556805553,80.37134924452629,2.550025427913788,898.1296600010115,0,1,0,20,0,0,80,10,0.35
speed_10,speed,10 m/s,45,503,P1,1516,814,0.5369393139841688,702,702,2070.082288089783,80.10826883227666,2.4001343046065053,167.39609879137666,0.8095823095823096,0,0.1904176904176904,20,0,0,80,10,0.35
speed_10,speed,10 m/s,45,503,P2,1516,814,0.5369393139841688,702,702,2066.7072829848466,76.2310785598053,0.9829096479483956,447.05940603332454,0.3832923832923833,0.3832923832923833,0.2334152334152334,20,0,0,80,10,0.35
speed_10,speed,10 m/s,45,503,P3-U,1516,683,0.4505277044854881,833,833,2383.667113614993,77.85329503092501,0.9999285523443069,343.9299205320504,0.33528550512445093,0.3323572474377745,0.3323572474377745,20,0,0,80,10,0.35
speed_10,speed,10 m/s,45,503,P3-D,1516,684,0.45118733509234826,832,832,2216.247925212464,77.11178712873743,0.9998826235470213,350.41013903142147,0.33187134502923976,0.34210526315789475,0.3260233918128655,20,0,0,80,10,0.35
speed_10,speed,10 m/s,45,504,P0,1522,816,0.5361366622864652,706,706,2006.5771133172668,80.3713489439615,2.550024072196188,899.2313972130867,0,1,0,20,0,0,80,10,0.35
speed_10,speed,10 m/s,45,504,P1,1522,816,0.5361366622864652,706,706,2012.5675800572733,80.10826883227666,2.400134304606505,167.80772790647768,0.8149509803921569,0,0.18504901960784315,20,0,0,80,10,0.35
speed_10,speed,10 m/s,45,504,P2,1522,816,0.5361366622864652,706,706,2008.8481308887806,76.2310755881463,0.9829089753929252,447.47058221409196,0.38235294117647056,0.38235294117647056,0.23529411764705882,20,0,0,80,10,0.35
speed_10,speed,10 m/s,45,504,P3-U,1522,684,0.44940867279894875,838,838,2349.466898116926,77.85329284900818,0.9998593825823667,344.13577442948633,0.3347953216374269,0.33187134502923976,0.3333333333333333,20,0,0,80,10,0.35
speed_10,speed,10 m/s,45,504,P3-D,1522,684,0.44940867279894875,838,838,2178.630666612834,76.8324333458809,0.999882152132651,350.4100510375364,0.33187134502923976,0.34210526315789475,0.3260233918128655,20,0,0,80,10,0.35
speed_10,speed,10 m/s,45,505,P0,1562,812,0.5198463508322664,750,750,2118.232899725062,80.37134954509102,2.5500267836313886,894.8234991002281,0,1,0,20,0,0,80,10,0.35
speed_10,speed,10 m/s,45,505,P1,1562,812,0.5198463508322664,750,750,2123.53087339027,79.9704936601554,2.3251833200956504,166.98501623122613,0.8017241379310345,0,0.19827586206896552,20,0,0,80,10,0.35
speed_10,speed,10 m/s,45,505,P2,1562,812,0.5198463508322664,750,750,2120.4629287445,76.23108215371812,0.9829104613349788,446.6484445657198,0.3830049261083744,0.3842364532019704,0.23275862068965517,20,0,0,80,10,0.35
speed_10,speed,10 m/s,45,505,P3-U,1562,683,0.4372599231754161,879,879,2413.7843129133385,77.85345896758166,0.9998382949549119,343.9300216183526,0.33382137628111275,0.3323572474377745,0.33382137628111275,20,0,0,80,10,0.35
speed_10,speed,10 m/s,45,505,P3-D,1562,684,0.4379001280409731,878,878,2266.857796229772,76.53564138264831,0.9999511682593427,350.4099552333803,0.33187134502923976,0.34210526315789475,0.3260233918128655,20,0,0,80,10,0.35
speed_10,speed,10 m/s,45,506,P0,1521,816,0.5364891518737672,705,705,2021.5664770674082,80.37134924452629,2.550025427913788,899.2313868949936,0,1,0,20,0,0,80,10,0.35
speed_10,speed,10 m/s,45,506,P1,1521,815,0.5358316896778436,706,706,2037.482901342873,79.97049497866581,2.3251887429628284,167.60210204051722,0.7877300613496933,0,0.21226993865030674,20,0,0,80,10,0.35
speed_10,speed,10 m/s,45,506,P2,1521,816,0.5364891518737672,705,705,2023.8848296819767,76.23107870721742,0.9829096813111968,447.47075411043284,0.38235294117647056,0.38235294117647056,0.23529411764705882,20,0,0,80,10,0.35
speed_10,speed,10 m/s,45,506,P3-U,1521,684,0.44970414201183434,837,837,2352.8372170906855,77.85329278101278,0.9998570959503218,344.13535263616967,0.3347953216374269,0.33187134502923976,0.3333333333333333,20,0,0,80,10,0.35
speed_10,speed,10 m/s,45,506,P3-D,1521,684,0.44970414201183434,837,837,2179.3935542740533,76.53431241260091,0.9999481130461585,350.4099377547016,0.33187134502923976,0.34210526315789475,0.3260233918128655,20,0,0,80,10,0.35
speed_10,speed,10 m/s,45,507,P0,1491,812,0.5446009389671361,679,679,1750.0581121837395,80.3713489439615,2.550024072196188,894.823385601205,0,1,0,20,0,0,80,10,0.35
speed_10,speed,10 m/s,45,507,P1,1491,812,0.5446009389671361,679,679,1755.9866147233568,79.97049497866581,2.325188742962829,166.98515937657032,0.7955665024630542,0,0.2044334975369458,20,0,0,80,10,0.35
speed_10,speed,10 m/s,45,507,P2,1491,812,0.5446009389671361,679,679,1752.2455820760056,76.23107448094581,0.9829087248078467,446.6477051737028,0.3842364532019704,0.3842364532019704,0.2315270935960591,20,0,0,80,10,0.35
speed_10,speed,10 m/s,45,507,P3-U,1491,683,0.4580818242790074,808,808,2076.1100411926345,77.85329408326561,0.99983871636739,343.9299116797632,0.33528550512445093,0.3323572474377745,0.3323572474377745,20,0,0,80,10,0.35
speed_10,speed,10 m/s,45,507,P3-D,1491,683,0.4580818242790074,808,808,1904.8516325179535,77.11179144399422,0.999929169826976,350.20468865224626,0.3308931185944363,0.34260614934114203,0.32650073206442165,20,0,0,80,10,0.35
speed_10,speed,10 m/s,45,508,P0,1526,814,0.5334207077326344,712,712,2035.2260531139802,80.3713489439615,2.550024072196188,897.0274997471226,0,1,0,20,0,0,80,10,0.35
speed_10,speed,10 m/s,45,508,P1,1526,814,0.5334207077326344,712,712,2040.7732651156166,80.24180698864483,2.4750839334005654,167.39630700278636,0.7911547911547911,0,0.20884520884520885,20,0,0,80,10,0.35
speed_10,speed,10 m/s,45,508,P2,1526,814,0.5334207077326344,712,712,2037.5653104643334,76.23107626160036,0.9829091278111841,447.0595671983785,0.3832923832923833,0.3832923832923833,0.2334152334152334,20,0,0,80,10,0.35
speed_10,speed,10 m/s,45,508,P3-U,1526,683,0.4475753604193971,843,843,2353.114031028763,77.85329503092501,0.9999311310359719,343.93001543117487,0.33382137628111275,0.3323572474377745,0.33382137628111275,20,0,0,80,10,0.35
speed_10,speed,10 m/s,45,508,P3-D,1526,684,0.44823066841415465,842,842,2185.6893497972437,77.11179025753103,0.9998824773620206,350.4101639366276,0.3304093567251462,0.34210526315789475,0.32748538011695905,20,0,0,80,10,0.35
speed_10,speed,10 m/s,45,509,P0,1549,815,0.5261459005810201,734,734,1847.9548339338128,80.37134924452629,2.550025427913788,898.129433002965,0,1,0,20,0,0,80,10,0.35
speed_10,speed,10 m/s,45,509,P1,1549,814,0.525500322788896,735,735,1863.8700370449603,80.10826787427246,2.400130237456122,167.39639809527813,0.8144963144963145,0,0.1855036855036855,20,0,0,80,10,0.35
speed_10,speed,10 m/s,45,509,P2,1549,814,0.525500322788896,735,735,1860.3160611994344,76.23107870721742,0.9829096813111968,447.0594812799385,0.3832923832923833,0.3832923832923833,0.2334152334152334,20,0,0,80,10,0.35
speed_10,speed,10 m/s,45,509,P3-U,1549,683,0.4409296320206585,866,866,2181.929129300696,77.85329465401415,0.9999288979714728,343.9301562159491,0.33528550512445093,0.3323572474377745,0.3323572474377745,20,0,0,80,10,0.35
speed_10,speed,10 m/s,45,509,P3-D,1549,684,0.4415752098127824,865,865,2023.348061849848,76.5356372333633,0.99997278043566,350.4103146557515,0.3304093567251462,0.34210526315789475,0.32748538011695905,20,0,0,80,10,0.35
speed_10,speed,10 m/s,45,510,P0,1539,814,0.5289148797920727,725,725,1878.8841595368833,80.3713489439615,2.550024072196188,897.0272417947971,0,1,0,20,0,0,80,10,0.35
speed_10,speed,10 m/s,45,510,P1,1539,813,0.5282651072124757,726,726,1895.174116549312,80.24180884663521,2.4750920677013326,167.19099345394048,0.8204182041820418,0,0.1795817958179582,20,0,0,80,10,0.35
speed_10,speed,10 m/s,45,510,P2,1539,814,0.5289148797920727,725,725,1881.302084088828,76.23107622050209,0.9829091185096922,447.0595099720344,0.3832923832923833,0.3832923832923833,0.2334152334152334,20,0,0,80,10,0.35
speed_10,speed,10 m/s,45,510,P3-U,1539,683,0.4437946718648473,856,856,2211.5235352749223,77.61916576000127,0.9999290518338065,343.930184386757,0.33528550512445093,0.3323572474377745,0.3323572474377745,20,0,0,80,10,0.35
speed_10,speed,10 m/s,45,510,P3-D,1539,684,0.4444444444444444,855,855,2047.9471170592115,77.1117850478519,0.9998829693384187,350.4102299274679,0.3304093567251462,0.34210526315789475,0.32748538011695905,20,0,0,80,10,0.35
speed_10,speed,10 m/s,45,511,P0,1565,815,0.5207667731629393,750,750,2147.5790626692005,80.3713489439615,2.550024072196188,898.1294845934302,0,1,0,20,0,0,80,10,0.35
speed_10,speed,10 m/s,45,511,P1,1565,814,0.5201277955271566,751,751,2163.3596972985506,79.82820582001526,2.2502391141687688,167.39632001599946,0.8071253071253072,0,0.1928746928746929,20,0,0,80,10,0.35
speed_10,speed,10 m/s,45,511,P2,1565,814,0.5201277955271566,751,751,2159.8191666238495,76.23108034045818,0.9829100509517332,447.0590854344044,0.3832923832923833,0.3832923832923833,0.2334152334152334,20,0,0,80,10,0.35
speed_10,speed,10 m/s,45,511,P3-U,1565,683,0.4364217252396166,882,882,2479.8064880486227,77.85329709980145,0.999928369324728,343.93005940893465,0.33528550512445093,0.3323572474377745,0.3323572474377745,20,0,0,80,10,0.35
speed_10,speed,10 m/s,45,511,P3-D,1565,684,0.4370607028753994,881,881,2313.8762399402444,77.11178506425276,0.9998854756248522,350.4105760117833,0.3304093567251462,0.34210526315789475,0.32748538011695905,20,0,0,80,10,0.35
speed_10,speed,10 m/s,45,512,P0,1528,811,0.5307591623036649,717,717,2060.915040496325,80.37134954509102,2.5500267836313886,893.7212666196882,0,1,0,20,0,0,80,10,0.35
speed_10,speed,10 m/s,45,512,P1,1528,811,0.5307591623036649,717,717,2066.819811742617,80.37136156766442,2.5500349179114203,166.77966364274096,0.815043156596794,0,0.18495684340320592,20,0,0,80,10,0.35
speed_10,speed,10 m/s,45,512,P2,1528,811,0.5307591623036649,717,717,2063.2735316771373,76.23107930696494,0.9829098170480551,446.44278423423987,0.3847102342786683,0.3847102342786683,0.23057953144266338,20,0,0,80,10,0.35
speed_10,speed,10 m/s,45,512,P3-U,1528,683,0.4469895287958115,845,845,2354.2582420902404,78.07559701413082,0.9995672080784372,343.92966486165113,0.33528550512445093,0.3323572474377745,0.3323572474377745,20,0,0,80,10,0.35
speed_10,speed,10 m/s,45,512,P3-D,1528,683,0.4469895287958115,845,845,2188.3991826846777,77.1117807105041,0.9997962325173569,350.2042170093596,0.3308931185944363,0.34260614934114203,0.32650073206442165,20,0,0,80,10,0.35
speed_10,speed,10 m/s,45,513,P0,1472,816,0.5543478260869565,656,656,1744.5711142720581,80.3713489439615,2.550024072196188,899.2314075311797,0,1,0,20,0,0,80,10,0.35
speed_10,speed,10 m/s,45,513,P1,1472,816,0.5543478260869565,656,656,1750.4089623097098,79.82820582001526,2.2502391141687683,167.80771489326457,0.7855392156862745,0,0.21446078431372548,20,0,0,80,10,0.35
speed_10,speed,10 m/s,45,513,P2,1472,816,0.5543478260869565,656,656,1746.8666016306802,76.23107707397605,0.9829093116706605,447.47062511926487,0.38235294117647056,0.38235294117647056,0.23529411764705882,20,0,0,80,10,0.35
speed_10,speed,10 m/s,45,513,P3-U,1472,682,0.4633152173913043,790,790,2073.712079903387,77.6191653044703,0.9998564532095733,343.72436555533267,0.3343108504398827,0.33284457478005863,0.33284457478005863,20,0,0,80,10,0.35
speed_10,speed,10 m/s,45,513,P3-D,1472,683,0.4639945652173913,789,789,1914.5874859473258,76.53387023489624,0.9999941193787614,350.2044214141367,0.3294289897510981,0.34260614934114203,0.3279648609077599,20,0,0,80,10,0.35
speed_10,speed,10 m/s,45,514,P0,1510,816,0.5403973509933775,694,694,1913.9978527571895,80.37135014622051,2.550029495066589,899.2315416663889,0,1,0,20,0,0,80,10,0.35
speed_10,speed,10 m/s,45,514,P1,1510,816,0.5403973509933775,694,694,1919.7334271440711,80.10826979028067,2.4001383717568894,167.8075457214942,0.8186274509803921,0,0.18137254901960784,20,0,0,80,10,0.35
speed_10,speed,10 m/s,45,514,P2,1510,816,0.5403973509933775,694,694,1916.2221955830657,76.23107792744986,0.982909504831629,447.4709044458129,0.38235294117647056,0.38235294117647056,0.23529411764705882,20,0,0,80,10,0.35
speed_10,speed,10 m/s,45,514,P3-U,1510,684,0.45298013245033114,826,826,2269.216740289873,77.37170141179881,0.9998566417844189,344.13579180007076,0.3347953216374269,0.33187134502923976,0.3333333333333333,20,0,0,80,10,0.35
speed_10,speed,10 m/s,45,514,P3-D,1510,684,0.45298013245033114,826,826,2099.7347721402944,76.8324317736422,0.9998830272420163,350.41017619262135,0.3304093567251462,0.34210526315789475,0.32748538011695905,20,0,0,80,10,0.35
speed_10,speed,10 m/s,45,515,P0,1546,816,0.5278137128072445,730,730,2014.8897988128674,80.37134864339669,2.550022716478588,899.2312940321565,0,1,0,20,0,0,80,10,0.35
speed_10,speed,10 m/s,45,515,P1,1546,815,0.5271668822768435,731,731,2030.6454644333712,80.24171203282867,2.4750349276386334,167.60220614622207,0.8282208588957055,0,0.17177914110429449,20,0,0,80,10,0.35
speed_10,speed,10 m/s,45,515,P2,1546,815,0.5271668822768435,731,731,2027.2074823763767,76.23107611418816,0.9829090944483831,447.26515859881937,0.38282208588957056,0.38282208588957056,0.2343558282208589,20,0,0,80,10,0.35
speed_10,speed,10 m/s,45,515,P3-U,1546,683,0.44178525226390686,863,863,2336.3681100917843,77.85329283174477,0.9997496508704605,343.93010034675655,0.33528550512445093,0.3323572474377745,0.3323572474377745,20,0,0,80,10,0.35
speed_10,speed,10 m/s,45,515,P3-D,1546,684,0.4424320827943079,862,862,2166.9688873795217,76.83243141887485,0.9998857626709484,350.41066919946314,0.33187134502923976,0.34210526315789475,0.3260233918128655,20,0,0,80,10,0.35
speed_10,speed,10 m/s,45,516,P0,1558,815,0.5231065468549422,743,743,1978.5070573862477,80.37134924452629,2.550025427913788,898.129350458221,0,1,0,20,0,0,80,10,0.35
speed_10,speed,10 m/s,45,516,P1,1558,815,0.5231065468549422,743,743,1984.455959827996,79.82820616062133,2.2502404698855627,167.60214108015657,0.803680981595092,0,0.19631901840490798,20,0,0,80,10,0.35
speed_10,speed,10 m/s,45,516,P2,1558,815,0.5231065468549422,743,743,1980.6793104638648,76.23107533442011,0.9829089179688152,447.2648039175631,0.3815950920245399,0.38282208588957056,0.23558282208588957,20,0,0,80,10,0.35
speed_10,speed,10 m/s,45,516,P3-U,1558,683,0.43838254172015406,875,875,2290.054597213254,77.85329405307192,0.9997478756471513,343.92973169806186,0.33528550512445093,0.3323572474377745,0.3323572474377745,20,0,0,80,10,0.35
speed_10,speed,10 m/s,45,516,P3-D,1558,683,0.43838254172015406,875,875,2113.276049984418,76.83243453980009,0.9998840413432154,350.2046860652204,0.3308931185944363,0.34260614934114203,0.32650073206442165,20,0,0,80,10,0.35
speed_10,speed,10 m/s,45,517,P0,1579,814,0.5155161494616846,765,765,1831.1482109942121,80.37135014622051,2.550029495066589,897.0273449757274,0,1,0,20,0,0,80,10,0.35
speed_10,speed,10 m/s,45,517,P1,1579,814,0.5155161494616846,765,765,1837.0596044338338,79.97049530829335,2.3251900986796232,167.39650220098298,0.7985257985257985,0,0.20147420147420148,20,0,0,80,10,0.35
speed_10,speed,10 m/s,45,517,P2,1579,814,0.5155161494616846,765,765,1833.274371072286,76.23107448094581,0.982908724807847,447.0588517081491,0.3808353808353808,0.3832923832923833,0.23587223587223588,20,0,0,80,10,0.35
speed_10,speed,10 m/s,45,517,P3-U,1579,684,0.4331855604813173,895,895,2121.5199338808334,77.37151615729184,0.9999273793729045,344.13562654302723,0.3347953216374269,0.33187134502923976,0.3333333333333333,20,0,0,80,10,0.35
speed_10,speed,10 m/s,45,517,P3-D,1579,683,0.4325522482583914,896,896,1944.208790216139,77.1117872581164,0.9997977298938686,350.2044990310279,0.3308931185944363,0.34260614934114203,0.32650073206442165,20,0,0,80,10,0.35
speed_10,speed,10 m/s,45,518,P0,1445,812,0.5619377162629757,633,633,1679.0794129793483,80.3713489439615,2.550024072196188,894.8234991002281,0,1,0,20,0,0,80,10,0.35
speed_10,speed,10 m/s,45,518,P1,1445,812,0.5619377162629757,633,633,1684.8641408117287,79.97049530829335,2.325190098679623,166.98501623122613,0.7820197044334976,0,0.21798029556650247,20,0,0,80,10,0.35
speed_10,speed,10 m/s,45,518,P2,1445,812,0.5619377162629757,633,633,1681.1536026437316,76.23107785374378,0.9829094881502284,446.64756684811715,0.3817733990147783,0.3842364532019704,0.23399014778325122,20,0,0,80,10,0.35
speed_10,speed,10 m/s,45,518,P3-U,1445,683,0.4726643598615917,762,762,1976.527252463026,77.85328995817127,0.9998377018169331,343.92987054493574,0.33528550512445093,0.3323572474377745,0.3323572474377745,20,0,0,80,10,0.35
speed_10,speed,10 m/s,45,518,P3-D,1445,684,0.473356401384083,761,761,1813.3301646480568,77.11178929635322,0.999929722174731,350.409948288983,0.33187134502923976,0.34210526315789475,0.3260233918128655,20,0,0,80,10,0.35
speed_10,speed,10 m/s,45,519,P0,1456,813,0.5583791208791209,643,643,1749.4183276818956,80.37134954509102,2.5500267836313886,895.925607763652,0,1,0,20,0,0,80,10,0.35
speed_10,speed,10 m/s,45,519,P1,1456,813,0.5583791208791209,643,643,1755.060594369846,79.97049530829335,2.3251900986796232,167.19052497826863,0.7921279212792128,0,0.2078720787207872,20,0,0,80,10,0.35
speed_10,speed,10 m/s,45,519,P2,1456,813,0.5583791208791209,643,643,1751.5616881858552,76.23107607308987,0.982909085146891,446.85358039560776,0.38253382533825336,0.3837638376383764,0.23370233702337023,20,0,0,80,10,0.35
speed_10,speed,10 m/s,45,519,P3-U,1456,683,0.4690934065934066,773,773,2079.784121983589,77.85329759008252,0.9996564320030056,343.9299864442468,0.33528550512445093,0.3323572474377745,0.3323572474377745,20,0,0,80,10,0.35
speed_10,speed,10 m/s,45,519,P3-D,1456,684,0.4697802197802198,772,772,1917.0298979697884,76.8326359490839,0.9998806463928654,350.4098675145844,0.33187134502923976,0.34210526315789475,0.3260233918128655,20,0,0,80,10,0.35
speed_10,speed,10 m/s,45,520,P0,1533,810,0.5283757338551859,723,723,2057.560994687732,80.37134954509102,2.5500267836313886,892.619642906636,0,1,0,20,0,0,80,10,0.35
speed_10,speed,10 m/s,45,520,P1,1533,810,0.5283757338551859,723,723,2063.159287169874,80.10826851294195,2.4001329488897114,166.57354327468244,0.7925925925925926,0,0.2074074074074074,20,0,0,80,10,0.35
speed_10,speed,10 m/s,45,520,P2,1533,810,0.5283757338551859,723,723,2059.740261434249,76.23107810746981,0.9829095455743384,446.23681349353535,0.38395061728395063,0.3851851851851852,0.2308641975308642,20,0,0,80,10,0.35
speed_10,speed,10 m/s,45,520,P3-U,1533,683,0.4455316373124592,850,850,2349.01174052603,77.8534584581361,0.9997473786087693,343.93024298052,0.33528550512445093,0.3323572474377745,0.3323572474377745,20,0,0,80,10,0.35
speed_10,speed,10 m/s,45,520,P3-D,1533,684,0.4461839530332681,849,849,2206.6264552632874,76.83242920589221,0.9999797450799831,350.4096962776362,0.3304093567251462,0.34210526315789475,0.32748538011695905,20,0,0,80,10,0.35
speed_10,speed,10 m/s,45,521,P0,1532,816,0.5326370757180157,716,716,1813.8318630385063,80.37134864339669,2.550022716478588,899.2312218055054,0,1,0,20,0,0,80,10,0.35
speed_10,speed,10 m/s,45,521,P1,1532,814,0.5313315926892951,718,718,1839.5727619728407,80.10826947094601,2.4001370160400946,167.3966453463272,0.8230958230958231,0,0.1769041769041769,20,0,0,80,10,0.35
speed_10,speed,10 m/s,45,521,P2,1532,814,0.5313315926892951,718,718,1836.2586779107817,76.2310795606909,0.9829098744721652,447.05986813508076,0.3832923832923833,0.3832923832923833,0.2334152334152334,20,0,0,80,10,0.35
speed_10,speed,10 m/s,45,521,P3-U,1532,683,0.445822454308094,849,849,2143.79206871428,77.85329504954325,0.999931261098013,343.9304374706905,0.33528550512445093,0.3323572474377745,0.3323572474377745,20,0,0,80,10,0.35
speed_10,speed,10 m/s,45,521,P3-D,1532,684,0.4464751958224543,848,848,1973.6876513610744,76.83264811402915,0.9998841643737276,350.4104136960588,0.33187134502923976,0.34210526315789475,0.3260233918128655,20,0,0,80,10,0.35
speed_10,speed,10 m/s,45,522,P0,1510,813,0.5384105960264901,697,697,1966.4116270540421,80.3713489439615,2.550024072196188,895.9254323560707,0,1,0,20,0,0,80,10,0.35
speed_10,speed,10 m/s,45,522,P1,1510,812,0.5377483443708609,698,698,1982.2733806255478,80.10826979028067,2.4001383717568894,166.98509431050476,0.8078817733990148,0,0.1921182266009852,20,0,0,80,10,0.35
speed_10,speed,10 m/s,45,522,P2,1510,812,0.5377483443708609,698,698,1978.7169714852757,76.23107792744986,0.982909504831629,446.64808898969926,0.3805418719211823,0.3842364532019704,0.23522167487684728,20,0,0,80,10,0.35
speed_10,speed,10 m/s,45,522,P3-U,1510,683,0.452317880794702,827,827,2267.5215534034023,77.85345435162482,0.9998385777992932,343.93020266237306,0.33528550512445093,0.3323572474377745,0.3323572474377745,20,0,0,80,10,0.35
speed_10,speed,10 m/s,45,522,P3-D,1510,684,0.45298013245033114,826,826,2120.701809198629,76.53563370419548,0.9999523108126233,350.4102289240494,0.33187134502923976,0.34210526315789475,0.3260233918128655,20,0,0,80,10,0.35
speed_10,speed,10 m/s,45,523,P0,1559,814,0.5221295702373316,745,745,2000.9104459069317,80.3713489439615,2.550024072196188,897.0273759300062,0,1,0,20,0,0,80,10,0.35
speed_10,speed,10 m/s,45,523,P1,1559,813,0.5214881334188582,746,746,2016.6453386567084,80.24180760797505,2.4750866448341546,167.1908242821701,0.7995079950799509,0,0.2004920049200492,20,0,0,80,10,0.35
speed_10,speed,10 m/s,45,523,P2,1559,813,0.5214881334188582,746,746,2013.077538034871,76.23107604048204,0.9829090777669828,446.85372968841165,0.3837638376383764,0.3837638376383764,0.23247232472324722,20,0,0,80,10,0.35
speed_10,speed,10 m/s,45,523,P3-U,1559,683,0.4381013470173188,876,876,2291.520908152047,77.85329737968732,0.9996586693905258,343.92993327017433,0.33528550512445093,0.3323572474377745,0.3323572474377745,20,0,0,80,10,0.35
speed_10,speed,10 m/s,45,523,P3-D,1559,684,0.4387427838357922,875,875,2138.1883814747184,76.53564766255356,0.9999516493993653,350.41003579159064,0.33187134502923976,0.34210526315789475,0.3260233918128655,20,0,0,80,10,0.35
speed_10,speed,10 m/s,45,524,P0,1531,815,0.5323318092749837,716,716,1908.143714775856,80.37134954509102,2.5500267836313886,898.1295155477094,0,1,0,20,0,0,80,10,0.35
speed_10,speed,10 m/s,45,524,P1,1531,814,0.5316786414108425,717,717,1924.0078373590943,80.10826851294195,2.400132948889711,167.39628097636012,0.7923832923832924,0,0.2076167076167076,20,0,0,80,10,0.35
speed_10,speed,10 m/s,45,524,P2,1531,814,0.5316786414108425,717,717,1920.4543397952157,76.23107551444019,0.9829089587115246,447.0592752718112,0.3832923832923833,0.3832923832923833,0.2334152334152334,20,0,0,80,10,0.35
speed_10,speed,10 m/s,45,524,P3-U,1531,683,0.44611365120836055,848,848,2238.8938883319706,77.85329227449147,0.999929371007208,343.9300016607423,0.33382137628111275,0.3323572474377745,0.33382137628111275,20,0,0,80,10,0.35
speed_10,speed,10 m/s,45,524,P3-D,1531,684,0.44676681907250165,847,847,2071.6709650229927,77.11178794658008,0.9998857423295043,350.41079119704057,0.33187134502923976,0.34210526315789475,0.3260233918128655,20,0,0,80,10,0.35
speed_10,speed,10 m/s,45,525,P0,1514,815,0.5383091149273448,699,699,1899.8049057535368,80.37134924452629,2.550025427913788,898.1295774562673,0,1,0,20,0,0,80,10,0.35
speed_10,speed,10 m/s,45,525,P1,1514,815,0.5383091149273448,699,699,1905.5538701648882,79.82820547940915,2.2502377584519744,167.60185478946818,0.7901840490797546,0,0.2098159509202454,20,0,0,80,10,0.35
speed_10,speed,10 m/s,45,525,P2,1514,815,0.5383091149273448,699,699,1901.7825624864452,76.23107551444019,0.9829089587115248,447.2644894758099,0.38282208588957056,0.38282208588957056,0.2343558282208589,20,0,0,80,10,0.35
speed_10,speed,10 m/s,45,525,P3-U,1514,683,0.4511228533685601,831,831,2229.6973058862063,77.85329623498814,0.999747215161185,343.9300993433381,0.33528550512445093,0.3323572474377745,0.3323572474377745,20,0,0,80,10,0.35
speed_10,speed,10 m/s,45,525,P3-D,1514,684,0.45178335535006603,830,830,2066.1687055408506,76.5356439590569,0.9999945735078211,350.41026597659476,0.3304093567251462,0.34210526315789475,0.32748538011695905,20,0,0,80,10,0.35
speed_10,speed,10 m/s,45,526,P0,1484,812,0.5471698113207547,672,672,1864.8296710559737,80.37134954509102,2.5500267836313886,894.8234475097631,0,1,0,20,0,0,80,10,0.35
speed_10,speed,10 m/s,45,526,P1,1484,810,0.545822102425876,674,674,1890.9111836915893,79.828205138803,2.2502364027351796,166.5737905257314,0.7864197530864198,0,0.21358024691358024,20,0,0,80,10,0.35
speed_10,speed,10 m/s,45,526,P2,1484,810,0.545822102425876,674,674,1887.2953991121856,76.23107629420818,0.9829091351910926,446.23646705492695,0.3851851851851852,0.3851851851851852,0.22962962962962963,20,0,0,80,10,0.35
speed_10,speed,10 m/s,45,526,P3-U,1484,683,0.46024258760107817,801,801,2165.1723562804364,78.07559935180392,0.99974797830239,343.93010952388653,0.33528550512445093,0.3323572474377745,0.3323572474377745,20,0,0,80,10,0.35
speed_10,speed,10 m/s,45,526,P3-D,1484,684,0.4609164420485175,800,800,2011.519091149596,77.11178843214971,0.9998829575592569,350.41022612083515,0.33187134502923976,0.34210526315789475,0.3260233918128655,20,0,0,80,10,0.35
speed_10,speed,10 m/s,45,527,P0,1522,816,0.5361366622864652,706,706,1872.431779380907,80.37134984565577,2.550028139348989,899.2312940321565,0,1,0,20,0,0,80,10,0.35
speed_10,speed,10 m/s,45,527,P1,1522,815,0.5354796320630749,707,707,1888.5272429365389,80.10826883227666,2.4001343046065062,167.60220614622207,0.7987730061349694,0,0.20122699386503068,20,0,0,80,10,0.35
speed_10,speed,10 m/s,45,527,P2,1522,816,0.5361366622864652,706,706,1874.7119491088795,76.23107686134821,0.9829092635480425,447.4704038357411,0.38235294117647056,0.38235294117647056,0.23529411764705882,20,0,0,80,10,0.35
speed_10,speed,10 m/s,45,527,P3-U,1522,682,0.4480946123521682,840,840,2209.594421636291,77.85329183821666,0.9998552949938666,343.724183803286,0.3343108504398827,0.33284457478005863,0.33284457478005863,20,0,0,80,10,0.35
speed_10,speed,10 m/s,45,527,P3-D,1522,684,0.44940867279894875,838,838,2047.2151329181402,76.53408842022047,0.9999480634908658,350.41018560568267,0.3304093567251462,0.34210526315789475,0.32748538011695905,20,0,0,80,10,0.35
speed_10,speed,10 m/s,45,528,P0,1559,815,0.522771007055805,744,744,1983.1411592324337,80.37134954509102,2.5500267836313886,898.1295361838953,0,1,0,20,0,0,80,10,0.35
speed_10,speed,10 m/s,45,528,P1,1559,815,0.522771007055805,744,744,1988.9299509063037,80.10826819360722,2.400131593172917,167.60190684232063,0.8012269938650307,0,0.19877300613496932,20,0,0,80,10,0.35
speed_10,speed,10 m/s,45,528,P2,1559,815,0.522771007055805,744,744,1985.3425682029404,76.2310752196157,0.9829088919859228,447.2649481841274,0.38282208588957056,0.38282208588957056,0.2343558282208589,20,0,0,80,10,0.35
speed_10,speed,10 m/s,45,528,P3-U,1559,683,0.4381013470173188,876,876,2296.1349450458893,77.85328972723741,0.9997486729362081,343.92983090536444,0.33528550512445093,0.3323572474377745,0.3323572474377745,20,0,0,80,10,0.35
speed_10,speed,10 m/s,45,528,P3-D,1559,684,0.4387427838357922,875,875,2128.1051308994433,76.83243112198025,0.9998838751395568,350.41038674485804,0.33187134502923976,0.34210526315789475,0.3260233918128655,20,0,0,80,10,0.35
speed_10,speed,10 m/s,45,529,P0,1472,816,0.5543478260869565,656,656,1812.297322616768,80.37134924452629,2.550025427913788,899.2313353045286,0,1,0,20,0,0,80,10,0.35
speed_10,speed,10 m/s,45,529,P1,1472,814,0.5529891304347826,658,658,1838.5760342719202,80.24180760797505,2.4750866448341546,167.39651521419606,0.7923832923832924,0,0.2076167076167076,20,0,0,80,10,0.35
speed_10,speed,10 m/s,45,529,P2,1472,814,0.5529891304347826,658,658,1834.9527112808746,76.23107729509431,0.982909361714862,447.0591169297145,0.3832923832923833,0.3832923832923833,0.2334152334152334,20,0,0,80,10,0.35
speed_10,speed,10 m/s,45,529,P3-U,1472,683,0.4639945652173913,789,789,2173.0039418571255,77.85329446401659,0.9999288979218733,343.9295172508413,0.33382137628111275,0.3323572474377745,0.33382137628111275,20,0,0,80,10,0.35
speed_10,speed,10 m/s,45,529,P3-D,1472,684,0.46467391304347827,788,788,2005.517599594601,77.1117840521576,0.9998809151623871,350.4099234629808,0.3304093567251462,0.34210526315789475,0.32748538011695905,20,0,0,80,10,0.35
speed_10,speed,10 m/s,45,530,P0,1545,812,0.5255663430420712,733,733,1957.3565893826199,80.3713489439615,2.550024072196188,894.8234887821351,0,1,0,20,0,0,80,10,0.35
speed_10,speed,10 m/s,45,530,P1,1545,811,0.5249190938511327,734,734,1973.262106676161,79.97049431941066,2.32518603152924,166.77937735205256,0.7977805178791615,0,0.20221948212083848,20,0,0,80,10,0.35
speed_10,speed,10 m/s,45,530,P2,1545,811,0.5249190938511327,734,734,1969.8129001443663,76.23107792744986,0.982909504831629,446.44256793746985,0.3810110974106042,0.3847102342786683,0.2342786683107275,20,0,0,80,10,0.35
speed_10,speed,10 m/s,45,530,P3-U,1545,683,0.44207119741100326,862,862,2254.1329529985155,77.85346204452851,0.999567206709106,343.9300485100925,0.33382137628111275,0.3323572474377745,0.33382137628111275,20,0,0,80,10,0.35
speed_10,speed,10 m/s,45,530,P3-D,1545,684,0.44271844660194176,861,861,2098.120822732746,76.8326410653319,0.9998819851513512,350.4100240568851,0.33187134502923976,0.34210526315789475,0.3260233918128655,20,0,0,80,10,0.35
speed_10,speed,10 m/s,80,501,P0,2681,816,0.30436404326743755,1865,1865,3328.3545956692587,80.37134924452629,2.550025427913788,899.2314900759238,0,1,0,20,0,0,80,10,0.35
speed_10,speed,10 m/s,80,501,P1,2681,814,0.30361805296531147,1867,1867,3352.309389126758,79.82820582001526,2.2502391141687688,167.3963200159995,0.7813267813267813,0,0.21867321867321868,20,0,0,80,10,0.35
speed_10,speed,10 m/s,80,501,P2,2681,816,0.30436404326743755,1865,1865,3330.580464775928,76.23107682024995,0.9829092542465504,447.47046027541523,0.38235294117647056,0.38235294117647056,0.23529411764705882,20,0,0,80,10,0.35
speed_10,speed,10 m/s,80,501,P3-U,2681,684,0.25512868332711675,1997,1997,3542.6813434758,77.85330003567753,0.9998595434699044,344.1359491290414,0.3347953216374269,0.33187134502923976,0.3333333333333333,20,0,0,80,10,0.35
speed_10,speed,10 m/s,80,501,P3-D,2681,684,0.25512868332711675,1997,1997,3370.410076900789,76.83263914762271,0.9998816471389468,350.41012835959555,0.3304093567251462,0.34210526315789475,0.32748538011695905,20,0,0,80,10,0.35
speed_10,speed,10 m/s,80,502,P0,2595,816,0.31445086705202313,1779,1779,3444.6377251052,80.37134954509102,2.5500267836313886,899.231469439738,0,1,0,20,0,0,80,10,0.35
speed_10,speed,10 m/s,80,502,P1,2595,815,0.3140655105973025,1780,1780,3459.5230491811503,79.82820445759064,2.250233691301591,167.60198492159924,0.7938650306748466,0,0.20613496932515338,20,0,0,80,10,0.35
speed_10,speed,10 m/s,80,502,P2,2595,816,0.31445086705202313,1779,1779,3446.8409413325967,76.23107930696494,0.9829098170480551,447.4705514760013,0.38235294117647056,0.38235294117647056,0.23529411764705882,20,0,0,80,10,0.35
speed_10,speed,10 m/s,80,502,P3-U,2595,684,0.2635838150289017,1911,1911,3660.111555557474,77.61916810409838,0.999857734469646,344.1359149091609,0.3347953216374269,0.33187134502923976,0.3333333333333333,20,0,0,80,10,0.35
speed_10,speed,10 m/s,80,502,P3-D,2595,684,0.2635838150289017,1911,1911,3498.167060395681,76.5338680005256,0.9999946953236717,350.409859675423,0.3304093567251462,0.34210526315789475,0.32748538011695905,20,0,0,80,10,0.35
speed_10,speed,10 m/s,80,503,P0,2680,816,0.3044776119402985,1864,1864,3351.0200146750253,80.37134924452629,2.550025427913788,899.2313456226216,0,1,0,20,0,0,80,10,0.35
speed_10,speed,10 m/s,80,503,P1,2680,815,0.3041044776119403,1865,1865,3366.15999070504,79.9704936601554,2.3251833200956504,167.60214108015654,0.8061349693251534,0,0.19386503067484662,20,0,0,80,10,0.35
speed_10,speed,10 m/s,80,503,P2,2680,814,0.3037313432835821,1866,1866,3371.5677363016193,76.23107803376374,0.9829095288929377,447.0594031712095,0.3832923832923833,0.3832923832923833,0.2334152334152334,20,0,0,80,10,0.35
speed_10,speed,10 m/s,80,503,P3-U,2680,683,0.2548507462686567,1997,1997,3559.6187783798937,77.85329330205323,0.9999316411634791,343.93020235727334,0.33382137628111275,0.3323572474377745,0.33382137628111275,20,0,0,80,10,0.35
speed_10,speed,10 m/s,80,503,P3-D,2680,684,0.25522388059701495,1996,1996,3395.566150504608,77.11178965321425,0.9998814708049483,350.4099764105974,0.33187134502923976,0.34210526315789475,0.3260233918128655,20,0,0,80,10,0.35
speed_10,speed,10 m/s,80,504,P0,2672,816,0.30538922155688625,1856,1856,3253.1077917728157,80.37134954509102,2.5500267836313886,899.2314797578308,0,1,0,20,0,0,80,10,0.35
speed_10,speed,10 m/s,80,504,P1,2672,815,0.30501497005988026,1857,1857,3268.0148373127795,80.10826851294195,2.400132948889711,167.60198492159924,0.7926380368098159,0,0.20736196319018405,20,0,0,80,10,0.35
speed_10,speed,10 m/s,80,504,P2,2672,816,0.30538922155688625,1856,1856,3255.3563708236234,76.23107714768214,0.982909328352061,447.47053402677307,0.38235294117647056,0.38235294117647056,0.23529411764705882,20,0,0,80,10,0.35
speed_10,speed,10 m/s,80,504,P3-U,2672,684,0.2559880239520958,1988,1988,3462.925578991798,77.85328961714167,0.9998584339965457,344.13550626660185,0.3347953216374269,0.33187134502923976,0.3333333333333333,20,0,0,80,10,0.35
speed_10,speed,10 m/s,80,504,P3-D,2672,683,0.2556137724550898,1989,1989,3284.010939598358,76.83242883866951,0.9997968474062489,350.20442059745614,0.3308931185944363,0.34260614934114203,0.32650073206442165,20,0,0,80,10,0.35
speed_10,speed,10 m/s,80,505,P0,2723,815,0.29930224017627616,1908,1908,3365.1890040388303,80.37134924452629,2.550025427913788,898.1295052296163,0,1,0,20,0,0,80,10,0.35
speed_10,speed,10 m/s,80,505,P1,2723,815,0.29930224017627616,1908,1908,3371.0104624583064,79.97049431941066,2.32518603152924,167.60194588195995,0.7730061349693251,0,0.22699386503067484,20,0,0,80,10,0.35
speed_10,speed,10 m/s,80,505,P2,2723,815,0.29930224017627616,1908,1908,3367.226641603744,76.23107544073407,0.982908942030124,447.2643794585767,0.38282208588957056,0.38282208588957056,0.2343558282208589,20,0,0,80,10,0.35
speed_10,speed,10 m/s,80,505,P3-U,2723,683,0.250826294528094,2040,2040,3567.8785659801842,77.6191699247538,0.9997469936615697,343.92976682297444,0.33382137628111275,0.3323572474377745,0.33382137628111275,20,0,0,80,10,0.35
speed_10,speed,10 m/s,80,505,P3-D,2723,683,0.250826294528094,2040,2040,3393.6938105664053,76.83243176401817,0.9998840039937413,350.2041922908915,0.3308931185944363,0.34260614934114203,0.32650073206442165,20,0,0,80,10,0.35
speed_10,speed,10 m/s,80,506,P0,2721,816,0.29988974641675853,1905,1905,3298.936771687577,80.37134924452629,2.550025427913788,899.2313868949936,0,1,0,20,0,0,80,10,0.35
speed_10,speed,10 m/s,80,506,P1,2721,814,0.2991547225284822,1907,1907,3322.728155432079,80.24180791764012,2.4750880005509495,167.39643713491742,0.7985257985257985,0,0.20147420147420148,20,0,0,80,10,0.35
speed_10,speed,10 m/s,80,506,P2,2721,815,0.2995222344726204,1906,1906,3310.0713629040984,76.23107878092348,0.9829096979925972,447.2650885262573,0.38282208588957056,0.38282208588957056,0.2343558282208589,20,0,0,80,10,0.35
speed_10,speed,10 m/s,80,506,P3-U,2721,683,0.25101065784638,2038,2038,3487.965338974137,77.61916487827251,0.9997477923616517,343.9299295127349,0.33382137628111275,0.3323572474377745,0.33382137628111275,20,0,0,80,10,0.35
speed_10,speed,10 m/s,80,506,P3-D,2721,684,0.2513781697905182,2037,2037,3329.6279610229235,76.53564269653343,0.9999973336826574,350.4099980010086,0.3304093567251462,0.34210526315789475,0.32748538011695905,20,0,0,80,10,0.35
speed_10,speed,10 m/s,80,507,P0,2762,816,0.2954380883417813,1946,1946,3369.0179821680044,80.37134924452629,2.550025427913788,899.2315210302029,0,1,0,20,0,0,80,10,0.35
speed_10,speed,10 m/s,80,507,P1,2762,815,0.2950760318609703,1947,1947,3383.6758741990093,80.24180574998414,2.4750785105333883,167.60193286874681,0.8,0,0.2,20,0,0,80,10,0.35
speed_10,speed,10 m/s,80,507,P2,2762,815,0.2950760318609703,1947,1947,3380.2022911459794,76.23108130024515,0.9829102681740104,447.2651841923087,0.38282208588957056,0.38282208588957056,0.2343558282208589,20,0,0,80,10,0.35
speed_10,speed,10 m/s,80,507,P3-U,2762,683,0.24728457639391746,2079,2079,3560.7075368681203,77.85328900052421,0.9997477814329734,343.92995780134436,0.33528550512445093,0.3323572474377745,0.3323572474377745,20,0,0,80,10,0.35
speed_10,speed,10 m/s,80,507,P3-D,2762,684,0.24764663287472846,2078,2078,3394.118836211179,76.83243331141006,0.9998851868517041,350.41020069434086,0.3304093567251462,0.34210526315789475,0.32748538011695905,20,0,0,80,10,0.35
speed_10,speed,10 m/s,80,508,P0,2805,816,0.2909090909090909,1989,1989,3507.9070761367934,80.37134924452629,2.550025427913788,899.2315107121099,0,1,0,20,0,0,80,10,0.35
speed_10,speed,10 m/s,80,508,P1,2805,815,0.2905525846702317,1990,1990,3522.5010030632743,80.24180636931453,2.475081221966977,167.60193286874681,0.7987730061349694,0,0.20122699386503068,20,0,0,80,10,0.35
speed_10,speed,10 m/s,80,508,P2,2805,815,0.2905525846702317,1990,1990,3518.901851616277,76.23107611418816,0.9829090944483829,447.26499754185966,0.38282208588957056,0.38282208588957056,0.2343558282208589,20,0,0,80,10,0.35
speed_10,speed,10 m/s,80,508,P3-U,2805,683,0.24349376114081997,2122,2122,3683.2603838951504,77.85329399857201,0.9997490669024006,343.93014771739496,0.33528550512445093,0.3323572474377745,0.3323572474377745,20,0,0,80,10,0.35
speed_10,speed,10 m/s,80,508,P3-D,2805,683,0.24349376114081997,2122,2122,3506.1408101572397,76.83243745293095,0.9998841634754889,350.20461656313984,0.3308931185944363,0.34260614934114203,0.32650073206442165,20,0,0,80,10,0.35
speed_10,speed,10 m/s,80,509,P0,2656,816,0.3072289156626506,1840,1840,3244.266845546002,80.37134924452629,2.550025427913788,899.2311495788542,0,1,0,20,0,0,80,10,0.35
speed_10,speed,10 m/s,80,509,P1,2656,815,0.3068524096385542,1841,1841,3259.432316749355,79.82820718243943,2.2502445370359463,167.60238833120556,0.8098159509202454,0,0.1901840490797546,20,0,0,80,10,0.35
speed_10,speed,10 m/s,80,509,P2,2656,815,0.3068524096385542,1841,1841,3255.6331373434896,76.23107615528642,0.9829091037498751,447.26509339520936,0.38282208588957056,0.38282208588957056,0.2343558282208589,20,0,0,80,10,0.35
speed_10,speed,10 m/s,80,509,P3-U,2656,683,0.2571536144578313,1973,1973,3437.1716242718467,77.85329341783685,0.9997474735959467,343.9298638467375,0.33528550512445093,0.3323572474377745,0.3323572474377745,20,0,0,80,10,0.35
speed_10,speed,10 m/s,80,509,P3-D,2656,683,0.2571536144578313,1973,1973,3266.4880974397233,76.53564543818786,0.9999972349666908,350.2045374707353,0.3308931185944363,0.34260614934114203,0.32650073206442165,20,0,0,80,10,0.35
speed_10,speed,10 m/s,80,510,P0,2733,816,0.29857299670691545,1917,1917,3363.4523067574587,80.3713486433967,2.550022716478588,899.2312837140635,0,1,0,20,0,0,80,10,0.35
speed_10,speed,10 m/s,80,510,P1,2733,816,0.29857299670691545,1917,1917,3369.5367493621793,79.97049431941066,2.3251860315292396,167.80787105182182,0.8149509803921569,0,0.18504901960784315,20,0,0,80,10,0.35
speed_10,speed,10 m/s,80,510,P2,2733,816,0.29857299670691545,1917,1917,3365.662462784112,76.23108200630611,0.9829104279721779,447.4705668600518,0.38235294117647056,0.38235294117647056,0.23529411764705882,20,0,0,80,10,0.35
speed_10,speed,10 m/s,80,510,P3-U,2733,682,0.2495426271496524,2051,2051,3556.8947853755762,77.85329798926078,0.9998551558789511,343.7241824461345,0.3343108504398827,0.33284457478005863,0.33284457478005863,20,0,0,80,10,0.35
speed_10,speed,10 m/s,80,510,P3-D,2733,684,0.2502744237102086,2049,2049,3395.5997059472634,76.83264533900743,0.9998835477083189,350.41034168559605,0.3304093567251462,0.34210526315789475,0.32748538011695905,20,0,0,80,10,0.35
speed_10,speed,10 m/s,80,511,P0,2668,816,0.3058470764617691,1852,1852,3274.2425053484985,80.37134924452629,2.550025427913788,899.2313456226216,0,1,0,20,0,0,80,10,0.35
speed_10,speed,10 m/s,80,511,P1,2668,814,0.30509745127436283,1854,1854,3298.342603110283,80.10826851294195,2.400132948889711,167.39651521419606,0.8132678132678133,0,0.18673218673218672,20,0,0,80,10,0.35
speed_10,speed,10 m/s,80,511,P2,2668,815,0.305472263868066,1853,1853,3285.6436103546025,76.2310759341681,0.9829090537056737,447.26498024991906,0.38282208588957056,0.38282208588957056,0.2343558282208589,20,0,0,80,10,0.35
speed_10,speed,10 m/s,80,511,P3-U,2668,683,0.25599700149925037,1985,1985,3481.022930146622,77.85329273028081,0.9997474350099839,343.9300938941971,0.33528550512445093,0.3323572474377745,0.3323572474377745,20,0,0,80,10,0.35
speed_10,speed,10 m/s,80,511,P3-D,2668,684,0.2563718140929535,1984,1984,3313.657106875992,76.8324311782891,0.9998838058288836,350.4104105385514,0.3304093567251462,0.34210526315789475,0.32748538011695905,20,0,0,80,10,0.35
speed_10,speed,10 m/s,80,512,P0,2595,816,0.31445086705202313,1779,1779,3210.030685844008,80.37134864339669,2.550022716478588,899.2310876702963,0,1,0,20,0,0,80,10,0.35
speed_10,speed,10 m/s,80,512,P1,2595,816,0.31445086705202313,1779,1779,3216.31702671123,79.97049464903824,2.325187387246033,167.8081183028709,0.8026960784313726,0,0.19730392156862744,20,0,0,80,10,0.35
speed_10,speed,10 m/s,80,512,P2,2595,816,0.31445086705202313,1779,1779,3212.368525945706,76.23107722138823,0.9829093450334616,447.47051042037776,0.38112745098039214,0.38235294117647056,0.23651960784313725,20,0,0,80,10,0.35
speed_10,speed,10 m/s,80,512,P3-U,2595,684,0.2635838150289017,1911,1911,3420.0798817616296,77.85329730841713,0.9998559644821481,344.13552709008604,0.3347953216374269,0.33187134502923976,0.3333333333333333,20,0,0,80,10,0.35
speed_10,speed,10 m/s,80,512,P3-D,2595,683,0.2631984585741811,1912,1912,3236.99779056259,76.8326406320634,0.999797918939242,350.2044266668322,0.3308931185944363,0.34260614934114203,0.32650073206442165,20,0,0,80,10,0.35
speed_10,speed,10 m/s,80,513,P0,2669,816,0.3057324840764331,1853,1853,3282.212432524991,80.37134924452629,2.550025427913788,899.2312733959704,0,1,0,20,0,0,80,10,0.35
speed_10,speed,10 m/s,80,513,P1,2669,816,0.3057324840764331,1853,1853,3288.383542580034,80.10826947094601,2.4001370160400946,167.80788406503495,0.8100490196078431,0,0.18995098039215685,20,0,0,80,10,0.35
speed_10,speed,10 m/s,80,513,P2,2669,816,0.3057324840764331,1853,1853,3284.463302311959,76.23107903464947,0.9829097554167072,447.4706969135391,0.38235294117647056,0.38235294117647056,0.23529411764705882,20,0,0,80,10,0.35
speed_10,speed,10 m/s,80,513,P3-U,2669,682,0.255526414387411,1987,1987,3468.7184210245973,77.61916587619504,0.9998576623470786,343.7243091451089,0.3343108504398827,0.33284457478005863,0.33284457478005863,20,0,0,80,10,0.35
speed_10,speed,10 m/s,80,513,P3-D,2669,683,0.2559010865492694,1986,1986,3310.3101394814807,76.53387148716548,0.9999946449429061,350.2041783534639,0.3308931185944363,0.34260614934114203,0.32650073206442165,20,0,0,80,10,0.35
speed_10,speed,10 m/s,80,514,P0,2721,816,0.29988974641675853,1905,1905,3341.022170783988,80.3713489439615,2.550024072196188,899.2314178492727,0,1,0,20,0,0,80,10,0.35
speed_10,speed,10 m/s,80,514,P1,2721,816,0.29988974641675853,1905,1905,3347.017431772019,79.97049398978304,2.325184675812445,167.80770188005147,0.8088235294117647,0,0.19117647058823528,20,0,0,80,10,0.35
speed_10,speed,10 m/s,80,514,P2,2721,816,0.29988974641675853,1905,1905,3343.2221925591857,76.23107714768214,0.982909328352061,447.4706406408599,0.38235294117647056,0.38235294117647056,0.23529411764705882,20,0,0,80,10,0.35
speed_10,speed,10 m/s,80,514,P3-U,2721,682,0.25064314590224185,2039,2039,3542.369335268866,77.37151788572021,0.9998578094208492,343.7244750807281,0.3343108504398827,0.33284457478005863,0.33284457478005863,20,0,0,80,10,0.35
speed_10,speed,10 m/s,80,514,P3-D,2721,683,0.25101065784638,2038,2038,3376.67669534189,76.83243855539823,0.9997987179190162,350.2046994621771,0.3308931185944363,0.34260614934114203,0.32650073206442165,20,0,0,80,10,0.35
speed_10,speed,10 m/s,80,515,P0,2654,816,0.30746043707611154,1838,1838,3349.20075461747,80.37134864339669,2.550022716478588,899.2314281673657,0,1,0,20,0,0,80,10,0.35
speed_10,speed,10 m/s,80,515,P1,2654,815,0.30708364732479276,1839,1839,3363.944028685841,79.97049464903824,2.3251873872460345,167.6020499876648,0.8061349693251534,0,0.19386503067484662,20,0,0,80,10,0.35
speed_10,speed,10 m/s,80,515,P2,2654,815,0.30708364732479276,1839,1839,3360.3229979079047,76.23107508069391,0.9829088605447052,447.265035027342,0.38282208588957056,0.38282208588957056,0.2343558282208589,20,0,0,80,10,0.35
speed_10,speed,10 m/s,80,515,P3-U,2654,683,0.2573474001507159,1971,1971,3548.4156419754263,77.85329458601878,0.9997472887733004,343.9302347576152,0.33528550512445093,0.3323572474377745,0.3323572474377745,20,0,0,80,10,0.35
speed_10,speed,10 m/s,80,515,P3-D,2654,684,0.25772418990203466,1970,1970,3379.5721362238833,76.83242910085224,0.9998837555922042,350.40994913511383,0.33187134502923976,0.34210526315789475,0.3260233918128655,20,0,0,80,10,0.35
speed_10,speed,10 m/s,80,516,P0,2650,816,0.30792452830188677,1834,1834,3282.90057141309,80.37134924452629,2.550025427913788,899.2311186245752,0,1,0,20,0,0,80,10,0.35
speed_10,speed,10 m/s,80,516,P1,2650,816,0.30792452830188677,1834,1834,3288.974815456643,80.10826947094601,2.4001370160400946,167.80807926323155,0.8149509803921569,0,0.18504901960784315,20,0,0,80,10,0.35
speed_10,speed,10 m/s,80,516,P2,2650,816,0.30792452830188677,1834,1834,3285.350179989582,76.231078074862,0.9829095381944297,447.4710224600551,0.38235294117647056,0.38235294117647056,0.23529411764705882,20,0,0,80,10,0.35
speed_10,speed,10 m/s,80,516,P3-U,2650,684,0.2581132075471698,1966,1966,3481.500204881067,77.85329241567717,0.9998567926298643,344.13577170491584,0.3347953216374269,0.33187134502923976,0.3333333333333333,20,0,0,80,10,0.35
speed_10,speed,10 m/s,80,516,P3-D,2650,683,0.2577358490566038,1967,1967,3302.2771480730667,76.83243442174484,0.99979761375535,350.2042753280334,0.3308931185944363,0.34260614934114203,0.32650073206442165,20,0,0,80,10,0.35
speed_10,speed,10 m/s,80,517,P0,2628,816,0.3105022831050228,1812,1812,3197.8177548436033,80.3713489439615,2.550024072196188,899.2314694397378,0,1,0,20,0,0,80,10,0.35
speed_10,speed,10 m/s,80,517,P1,2628,816,0.3105022831050228,1812,1812,3203.542212613597,79.82820616062133,2.250240469885563,167.8076368139859,0.7977941176470589,0,0.20220588235294118,20,0,0,80,10,0.35
speed_10,speed,10 m/s,80,517,P2,2628,816,0.3105022831050228,1812,1812,3199.945832908651,76.23107718028997,0.9829093357319696,447.470705923114,0.38235294117647056,0.38235294117647056,0.23529411764705882,20,0,0,80,10,0.35
speed_10,speed,10 m/s,80,517,P3-U,2628,684,0.2602739726027397,1944,1944,3402.404990010417,77.61917165284095,0.9998596159604587,344.1357304914445,0.3347953216374269,0.33187134502923976,0.3333333333333333,20,0,0,80,10,0.35
speed_10,speed,10 m/s,80,517,P3-D,2628,683,0.2598934550989346,1945,1945,3224.607663253991,76.83243188693113,0.9997980915323283,350.2042748950966,0.3294289897510981,0.34260614934114203,0.3279648609077599,20,0,0,80,10,0.35
speed_10,speed,10 m/s,80,518,P0,2684,816,0.30402384500745155,1868,1868,3292.4487618334038,80.3713489439615,2.550024072196188,899.2314591216448,0,1,0,20,0,0,80,10,0.35
speed_10,speed,10 m/s,80,518,P1,2684,815,0.3036512667660209,1869,1869,3307.3928272651715,79.97049431941066,2.3251860315292396,167.60199793481235,0.7975460122699386,0,0.20245398773006135,20,0,0,80,10,0.35
speed_10,speed,10 m/s,80,518,P2,2684,816,0.30402384500745155,1868,1868,3294.7214534954896,76.23107792744986,0.982909504831629,447.47066301794104,0.38112745098039214,0.38235294117647056,0.23651960784313725,20,0,0,80,10,0.35
speed_10,speed,10 m/s,80,518,P3-U,2684,684,0.2548435171385991,2000,2000,3490.0851466238673,77.37151631440996,0.9998597041577224,344.13600929670463,0.3347953216374269,0.33187134502923976,0.3333333333333333,20,0,0,80,10,0.35
speed_10,speed,10 m/s,80,518,P3-D,2684,684,0.2548435171385991,2000,2000,3326.18520610861,76.53386630935874,0.9999975696769863,350.4102766489809,0.33187134502923976,0.34210526315789475,0.3260233918128655,20,0,0,80,10,0.35
speed_10,speed,10 m/s,80,519,P0,2586,815,0.3151585460170147,1771,1771,3059.792310429405,80.37134984565577,2.550028139348989,898.1295052296163,0,1,0,20,0,0,80,10,0.35
speed_10,speed,10 m/s,80,519,P1,2586,815,0.3151585460170147,1771,1771,3065.6019450903023,79.97049431941066,2.3251860315292396,167.60194588195995,0.7901840490797546,0,0.2098159509202454,20,0,0,80,10,0.35
speed_10,speed,10 m/s,80,519,P2,2586,815,0.3151585460170147,1771,1771,3061.9204906789523,76.2310788135313,0.9829097053725057,447.2648798230097,0.3815950920245399,0.38282208588957056,0.23558282208588957,20,0,0,80,10,0.35
speed_10,speed,10 m/s,80,519,P3-U,2586,683,0.26411446249033255,1903,1903,3262.3004154898804,77.85329221671667,0.9997486663662312,343.9301562159492,0.33528550512445093,0.3323572474377745,0.3323572474377745,20,0,0,80,10,0.35
speed_10,speed,10 m/s,80,519,P3-D,2586,683,0.26411446249033255,1903,1903,3085.041999128871,76.83243457193333,0.9998833527359665,350.2040217325192,0.3308931185944363,0.34260614934114203,0.32650073206442165,20,0,0,80,10,0.35
speed_10,speed,10 m/s,80,520,P0,2641,816,0.30897387353275274,1825,1825,3378.182319978529,80.3713489439615,2.550024072196188,899.2313662588076,0,1,0,20,0,0,80,10,0.35
speed_10,speed,10 m/s,80,520,P1,2641,816,0.30897387353275274,1825,1825,3384.050910028458,79.97049530829335,2.3251900986796232,167.80776694611703,0.7990196078431373,0,0.20098039215686275,20,0,0,80,10,0.35
speed_10,speed,10 m/s,80,520,P2,2641,816,0.30897387353275274,1825,1825,3380.408778896554,76.23107626160036,0.982909127811184,447.4705323645218,0.38235294117647056,0.38235294117647056,0.23529411764705882,20,0,0,80,10,0.35
speed_10,speed,10 m/s,80,520,P3-U,2641,682,0.25823551684967816,1959,1959,3579.6237874991093,77.61916416464834,0.9998542652981564,343.72396205737505,0.3343108504398827,0.33284457478005863,0.33284457478005863,20,0,0,80,10,0.35
speed_10,speed,10 m/s,80,520,P3-D,2641,683,0.2586141613025369,1958,1958,3415.251509103218,76.83242951760747,0.9997979445483202,350.2046009039999,0.3308931185944363,0.34260614934114203,0.32650073206442165,20,0,0,80,10,0.35
speed_10,speed,10 m/s,80,521,P0,2703,816,0.3018867924528302,1887,1887,3293.4963625108585,80.3713489439615,2.550024072196188,899.2314797578308,0,1,0,20,0,0,80,10,0.35
speed_10,speed,10 m/s,80,521,P1,2703,816,0.3018867924528302,1887,1887,3299.1724173904013,79.9704936601554,2.3251833200956513,167.80762380077283,0.7965686274509803,0,0.2034313725490196,20,0,0,80,10,0.35
speed_10,speed,10 m/s,80,521,P2,2703,816,0.3018867924528302,1887,1887,3295.6081622796924,76.23107629420818,0.9829091351910926,447.4707069854332,0.38235294117647056,0.38235294117647056,0.23529411764705882,20,0,0,80,10,0.35
speed_10,speed,10 m/s,80,521,P3-U,2703,684,0.25305216426193117,2019,2019,3505.8234576215423,77.619168241968,0.9998563659459857,344.13544318763024,0.3347953216374269,0.33187134502923976,0.3333333333333333,20,0,0,80,10,0.35
speed_10,speed,10 m/s,80,521,P3-D,2703,683,0.2526822049574547,2020,2020,3324.306770202142,76.83264646263515,0.9997983210243464,350.2045867792743,0.3308931185944363,0.34260614934114203,0.32650073206442165,20,0,0,80,10,0.35
speed_10,speed,10 m/s,80,522,P0,2712,816,0.3008849557522124,1896,1896,3399.6502035626486,80.37134924452629,2.550025427913788,899.2314384854587,0,1,0,20,0,0,80,10,0.35
speed_10,speed,10 m/s,80,522,P1,2712,815,0.30051622418879054,1897,1897,3414.4309167963497,79.97049563792086,2.325191454396417,167.6020369744517,0.7901840490797546,0,0.2098159509202454,20,0,0,80,10,0.35
speed_10,speed,10 m/s,80,522,P2,2712,815,0.30051622418879054,1897,1897,3410.778348492476,76.23107632681602,0.982909142571001,447.26497535151657,0.3815950920245399,0.38282208588957056,0.23558282208588957,20,0,0,80,10,0.35
speed_10,speed,10 m/s,80,522,P3-U,2712,683,0.25184365781710916,2029,2029,3591.7873992431473,77.85329505146328,0.9997479262817655,343.9299072731985,0.33528550512445093,0.3323572474377745,0.3323572474377745,20,0,0,80,10,0.35
speed_10,speed,10 m/s,80,522,P3-D,2712,684,0.252212389380531,2028,2028,3424.4181428714555,76.83242922071274,0.9998834230126918,350.4098357736353,0.33187134502923976,0.34210526315789475,0.3260233918128655,20,0,0,80,10,0.35
speed_10,speed,10 m/s,80,523,P0,2661,816,0.30665163472378804,1845,1845,3302.411551679615,80.3713489439615,2.550024072196188,899.2312527597844,0,1,0,20,0,0,80,10,0.35
speed_10,speed,10 m/s,80,523,P1,2661,816,0.30665163472378804,1845,1845,3308.5599243000756,79.82820616062133,2.250240469885563,167.8079100914612,0.7941176470588235,0,0.20588235294117646,20,0,0,80,10,0.35
speed_10,speed,10 m/s,80,523,P2,2661,815,0.30627583615182263,1846,1846,3313.663383817881,76.23107682024995,0.9829092542465506,447.26495400730454,0.38282208588957056,0.38282208588957056,0.2343558282208589,20,0,0,80,10,0.35
speed_10,speed,10 m/s,80,523,P3-U,2661,683,0.2566704246523863,1978,1978,3498.443115271607,77.85329162960073,0.99974879012882,343.9298681746584,0.33382137628111275,0.3323572474377745,0.33382137628111275,20,0,0,80,10,0.35
speed_10,speed,10 m/s,80,523,P3-D,2661,684,0.2570462232243517,1977,1977,3331.1641851922145,76.83243047508458,0.9998847585202233,350.4099799518483,0.33187134502923976,0.34210526315789475,0.3260233918128655,20,0,0,80,10,0.35
speed_10,speed,10 m/s,80,524,P0,2669,815,0.30535781191457473,1854,1854,3461.401547012808,80.3713489439615,2.550024072196188,898.129391730593,0,1,0,20,0,0,80,10,0.35
speed_10,speed,10 m/s,80,524,P1,2669,815,0.30535781191457473,1854,1854,3467.291218744105,79.97049563792086,2.3251914543964176,167.60208902730412,0.7987730061349694,0,0.20122699386503068,20,0,0,80,10,0.35
speed_10,speed,10 m/s,80,524,P2,2669,815,0.30535781191457473,1854,1854,3463.7377794054064,76.23107632681602,0.982909142571001,447.26520961880294,0.3815950920245399,0.38282208588957056,0.23558282208588957,20,0,0,80,10,0.35
speed_10,speed,10 m/s,80,524,P3-U,2669,683,0.2559010865492694,1986,1986,3646.2829669011862,77.85329504659953,0.9997478666653592,343.92979349852595,0.33528550512445093,0.3323572474377745,0.3323572474377745,20,0,0,80,10,0.35
speed_10,speed,10 m/s,80,524,P3-D,2669,684,0.2562757587111278,1985,1985,3477.8362640904043,76.83243125033086,0.9998845944349599,350.4103760430214,0.33187134502923976,0.34210526315789475,0.3260233918128655,20,0,0,80,10,0.35
speed_10,speed,10 m/s,80,525,P0,2621,816,0.31133155284242653,1805,1805,3390.4412154520346,80.37134954509102,2.5500267836313886,899.2315313482959,0,1,0,20,0,0,80,10,0.35
speed_10,speed,10 m/s,80,525,P1,2621,815,0.3109500190766883,1806,1806,3405.19956250602,79.97049497866581,2.325188742962828,167.6019198555337,0.7901840490797546,0,0.2098159509202454,20,0,0,80,10,0.35
speed_10,speed,10 m/s,80,525,P2,2621,815,0.3109500190766883,1806,1806,3401.6400704663456,76.23107604048204,0.9829090777669828,447.2646989657274,0.3803680981595092,0.38282208588957056,0.23680981595092024,20,0,0,80,10,0.35
speed_10,speed,10 m/s,80,525,P3-U,2621,683,0.26058756199923694,1938,1938,3594.8967967107305,77.61916577965077,0.9997475758475647,343.92999403776935,0.33528550512445093,0.3323572474377745,0.3323572474377745,20,0,0,80,10,0.35
speed_10,speed,10 m/s,80,525,P3-D,2621,684,0.2609690957649752,1937,1937,3429.045080257319,76.83242890284487,0.9998838951485732,350.4101895006666,0.33187134502923976,0.34210526315789475,0.3260233918128655,20,0,0,80,10,0.35
speed_10,speed,10 m/s,80,526,P0,2671,816,0.30550355672032947,1855,1855,3402.2561062018367,80.37134984565577,2.550028139348989,899.2314694397378,0,1,0,20,0,0,80,10,0.35
speed_10,speed,10 m/s,80,526,P1,2671,815,0.3051291651067016,1856,1856,3417.044432782158,79.82820582001526,2.2502391141687683,167.6019849215992,0.7926380368098159,0,0.20736196319018405,20,0,0,80,10,0.35
speed_10,speed,10 m/s,80,526,P2,2671,815,0.3051291651067016,1856,1856,3413.340507319531,76.2310745220441,0.9829087341093389,447.2644699805871,0.38282208588957056,0.38282208588957056,0.2343558282208589,20,0,0,80,10,0.35
speed_10,speed,10 m/s,80,526,P3-U,2671,683,0.2557094721078248,1988,1988,3601.878394356804,77.85329248502741,0.9997474225172815,343.92999471634516,0.33382137628111275,0.3323572474377745,0.33382137628111275,20,0,0,80,10,0.35
speed_10,speed,10 m/s,80,526,P3-D,2671,684,0.25608386372145264,1987,1987,3434.4688847919024,76.83243187601212,0.9998840797979597,350.40990026921924,0.33187134502923976,0.34210526315789475,0.3260233918128655,20,0,0,80,10,0.35
speed_10,speed,10 m/s,80,527,P0,2693,816,0.3030077979948013,1877,1877,3370.4102912702947,80.37135014622051,2.550029495066589,899.2314488035518,0,1,0,20,0,0,80,10,0.35
speed_10,speed,10 m/s,80,527,P1,2693,814,0.30226513182324544,1879,1879,3394.267365790937,79.97049398978304,2.325184675812445,167.39637206885186,0.7985257985257985,0,0.20147420147420148,20,0,0,80,10,0.35
speed_10,speed,10 m/s,80,527,P2,2693,815,0.3026364649090234,1878,1878,3381.8920528194894,76.23107774742988,0.9829094640889195,447.2652341205227,0.38282208588957056,0.38282208588957056,0.2343558282208589,20,0,0,80,10,0.35
speed_10,speed,10 m/s,80,527,P3-U,2693,683,0.2536204975863349,2010,2010,3570.438390446641,77.85329347670745,0.9997486320871258,343.9301350879254,0.33528550512445093,0.3323572474377745,0.3323572474377745,20,0,0,80,10,0.35
speed_10,speed,10 m/s,80,527,P3-D,2693,683,0.2536204975863349,2010,2010,3393.3369765153357,76.83242734152357,0.9998840718915657,350.2044868933961,0.3308931185944363,0.34260614934114203,0.32650073206442165,20,0,0,80,10,0.35
speed_10,speed,10 m/s,80,528,P0,2647,816,0.3082735171892709,1831,1831,3394.0356605984275,80.37134954509102,2.5500267836313886,899.2316551654123,0,1,0,20,0,0,80,10,0.35
speed_10,speed,10 m/s,80,528,P1,2647,815,0.3078957310162448,1832,1832,3408.666947278013,79.9704923416446,2.325177897228473,167.60176369697643,0.7815950920245399,0,0.2184049079754601,20,0,0,80,10,0.35
speed_10,speed,10 m/s,80,528,P2,2647,815,0.3078957310162448,1832,1832,3405.168062684072,76.23108030785038,0.9829100435718245,447.2647016902979,0.38282208588957056,0.38282208588957056,0.2343558282208589,20,0,0,80,10,0.35
speed_10,speed,10 m/s,80,528,P3-U,2647,683,0.2580279561768039,1964,1964,3597.670236848061,77.85329128096323,0.9997474119372882,343.92952136201376,0.33382137628111275,0.3323572474377745,0.33382137628111275,20,0,0,80,10,0.35
speed_10,speed,10 m/s,80,528,P3-D,2647,684,0.25840574234983,1963,1963,3431.602823201908,76.83242921852508,0.9998828175601355,350.40973986138494,0.3304093567251462,0.34210526315789475,0.32748538011695905,20,0,0,80,10,0.35
speed_10,speed,10 m/s,80,529,P0,2705,816,0.30166358595194087,1889,1889,3292.0691516032894,80.37134924452629,2.550025427913788,899.2314178492727,0,1,0,20,0,0,80,10,0.35
speed_10,speed,10 m/s,80,529,P1,2705,815,0.30129390018484287,1890,1890,3307.0053879985408,80.10826851294195,2.4001329488897114,167.6020630008779,0.7926380368098159,0,0.20736196319018405,20,0,0,80,10,0.35
speed_10,speed,10 m/s,80,529,P2,2705,816,0.30166358595194087,1889,1889,3294.2845565026814,76.23107714768214,0.982909328352061,447.4704254556027,0.38112745098039214,0.38235294117647056,0.23651960784313725,20,0,0,80,10,0.35
speed_10,speed,10 m/s,80,529,P3-U,2705,684,0.25286506469500925,2021,2021,3487.465032140824,77.85329548479403,0.999859609252038,344.13565913010706,0.3347953216374269,0.33187134502923976,0.3333333333333333,20,0,0,80,10,0.35
speed_10,speed,10 m/s,80,529,P3-D,2705,684,0.25286506469500925,2021,2021,3317.4478588876655,76.83243250541709,0.9998830436163716,350.41023537660885,0.3304093567251462,0.34210526315789475,0.32748538011695905,20,0,0,80,10,0.35
speed_10,speed,10 m/s,80,530,P0,2691,816,0.3032329988851728,1875,1875,3249.184227220539,80.37134924452629,2.550025427913788,899.2312218055054,0,1,0,20,0,0,80,10,0.35
speed_10,speed,10 m/s,80,530,P1,2691,815,0.30286138981791155,1876,1876,3264.4317579146355,79.97049563792086,2.3251914543964176,167.60231025192695,0.8122699386503067,0,0.18773006134969325,20,0,0,80,10,0.35
speed_10,speed,10 m/s,80,530,P2,2691,815,0.30286138981791155,1876,1876,3260.5405426927455,76.23107530181228,0.9829089105889068,447.26470680544884,0.38282208588957056,0.38282208588957056,0.2343558282208589,20,0,0,80,10,0.35
speed_10,speed,10 m/s,80,530,P3-U,2691,683,0.2538089929394277,2008,2008,3451.9974717590926,77.85329343453506,0.9997472539308739,343.9301312715852,0.33528550512445093,0.3323572474377745,0.3323572474377745,20,0,0,80,10,0.35
speed_10,speed,10 m/s,80,530,P3-D,2691,684,0.25418060200668896,2007,2007,3282.926023673305,76.83242758186837,0.9998843358606325,350.4097194419474,0.3304093567251462,0.34210526315789475,0.32748538011695905,20,0,0,80,10,0.35
speed_20,speed,20 m/s,45,501,P0,1547,1271,0.821590174531351,276,276,676.3926734757223,79.528141015274,2.1000204859849916,700.3206430203116,0,1,0,20,0,0,80,20,0.35
speed_20,speed,20 m/s,45,501,P1,1547,1241,0.8021978021978022,306,306,738.5929614906189,78.85908040097655,1.8001817178007888,127.60393611911215,0.7856567284448026,0,0.21434327155519742,20,0,0,80,20,0.35
speed_20,speed,20 m/s,45,501,P2,1547,1242,0.8028442146089205,305,305,734.6372305807445,76.22024041743788,0.9804597818732809,407.3687108246847,0.391304347826087,0.5024154589371981,0.10628019323671498,20,0,0,80,20,0.35
speed_20,speed,20 m/s,45,501,P3-U,1547,1241,0.8021978021978022,306,306,735.4961142940706,76.83116797614802,0.9974839851072879,332.42103823780235,0.3690572119258662,0.3682514101531023,0.2626913779210314,20,0,0,80,20,0.35
speed_20,speed,20 m/s,45,501,P3-D,1547,1186,0.7666451195862961,361,361,880.7702409475254,76.37614759560027,0.999988886132337,332.59189849245996,0.3962900505902192,0.3962900505902192,0.20741989881956155,20,0,0,80,20,0.35
speed_20,speed,20 m/s,45,502,P0,1485,1254,0.8444444444444444,231,231,569.1612397690355,79.5281404678051,2.100018452247358,690.9536252008672,0,1,0,20,0,0,80,20,0.35
speed_20,speed,20 m/s,45,502,P1,1485,1226,0.8255892255892255,259,259,628.3704572526522,78.76758763495805,1.7626545006827097,126.06163047540517,0.8148450244698205,0,0.18515497553017946,20,0,0,80,20,0.35
speed_20,speed,20 m/s,45,502,P2,1485,1226,0.8255892255892255,259,259,624.8203342838765,76.21941173931444,0.9802727180040219,405.7235908317412,0.399673735725938,0.5089722675367048,0.09135399673735727,20,0,0,80,20,0.35
speed_20,speed,20 m/s,45,502,P3-U,1485,1164,0.7838383838383839,321,321,750.9561053265612,76.37546312781225,0.9999666569309925,324.50367800729464,0.39261168384879724,0.39261168384879724,0.21477663230240548,20,0,0,80,20,0.35
speed_20,speed,20 m/s,45,502,P3-D,1485,1183,0.7966329966329966,302,302,730.1352582721046,76.5327382764484,0.9999457801604276,332.28363321779915,0.3972950126796281,0.3972950126796281,0.20540997464074387,20,0,0,80,20,0.35
speed_20,speed,20 m/s,45,503,P0,1516,1267,0.8357519788918206,249,249,661.7861008060042,79.52814046780509,2.100018452247358,698.1168791944089,0,1,0,20,0,0,80,20,0.35
speed_20,speed,20 m/s,45,503,P1,1516,1237,0.8159630606860159,279,279,723.067533107125,79.12216039175216,1.9126034719307554,127.1923652628317,0.8067906224737268,0,0.19320937752627323,20,0,0,80,20,0.35
speed_20,speed,20 m/s,45,503,P2,1516,1238,0.816622691292876,278,278,715.1049781730878,76.21941248424021,0.9802728861458022,406.95751329772213,0.40064620355411956,0.5040387722132472,0.09531502423263329,20,0,0,80,20,0.35
speed_20,speed,20 m/s,45,503,P3-U,1516,1238,0.816622691292876,278,278,715.94964532957,76.6838747408153,0.9993901285192913,332.11281877002676,0.36995153473344106,0.3691437802907916,0.26090468497576735,20,0,0,80,20,0.35
speed_20,speed,20 m/s,45,503,P3-D,1516,1186,0.7823218997361477,330,330,827.2762857491394,76.37660540936213,0.9999984794578282,332.5919731028778,0.3971332209106239,0.3962900505902192,0.20657672849915684,20,0,0,80,20,0.35
speed_20,speed,20 m/s,45,504,P0,1522,1261,0.828515111695138,261,264,701.4953445274568,79.52814010282579,2.10001709642227,694.8105988504991,0,1,0,20,0,0,80,20,0.35
speed_20,speed,20 m/s,45,504,P1,1522,1229,0.8074901445466491,293,294,766.2390231921988,78.85908018809195,1.8001810398886475,126.37010852273785,0.8201790073230268,0,0.17982099267697316,20,0,0,80,20,0.35
speed_20,speed,20 m/s,45,504,P2,1522,1229,0.8074901445466491,293,294,762.4530632968012,76.21940999077074,0.9802723233295766,406.0319872132858,0.3954434499593165,0.5077298616761595,0.096826688364524,20,0,0,80,20,0.35
speed_20,speed,20 m/s,45,504,P3-U,1522,1164,0.7647831800262812,358,359,887.7163441992609,76.8305489836107,0.9999629051680048,324.5036034341565,0.39261168384879724,0.39261168384879724,0.21477663230240548,20,0,0,80,20,0.35
speed_20,speed,20 m/s,45,504,P3-D,1522,1185,0.778580814717477,337,338,853.7129382009422,76.53538761974583,0.9999987191106131,332.48908075242826,0.39746835443037976,0.39662447257383965,0.2059071729957806,20,0,0,80,20,0.35
speed_20,speed,20 m/s,45,505,P0,1562,1268,0.8117797695262484,294,294,703.755264043714,79.528141015274,2.100020485984991,698.6679542950426,0,1,0,20,0,0,80,20,0.35
speed_20,speed,20 m/s,45,505,P1,1562,1240,0.793854033290653,322,322,767.7898816530288,78.94855666750381,1.8376572176391075,127.50073919575648,0.7879032258064517,0,0.2120967741935484,20,0,0,80,20,0.35
speed_20,speed,20 m/s,45,505,P2,1562,1240,0.793854033290653,322,322,764.4809453341068,76.21941177627039,0.9802727263455768,407.16294454945756,0.3870967741935484,0.5032258064516129,0.10967741935483871,20,0,0,80,20,0.35
speed_20,speed,20 m/s,45,505,P3-U,1562,1240,0.793854033290653,322,322,765.3189160223656,76.82931090007315,0.9994319446334231,332.31832946775444,0.36935483870967745,0.3685483870967742,0.2620967741935484,20,0,0,80,20,0.35
speed_20,speed,20 m/s,45,505,P3-D,1562,1186,0.7592829705505761,376,376,879.783435795753,76.37683372015827,0.9999439878879519,332.59175154837146,0.3962900505902192,0.3962900505902192,0.20741989881956155,20,0,0,80,20,0.35
speed_20,speed,20 m/s,45,506,P0,1521,1266,0.8323471400394478,255,255,672.0092075629153,79.52814083278437,2.100019808072447,697.5656647902264,0,1,0,20,0,0,80,20,0.35
speed_20,speed,20 m/s,45,506,P1,1521,1235,0.811965811965812,286,286,739.368660470299,78.85907997520734,1.8001803619765062,126.98697351729628,0.7919028340080971,0,0.20809716599190284,20,0,0,80,20,0.35
speed_20,speed,20 m/s,45,506,P2,1521,1235,0.811965811965812,286,286,735.9054613560223,76.2194105664916,0.980272453279019,406.64899220633833,0.3967611336032389,0.5052631578947369,0.09797570850202429,20,0,0,80,20,0.35
speed_20,speed,20 m/s,45,506,P3-U,1521,1164,0.7652859960552268,357,357,878.5045238564927,76.97303114664984,0.9999345137119849,324.50327456914596,0.3917525773195876,0.39261168384879724,0.21563573883161513,20,0,0,80,20,0.35
speed_20,speed,20 m/s,45,506,P3-D,1521,1185,0.7790927021696252,336,336,867.8442825579779,76.53273645385295,0.9999983004620907,332.48902884746207,0.39746835443037976,0.39662447257383965,0.2059071729957806,20,0,0,80,20,0.35
speed_20,speed,20 m/s,45,507,P0,1491,1226,0.8222669349429913,265,265,616.6196787778782,79.52814138025323,2.1000218418100793,675.5257563992926,0,1,0,20,0,0,80,20,0.35
speed_20,speed,20 m/s,45,507,P1,1491,1196,0.8021462105969148,295,295,677.2248489032362,78.57902933342133,1.6877565741101155,122.97673287336953,0.7884615384615384,0,0.21153846153846154,20,0,0,80,20,0.35
speed_20,speed,20 m/s,45,507,P2,1491,1196,0.8021462105969148,295,295,673.9104603829309,76.21941205634342,0.9802727895625797,402.63885656128224,0.3787625418060201,0.5217391304347826,0.09949832775919733,20,0,0,80,20,0.35
speed_20,speed,20 m/s,45,507,P3-U,1491,1164,0.7806841046277666,327,327,722.0454009647385,76.6834398912472,0.9999633361403444,324.50347879196187,0.39347079037800686,0.39261168384879724,0.21391752577319587,20,0,0,80,20,0.35
speed_20,speed,20 m/s,45,507,P3-D,1491,1088,0.7297116029510395,403,403,934.4608828490732,76.68451266470299,0.9999451495705484,322.96301407958447,0.42922794117647056,0.4329044117647059,0.13786764705882354,20,0,0,80,20,0.35
speed_20,speed,20 m/s,45,508,P0,1526,1272,0.8335517693315858,254,254,615.0473510548227,79.52814028531546,2.1000177743348143,700.8717026427735,0,1,0,20,0,0,80,20,0.35
speed_20,speed,20 m/s,45,508,P1,1526,1240,0.8125819134993447,286,286,683.7298881487883,78.76772270558276,1.7627089296110359,127.5010320175287,0.7967741935483871,0,0.2032258064516129,20,0,0,80,20,0.35
speed_20,speed,20 m/s,45,508,P2,1526,1240,0.8125819134993447,286,286,680.0165401438288,76.21941170235849,0.9802727096624672,407.1628523753706,0.3895161290322581,0.5032258064516129,0.10725806451612903,20,0,0,80,20,0.35
speed_20,speed,20 m/s,45,508,P3-U,1526,1240,0.8125819134993447,286,286,680.9164260513667,76.5313977643651,0.9994337302594126,332.31824173325964,0.36935483870967745,0.3685483870967742,0.2620967741935484,20,0,0,80,20,0.35
speed_20,speed,20 m/s,45,508,P3-D,1526,1185,0.7765399737876802,341,341,817.8364225425572,76.21273097688935,0.9999948579136819,332.4888421403415,0.39662447257383965,0.39662447257383965,0.20675105485232068,20,0,0,80,20,0.35
speed_20,speed,20 m/s,45,509,P0,1549,1244,0.8030987734021949,305,306,693.2252398477124,79.52814083278437,2.100019808072447,685.4437564503385,0,1,0,20,0,0,80,20,0.35
speed_20,speed,20 m/s,45,509,P1,1549,1215,0.7843770174306004,334,334,745.423489049829,78.76772161853138,1.7627055400503286,124.9304011445412,0.8008230452674897,0,0.1991769547325103,20,0,0,80,20,0.35
speed_20,speed,20 m/s,45,509,P2,1549,1215,0.7843770174306004,334,334,742.1144750664624,76.21941173931444,0.980272718004022,404.59267649748944,0.39423868312757204,0.5135802469135803,0.09218106995884774,20,0,0,80,20,0.35
speed_20,speed,20 m/s,45,509,P3-U,1549,1164,0.7514525500322788,385,385,825.1835456618571,77.2420602713561,0.9999394077183466,324.50363865333225,0.39347079037800686,0.39261168384879724,0.21391752577319587,20,0,0,80,20,0.35
speed_20,speed,20 m/s,45,509,P3-D,1549,1089,0.7030342156229825,460,460,1046.6078148883455,76.97303056741332,0.999999159952981,323.066106791513,0.4297520661157025,0.4325068870523416,0.13774104683195593,20,0,0,80,20,0.35
speed_20,speed,20 m/s,45,510,P0,1539,1240,0.8057179987004548,299,299,678.1829135722869,79.52814065029474,2.1000191301599025,683.2396108295243,0,1,0,20,0,0,80,20,0.35
speed_20,speed,20 m/s,45,510,P1,1539,1210,0.7862248213125406,329,329,742.0901088125696,79.12216059212378,1.9126041498428967,124.41645977301769,0.8231404958677686,0,0.1768595041322314,20,0,0,80,20,0.35
speed_20,speed,20 m/s,45,510,P2,1539,1210,0.7862248213125406,329,329,738.4870818199638,76.21941170235849,0.9802727096624669,404.0783501301066,0.4024793388429752,0.515702479338843,0.08181818181818182,20,0,0,80,20,0.35
speed_20,speed,20 m/s,45,510,P3-U,1539,1164,0.7563352826510721,375,375,817.9507974007257,76.53251331299758,0.9999588729699127,324.5039079048614,0.39347079037800686,0.39261168384879724,0.21391752577319587,20,0,0,80,20,0.35
speed_20,speed,20 m/s,45,510,P3-D,1539,1089,0.7076023391812866,450,450,1044.706659837868,76.97302988622114,0.9999677860633661,323.06600787862703,0.4315886134067952,0.4325068870523416,0.13590449954086317,20,0,0,80,20,0.35
speed_20,speed,20 m/s,45,511,P0,1565,1295,0.8274760383386581,270,270,640.6819399771596,79.52814065029473,2.1000191301599025,713.5447428365926,0,1,0,20,0,0,80,20,0.35
speed_20,speed,20 m/s,45,511,P1,1565,1262,0.8063897763578275,303,303,715.5776956593307,79.03622581834537,1.8751300058288616,129.76313929313005,0.8145800316957211,0,0.18541996830427893,20,0,0,80,20,0.35
speed_20,speed,20 m/s,45,511,P2,1565,1262,0.8063897763578275,303,303,711.808033856111,76.21941350419017,0.9802731163650316,409.4252653900258,0.4080824088748019,0.49445324881141045,0.09746434231378764,20,0,0,80,20,0.35
speed_20,speed,20 m/s,45,511,P3-U,1565,1257,0.8031948881789137,308,308,726.3885980712549,76.68365763810465,0.999871302790405,334.0665962052209,0.3643595863166269,0.3635640413683373,0.2720763723150358,20,0,0,80,20,0.35
speed_20,speed,20 m/s,45,511,P3-D,1565,1187,0.7584664536741214,378,378,932.2253352496483,76.37958533100146,0.9999983162674639,332.6950073050096,0.3959561920808762,0.3959561920808762,0.2080876158382477,20,0,0,80,20,0.35
speed_20,speed,20 m/s,45,512,P0,1528,1278,0.8363874345549738,250,250,574.2047213001425,79.52814083278437,2.1000198080724473,704.1775753948182,0,1,0,20,0,0,80,20,0.35
speed_20,speed,20 m/s,45,512,P1,1528,1247,0.8160994764397905,281,281,642.9384639658683,79.03622643147304,1.8751320395652855,128.22093776383096,0.8171611868484362,0,0.18283881315156375,20,0,0,80,20,0.35
speed_20,speed,20 m/s,45,512,P2,1528,1248,0.8167539267015707,280,280,636.4801438986945,76.22024041743788,0.9804597818732809,407.9857661733303,0.4078525641025641,0.5,0.0921474358974359,20,0,0,80,20,0.35
speed_20,speed,20 m/s,45,512,P3-U,1528,1247,0.8160994764397905,281,281,640.3259213094173,76.37820749223609,0.9985586195132564,333.03845099881966,0.3664795509222133,0.3664795509222133,0.26704089815557336,20,0,0,80,20,0.35
speed_20,speed,20 m/s,45,512,P3-D,1528,1183,0.7742146596858639,345,345,814.5186686661681,76.53306370197535,0.9999990735209806,332.2836254971877,0.3981403212172443,0.3972950126796281,0.20456466610312765,20,0,0,80,20,0.35
speed_20,speed,20 m/s,45,513,P0,1472,1227,0.8335597826086957,245,245,675.6235073721538,79.52814083278437,2.100019808072447,676.0767283121124,0,1,0,20,0,0,80,20,0.35
speed_20,speed,20 m/s,45,513,P1,1472,1197,0.8131793478260869,275,275,742.9821039793437,78.9485547906121,1.8376511164298346,123.07959793205006,0.7936507936507936,0,0.20634920634920634,20,0,0,80,20,0.35
speed_20,speed,20 m/s,45,513,P2,1472,1197,0.8131793478260869,275,275,739.6200924819988,76.21941173931444,0.980272718004022,402.7416516207157,0.3817878028404344,0.5213032581453634,0.09690893901420217,20,0,0,80,20,0.35
speed_20,speed,20 m/s,45,513,P3-U,1472,1164,0.7907608695652174,308,308,794.3901488733219,76.68451416440365,0.9999877176183737,324.5035568353063,0.39347079037800686,0.39261168384879724,0.21391752577319587,20,0,0,80,20,0.35
speed_20,speed,20 m/s,45,513,P3-D,1472,1090,0.7404891304347826,382,382,1057.9391405345377,77.11040363295636,0.9999938719124063,322.7204292783244,0.43027522935779816,0.43119266055045874,0.13853211009174313,20,0,0,80,20,0.35
speed_20,speed,20 m/s,45,514,P0,1510,1258,0.833112582781457,252,252,600.7095772607632,79.52814028531544,2.1000177743348143,693.1577192277745,0,1,0,20,0,0,80,20,0.35
speed_20,speed,20 m/s,45,514,P1,1510,1227,0.8125827814569536,283,283,666.2038826756549,78.76772096630044,1.7627035063139043,126.16431333387187,0.810920945395273,0,0.189079054604727,20,0,0,80,20,0.35
speed_20,speed,20 m/s,45,514,P2,1510,1228,0.8132450331125828,282,282,662.6734137718269,76.22023799834156,0.9804592357401651,405.92933303680934,0.4006514657980456,0.50814332247557,0.09120521172638436,20,0,0,80,20,0.35
speed_20,speed,20 m/s,45,514,P3-U,1510,1164,0.7708609271523179,346,346,785.1566361827263,76.83116907752918,0.999992954418438,324.503834081887,0.39261168384879724,0.39261168384879724,0.21477663230240548,20,0,0,80,20,0.35
speed_20,speed,20 m/s,45,514,P3-D,1510,1184,0.7841059602649006,326,326,754.919651628147,76.37546184154088,0.9999886379219671,332.3861782975677,0.39780405405405406,0.3969594594594595,0.20523648648648649,20,0,0,80,20,0.35
speed_20,speed,20 m/s,45,515,P0,1546,1268,0.8201811125485123,278,278,698.3374082226906,79.52814119776362,2.1000211638975355,698.6676860067265,0,1,0,20,0,0,80,20,0.35
speed_20,speed,20 m/s,45,515,P1,1546,1237,0.8001293661060802,309,309,758.4292542079728,79.03622418333782,1.8751245825317295,127.19259301309896,0.809215844785772,0,0.19078415521422798,20,0,0,80,20,0.35
speed_20,speed,20 m/s,45,515,P2,1546,1238,0.8007761966364813,308,308,750.3089785626746,76.21941140166223,0.9802726417904736,406.95736362050394,0.39579967689822293,0.5040387722132472,0.10016155088852989,20,0,0,80,20,0.35
speed_20,speed,20 m/s,45,515,P3-U,1546,1238,0.8007761966364813,308,308,751.2302213732197,76.68343995766915,0.9993894087445035,332.11266668382564,0.36995153473344106,0.3691437802907916,0.26090468497576735,20,0,0,80,20,0.35
speed_20,speed,20 m/s,45,515,P3-D,1546,1186,0.7671410090556274,360,360,863.2775132244899,76.37579746273991,0.9999717022715682,332.5917857729779,0.3962900505902192,0.3962900505902192,0.20741989881956155,20,0,0,80,20,0.35
speed_20,speed,20 m/s,45,516,P0,1558,1247,0.800385109114249,311,311,815.185798643113,79.52814028531544,2.1000177743348143,687.0965896385469,0,1,0,20,0,0,80,20,0.35
speed_20,speed,20 m/s,45,516,P1,1558,1214,0.7792041078305519,344,344,883.3213304234001,78.76772205335197,1.7627068958746117,124.8277833575794,0.8039538714991763,0,0.19604612850082373,20,0,0,80,20,0.35
speed_20,speed,20 m/s,45,516,P2,1558,1215,0.7798459563543004,343,343,874.6408859964483,76.21941088352065,0.9802725248375768,404.5924647308224,0.3934156378600823,0.5135802469135803,0.09300411522633745,20,0,0,80,20,0.35
speed_20,speed,20 m/s,45,516,P3-U,1558,1164,0.7471116816431322,394,394,960.7066181386306,76.21356670722272,0.9999385401040656,324.5036800379037,0.39261168384879724,0.39261168384879724,0.21477663230240548,20,0,0,80,20,0.35
speed_20,speed,20 m/s,45,516,P3-D,1558,1089,0.6989730423620025,469,469,1183.8412868121695,76.68451507107265,0.999998977878033,323.0659118507779,0.4288337924701561,0.4325068870523416,0.1386593204775023,20,0,0,80,20,0.35
speed_20,speed,20 m/s,45,517,P0,1579,1233,0.7808739708676378,346,346,779.4169652852264,79.52814119776362,2.1000211638975355,679.3826268611109,0,1,0,20,0,0,80,20,0.35
speed_20,speed,20 m/s,45,517,P1,1579,1200,0.759974667511083,379,379,849.2978742096411,78.76772161853138,1.7627055400503289,123.38821913669356,0.81,0,0.19,20,0,0,80,20,0.35
speed_20,speed,20 m/s,45,517,P2,1579,1200,0.759974667511083,379,379,845.5952943295514,76.21941049257967,0.9802724365959091,403.0501328268649,0.39,0.52,0.09,20,0,0,80,20,0.35
speed_20,speed,20 m/s,45,517,P3-U,1579,1164,0.7371754274857505,415,415,901.4970947203448,76.68579609343732,0.9999583501102689,324.5037821890171,0.39347079037800686,0.39261168384879724,0.21391752577319587,20,0,0,80,20,0.35
speed_20,speed,20 m/s,45,517,P3-D,1579,1090,0.6903103229892337,489,489,1163.2501233557375,76.97362991708243,0.9999364761553244,322.7206358852702,0.43027522935779816,0.43119266055045874,0.13853211009174313,20,0,0,80,20,0.35
speed_20,speed,20 m/s,45,518,P0,1445,1197,0.8283737024221454,248,248,728.134569424585,79.52814083278437,2.100019808072447,659.5467763813493,0,1,0,20,0,0,80,20,0.35
speed_20,speed,20 m/s,45,518,P1,1445,1167,0.8076124567474049,278,278,794.3978237851651,79.03622622709716,1.8751313616531442,119.99488253022822,0.7960582690659811,0,0.20394173093401885,20,0,0,80,20,0.35
speed_20,speed,20 m/s,45,518,P2,1445,1167,0.8076124567474049,278,278,790.9771194216427,76.21941173931444,0.9802727180040219,399.6569945515997,0.3676092544987147,0.5347043701799485,0.09768637532133675,20,0,0,80,20,0.35
speed_20,speed,20 m/s,45,518,P3-U,1445,1162,0.8041522491349481,283,283,792.5752409482565,76.68515525464747,0.9999523021383901,324.29769095742967,0.39500860585197933,0.39328743545611017,0.2117039586919105,20,0,0,80,20,0.35
speed_20,speed,20 m/s,45,518,P3-D,1445,1087,0.7522491349480969,358,358,1004.0413858996034,76.97303025661466,0.9998718125561555,322.4122597204531,0.43054277828886844,0.43238270469181234,0.13707451701931922,20,0,0,80,20,0.35
speed_20,speed,20 m/s,45,519,P0,1456,1230,0.8447802197802198,226,226,561.7822753531093,79.52814046780509,2.1000184522473586,677.7298091510743,0,1,0,20,0,0,80,20,0.35
speed_20,speed,20 m/s,45,519,P1,1456,1201,0.8248626373626373,255,255,623.2219485316176,78.76772140112108,1.7627048621381876,123.49082390935439,0.787676935886761,0,0.21232306411323898,20,0,0,80,20,0.35
speed_20,speed,20 m/s,45,519,P2,1456,1201,0.8248626373626373,255,255,620.0539694103885,76.21941134837353,0.9802726297623543,403.15308759576124,0.3855120732722731,0.5195670274771024,0.09492089925062448,20,0,0,80,20,0.35
speed_20,speed,20 m/s,45,519,P3-U,1456,1164,0.7994505494505495,292,292,686.0042644301066,76.68515433885871,0.9999540168298897,324.5033625228628,0.39347079037800686,0.39261168384879724,0.21391752577319587,20,0,0,80,20,0.35
speed_20,speed,20 m/s,45,519,P3-D,1456,1089,0.7479395604395604,367,367,918.7981181910915,76.97303113607647,0.999965863667579,323.06577261487405,0.4288337924701561,0.4325068870523416,0.1386593204775023,20,0,0,80,20,0.35
speed_20,speed,20 m/s,45,520,P0,1533,1265,0.8251793868232224,268,268,639.9214012150286,79.52814083278437,2.1000198080724473,697.0147599494856,0,1,0,20,0,0,80,20,0.35
speed_20,speed,20 m/s,45,520,P1,1533,1238,0.8075668623613829,295,295,689.7378928047629,78.76772096630044,1.7627035063139047,127.29532142161914,0.7907915993537964,0,0.20920840064620355,20,0,0,80,20,0.35
speed_20,speed,20 m/s,45,520,P2,1533,1239,0.8082191780821918,294,294,683.4786901421961,76.22023931873663,0.9804595338313878,407.06028279185057,0.39709443099273606,0.5036319612590799,0.09927360774818401,20,0,0,80,20,0.35
speed_20,speed,20 m/s,45,520,P3-U,1533,1238,0.8075668623613829,295,295,687.2489157731678,76.21523794451574,0.9993898975704155,332.1129000270758,0.36995153473344106,0.3691437802907916,0.26090468497576735,20,0,0,80,20,0.35
speed_20,speed,20 m/s,45,520,P3-D,1533,1185,0.7729941291585127,348,348,816.7382201898032,76.21523794451574,0.999983714002258,332.48907548359165,0.39662447257383965,0.39662447257383965,0.20675105485232068,20,0,0,80,20,0.35
speed_20,speed,20 m/s,45,521,P0,1532,1238,0.8080939947780679,294,294,711.2265246388142,79.52814046780509,2.100018452247358,682.1376257287588,0,1,0,20,0,0,80,20,0.35
speed_20,speed,20 m/s,45,521,P1,1532,1205,0.7865535248041775,327,327,787.0096008969725,78.94855604187333,1.8376551839026836,123.90235572273187,0.816597510373444,0,0.183402489626556,20,0,0,80,20,0.35
speed_20,speed,20 m/s,45,521,P2,1532,1206,0.7872062663185379,326,326,778.6052277709124,76.22024049133569,0.9804597985563908,403.66703058882433,0.3922056384742952,0.5174129353233831,0.09038142620232173,20,0,0,80,20,0.35
speed_20,speed,20 m/s,45,521,P3-U,1532,1164,0.7597911227154047,368,368,850.8841463387696,76.37683552865376,0.9999823875796279,324.503742603076,0.39347079037800686,0.39261168384879724,0.21391752577319587,20,0,0,80,20,0.35
speed_20,speed,20 m/s,45,521,P3-D,1532,1091,0.7121409921671018,441,441,1123.5955683917425,77.24356539533873,0.9999677682800739,322.82352750316437,0.4298808432630614,0.4307974335472044,0.13932172318973418,20,0,0,80,20,0.35
speed_20,speed,20 m/s,45,522,P0,1510,1263,0.8364238410596027,247,247,590.0339938152265,79.52814046780509,2.100018452247358,695.9127180954224,0,1,0,20,0,0,80,20,0.35
speed_20,speed,20 m/s,45,522,P1,1510,1232,0.8158940397350993,278,278,655.3908122280503,78.76772205335197,1.7627068958746117,126.67844991991018,0.8011363636363636,0,0.19886363636363635,20,0,0,80,20,0.35
speed_20,speed,20 m/s,45,522,P2,1510,1232,0.8158940397350993,278,278,651.9895763692145,76.21941138532948,0.9802726381039092,406.34049194203465,0.400974025974026,0.5064935064935064,0.09253246753246754,20,0,0,80,20,0.35
speed_20,speed,20 m/s,45,522,P3-U,1510,1164,0.7708609271523179,346,346,804.1226946154835,76.82868116010513,0.999963361561005,324.50333473776175,0.39261168384879724,0.39261168384879724,0.21477663230240548,20,0,0,80,20,0.35
speed_20,speed,20 m/s,45,522,P3-D,1510,1185,0.7847682119205298,325,325,767.3557356337783,76.37546054077984,0.9999956252567044,332.4889406320617,0.39746835443037976,0.39662447257383965,0.2059071729957806,20,0,0,80,20,0.35
speed_20,speed,20 m/s,45,523,P0,1559,1258,0.8069275176395125,301,301,758.6635669454238,79.52814083278437,2.1000198080724464,693.1576624744768,0,1,0,20,0,0,80,20,0.35
speed_20,speed,20 m/s,45,523,P1,1559,1227,0.7870429762668377,332,332,821.9898825375684,78.85907954943809,1.8001790061522231,126.1643784053768,0.8092909535452323,0,0.19070904645476772,20,0,0,80,20,0.35
speed_20,speed,20 m/s,45,523,P2,1559,1228,0.7876844130853111,331,331,818.702029434826,76.22023892787021,0.9804594455897202,405.92924644327877,0.4022801302931596,0.50814332247557,0.08957654723127036,20,0,0,80,20,0.35
speed_20,speed,20 m/s,45,523,P3-U,1559,1164,0.7466324567030147,395,395,936.3677111811731,76.53273644215139,0.9999917452402006,324.5037662900095,0.39261168384879724,0.39261168384879724,0.21477663230240548,20,0,0,80,20,0.35
speed_20,speed,20 m/s,45,523,P3-D,1559,1185,0.7601026298909558,374,374,903.0668671857094,76.68451401736029,0.999998664649526,332.4890259997047,0.39746835443037976,0.39662447257383965,0.2059071729957806,20,0,0,80,20,0.35
speed_20,speed,20 m/s,45,524,P0,1531,1251,0.8171129980404964,280,280,651.3929332567803,79.52814046780509,2.1000184522473586,689.3008281283934,0,1,0,20,0,0,80,20,0.35
speed_20,speed,20 m/s,45,524,P1,1531,1223,0.798824297844546,308,308,707.5753374782396,78.85907954943809,1.8001790061522236,125.75289864920327,0.7923139820114473,0,0.20768601798855274,20,0,0,80,20,0.35
speed_20,speed,20 m/s,45,524,P2,1531,1224,0.7994774657086872,307,307,702.0189512814989,76.22024041743788,0.9804597818732809,405.5179650183054,0.3888888888888889,0.5098039215686274,0.10130718954248366,20,0,0,80,20,0.35
speed_20,speed,20 m/s,45,524,P3-U,1531,1164,0.760287393860222,367,367,813.9869176050229,76.82950939530328,0.9998849395622258,324.5034596668231,0.39261168384879724,0.39261168384879724,0.21477663230240548,20,0,0,80,20,0.35
speed_20,speed,20 m/s,45,524,P3-D,1531,1180,0.7707380796864794,351,351,778.3854301242654,76.37568128099907,0.999965540791816,331.97512334241634,0.39915254237288134,0.3983050847457627,0.20254237288135593,20,0,0,80,20,0.35
speed_20,speed,20 m/s,45,525,P0,1514,1233,0.8143989431968296,281,281,755.7576776018183,79.52814083278437,2.100019808072447,679.3827197301432,0,1,0,20,0,0,80,20,0.35
speed_20,speed,20 m/s,45,525,P1,1514,1202,0.7939233817701453,312,312,818.9294197661989,78.94855687604728,1.8376578955512488,123.59376054669033,0.8103161397670549,0,0.1896838602329451,20,0,0,80,20,0.35
speed_20,speed,20 m/s,45,525,P2,1514,1203,0.7945838837516512,311,311,810.573226335766,76.21941216721126,0.9802728145872447,403.35864025113347,0.3873649210307564,0.5187032418952618,0.09393183707398171,20,0,0,80,20,0.35
speed_20,speed,20 m/s,45,525,P3-U,1514,1164,0.7688243064729194,350,350,879.4930808815702,76.6845163346286,0.9999574815113508,324.5036743178664,0.39347079037800686,0.39261168384879724,0.21391752577319587,20,0,0,80,20,0.35
speed_20,speed,20 m/s,45,525,P3-D,1514,1089,0.7192866578599736,425,425,1106.2816375987309,76.97302897303587,0.9999677362714273,323.0659170774832,0.4297520661157025,0.4325068870523416,0.13774104683195593,20,0,0,80,20,0.35
speed_20,speed,20 m/s,45,526,P0,1484,1232,0.8301886792452831,252,252,679.3591832648837,79.52814083278437,2.1000198080724464,678.8318097300116,0,1,0,20,0,0,80,20,0.35
speed_20,speed,20 m/s,45,526,P1,1484,1203,0.8106469002695418,281,281,744.5820880805614,78.76772140112108,1.7627048621381873,123.69643689800655,0.773067331670823,0,0.22693266832917705,20,0,0,80,20,0.35
speed_20,speed,20 m/s,45,526,P2,1484,1203,0.8106469002695418,281,281,741.2641950492925,76.21941077265278,0.9802724998129121,403.35850225321343,0.36658354114713215,0.5187032418952618,0.11471321695760599,20,0,0,80,20,0.35
speed_20,speed,20 m/s,45,526,P3-U,1484,1164,0.784366576819407,320,320,812.6871998022912,76.83178640361851,0.9999547307456195,324.5034587947869,0.39347079037800686,0.39261168384879724,0.21391752577319587,20,0,0,80,20,0.35
speed_20,speed,20 m/s,45,526,P3-D,1484,1089,0.7338274932614556,395,395,1042.538514235163,76.97302884410355,0.9999654213145717,323.065715629928,0.4233241505968779,0.4325068870523416,0.14416896235078053,20,0,0,80,20,0.35
speed_20,speed,20 m/s,45,527,P0,1522,1248,0.8199737187910644,274,274,631.9028300191678,79.52814028531544,2.1000177743348143,687.6477060143063,0,1,0,20,0,0,80,20,0.35
speed_20,speed,20 m/s,45,527,P1,1522,1218,0.8002628120893561,304,304,697.6155794728652,78.94855583332982,1.8376545059905425,125.2389247419273,0.7881773399014779,0,0.21182266009852216,20,0,0,80,20,0.35
speed_20,speed,20 m/s,45,527,P2,1522,1218,0.8002628120893561,304,304,694.0717883047606,76.21941138532948,0.9802726381039092,404.90094343096933,0.3784893267651888,0.5123152709359606,0.10919540229885058,20,0,0,80,20,0.35
speed_20,speed,20 m/s,45,527,P3-U,1522,1164,0.7647831800262812,358,358,795.533091561883,76.53340324331455,0.9999813631397376,324.50352814121976,0.39261168384879724,0.39261168384879724,0.21477663230240548,20,0,0,80,20,0.35
speed_20,speed,20 m/s,45,527,P3-D,1522,1183,0.7772667542706965,339,339,761.6977547542939,76.83117105561766,0.9999624848878111,332.28351565582824,0.3981403212172443,0.3972950126796281,0.20456466610312765,20,0,0,80,20,0.35
speed_20,speed,20 m/s,45,528,P0,1559,1251,0.8024374599101989,308,308,765.4376827878838,79.52814065029474,2.1000191301599025,689.3006372309379,0,1,0,20,0,0,80,20,0.35
speed_20,speed,20 m/s,45,528,P1,1559,1220,0.7825529185375241,339,339,832.8340122849138,78.94855604187333,1.8376551839026831,125.44464835213785,0.8114754098360656,0,0.1885245901639344,20,0,0,80,20,0.35
speed_20,speed,20 m/s,45,528,P2,1559,1220,0.7825529185375241,339,339,829.3209657289847,76.2194125581521,0.9802729028289123,405.10659704193284,0.3909836065573771,0.5114754098360655,0.09754098360655737,20,0,0,80,20,0.35
speed_20,speed,20 m/s,45,528,P3-U,1559,1164,0.7466324567030147,395,395,929.3559780816345,76.82920661051132,0.999938379718755,324.5036553146,0.39261168384879724,0.39261168384879724,0.21477663230240548,20,0,0,80,20,0.35
speed_20,speed,20 m/s,45,528,P3-D,1559,1183,0.758819756254009,376,376,898.0579174756568,76.83117123933157,0.9999385254046791,332.2837628550505,0.3981403212172443,0.3972950126796281,0.20456466610312765,20,0,0,80,20,0.35
speed_20,speed,20 m/s,45,529,P0,1472,1238,0.8410326086956522,234,234,577.4115388748781,79.52814083278437,2.1000198080724464,682.1376773226659,0,1,0,20,0,0,80,20,0.35
speed_20,speed,20 m/s,45,529,P1,1472,1209,0.8213315217391305,263,263,643.2663331990775,78.9485547906121,1.8376511164298353,124.31358170003617,0.8006617038875103,0,0.19933829611248965,20,0,0,80,20,0.35
speed_20,speed,20 m/s,45,529,P2,1472,1209,0.8213315217391305,263,263,639.9421221729141,76.21941120054969,0.9802725963961346,403.97551872328995,0.3813068651778329,0.5161290322580645,0.10256410256410256,20,0,0,80,20,0.35
speed_20,speed,20 m/s,45,529,P3-U,1472,1164,0.7907608695652174,308,308,724.3167269411528,76.21690472261987,0.9999543756328243,324.50346599688294,0.39261168384879724,0.39261168384879724,0.21477663230240548,20,0,0,80,20,0.35
speed_20,speed,20 m/s,45,529,P3-D,1472,1089,0.7398097826086957,383,383,964.8135860973165,76.97303077634604,0.9999670539770292,323.0658931464747,0.4288337924701561,0.4325068870523416,0.1386593204775023,20,0,0,80,20,0.35
speed_20,speed,20 m/s,45,530,P0,1545,1259,0.8148867313915857,286,286,641.2459916462245,79.52814010282579,2.10001709642227,693.7087324157199,0,1,0,20,0,0,80,20,0.35
speed_20,speed,20 m/s,45,530,P1,1545,1229,0.7954692556634304,316,316,698.2997152263769,78.85908061386115,1.8001823957129308,126.36994584397553,0.7982099267697315,0,0.2017900732302685,20,0,0,80,20,0.35
speed_20,speed,20 m/s,45,530,P2,1545,1230,0.7961165048543689,315,315,690.1687205911144,76.21941049257967,0.9802724365959092,406.13470237585636,0.38943089430894307,0.5073170731707317,0.10325203252032521,20,0,0,80,20,0.35
speed_20,speed,20 m/s,45,530,P3-U,1545,1164,0.7533980582524272,381,381,816.1928525617385,76.37546135423626,0.9999636130846337,324.503477145239,0.39261168384879724,0.39261168384879724,0.21477663230240548,20,0,0,80,20,0.35
speed_20,speed,20 m/s,45,530,P3-D,1545,1185,0.7669902912621359,360,360,785.7982156112278,76.53273713522688,0.9999991270542408,332.4891451289876,0.39746835443037976,0.39662447257383965,0.2059071729957806,20,0,0,80,20,0.35
speed_20,speed,20 m/s,80,501,P0,2681,1339,0.49944050727340544,1342,1342,2145.7852834499004,79.52814119776362,2.1000211638975355,737.7887658919963,0,1,0,20,0,0,80,20,0.35
speed_20,speed,20 m/s,80,501,P1,2681,1295,0.4830287206266319,1386,1386,2236.275755637304,78.57902978755041,1.687757929934398,133.15622862787666,0.7884169884169884,0,0.21158301158301157,20,0,0,80,20,0.35
speed_20,speed,20 m/s,80,501,P2,2681,1297,0.4837747109287579,1384,1384,2224.5766639189947,76.22023998962266,0.9804596852900582,413.024097679674,0.4117193523515806,0.4811102544333076,0.10717039321511179,20,0,0,80,20,0.35
speed_20,speed,20 m/s,80,501,P3-U,2681,1260,0.4699738903394256,1421,1421,2295.634142024978,76.21941006468268,0.9999406097075669,334.37495259241524,0.3626984126984127,0.3626984126984127,0.2746031746031746,20,0,0,80,20,0.35
speed_20,speed,20 m/s,80,501,P3-D,2681,1191,0.4442372249160761,1490,1490,2404.8301893738476,76.21941006468268,0.999962932400585,333.1060248394581,0.3929471032745592,0.39462636439966414,0.21242653232577666,20,0,0,80,20,0.35
speed_20,speed,20 m/s,80,502,P0,2595,1339,0.5159922928709055,1256,1256,2202.61444920566,79.52814065029474,2.1000191301599025,737.7887400950428,0,1,0,20,0,0,80,20,0.35
speed_20,speed,20 m/s,80,502,P1,2595,1296,0.49942196531791905,1299,1299,2290.731482680406,78.67440007221666,1.725230718124151,133.2591197151592,0.8024691358024691,0,0.19753086419753085,20,0,0,80,20,0.35
speed_20,speed,20 m/s,80,502,P2,2595,1296,0.49942196531791905,1299,1299,2286.340988995718,76.21941073569681,0.9802724914713571,412.9211967369072,0.41898148148148145,0.48148148148148145,0.09953703703703703,20,0,0,80,20,0.35
speed_20,speed,20 m/s,80,502,P3-U,2595,1260,0.48554913294797686,1335,1335,2361.2030173825874,76.21940928280051,0.9999442189185179,334.37530579684324,0.3634920634920635,0.3626984126984127,0.27380952380952384,20,0,0,80,20,0.35
speed_20,speed,20 m/s,80,502,P3-D,2595,1191,0.45895953757225433,1404,1404,2480.9221874139726,76.21940928280051,0.9999633473452447,333.10589099426323,0.3954659949622166,0.39462636439966414,0.20990764063811923,20,0,0,80,20,0.35
speed_20,speed,20 m/s,80,503,P0,2680,1341,0.5003731343283582,1339,1339,2136.4622943315394,79.52814046780509,2.1000184522473586,738.8905704140875,0,1,0,20,0,0,80,20,0.35
speed_20,speed,20 m/s,80,503,P1,2680,1295,0.4832089552238806,1385,1385,2228.441313462384,78.94855604187333,1.8376551839026836,133.1564889138964,0.8084942084942085,0,0.1915057915057915,20,0,0,80,20,0.35
speed_20,speed,20 m/s,80,503,P2,2680,1296,0.4835820895522388,1384,1384,2217.795810756327,76.2194129490929,0.9802729910705797,412.9213102856335,0.42052469135802467,0.48148148148148145,0.09799382716049383,20,0,0,80,20,0.35
speed_20,speed,20 m/s,80,503,P3-U,2680,1260,0.4701492537313433,1420,1420,2289.904738377693,76.21940935671246,0.9999401498120337,334.37487970813135,0.3626984126984127,0.3626984126984127,0.2746031746031746,20,0,0,80,20,0.35
speed_20,speed,20 m/s,80,503,P3-D,2680,1191,0.4444029850746269,1489,1489,2405.4198903533697,76.21940935671246,0.9999621228868729,333.1060658152902,0.39462636439966414,0.39462636439966414,0.21074727120067172,20,0,0,80,20,0.35
speed_20,speed,20 m/s,80,504,P0,2672,1340,0.5014970059880239,1332,1332,2054.922537606321,79.52814119776362,2.100021163897535,738.3396346170024,0,1,0,20,0,0,80,20,0.35
speed_20,speed,20 m/s,80,504,P1,2672,1296,0.48502994011976047,1376,1376,2138.4941614697555,78.8590810396303,1.8001837515372134,133.25923033671754,0.7955246913580247,0,0.2044753086419753,20,0,0,80,20,0.35
speed_20,speed,20 m/s,80,504,P2,2672,1297,0.48540419161676646,1375,1375,2128.245311459765,76.220238426157,0.9804593323233877,413.02407504153723,0.40786430223592907,0.4811102544333076,0.1110254433307633,20,0,0,80,20,0.35
speed_20,speed,20 m/s,80,504,P3-U,2672,1260,0.47155688622754494,1412,1412,2203.9390277826515,76.220238426157,0.9999382035837718,334.37478600985423,0.3626984126984127,0.3626984126984127,0.2746031746031746,20,0,0,80,20,0.35
speed_20,speed,20 m/s,80,504,P3-D,2672,1191,0.44573353293413176,1481,1481,2317.2882091738097,76.220238426157,0.9999448222595919,333.10615680595123,0.39462636439966414,0.39462636439966414,0.21074727120067172,20,0,0,80,20,0.35
speed_20,speed,20 m/s,80,505,P0,2723,1336,0.4906353286816012,1387,1387,2162.9207256897603,79.528141015274,2.100020485984991,736.135777922067,0,1,0,20,0,0,80,20,0.35
speed_20,speed,20 m/s,80,505,P1,2723,1293,0.47484392214469334,1430,1430,2253.9691618478864,78.94855645896033,1.8376565397269664,132.95057008917107,0.7880897138437741,0,0.21191028615622584,20,0,0,80,20,0.35
speed_20,speed,20 m/s,80,505,P2,2723,1293,0.47484392214469334,1430,1430,2249.7309236253686,76.2194118501823,0.9802727430286867,412.6126937770837,0.40835266821345706,0.48259860788863107,0.10904872389791183,20,0,0,80,20,0.35
speed_20,speed,20 m/s,80,505,P3-U,2723,1260,0.46272493573264784,1463,1463,2313.6039443948453,76.21940842700626,0.9999395288443654,334.3748939182846,0.3626984126984127,0.3626984126984127,0.2746031746031746,20,0,0,80,20,0.35
speed_20,speed,20 m/s,80,505,P3-D,2723,1191,0.43738523687109804,1532,1532,2434.1324956454378,76.21940842700626,0.9999696503032158,333.1056944620237,0.3954659949622166,0.39462636439966414,0.20990764063811923,20,0,0,80,20,0.35
speed_20,speed,20 m/s,80,506,P0,2721,1338,0.49173098125689085,1383,1383,2150.8793297455386,79.52814119776362,2.1000211638975355,737.2377165883162,0,1,0,20,0,0,80,20,0.35
speed_20,speed,20 m/s,80,506,P1,2721,1293,0.47519294377067256,1428,1428,2246.4194363946926,78.76772205335197,1.762706895874612,132.95062214637503,0.785769528228925,0,0.21423047177107502,20,0,0,80,20,0.35
speed_20,speed,20 m/s,80,506,P2,2721,1295,0.4759279676589489,1426,1426,2229.8669774272294,76.21941464005629,0.9802733727484796,412.818433396078,0.4046332046332046,0.48185328185328186,0.11351351351351352,20,0,0,80,20,0.35
speed_20,speed,20 m/s,80,506,P3-U,2721,1260,0.46306504961411243,1461,1461,2295.649876973352,76.21940721722652,0.9999558613277709,334.3747747890017,0.3626984126984127,0.3626984126984127,0.2746031746031746,20,0,0,80,20,0.35
speed_20,speed,20 m/s,80,506,P3-D,2721,1191,0.43770672546857775,1530,1530,2410.323857900012,76.21940721722652,0.9999703376123936,333.10579091070815,0.39462636439966414,0.39462636439966414,0.21074727120067172,20,0,0,80,20,0.35
speed_20,speed,20 m/s,80,507,P0,2762,1337,0.4840695148443157,1425,1425,2217.6871952624456,79.52814119776362,2.1000211638975355,736.6867911100126,0,1,0,20,0,0,80,20,0.35
speed_20,speed,20 m/s,80,507,P1,2762,1295,0.4688631426502534,1467,1467,2300.795671801638,79.03622459208977,1.8751259383560126,133.15621561357568,0.7938223938223938,0,0.20617760617760617,20,0,0,80,20,0.35
speed_20,speed,20 m/s,80,507,P2,2762,1296,0.4692251991310644,1466,1466,2293.9861921253932,76.22023885397238,0.9804594289066103,412.92106547778604,0.39891975308641975,0.48148148148148145,0.11959876543209877,20,0,0,80,20,0.35
speed_20,speed,20 m/s,80,507,P3-U,2762,1260,0.4561911658218682,1502,1502,2361.8759091192087,76.21941006468268,0.9999587936281548,334.37513963544814,0.3634920634920635,0.3626984126984127,0.27380952380952384,20,0,0,80,20,0.35
speed_20,speed,20 m/s,80,507,P3-D,2762,1191,0.43120926864590875,1571,1571,2476.9335865422145,76.21941006468268,0.999971252664233,333.1059194867361,0.39462636439966414,0.39462636439966414,0.21074727120067172,20,0,0,80,20,0.35
speed_20,speed,20 m/s,80,508,P0,2805,1333,0.475222816399287,1472,1472,2455.187935125563,79.52814065029474,2.1000191301599025,734.4828105897004,0,1,0,20,0,0,80,20,0.35
speed_20,speed,20 m/s,80,508,P1,2805,1292,0.46060606060606063,1513,1513,2530.5125294210825,78.85907912366879,1.800177650327941,132.84773105909255,0.8018575851393189,0,0.19814241486068113,20,0,0,80,20,0.35
speed_20,speed,20 m/s,80,508,P2,2805,1292,0.46060606060606063,1513,1513,2526.368896482138,76.21941201938746,0.9802727812210247,412.5098780800876,0.42260061919504643,0.48297213622291024,0.09442724458204334,20,0,0,80,20,0.35
speed_20,speed,20 m/s,80,508,P3-U,2805,1259,0.4488413547237077,1546,1546,2583.734178108947,76.21941021250655,0.9997832443207372,334.27208988782974,0.36298649722001586,0.36298649722001586,0.27402700555996823,20,0,0,80,20,0.35
speed_20,speed,20 m/s,80,508,P3-D,2805,1191,0.42459893048128344,1614,1614,2685.5647608443337,76.21941021250655,0.9999894592404636,333.1062024782074,0.3954659949622166,0.39462636439966414,0.20990764063811923,20,0,0,80,20,0.35
speed_20,speed,20 m/s,80,509,P0,2656,1342,0.5052710843373494,1314,1314,2080.121319458388,79.52814119776362,2.1000211638975355,739.441547486298,0,1,0,20,0,0,80,20,0.35
speed_20,speed,20 m/s,80,509,P1,2656,1295,0.4875753012048193,1361,1361,2173.4872898251206,78.7677224881725,1.7627082516988946,133.1564758995954,0.8015444015444015,0,0.19845559845559846,20,0,0,80,20,0.35
speed_20,speed,20 m/s,80,509,P2,2656,1296,0.4879518072289157,1360,1360,2162.998663769822,76.21941209329935,0.9802727979041346,412.9212389386267,0.4174382716049383,0.48148148148148145,0.10108024691358025,20,0,0,80,20,0.35
speed_20,speed,20 m/s,80,509,P3-U,2656,1260,0.4743975903614458,1396,1396,2230.6771075824163,76.21941028641848,0.9999440021425856,334.3751844777993,0.3626984126984127,0.3626984126984127,0.2746031746031746,20,0,0,80,20,0.35
speed_20,speed,20 m/s,80,509,P3-D,2656,1191,0.4484186746987952,1465,1465,2337.9186451022456,76.21941028641848,0.9999639698503879,333.10615697028516,0.39462636439966414,0.39462636439966414,0.21074727120067172,20,0,0,80,20,0.35
speed_20,speed,20 m/s,80,510,P0,2733,1340,0.4903036955726308,1393,1393,2150.224157584759,79.52814065029474,2.1000191301599025,738.3397481235976,0,1,0,20,0,0,80,20,0.35
speed_20,speed,20 m/s,80,510,P1,2733,1295,0.4738382729601171,1438,1438,2249.187759648112,78.85907954943809,1.8001790061522236,133.1562546564786,0.78996138996139,0,0.21003861003861005,20,0,0,80,20,0.35
speed_20,speed,20 m/s,80,510,P2,2733,1295,0.4738382729601171,1438,1438,2244.916844354971,76.21941173931444,0.9802727180040219,412.8182966786031,0.40772200772200773,0.48185328185328186,0.11042471042471043,20,0,0,80,20,0.35
speed_20,speed,20 m/s,80,510,P3-U,2733,1260,0.4610318331503842,1473,1473,2314.3715685578795,76.21940771903577,0.9999561842222947,334.3749180685152,0.3634920634920635,0.3626984126984127,0.27380952380952384,20,0,0,80,20,0.35
speed_20,speed,20 m/s,80,510,P3-D,2733,1191,0.43578485181119647,1542,1542,2435.2014184167992,76.21940771903577,0.9999722396203317,333.10608517240786,0.39462636439966414,0.39462636439966414,0.21074727120067172,20,0,0,80,20,0.35
speed_20,speed,20 m/s,80,511,P0,2668,1339,0.5018740629685158,1329,1329,2102.9338787588413,79.528141015274,2.100020485984991,737.788636907229,0,1,0,20,0,0,80,20,0.35
speed_20,speed,20 m/s,80,511,P1,2668,1294,0.48500749625187406,1374,1374,2195.798683910065,78.94855541624277,1.8376531501662596,133.05358481231292,0.8183925811437404,0,0.18160741885625967,20,0,0,80,20,0.35
speed_20,speed,20 m/s,80,511,P2,2668,1295,0.4853823088455772,1373,1373,2185.1447580125096,76.21941095743257,0.9802725415206868,412.8183063445703,0.42084942084942084,0.48185328185328186,0.0972972972972973,20,0,0,80,20,0.35
speed_20,speed,20 m/s,80,511,P3-U,2668,1260,0.47226386806596704,1408,1408,2251.7049682728516,76.21940853787419,0.9999578145242644,334.3751650112359,0.3634920634920635,0.3626984126984127,0.27380952380952384,20,0,0,80,20,0.35
speed_20,speed,20 m/s,80,511,P3-D,2668,1191,0.44640179910044975,1477,1477,2366.566520420478,76.21940853787419,0.9999701886230248,333.1058887071526,0.39462636439966414,0.39462636439966414,0.21074727120067172,20,0,0,80,20,0.35
speed_20,speed,20 m/s,80,512,P0,2595,1338,0.5156069364161849,1257,1257,2005.6623864360952,79.52814065029474,2.1000191301599025,737.2374947345162,0,1,0,20,0,0,80,20,0.35
speed_20,speed,20 m/s,80,512,P1,2595,1292,0.4978805394990366,1303,1303,2099.3776344779612,78.85907997520734,1.8001803619765062,132.8481019666706,0.8065015479876161,0,0.19349845201238391,20,0,0,80,20,0.35
speed_20,speed,20 m/s,80,512,P2,2595,1293,0.4982658959537572,1302,1302,2089.680392591486,76.22024045438678,0.9804597902148358,412.61264334141947,0.41840680587780354,0.48259860788863107,0.09899458623356536,20,0,0,80,20,0.35
speed_20,speed,20 m/s,80,512,P3-U,2595,1259,0.48516377649325626,1336,1336,2163.5787332692585,76.37820964749771,0.9997847732167119,334.27219011086544,0.363780778395552,0.36298649722001586,0.2732327243844321,20,0,0,80,20,0.35
speed_20,speed,20 m/s,80,512,P3-D,2595,1191,0.45895953757225433,1404,1404,2286.9616271317395,76.37958354855735,0.9999889605363204,333.10589167678216,0.39378673383711166,0.39462636439966414,0.21158690176322417,20,0,0,80,20,0.35
speed_20,speed,20 m/s,80,513,P0,2669,1341,0.5024353690520794,1328,1328,2078.5378114603855,79.528141015274,2.100020485984991,738.890658123729,0,1,0,20,0,0,80,20,0.35
speed_20,speed,20 m/s,80,513,P1,2669,1295,0.48520044960659425,1374,1374,2179.211704928731,78.94855604187333,1.8376551839026836,133.15637829233802,0.8138996138996138,0,0.1861003861003861,20,0,0,80,20,0.35
speed_20,speed,20 m/s,80,513,P2,2669,1296,0.4855751217684526,1373,1373,2168.717773845851,76.21941162844658,0.9802726929793573,412.92123466369884,0.4228395061728395,0.48148148148148145,0.09567901234567901,20,0,0,80,20,0.35
speed_20,speed,20 m/s,80,513,P3-U,2669,1260,0.47208692394155116,1409,1409,2239.772171383224,76.21940967374161,0.9999430400264185,334.3751230287382,0.3626984126984127,0.3626984126984127,0.2746031746031746,20,0,0,80,20,0.35
speed_20,speed,20 m/s,80,513,P3-D,2669,1191,0.44623454477332336,1478,1478,2353.819795920636,76.21940967374161,0.9999629062291246,333.1062563040067,0.39462636439966414,0.39462636439966414,0.21074727120067172,20,0,0,80,20,0.35
speed_20,speed,20 m/s,80,514,P0,2721,1342,0.4932010290334436,1379,1379,2146.30447602071,79.528141015274,2.100020485984991,739.4417074274095,0,1,0,20,0,0,80,20,0.35
speed_20,speed,20 m/s,80,514,P1,2721,1296,0.4762954796030871,1425,1425,2242.129510957556,78.9485556247863,1.8376538280784005,133.25914574376114,0.8063271604938271,0,0.19367283950617284,20,0,0,80,20,0.35
speed_20,speed,20 m/s,80,514,P2,2721,1296,0.4762954796030871,1425,1425,2237.8595094201833,76.21941173931444,0.9802727180040219,412.92123443205037,0.41512345679012347,0.48148148148148145,0.10339506172839506,20,0,0,80,20,0.35
speed_20,speed,20 m/s,80,514,P3-U,2721,1260,0.46306504961411243,1461,1461,2307.2781616364127,76.21940952591773,0.9999410917548582,334.3749462620251,0.3634920634920635,0.3626984126984127,0.27380952380952384,20,0,0,80,20,0.35
speed_20,speed,20 m/s,80,514,P3-D,2721,1191,0.43770672546857775,1530,1530,2419.0983597923555,76.21940952591773,0.9999632695002043,333.10622160334617,0.39378673383711166,0.39462636439966414,0.21158690176322417,20,0,0,80,20,0.35
speed_20,speed,20 m/s,80,515,P0,2654,1340,0.5048982667671439,1314,1314,2171.7517855095252,79.52814046780509,2.1000184522473586,738.339706848472,0,1,0,20,0,0,80,20,0.35
speed_20,speed,20 m/s,80,515,P1,2654,1295,0.4879427279577995,1359,1359,2268.3689640288153,79.03622418333782,1.8751245825317295,133.15631322083308,0.8023166023166023,0,0.19768339768339768,20,0,0,80,20,0.35
speed_20,speed,20 m/s,80,515,P2,2654,1296,0.4883195177091183,1358,1358,2257.7486342314874,76.21941041866774,0.9802724199127993,412.9211397519611,0.41898148148148145,0.48148148148148145,0.09953703703703703,20,0,0,80,20,0.35
speed_20,speed,20 m/s,80,515,P3-U,2654,1260,0.4747550866616428,1394,1394,2328.5349327824356,76.2194085009182,0.9999413593552874,334.3749331928362,0.3634920634920635,0.3626984126984127,0.27380952380952384,20,0,0,80,20,0.35
speed_20,speed,20 m/s,80,515,P3-D,2654,1191,0.4487565938206481,1463,1463,2439.8282166726326,76.2194085009182,0.9999623477749505,333.1058123105311,0.3954659949622166,0.39462636439966414,0.20990764063811923,20,0,0,80,20,0.35
speed_20,speed,20 m/s,80,516,P0,2650,1343,0.5067924528301887,1307,1307,2097.406653356324,79.52814010282579,2.1000170964222695,739.9924729646017,0,1,0,20,0,0,80,20,0.35
speed_20,speed,20 m/s,80,516,P1,2650,1296,0.4890566037735849,1354,1354,2191.7225388054076,78.85908040097655,1.8001817178007893,133.2594255512323,0.8125,0,0.1875,20,0,0,80,20,0.35
speed_20,speed,20 m/s,80,516,P2,2650,1296,0.4890566037735849,1354,1354,2187.3716988346036,76.21941305996073,0.9802730160952448,412.92143257373317,0.42669753086419754,0.48148148148148145,0.09182098765432099,20,0,0,80,20,0.35
speed_20,speed,20 m/s,80,516,P3-U,2650,1260,0.47547169811320755,1390,1390,2256.870000336625,76.21940967374161,0.9999388419410234,334.37474495395077,0.3634920634920635,0.3626984126984127,0.27380952380952384,20,0,0,80,20,0.35
speed_20,speed,20 m/s,80,516,P3-D,2650,1191,0.44943396226415094,1459,1459,2367.067046958454,76.21940967374161,0.9999637780852777,333.1062535287459,0.39462636439966414,0.39462636439966414,0.21074727120067172,20,0,0,80,20,0.35
speed_20,speed,20 m/s,80,517,P0,2628,1340,0.5098934550989346,1288,1288,2026.003528160809,79.52814010282579,2.10001709642227,738.3396913703001,0,1,0,20,0,0,80,20,0.35
speed_20,speed,20 m/s,80,517,P1,2628,1296,0.4931506849315068,1332,1332,2105.7605511646752,78.85908061386115,1.8001823957129306,133.2591522509116,0.8016975308641975,0,0.19830246913580246,20,0,0,80,20,0.35
speed_20,speed,20 m/s,80,517,P2,2628,1296,0.4931506849315068,1332,1332,2101.4212378152456,76.21941131141756,0.9802726214207993,412.9212759388243,0.41280864197530864,0.48148148148148145,0.10570987654320987,20,0,0,80,20,0.35
speed_20,speed,20 m/s,80,517,P3-U,2628,1260,0.4794520547945205,1368,1368,2172.2638132117663,76.21941041866774,0.9999390122788305,334.37486898094096,0.3626984126984127,0.3626984126984127,0.2746031746031746,20,0,0,80,20,0.35
speed_20,speed,20 m/s,80,517,P3-D,2628,1191,0.4531963470319635,1437,1437,2284.773400217681,76.21941041866774,0.9999630685857422,333.1059804600737,0.3929471032745592,0.39462636439966414,0.21242653232577666,20,0,0,80,20,0.35
speed_20,speed,20 m/s,80,518,P0,2684,1340,0.4992548435171386,1344,1344,2123.2372921375645,79.52814065029474,2.1000191301599025,738.3396707327372,0,1,0,20,0,0,80,20,0.35
speed_20,speed,20 m/s,80,518,P1,2684,1295,0.48248882265275705,1389,1389,2210.500580491754,78.85907954943809,1.8001790061522231,133.15639781378945,0.8115830115830116,0,0.18841698841698842,20,0,0,80,20,0.35
speed_20,speed,20 m/s,80,518,P2,2684,1296,0.4828614008941878,1388,1388,2199.790303564943,76.21941213025531,0.9802728062456897,412.9211660122116,0.42824074074074076,0.48148148148148145,0.09027777777777778,20,0,0,80,20,0.35
speed_20,speed,20 m/s,80,518,P3-U,2684,1260,0.46944858420268254,1424,1424,2269.5220830931335,76.21940892881535,0.9999375738651674,334.37463612584065,0.3634920634920635,0.3626984126984127,0.27380952380952384,20,0,0,80,20,0.35
speed_20,speed,20 m/s,80,518,P3-D,2684,1191,0.44374068554396423,1493,1493,2379.2961297029633,76.21940892881535,0.9999616618698219,333.1058545795652,0.39462636439966414,0.39462636439966414,0.21074727120067172,20,0,0,80,20,0.35
speed_20,speed,20 m/s,80,519,P0,2586,1331,0.5146945088940449,1255,1255,1892.6506366757396,79.52814083278437,2.100019808072447,733.3807326199027,0,1,0,20,0,0,80,20,0.35
speed_20,speed,20 m/s,80,519,P1,2586,1288,0.4980665119876257,1298,1298,1976.7305251087614,78.76772096630043,1.7627035063139047,132.4364985746377,0.7895962732919255,0,0.21040372670807453,20,0,0,80,20,0.35
speed_20,speed,20 m/s,80,519,P2,2586,1289,0.49845320959010053,1297,1297,1972.2106277469775,76.22024127306821,0.980459975039726,412.2013782790808,0.4003103180760279,0.4840961986035687,0.11559348332040341,20,0,0,80,20,0.35
speed_20,speed,20 m/s,80,519,P3-U,2586,1256,0.48569218870843,1330,1330,2064.578804189652,76.2194104556237,0.9999857639877492,333.963537651245,0.3646496815286624,0.3638535031847134,0.2714968152866242,20,0,0,80,20,0.35
speed_20,speed,20 m/s,80,519,P3-D,2586,1190,0.46017014694508895,1396,1396,2153.2892399715183,76.2194104556237,0.9999370967606376,333.0032611447778,0.39243697478991596,0.3949579831932773,0.21260504201680672,20,0,0,80,20,0.35
speed_20,speed,20 m/s,80,520,P0,2641,1341,0.5077622112836047,1300,1300,2182.178167743261,79.52814119776362,2.100021163897535,738.8906787612921,0,1,0,20,0,0,80,20,0.35
speed_20,speed,20 m/s,80,520,P1,2641,1296,0.49072321090496024,1345,1345,2274.1038743881886,78.94855541624277,1.8376531501662596,133.25917177236312,0.7955246913580247,0,0.2044753086419753,20,0,0,80,20,0.35
speed_20,speed,20 m/s,80,520,P2,2641,1296,0.49072321090496024,1345,1345,2269.903434303496,76.21941237337236,0.9802728611211375,412.9212954602758,0.4104938271604938,0.48148148148148145,0.10802469135802469,20,0,0,80,20,0.35
speed_20,speed,20 m/s,80,520,P3-U,2641,1260,0.4770920106020447,1381,1381,2340.2837041937983,76.21940971069759,0.9999380524408614,334.3747439300071,0.3634920634920635,0.3626984126984127,0.27380952380952384,20,0,0,80,20,0.35
speed_20,speed,20 m/s,80,520,P3-D,2641,1191,0.45096554335478983,1450,1450,2452.3785994643204,76.21940971069759,0.999963505344236,333.10601136152974,0.3929471032745592,0.39462636439966414,0.21242653232577666,20,0,0,80,20,0.35
speed_20,speed,20 m/s,80,521,P0,2703,1340,0.49574546799852015,1363,1363,2106.5337549755836,79.52814119776362,2.100021163897535,738.3397790799418,0,1,0,20,0,0,80,20,0.35
speed_20,speed,20 m/s,80,521,P1,2703,1296,0.4794672586015538,1407,1407,2192.3967812652827,78.76772183594169,1.76270621796247,133.25909368655718,0.7878086419753086,0,0.21219135802469136,20,0,0,80,20,0.35
speed_20,speed,20 m/s,80,521,P2,2703,1296,0.4794672586015538,1407,1407,2188.1738175182572,76.21941173931444,0.9802727180040219,412.92131070679955,0.4182098765432099,0.48148148148148145,0.10030864197530864,20,0,0,80,20,0.35
speed_20,speed,20 m/s,80,521,P3-U,2703,1260,0.46614872364039955,1443,1443,2257.951663935514,76.21941084656468,0.9999377210862935,334.374706045677,0.3626984126984127,0.3626984126984127,0.2746031746031746,20,0,0,80,20,0.35
speed_20,speed,20 m/s,80,521,P3-D,2703,1191,0.4406215316315205,1512,1512,2367.959921601589,76.21941084656468,0.9999630395675917,333.10619123250166,0.39462636439966414,0.39462636439966414,0.21074727120067172,20,0,0,80,20,0.35
speed_20,speed,20 m/s,80,522,P0,2712,1339,0.4937315634218289,1373,1373,2229.4984056144467,79.52814065029474,2.1000191301599025,737.7887452544335,0,1,0,20,0,0,80,20,0.35
speed_20,speed,20 m/s,80,522,P1,2712,1295,0.4775073746312684,1417,1417,2319.7884338244853,78.94855583332982,1.8376545059905425,133.15625465647867,0.78996138996139,0,0.21003861003861005,20,0,0,80,20,0.35
speed_20,speed,20 m/s,80,522,P2,2712,1297,0.4782448377581121,1415,1415,2310.8674805591845,76.22024330129668,0.9804604329311744,413.02399537632306,0.40863531225905936,0.4811102544333076,0.110254433307633,20,0,0,80,20,0.35
speed_20,speed,20 m/s,80,522,P3-U,2712,1260,0.4646017699115044,1452,1452,2380.899762820672,76.21941013859461,0.9999423527401033,334.37502942229867,0.3626984126984127,0.3626984126984127,0.2746031746031746,20,0,0,80,20,0.35
speed_20,speed,20 m/s,80,522,P3-D,2712,1191,0.4391592920353982,1521,1521,2495.244177431375,76.21941013859461,0.999963222445856,333.10593143981396,0.39462636439966414,0.39462636439966414,0.21074727120067172,20,0,0,80,20,0.35
speed_20,speed,20 m/s,80,523,P0,2661,1341,0.503945885005637,1320,1320,2123.7555967730827,79.52814046780509,2.100018452247358,738.8906426455574,0,1,0,20,0,0,80,20,0.35
speed_20,speed,20 m/s,80,523,P1,2661,1294,0.48628335212326196,1367,1367,2224.1008046083225,78.85907869789945,1.8001762945036577,133.05355227656045,0.7998454404945904,0,0.20015455950540958,20,0,0,80,20,0.35
speed_20,speed,20 m/s,80,523,P2,2661,1297,0.4874107478391582,1364,1364,2206.4271323419207,76.22023881702346,0.9804594205650553,413.02375734940557,0.40323824209714726,0.4811102544333076,0.1156515034695451,20,0,0,80,20,0.35
speed_20,speed,20 m/s,80,523,P3-U,2661,1260,0.47350620067643745,1401,1401,2279.3577976795973,76.21940775599175,0.9999375642992787,334.37480321416024,0.3626984126984127,0.3626984126984127,0.2746031746031746,20,0,0,80,20,0.35
speed_20,speed,20 m/s,80,523,P3-D,2661,1191,0.447576099210823,1470,1470,2393.1300022054165,76.21940775599175,0.9999618486717156,333.1059893213192,0.39462636439966414,0.39462636439966414,0.21074727120067172,20,0,0,80,20,0.35
speed_20,speed,20 m/s,80,524,P0,2669,1338,0.5013113525665043,1331,1331,2272.7842035808453,79.52814083278437,2.100019808072447,737.2377578634416,0,1,0,20,0,0,80,20,0.35
speed_20,speed,20 m/s,80,524,P1,2669,1295,0.48520044960659425,1374,1374,2364.5984344822755,78.94855583332982,1.8376545059905418,133.15628068508065,0.7837837837837838,0,0.21621621621621623,20,0,0,80,20,0.35
speed_20,speed,20 m/s,80,524,P2,2669,1295,0.48520044960659425,1374,1374,2360.283357846814,76.21941103134449,0.9802725582037966,412.81834604028745,0.40540540540540543,0.48185328185328186,0.11274131274131274,20,0,0,80,20,0.35
speed_20,speed,20 m/s,80,524,P3-U,2669,1260,0.47208692394155116,1409,1409,2428.37694032242,76.21940760816781,0.9999559154757108,334.3748850446126,0.3626984126984127,0.3626984126984127,0.2746031746031746,20,0,0,80,20,0.35
speed_20,speed,20 m/s,80,524,P3-D,2669,1191,0.44623454477332336,1478,1478,2547.5234421839245,76.21940760816781,0.9999738761625656,333.10618804883205,0.39378673383711166,0.39462636439966414,0.21158690176322417,20,0,0,80,20,0.35
speed_20,speed,20 m/s,80,525,P0,2621,1337,0.5101106447920641,1284,1284,2185.047862536456,79.52814028531544,2.1000177743348147,736.6867653130588,0,1,0,20,0,0,80,20,0.35
speed_20,speed,20 m/s,80,525,P1,2621,1295,0.49408622663105684,1326,1326,2273.4675452111805,78.94855499915568,1.8376517943419766,133.15624164217766,0.7976833976833977,0,0.2023166023166023,20,0,0,80,20,0.35
speed_20,speed,20 m/s,80,525,P2,2621,1295,0.49408622663105684,1326,1326,2269.341383519632,76.21941252119615,0.9802728944873572,412.81845866241986,0.4115830115830116,0.48185328185328186,0.10656370656370656,20,0,0,80,20,0.35
speed_20,speed,20 m/s,80,525,P3-U,2621,1260,0.4807325448302175,1361,1361,2338.8356334617015,76.21940779294773,0.9999587932931613,334.3749901353208,0.3626984126984127,0.3626984126984127,0.2746031746031746,20,0,0,80,20,0.35
speed_20,speed,20 m/s,80,525,P3-D,2621,1191,0.454406714994277,1430,1430,2462.4808792541385,76.21940779294773,0.9999719723001509,333.10619711169096,0.3954659949622166,0.39462636439966414,0.20990764063811923,20,0,0,80,20,0.35
speed_20,speed,20 m/s,80,526,P0,2671,1337,0.5005615874204418,1334,1334,2225.4703942721817,79.52814065029473,2.1000191301599025,736.686796269403,0,1,0,20,0,0,80,20,0.35
speed_20,speed,20 m/s,80,526,P1,2671,1294,0.484462748034444,1377,1377,2308.0515896777974,78.94855583332982,1.8376545059905418,133.05338959779812,0.7952086553323029,0,0.20479134466769705,20,0,0,80,20,0.35
speed_20,speed,20 m/s,80,526,P2,2671,1294,0.484462748034444,1377,1377,2304.0810889866866,76.21941373097441,0.9802731675539152,412.715711616911,0.42040185471406494,0.482225656877898,0.0973724884080371,20,0,0,80,20,0.35
speed_20,speed,20 m/s,80,526,P3-U,2671,1260,0.47173343317109695,1411,1411,2371.8799658615712,76.21940632447586,0.9999372843920962,334.3746599774385,0.3634920634920635,0.3626984126984127,0.27380952380952384,20,0,0,80,20,0.35
speed_20,speed,20 m/s,80,526,P3-D,2671,1191,0.445900411830775,1480,1480,2487.582312255821,76.21940632447586,0.9999725426983804,333.10626751967726,0.39462636439966414,0.39462636439966414,0.21074727120067172,20,0,0,80,20,0.35
speed_20,speed,20 m/s,80,527,P0,2693,1340,0.49758633494244336,1353,1353,2152.3167707733937,79.528141015274,2.1000204859849907,738.3397120078628,0,1,0,20,0,0,80,20,0.35
speed_20,speed,20 m/s,80,527,P1,2693,1294,0.480505012996658,1399,1399,2250.981955448511,78.85907976232272,1.8001796840643645,133.05348720505552,0.7905718701700154,0,0.20942812982998454,20,0,0,80,20,0.35
speed_20,speed,20 m/s,80,527,P2,2693,1296,0.48124767916821387,1397,1397,2234.1662968015366,76.21941173931444,0.980272718004022,412.92110475233756,0.4035493827160494,0.48148148148148145,0.11496913580246913,20,0,0,80,20,0.35
speed_20,speed,20 m/s,80,527,P3-U,2693,1260,0.46787968808020797,1433,1433,2306.5211081160824,76.21941173931444,0.9999385125591881,334.3747437957081,0.3626984126984127,0.3626984126984127,0.2746031746031746,20,0,0,80,20,0.35
speed_20,speed,20 m/s,80,527,P3-D,2693,1191,0.4422577051615299,1502,1502,2423.98764317683,76.21941173931444,0.9999625639622471,333.10603276135276,0.39462636439966414,0.39462636439966414,0.21074727120067172,20,0,0,80,20,0.35
speed_20,speed,20 m/s,80,528,P0,2647,1338,0.505477899508878,1309,1309,2169.3242411228525,79.52814065029474,2.1000191301599025,737.2377733416138,0,1,0,20,0,0,80,20,0.35
speed_20,speed,20 m/s,80,528,P1,2647,1294,0.488855307895731,1353,1353,2261.828773390106,78.85907933655345,1.8001783282400823,133.05340261209912,0.7967542503863988,0,0.20324574961360123,20,0,0,80,20,0.35
speed_20,speed,20 m/s,80,528,P2,2647,1295,0.4892330940687571,1352,1352,2251.7318331395613,76.21941373097441,0.9802731675539152,412.81869580487444,0.42625482625482625,0.48185328185328186,0.0918918918918919,20,0,0,80,20,0.35
speed_20,speed,20 m/s,80,528,P3-U,2647,1260,0.47601057801284474,1387,1387,2321.114472299298,76.21940963678564,0.9999585988490746,334.3751689450694,0.3626984126984127,0.3626984126984127,0.2746031746031746,20,0,0,80,20,0.35
speed_20,speed,20 m/s,80,528,P3-D,2647,1191,0.4499433320740461,1456,1456,2442.3937323595496,76.21940963678564,0.9999715805872403,333.1061736443097,0.3954659949622166,0.39462636439966414,0.20990764063811923,20,0,0,80,20,0.35
speed_20,speed,20 m/s,80,529,P0,2705,1341,0.49574861367837336,1364,1364,2106.093856000884,79.52814065029474,2.1000191301599025,738.8906271673849,0,1,0,20,0,0,80,20,0.35
speed_20,speed,20 m/s,80,529,P1,2705,1296,0.47911275415896487,1409,1409,2191.580353112504,78.76772270558276,1.7627089296110359,133.2592173224166,0.7978395061728395,0,0.2021604938271605,20,0,0,80,20,0.35
speed_20,speed,20 m/s,80,529,P2,2705,1296,0.47911275415896487,1409,1409,2187.310329848873,76.21941213025531,0.9802728062456896,412.92138767649396,0.42746913580246915,0.48148148148148145,0.09104938271604938,20,0,0,80,20,0.35
speed_20,speed,20 m/s,80,529,P3-U,2705,1260,0.4658040665434381,1445,1445,2258.7884082419796,76.21940913497662,0.999940483119279,334.3749877139112,0.3626984126984127,0.3626984126984127,0.2746031746031746,20,0,0,80,20,0.35
speed_20,speed,20 m/s,80,529,P3-D,2705,1191,0.4402957486136784,1514,1514,2375.290725173503,76.21940913497662,0.9999630221468937,333.10607326179155,0.3929471032745592,0.39462636439966414,0.21242653232577666,20,0,0,80,20,0.35
speed_20,speed,20 m/s,80,530,P0,2691,1340,0.49795615013006317,1351,1351,2041.1110357867835,79.52814010282579,2.10001709642227,738.339557226142,0,1,0,20,0,0,80,20,0.35
speed_20,speed,20 m/s,80,530,P1,2691,1295,0.4812337421033073,1396,1396,2131.2826591009016,78.94855583332982,1.8376545059905418,133.15652795679935,0.8138996138996138,0,0.1861003861003861,20,0,0,80,20,0.35
speed_20,speed,20 m/s,80,530,P2,2691,1295,0.4812337421033073,1396,1396,2126.8456641882944,76.21941095743257,0.9802725415206867,412.8184299804295,0.42316602316602314,0.48185328185328186,0.09498069498069497,20,0,0,80,20,0.35
speed_20,speed,20 m/s,80,530,P3-U,2691,1260,0.4682274247491639,1431,1431,2195.3040226646563,76.21940636143185,0.999957972813653,334.3750582189167,0.3626984126984127,0.3626984126984127,0.2746031746031746,20,0,0,80,20,0.35
speed_20,speed,20 m/s,80,530,P3-D,2691,1191,0.44258639910813824,1500,1500,2314.687038700014,76.21940636143185,0.9999728699022585,333.1062135589186,0.3954659949622166,0.39462636439966414,0.20990764063811923,20,0,0,80,20,0.35
weight_0,route weight,0 km,45,501,P0,1547,1092,0.7058823529411765,455,455,1119.6746476384355,79.92322604967377,2.300020788066046,802.2555499193496,0,1,0,20,0,0,80,15,0
weight_0,route weight,0 km,45,501,P1,1547,1092,0.7058823529411765,455,455,1119.6746476384355,79.92322604967377,2.300020788066046,802.2555499193496,0,1,0,20,0,0,80,15,0
weight_0,route weight,0 km,45,501,P2,1547,1092,0.7058823529411765,455,455,1123.7081764433756,76.11405929749984,0.9567790819291998,422.2022699581162,0.40476190476190477,0.4175824175824176,0.17765567765567766,20,0,0,80,15,0
weight_0,route weight,0 km,45,501,P3-U,1547,1028,0.6645119586296057,519,519,1289.195683573057,76.11405633020824,0.9999738092181782,345.30600414422315,0.3336575875486381,0.3326848249027237,0.3336575875486381,20,0,0,80,15,0
weight_0,route weight,0 km,45,501,P3-D,1547,751,0.4854557207498384,796,796,1030.378768648805,76.11405633020824,0.9998596138052511,314.50020830364844,0.3022636484687084,0.47137150466045274,0.22636484687083888,20,0,0,80,15,0
weight_0,route weight,0 km,45,502,P0,1485,1088,0.7326599326599327,397,397,960.1162571760914,79.92322582751595,2.300019884237088,799.3168062608191,0,1,0,20,0,0,80,15,0
weight_0,route weight,0 km,45,502,P1,1485,1088,0.7326599326599327,397,397,960.1162571760914,79.92322582751595,2.300019884237088,799.3168062608191,0,1,0,20,0,0,80,15,0
weight_0,route weight,0 km,45,502,P2,1485,1087,0.731986531986532,398,398,970.8125954620551,76.1140604160725,0.9567793283580881,421.5171187776408,0.41674333026678934,0.41950321987120515,0.16375344986200552,20,0,0,80,15,0
weight_0,route weight,0 km,45,502,P3-U,1485,1027,0.6915824915824916,458,458,1104.8263493470483,76.5320890097644,0.9999318399334743,345.1694221777488,0.3339824732229795,0.3330087633885102,0.3330087633885102,20,0,0,80,15,0
weight_0,route weight,0 km,45,502,P3-D,1485,752,0.5063973063973064,733,733,887.9531195457428,76.11405586897123,0.9999685424804177,314.6375240764868,0.3071808510638298,0.47074468085106386,0.2220744680851064,20,0,0,80,15,0
weight_0,route weight,0 km,45,503,P0,1516,1097,0.7236147757255936,419,419,1070.7535533209925,79.92322671614713,2.3000234995529225,805.9291084707619,0,1,0,20,0,0,80,15,0
weight_0,route weight,0 km,45,503,P1,1516,1097,0.7236147757255936,419,419,1070.7535533209925,79.92322671614713,2.3000234995529225,805.9291084707619,0,1,0,20,0,0,80,15,0
weight_0,route weight,0 km,45,503,P2,1516,1095,0.7222955145118733,421,421,1072.8239128716777,76.1140610229266,0.9567794620520524,422.6138457659349,0.41187214611872147,0.41643835616438357,0.17168949771689498,20,0,0,80,15,0
weight_0,route weight,0 km,45,503,P3-U,1516,1028,0.6781002638522428,488,488,1263.2286080179708,76.53209049828658,0.9998972469448791,345.3063994179915,0.3336575875486381,0.3326848249027237,0.3336575875486381,20,0,0,80,15,0
weight_0,route weight,0 km,45,503,P3-D,1516,752,0.49604221635883905,764,764,997.4352969351411,76.11177284429677,0.999967481827924,314.6373234108699,0.30319148936170215,0.47074468085106386,0.22606382978723405,20,0,0,80,15,0
weight_0,route weight,0 km,45,504,P0,1522,1096,0.7201051248357424,426,426,1057.750479511096,79.92322604967376,2.300020788066046,805.1941972741209,0,1,0,20,0,0,80,15,0
weight_0,route weight,0 km,45,504,P1,1522,1096,0.7201051248357424,426,426,1057.750479511096,79.92322604967376,2.300020788066046,805.1941972741209,0,1,0,20,0,0,80,15,0
weight_0,route weight,0 km,45,504,P2,1522,1093,0.7181340341655716,429,429,1073.06554832966,76.11406036559069,0.9567793172366126,422.3396908214886,0.41537053979871913,0.4172003659652333,0.16742909423604757,20,0,0,80,15,0
weight_0,route weight,0 km,45,504,P3-U,1522,1029,0.676084099868594,493,493,1241.8293042616103,76.73347991028153,0.999819833951867,345.44341994418505,0.33430515063168126,0.3323615160349854,0.3333333333333333,20,0,0,80,15,0
weight_0,route weight,0 km,45,504,P3-D,1522,751,0.49342969776609724,771,771,971.8105225986844,76.11178131376509,0.9998601101177581,314.50025607473736,0.3009320905459387,0.47137150466045274,0.22769640479360853,20,0,0,80,15,0
weight_0,route weight,0 km,45,505,P0,1562,1094,0.7003841229193342,468,468,1156.3208221889506,79.92322649398935,2.3000225957239637,803.7251453109131,0,1,0,20,0,0,80,15,0
weight_0,route weight,0 km,45,505,P1,1562,1094,0.7003841229193342,468,468,1156.3208221889506,79.92322649398935,2.3000225957239637,803.7251453109131,0,1,0,20,0,0,80,15,0
weight_0,route weight,0 km,45,505,P2,1562,1092,0.6991037131882202,470,470,1169.5406297280144,76.11406150649005,0.9567795685842833,422.2026284048168,0.41025641025641024,0.4175824175824176,0.17216117216117216,20,0,0,80,15,0
weight_0,route weight,0 km,45,505,P3-U,1562,1028,0.6581306017925737,534,534,1321.8771040533172,76.32492611091816,0.9999998516815981,345.3061941211992,0.3336575875486381,0.3326848249027237,0.3336575875486381,20,0,0,80,15,0
weight_0,route weight,0 km,45,505,P3-D,1562,752,0.4814340588988476,810,810,1051.9122320189642,76.3267814948477,0.999968308446454,314.6374680660775,0.30319148936170215,0.47074468085106386,0.22606382978723405,20,0,0,80,15,0
weight_0,route weight,0 km,45,506,P0,1521,1096,0.7205785667324129,425,425,1069.7743432604575,79.92322671614713,2.3000234995529225,805.1942729413603,0,1,0,20,0,0,80,15,0
weight_0,route weight,0 km,45,506,P1,1521,1096,0.7205785667324129,425,425,1069.7743432604575,79.92322671614713,2.3000234995529225,805.1942729413603,0,1,0,20,0,0,80,15,0
weight_0,route weight,0 km,45,506,P2,1521,1092,0.717948717948718,429,429,1087.5828812550676,76.1140583303724,0.9567788688647384,422.2024318762596,0.4075091575091575,0.4175824175824176,0.1749084249084249,20,0,0,80,15,0
weight_0,route weight,0 km,45,506,P3-U,1521,1027,0.6752136752136753,494,494,1251.686110645226,76.53209021254746,0.9998201030314335,345.16913297439675,0.3339824732229795,0.3330087633885102,0.3330087633885102,20,0,0,80,15,0
weight_0,route weight,0 km,45,506,P3-D,1521,752,0.49441157133464825,769,769,961.9864964945099,76.11405244043993,0.9999883848414997,314.6372579425227,0.2978723404255319,0.47074468085106386,0.23138297872340424,20,0,0,80,15,0
weight_0,route weight,0 km,45,507,P0,1491,1068,0.716297786720322,423,423,930.4500397906297,79.92322627183157,2.3000216918950054,784.6236520330423,0,1,0,20,0,0,80,15,0
weight_0,route weight,0 km,45,507,P1,1491,1068,0.716297786720322,423,423,930.4500397906297,79.92322627183157,2.3000216918950054,784.6236520330423,0,1,0,20,0,0,80,15,0
weight_0,route weight,0 km,45,507,P2,1491,1067,0.715627095908786,424,424,937.1425997316711,76.11405858968182,0.9567789259922842,418.77473105846906,0.4095595126522962,0.42736644798500467,0.16307403936269915,20,0,0,80,15,0
weight_0,route weight,0 km,45,507,P3-U,1491,1029,0.6901408450704225,462,462,973.9074363518405,76.535167928303,0.9999742631285276,345.44341250143816,0.33430515063168126,0.3323615160349854,0.3333333333333333,20,0,0,80,15,0
weight_0,route weight,0 km,45,507,P3-D,1491,752,0.5043594902749833,739,739,749.8942088148957,76.32615091669419,0.9999883910645612,314.6373761362188,0.3045212765957447,0.47074468085106386,0.2247340425531915,20,0,0,80,15,0
weight_0,route weight,0 km,45,508,P0,1526,1097,0.718872870249017,429,429,1037.06705188035,79.92322649398935,2.300022595723964,805.928970893963,0,1,0,20,0,0,80,15,0
weight_0,route weight,0 km,45,508,P1,1526,1097,0.718872870249017,429,429,1037.06705188035,79.92322649398935,2.300022595723964,805.928970893963,0,1,0,20,0,0,80,15,0
weight_0,route weight,0 km,45,508,P2,1526,1092,0.7155963302752294,434,434,1062.654681087843,76.11405939846348,0.9567791041721511,422.2025534270873,0.4139194139194139,0.4175824175824176,0.1684981684981685,20,0,0,80,15,0
weight_0,route weight,0 km,45,508,P3-U,1526,1029,0.6743119266055045,497,497,1239.1608905027147,76.11063192833382,0.9998217551883796,345.4432792595659,0.33430515063168126,0.3323615160349854,0.3333333333333333,20,0,0,80,15,0
weight_0,route weight,0 km,45,508,P3-D,1526,752,0.4927916120576671,774,774,984.2326710461422,76.11063192833382,0.9999667667423686,314.63726919526323,0.30186170212765956,0.47074468085106386,0.22739361702127658,20,0,0,80,15,0
weight_0,route weight,0 km,45,509,P0,1549,1079,0.6965784377017431,470,470,1024.5505069490932,79.92322671614713,2.3000234995529225,792.7050474792322,0,1,0,20,0,0,80,15,0
weight_0,route weight,0 km,45,509,P1,1549,1079,0.6965784377017431,470,470,1024.5505069490932,79.92322671614713,2.3000234995529225,792.7050474792322,0,1,0,20,0,0,80,15,0
weight_0,route weight,0 km,45,509,P2,1549,1079,0.6965784377017431,470,470,1027.1173926427605,76.11406637880285,0.9567806419877305,420.42014560049773,0.4151992585727525,0.422613531047266,0.16218721037998146,20,0,0,80,15,0
weight_0,route weight,0 km,45,509,P3-U,1549,1010,0.6520335700451905,539,539,1207.0784053649888,76.92727684508753,0.9999291670605553,342.8380960373502,0.33762376237623765,0.33861386138613864,0.3237623762376238,20,0,0,80,15,0
weight_0,route weight,0 km,45,509,P3-D,1549,752,0.4854744996772111,797,797,890.4530958683055,76.10949467930864,0.9999677481069718,314.6373840503673,0.3151595744680851,0.47074468085106386,0.21409574468085107,20,0,0,80,15,0
weight_0,route weight,0 km,45,510,P0,1539,1080,0.7017543859649122,459,459,1000.9821949079724,79.92322604967376,2.300020788066046,793.4394496417173,0,1,0,20,0,0,80,15,0
weight_0,route weight,0 km,45,510,P1,1539,1080,0.7017543859649122,459,459,1000.9821949079724,79.92322604967376,2.300020788066046,793.4394496417173,0,1,0,20,0,0,80,15,0
weight_0,route weight,0 km,45,510,P2,1539,1077,0.6998050682261209,462,462,1015.4079697435966,76.11405934798165,0.9567790930506754,420.14617891010334,0.415041782729805,0.4233983286908078,0.1615598885793872,20,0,0,80,15,0
weight_0,route weight,0 km,45,510,P3-U,1539,1029,0.6686159844054581,510,510,1105.0342819824805,76.11177384010294,0.9998213260912812,345.44352481452336,0.33430515063168126,0.3323615160349854,0.3333333333333333,20,0,0,80,15,0
weight_0,route weight,0 km,45,510,P3-D,1539,752,0.48862897985705,787,787,873.6374923620716,76.11177384010294,0.9999683255630045,314.637436466997,0.31117021276595747,0.47074468085106386,0.21808510638297873,20,0,0,80,15,0
weight_0,route weight,0 km,45,511,P0,1565,1100,0.7028753993610224,465,465,1167.845414976473,79.92322627183157,2.300021691895005,808.1329615691712,0,1,0,20,0,0,80,15,0
weight_0,route weight,0 km,45,511,P1,1565,1100,0.7028753993610224,465,465,1167.845414976473,79.92322627183157,2.300021691895005,808.1329615691712,0,1,0,20,0,0,80,15,0
weight_0,route weight,0 km,45,511,P2,1565,1099,0.7022364217252396,466,466,1178.2897465195863,76.1140583303724,0.9567788688647384,423.16182348841704,0.4121929026387625,0.41492265696087355,0.17288444040036396,20,0,0,80,15,0
weight_0,route weight,0 km,45,511,P3-U,1565,1027,0.6562300319488817,538,538,1370.211138588845,76.32091048904888,0.9999749337054701,345.16951322042337,0.3339824732229795,0.3330087633885102,0.3330087633885102,20,0,0,80,15,0
weight_0,route weight,0 km,45,511,P3-D,1565,752,0.4805111821086262,813,813,1077.255952661363,76.11291321396705,0.9999897713470043,314.6375320812462,0.2978723404255319,0.47074468085106386,0.23138297872340424,20,0,0,80,15,0
weight_0,route weight,0 km,45,512,P0,1528,1093,0.7153141361256544,435,435,1069.4496467080182,79.92322649398935,2.3000225957239637,802.9901515681931,0,1,0,20,0,0,80,15,0
weight_0,route weight,0 km,45,512,P1,1528,1093,0.7153141361256544,435,435,1069.4496467080182,79.92322649398935,2.3000225957239637,802.9901515681931,0,1,0,20,0,0,80,15,0
weight_0,route weight,0 km,45,512,P2,1528,1089,0.712696335078534,439,439,1089.0265776326748,76.1140598820271,0.9567792107043818,421.79147582234305,0.4150596877869605,0.418732782369146,0.16620752984389348,20,0,0,80,15,0
weight_0,route weight,0 km,45,512,P3-U,1528,1028,0.6727748691099477,500,500,1251.2764979007613,76.32307873018104,0.9999314840902954,345.30664135664813,0.3336575875486381,0.3326848249027237,0.3336575875486381,20,0,0,80,15,0
weight_0,route weight,0 km,45,512,P3-D,1528,751,0.49149214659685864,777,777,1006.5943613119732,76.1117765622435,0.9998609312778315,314.50040871616477,0.303595206391478,0.47137150466045274,0.22503328894806923,20,0,0,80,15,0
weight_0,route weight,0 km,45,513,P0,1472,1065,0.7235054347826086,407,407,1027.25676063006,79.92322627183157,2.3000216918950054,782.4195925694345,0,1,0,20,0,0,80,15,0
weight_0,route weight,0 km,45,513,P1,1472,1065,0.7235054347826086,407,407,1027.25676063006,79.92322627183157,2.3000216918950054,782.4195925694345,0,1,0,20,0,0,80,15,0
weight_0,route weight,0 km,45,513,P2,1472,1064,0.7228260869565217,408,408,1030.0178737907984,76.11405929749984,0.9567790819291998,418.3636351575675,0.40883458646616544,0.42857142857142855,0.162593984962406,20,0,0,80,15,0
weight_0,route weight,0 km,45,513,P3-U,1472,1011,0.6868206521739131,461,461,1133.9292858344486,76.73431737788238,0.999999749634231,342.97533871995995,0.33827893175074186,0.33827893175074186,0.32344213649851633,20,0,0,80,15,0
weight_0,route weight,0 km,45,513,P3-D,1472,752,0.5108695652173914,720,720,817.0968537994969,76.10949228820506,0.9999668615366817,314.6371979739956,0.3045212765957447,0.47074468085106386,0.2247340425531915,20,0,0,80,15,0
weight_0,route weight,0 km,45,514,P0,1510,1085,0.7185430463576159,425,425,1014.7722176125548,79.92322671614713,2.3000234995529225,797.1129737989297,0,1,0,20,0,0,80,15,0
weight_0,route weight,0 km,45,514,P1,1510,1085,0.7185430463576159,425,425,1014.7722176125548,79.92322671614713,2.3000234995529225,797.1129737989297,0,1,0,20,0,0,80,15,0
weight_0,route weight,0 km,45,514,P2,1510,1082,0.7165562913907285,428,428,1035.3454563049963,76.11406051703612,0.9567793506010394,420.83138686465657,0.4121996303142329,0.4214417744916821,0.16635859519408502,20,0,0,80,15,0
weight_0,route weight,0 km,45,514,P3-U,1510,1030,0.6821192052980133,480,480,1160.0773517335078,76.10835303533504,0.9999738345216602,345.5805058812122,0.3339805825242718,0.3320388349514563,0.3339805825242718,20,0,0,80,15,0
weight_0,route weight,0 km,45,514,P3-D,1510,751,0.49735099337748345,759,759,956.144530891506,76.10835303533504,0.9999285892962412,314.5002485063875,0.31025299600532624,0.47137150466045274,0.21837549933422104,20,0,0,80,15,0
weight_0,route weight,0 km,45,515,P0,1546,1095,0.7082794307891332,451,451,1094.893728183131,79.92322671614714,2.3000234995529225,804.4595268368782,0,1,0,20,0,0,80,15,0
weight_0,route weight,0 km,45,515,P1,1546,1095,0.7082794307891332,451,451,1094.893728183131,79.92322671614714,2.3000234995529225,804.4595268368782,0,1,0,20,0,0,80,15,0
weight_0,route weight,0 km,45,515,P2,1546,1091,0.7056921086675291,455,455,1118.8469281422526,76.11406029278187,0.9567793011963543,422.06546580023365,0.4161319890009166,0.41796516956920254,0.16590284142988085,20,0,0,80,15,0
weight_0,route weight,0 km,45,515,P3-U,1546,1028,0.6649417852522639,518,518,1273.1107896650062,76.5320889912044,0.9999748095097096,345.3062570104484,0.3336575875486381,0.3326848249027237,0.3336575875486381,20,0,0,80,15,0
weight_0,route weight,0 km,45,515,P3-D,1546,751,0.4857697283311772,795,795,977.6089797718838,76.11405127138329,0.9999648641878437,314.5002122967583,0.2982689747003995,0.47137150466045274,0.2303595206391478,20,0,0,80,15,0
weight_0,route weight,0 km,45,516,P0,1558,1081,0.6938382541720154,477,477,1147.4661504178378,79.92322582751596,2.300019884237088,794.1741475943197,0,1,0,20,0,0,80,15,0
weight_0,route weight,0 km,45,516,P1,1558,1081,0.6938382541720154,477,477,1147.4661504178378,79.92322582751596,2.300019884237088,794.1741475943197,0,1,0,20,0,0,80,15,0
weight_0,route weight,0 km,45,516,P2,1558,1079,0.6925545571245186,479,479,1156.5018332391735,76.11405991018194,0.956779216907075,420.4203042500334,0.4161260426320667,0.422613531047266,0.16126042632066728,20,0,0,80,15,0
weight_0,route weight,0 km,45,516,P3-U,1558,1004,0.6444159178433889,554,554,1350.15470617056,76.7351629060242,0.9999693892609353,342.0157174365681,0.3396414342629482,0.34063745019920316,0.3197211155378486,20,0,0,80,15,0
weight_0,route weight,0 km,45,516,P3-D,1558,752,0.48267008985879334,806,806,971.775160624334,76.11291496801147,0.9999671767447594,314.6373031180613,0.2992021276595745,0.47074468085106386,0.2300531914893617,20,0,0,80,15,0
weight_0,route weight,0 km,45,517,P0,1579,1055,0.6681443951868271,524,524,1195.066850630726,79.92322627183157,2.3000216918950054,775.0728606816474,0,1,0,20,0,0,80,15,0
weight_0,route weight,0 km,45,517,P1,1579,1055,0.6681443951868271,524,524,1195.066850630726,79.92322627183157,2.3000216918950054,775.0728606816474,0,1,0,20,0,0,80,15,0
weight_0,route weight,0 km,45,517,P2,1579,1053,0.6668777707409753,526,526,1202.076550878444,76.11405881393614,0.9567789753969691,416.85550264869545,0.4121557454890788,0.43304843304843305,0.15479582146248813,20,0,0,80,15,0
weight_0,route weight,0 km,45,517,P3-U,1579,1013,0.6415452818239392,566,566,1290.3148087235882,76.3229202792653,0.9998621978134112,343.24982866073566,0.3376110562685094,0.3376110562685094,0.32477788746298125,20,0,0,80,15,0
weight_0,route weight,0 km,45,517,P3-D,1579,751,0.4756174794173528,828,828,991.2234081505122,76.11063299726791,0.9998597463957672,314.5002105719398,0.3169107856191744,0.47137150466045274,0.21171770972037285,20,0,0,80,15,0
weight_0,route weight,0 km,45,518,P0,1445,1038,0.7183391003460208,407,407,1072.661153161595,79.92322649398935,2.3000225957239637,762.5836214618395,0,1,0,20,0,0,80,15,0
weight_0,route weight,0 km,45,518,P1,1445,1038,0.7183391003460208,407,407,1072.661153161595,79.92322649398935,2.3000225957239637,762.5836214618395,0,1,0,20,0,0,80,15,0
weight_0,route weight,0 km,45,518,P2,1445,1037,0.7176470588235294,408,408,1073.9325642142585,76.11405827989056,0.9567788577432628,414.66187334227476,0.40115718418514945,0.43972999035679844,0.15911282545805208,20,0,0,80,15,0
weight_0,route weight,0 km,45,518,P3-U,1445,977,0.6761245674740485,468,468,1185.3733794095156,76.73516684004392,0.9999337545947701,338.3145817436419,0.3500511770726714,0.3500511770726714,0.2998976458546571,20,0,0,80,15,0
weight_0,route weight,0 km,45,518,P3-D,1445,752,0.5204152249134948,693,693,836.9575530612258,76.10721368578061,0.9999677834828375,314.6373888771298,0.3257978723404255,0.47074468085106386,0.20345744680851063,20,0,0,80,15,0
weight_0,route weight,0 km,45,519,P0,1456,1073,0.7369505494505495,383,383,899.9279586100387,79.92322627183157,2.300021691895005,788.2970592499756,0,1,0,20,0,0,80,15,0
weight_0,route weight,0 km,45,519,P1,1456,1073,0.7369505494505495,383,383,899.9279586100387,79.92322627183157,2.300021691895005,788.2970592499756,0,1,0,20,0,0,80,15,0
weight_0,route weight,0 km,45,519,P2,1456,1072,0.7362637362637363,384,384,906.1472550203924,76.11405871297248,0.9567789531540181,419.4603768296997,0.41044776119402987,0.4253731343283582,0.16417910447761194,20,0,0,80,15,0
weight_0,route weight,0 km,45,519,P3-U,1456,1011,0.6943681318681318,445,445,1066.339282862746,77.1107395233236,0.9999740966571203,342.9756522092304,0.3363006923837784,0.33827893175074186,0.3254203758654797,20,0,0,80,15,0
weight_0,route weight,0 km,45,519,P3-D,1456,752,0.5164835164835165,704,704,789.6688457648451,76.11177676427698,0.9999687380043955,314.6374977776573,0.3125,0.47074468085106386,0.21675531914893617,20,0,0,80,15,0
weight_0,route weight,0 km,45,520,P0,1533,1094,0.7136333985649054,439,439,1052.4184659650923,79.92322649398935,2.300022595723964,803.725049007154,0,1,0,20,0,0,80,15,0
weight_0,route weight,0 km,45,520,P1,1533,1094,0.7136333985649054,439,439,1052.4184659650923,79.92322649398935,2.300022595723964,803.725049007154,0,1,0,20,0,0,80,15,0
weight_0,route weight,0 km,45,520,P2,1533,1093,0.7129810828440966,440,440,1063.105963131319,76.11405888674497,0.9567789914372271,422.33916007672303,0.40988106129917656,0.4172003659652333,0.1729185727355901,20,0,0,80,15,0
weight_0,route weight,0 km,45,520,P3-U,1533,1028,0.6705805609915199,505,505,1250.1555466753234,76.32307925958081,0.9998632305620233,345.30653361911914,0.3336575875486381,0.3326848249027237,0.3336575875486381,20,0,0,80,15,0
weight_0,route weight,0 km,45,520,P3-D,1533,751,0.48988910632746246,782,782,979.4910874057837,76.11405485136116,0.9999655783976079,314.500342233136,0.3009320905459387,0.47137150466045274,0.22769640479360853,20,0,0,80,15,0
weight_0,route weight,0 km,45,521,P0,1532,1067,0.6964751958224543,465,465,1092.6792152091589,79.92322604967377,2.300020788066046,783.8887958671211,0,1,0,20,0,0,80,15,0
weight_0,route weight,0 km,45,521,P1,1532,1067,0.6964751958224543,465,465,1092.6792152091589,79.92322604967377,2.300020788066046,783.8887958671211,0,1,0,20,0,0,80,15,0
weight_0,route weight,0 km,45,521,P2,1532,1064,0.6945169712793734,468,468,1098.4112136339877,76.11405968592766,0.9567791675023902,418.36394596067663,0.4191729323308271,0.42857142857142855,0.15225563909774437,20,0,0,80,15,0
weight_0,route weight,0 km,45,521,P3-U,1532,1009,0.6586161879895561,523,523,1210.0367215142496,76.73516080250549,0.9998605705835207,342.7014455191246,0.3379583746283449,0.3389494549058474,0.32309217046580774,20,0,0,80,15,0
weight_0,route weight,0 km,45,521,P3-D,1532,752,0.4908616187989556,780,780,875.3150566802199,76.10492925175068,0.9999674579730485,314.63735914701033,0.31382978723404253,0.47074468085106386,0.2154255319148936,20,0,0,80,15,0
weight_0,route weight,0 km,45,522,P0,1510,1086,0.7192052980132451,424,424,1042.8738928530227,79.92322582751596,2.300019884237088,797.8475823266128,0,1,0,20,0,0,80,15,0
weight_0,route weight,0 km,45,522,P1,1510,1086,0.7192052980132451,424,424,1042.8738928530227,79.92322582751596,2.300019884237088,797.8475823266128,0,1,0,20,0,0,80,15,0
weight_0,route weight,0 km,45,522,P2,1510,1086,0.7192052980132451,424,424,1045.338395311152,76.11406051703612,0.9567793506010395,421.3797539802965,0.40791896869244937,0.4198895027624309,0.1721915285451197,20,0,0,80,15,0
weight_0,route weight,0 km,45,522,P3-U,1510,1028,0.680794701986755,482,482,1189.8130541439414,77.11305992355192,0.9998961507813463,345.30627360032673,0.3336575875486381,0.3326848249027237,0.3336575875486381,20,0,0,80,15,0
weight_0,route weight,0 km,45,522,P3-D,1510,752,0.49801324503311256,758,758,967.5152230933179,76.53753796261306,0.9999679080082005,314.6373827063394,0.3098404255319149,0.47074468085106386,0.21941489361702127,20,0,0,80,15,0
weight_0,route weight,0 km,45,523,P0,1559,1087,0.6972418216805645,472,472,1143.6786327512443,79.92322582751596,2.300019884237088,798.5822527638554,0,1,0,20,0,0,80,15,0
weight_0,route weight,0 km,45,523,P1,1559,1087,0.6972418216805645,472,472,1143.6786327512443,79.92322582751596,2.300019884237088,798.5822527638554,0,1,0,20,0,0,80,15,0
weight_0,route weight,0 km,45,523,P2,1559,1085,0.6959589480436177,474,474,1155.61548728616,76.11405983154529,0.9567791995829061,421.2426874613642,0.4147465437788018,0.4202764976958525,0.16497695852534563,20,0,0,80,15,0
weight_0,route weight,0 km,45,523,P3-U,1559,1030,0.6606799230275818,529,529,1291.1780289864653,76.32121951987577,0.9999000969064885,345.58085154992256,0.3339805825242718,0.3320388349514563,0.3339805825242718,20,0,0,80,15,0
weight_0,route weight,0 km,45,523,P3-D,1559,751,0.4817190506735087,808,808,983.7074806374084,76.10607388552096,0.9998943703992371,314.50026404241754,0.3062583222370173,0.47137150466045274,0.22237017310252996,20,0,0,80,15,0
weight_0,route weight,0 km,45,524,P0,1531,1086,0.7093403004572175,445,445,1019.1879518996717,79.92322649398935,2.300022595723964,797.8477130245717,0,1,0,20,0,0,80,15,0
weight_0,route weight,0 km,45,524,P1,1531,1086,0.7093403004572175,445,445,1019.1879518996717,79.92322649398935,2.300022595723964,797.8477130245717,0,1,0,20,0,0,80,15,0
weight_0,route weight,0 km,45,524,P2,1531,1085,0.7086871325930765,446,446,1023.4355972144588,76.11405927517283,0.9567790770104174,421.24268934886493,0.4119815668202765,0.4202764976958525,0.16774193548387098,20,0,0,80,15,0
weight_0,route weight,0 km,45,524,P3-U,1531,1028,0.6714565643370346,503,503,1158.6373865788937,76.11063871793029,0.9998981769029399,345.3063738971959,0.3336575875486381,0.3326848249027237,0.3336575875486381,20,0,0,80,15,0
weight_0,route weight,0 km,45,524,P3-D,1531,751,0.49052906596995427,780,780,917.4891715500004,76.11063871793029,0.9998929965310059,314.50027897954857,0.30492676431424764,0.47137150466045274,0.2237017310252996,20,0,0,80,15,0
weight_0,route weight,0 km,45,525,P0,1514,1075,0.7100396301188904,439,439,1075.7425557867548,79.92322627183157,2.300021691895005,789.7662763053422,0,1,0,20,0,0,80,15,0
weight_0,route weight,0 km,45,525,P1,1514,1075,0.7100396301188904,439,439,1075.7425557867548,79.92322627183157,2.300021691895005,789.7662763053422,0,1,0,20,0,0,80,15,0
weight_0,route weight,0 km,45,525,P2,1514,1072,0.7080581241743725,442,442,1087.0069957309563,76.11406168609027,0.9567796081514033,419.46055793118467,0.41138059701492535,0.4253731343283582,0.16324626865671643,20,0,0,80,15,0
weight_0,route weight,0 km,45,525,P3-U,1514,1028,0.678996036988111,486,486,1129.538273326004,76.11291574884389,0.9999747612859755,345.3062361372805,0.3336575875486381,0.3326848249027237,0.3336575875486381,20,0,0,80,15,0
weight_0,route weight,0 km,45,525,P3-D,1514,752,0.4966974900924703,762,762,838.7699259359124,76.11291574884389,0.9999890587130349,314.6373829225533,0.3058510638297872,0.47074468085106386,0.22340425531914893,20,0,0,80,15,0
weight_0,route weight,0 km,45,526,P0,1484,1072,0.7223719676549866,412,412,1030.0503248223054,79.92322649398935,2.3000225957239637,787.562368176213,0,1,0,20,0,0,80,15,0
weight_0,route weight,0 km,45,526,P1,1484,1072,0.7223719676549866,412,412,1030.0503248223054,79.92322649398935,2.3000225957239637,787.562368176213,0,1,0,20,0,0,80,15,0
weight_0,route weight,0 km,45,526,P2,1484,1072,0.7223719676549866,412,412,1032.9315475963476,76.11406043839948,0.9567793332768705,419.4605453529559,0.41138059701492535,0.4253731343283582,0.16324626865671643,20,0,0,80,15,0
weight_0,route weight,0 km,45,526,P3-U,1484,1030,0.6940700808625337,454,454,1093.6993713955655,76.5356237755102,0.9999746251581991,345.580293343329,0.3339805825242718,0.3320388349514563,0.3339805825242718,20,0,0,80,15,0
weight_0,route weight,0 km,45,526,P3-D,1484,751,0.5060646900269542,733,733,847.2806738739746,76.32678675209704,0.9999894803283449,314.50034168966323,0.303595206391478,0.47137150466045274,0.22503328894806923,20,0,0,80,15,0
weight_0,route weight,0 km,45,527,P0,1522,1086,0.7135348226018396,436,436,982.1458379706157,79.92322649398935,2.300022595723964,797.847547932413,0,1,0,20,0,0,80,15,0
weight_0,route weight,0 km,45,527,P1,1522,1086,0.7135348226018396,436,436,982.1458379706157,79.92322649398935,2.300022595723964,797.847547932413,0,1,0,20,0,0,80,15,0
weight_0,route weight,0 km,45,527,P2,1522,1081,0.7102496714848883,441,441,998.7366838534346,76.11405907324553,0.956779032524515,420.69438672168985,0.4024051803885291,0.42183163737280294,0.1757631822386679,20,0,0,80,15,0
weight_0,route weight,0 km,45,527,P3-U,1522,1028,0.6754270696452037,494,494,1103.2561986242104,76.3212226243076,0.9997903116295018,345.30637714517695,0.3336575875486381,0.3326848249027237,0.3336575875486381,20,0,0,80,15,0
weight_0,route weight,0 km,45,527,P3-D,1522,752,0.4940867279894875,770,770,844.1968075430931,76.11405774584492,0.9999692991495365,314.63758007044356,0.3058510638297872,0.47074468085106386,0.22340425531914893,20,0,0,80,15,0
weight_0,route weight,0 km,45,528,P0,1559,1084,0.6953175112251443,475,475,1126.2350179235411,79.92322671614713,2.3000234995529225,796.3782483309674,0,1,0,20,0,0,80,15,0
weight_0,route weight,0 km,45,528,P1,1559,1084,0.6953175112251443,475,475,1126.2350179235411,79.92322671614713,2.3000234995529225,796.3782483309674,0,1,0,20,0,0,80,15,0
weight_0,route weight,0 km,45,528,P2,1559,1083,0.6946760744066709,476,476,1133.6332911319175,76.11406044422732,0.9567793345607813,420.96886961904875,0.41458910433979684,0.42105263157894735,0.16435826408125578,20,0,0,80,15,0
weight_0,route weight,0 km,45,528,P3-U,1559,1028,0.659397049390635,531,531,1247.6283028049138,76.53223925772973,0.9999291758326758,345.30641776768044,0.3336575875486381,0.3326848249027237,0.3336575875486381,20,0,0,80,15,0
weight_0,route weight,0 km,45,528,P3-D,1559,751,0.4817190506735087,808,808,974.3323354814071,76.11063304778958,0.9998957593182288,314.50051897925994,0.3062583222370173,0.47137150466045274,0.22237017310252996,20,0,0,80,15,0
weight_0,route weight,0 km,45,529,P0,1472,1080,0.7336956521739131,392,392,921.4629491198765,79.92322604967376,2.3000207880660466,793.4394977935968,0,1,0,20,0,0,80,15,0
weight_0,route weight,0 km,45,529,P1,1472,1080,0.7336956521739131,392,392,921.4629491198765,79.92322604967376,2.3000207880660466,793.4394977935968,0,1,0,20,0,0,80,15,0
weight_0,route weight,0 km,45,529,P2,1472,1078,0.7323369565217391,394,394,928.9934824517517,76.11406112389021,0.9567794842950037,420.28311425778065,0.4155844155844156,0.4230055658627087,0.1614100185528757,20,0,0,80,15,0
weight_0,route weight,0 km,45,529,P3-U,1472,1028,0.6983695652173914,444,444,1015.8368828711833,76.32091193326411,0.9997869850954683,345.30616772967164,0.3336575875486381,0.3326848249027237,0.3336575875486381,20,0,0,80,15,0
weight_0,route weight,0 km,45,529,P3-D,1472,752,0.5108695652173914,720,720,770.7033534540426,76.11405083830064,0.9999886945775103,314.6374720941795,0.3045212765957447,0.47074468085106386,0.2247340425531915,20,0,0,80,15,0
weight_0,route weight,0 km,45,530,P0,1545,1084,0.7016181229773463,461,461,1057.5917164017935,79.92322627183157,2.3000216918950054,796.3782689674871,0,1,0,20,0,0,80,15,0
weight_0,route weight,0 km,45,530,P1,1545,1084,0.7016181229773463,461,461,1057.5917164017935,79.92322627183157,2.3000216918950054,796.3782689674871,0,1,0,20,0,0,80,15,0
weight_0,route weight,0 km,45,530,P2,1545,1083,0.7009708737864078,462,462,1062.0575722994226,76.11406010628137,0.9567792601090667,420.9683542661709,0.4118190212373038,0.42105263157894735,0.16712834718374883,20,0,0,80,15,0
weight_0,route weight,0 km,45,530,P3-U,1545,1028,0.6653721682847896,517,517,1188.2296985835972,76.11405480087927,0.9998212089330254,345.3063329328755,0.3336575875486381,0.3326848249027237,0.3336575875486381,20,0,0,80,15,0
weight_0,route weight,0 km,45,530,P3-D,1545,751,0.486084142394822,794,794,948.1292512436883,76.11405480087927,0.9999302597477625,314.5002582709575,0.30758988015978694,0.47137150466045274,0.2210386151797603,20,0,0,80,15,0
weight_0,route weight,0 km,80,501,P0,2681,1103,0.4114136516225289,1578,1578,2649.1338135971764,79.92322649398935,2.3000225957239637,810.3370279116189,0,1,0,20,0,0,80,15,0
weight_0,route weight,0 km,80,501,P1,2681,1103,0.4114136516225289,1578,1578,2649.1338135971764,79.92322649398935,2.3000225957239637,810.3370279116189,0,1,0,20,0,0,80,15,0
weight_0,route weight,0 km,80,501,P2,2681,1100,0.4102946661693398,1581,1581,2664.2750218508704,76.11405985970012,0.9567792057855994,423.2991676288075,0.41363636363636364,0.41454545454545455,0.17181818181818181,20,0,0,80,15,0
weight_0,route weight,0 km,80,501,P3-U,2681,1029,0.3838120104438642,1652,1652,2788.66813982459,76.53209071145695,0.9997509776995442,345.44338288046913,0.3333333333333333,0.3323615160349854,0.33430515063168126,20,0,0,80,15,0
weight_0,route weight,0 km,80,501,P3-D,2681,752,0.2804923535994032,1929,1929,2193.6659739033053,76.11405462710663,0.9999684717675653,314.63743187498795,0.30186170212765956,0.47074468085106386,0.22739361702127658,20,0,0,80,15,0
weight_0,route weight,0 km,80,502,P0,2595,1104,0.4254335260115607,1491,1491,2730.4867447610764,79.9232273826204,2.3000262110397984,811.0716364393022,0,1,0,20,0,0,80,15,0
weight_0,route weight,0 km,80,502,P1,2595,1104,0.4254335260115607,1491,1491,2730.4867447610764,79.9232273826204,2.3000262110397984,811.0716364393022,0,1,0,20,0,0,80,15,0
weight_0,route weight,0 km,80,502,P2,2595,1101,0.42427745664739885,1494,1494,2747.186630621553,76.11405937030865,0.9567790979694578,423.43645343885987,0.4141689373297003,0.4141689373297003,0.17166212534059946,20,0,0,80,15,0
weight_0,route weight,0 km,80,502,P3-U,2595,1028,0.3961464354527938,1567,1567,2881.633488480523,76.53209036130863,0.999898312933372,345.30655899179067,0.3336575875486381,0.3326848249027237,0.3336575875486381,20,0,0,80,15,0
weight_0,route weight,0 km,80,502,P3-D,2595,752,0.28978805394990365,1843,1843,2308.125962147084,76.11291839744086,0.999970127024918,314.63773750364146,0.3045212765957447,0.47074468085106386,0.2247340425531915,20,0,0,80,15,0
weight_0,route weight,0 km,80,503,P0,2680,1103,0.4115671641791045,1577,1577,2657.3294770376647,79.92322649398935,2.300022595723964,810.3367802733811,0,1,0,20,0,0,80,15,0
weight_0,route weight,0 km,80,503,P1,2680,1103,0.4115671641791045,1577,1577,2657.3294770376647,79.92322649398935,2.300022595723964,810.3367802733811,0,1,0,20,0,0,80,15,0
weight_0,route weight,0 km,80,503,P2,2680,1100,0.41044776119402987,1580,1580,2671.614309200283,76.11406107340841,0.9567794731735281,423.2995379290422,0.41454545454545455,0.41454545454545455,0.1709090909090909,20,0,0,80,15,0
weight_0,route weight,0 km,80,503,P3-U,2680,1028,0.3835820895522388,1652,1652,2792.2129457971805,76.53208598177655,0.9998986950924468,345.306117708831,0.3336575875486381,0.3326848249027237,0.3336575875486381,20,0,0,80,15,0
weight_0,route weight,0 km,80,503,P3-D,2680,751,0.2802238805970149,1929,1929,2203.447938294673,76.11405820708173,0.9999990864689919,314.5001443605511,0.2996005326231691,0.47137150466045274,0.22902796271637815,20,0,0,80,15,0
weight_0,route weight,0 km,80,504,P0,2672,1104,0.41317365269461076,1568,1568,2564.9470831788562,79.92322649398935,2.3000225957239637,811.0716089239426,0,1,0,20,0,0,80,15,0
weight_0,route weight,0 km,80,504,P1,2672,1104,0.41317365269461076,1568,1568,2564.9470831788562,79.92322649398935,2.3000225957239637,811.0716089239426,0,1,0,20,0,0,80,15,0
weight_0,route weight,0 km,80,504,P2,2672,1101,0.4120508982035928,1571,1571,2584.735570969712,76.11406053936311,0.9567793555198217,423.43642136648333,0.4114441416893733,0.4141689373297003,0.17438692098092642,20,0,0,80,15,0
weight_0,route weight,0 km,80,504,P3-U,2672,1027,0.3843562874251497,1645,1645,2694.439800112918,76.73347333269776,0.999898027655629,345.1688848814022,0.3339824732229795,0.3330087633885102,0.3330087633885102,20,0,0,80,15,0
weight_0,route weight,0 km,80,504,P3-D,2672,752,0.281437125748503,1920,1920,2107.3667287842454,76.11405609322571,0.9999664657823156,314.6372022222931,0.30319148936170215,0.47074468085106386,0.22606382978723405,20,0,0,80,15,0
weight_0,route weight,0 km,80,505,P0,2723,1101,0.4043334557473375,1622,1622,2686.8253075796856,79.92322671614713,2.3000234995529225,808.8676801582936,0,1,0,20,0,0,80,15,0
weight_0,route weight,0 km,80,505,P1,2723,1101,0.4043334557473375,1622,1622,2686.8253075796856,79.92322671614713,2.3000234995529225,808.8676801582936,0,1,0,20,0,0,80,15,0
weight_0,route weight,0 km,80,505,P2,2723,1101,0.4043334557473375,1622,1622,2689.2214573976953,76.11405818475473,0.9567788367842224,423.4360662604619,0.407811080835604,0.4141689373297003,0.17801998183469572,20,0,0,80,15,0
weight_0,route weight,0 km,80,505,P3-U,2723,1027,0.3771575468233566,1696,1696,2807.841906588638,76.32091026585483,0.9999551310701422,345.16916504677346,0.3339824732229795,0.3330087633885102,0.3330087633885102,20,0,0,80,15,0
weight_0,route weight,0 km,80,505,P3-D,2723,752,0.27616599338964376,1971,1971,2228.496191389931,76.11405706035364,0.9999676903130408,314.63735346616113,0.3058510638297872,0.47074468085106386,0.22340425531914893,20,0,0,80,15,0
weight_0,route weight,0 km,80,506,P0,2721,1102,0.4049981624402793,1619,1619,2654.4342596011784,79.92322649398935,2.300022595723964,809.6022955648168,0,1,0,20,0,0,80,15,0
weight_0,route weight,0 km,80,506,P1,2721,1102,0.4049981624402793,1619,1619,2654.4342596011784,79.92322649398935,2.300022595723964,809.6022955648168,0,1,0,20,0,0,80,15,0
weight_0,route weight,0 km,80,506,P2,2721,1101,0.4046306504961411,1620,1620,2663.7021857992795,76.1140606121719,0.9567793715600797,423.4357932105787,0.4069028156221617,0.4141689373297003,0.17892824704813806,20,0,0,80,15,0
weight_0,route weight,0 km,80,506,P3-U,2721,1028,0.37780227857405363,1693,1693,2778.0077725293963,76.733476863905,0.9998211903935172,345.306280223979,0.3336575875486381,0.3326848249027237,0.3336575875486381,20,0,0,80,15,0
weight_0,route weight,0 km,80,506,P3-D,2721,752,0.27636898199191473,1969,1969,2150.7665123700363,76.11405579616236,0.9999678581548991,314.6373522867099,0.2992021276595745,0.47074468085106386,0.2300531914893617,20,0,0,80,15,0
weight_0,route weight,0 km,80,507,P0,2762,1103,0.39934829833454016,1659,1659,2714.414501322933,79.92322649398935,2.300022595723964,810.3369660020595,0,1,0,20,0,0,80,15,0
weight_0,route weight,0 km,80,507,P1,2762,1103,0.39934829833454016,1659,1659,2714.414501322933,79.92322649398935,2.300022595723964,810.3369660020595,0,1,0,20,0,0,80,15,0
weight_0,route weight,0 km,80,507,P2,2762,1101,0.39862418537291816,1661,1661,2729.770288221436,76.11406061217191,0.95677937156008,423.43631023474364,0.405086285195277,0.4141689373297003,0.1807447774750227,20,0,0,80,15,0
weight_0,route weight,0 km,80,507,P3-U,2762,1027,0.3718320057929037,1735,1735,2847.3703397474765,76.32091258498589,0.9998885108079663,345.1694663015265,0.3339824732229795,0.3330087633885102,0.3330087633885102,20,0,0,80,15,0
weight_0,route weight,0 km,80,507,P3-D,2762,752,0.2722664735698769,2010,2010,2224.929978740972,76.11405652630785,0.999968719229019,314.6374933852172,0.30319148936170215,0.47074468085106386,0.22606382978723405,20,0,0,80,15,0
weight_0,route weight,0 km,80,508,P0,2805,1102,0.3928698752228164,1703,1703,2902.17600153062,79.92322671614713,2.3000234995529225,809.6023781108961,0,1,0,20,0,0,80,15,0
weight_0,route weight,0 km,80,508,P1,2805,1102,0.3928698752228164,1703,1703,2902.17600153062,79.92322671614713,2.3000234995529225,809.6023781108961,0,1,0,20,0,0,80,15,0
weight_0,route weight,0 km,80,508,P2,2805,1099,0.39180035650623884,1706,1706,2922.3566366130285,76.11406037141852,0.9567793185205232,423.162046478486,0.41310282074613286,0.41492265696087355,0.17197452229299362,20,0,0,80,15,0
weight_0,route weight,0 km,80,508,P3-U,2805,1027,0.3661319073083779,1778,1778,3009.7470135489502,76.73347676146537,0.9999757423442254,345.1690089371694,0.3339824732229795,0.3330087633885102,0.3330087633885102,20,0,0,80,15,0
weight_0,route weight,0 km,80,508,P3-D,2805,752,0.26809269162210336,2053,2053,2367.614106766688,76.11406037141852,0.999968347648075,314.6374337439491,0.300531914893617,0.47074468085106386,0.22872340425531915,20,0,0,80,15,0
weight_0,route weight,0 km,80,509,P0,2656,1104,0.41566265060240964,1552,1552,2571.9072331383227,79.9232273826204,2.3000262110397984,811.0713819222244,0,1,0,20,0,0,80,15,0
weight_0,route weight,0 km,80,509,P1,2656,1104,0.41566265060240964,1552,1552,2571.9072331383227,79.9232273826204,2.3000262110397984,811.0713819222244,0,1,0,20,0,0,80,15,0
weight_0,route weight,0 km,80,509,P2,2656,1102,0.41490963855421686,1554,1554,2584.9671578748394,76.11405881393614,0.9567789753969691,423.5734758875463,0.4128856624319419,0.41379310344827586,0.1733212341197822,20,0,0,80,15,0
weight_0,route weight,0 km,80,509,P3-U,2656,1027,0.38667168674698793,1629,1629,2694.782015877819,76.73347450644144,0.9999737426875726,345.1689043734631,0.3339824732229795,0.3330087633885102,0.3330087633885102,20,0,0,80,15,0
weight_0,route weight,0 km,80,509,P3-D,2656,751,0.28275602409638556,1905,1905,2081.1326262013813,76.11405317641383,0.9998936935743203,314.49999959619277,0.2996005326231691,0.47137150466045274,0.22902796271637815,20,0,0,80,15,0
weight_0,route weight,0 km,80,510,P0,2733,1104,0.4039517014270033,1629,1629,2670.828423776235,79.92322582751595,2.300019884237088,811.0715676509027,0,1,0,20,0,0,80,15,0
weight_0,route weight,0 km,80,510,P1,2733,1104,0.4039517014270033,1629,1629,2670.828423776235,79.92322582751595,2.300019884237088,811.0715676509027,0,1,0,20,0,0,80,15,0
weight_0,route weight,0 km,80,510,P2,2733,1102,0.40321990486644715,1631,1631,2683.7108123238704,76.11405871297248,0.9567789531540181,423.57343080261853,0.41197822141560797,0.41379310344827586,0.17422867513611615,20,0,0,80,15,0
weight_0,route weight,0 km,80,510,P3-U,2733,1028,0.376143432125869,1705,1705,2810.6806255336264,76.53208656162667,0.9997514564039304,345.30631402117416,0.3336575875486381,0.3326848249027237,0.3336575875486381,20,0,0,80,15,0
weight_0,route weight,0 km,80,510,P3-D,2733,752,0.2751555067691182,1981,1981,2211.283034694568,76.11405648165382,0.9999997839418585,314.63731068641135,0.30186170212765956,0.47074468085106386,0.22739361702127658,20,0,0,80,15,0
weight_0,route weight,0 km,80,511,P0,2668,1103,0.4134182908545727,1565,1565,2604.6628053698723,79.92322627183157,2.300021691895005,810.3368077887408,0,1,0,20,0,0,80,15,0
weight_0,route weight,0 km,80,511,P1,2668,1103,0.4134182908545727,1565,1565,2604.6628053698723,79.92322627183157,2.300021691895005,810.3368077887408,0,1,0,20,0,0,80,15,0
weight_0,route weight,0 km,80,511,P2,2668,1100,0.4122938530734633,1568,1568,2612.481267818475,76.1140622929442,0.9567797418453676,423.29936915059835,0.4127272727272727,0.41454545454545455,0.17272727272727273,20,0,0,80,15,0
weight_0,route weight,0 km,80,511,P3-U,2668,1027,0.3849325337331334,1641,1641,2726.970829001943,76.53209110918552,0.9998973273910536,345.1693707058169,0.3339824732229795,0.3330087633885102,0.3330087633885102,20,0,0,80,15,0
weight_0,route weight,0 km,80,511,P3-D,2668,752,0.2818590704647676,1916,1916,2134.233886256312,76.11405543588903,0.9999687883229569,314.6374979957658,0.2978723404255319,0.47074468085106386,0.23138297872340424,20,0,0,80,15,0
weight_0,route weight,0 km,80,512,P0,2595,1104,0.4254335260115607,1491,1491,2515.936013484825,79.92322560535813,2.3000189804081295,811.0713681645443,0,1,0,20,0,0,80,15,0
weight_0,route weight,0 km,80,512,P1,2595,1104,0.4254335260115607,1491,1491,2515.936013484825,79.92322560535813,2.3000189804081295,811.0713681645443,0,1,0,20,0,0,80,15,0
weight_0,route weight,0 km,80,512,P2,2595,1102,0.42466281310211945,1493,1493,2530.897486441921,76.11405769536306,0.9567787289680808,423.57331918093763,0.4101633393829401,0.41379310344827586,0.17604355716878403,20,0,0,80,15,0
weight_0,route weight,0 km,80,512,P3-U,2595,1029,0.3965317919075145,1566,1566,2660.9392459890214,76.53209015420882,0.9998577922848123,345.44341502282987,0.3333333333333333,0.3323615160349854,0.33430515063168126,20,0,0,80,15,0
weight_0,route weight,0 km,80,512,P3-D,2595,751,0.28940269749518305,1844,1844,2052.1847300013546,76.11405643117196,0.9999986230336084,314.50010962055273,0.3009320905459387,0.47137150466045274,0.22769640479360853,20,0,0,80,15,0
weight_0,route weight,0 km,80,513,P0,2669,1104,0.4136380666916448,1565,1565,2596.7331958154477,79.92322649398935,2.300022595723964,811.071526377863,0,1,0,20,0,0,80,15,0
weight_0,route weight,0 km,80,513,P1,2669,1104,0.4136380666916448,1565,1565,2596.7331958154477,79.92322649398935,2.300022595723964,811.071526377863,0,1,0,20,0,0,80,15,0
weight_0,route weight,0 km,80,513,P2,2669,1102,0.41288872236792806,1567,1567,2612.8674375525084,76.1140603209367,0.9567793073990478,423.57332685843807,0.40834845735027225,0.41379310344827586,0.17785843920145192,20,0,0,80,15,0
weight_0,route weight,0 km,80,513,P3-U,2669,1029,0.38553765455226674,1640,1640,2738.1586394100214,76.32214956594505,0.9998953969198675,345.44361937492465,0.3333333333333333,0.3323615160349854,0.33430515063168126,20,0,0,80,15,0
weight_0,route weight,0 km,80,513,P3-D,2669,752,0.2817534657174972,1917,1917,2139.27689912227,76.11292080899172,0.9999684703383219,314.63747960899775,0.2992021276595745,0.47074468085106386,0.2300531914893617,20,0,0,80,15,0
weight_0,route weight,0 km,80,514,P0,2721,1104,0.40573318632855565,1617,1617,2658.1655012404176,79.92322649398935,2.300022595723964,811.0716226816223,0,1,0,20,0,0,80,15,0
weight_0,route weight,0 km,80,514,P1,2721,1104,0.40573318632855565,1617,1617,2658.1655012404176,79.92322649398935,2.300022595723964,811.0716226816223,0,1,0,20,0,0,80,15,0
weight_0,route weight,0 km,80,514,P2,2721,1103,0.4053656743844175,1618,1618,2665.307457437662,76.11406000531774,0.9567792378661154,423.7105132754508,0.4125113327289211,0.4134179510426111,0.17407071622846781,20,0,0,80,15,0
weight_0,route weight,0 km,80,514,P3-U,2721,1028,0.37780227857405363,1693,1693,2786.520949722273,76.53209081329378,0.9997513923915431,345.3059165678308,0.3336575875486381,0.3326848249027237,0.3336575875486381,20,0,0,80,15,0
weight_0,route weight,0 km,80,514,P3-D,2721,751,0.27600147004777653,1970,1970,2181.770850012661,76.11405282304054,0.999922697738675,314.50020761413845,0.2996005326231691,0.47137150466045274,0.22902796271637815,20,0,0,80,15,0
weight_0,route weight,0 km,80,515,P0,2654,1103,0.41559909570459685,1551,1551,2686.490714023224,79.92322604967376,2.300020788066046,810.3369453655396,0,1,0,20,0,0,80,15,0
weight_0,route weight,0 km,80,515,P1,2654,1103,0.41559909570459685,1551,1551,2686.490714023224,79.92322604967376,2.300020788066046,810.3369453655396,0,1,0,20,0,0,80,15,0
weight_0,route weight,0 km,80,515,P2,2654,1102,0.4152223059532781,1552,1552,2687.476184569919,76.11405827989056,0.9567788577432628,423.5734824226748,0.4101633393829401,0.41379310344827586,0.17604355716878403,20,0,0,80,15,0
weight_0,route weight,0 km,80,515,P3-U,2654,1029,0.3877166541070083,1625,1625,2817.441496693595,76.53208667534733,0.9998583259986101,345.44314422478567,0.3333333333333333,0.3323615160349854,0.33430515063168126,20,0,0,80,15,0
weight_0,route weight,0 km,80,515,P3-D,2654,751,0.2829691032403919,1903,1903,2186.8004404147623,76.11405716131735,0.9999993124047764,314.50010355891294,0.2982689747003995,0.47137150466045274,0.2303595206391478,20,0,0,80,15,0
weight_0,route weight,0 km,80,516,P0,2650,1104,0.41660377358490563,1546,1546,2603.815292234228,79.92322627183157,2.3000216918950054,811.0713888010644,0,1,0,20,0,0,80,15,0
weight_0,route weight,0 km,80,516,P1,2650,1104,0.41660377358490563,1546,1546,2603.815292234228,79.92322627183157,2.3000216918950054,811.0713888010644,0,1,0,20,0,0,80,15,0
weight_0,route weight,0 km,80,516,P2,2650,1101,0.41547169811320755,1549,1549,2615.3191855948053,76.11405996066375,0.9567792280285506,423.4366276429653,0.4114441416893733,0.4141689373297003,0.17438692098092642,20,0,0,80,15,0
weight_0,route weight,0 km,80,516,P3-U,2650,1027,0.38754716981132076,1623,1623,2731.008246143326,76.53208538913884,0.9999752272786221,345.16941272189814,0.3339824732229795,0.3330087633885102,0.3330087633885102,20,0,0,80,15,0
weight_0,route weight,0 km,80,516,P3-D,2650,751,0.2833962264150943,1899,1899,2112.7163052659894,76.11405652630785,0.999922498770109,314.50018971920605,0.2996005326231691,0.47137150466045274,0.22902796271637815,20,0,0,80,15,0
weight_0,route weight,0 km,80,517,P0,2628,1104,0.4200913242009132,1524,1524,2524.346998452064,79.92322604967376,2.3000207880660466,811.0716089239426,0,1,0,20,0,0,80,15,0
weight_0,route weight,0 km,80,517,P1,2628,1104,0.4200913242009132,1524,1524,2524.346998452064,79.92322604967376,2.3000207880660466,811.0716089239426,0,1,0,20,0,0,80,15,0
weight_0,route weight,0 km,80,517,P2,2628,1101,0.4189497716894977,1527,1527,2539.629355794209,76.11405937613648,0.9567790992533687,423.4363646109452,0.41326067211625794,0.4141689373297003,0.17257039055404177,20,0,0,80,15,0
weight_0,route weight,0 km,80,517,P3-U,2628,1028,0.3911719939117199,1600,1600,2661.3686495067946,76.53209004395038,0.9998990147239114,345.30634605457715,0.3336575875486381,0.3326848249027237,0.3336575875486381,20,0,0,80,15,0
weight_0,route weight,0 km,80,517,P3-D,2628,752,0.2861491628614916,1876,1876,2054.7469608799915,76.11292012332098,0.9999675675059104,314.6373628499405,0.29654255319148937,0.47074468085106386,0.2327127659574468,20,0,0,80,15,0
weight_0,route weight,0 km,80,518,P0,2684,1104,0.4113263785394933,1580,1580,2618.2636984882556,79.92322649398935,2.300022595723964,811.071547014383,0,1,0,20,0,0,80,15,0
weight_0,route weight,0 km,80,518,P1,2684,1104,0.4113263785394933,1580,1580,2618.2636984882556,79.92322649398935,2.300022595723964,811.071547014383,0,1,0,20,0,0,80,15,0
weight_0,route weight,0 km,80,518,P2,2684,1098,0.4090909090909091,1586,1586,2645.9574905762693,76.11405874112731,0.9567789593567111,423.0252193437208,0.412568306010929,0.41530054644808745,0.1721311475409836,20,0,0,80,15,0
weight_0,route weight,0 km,80,518,P3-U,2684,1028,0.3830104321907601,1656,1656,2754.7293933031083,76.7334772286674,0.9998943919442528,345.30614157687944,0.3336575875486381,0.3326848249027237,0.3336575875486381,20,0,0,80,15,0
weight_0,route weight,0 km,80,518,P3-D,2684,752,0.28017883755588674,1932,1932,2150.036631967944,76.11405309777706,0.9999681688431823,314.6374499344971,0.300531914893617,0.47074468085106386,0.22872340425531915,20,0,0,80,15,0
weight_0,route weight,0 km,80,519,P0,2586,1099,0.42498066511987626,1487,1487,2392.0003885103724,79.92322716046266,2.300025307210839,807.398359920328,0,1,0,20,0,0,80,15,0
weight_0,route weight,0 km,80,519,P1,2586,1099,0.42498066511987626,1487,1487,2392.0003885103724,79.92322716046266,2.300025307210839,807.398359920328,0,1,0,20,0,0,80,15,0
weight_0,route weight,0 km,80,519,P2,2586,1097,0.4242072699149265,1489,1489,2403.884989625091,76.11406053936311,0.9567793555198217,422.8878980691679,0.41020966271649956,0.41567912488605285,0.1741112123974476,20,0,0,80,15,0
weight_0,route weight,0 km,80,519,P3-U,2586,1028,0.39752513534416084,1558,1558,2514.3841022931224,76.32090691946948,0.9999740502305678,345.306272655629,0.3336575875486381,0.3326848249027237,0.3336575875486381,20,0,0,80,15,0
weight_0,route weight,0 km,80,519,P3-D,2586,752,0.2907965970610982,1834,1834,1933.4725583292338,76.11405516115266,0.9999888203177412,314.63734183263,0.3045212765957447,0.47074468085106386,0.2247340425531915,20,0,0,80,15,0
weight_0,route weight,0 km,80,520,P0,2641,1104,0.41802347595607725,1537,1537,2690.473785027957,79.9232273826204,2.3000262110397984,811.0715814085828,0,1,0,20,0,0,80,15,0
weight_0,route weight,0 km,80,520,P1,2641,1104,0.41802347595607725,1537,1537,2690.473785027957,79.9232273826204,2.3000262110397984,811.0715814085828,0,1,0,20,0,0,80,15,0
weight_0,route weight,0 km,80,520,P2,2641,1103,0.41764483150321846,1538,1538,2699.2389386722284,76.11405949942713,0.9567791264151023,423.7107110388852,0.4125113327289211,0.4134179510426111,0.17407071622846781,20,0,0,80,15,0
weight_0,route weight,0 km,80,520,P3-U,2641,1029,0.3896251419916698,1612,1612,2826.5531382922204,76.7334779849161,0.9999639291220147,345.443276484881,0.3333333333333333,0.3323615160349854,0.33430515063168126,20,0,0,80,15,0
weight_0,route weight,0 km,80,520,P3-D,2641,751,0.284361984096933,1890,1890,2218.027082573584,76.11405886441797,0.9999231375267578,314.5002672554066,0.303595206391478,0.47137150466045274,0.22503328894806923,20,0,0,80,15,0
weight_0,route weight,0 km,80,521,P0,2703,1104,0.40843507214206437,1599,1599,2606.600600788933,79.92322627183157,2.3000216918950054,811.0716639546621,0,1,0,20,0,0,80,15,0
weight_0,route weight,0 km,80,521,P1,2703,1104,0.40843507214206437,1599,1599,2606.600600788933,79.92322627183157,2.3000216918950054,811.0716639546621,0,1,0,20,0,0,80,15,0
weight_0,route weight,0 km,80,521,P2,2703,1102,0.40769515353311137,1601,1601,2621.599022467148,76.11405881393614,0.9567789753969691,423.5733592191,0.4092558983666062,0.41379310344827586,0.17695099818511797,20,0,0,80,15,0
weight_0,route weight,0 km,80,521,P3-U,2703,1027,0.3799482056973733,1676,1676,2743.328561884526,76.32307262483644,0.9998951384497876,345.16929000826434,0.3339824732229795,0.3330087633885102,0.3330087633885102,20,0,0,80,15,0
weight_0,route weight,0 km,80,521,P3-D,2703,752,0.2782093969663337,1951,1951,2154.42290491732,76.11405521163454,0.9999679920356969,314.6374171005391,0.2992021276595745,0.47074468085106386,0.2300531914893617,20,0,0,80,15,0
weight_0,route weight,0 km,80,522,P0,2712,1104,0.40707964601769914,1608,1608,2734.0949399763767,79.92322649398935,2.300022595723964,811.0715814085827,0,1,0,20,0,0,80,15,0
weight_0,route weight,0 km,80,522,P1,2712,1104,0.40707964601769914,1608,1608,2734.0949399763767,79.92322649398935,2.300022595723964,811.0715814085827,0,1,0,20,0,0,80,15,0
weight_0,route weight,0 km,80,522,P2,2712,1102,0.40634218289085544,1610,1610,2749.0107428390884,76.11405779632675,0.9567787512110321,423.57325423961095,0.4101633393829401,0.41379310344827586,0.17604355716878403,20,0,0,80,15,0
weight_0,route weight,0 km,80,522,P3-U,2712,1028,0.37905604719764013,1684,1684,2865.2446158254843,76.5320922324107,0.9997877973693378,345.3060791034129,0.3336575875486381,0.3326848249027237,0.3336575875486381,20,0,0,80,15,0
weight_0,route weight,0 km,80,522,P3-D,2712,752,0.27728613569321536,1960,1960,2246.4603971918486,76.11405528444342,0.9999677141432145,314.6373762082901,0.2992021276595745,0.47074468085106386,0.2300531914893617,20,0,0,80,15,0
weight_0,route weight,0 km,80,523,P0,2661,1103,0.41450582487786547,1558,1558,2640.0797963722075,79.9232269383049,2.300024403381881,810.33689033482,0,1,0,20,0,0,80,15,0
weight_0,route weight,0 km,80,523,P1,2661,1103,0.41450582487786547,1558,1558,2640.0797963722075,79.9232269383049,2.300024403381881,810.33689033482,0,1,0,20,0,0,80,15,0
weight_0,route weight,0 km,80,523,P2,2661,1102,0.4141300263059,1559,1559,2649.7673842434724,76.11405874112731,0.9567789593567112,423.5734076611593,0.411070780399274,0.41379310344827586,0.1751361161524501,20,0,0,80,15,0
weight_0,route weight,0 km,80,523,P3-U,2661,1027,0.38594513340849307,1634,1634,2766.447351117063,76.733476239112,0.9998947436217663,345.16917666176505,0.3339824732229795,0.3330087633885102,0.3330087633885102,20,0,0,80,15,0
weight_0,route weight,0 km,80,523,P3-D,2661,751,0.28222472754603534,1910,1910,2150.1433455860843,76.11405874112731,0.9999988044129923,314.5000890746438,0.3009320905459387,0.47137150466045274,0.22769640479360853,20,0,0,80,15,0
weight_0,route weight,0 km,80,524,P0,2669,1103,0.41326339452978644,1566,1566,2789.71541763072,79.92322649398935,2.3000225957239637,810.33689033482,0,1,0,20,0,0,80,15,0
weight_0,route weight,0 km,80,524,P1,2669,1103,0.41326339452978644,1566,1566,2789.71541763072,79.92322649398935,2.3000225957239637,810.33689033482,0,1,0,20,0,0,80,15,0
weight_0,route weight,0 km,80,524,P2,2669,1102,0.41288872236792806,1567,1567,2799.235674075414,76.11405993250892,0.9567792218258574,423.5734740556644,0.40381125226860254,0.41379310344827586,0.1823956442831216,20,0,0,80,15,0
weight_0,route weight,0 km,80,524,P3-U,2669,1029,0.38553765455226674,1640,1640,2922.8153237358965,76.53209053194442,0.999896690366372,345.44349412325386,0.3333333333333333,0.3323615160349854,0.33430515063168126,20,0,0,80,15,0
weight_0,route weight,0 km,80,524,P3-D,2669,752,0.2817534657174972,1917,1917,2302.159123148287,76.1129174523922,0.999966698181655,314.6372050359519,0.2992021276595745,0.47074468085106386,0.2300531914893617,20,0,0,80,15,0
weight_0,route weight,0 km,80,525,P0,2621,1103,0.4208317436093094,1518,1518,2710.1496844453163,79.92322716046266,2.3000253072108396,810.3370072750992,0,1,0,20,0,0,80,15,0
weight_0,route weight,0 km,80,525,P1,2621,1103,0.4208317436093094,1518,1518,2710.1496844453163,79.92322716046266,2.3000253072108396,810.3370072750992,0,1,0,20,0,0,80,15,0
weight_0,route weight,0 km,80,525,P2,2621,1101,0.4200686760778329,1520,1520,2720.4521141913337,76.11405866249063,0.9567789420325422,423.4363808200328,0.410535876475931,0.4141689373297003,0.17529518619436876,20,0,0,80,15,0
weight_0,route weight,0 km,80,525,P3-U,2621,1027,0.39183517741320106,1594,1594,2841.0687385096744,76.53208821313143,0.9998968054292245,345.1689832907707,0.3339824732229795,0.3330087633885102,0.3330087633885102,20,0,0,80,15,0
weight_0,route weight,0 km,80,525,P3-D,2621,752,0.2869133918351774,1869,1869,2251.7752964097203,76.11405482903415,0.9999682721964731,314.63741702846784,0.30319148936170215,0.47074468085106386,0.22606382978723405,20,0,0,80,15,0
weight_0,route weight,0 km,80,526,P0,2671,1104,0.4133283414451516,1567,1567,2721.178737040106,79.92322649398936,2.300022595723964,811.0717533795812,0,1,0,20,0,0,80,15,0
weight_0,route weight,0 km,80,526,P1,2671,1104,0.4133283414451516,1567,1567,2721.178737040106,79.92322649398936,2.300022595723964,811.0717533795812,0,1,0,20,0,0,80,15,0
weight_0,route weight,0 km,80,526,P2,2671,1102,0.41257955821789594,1569,1569,2737.655227881635,76.11406044422732,0.9567793345607813,423.5730915969654,0.4101633393829401,0.41379310344827586,0.17604355716878403,20,0,0,80,15,0
weight_0,route weight,0 km,80,526,P3-U,2671,1029,0.3852489704230625,1642,1642,2868.3728367898007,76.32214752151536,0.9998935145760752,345.4433091728018,0.3333333333333333,0.3323615160349854,0.33430515063168126,20,0,0,80,15,0
weight_0,route weight,0 km,80,526,P3-D,2671,751,0.2811681018345189,1920,1920,2246.56109901385,76.11405635253526,0.9998943548804883,314.500173619269,0.2956058588548602,0.47137150466045274,0.23302263648468707,20,0,0,80,15,0
weight_0,route weight,0 km,80,527,P0,2693,1102,0.409209060527293,1591,1591,2686.7372220583393,79.92322671614713,2.3000234995529225,809.6022336552574,0,1,0,20,0,0,80,15,0
weight_0,route weight,0 km,80,527,P1,2693,1102,0.409209060527293,1591,1591,2686.7372220583393,79.92322671614713,2.3000234995529225,809.6022336552574,0,1,0,20,0,0,80,15,0
weight_0,route weight,0 km,80,527,P2,2693,1099,0.40809506126995915,1594,1594,2692.1705489299525,76.11405893722679,0.9567790025587029,423.1622548255849,0.41310282074613286,0.41492265696087355,0.17197452229299362,20,0,0,80,15,0
weight_0,route weight,0 km,80,527,P3-U,2693,1027,0.3813590790939473,1666,1666,2813.605811686342,76.5320891663775,0.9996832131570725,345.16903360179117,0.3339824732229795,0.3330087633885102,0.3330087633885102,20,0,0,80,15,0
weight_0,route weight,0 km,80,527,P3-D,2693,752,0.279242480505013,1941,1941,2227.9341646963744,76.11405798282736,0.9999676502373824,314.63732094092245,0.30186170212765956,0.47074468085106386,0.22739361702127658,20,0,0,80,15,0
weight_0,route weight,0 km,80,528,P0,2647,1103,0.4166981488477522,1544,1544,2690.347436608713,79.9232273826204,2.300026211039799,810.3370485481389,0,1,0,20,0,0,80,15,0
weight_0,route weight,0 km,80,528,P1,2647,1103,0.4166981488477522,1544,1544,2690.347436608713,79.9232273826204,2.300026211039799,810.3370485481389,0,1,0,20,0,0,80,15,0
weight_0,route weight,0 km,80,528,P2,2647,1102,0.4163203626747261,1545,1545,2699.6796290033326,76.11405876345431,0.9567789642754935,423.57315849786414,0.41197822141560797,0.41379310344827586,0.17422867513611615,20,0,0,80,15,0
weight_0,route weight,0 km,80,528,P3-U,2647,1027,0.38798639969777104,1620,1620,2823.837430361931,76.53208722183754,0.99985639224226,345.16884703756546,0.3339824732229795,0.3330087633885102,0.3330087633885102,20,0,0,80,15,0
weight_0,route weight,0 km,80,528,P3-D,2647,751,0.2837174159425765,1896,1896,2242.330073272536,76.11291727857403,0.9999990679204631,314.5001118723917,0.2982689747003995,0.47137150466045274,0.2303595206391478,20,0,0,80,15,0
weight_0,route weight,0 km,80,529,P0,2705,1104,0.4081330868761553,1601,1601,2620.47653660094,79.92322627183157,2.3000216918950054,811.0715814085827,0,1,0,20,0,0,80,15,0
weight_0,route weight,0 km,80,529,P1,2705,1104,0.4081330868761553,1601,1601,2620.47653660094,79.92322627183157,2.3000216918950054,811.0715814085827,0,1,0,20,0,0,80,15,0
weight_0,route weight,0 km,80,529,P2,2705,1101,0.4070240295748614,1604,1604,2633.9703310968766,76.11405927517283,0.9567790770104174,423.4363023205951,0.410535876475931,0.4141689373297003,0.17529518619436876,20,0,0,80,15,0
weight_0,route weight,0 km,80,529,P3-U,2705,1028,0.3800369685767098,1677,1677,2762.240083452216,76.3221479842726,0.9998958865854174,345.30647297753467,0.3336575875486381,0.3326848249027237,0.3336575875486381,20,0,0,80,15,0
weight_0,route weight,0 km,80,529,P3-D,2705,752,0.27800369685767096,1953,1953,2142.034372591515,76.11405419402429,0.9999684016162625,314.63746220400657,0.300531914893617,0.47074468085106386,0.22872340425531915,20,0,0,80,15,0
weight_0,route weight,0 km,80,530,P0,2691,1103,0.409884801189149,1588,1588,2557.068108024061,79.92322582751596,2.300019884237088,810.3367114849816,0,1,0,20,0,0,80,15,0
weight_0,route weight,0 km,80,530,P1,2691,1103,0.409884801189149,1588,1588,2557.068108024061,79.92322582751596,2.300019884237088,810.3367114849816,0,1,0,20,0,0,80,15,0
weight_0,route weight,0 km,80,530,P2,2691,1102,0.40951319212188775,1589,1589,2566.783957466092,76.11405728460805,0.9567786384761082,423.5732045810213,0.4128856624319419,0.41379310344827586,0.1733212341197822,20,0,0,80,15,0
weight_0,route weight,0 km,80,530,P3-U,2691,1029,0.38238573021181715,1662,1662,2702.6863937889084,76.3209082085734,0.999896284647437,345.4432561385409,0.3333333333333333,0.3323615160349854,0.33430515063168126,20,0,0,80,15,0
weight_0,route weight,0 km,80,530,P3-D,2691,752,0.2794500185804534,1939,1939,2102.2457451670575,76.11405078781871,0.9999676829481549,314.63735039920925,0.30319148936170215,0.47074468085106386,0.22606382978723405,20,0,0,80,15,0
weight_0_70,route weight,0.70 km,45,501,P0,1547,1092,0.7058823529411765,455,455,1119.6746476384355,79.92322604967377,2.300020788066046,802.2555499193496,0,1,0,20,0,0,80,15,0.7
weight_0_70,route weight,0.70 km,45,501,P1,1547,1062,0.6864899806076277,485,485,1199.3531207973365,79.42372966262707,2.050130549318642,145.5979823937223,0.7862523540489642,0,0.2137476459510358,20,0,0,80,15,0.7
weight_0_70,route weight,0.70 km,45,501,P2,1547,1092,0.7058823529411765,455,455,1123.7081764433756,76.11405929749984,0.9567790819291998,422.2022699581162,0.40476190476190477,0.4175824175824176,0.17765567765567766,20,0,0,80,15,0.7
weight_0_70,route weight,0.70 km,45,501,P3-U,1547,1028,0.6645119586296057,519,519,1289.195683573057,76.11405633020824,0.9999738092181782,345.30600414422315,0.3336575875486381,0.3326848249027237,0.3336575875486381,20,0,0,80,15,0.7
weight_0_70,route weight,0.70 km,45,501,P3-D,1547,751,0.4854557207498384,796,796,1030.378768648805,76.11405633020824,0.9998596138052511,314.50020830364844,0.3022636484687084,0.47137150466045274,0.22636484687083888,20,0,0,80,15,0.7
weight_0_70,route weight,0.70 km,45,502,P0,1485,1088,0.7326599326599327,397,397,960.1162571760914,79.92322582751595,2.300019884237088,799.3168062608191,0,1,0,20,0,0,80,15,0.7
weight_0_70,route weight,0.70 km,45,502,P1,1485,1060,0.7138047138047138,425,425,1039.0841461137486,79.31657734299958,2.000170450444503,145.32385788744494,0.8169811320754717,0,0.1830188679245283,20,0,0,80,15,0.7
weight_0_70,route weight,0.70 km,45,502,P2,1485,1087,0.731986531986532,398,398,970.8125954620551,76.1140604160725,0.9567793283580881,421.5171187776408,0.41674333026678934,0.41950321987120515,0.16375344986200552,20,0,0,80,15,0.7
weight_0_70,route weight,0.70 km,45,502,P3-U,1485,1027,0.6915824915824916,458,458,1104.8263493470483,76.5320890097644,0.9999318399334743,345.1694221777488,0.3339824732229795,0.3330087633885102,0.3330087633885102,20,0,0,80,15,0.7
weight_0_70,route weight,0.70 km,45,502,P3-D,1485,752,0.5063973063973064,733,733,887.9531195457428,76.11405586897123,0.9999685424804177,314.6375240764868,0.3071808510638298,0.47074468085106386,0.2220744680851064,20,0,0,80,15,0.7
weight_0_70,route weight,0.70 km,45,503,P0,1516,1097,0.7236147757255936,419,419,1070.7535533209925,79.92322671614713,2.3000234995529225,805.9291084707619,0,1,0,20,0,0,80,15,0.7
weight_0_70,route weight,0.70 km,45,503,P1,1516,1067,0.7038258575197889,449,449,1158.9192538044313,79.52837857017381,2.1001314531470623,146.28318521279368,0.8134957825679475,0,0.18650421743205248,20,0,0,80,15,0.7
weight_0_70,route weight,0.70 km,45,503,P2,1516,1095,0.7222955145118733,421,421,1072.8239128716777,76.1140610229266,0.9567794620520524,422.6138457659349,0.41187214611872147,0.41643835616438357,0.17168949771689498,20,0,0,80,15,0.7
weight_0_70,route weight,0.70 km,45,503,P3-U,1516,1028,0.6781002638522428,488,488,1263.2286080179708,76.53209049828658,0.9998972469448791,345.3063994179915,0.3336575875486381,0.3326848249027237,0.3336575875486381,20,0,0,80,15,0.7
weight_0_70,route weight,0.70 km,45,503,P3-D,1516,752,0.49604221635883905,764,764,997.4352969351411,76.11177284429677,0.999967481827924,314.6373234108699,0.30319148936170215,0.47074468085106386,0.22606382978723405,20,0,0,80,15,0.7
weight_0_70,route weight,0.70 km,45,504,P0,1522,1096,0.7201051248357424,426,426,1057.750479511096,79.92322604967376,2.300020788066046,805.1941972741209,0,1,0,20,0,0,80,15,0.7
weight_0_70,route weight,0.70 km,45,504,P1,1522,1065,0.6997371879106439,457,457,1151.0884008367207,79.20671111574005,1.9501995056293082,146.00925157257117,0.8131455399061033,0,0.18685446009389672,20,0,0,80,15,0.7
weight_0_70,route weight,0.70 km,45,504,P2,1522,1093,0.7181340341655716,429,429,1073.06554832966,76.11406036559069,0.9567793172366126,422.3396908214886,0.41537053979871913,0.4172003659652333,0.16742909423604757,20,0,0,80,15,0.7
weight_0_70,route weight,0.70 km,45,504,P3-U,1522,1029,0.676084099868594,493,493,1241.8293042616103,76.73347991028153,0.999819833951867,345.44341994418505,0.33430515063168126,0.3323615160349854,0.3333333333333333,20,0,0,80,15,0.7
weight_0_70,route weight,0.70 km,45,504,P3-D,1522,751,0.49342969776609724,771,771,971.8105225986844,76.11178131376509,0.9998601101177581,314.50025607473736,0.3009320905459387,0.47137150466045274,0.22769640479360853,20,0,0,80,15,0.7
weight_0_70,route weight,0.70 km,45,505,P0,1562,1094,0.7003841229193342,468,468,1156.3208221889506,79.92322649398935,2.3000225957239637,803.7251453109131,0,1,0,20,0,0,80,15,0.7
weight_0_70,route weight,0.70 km,45,505,P1,1562,1063,0.6805377720870679,499,499,1256.808489098638,79.52837784026667,2.100128741661799,145.73478871283294,0.7968015051740357,0,0.20319849482596425,20,0,0,80,15,0.7
weight_0_70,route weight,0.70 km,45,505,P2,1562,1092,0.6991037131882202,470,470,1169.5406297280144,76.11406150649005,0.9567795685842833,422.2026284048168,0.41025641025641024,0.4175824175824176,0.17216117216117216,20,0,0,80,15,0.7
weight_0_70,route weight,0.70 km,45,505,P3-U,1562,1028,0.6581306017925737,534,534,1321.8771040533172,76.32492611091816,0.9999998516815981,345.3061941211992,0.3336575875486381,0.3326848249027237,0.3336575875486381,20,0,0,80,15,0.7
weight_0_70,route weight,0.70 km,45,505,P3-D,1562,752,0.4814340588988476,810,810,1051.9122320189642,76.3267814948477,0.999968308446454,314.6374680660775,0.30319148936170215,0.47074468085106386,0.22606382978723405,20,0,0,80,15,0.7
weight_0_70,route weight,0.70 km,45,506,P0,1521,1096,0.7205785667324129,425,425,1069.7743432604575,79.92322671614713,2.3000234995529225,805.1942729413603,0,1,0,20,0,0,80,15,0.7
weight_0_70,route weight,0.70 km,45,506,P1,1521,1064,0.6995397764628534,457,457,1175.1602292005894,79.42372966262707,2.0501305493186424,145.87208954854017,0.7885338345864662,0,0.21146616541353383,20,0,0,80,15,0.7
weight_0_70,route weight,0.70 km,45,506,P2,1521,1092,0.717948717948718,429,429,1087.5828812550676,76.1140583303724,0.9567788688647384,422.2024318762596,0.4075091575091575,0.4175824175824176,0.1749084249084249,20,0,0,80,15,0.7
weight_0_70,route weight,0.70 km,45,506,P3-U,1521,1027,0.6752136752136753,494,494,1251.686110645226,76.53209021254746,0.9998201030314335,345.16913297439675,0.3339824732229795,0.3330087633885102,0.3330087633885102,20,0,0,80,15,0.7
weight_0_70,route weight,0.70 km,45,506,P3-D,1521,752,0.49441157133464825,769,769,961.9864964945099,76.11405244043993,0.9999883848414997,314.6372579425227,0.2978723404255319,0.47074468085106386,0.23138297872340424,20,0,0,80,15,0.7
weight_0_70,route weight,0.70 km,45,507,P0,1491,1068,0.716297786720322,423,423,930.4500397906297,79.92322627183157,2.3000216918950054,784.6236520330423,0,1,0,20,0,0,80,15,0.7
weight_0_70,route weight,0.70 km,45,507,P1,1491,1046,0.7015425888665325,445,445,975.6811783760113,79.31665388778404,2.0001967941440446,143.40427493366238,0.7925430210325047,0,0.2074569789674952,20,0,0,80,15,0.7
weight_0_70,route weight,0.70 km,45,507,P2,1491,1067,0.715627095908786,424,424,937.1425997316711,76.11405858968182,0.9567789259922842,418.77473105846906,0.4095595126522962,0.42736644798500467,0.16307403936269915,20,0,0,80,15,0.7
weight_0_70,route weight,0.70 km,45,507,P3-U,1491,1029,0.6901408450704225,462,462,973.9074363518405,76.535167928303,0.9999742631285276,345.44341250143816,0.33430515063168126,0.3323615160349854,0.3333333333333333,20,0,0,80,15,0.7
weight_0_70,route weight,0.70 km,45,507,P3-D,1491,752,0.5043594902749833,739,739,749.8942088148957,76.32615091669419,0.9999883910645612,314.6373761362188,0.3045212765957447,0.47074468085106386,0.2247340425531915,20,0,0,80,15,0.7
weight_0_70,route weight,0.70 km,45,508,P0,1526,1097,0.718872870249017,429,429,1037.06705188035,79.92322649398935,2.300022595723964,805.928970893963,0,1,0,20,0,0,80,15,0.7
weight_0_70,route weight,0.70 km,45,508,P1,1526,1062,0.6959370904325033,464,464,1161.5401545508353,79.52830323451926,2.100096071163308,145.5978522577758,0.7947269303201506,0,0.20527306967984935,20,0,0,80,15,0.7
weight_0_70,route weight,0.70 km,45,508,P2,1526,1092,0.7155963302752294,434,434,1062.654681087843,76.11405939846348,0.9567791041721511,422.2025534270873,0.4139194139194139,0.4175824175824176,0.1684981684981685,20,0,0,80,15,0.7
weight_0_70,route weight,0.70 km,45,508,P3-U,1526,1029,0.6743119266055045,497,497,1239.1608905027147,76.11063192833382,0.9998217551883796,345.4432792595659,0.33430515063168126,0.3323615160349854,0.3333333333333333,20,0,0,80,15,0.7
weight_0_70,route weight,0.70 km,45,508,P3-D,1526,752,0.4927916120576671,774,774,984.2326710461422,76.11063192833382,0.9999667667423686,314.63726919526323,0.30186170212765956,0.47074468085106386,0.22739361702127658,20,0,0,80,15,0.7
weight_0_70,route weight,0.70 km,45,509,P0,1549,1079,0.6965784377017431,470,470,1024.5505069490932,79.92322671614713,2.3000234995529225,792.7050474792322,0,1,0,20,0,0,80,15,0.7
weight_0_70,route weight,0.70 km,45,509,P1,1549,1055,0.6810845706907682,494,494,1076.392447139444,79.31665439869917,2.0001986018008866,144.63809114593874,0.7962085308056872,0,0.2037914691943128,20,0,0,80,15,0.7
weight_0_70,route weight,0.70 km,45,509,P2,1549,1079,0.6965784377017431,470,470,1027.1173926427605,76.11406637880285,0.9567806419877305,420.42014560049773,0.4151992585727525,0.422613531047266,0.16218721037998146,20,0,0,80,15,0.7
weight_0_70,route weight,0.70 km,45,509,P3-U,1549,1010,0.6520335700451905,539,539,1207.0784053649888,76.92727684508753,0.9999291670605553,342.8380960373502,0.33762376237623765,0.33861386138613864,0.3237623762376238,20,0,0,80,15,0.7
weight_0_70,route weight,0.70 km,45,509,P3-D,1549,752,0.4854744996772111,797,797,890.4530958683055,76.10949467930864,0.9999677481069718,314.6373840503673,0.3151595744680851,0.47074468085106386,0.21409574468085107,20,0,0,80,15,0.7
weight_0_70,route weight,0.70 km,45,510,P0,1539,1080,0.7017543859649122,459,459,1000.9821949079724,79.92322604967376,2.300020788066046,793.4394496417173,0,1,0,20,0,0,80,15,0.7
weight_0_70,route weight,0.70 km,45,510,P1,1539,1053,0.6842105263157895,486,486,1064.2554830418296,79.42372966262707,2.0501305493186415,144.3641922086353,0.8176638176638177,0,0.18233618233618235,20,0,0,80,15,0.7
weight_0_70,route weight,0.70 km,45,510,P2,1539,1077,0.6998050682261209,462,462,1015.4079697435966,76.11405934798165,0.9567790930506754,420.14617891010334,0.415041782729805,0.4233983286908078,0.1615598885793872,20,0,0,80,15,0.7
weight_0_70,route weight,0.70 km,45,510,P3-U,1539,1029,0.6686159844054581,510,510,1105.0342819824805,76.11177384010294,0.9998213260912812,345.44352481452336,0.33430515063168126,0.3323615160349854,0.3333333333333333,20,0,0,80,15,0.7
weight_0_70,route weight,0.70 km,45,510,P3-D,1539,752,0.48862897985705,787,787,873.6374923620716,76.11177384010294,0.9999683255630045,314.637436466997,0.31117021276595747,0.47074468085106386,0.21808510638297873,20,0,0,80,15,0.7
weight_0_70,route weight,0.70 km,45,511,P0,1565,1100,0.7028753993610224,465,465,1167.845414976473,79.92322627183157,2.300021691895005,808.1329615691712,0,1,0,20,0,0,80,15,0.7
weight_0_70,route weight,0.70 km,45,511,P1,1565,1064,0.6798722044728435,501,501,1284.6825450737917,79.31657606568898,2.000165931302396,145.87205484562108,0.8139097744360902,0,0.18609022556390978,20,0,0,80,15,0.7
weight_0_70,route weight,0.70 km,45,511,P2,1565,1099,0.7022364217252396,466,466,1178.2897465195863,76.1140583303724,0.9567788688647384,423.16182348841704,0.4121929026387625,0.41492265696087355,0.17288444040036396,20,0,0,80,15,0.7
weight_0_70,route weight,0.70 km,45,511,P3-U,1565,1027,0.6562300319488817,538,538,1370.211138588845,76.32091048904888,0.9999749337054701,345.16951322042337,0.3339824732229795,0.3330087633885102,0.3330087633885102,20,0,0,80,15,0.7
weight_0_70,route weight,0.70 km,45,511,P3-D,1565,752,0.4805111821086262,813,813,1077.255952661363,76.11291321396705,0.9999897713470043,314.6375320812462,0.2978723404255319,0.47074468085106386,0.23138297872340424,20,0,0,80,15,0.7
weight_0_70,route weight,0.70 km,45,512,P0,1528,1093,0.7153141361256544,435,435,1069.4496467080182,79.92322649398935,2.3000225957239637,802.9901515681931,0,1,0,20,0,0,80,15,0.7
weight_0_70,route weight,0.70 km,45,512,P1,1528,1059,0.6930628272251309,469,469,1188.0592714383467,79.52830299121267,2.1000951673348878,145.18678262071163,0.8234183191690274,0,0.17658168083097261,20,0,0,80,15,0.7
weight_0_70,route weight,0.70 km,45,512,P2,1528,1089,0.712696335078534,439,439,1089.0265776326748,76.1140598820271,0.9567792107043818,421.79147582234305,0.4150596877869605,0.418732782369146,0.16620752984389348,20,0,0,80,15,0.7
weight_0_70,route weight,0.70 km,45,512,P3-U,1528,1028,0.6727748691099477,500,500,1251.2764979007613,76.32307873018104,0.9999314840902954,345.30664135664813,0.3336575875486381,0.3326848249027237,0.3336575875486381,20,0,0,80,15,0.7
weight_0_70,route weight,0.70 km,45,512,P3-D,1528,751,0.49149214659685864,777,777,1006.5943613119732,76.1117765622435,0.9998609312778315,314.50040871616477,0.303595206391478,0.47137150466045274,0.22503328894806923,20,0,0,80,15,0.7
weight_0_70,route weight,0.70 km,45,513,P0,1472,1065,0.7235054347826086,407,407,1027.25676063006,79.92322627183157,2.3000216918950054,782.4195925694345,0,1,0,20,0,0,80,15,0.7
weight_0_70,route weight,0.70 km,45,513,P1,1472,1038,0.7051630434782609,434,434,1078.2234914385717,79.42380633582145,2.0501641236455534,142.30756001530867,0.7861271676300579,0,0.2138728323699422,20,0,0,80,15,0.7
weight_0_70,route weight,0.70 km,45,513,P2,1472,1064,0.7228260869565217,408,408,1030.0178737907984,76.11405929749984,0.9567790819291998,418.3636351575675,0.40883458646616544,0.42857142857142855,0.162593984962406,20,0,0,80,15,0.7
weight_0_70,route weight,0.70 km,45,513,P3-U,1472,1011,0.6868206521739131,461,461,1133.9292858344486,76.73431737788238,0.999999749634231,342.97533871995995,0.33827893175074186,0.33827893175074186,0.32344213649851633,20,0,0,80,15,0.7
weight_0_70,route weight,0.70 km,45,513,P3-D,1472,752,0.5108695652173914,720,720,817.0968537994969,76.10949228820506,0.9999668615366817,314.6371979739956,0.3045212765957447,0.47074468085106386,0.2247340425531915,20,0,0,80,15,0.7
weight_0_70,route weight,0.70 km,45,514,P0,1510,1085,0.7185430463576159,425,425,1014.7722176125548,79.92322671614713,2.3000234995529225,797.1129737989297,0,1,0,20,0,0,80,15,0.7
weight_0_70,route weight,0.70 km,45,514,P1,1510,1053,0.6973509933774834,457,457,1106.0003205534229,79.52830445105201,2.1001005903054146,144.3640100183102,0.8157644824311491,0,0.1842355175688509,20,0,0,80,15,0.7
weight_0_70,route weight,0.70 km,45,514,P2,1510,1082,0.7165562913907285,428,428,1035.3454563049963,76.11406051703612,0.9567793506010394,420.83138686465657,0.4121996303142329,0.4214417744916821,0.16635859519408502,20,0,0,80,15,0.7
weight_0_70,route weight,0.70 km,45,514,P3-U,1510,1030,0.6821192052980133,480,480,1160.0773517335078,76.10835303533504,0.9999738345216602,345.5805058812122,0.3339805825242718,0.3320388349514563,0.3339805825242718,20,0,0,80,15,0.7
weight_0_70,route weight,0.70 km,45,514,P3-D,1510,751,0.49735099337748345,759,759,956.144530891506,76.10835303533504,0.9999285892962412,314.5002485063875,0.31025299600532624,0.47137150466045274,0.21837549933422104,20,0,0,80,15,0.7
weight_0_70,route weight,0.70 km,45,515,P0,1546,1095,0.7082794307891332,451,451,1094.893728183131,79.92322671614714,2.3000234995529225,804.4595268368782,0,1,0,20,0,0,80,15,0.7
weight_0_70,route weight,0.70 km,45,515,P1,1546,1061,0.6862871927554981,485,485,1200.1505282416706,79.52837686705695,2.1001251263481135,145.4608637483402,0.8162111215834119,0,0.18378887841658811,20,0,0,80,15,0.7
weight_0_70,route weight,0.70 km,45,515,P2,1546,1091,0.7056921086675291,455,455,1118.8469281422526,76.11406029278187,0.9567793011963543,422.06546580023365,0.4161319890009166,0.41796516956920254,0.16590284142988085,20,0,0,80,15,0.7
weight_0_70,route weight,0.70 km,45,515,P3-U,1546,1028,0.6649417852522639,518,518,1273.1107896650062,76.5320889912044,0.9999748095097096,345.3062570104484,0.3336575875486381,0.3326848249027237,0.3336575875486381,20,0,0,80,15,0.7
weight_0_70,route weight,0.70 km,45,515,P3-D,1546,751,0.4857697283311772,795,795,977.6089797718838,76.11405127138329,0.9999648641878437,314.5002122967583,0.2982689747003995,0.47137150466045274,0.2303595206391478,20,0,0,80,15,0.7
weight_0_70,route weight,0.70 km,45,516,P0,1558,1081,0.6938382541720154,477,477,1147.4661504178378,79.92322582751596,2.300019884237088,794.1741475943197,0,1,0,20,0,0,80,15,0.7
weight_0_70,route weight,0.70 km,45,516,P1,1558,1056,0.6777920410783055,502,502,1183.0503372815924,79.0940767647314,1.9002648466262893,144.77547873894366,0.803030303030303,0,0.19696969696969696,20,0,0,80,15,0.7
weight_0_70,route weight,0.70 km,45,516,P2,1558,1079,0.6925545571245186,479,479,1156.5018332391735,76.11405991018194,0.956779216907075,420.4203042500334,0.4161260426320667,0.422613531047266,0.16126042632066728,20,0,0,80,15,0.7
weight_0_70,route weight,0.70 km,45,516,P3-U,1558,1004,0.6444159178433889,554,554,1350.15470617056,76.7351629060242,0.9999693892609353,342.0157174365681,0.3396414342629482,0.34063745019920316,0.3197211155378486,20,0,0,80,15,0.7
weight_0_70,route weight,0.70 km,45,516,P3-D,1558,752,0.48267008985879334,806,806,971.775160624334,76.11291496801147,0.9999671767447594,314.6373031180613,0.2992021276595745,0.47074468085106386,0.2300531914893617,20,0,0,80,15,0.7
weight_0_70,route weight,0.70 km,45,517,P0,1579,1055,0.6681443951868271,524,524,1195.066850630726,79.92322627183157,2.3000216918950054,775.0728606816474,0,1,0,20,0,0,80,15,0.7
weight_0_70,route weight,0.70 km,45,517,P1,1579,1028,0.6510449651678277,551,551,1259.0278291300451,79.31657555476464,2.0001641236455536,140.93666853629898,0.8025291828793775,0,0.19747081712062256,20,0,0,80,15,0.7
weight_0_70,route weight,0.70 km,45,517,P2,1579,1053,0.6668777707409753,526,526,1202.076550878444,76.11405881393614,0.9567789753969691,416.85550264869545,0.4121557454890788,0.43304843304843305,0.15479582146248813,20,0,0,80,15,0.7
weight_0_70,route weight,0.70 km,45,517,P3-U,1579,1013,0.6415452818239392,566,566,1290.3148087235882,76.3229202792653,0.9998621978134112,343.24982866073566,0.3376110562685094,0.3376110562685094,0.32477788746298125,20,0,0,80,15,0.7
weight_0_70,route weight,0.70 km,45,517,P3-D,1579,751,0.4756174794173528,828,828,991.2234081505122,76.11063299726791,0.9998597463957672,314.5002105719398,0.3169107856191744,0.47137150466045274,0.21171770972037285,20,0,0,80,15,0.7
weight_0_70,route weight,0.70 km,45,518,P0,1445,1038,0.7183391003460208,407,407,1072.661153161595,79.92322649398935,2.3000225957239637,762.5836214618395,0,1,0,20,0,0,80,15,0.7
weight_0_70,route weight,0.70 km,45,518,P1,1445,1014,0.7017301038062284,431,431,1114.9609317087095,79.20671137774714,1.95020040945773,139.0172157184629,0.7948717948717948,0,0.20512820512820512,20,0,0,80,15,0.7
weight_0_70,route weight,0.70 km,45,518,P2,1445,1037,0.7176470588235294,408,408,1073.9325642142585,76.11405827989056,0.9567788577432628,414.66187334227476,0.40115718418514945,0.43972999035679844,0.15911282545805208,20,0,0,80,15,0.7
weight_0_70,route weight,0.70 km,45,518,P3-U,1445,977,0.6761245674740485,468,468,1185.3733794095156,76.73516684004392,0.9999337545947701,338.3145817436419,0.3500511770726714,0.3500511770726714,0.2998976458546571,20,0,0,80,15,0.7
weight_0_70,route weight,0.70 km,45,518,P3-D,1445,752,0.5204152249134948,693,693,836.9575530612258,76.10721368578061,0.9999677834828375,314.6373888771298,0.3257978723404255,0.47074468085106386,0.20345744680851063,20,0,0,80,15,0.7
weight_0_70,route weight,0.70 km,45,519,P0,1456,1073,0.7369505494505495,383,383,899.9279586100387,79.92322627183157,2.300021691895005,788.2970592499756,0,1,0,20,0,0,80,15,0.7
weight_0_70,route weight,0.70 km,45,519,P1,1456,1052,0.7225274725274725,404,404,937.2843259774382,79.31665363232645,2.000195890315623,144.2267612369815,0.7918250950570342,0,0.20817490494296578,20,0,0,80,15,0.7
weight_0_70,route weight,0.70 km,45,519,P2,1456,1072,0.7362637362637363,384,384,906.1472550203924,76.11405871297248,0.9567789531540181,419.4603768296997,0.41044776119402987,0.4253731343283582,0.16417910447761194,20,0,0,80,15,0.7
weight_0_70,route weight,0.70 km,45,519,P3-U,1456,1011,0.6943681318681318,445,445,1066.339282862746,77.1107395233236,0.9999740966571203,342.9756522092304,0.3363006923837784,0.33827893175074186,0.3254203758654797,20,0,0,80,15,0.7
weight_0_70,route weight,0.70 km,45,519,P3-D,1456,752,0.5164835164835165,704,704,789.6688457648451,76.11177676427698,0.9999687380043955,314.6374977776573,0.3125,0.47074468085106386,0.21675531914893617,20,0,0,80,15,0.7
weight_0_70,route weight,0.70 km,45,520,P0,1533,1094,0.7136333985649054,439,439,1052.4184659650923,79.92322649398935,2.300022595723964,803.725049007154,0,1,0,20,0,0,80,15,0.7
weight_0_70,route weight,0.70 km,45,520,P1,1533,1061,0.6921069797782127,472,472,1169.0323527763624,79.20679119362369,1.9502312722993769,145.46062950363643,0.7907634307257304,0,0.20923656927426956,20,0,0,80,15,0.7
weight_0_70,route weight,0.70 km,45,520,P2,1533,1093,0.7129810828440966,440,440,1063.105963131319,76.11405888674497,0.9567789914372271,422.33916007672303,0.40988106129917656,0.4172003659652333,0.1729185727355901,20,0,0,80,15,0.7
weight_0_70,route weight,0.70 km,45,520,P3-U,1533,1028,0.6705805609915199,505,505,1250.1555466753234,76.32307925958081,0.9998632305620233,345.30653361911914,0.3336575875486381,0.3326848249027237,0.3336575875486381,20,0,0,80,15,0.7
weight_0_70,route weight,0.70 km,45,520,P3-D,1533,751,0.48988910632746246,782,782,979.4910874057837,76.11405485136116,0.9999655783976079,314.500342233136,0.3009320905459387,0.47137150466045274,0.22769640479360853,20,0,0,80,15,0.7
weight_0_70,route weight,0.70 km,45,521,P0,1532,1067,0.6964751958224543,465,465,1092.6792152091589,79.92322604967377,2.300020788066046,783.8887958671211,0,1,0,20,0,0,80,15,0.7
weight_0_70,route weight,0.70 km,45,521,P1,1532,1042,0.6801566579634465,490,490,1145.4595812766054,79.42372941339082,2.05012964549022,142.85612135413507,0.8224568138195777,0,0.17754318618042225,20,0,0,80,15,0.7
weight_0_70,route weight,0.70 km,45,521,P2,1532,1064,0.6945169712793734,468,468,1098.4112136339877,76.11405968592766,0.9567791675023902,418.36394596067663,0.4191729323308271,0.42857142857142855,0.15225563909774437,20,0,0,80,15,0.7
weight_0_70,route weight,0.70 km,45,521,P3-U,1532,1009,0.6586161879895561,523,523,1210.0367215142496,76.73516080250549,0.9998605705835207,342.7014455191246,0.3379583746283449,0.3389494549058474,0.32309217046580774,20,0,0,80,15,0.7
weight_0_70,route weight,0.70 km,45,521,P3-D,1532,752,0.4908616187989556,780,780,875.3150566802199,76.10492925175068,0.9999674579730485,314.63735914701033,0.31382978723404253,0.47074468085106386,0.2154255319148936,20,0,0,80,15,0.7
weight_0_70,route weight,0.70 km,45,522,P0,1510,1086,0.7192052980132451,424,424,1042.8738928530227,79.92322582751596,2.300019884237088,797.8475823266128,0,1,0,20,0,0,80,15,0.7
weight_0_70,route weight,0.70 km,45,522,P1,1510,1053,0.6973509933774834,457,457,1147.1557301981807,79.31673247484356,2.0002303684709557,144.36401001831015,0.8005698005698005,0,0.19943019943019943,20,0,0,80,15,0.7
weight_0_70,route weight,0.70 km,45,522,P2,1510,1086,0.7192052980132451,424,424,1045.338395311152,76.11406051703612,0.9567793506010395,421.3797539802965,0.40791896869244937,0.4198895027624309,0.1721915285451197,20,0,0,80,15,0.7
weight_0_70,route weight,0.70 km,45,522,P3-U,1510,1028,0.680794701986755,482,482,1189.8130541439414,77.11305992355192,0.9998961507813463,345.30627360032673,0.3336575875486381,0.3326848249027237,0.3336575875486381,20,0,0,80,15,0.7
weight_0_70,route weight,0.70 km,45,522,P3-D,1510,752,0.49801324503311256,758,758,967.5152230933179,76.53753796261306,0.9999679080082005,314.6373827063394,0.3098404255319149,0.47074468085106386,0.21941489361702127,20,0,0,80,15,0.7
weight_0_70,route weight,0.70 km,45,523,P0,1559,1087,0.6972418216805645,472,472,1143.6786327512443,79.92322582751596,2.300019884237088,798.5822527638554,0,1,0,20,0,0,80,15,0.7
weight_0_70,route weight,0.70 km,45,523,P1,1559,1060,0.6799230275817832,499,499,1214.6017455478316,79.31657504384022,2.0001623159887116,145.32371907576865,0.8075471698113208,0,0.19245283018867926,20,0,0,80,15,0.7
weight_0_70,route weight,0.70 km,45,523,P2,1559,1085,0.6959589480436177,474,474,1155.61548728616,76.11405983154529,0.9567791995829061,421.2426874613642,0.4147465437788018,0.4202764976958525,0.16497695852534563,20,0,0,80,15,0.7
weight_0_70,route weight,0.70 km,45,523,P3-U,1559,1030,0.6606799230275818,529,529,1291.1780289864653,76.32121951987577,0.9999000969064885,345.58085154992256,0.3339805825242718,0.3320388349514563,0.3339805825242718,20,0,0,80,15,0.7
weight_0_70,route weight,0.70 km,45,523,P3-D,1559,751,0.4817190506735087,808,808,983.7074806374084,76.10607388552096,0.9998943703992371,314.50026404241754,0.3062583222370173,0.47137150466045274,0.22237017310252996,20,0,0,80,15,0.7
weight_0_70,route weight,0.70 km,45,524,P0,1531,1086,0.7093403004572175,445,445,1019.1879518996717,79.92322649398935,2.300022595723964,797.8477130245717,0,1,0,20,0,0,80,15,0.7
weight_0_70,route weight,0.70 km,45,524,P1,1531,1060,0.6923579359895493,471,471,1108.3647001397344,79.42380658505331,2.0501650274739744,145.3235629126328,0.7943396226415095,0,0.20566037735849058,20,0,0,80,15,0.7
weight_0_70,route weight,0.70 km,45,524,P2,1531,1085,0.7086871325930765,446,446,1023.4355972144588,76.11405927517283,0.9567790770104174,421.24268934886493,0.4119815668202765,0.4202764976958525,0.16774193548387098,20,0,0,80,15,0.7
weight_0_70,route weight,0.70 km,45,524,P3-U,1531,1028,0.6714565643370346,503,503,1158.6373865788937,76.11063871793029,0.9998981769029399,345.3063738971959,0.3336575875486381,0.3326848249027237,0.3336575875486381,20,0,0,80,15,0.7
weight_0_70,route weight,0.70 km,45,524,P3-D,1531,751,0.49052906596995427,780,780,917.4891715500004,76.11063871793029,0.9998929965310059,314.50027897954857,0.30492676431424764,0.47137150466045274,0.2237017310252996,20,0,0,80,15,0.7
weight_0_70,route weight,0.70 km,45,525,P0,1514,1075,0.7100396301188904,439,439,1075.7425557867548,79.92322627183157,2.300021691895005,789.7662763053422,0,1,0,20,0,0,80,15,0.7
weight_0_70,route weight,0.70 km,45,525,P1,1514,1050,0.6935270805812418,464,464,1116.7960340564475,79.31657632115113,2.0001668351308175,143.952714812272,0.8104761904761905,0,0.1895238095238095,20,0,0,80,15,0.7
weight_0_70,route weight,0.70 km,45,525,P2,1514,1072,0.7080581241743725,442,442,1087.0069957309563,76.11406168609027,0.9567796081514033,419.46055793118467,0.41138059701492535,0.4253731343283582,0.16324626865671643,20,0,0,80,15,0.7
weight_0_70,route weight,0.70 km,45,525,P3-U,1514,1028,0.678996036988111,486,486,1129.538273326004,76.11291574884389,0.9999747612859755,345.3062361372805,0.3336575875486381,0.3326848249027237,0.3336575875486381,20,0,0,80,15,0.7
weight_0_70,route weight,0.70 km,45,525,P3-D,1514,752,0.4966974900924703,762,762,838.7699259359124,76.11291574884389,0.9999890587130349,314.6373829225533,0.3058510638297872,0.47074468085106386,0.22340425531914893,20,0,0,80,15,0.7
weight_0_70,route weight,0.70 km,45,526,P0,1484,1072,0.7223719676549866,412,412,1030.0503248223054,79.92322649398935,2.3000225957239637,787.562368176213,0,1,0,20,0,0,80,15,0.7
weight_0_70,route weight,0.70 km,45,526,P1,1484,1052,0.7088948787061995,432,432,1072.0246015074313,79.20663051235594,1.9501659313023956,144.2268393185494,0.779467680608365,0,0.22053231939163498,20,0,0,80,15,0.7
weight_0_70,route weight,0.70 km,45,526,P2,1484,1072,0.7223719676549866,412,412,1032.9315475963476,76.11406043839948,0.9567793332768705,419.4605453529559,0.41138059701492535,0.4253731343283582,0.16324626865671643,20,0,0,80,15,0.7
weight_0_70,route weight,0.70 km,45,526,P3-U,1484,1030,0.6940700808625337,454,454,1093.6993713955655,76.5356237755102,0.9999746251581991,345.580293343329,0.3339805825242718,0.3320388349514563,0.3339805825242718,20,0,0,80,15,0.7
weight_0_70,route weight,0.70 km,45,526,P3-D,1484,751,0.5060646900269542,733,733,847.2806738739746,76.32678675209704,0.9999894803283449,314.50034168966323,0.303595206391478,0.47137150466045274,0.22503328894806923,20,0,0,80,15,0.7
weight_0_70,route weight,0.70 km,45,527,P0,1522,1086,0.7135348226018396,436,436,982.1458379706157,79.92322649398935,2.300022595723964,797.847547932413,0,1,0,20,0,0,80,15,0.7
weight_0_70,route weight,0.70 km,45,527,P1,1522,1059,0.6957950065703022,463,463,1044.2343646380652,79.31665490961424,2.0002004094577295,145.18663513330557,0.7884796978281398,0,0.21152030217186024,20,0,0,80,15,0.7
weight_0_70,route weight,0.70 km,45,527,P2,1522,1081,0.7102496714848883,441,441,998.7366838534346,76.11405907324553,0.956779032524515,420.69438672168985,0.4024051803885291,0.42183163737280294,0.1757631822386679,20,0,0,80,15,0.7
weight_0_70,route weight,0.70 km,45,527,P3-U,1522,1028,0.6754270696452037,494,494,1103.2561986242104,76.3212226243076,0.9997903116295018,345.30637714517695,0.3336575875486381,0.3326848249027237,0.3336575875486381,20,0,0,80,15,0.7
weight_0_70,route weight,0.70 km,45,527,P3-D,1522,752,0.4940867279894875,770,770,844.1968075430931,76.11405774584492,0.9999692991495365,314.63758007044356,0.3058510638297872,0.47074468085106386,0.22340425531914893,20,0,0,80,15,0.7
weight_0_70,route weight,0.70 km,45,528,P0,1559,1084,0.6953175112251443,475,475,1126.2350179235411,79.92322671614713,2.3000234995529225,796.3782483309674,0,1,0,20,0,0,80,15,0.7
weight_0_70,route weight,0.70 km,45,528,P1,1559,1058,0.6786401539448365,501,501,1177.6820754715238,79.42372941339082,2.0501296454902205,145.04951648792343,0.8052930056710775,0,0.1947069943289225,20,0,0,80,15,0.7
weight_0_70,route weight,0.70 km,45,528,P2,1559,1083,0.6946760744066709,476,476,1133.6332911319175,76.11406044422732,0.9567793345607813,420.96886961904875,0.41458910433979684,0.42105263157894735,0.16435826408125578,20,0,0,80,15,0.7
weight_0_70,route weight,0.70 km,45,528,P3-U,1559,1028,0.659397049390635,531,531,1247.6283028049138,76.53223925772973,0.9999291758326758,345.30641776768044,0.3336575875486381,0.3326848249027237,0.3336575875486381,20,0,0,80,15,0.7
weight_0_70,route weight,0.70 km,45,528,P3-D,1559,751,0.4817190506735087,808,808,974.3323354814071,76.11063304778958,0.9998957593182288,314.50051897925994,0.3062583222370173,0.47137150466045274,0.22237017310252996,20,0,0,80,15,0.7
weight_0_70,route weight,0.70 km,45,529,P0,1472,1080,0.7336956521739131,392,392,921.4629491198765,79.92322604967376,2.3000207880660466,793.4394977935968,0,1,0,20,0,0,80,15,0.7
weight_0_70,route weight,0.70 km,45,529,P1,1472,1055,0.7167119565217391,417,417,970.2735911613845,79.42373115804435,2.050135972289169,144.63831671491263,0.8037914691943128,0,0.1962085308056872,20,0,0,80,15,0.7
weight_0_70,route weight,0.70 km,45,529,P2,1472,1078,0.7323369565217391,394,394,928.9934824517517,76.11406112389021,0.9567794842950037,420.28311425778065,0.4155844155844156,0.4230055658627087,0.1614100185528757,20,0,0,80,15,0.7
weight_0_70,route weight,0.70 km,45,529,P3-U,1472,1028,0.6983695652173914,444,444,1015.8368828711833,76.32091193326411,0.9997869850954683,345.30616772967164,0.3336575875486381,0.3326848249027237,0.3336575875486381,20,0,0,80,15,0.7
weight_0_70,route weight,0.70 km,45,529,P3-D,1472,752,0.5108695652173914,720,720,770.7033534540426,76.11405083830064,0.9999886945775103,314.6374720941795,0.3045212765957447,0.47074468085106386,0.2247340425531915,20,0,0,80,15,0.7
weight_0_70,route weight,0.70 km,45,530,P0,1545,1084,0.7016181229773463,461,461,1057.5917164017935,79.92322627183157,2.3000216918950054,796.3782689674871,0,1,0,20,0,0,80,15,0.7
weight_0_70,route weight,0.70 km,45,530,P1,1545,1054,0.6822006472491909,491,491,1141.2976204429897,79.42373065957197,2.0501341646323263,144.5011199879626,0.8083491461100569,0,0.19165085388994307,20,0,0,80,15,0.7
weight_0_70,route weight,0.70 km,45,530,P2,1545,1083,0.7009708737864078,462,462,1062.0575722994226,76.11406010628137,0.9567792601090667,420.9683542661709,0.4118190212373038,0.42105263157894735,0.16712834718374883,20,0,0,80,15,0.7
weight_0_70,route weight,0.70 km,45,530,P3-U,1545,1028,0.6653721682847896,517,517,1188.2296985835972,76.11405480087927,0.9998212089330254,345.3063329328755,0.3336575875486381,0.3326848249027237,0.3336575875486381,20,0,0,80,15,0.7
weight_0_70,route weight,0.70 km,45,530,P3-D,1545,751,0.486084142394822,794,794,948.1292512436883,76.11405480087927,0.9999302597477625,314.5002582709575,0.30758988015978694,0.47137150466045274,0.2210386151797603,20,0,0,80,15,0.7
weight_0_70,route weight,0.70 km,80,501,P0,2681,1103,0.4114136516225289,1578,1578,2649.1338135971764,79.92322649398935,2.3000225957239637,810.3370279116189,0,1,0,20,0,0,80,15,0.7
weight_0_70,route weight,0.70 km,80,501,P1,2681,1071,0.39947780678851175,1610,1610,2726.0044925952297,79.09399485022186,1.9002339837846414,146.8316337671331,0.7843137254901961,0,0.21568627450980393,20,0,0,80,15,0.7
weight_0_70,route weight,0.70 km,80,501,P2,2681,1100,0.4102946661693398,1581,1581,2664.2750218508704,76.11405985970012,0.9567792057855994,423.2991676288075,0.41363636363636364,0.41454545454545455,0.17181818181818181,20,0,0,80,15,0.7
weight_0_70,route weight,0.70 km,80,501,P3-U,2681,1029,0.3838120104438642,1652,1652,2788.66813982459,76.53209071145695,0.9997509776995442,345.44338288046913,0.3333333333333333,0.3323615160349854,0.33430515063168126,20,0,0,80,15,0.7
weight_0_70,route weight,0.70 km,80,501,P3-D,2681,752,0.2804923535994032,1929,1929,2193.6659739033053,76.11405462710663,0.9999684717675653,314.63743187498795,0.30186170212765956,0.47074468085106386,0.22739361702127658,20,0,0,80,15,0.7
weight_0_70,route weight,0.70 km,80,502,P0,2595,1104,0.4254335260115607,1491,1491,2730.4867447610764,79.9232273826204,2.3000262110397984,811.0716364393022,0,1,0,20,0,0,80,15,0.7
weight_0_70,route weight,0.70 km,80,502,P1,2595,1066,0.41078998073217726,1529,1529,2819.9087926963584,79.31665388778404,2.0001967941440437,146.14624875773663,0.797373358348968,0,0.2026266416510319,20,0,0,80,15,0.7
weight_0_70,route weight,0.70 km,80,502,P2,2595,1101,0.42427745664739885,1494,1494,2747.186630621553,76.11405937030865,0.9567790979694578,423.43645343885987,0.4141689373297003,0.4141689373297003,0.17166212534059946,20,0,0,80,15,0.7
weight_0_70,route weight,0.70 km,80,502,P3-U,2595,1028,0.3961464354527938,1567,1567,2881.633488480523,76.53209036130863,0.999898312933372,345.30655899179067,0.3336575875486381,0.3326848249027237,0.3336575875486381,20,0,0,80,15,0.7
weight_0_70,route weight,0.70 km,80,502,P3-D,2595,752,0.28978805394990365,1843,1843,2308.125962147084,76.11291839744086,0.999970127024918,314.63773750364146,0.3045212765957447,0.47074468085106386,0.2247340425531915,20,0,0,80,15,0.7
weight_0_70,route weight,0.70 km,80,503,P0,2680,1103,0.4115671641791045,1577,1577,2657.3294770376647,79.92322649398935,2.300022595723964,810.3367802733811,0,1,0,20,0,0,80,15,0.7
weight_0_70,route weight,0.70 km,80,503,P1,2680,1067,0.39813432835820894,1613,1613,2738.643066028319,79.20679224163267,1.9502348876130629,146.2835495934439,0.8106841611996252,0,0.1893158388003749,20,0,0,80,15,0.7
weight_0_70,route weight,0.70 km,80,503,P2,2680,1100,0.41044776119402987,1580,1580,2671.614309200283,76.11406107340841,0.9567794731735281,423.2995379290422,0.41454545454545455,0.41454545454545455,0.1709090909090909,20,0,0,80,15,0.7
weight_0_70,route weight,0.70 km,80,503,P3-U,2680,1028,0.3835820895522388,1652,1652,2792.2129457971805,76.53208598177655,0.9998986950924468,345.306117708831,0.3336575875486381,0.3326848249027237,0.3336575875486381,20,0,0,80,15,0.7
weight_0_70,route weight,0.70 km,80,503,P3-D,2680,751,0.2802238805970149,1929,1929,2203.447938294673,76.11405820708173,0.9999990864689919,314.5001443605511,0.2996005326231691,0.47137150466045274,0.22902796271637815,20,0,0,80,15,0.7
weight_0_70,route weight,0.70 km,80,504,P0,2672,1104,0.41317365269461076,1568,1568,2564.9470831788562,79.92322649398935,2.3000225957239637,811.0716089239426,0,1,0,20,0,0,80,15,0.7
weight_0_70,route weight,0.70 km,80,504,P1,2672,1069,0.4000748502994012,1603,1603,2650.4277567552986,79.31657734299958,2.000170450444503,146.55755263950454,0.7885874649204865,0,0.21141253507951357,20,0,0,80,15,0.7
weight_0_70,route weight,0.70 km,80,504,P2,2672,1101,0.4120508982035928,1571,1571,2584.735570969712,76.11406053936311,0.9567793555198217,423.43642136648333,0.4114441416893733,0.4141689373297003,0.17438692098092642,20,0,0,80,15,0.7
weight_0_70,route weight,0.70 km,80,504,P3-U,2672,1027,0.3843562874251497,1645,1645,2694.439800112918,76.73347333269776,0.999898027655629,345.1688848814022,0.3339824732229795,0.3330087633885102,0.3330087633885102,20,0,0,80,15,0.7
weight_0_70,route weight,0.70 km,80,504,P3-D,2672,752,0.281437125748503,1920,1920,2107.3667287842454,76.11405609322571,0.9999664657823156,314.6372022222931,0.30319148936170215,0.47074468085106386,0.22606382978723405,20,0,0,80,15,0.7
weight_0_70,route weight,0.70 km,80,505,P0,2723,1101,0.4043334557473375,1622,1622,2686.8253075796856,79.92322671614713,2.3000234995529225,808.8676801582936,0,1,0,20,0,0,80,15,0.7
weight_0_70,route weight,0.70 km,80,505,P1,2723,1068,0.39221446933529197,1655,1655,2744.810642775684,79.20679197963044,1.9502339837846419,146.42043399412236,0.7808988764044944,0,0.21910112359550563,20,0,0,80,15,0.7
weight_0_70,route weight,0.70 km,80,505,P2,2723,1101,0.4043334557473375,1622,1622,2689.2214573976953,76.11405818475473,0.9567788367842224,423.4360662604619,0.407811080835604,0.4141689373297003,0.17801998183469572,20,0,0,80,15,0.7
weight_0_70,route weight,0.70 km,80,505,P3-U,2723,1027,0.3771575468233566,1696,1696,2807.841906588638,76.32091026585483,0.9999551310701422,345.16916504677346,0.3339824732229795,0.3330087633885102,0.3330087633885102,20,0,0,80,15,0.7
weight_0_70,route weight,0.70 km,80,505,P3-D,2723,752,0.27616599338964376,1971,1971,2228.496191389931,76.11405706035364,0.9999676903130408,314.63735346616113,0.3058510638297872,0.47074468085106386,0.22340425531914893,20,0,0,80,15,0.7
weight_0_70,route weight,0.70 km,80,506,P0,2721,1102,0.4049981624402793,1619,1619,2654.4342596011784,79.92322649398935,2.300022595723964,809.6022955648168,0,1,0,20,0,0,80,15,0.7
weight_0_70,route weight,0.70 km,80,506,P1,2721,1071,0.3936052921719956,1650,1650,2727.930075435792,79.42373065957197,2.050134164632327,146.83176390307958,0.7880485527544351,0,0.2119514472455649,20,0,0,80,15,0.7
weight_0_70,route weight,0.70 km,80,506,P2,2721,1101,0.4046306504961411,1620,1620,2663.7021857992795,76.1140606121719,0.9567793715600797,423.4357932105787,0.4069028156221617,0.4141689373297003,0.17892824704813806,20,0,0,80,15,0.7
weight_0_70,route weight,0.70 km,80,506,P3-U,2721,1028,0.37780227857405363,1693,1693,2778.0077725293963,76.733476863905,0.9998211903935172,345.306280223979,0.3336575875486381,0.3326848249027237,0.3336575875486381,20,0,0,80,15,0.7
weight_0_70,route weight,0.70 km,80,506,P3-D,2721,752,0.27636898199191473,1969,1969,2150.7665123700363,76.11405579616236,0.9999678581548991,314.6373522867099,0.2992021276595745,0.47074468085106386,0.2300531914893617,20,0,0,80,15,0.7
weight_0_70,route weight,0.70 km,80,507,P0,2762,1103,0.39934829833454016,1659,1659,2714.414501322933,79.92322649398935,2.300022595723964,810.3369660020595,0,1,0,20,0,0,80,15,0.7
weight_0_70,route weight,0.70 km,80,507,P1,2762,1070,0.387400434467777,1692,1692,2793.753727395801,79.42372916415454,2.050128741661799,146.69467996061647,0.8,0,0.2,20,0,0,80,15,0.7
weight_0_70,route weight,0.70 km,80,507,P2,2762,1101,0.39862418537291816,1661,1661,2729.770288221436,76.11406061217191,0.95677937156008,423.43631023474364,0.405086285195277,0.4141689373297003,0.1807447774750227,20,0,0,80,15,0.7
weight_0_70,route weight,0.70 km,80,507,P3-U,2762,1027,0.3718320057929037,1735,1735,2847.3703397474765,76.32091258498589,0.9998885108079663,345.1694663015265,0.3339824732229795,0.3330087633885102,0.3330087633885102,20,0,0,80,15,0.7
weight_0_70,route weight,0.70 km,80,507,P3-D,2762,752,0.2722664735698769,2010,2010,2224.929978740972,76.11405652630785,0.999968719229019,314.6374933852172,0.30319148936170215,0.47074468085106386,0.22606382978723405,20,0,0,80,15,0.7
weight_0_70,route weight,0.70 km,80,508,P0,2805,1102,0.3928698752228164,1703,1703,2902.17600153062,79.92322671614713,2.3000234995529225,809.6023781108961,0,1,0,20,0,0,80,15,0.7
weight_0_70,route weight,0.70 km,80,508,P1,2805,1067,0.3803921568627451,1738,1738,2980.0428357518895,79.31657453291577,2.000160508331868,146.28325461863184,0.795688847235239,0,0.204311152764761,20,0,0,80,15,0.7
weight_0_70,route weight,0.70 km,80,508,P2,2805,1099,0.39180035650623884,1706,1706,2922.3566366130285,76.11406037141852,0.9567793185205232,423.162046478486,0.41310282074613286,0.41492265696087355,0.17197452229299362,20,0,0,80,15,0.7
weight_0_70,route weight,0.70 km,80,508,P3-U,2805,1027,0.3661319073083779,1778,1778,3009.7470135489502,76.73347676146537,0.9999757423442254,345.1690089371694,0.3339824732229795,0.3330087633885102,0.3330087633885102,20,0,0,80,15,0.7
weight_0_70,route weight,0.70 km,80,508,P3-D,2805,752,0.26809269162210336,2053,2053,2367.614106766688,76.11406037141852,0.999968347648075,314.6374337439491,0.300531914893617,0.47074468085106386,0.22872340425531915,20,0,0,80,15,0.7
weight_0_70,route weight,0.70 km,80,509,P0,2656,1104,0.41566265060240964,1552,1552,2571.9072331383227,79.9232273826204,2.3000262110397984,811.0713819222244,0,1,0,20,0,0,80,15,0.7
weight_0_70,route weight,0.70 km,80,509,P1,2656,1069,0.40248493975903615,1587,1587,2645.39856906108,79.31657734299958,2.000170450444503,146.55783026285712,0.8054256314312441,0,0.19457436856875585,20,0,0,80,15,0.7
weight_0_70,route weight,0.70 km,80,509,P2,2656,1102,0.41490963855421686,1554,1554,2584.9671578748394,76.11405881393614,0.9567789753969691,423.5734758875463,0.4128856624319419,0.41379310344827586,0.1733212341197822,20,0,0,80,15,0.7
weight_0_70,route weight,0.70 km,80,509,P3-U,2656,1027,0.38667168674698793,1629,1629,2694.782015877819,76.73347450644144,0.9999737426875726,345.1689043734631,0.3339824732229795,0.3330087633885102,0.3330087633885102,20,0,0,80,15,0.7
weight_0_70,route weight,0.70 km,80,509,P3-D,2656,751,0.28275602409638556,1905,1905,2081.1326262013813,76.11405317641383,0.9998936935743203,314.49999959619277,0.2996005326231691,0.47137150466045274,0.22902796271637815,20,0,0,80,15,0.7
weight_0_70,route weight,0.70 km,80,510,P0,2733,1104,0.4039517014270033,1629,1629,2670.828423776235,79.92322582751595,2.300019884237088,811.0715676509027,0,1,0,20,0,0,80,15,0.7
weight_0_70,route weight,0.70 km,80,510,P1,2733,1069,0.3911452616172704,1664,1664,2765.9736509217614,79.31657504384022,2.0001623159887107,146.55760469388312,0.804490177736202,0,0.19550982226379796,20,0,0,80,15,0.7
weight_0_70,route weight,0.70 km,80,510,P2,2733,1102,0.40321990486644715,1631,1631,2683.7108123238704,76.11405871297248,0.9567789531540181,423.57343080261853,0.41197822141560797,0.41379310344827586,0.17422867513611615,20,0,0,80,15,0.7
weight_0_70,route weight,0.70 km,80,510,P3-U,2733,1028,0.376143432125869,1705,1705,2810.6806255336264,76.53208656162667,0.9997514564039304,345.30631402117416,0.3336575875486381,0.3326848249027237,0.3336575875486381,20,0,0,80,15,0.7
weight_0_70,route weight,0.70 km,80,510,P3-D,2733,752,0.2751555067691182,1981,1981,2211.283034694568,76.11405648165382,0.9999997839418585,314.63731068641135,0.30186170212765956,0.47074468085106386,0.22739361702127658,20,0,0,80,15,0.7
weight_0_70,route weight,0.70 km,80,511,P0,2668,1103,0.4134182908545727,1565,1565,2604.6628053698723,79.92322627183157,2.300021691895005,810.3368077887408,0,1,0,20,0,0,80,15,0.7
weight_0_70,route weight,0.70 km,80,511,P1,2668,1067,0.39992503748125935,1601,1601,2687.947945645209,79.42372991186332,2.050131453147063,146.2835235662546,0.8200562324273665,0,0.17994376757263356,20,0,0,80,15,0.7
weight_0_70,route weight,0.70 km,80,511,P2,2668,1100,0.4122938530734633,1568,1568,2612.481267818475,76.1140622929442,0.9567797418453676,423.29936915059835,0.4127272727272727,0.41454545454545455,0.17272727272727273,20,0,0,80,15,0.7
weight_0_70,route weight,0.70 km,80,511,P3-U,2668,1027,0.3849325337331334,1641,1641,2726.970829001943,76.53209110918552,0.9998973273910536,345.1693707058169,0.3339824732229795,0.3330087633885102,0.3330087633885102,20,0,0,80,15,0.7
weight_0_70,route weight,0.70 km,80,511,P3-D,2668,752,0.2818590704647676,1916,1916,2134.233886256312,76.11405543588903,0.9999687883229569,314.6374979957658,0.2978723404255319,0.47074468085106386,0.23138297872340424,20,0,0,80,15,0.7
weight_0_70,route weight,0.70 km,80,512,P0,2595,1104,0.4254335260115607,1491,1491,2515.936013484825,79.92322560535813,2.3000189804081295,811.0713681645443,0,1,0,20,0,0,80,15,0.7
weight_0_70,route weight,0.70 km,80,512,P1,2595,1068,0.4115606936416185,1527,1527,2608.6330539794103,79.42373065957197,2.0501341646323263,146.42076367185354,0.8080524344569289,0,0.19194756554307116,20,0,0,80,15,0.7
weight_0_70,route weight,0.70 km,80,512,P2,2595,1102,0.42466281310211945,1493,1493,2530.897486441921,76.11405769536306,0.9567787289680808,423.57331918093763,0.4101633393829401,0.41379310344827586,0.17604355716878403,20,0,0,80,15,0.7
weight_0_70,route weight,0.70 km,80,512,P3-U,2595,1029,0.3965317919075145,1566,1566,2660.9392459890214,76.53209015420882,0.9998577922848123,345.44341502282987,0.3333333333333333,0.3323615160349854,0.33430515063168126,20,0,0,80,15,0.7
weight_0_70,route weight,0.70 km,80,512,P3-D,2595,751,0.28940269749518305,1844,1844,2052.1847300013546,76.11405643117196,0.9999986230336084,314.50010962055273,0.3009320905459387,0.47137150466045274,0.22769640479360853,20,0,0,80,15,0.7
weight_0_70,route weight,0.70 km,80,513,P0,2669,1104,0.4136380666916448,1565,1565,2596.7331958154477,79.92322649398935,2.300022595723964,811.071526377863,0,1,0,20,0,0,80,15,0.7
weight_0_70,route weight,0.70 km,80,513,P1,2669,1067,0.39977519670288497,1602,1602,2687.88987513886,79.31665439869917,2.0001986018008866,146.28351489052483,0.8144329896907216,0,0.18556701030927836,20,0,0,80,15,0.7
weight_0_70,route weight,0.70 km,80,513,P2,2669,1102,0.41288872236792806,1567,1567,2612.8674375525084,76.1140603209367,0.9567793073990478,423.57332685843807,0.40834845735027225,0.41379310344827586,0.17785843920145192,20,0,0,80,15,0.7
weight_0_70,route weight,0.70 km,80,513,P3-U,2669,1029,0.38553765455226674,1640,1640,2738.1586394100214,76.32214956594505,0.9998953969198675,345.44361937492465,0.3333333333333333,0.3323615160349854,0.33430515063168126,20,0,0,80,15,0.7
weight_0_70,route weight,0.70 km,80,513,P3-D,2669,752,0.2817534657174972,1917,1917,2139.27689912227,76.11292080899172,0.9999684703383219,314.63747960899775,0.2992021276595745,0.47074468085106386,0.2300531914893617,20,0,0,80,15,0.7
weight_0_70,route weight,0.70 km,80,514,P0,2721,1104,0.40573318632855565,1617,1617,2658.1655012404176,79.92322649398935,2.300022595723964,811.0716226816223,0,1,0,20,0,0,80,15,0.7
weight_0_70,route weight,0.70 km,80,514,P1,2721,1068,0.39250275633958104,1653,1653,2739.5371871199627,79.42373016109956,2.050132356975484,146.4204513455819,0.800561797752809,0,0.199438202247191,20,0,0,80,15,0.7
weight_0_70,route weight,0.70 km,80,514,P2,2721,1103,0.4053656743844175,1618,1618,2665.307457437662,76.11406000531774,0.9567792378661154,423.7105132754508,0.4125113327289211,0.4134179510426111,0.17407071622846781,20,0,0,80,15,0.7
weight_0_70,route weight,0.70 km,80,514,P3-U,2721,1028,0.37780227857405363,1693,1693,2786.520949722273,76.53209081329378,0.9997513923915431,345.3059165678308,0.3336575875486381,0.3326848249027237,0.3336575875486381,20,0,0,80,15,0.7
weight_0_70,route weight,0.70 km,80,514,P3-D,2721,751,0.27600147004777653,1970,1970,2181.770850012661,76.11405282304054,0.999922697738675,314.50020761413845,0.2996005326231691,0.47137150466045274,0.22902796271637815,20,0,0,80,15,0.7
weight_0_70,route weight,0.70 km,80,515,P0,2654,1103,0.41559909570459685,1551,1551,2686.490714023224,79.92322604967376,2.300020788066046,810.3369453655396,0,1,0,20,0,0,80,15,0.7
weight_0_70,route weight,0.70 km,80,515,P1,2654,1069,0.40278824415975883,1585,1585,2759.1834181391814,79.31665388778404,2.000196794144044,146.55752661231526,0.8054256314312441,0,0.19457436856875585,20,0,0,80,15,0.7
weight_0_70,route weight,0.70 km,80,515,P2,2654,1102,0.4152223059532781,1552,1552,2687.476184569919,76.11405827989056,0.9567788577432628,423.5734824226748,0.4101633393829401,0.41379310344827586,0.17604355716878403,20,0,0,80,15,0.7
weight_0_70,route weight,0.70 km,80,515,P3-U,2654,1029,0.3877166541070083,1625,1625,2817.441496693595,76.53208667534733,0.9998583259986101,345.44314422478567,0.3333333333333333,0.3323615160349854,0.33430515063168126,20,0,0,80,15,0.7
weight_0_70,route weight,0.70 km,80,515,P3-D,2654,751,0.2829691032403919,1903,1903,2186.8004404147623,76.11405716131735,0.9999993124047764,314.50010355891294,0.2982689747003995,0.47137150466045274,0.2303595206391478,20,0,0,80,15,0.7
weight_0_70,route weight,0.70 km,80,516,P0,2650,1104,0.41660377358490563,1546,1546,2603.815292234228,79.92322627183157,2.3000216918950054,811.0713888010644,0,1,0,20,0,0,80,15,0.7
weight_0_70,route weight,0.70 km,80,516,P1,2650,1068,0.4030188679245283,1582,1582,2684.3006423566617,79.31657632115113,2.0001668351308175,146.42072029320468,0.8099250936329588,0,0.1900749063670412,20,0,0,80,15,0.7
weight_0_70,route weight,0.70 km,80,516,P2,2650,1101,0.41547169811320755,1549,1549,2615.3191855948053,76.11405996066375,0.9567792280285506,423.4366276429653,0.4114441416893733,0.4141689373297003,0.17438692098092642,20,0,0,80,15,0.7
weight_0_70,route weight,0.70 km,80,516,P3-U,2650,1027,0.38754716981132076,1623,1623,2731.008246143326,76.53208538913884,0.9999752272786221,345.16941272189814,0.3339824732229795,0.3330087633885102,0.3330087633885102,20,0,0,80,15,0.7
weight_0_70,route weight,0.70 km,80,516,P3-D,2650,751,0.2833962264150943,1899,1899,2112.7163052659894,76.11405652630785,0.999922498770109,314.50018971920605,0.2996005326231691,0.47137150466045274,0.22902796271637815,20,0,0,80,15,0.7
weight_0_70,route weight,0.70 km,80,517,P0,2628,1104,0.4200913242009132,1524,1524,2524.346998452064,79.92322604967376,2.3000207880660466,811.0716089239426,0,1,0,20,0,0,80,15,0.7
weight_0_70,route weight,0.70 km,80,517,P1,2628,1070,0.4071537290715373,1558,1558,2598.703059593131,79.31673247484356,2.0002303684709557,146.6946539334272,0.8018691588785046,0,0.19813084112149532,20,0,0,80,15,0.7
weight_0_70,route weight,0.70 km,80,517,P2,2628,1101,0.4189497716894977,1527,1527,2539.629355794209,76.11405937613648,0.9567790992533687,423.4363646109452,0.41326067211625794,0.4141689373297003,0.17257039055404177,20,0,0,80,15,0.7
weight_0_70,route weight,0.70 km,80,517,P3-U,2628,1028,0.3911719939117199,1600,1600,2661.3686495067946,76.53209004395038,0.9998990147239114,345.30634605457715,0.3336575875486381,0.3326848249027237,0.3336575875486381,20,0,0,80,15,0.7
weight_0_70,route weight,0.70 km,80,517,P3-D,2628,752,0.2861491628614916,1876,1876,2054.7469608799915,76.11292012332098,0.9999675675059104,314.6373628499405,0.29654255319148937,0.47074468085106386,0.2327127659574468,20,0,0,80,15,0.7
weight_0_70,route weight,0.70 km,80,518,P0,2684,1104,0.4113263785394933,1580,1580,2618.2636984882556,79.92322649398935,2.300022595723964,811.071547014383,0,1,0,20,0,0,80,15,0.7
weight_0_70,route weight,0.70 km,80,518,P1,2684,1068,0.3979135618479881,1616,1616,2696.3041764200048,79.42372991186332,2.050131453147063,146.4205033999605,0.8071161048689138,0,0.19288389513108614,20,0,0,80,15,0.7
weight_0_70,route weight,0.70 km,80,518,P2,2684,1098,0.4090909090909091,1586,1586,2645.9574905762693,76.11405874112731,0.9567789593567111,423.0252193437208,0.412568306010929,0.41530054644808745,0.1721311475409836,20,0,0,80,15,0.7
weight_0_70,route weight,0.70 km,80,518,P3-U,2684,1028,0.3830104321907601,1656,1656,2754.7293933031083,76.7334772286674,0.9998943919442528,345.30614157687944,0.3336575875486381,0.3326848249027237,0.3336575875486381,20,0,0,80,15,0.7
weight_0_70,route weight,0.70 km,80,518,P3-D,2684,752,0.28017883755588674,1932,1932,2150.036631967944,76.11405309777706,0.9999681688431823,314.6374499344971,0.300531914893617,0.47074468085106386,0.22872340425531915,20,0,0,80,15,0.7
weight_0_70,route weight,0.70 km,80,519,P0,2586,1099,0.42498066511987626,1487,1487,2392.0003885103724,79.92322716046266,2.300025307210839,807.398359920328,0,1,0,20,0,0,80,15,0.7
weight_0_70,route weight,0.70 km,80,519,P1,2586,1068,0.41299303944315546,1518,1518,2455.538357828439,79.31657453291575,2.0001605083318683,146.42036458828423,0.7921348314606742,0,0.20786516853932585,20,0,0,80,15,0.7
weight_0_70,route weight,0.70 km,80,519,P2,2586,1097,0.4242072699149265,1489,1489,2403.884989625091,76.11406053936311,0.9567793555198217,422.8878980691679,0.41020966271649956,0.41567912488605285,0.1741112123974476,20,0,0,80,15,0.7
weight_0_70,route weight,0.70 km,80,519,P3-U,2586,1028,0.39752513534416084,1558,1558,2514.3841022931224,76.32090691946948,0.9999740502305678,345.306272655629,0.3336575875486381,0.3326848249027237,0.3336575875486381,20,0,0,80,15,0.7
weight_0_70,route weight,0.70 km,80,519,P3-D,2586,752,0.2907965970610982,1834,1834,1933.4725583292338,76.11405516115266,0.9999888203177412,314.63734183263,0.3045212765957447,0.47074468085106386,0.2247340425531915,20,0,0,80,15,0.7
weight_0_70,route weight,0.70 km,80,520,P0,2641,1104,0.41802347595607725,1537,1537,2690.473785027957,79.9232273826204,2.3000262110397984,811.0715814085828,0,1,0,20,0,0,80,15,0.7
weight_0_70,route weight,0.70 km,80,520,P1,2641,1069,0.40477092010602045,1572,1572,2777.957931641936,79.20671137774714,1.9502004094577297,146.55761336961294,0.794200187090739,0,0.205799812909261,20,0,0,80,15,0.7
weight_0_70,route weight,0.70 km,80,520,P2,2641,1103,0.41764483150321846,1538,1538,2699.2389386722284,76.11405949942713,0.9567791264151023,423.7107110388852,0.4125113327289211,0.4134179510426111,0.17407071622846781,20,0,0,80,15,0.7
weight_0_70,route weight,0.70 km,80,520,P3-U,2641,1029,0.3896251419916698,1612,1612,2826.5531382922204,76.7334779849161,0.9999639291220147,345.443276484881,0.3333333333333333,0.3323615160349854,0.33430515063168126,20,0,0,80,15,0.7
weight_0_70,route weight,0.70 km,80,520,P3-D,2641,751,0.284361984096933,1890,1890,2218.027082573584,76.11405886441797,0.9999231375267578,314.5002672554066,0.303595206391478,0.47137150466045274,0.22503328894806923,20,0,0,80,15,0.7
weight_0_70,route weight,0.70 km,80,521,P0,2703,1104,0.40843507214206437,1599,1599,2606.600600788933,79.92322627183157,2.3000216918950054,811.0716639546621,0,1,0,20,0,0,80,15,0.7
weight_0_70,route weight,0.70 km,80,521,P1,2703,1068,0.3951165371809101,1635,1635,2680.9526881153333,79.2067917176282,1.9502330799562202,146.4203992912033,0.7893258426966292,0,0.21067415730337077,20,0,0,80,15,0.7
weight_0_70,route weight,0.70 km,80,521,P2,2703,1102,0.40769515353311137,1601,1601,2621.599022467148,76.11405881393614,0.9567789753969691,423.5733592191,0.4092558983666062,0.41379310344827586,0.17695099818511797,20,0,0,80,15,0.7
weight_0_70,route weight,0.70 km,80,521,P3-U,2703,1027,0.3799482056973733,1676,1676,2743.328561884526,76.32307262483644,0.9998951384497876,345.16929000826434,0.3339824732229795,0.3330087633885102,0.3330087633885102,20,0,0,80,15,0.7
weight_0_70,route weight,0.70 km,80,521,P3-D,2703,752,0.2782093969663337,1951,1951,2154.42290491732,76.11405521163454,0.9999679920356969,314.6374171005391,0.2992021276595745,0.47074468085106386,0.2300531914893617,20,0,0,80,15,0.7
weight_0_70,route weight,0.70 km,80,522,P0,2712,1104,0.40707964601769914,1608,1608,2734.0949399763767,79.92322649398935,2.300022595723964,811.0715814085827,0,1,0,20,0,0,80,15,0.7
weight_0_70,route weight,0.70 km,80,522,P1,2712,1068,0.3938053097345133,1644,1644,2812.350390234078,79.42373016109956,2.050132356975484,146.42052075142004,0.7902621722846442,0,0.20973782771535582,20,0,0,80,15,0.7
weight_0_70,route weight,0.70 km,80,522,P2,2712,1102,0.40634218289085544,1610,1610,2749.0107428390884,76.11405779632675,0.9567787512110321,423.57325423961095,0.4101633393829401,0.41379310344827586,0.17604355716878403,20,0,0,80,15,0.7
weight_0_70,route weight,0.70 km,80,522,P3-U,2712,1028,0.37905604719764013,1684,1684,2865.2446158254843,76.5320922324107,0.9997877973693378,345.3060791034129,0.3336575875486381,0.3326848249027237,0.3336575875486381,20,0,0,80,15,0.7
weight_0_70,route weight,0.70 km,80,522,P3-D,2712,752,0.27728613569321536,1960,1960,2246.4603971918486,76.11405528444342,0.9999677141432145,314.6373762082901,0.2992021276595745,0.47074468085106386,0.2300531914893617,20,0,0,80,15,0.7
weight_0_70,route weight,0.70 km,80,523,P0,2661,1103,0.41450582487786547,1558,1558,2640.0797963722075,79.9232269383049,2.300024403381881,810.33689033482,0,1,0,20,0,0,80,15,0.7
weight_0_70,route weight,0.70 km,80,523,P1,2661,1066,0.4006012777151447,1595,1595,2727.0725899011063,79.20671085373293,1.9501986018008866,146.14635286649386,0.8048780487804879,0,0.1951219512195122,20,0,0,80,15,0.7
weight_0_70,route weight,0.70 km,80,523,P2,2661,1102,0.4141300263059,1559,1559,2649.7673842434724,76.11405874112731,0.9567789593567112,423.5734076611593,0.411070780399274,0.41379310344827586,0.1751361161524501,20,0,0,80,15,0.7
weight_0_70,route weight,0.70 km,80,523,P3-U,2661,1027,0.38594513340849307,1634,1634,2766.447351117063,76.733476239112,0.9998947436217663,345.16917666176505,0.3339824732229795,0.3330087633885102,0.3330087633885102,20,0,0,80,15,0.7
weight_0_70,route weight,0.70 km,80,523,P3-D,2661,751,0.28222472754603534,1910,1910,2150.1433455860843,76.11405874112731,0.9999988044129923,314.5000890746438,0.3009320905459387,0.47137150466045274,0.22769640479360853,20,0,0,80,15,0.7
weight_0_70,route weight,0.70 km,80,524,P0,2669,1103,0.41326339452978644,1566,1566,2789.71541763072,79.92322649398935,2.3000225957239637,810.33689033482,0,1,0,20,0,0,80,15,0.7
weight_0_70,route weight,0.70 km,80,524,P1,2669,1067,0.39977519670288497,1602,1602,2865.528491101116,79.20679145562596,1.9502321761277983,146.28341945749742,0.7928772258669166,0,0.20712277413308341,20,0,0,80,15,0.7
weight_0_70,route weight,0.70 km,80,524,P2,2669,1102,0.41288872236792806,1567,1567,2799.235674075414,76.11405993250892,0.9567792218258574,423.5734740556644,0.40381125226860254,0.41379310344827586,0.1823956442831216,20,0,0,80,15,0.7
weight_0_70,route weight,0.70 km,80,524,P3-U,2669,1029,0.38553765455226674,1640,1640,2922.8153237358965,76.53209053194442,0.999896690366372,345.44349412325386,0.3333333333333333,0.3323615160349854,0.33430515063168126,20,0,0,80,15,0.7
weight_0_70,route weight,0.70 km,80,524,P3-D,2669,752,0.2817534657174972,1917,1917,2302.159123148287,76.1129174523922,0.999966698181655,314.6372050359519,0.2992021276595745,0.47074468085106386,0.2300531914893617,20,0,0,80,15,0.7
weight_0_70,route weight,0.70 km,80,525,P0,2621,1103,0.4208317436093094,1518,1518,2710.1496844453163,79.92322716046266,2.3000253072108396,810.3370072750992,0,1,0,20,0,0,80,15,0.7
weight_0_70,route weight,0.70 km,80,525,P1,2621,1070,0.4082411293399466,1551,1551,2790.831123700469,79.20671111574003,1.9501995056293084,146.694584527589,0.7925233644859813,0,0.20747663551401868,20,0,0,80,15,0.7
weight_0_70,route weight,0.70 km,80,525,P2,2621,1101,0.4200686760778329,1520,1520,2720.4521141913337,76.11405866249063,0.9567789420325422,423.4363808200328,0.410535876475931,0.4141689373297003,0.17529518619436876,20,0,0,80,15,0.7
weight_0_70,route weight,0.70 km,80,525,P3-U,2621,1027,0.39183517741320106,1594,1594,2841.0687385096744,76.53208821313143,0.9998968054292245,345.1689832907707,0.3339824732229795,0.3330087633885102,0.3330087633885102,20,0,0,80,15,0.7
weight_0_70,route weight,0.70 km,80,525,P3-D,2621,752,0.2869133918351774,1869,1869,2251.7752964097203,76.11405482903415,0.9999682721964731,314.63741702846784,0.30319148936170215,0.47074468085106386,0.22606382978723405,20,0,0,80,15,0.7
weight_0_70,route weight,0.70 km,80,526,P0,2671,1104,0.4133283414451516,1567,1567,2721.178737040106,79.92322649398936,2.300022595723964,811.0717533795812,0,1,0,20,0,0,80,15,0.7
weight_0_70,route weight,0.70 km,80,526,P1,2671,1070,0.4005990265818046,1601,1601,2797.617832171169,79.09407649584026,1.9002639427978678,146.69448909456162,0.7869158878504673,0,0.2130841121495327,20,0,0,80,15,0.7
weight_0_70,route weight,0.70 km,80,526,P2,2671,1102,0.41257955821789594,1569,1569,2737.655227881635,76.11406044422732,0.9567793345607813,423.5730915969654,0.4101633393829401,0.41379310344827586,0.17604355716878403,20,0,0,80,15,0.7
weight_0_70,route weight,0.70 km,80,526,P3-U,2671,1029,0.3852489704230625,1642,1642,2868.3728367898007,76.32214752151536,0.9998935145760752,345.4433091728018,0.3333333333333333,0.3323615160349854,0.33430515063168126,20,0,0,80,15,0.7
weight_0_70,route weight,0.70 km,80,526,P3-D,2671,751,0.2811681018345189,1920,1920,2246.56109901385,76.11405635253526,0.9998943548804883,314.500173619269,0.2956058588548602,0.47137150466045274,0.23302263648468707,20,0,0,80,15,0.7
weight_0_70,route weight,0.70 km,80,527,P0,2693,1102,0.409209060527293,1591,1591,2686.7372220583393,79.92322671614713,2.3000234995529225,809.6022336552574,0,1,0,20,0,0,80,15,0.7
weight_0_70,route weight,0.70 km,80,527,P1,2693,1066,0.39584106943928704,1627,1627,2753.5884872301926,79.20671111574003,1.9501995056293082,146.14630081211521,0.7908067542213884,0,0.20919324577861162,20,0,0,80,15,0.7
weight_0_70,route weight,0.70 km,80,527,P2,2693,1099,0.40809506126995915,1594,1594,2692.1705489299525,76.11405893722679,0.9567790025587029,423.1622548255849,0.41310282074613286,0.41492265696087355,0.17197452229299362,20,0,0,80,15,0.7
weight_0_70,route weight,0.70 km,80,527,P3-U,2693,1027,0.3813590790939473,1666,1666,2813.605811686342,76.5320891663775,0.9996832131570725,345.16903360179117,0.3339824732229795,0.3330087633885102,0.3330087633885102,20,0,0,80,15,0.7
weight_0_70,route weight,0.70 km,80,527,P3-D,2693,752,0.279242480505013,1941,1941,2227.9341646963744,76.11405798282736,0.9999676502373824,314.63732094092245,0.30186170212765956,0.47074468085106386,0.22739361702127658,20,0,0,80,15,0.7
weight_0_70,route weight,0.70 km,80,528,P0,2647,1103,0.4166981488477522,1544,1544,2690.347436608713,79.9232273826204,2.300026211039799,810.3370485481389,0,1,0,20,0,0,80,15,0.7
weight_0_70,route weight,0.70 km,80,528,P1,2647,1071,0.40460899131091804,1576,1576,2762.8174029232537,79.20671137774714,1.950200409457729,146.83162509140334,0.7936507936507936,0,0.20634920634920634,20,0,0,80,15,0.7
weight_0_70,route weight,0.70 km,80,528,P2,2647,1102,0.4163203626747261,1545,1545,2699.6796290033326,76.11405876345431,0.9567789642754935,423.57315849786414,0.41197822141560797,0.41379310344827586,0.17422867513611615,20,0,0,80,15,0.7
weight_0_70,route weight,0.70 km,80,528,P3-U,2647,1027,0.38798639969777104,1620,1620,2823.837430361931,76.53208722183754,0.99985639224226,345.16884703756546,0.3339824732229795,0.3330087633885102,0.3330087633885102,20,0,0,80,15,0.7
weight_0_70,route weight,0.70 km,80,528,P3-D,2647,751,0.2837174159425765,1896,1896,2242.330073272536,76.11291727857403,0.9999990679204631,314.5001118723917,0.2982689747003995,0.47137150466045274,0.2303595206391478,20,0,0,80,15,0.7
weight_0_70,route weight,0.70 km,80,529,P0,2705,1104,0.4081330868761553,1601,1601,2620.47653660094,79.92322627183157,2.3000216918950054,811.0715814085827,0,1,0,20,0,0,80,15,0.7
weight_0_70,route weight,0.70 km,80,529,P1,2705,1068,0.39482439926062846,1637,1637,2705.81873693551,79.73018680726452,2.2000280186810635,146.42052942714975,0.7968164794007491,0,0.20318352059925093,20,0,0,80,15,0.7
weight_0_70,route weight,0.70 km,80,529,P2,2705,1101,0.4070240295748614,1604,1604,2633.9703310968766,76.11405927517283,0.9567790770104174,423.4363023205951,0.410535876475931,0.4141689373297003,0.17529518619436876,20,0,0,80,15,0.7
weight_0_70,route weight,0.70 km,80,529,P3-U,2705,1028,0.3800369685767098,1677,1677,2762.240083452216,76.3221479842726,0.9998958865854174,345.30647297753467,0.3336575875486381,0.3326848249027237,0.3336575875486381,20,0,0,80,15,0.7
weight_0_70,route weight,0.70 km,80,529,P3-D,2705,752,0.27800369685767096,1953,1953,2142.034372591515,76.11405419402429,0.9999684016162625,314.63746220400657,0.300531914893617,0.47074468085106386,0.22872340425531915,20,0,0,80,15,0.7
weight_0_70,route weight,0.70 km,80,530,P0,2691,1103,0.409884801189149,1588,1588,2557.068108024061,79.92322582751596,2.300019884237088,810.3367114849816,0,1,0,20,0,0,80,15,0.7
weight_0_70,route weight,0.70 km,80,530,P1,2691,1064,0.39539204756596064,1627,1627,2639.453160321637,79.31657606568898,2.0001659313023956,145.8723671718927,0.818609022556391,0,0.18139097744360902,20,0,0,80,15,0.7
weight_0_70,route weight,0.70 km,80,530,P2,2691,1102,0.40951319212188775,1589,1589,2566.783957466092,76.11405728460805,0.9567786384761082,423.5732045810213,0.4128856624319419,0.41379310344827586,0.1733212341197822,20,0,0,80,15,0.7
weight_0_70,route weight,0.70 km,80,530,P3-U,2691,1029,0.38238573021181715,1662,1662,2702.6863937889084,76.3209082085734,0.999896284647437,345.4432561385409,0.3333333333333333,0.3323615160349854,0.33430515063168126,20,0,0,80,15,0.7
weight_0_70,route weight,0.70 km,80,530,P3-D,2691,752,0.2794500185804534,1939,1939,2102.2457451670575,76.11405078781871,0.9999676829481549,314.63735039920925,0.30319148936170215,0.47074468085106386,0.22606382978723405,20,0,0,80,15,0.7
