budget,method,method_id,seed,periods,requests,dispatched,completion_rate,first24_completion_rate,late24_service_ratio,final_queue,mean_wait_minutes,late_mean_wait_minutes,late_p95_wait_mean,final_oldest_queue_age,north_completion_rate,central_completion_rate,south_completion_rate,north_route_share,central_route_share,south_route_share,runtime_ms
14,Greedy FIFO,greedy,501,120,15018,4680,0.3116260487415102,0.3491234613950019,0.3018381167365366,10338,18647.24167659286,34650.888779774505,34770.49052841463,38720,0.3148273527420447,0.3101301011898143,0.31292738521654184,0.3333333333333333,0.3333333333333333,0.3333333333333333,170.48287499999998
14,Greedy FIFO,greedy,502,120,14935,4655,0.31168396384332103,0.3606936416184971,0.2914267434420985,10280,18386.77545867179,34259.81147161333,34477.181488624985,38477,0.3121555915721232,0.3090929526806789,0.3189976295292922,0.3323308270676692,0.33533834586466166,0.3323308270676692,216.01712499999996
14,Greedy FIFO,greedy,503,120,15156,4680,0.3087885985748218,0.3492537313432836,0.2943396226415094,10476,18621.30613133322,34563.95776349394,34685.8131882424,38686,0.30703484549638393,0.30788664323374343,0.3132890365448505,0.3333333333333333,0.3333333333333333,0.3333333333333333,125.52983400000005
14,Greedy FIFO,greedy,504,120,14935,4680,0.3133578841647138,0.3502994011976048,0.3036988968202466,10255,18601.939053073485,34549.061979360435,34665.76731700857,38456,0.3139691067830759,0.31422552389400155,0.31007488087134105,0.3333333333333333,0.3333333333333333,0.3333333333333333,109.44804199999999
14,Greedy FIFO,greedy,505,120,14696,4680,0.3184540010887316,0.34373852368710983,0.3088089739359947,10016,18674.742191978658,34645.720823845346,34763.77439908774,38706,0.32173319686113955,0.3173883473135343,0.3183826027862725,0.3333333333333333,0.3333333333333333,0.3333333333333333,130.41874999999993
14,Greedy FIFO,greedy,506,120,14887,4680,0.31436824074696046,0.3439911797133407,0.30478671442526867,10207,18697.84845843507,34677.42519827528,34797.48876357309,38684,0.3193052772211089,0.3135092108255629,0.31203614069054536,0.3333333333333333,0.3333333333333333,0.3333333333333333,92.36929099999998
14,Greedy FIFO,greedy,507,120,14932,4680,0.31342084114653096,0.3388848660391021,0.301255230125523,10252,18781.029915661078,34638.37931260244,34757.0879195725,38578,0.2975801177240026,0.3160202360876897,0.32192010741859683,0.3333333333333333,0.3333333333333333,0.3333333333333333,107.34745800000019
14,Greedy FIFO,greedy,508,120,15103,4680,0.3098722108190426,0.3336898395721925,0.3009646302250804,10423,19006.422855805493,34908.33703870135,35028.50670438782,38949,0.3100033014196104,0.3087501386270378,0.31305201177625125,0.3333333333333333,0.3333333333333333,0.3333333333333333,123.33445800000004
14,Greedy FIFO,greedy,509,120,15068,4680,0.31059198301035307,0.35240963855421686,0.2932330827067669,10388,18574.750874240548,34537.99570264105,34663.07089247947,38739,0.29241516966067865,0.3152665857158627,0.3146853146853147,0.3333333333333333,0.3333333333333333,0.3333333333333333,84.91216700000018
14,Greedy FIFO,greedy,510,120,15073,4680,0.31048895375837593,0.3424807903402854,0.3075911929017417,10393,18707.10886543103,34592.67324220219,34708.404379312604,38576,0.31083361457981773,0.31118688813111867,0.3080490228552501,0.3333333333333333,0.3333333333333333,0.3333333333333333,96.32037500000001
14,Greedy FIFO,greedy,511,120,14783,4680,0.316579855239126,0.35082458770614694,0.312,10103,18460.902709774782,34153.95266107958,34273.899153831444,38155,0.32219159200551345,0.31616982836495033,0.31239669421487604,0.3333333333333333,0.3333333333333333,0.3333333333333333,85.09195799999998
14,Greedy FIFO,greedy,512,120,14929,4680,0.3134838234309063,0.3606936416184971,0.3027166882276843,10249,18310.74010612308,34133.29034321549,34252.647434438906,38138,0.303904326415758,0.31664649576411047,0.31297964631297964,0.3333333333333333,0.3333333333333333,0.3333333333333333,122.83433300000002
14,Greedy FIFO,greedy,513,120,14926,4680,0.3135468310330966,0.350693143499438,0.3050847457627119,10246,18444.9653766452,34109.46597247344,34224.951862746646,38046,0.3112332531776022,0.3178984861976848,0.302870339821841,0.3333333333333333,0.3333333333333333,0.3333333333333333,94.14445799999976
14,Greedy FIFO,greedy,514,120,14983,4680,0.31235400120136153,0.3439911797133407,0.31252086811352253,10303,18777.73921802858,34865.481283862195,34988.616732841605,39064,0.314003294892916,0.31492388043115904,0.302814513394371,0.3333333333333333,0.3333333333333333,0.3333333333333333,84.80999999999995
14,Greedy FIFO,greedy,515,120,14802,4680,0.3161734900689096,0.35267520723436324,0.31388329979879276,10122,18545.77898843095,34306.60233201698,34427.10966619827,38405,0.3249581239530988,0.31523937963587323,0.31003768413840355,0.3333333333333333,0.3333333333333333,0.3333333333333333,92.90366700000004
14,Greedy FIFO,greedy,516,120,14879,4680,0.3145372672894684,0.35320754716981134,0.30678466076696165,10199,18532.35920454141,34419.180529469275,34541.139438638034,38488,0.3094017094017094,0.32122625791402865,0.29922060318536087,0.3333333333333333,0.3333333333333333,0.3333333333333333,142.21241599999985
14,Greedy FIFO,greedy,517,120,14968,4680,0.3126670229823624,0.3561643835616438,0.3046875,10288,18507.878471209104,34440.96338042847,34560.86172260359,38519,0.31644736842105264,0.3117100995414383,0.31168396384332103,0.3333333333333333,0.3333333333333333,0.3333333333333333,90.42491699999982
14,Greedy FIFO,greedy,518,120,15023,4680,0.3115223324236171,0.34873323397913564,0.3026188166828322,10343,18585.334977486717,34408.93131547974,34530.61472274377,38489,0.3146397130746658,0.31384581055450184,0.3013698630136986,0.3333333333333333,0.3333333333333333,0.3333333333333333,84.57425000000012
14,Greedy FIFO,greedy,519,120,14890,4680,0.3143049026192075,0.3619489559164733,0.3008678881388621,10210,18281.192779884568,34184.76131326089,34304.01061739117,38283,0.32323897300855825,0.3131199278629396,0.3087248322147651,0.3333333333333333,0.3333333333333333,0.3333333333333333,102.30408299999999
14,Greedy FIFO,greedy,520,120,15146,4680,0.30899247326026674,0.3544112078758046,0.30077120822622105,10466,18559.755484665435,34441.880199134095,34562.43608552956,38515,0.29937766131673765,0.31267853219072733,0.3075894349715814,0.3333333333333333,0.3333333333333333,0.3333333333333333,89.82091700000001
14,Greedy FIFO,greedy,521,120,15092,4680,0.310098065200106,0.3462819089900111,0.30972865651886167,10412,18637.388858994178,34552.62409369328,34674.77716940745,38645,0.3114478114478115,0.31069348280030773,0.30697982136950047,0.3333333333333333,0.3333333333333333,0.3333333333333333,90.99437500000022
14,Greedy FIFO,greedy,522,120,14972,4680,0.3125834891798023,0.34513274336283184,0.30608240680183124,10292,18732.70313293887,34636.70218454438,34758.70015878993,38764,0.30074942978168784,0.30932062506926744,0.33541666666666664,0.3333333333333333,0.3333333333333333,0.3333333333333333,93.811917
14,Greedy FIFO,greedy,523,120,15011,4680,0.3117713676637133,0.35174746335963925,0.30809743252139565,10331,18615.04006219917,34561.256995713644,34682.4876509026,38587,0.30738916256157633,0.3115282096845846,0.31701553004726535,0.3333333333333333,0.3333333333333333,0.3333333333333333,84.37308299999995
14,Greedy FIFO,greedy,524,120,14954,4680,0.3129597432125184,0.350693143499438,0.3116883116883117,10274,18629.445709484113,34455.53149481207,34578.910272400615,38552,0.31495263870094725,0.3063711911357341,0.33097880928355194,0.3333333333333333,0.3333333333333333,0.3333333333333333,124.708666
14,Greedy FIFO,greedy,525,120,15123,4680,0.3094624082523309,0.3571156047310187,0.2980891719745223,10443,18488.934381198826,34309.70575574721,34429.02060785403,38272,0.2999019928128063,0.30985446061548716,0.3178699771316563,0.3333333333333333,0.3333333333333333,0.3333333333333333,89.29712500000005
14,Greedy FIFO,greedy,526,120,15150,4655,0.30726072607260724,0.35043055035567205,0.2980891719745223,10495,18643.050920064914,34788.12038210505,34909.685962901414,38849,0.30990932642487046,0.31152785438499725,0.29162495829162494,0.3323308270676692,0.33533834586466166,0.3323308270676692,85.78337499999998
14,Greedy FIFO,greedy,527,120,14897,4655,0.31247902262200444,0.3475677682881545,0.31728813559322033,10242,18719.329704655876,34760.056521258775,34880.05429501419,38814,0.3033288043478261,0.31340620120455054,0.3187144291931704,0.3323308270676692,0.33533834586466166,0.3323308270676692,104.74804200000017
14,Greedy FIFO,greedy,528,120,15067,4680,0.31061259706643657,0.35360785795239896,0.2962962962962963,10387,18531.25271867819,34396.06862354236,34517.943897817444,38394,0.3148697659083416,0.31063829787234043,0.30637886597938147,0.3333333333333333,0.3333333333333333,0.3333333333333333,84.06183400000009
14,Greedy FIFO,greedy,529,120,14874,4680,0.31464300121016536,0.3460258780036969,0.3162162162162162,10194,18599.178092800747,34468.48288031502,34586.97368483456,38452,0.3118862174060278,0.31351472399507335,0.32073578595317725,0.3333333333333333,0.3333333333333333,0.3333333333333333,83.66337500000009
14,Greedy FIFO,greedy,530,120,15004,4680,0.3119168221807518,0.34782608695652173,0.2893353941267388,10324,18595.066523247613,34557.289510183495,34676.85658887893,38600,0.3139458030403173,0.315641515798943,0.2991896272285251,0.3333333333333333,0.3333333333333333,0.3333333333333333,132.60841600000003
14,Rolling 3 fair,rolling3_fair,501,120,15018,4680,0.3116260487415102,0.3491234613950019,0.3018381167365366,10338,18648.166287942026,34651.554777320394,34769.75546007205,38720,0.3148273527420447,0.3101301011898143,0.31292738521654184,0.3333333333333333,0.3333333333333333,0.3333333333333333,241.84308299999975
14,Rolling 3 fair,rolling3_fair,502,120,14935,4680,0.3133578841647138,0.3606936416184971,0.29942418426103645,10255,18493.624090625548,34366.521519376394,34483.693904236156,38396,0.3141004862236629,0.31055411936607846,0.3210294615645107,0.3333333333333333,0.3333333333333333,0.3333333333333333,233.14270899999974
14,Rolling 3 fair,rolling3_fair,503,120,15156,4680,0.3087885985748218,0.3492537313432836,0.2943396226415094,10476,18622.200242610397,34564.878322560384,34685.25124006907,38686,0.30703484549638393,0.30788664323374343,0.3132890365448505,0.3333333333333333,0.3333333333333333,0.3333333333333333,171.51808299999993
14,Rolling 3 fair,rolling3_fair,504,120,14935,4680,0.3133578841647138,0.3502994011976048,0.3036988968202466,10255,18602.867000991162,34550.030053960756,34665.22063022825,38456,0.3139691067830759,0.31422552389400155,0.31007488087134105,0.3333333333333333,0.3333333333333333,0.3333333333333333,127.5565000000006
14,Rolling 3 fair,rolling3_fair,505,120,14696,4680,0.3184540010887316,0.34373852368710983,0.3088089739359947,10016,18675.604557207058,34646.775239090806,34763.581556967874,38706,0.32173319686113955,0.3173883473135343,0.3183826027862725,0.3333333333333333,0.3333333333333333,0.3333333333333333,222.02695800000038
14,Rolling 3 fair,rolling3_fair,506,120,14887,4680,0.31436824074696046,0.3439911797133407,0.30478671442526867,10207,18698.654425201177,34678.20954049226,34796.72553413245,38684,0.3193052772211089,0.3135092108255629,0.31203614069054536,0.3333333333333333,0.3333333333333333,0.3333333333333333,162.81945799999994
14,Rolling 3 fair,rolling3_fair,507,120,14932,4680,0.31342084114653096,0.3388848660391021,0.301255230125523,10252,18781.91623237764,34639.32558413686,34756.34626782196,38578,0.2975801177240026,0.3160202360876897,0.32192010741859683,0.3333333333333333,0.3333333333333333,0.3333333333333333,276.33500000000004
14,Rolling 3 fair,rolling3_fair,508,120,15103,4680,0.3098722108190426,0.3336898395721925,0.3009646302250804,10423,19007.196116919393,34909.208419333925,35027.84642132179,38949,0.3100033014196104,0.3087501386270378,0.31305201177625125,0.3333333333333333,0.3333333333333333,0.3333333333333333,224.886125
14,Rolling 3 fair,rolling3_fair,509,120,15068,4680,0.31059198301035307,0.35240963855421686,0.2932330827067669,10388,18575.61459559071,34538.872630459635,34662.244188003046,38739,0.29241516966067865,0.3152665857158627,0.3146853146853147,0.3333333333333333,0.3333333333333333,0.3333333333333333,160.04004199999963
14,Rolling 3 fair,rolling3_fair,510,120,15073,4680,0.31048895375837593,0.3424807903402854,0.3075911929017417,10393,18707.93780755398,34593.63684746021,34707.86544393535,38576,0.31083361457981773,0.31118688813111867,0.3080490228552501,0.3333333333333333,0.3333333333333333,0.3333333333333333,282.45645799999966
14,Rolling 3 fair,rolling3_fair,511,120,14783,4680,0.316579855239126,0.35082458770614694,0.312,10103,18461.763536940096,34154.761000244034,34273.31958727886,38155,0.32219159200551345,0.31616982836495033,0.31239669421487604,0.3333333333333333,0.3333333333333333,0.3333333333333333,207.44737499999974
14,Rolling 3 fair,rolling3_fair,512,120,14929,4680,0.3134838234309063,0.3606936416184971,0.3027166882276843,10249,18311.625644674634,34134.22838504556,34251.813725062486,38138,0.303904326415758,0.31664649576411047,0.31297964631297964,0.3333333333333333,0.3333333333333333,0.3333333333333333,167.88195900000028
14,Rolling 3 fair,rolling3_fair,513,120,14926,4680,0.3135468310330966,0.350693143499438,0.3050847457627119,10246,18445.88351849727,34110.3534315073,34224.30473921928,38046,0.3112332531776022,0.3178984861976848,0.302870339821841,0.3333333333333333,0.3333333333333333,0.3333333333333333,258.61424999999963
14,Rolling 3 fair,rolling3_fair,514,120,14983,4680,0.31235400120136153,0.3439911797133407,0.31252086811352253,10303,18778.575548629113,34866.37121254408,34987.85252879444,39064,0.314003294892916,0.31492388043115904,0.302814513394371,0.3333333333333333,0.3333333333333333,0.3333333333333333,181.83462500000041
14,Rolling 3 fair,rolling3_fair,515,120,14802,4680,0.3161734900689096,0.35267520723436324,0.31388329979879276,10122,18546.656889121932,34307.28019062048,34425.93691391346,38405,0.3249581239530988,0.31523937963587323,0.31003768413840355,0.3333333333333333,0.3333333333333333,0.3333333333333333,173.80462499999976
14,Rolling 3 fair,rolling3_fair,516,120,14879,4680,0.3145372672894684,0.35320754716981134,0.30678466076696165,10199,18533.226062625483,34419.91206283329,34540.031043380506,38488,0.3094017094017094,0.32122625791402865,0.29922060318536087,0.3333333333333333,0.3333333333333333,0.3333333333333333,136.393959
14,Rolling 3 fair,rolling3_fair,517,120,14968,4680,0.3126670229823624,0.3561643835616438,0.3046875,10288,18508.885954025856,34441.92331613907,34560.442821578814,38519,0.31644736842105264,0.3117100995414383,0.31168396384332103,0.3333333333333333,0.3333333333333333,0.3333333333333333,236.41550000000007
14,Rolling 3 fair,rolling3_fair,518,120,15023,4680,0.3115223324236171,0.34873323397913564,0.3026188166828322,10343,18586.275698306537,34409.90541562717,34529.85961173212,38489,0.3146397130746658,0.31384581055450184,0.3013698630136986,0.3333333333333333,0.3333333333333333,0.3333333333333333,166.20833299999958
14,Rolling 3 fair,rolling3_fair,519,120,14890,4680,0.3143049026192075,0.3619489559164733,0.3008678881388621,10210,18282.059771881446,34185.68349983563,34303.26062380987,38283,0.32323897300855825,0.3131199278629396,0.3087248322147651,0.3333333333333333,0.3333333333333333,0.3333333333333333,289.5575829999998
14,Rolling 3 fair,rolling3_fair,520,120,15146,4680,0.30899247326026674,0.3544112078758046,0.30077120822622105,10466,18560.60343682134,34442.81727770293,34561.7314417978,38515,0.29937766131673765,0.31267853219072733,0.3075894349715814,0.3333333333333333,0.3333333333333333,0.3333333333333333,222.7655420000001
14,Rolling 3 fair,rolling3_fair,521,120,15092,4680,0.310098065200106,0.3462819089900111,0.30972865651886167,10412,18638.221612086927,34553.58754804298,34674.14520093929,38645,0.3114478114478115,0.31069348280030773,0.30697982136950047,0.3333333333333333,0.3333333333333333,0.3333333333333333,154.55554200000006
14,Rolling 3 fair,rolling3_fair,522,120,14972,4680,0.3125834891798023,0.34513274336283184,0.30608240680183124,10292,18733.495790381967,34637.66971228256,34758.43386746578,38764,0.30074942978168784,0.30932062506926744,0.33541666666666664,0.3333333333333333,0.3333333333333333,0.3333333333333333,275.54720799999996
14,Rolling 3 fair,rolling3_fair,523,120,15011,4680,0.3117713676637133,0.35174746335963925,0.30809743252139565,10331,18615.906400307464,34562.06185723563,34681.69583801332,38587,0.30738916256157633,0.3115282096845846,0.31701553004726535,0.3333333333333333,0.3333333333333333,0.3333333333333333,200.52920799999993
14,Rolling 3 fair,rolling3_fair,524,120,14954,4680,0.3129597432125184,0.350693143499438,0.3116883116883117,10274,18630.41966206495,34456.5548288163,34578.520277259944,38552,0.31495263870094725,0.3063711911357341,0.33097880928355194,0.3333333333333333,0.3333333333333333,0.3333333333333333,142.6593750000011
14,Rolling 3 fair,rolling3_fair,525,120,15123,4680,0.3094624082523309,0.3571156047310187,0.2980891719745223,10443,18489.95541890216,34310.74627951985,34428.65316500998,38272,0.2999019928128063,0.30985446061548716,0.3178699771316563,0.3333333333333333,0.3333333333333333,0.3333333333333333,254.9233750000003
14,Rolling 3 fair,rolling3_fair,526,120,15150,4680,0.3089108910891089,0.35043055035567205,0.2980891719745223,10470,18665.788722795864,34697.27708874055,34815.183775709294,38755,0.31120466321243523,0.3129619415333701,0.29429429429429427,0.3333333333333333,0.3333333333333333,0.3333333333333333,180.1319999999996
14,Rolling 3 fair,rolling3_fair,527,120,14897,4680,0.31415721286165,0.3475677682881545,0.31728813559322033,10217,18677.48987929679,34668.9337168092,34789.815535352995,38734,0.30434782608695654,0.31563685032344413,0.3193839973217275,0.3333333333333333,0.3333333333333333,0.3333333333333333,133.28645799999867
14,Rolling 3 fair,rolling3_fair,528,120,15067,4680,0.31061259706643657,0.35360785795239896,0.2962962962962963,10387,18532.142488356436,34396.75122351797,34517.07895644233,38394,0.3148697659083416,0.31063829787234043,0.30637886597938147,0.3333333333333333,0.3333333333333333,0.3333333333333333,239.2162500000013
14,Rolling 3 fair,rolling3_fair,529,120,14874,4680,0.31464300121016536,0.3460258780036969,0.3162162162162162,10194,18600.052598008097,34469.173763549625,34586.30668757379,38452,0.3118862174060278,0.31351472399507335,0.32073578595317725,0.3333333333333333,0.3333333333333333,0.3333333333333333,163.64949999999953
14,Rolling 3 fair,rolling3_fair,530,120,15004,4680,0.3119168221807518,0.34782608695652173,0.2893353941267388,10324,18595.95356679532,34558.08691615991,34676.06788332213,38600,0.3139458030403173,0.315641515798943,0.2991896272285251,0.3333333333333333,0.3333333333333333,0.3333333333333333,284.6544159999994
14,Rolling 10 fair,rolling10_fair,501,120,15018,4680,0.3116260487415102,0.3491234613950019,0.3018381167365366,10338,18648.166287942026,34651.554777320394,34769.75546007205,38720,0.3148273527420447,0.3101301011898143,0.31292738521654184,0.3333333333333333,0.3333333333333333,0.3333333333333333,270.0851669999993
14,Rolling 10 fair,rolling10_fair,502,120,14935,4680,0.3133578841647138,0.3606936416184971,0.29942418426103645,10255,18493.624090625548,34366.521519376394,34483.693904236156,38396,0.3141004862236629,0.31055411936607846,0.3210294615645107,0.3333333333333333,0.3333333333333333,0.3333333333333333,262.1069580000003
14,Rolling 10 fair,rolling10_fair,503,120,15156,4680,0.3087885985748218,0.3492537313432836,0.2943396226415094,10476,18622.200242610397,34564.878322560384,34685.25124006907,38686,0.30703484549638393,0.30788664323374343,0.3132890365448505,0.3333333333333333,0.3333333333333333,0.3333333333333333,259.5661250000012
14,Rolling 10 fair,rolling10_fair,504,120,14935,4680,0.3133578841647138,0.3502994011976048,0.3036988968202466,10255,18602.867000991162,34550.030053960756,34665.22063022825,38456,0.3139691067830759,0.31422552389400155,0.31007488087134105,0.3333333333333333,0.3333333333333333,0.3333333333333333,249.9310829999995
14,Rolling 10 fair,rolling10_fair,505,120,14696,4680,0.3184540010887316,0.34373852368710983,0.3088089739359947,10016,18675.604557207058,34646.775239090806,34763.581556967874,38706,0.32173319686113955,0.3173883473135343,0.3183826027862725,0.3333333333333333,0.3333333333333333,0.3333333333333333,197.31475000000137
14,Rolling 10 fair,rolling10_fair,506,120,14887,4680,0.31436824074696046,0.3439911797133407,0.30478671442526867,10207,18698.654425201177,34678.20954049226,34796.72553413245,38684,0.3193052772211089,0.3135092108255629,0.31203614069054536,0.3333333333333333,0.3333333333333333,0.3333333333333333,283.27416600000106
14,Rolling 10 fair,rolling10_fair,507,120,14932,4680,0.31342084114653096,0.3388848660391021,0.301255230125523,10252,18781.91623237764,34639.32558413686,34756.34626782196,38578,0.2975801177240026,0.3160202360876897,0.32192010741859683,0.3333333333333333,0.3333333333333333,0.3333333333333333,278.86954200000037
14,Rolling 10 fair,rolling10_fair,508,120,15103,4680,0.3098722108190426,0.3336898395721925,0.3009646302250804,10423,19007.196116919393,34909.208419333925,35027.84642132179,38949,0.3100033014196104,0.3087501386270378,0.31305201177625125,0.3333333333333333,0.3333333333333333,0.3333333333333333,270.60549999999967
14,Rolling 10 fair,rolling10_fair,509,120,15068,4680,0.31059198301035307,0.35240963855421686,0.2932330827067669,10388,18575.61459559071,34538.872630459635,34662.244188003046,38739,0.29241516966067865,0.3152665857158627,0.3146853146853147,0.3333333333333333,0.3333333333333333,0.3333333333333333,265.92720799999915
14,Rolling 10 fair,rolling10_fair,510,120,15073,4680,0.31048895375837593,0.3424807903402854,0.3075911929017417,10393,18707.93780755398,34593.63684746021,34707.86544393535,38576,0.31083361457981773,0.31118688813111867,0.3080490228552501,0.3333333333333333,0.3333333333333333,0.3333333333333333,262.3327499999996
14,Rolling 10 fair,rolling10_fair,511,120,14783,4680,0.316579855239126,0.35082458770614694,0.312,10103,18461.763536940096,34154.761000244034,34273.31958727886,38155,0.32219159200551345,0.31616982836495033,0.31239669421487604,0.3333333333333333,0.3333333333333333,0.3333333333333333,253.6059580000001
14,Rolling 10 fair,rolling10_fair,512,120,14929,4680,0.3134838234309063,0.3606936416184971,0.3027166882276843,10249,18311.625644674634,34134.22838504556,34251.813725062486,38138,0.303904326415758,0.31664649576411047,0.31297964631297964,0.3333333333333333,0.3333333333333333,0.3333333333333333,216.4752499999995
14,Rolling 10 fair,rolling10_fair,513,120,14926,4680,0.3135468310330966,0.350693143499438,0.3050847457627119,10246,18445.88351849727,34110.3534315073,34224.30473921928,38046,0.3112332531776022,0.3178984861976848,0.302870339821841,0.3333333333333333,0.3333333333333333,0.3333333333333333,307.95258300000023
14,Rolling 10 fair,rolling10_fair,514,120,14983,4680,0.31235400120136153,0.3439911797133407,0.31252086811352253,10303,18778.575548629113,34866.37121254408,34987.85252879444,39064,0.314003294892916,0.31492388043115904,0.302814513394371,0.3333333333333333,0.3333333333333333,0.3333333333333333,287.36191599999984
14,Rolling 10 fair,rolling10_fair,515,120,14802,4680,0.3161734900689096,0.35267520723436324,0.31388329979879276,10122,18546.656889121932,34307.28019062048,34425.93691391346,38405,0.3249581239530988,0.31523937963587323,0.31003768413840355,0.3333333333333333,0.3333333333333333,0.3333333333333333,287.6806669999987
14,Rolling 10 fair,rolling10_fair,516,120,14879,4680,0.3145372672894684,0.35320754716981134,0.30678466076696165,10199,18533.226062625483,34419.91206283329,34540.031043380506,38488,0.3094017094017094,0.32122625791402865,0.29922060318536087,0.3333333333333333,0.3333333333333333,0.3333333333333333,274.6461249999993
14,Rolling 10 fair,rolling10_fair,517,120,14968,4680,0.3126670229823624,0.3561643835616438,0.3046875,10288,18508.885954025856,34441.92331613907,34560.442821578814,38519,0.31644736842105264,0.3117100995414383,0.31168396384332103,0.3333333333333333,0.3333333333333333,0.3333333333333333,285.2211669999997
14,Rolling 10 fair,rolling10_fair,518,120,15023,4680,0.3115223324236171,0.34873323397913564,0.3026188166828322,10343,18586.275698306537,34409.90541562717,34529.85961173212,38489,0.3146397130746658,0.31384581055450184,0.3013698630136986,0.3333333333333333,0.3333333333333333,0.3333333333333333,268.14837499999885
14,Rolling 10 fair,rolling10_fair,519,120,14890,4680,0.3143049026192075,0.3619489559164733,0.3008678881388621,10210,18282.059771881446,34185.68349983563,34303.26062380987,38283,0.32323897300855825,0.3131199278629396,0.3087248322147651,0.3333333333333333,0.3333333333333333,0.3333333333333333,255.92016700000022
14,Rolling 10 fair,rolling10_fair,520,120,15146,4680,0.30899247326026674,0.3544112078758046,0.30077120822622105,10466,18560.60343682134,34442.81727770293,34561.7314417978,38515,0.29937766131673765,0.31267853219072733,0.3075894349715814,0.3333333333333333,0.3333333333333333,0.3333333333333333,255.70566599999984
14,Rolling 10 fair,rolling10_fair,521,120,15092,4680,0.310098065200106,0.3462819089900111,0.30972865651886167,10412,18638.221612086927,34553.58754804298,34674.14520093929,38645,0.3114478114478115,0.31069348280030773,0.30697982136950047,0.3333333333333333,0.3333333333333333,0.3333333333333333,295.8522499999981
14,Rolling 10 fair,rolling10_fair,522,120,14972,4680,0.3125834891798023,0.34513274336283184,0.30608240680183124,10292,18733.495790381967,34637.66971228256,34758.43386746578,38764,0.30074942978168784,0.30932062506926744,0.33541666666666664,0.3333333333333333,0.3333333333333333,0.3333333333333333,302.25987499999974
14,Rolling 10 fair,rolling10_fair,523,120,15011,4680,0.3117713676637133,0.35174746335963925,0.30809743252139565,10331,18615.906400307464,34562.06185723563,34681.69583801332,38587,0.30738916256157633,0.3115282096845846,0.31701553004726535,0.3333333333333333,0.3333333333333333,0.3333333333333333,282.4356250000019
14,Rolling 10 fair,rolling10_fair,524,120,14954,4680,0.3129597432125184,0.350693143499438,0.3116883116883117,10274,18630.41966206495,34456.5548288163,34578.520277259944,38552,0.31495263870094725,0.3063711911357341,0.33097880928355194,0.3333333333333333,0.3333333333333333,0.3333333333333333,270.57508400000006
14,Rolling 10 fair,rolling10_fair,525,120,15123,4680,0.3094624082523309,0.3571156047310187,0.2980891719745223,10443,18489.95541890216,34310.74627951985,34428.65316500998,38272,0.2999019928128063,0.30985446061548716,0.3178699771316563,0.3333333333333333,0.3333333333333333,0.3333333333333333,267.76274999999805
14,Rolling 10 fair,rolling10_fair,526,120,15150,4680,0.3089108910891089,0.35043055035567205,0.2980891719745223,10470,18665.788722795864,34697.27708874055,34815.183775709294,38755,0.31120466321243523,0.3129619415333701,0.29429429429429427,0.3333333333333333,0.3333333333333333,0.3333333333333333,257.2201669999995
14,Rolling 10 fair,rolling10_fair,527,120,14897,4680,0.31415721286165,0.3475677682881545,0.31728813559322033,10217,18677.48987929679,34668.9337168092,34789.815535352995,38734,0.30434782608695654,0.31563685032344413,0.3193839973217275,0.3333333333333333,0.3333333333333333,0.3333333333333333,256.22258299999885
14,Rolling 10 fair,rolling10_fair,528,120,15067,4680,0.31061259706643657,0.35360785795239896,0.2962962962962963,10387,18532.142488356436,34396.75122351797,34517.07895644233,38394,0.3148697659083416,0.31063829787234043,0.30637886597938147,0.3333333333333333,0.3333333333333333,0.3333333333333333,226.80262500000026
14,Rolling 10 fair,rolling10_fair,529,120,14874,4680,0.31464300121016536,0.3460258780036969,0.3162162162162162,10194,18600.052598008097,34469.173763549625,34586.30668757379,38452,0.3118862174060278,0.31351472399507335,0.32073578595317725,0.3333333333333333,0.3333333333333333,0.3333333333333333,285.1242920000004
14,Rolling 10 fair,rolling10_fair,530,120,15004,4680,0.3119168221807518,0.34782608695652173,0.2893353941267388,10324,18595.95356679532,34558.08691615991,34676.06788332213,38600,0.3139458030403173,0.315641515798943,0.2991896272285251,0.3333333333333333,0.3333333333333333,0.3333333333333333,280.1527920000008
14,Rolling 30 throughput,rolling30_throughput,501,120,15018,4680,0.3116260487415102,0.3491234613950019,0.3018381167365366,10338,18646.88733608503,34650.70997282999,34827.194290131956,38754,0.3158429248476642,0.30924052040475924,0.3145555193747965,0.3333333333333333,0.3333333333333333,0.3333333333333333,414.9818750000013
14,Rolling 30 throughput,rolling30_throughput,502,120,14935,4680,0.3133578841647138,0.3606936416184971,0.29942418426103645,10255,18492.297368558,34365.245771310474,34545.99297799298,38473,0.3153970826580227,0.3092053501180173,0.3237385709448019,0.3333333333333333,0.3333333333333333,0.3333333333333333,419.8552090000012
14,Rolling 30 throughput,rolling30_throughput,503,120,15156,4680,0.3087885985748218,0.3492537313432836,0.2943396226415094,10476,18620.865976594112,34564.15789098043,34743.125958357996,38767,0.3086785009861933,0.30656854130052724,0.31561461794019935,0.3333333333333333,0.3333333333333333,0.3333333333333333,414.7431250000009
14,Rolling 30 throughput,rolling30_throughput,504,120,14935,4680,0.3133578841647138,0.3502994011976048,0.3036988968202466,10255,18601.40508733366,34548.96027287408,34728.36287513998,38569,0.3169912693082606,0.31256236833351814,0.31211708645336966,0.3333333333333333,0.3333333333333333,0.3333333333333333,419.7428749999999
14,Rolling 30 throughput,rolling30_throughput,505,120,14696,4680,0.3184540010887316,0.34373852368710983,0.3088089739359947,10016,18674.25695954008,34645.4609674237,34821.30636041375,38788,0.32446264073694986,0.3159147585581501,0.3200815494393476,0.3333333333333333,0.3333333333333333,0.3333333333333333,410.1031249999978
14,Rolling 30 throughput,rolling30_throughput,506,120,14887,4680,0.31436824074696046,0.3439911797133407,0.30478671442526867,10207,18697.258159549867,34676.787992813,34854.873886516834,38753,0.3216432865731463,0.3122583579713441,0.31332687963859307,0.3333333333333333,0.3333333333333333,0.3333333333333333,416.2542500000018
14,Rolling 30 throughput,rolling30_throughput,507,120,14932,4680,0.31342084114653096,0.3388848660391021,0.301255230125523,10252,18780.44363257998,34637.6113349569,34820.429442072396,38703,0.2998691955526488,0.31467116357504216,0.32359852299429337,0.3333333333333333,0.3333333333333333,0.3333333333333333,408.2116249999999
14,Rolling 30 throughput,rolling30_throughput,508,120,15103,4680,0.3098722108190426,0.3336898395721925,0.3009646302250804,10423,19005.9779243093,34908.39879009396,35085.34691440993,38993,0.3119841531858699,0.3076411223244982,0.31436048413477263,0.3333333333333333,0.3333333333333333,0.3333333333333333,414.9113749999997
14,Rolling 30 throughput,rolling30_throughput,509,120,15068,4680,0.31059198301035307,0.35240963855421686,0.2932330827067669,10388,18574.371602779138,34537.709828201565,34711.23979348133,38804,0.2940785096473719,0.3140523236560327,0.3166833166833167,0.3333333333333333,0.3333333333333333,0.3333333333333333,426.8395840000012
14,Rolling 30 throughput,rolling30_throughput,510,120,15073,4680,0.31048895375837593,0.3424807903402854,0.3075911929017417,10393,18706.791342161443,34592.92315811879,34767.26565291776,38639,0.3111711103611205,0.3101968980310197,0.31069890692282215,0.3333333333333333,0.3333333333333333,0.3333333333333333,427.6342909999985
14,Rolling 30 throughput,rolling30_throughput,511,120,14783,4680,0.316579855239126,0.35082458770614694,0.312,10103,18460.513099261167,34154.21423944124,34327.65055162413,38207,0.3239145416953825,0.3149277326106594,0.3143801652892562,0.3333333333333333,0.3333333333333333,0.3333333333333333,412.10054200000013
14,Rolling 30 throughput,rolling30_throughput,512,120,14929,4680,0.3134838234309063,0.3606936416184971,0.3027166882276843,10249,18310.55489006878,34133.76367986983,34312.50065135837,38168,0.30601477312697856,0.31576631092529434,0.31364698031364696,0.3333333333333333,0.3333333333333333,0.3333333333333333,410.40954200000124
14,Rolling 30 throughput,rolling30_throughput,513,120,14926,4680,0.3135468310330966,0.350693143499438,0.3050847457627119,10246,18444.540988393448,34109.22426899,34288.08797487422,38116,0.3132944005496393,0.3165627782724844,0.30484988452655887,0.3333333333333333,0.3333333333333333,0.3333333333333333,407.10066700000243
14,Rolling 30 throughput,rolling30_throughput,514,120,14983,4680,0.31235400120136153,0.3439911797133407,0.31252086811352253,10303,18777.12364509485,34864.938786318,35038.70418883834,39157,0.31663920922570016,0.3132570285587287,0.3051881993896236,0.3333333333333333,0.3333333333333333,0.3333333333333333,411.1331250000003
14,Rolling 30 throughput,rolling30_throughput,515,120,14802,4680,0.3161734900689096,0.35267520723436324,0.31388329979879276,10122,18545.279983534765,34306.28227710619,34483.96312837404,38479,0.3269681742043551,0.3136659923578332,0.3127783487495718,0.3333333333333333,0.3333333333333333,0.3333333333333333,415.00524999999834
14,Rolling 30 throughput,rolling30_throughput,516,120,14879,4680,0.3145372672894684,0.35320754716981134,0.30678466076696165,10199,18532.08237901038,34419.22229850328,34592.018683929586,38582,0.30974358974358973,0.32044873930911916,0.30125381226702813,0.3333333333333333,0.3333333333333333,0.3333333333333333,387.5812909999986
14,Rolling 30 throughput,rolling30_throughput,517,120,14968,4680,0.3126670229823624,0.3561643835616438,0.3046875,10288,18507.48003169384,34440.8792140283,34615.30348290172,38598,0.3180921052631579,0.31059165641427133,0.3133578841647138,0.3333333333333333,0.3333333333333333,0.3333333333333333,411.73416599999837
14,Rolling 30 throughput,rolling30_throughput,518,120,15023,4680,0.3115223324236171,0.34873323397913564,0.3026188166828322,10343,18585.022012819976,34409.302537892174,34592.4741397509,38564,0.3165960221715031,0.3128416824723865,0.3023722018042098,0.3333333333333333,0.3333333333333333,0.3333333333333333,412.442750000002
14,Rolling 30 throughput,rolling30_throughput,519,120,14890,4680,0.3143049026192075,0.3619489559164733,0.3008678881388621,10210,18280.806107787772,34184.36384949221,34363.91267567149,38347,0.3248847926267281,0.3121055004508566,0.3100671140939597,0.3333333333333333,0.3333333333333333,0.3333333333333333,417.1043329999993
14,Rolling 30 throughput,rolling30_throughput,520,120,15146,4680,0.30899247326026674,0.3544112078758046,0.30077120822622105,10466,18559.425832014003,34442.51999470688,34621.56929013196,38592,0.3019980347199476,0.3115798725554823,0.30825810765630224,0.3333333333333333,0.3333333333333333,0.3333333333333333,422.49845899999855
14,Rolling 30 throughput,rolling30_throughput,521,120,15092,4680,0.310098065200106,0.3462819089900111,0.30972865651886167,10412,18637.0022509631,34553.15705378075,34724.13570356457,38701,0.31414141414141417,0.3093746565556655,0.30830301025471385,0.3333333333333333,0.3333333333333333,0.3333333333333333,414.4449170000007
14,Rolling 30 throughput,rolling30_throughput,522,120,14972,4680,0.3125834891798023,0.34513274336283184,0.30608240680183124,10292,18732.344964610842,34637.86653616553,34818.36989633432,38808,0.3033561420658195,0.3084340019949019,0.33541666666666664,0.3333333333333333,0.3333333333333333,0.3333333333333333,413.07908300000054
14,Rolling 30 throughput,rolling30_throughput,523,120,15011,4680,0.3117713676637133,0.35174746335963925,0.30809743252139565,10331,18614.546558909566,34560.53604300534,34750.91378834197,38678,0.309688013136289,0.31008440693025324,0.3190411883862255,0.3333333333333333,0.3333333333333333,0.3333333333333333,417.91349999999875
14,Rolling 30 throughput,rolling30_throughput,524,120,14954,4680,0.3129597432125184,0.350693143499438,0.3116883116883117,10274,18629.027455442498,34455.38657560443,34637.3173717906,38573,0.3152909336941813,0.30548476454293627,0.3333333333333333,0.3333333333333333,0.3333333333333333,0.3333333333333333,421.20629199999894
14,Rolling 30 throughput,rolling30_throughput,525,120,15123,4680,0.3094624082523309,0.3571156047310187,0.2980891719745223,10443,18488.51987838314,34309.50141814958,34484.903736135784,38352,0.30120875530872265,0.3086323741806466,0.32015681149951,0.3333333333333333,0.3333333333333333,0.3333333333333333,416.15408300000126
14,Rolling 30 throughput,rolling30_throughput,526,120,15150,4680,0.3089108910891089,0.35043055035567205,0.2980891719745223,10470,18664.62368360798,34696.36862370859,34866.4460549735,38825,0.3118523316062176,0.311969111969112,0.29662996329662994,0.3333333333333333,0.3333333333333333,0.3333333333333333,415.37824999999793
14,Rolling 30 throughput,rolling30_throughput,527,120,14897,4680,0.31415721286165,0.3475677682881545,0.31728813559322033,10217,18676.19306159655,34667.03582753084,34841.231966616106,38773,0.30570652173913043,0.31440999330805264,0.32172748577167726,0.3333333333333333,0.3333333333333333,0.3333333333333333,413.85629100000006
14,Rolling 30 throughput,rolling30_throughput,528,120,15067,4680,0.31061259706643657,0.35360785795239896,0.2962962962962963,10387,18530.636835902256,34395.752971535854,34574.298687048344,38524,0.31717771183646554,0.3089585666293393,0.3089561855670103,0.3333333333333333,0.3333333333333333,0.3333333333333333,418.32679199999984
14,Rolling 30 throughput,rolling30_throughput,529,120,14874,4680,0.31464300121016536,0.3460258780036969,0.3162162162162162,10194,18598.822456701153,34468.77257906784,34643.1743392194,38501,0.3132407720961734,0.3123950285522338,0.32274247491638797,0.3333333333333333,0.3333333333333333,0.3333333333333333,405.606667
14,Rolling 30 throughput,rolling30_throughput,530,120,15004,4680,0.3119168221807518,0.34782608695652173,0.2893353941267388,10324,18594.438657058305,34556.92936572883,34732.20929169134,38684,0.3162590879048249,0.31406724389969637,0.3014586709886548,0.3333333333333333,0.3333333333333333,0.3333333333333333,408.5331670000014
14.05,Greedy FIFO,greedy,501,120,15018,2760,0.18377946464242909,0.20589332338679597,0.1780070944856498,12258,22197.976865818702,40878.015378370015,40944.962399859425,45831,0.18280297901150983,0.1816968753474925,0.19081732334744383,0.30434782608695654,0.6086956521739131,0.08695652173913043,131.1773749999993
14.05,Greedy FIFO,greedy,502,120,14935,2760,0.18480080348175426,0.21271676300578035,0.1765834932821497,12175,22123.546701601095,40633.079825084285,40696.652854121356,45469,0.18833063209076176,0.1818590536135776,0.18997629529292245,0.3184782608695652,0.6086956521739131,0.07282608695652174,161.53470799999923
14.05,Greedy FIFO,greedy,503,120,15156,2760,0.18210609659540775,0.20597014925373133,0.17358490566037735,12396,22203.080954746736,40923.30476136086,40988.35704377236,45839,0.1722550953320184,0.18464411247803164,0.18438538205980065,0.3173913043478261,0.6086956521739131,0.07391304347826087,206.83637499999895
14.05,Greedy FIFO,greedy,504,120,14935,2760,0.18480080348175426,0.20658682634730538,0.1791044776119403,12175,22149.777334566876,40892.07681077487,40957.27497660934,45718,0.18032236400268636,0.1864951768488746,0.18413886997957796,0.3170289855072464,0.6086956521739131,0.07427536231884058,105.56666699999914
14.05,Greedy FIFO,greedy,505,120,14696,2760,0.18780620577027762,0.2027175908923981,0.18211811283404816,11936,22228.178152618035,41029.01005202953,41094.370280490206,45943,0.19617877857386556,0.1839718884606665,0.1909616038056405,0.30833333333333335,0.6086956521739131,0.08297101449275363,121.45487499999945
14.05,Greedy FIFO,greedy,506,120,14887,2760,0.1853966547994895,0.20286659316427783,0.17974601107131227,12127,22237.295413474036,41062.98677987859,41127.140883573804,45928,0.18837675350701402,0.18364794177848534,0.18747983220393674,0.3061594202898551,0.6086956521739131,0.08514492753623189,150.99404200000208
14.05,Greedy FIFO,greedy,507,120,14932,2760,0.18483793195821055,0.1998551774076756,0.17766334084325716,12172,22367.95210736459,41226.74983636567,41290.646792097665,46084,0.17527795945062133,0.1850477796514896,0.1940248405505203,0.3108695652173913,0.6086956521739131,0.08043478260869565,191.62416699999812
14.05,Greedy FIFO,greedy,508,120,15103,2760,0.1827451499702046,0.19679144385026737,0.17749196141479098,12343,22588.418354994825,41424.10555439723,41488.426641716615,46218,0.18520964014526245,0.1817677719862482,0.18318613019299967,0.3119565217391304,0.6086956521739131,0.07934782608695652,104.4381249999933
14.05,Greedy FIFO,greedy,509,120,15068,2760,0.18316963100610564,0.20783132530120482,0.17293233082706766,12308,22150.12503154028,40834.49390114618,40897.01492440314,45725,0.17065868263473055,0.18523015785406777,0.18947718947718947,0.3108695652173913,0.6086956521739131,0.08043478260869565,118.37750000000233
14.05,Greedy FIFO,greedy,510,120,15073,2760,0.18310887016519606,0.20197585071350166,0.18139993427538614,12313,22257.000767520065,41084.76585045162,41151.25487219694,45995,0.18596017549780627,0.1801781982180178,0.18913547532295463,0.30869565217391304,0.6086956521739131,0.08260869565217391,146.4678750000021
14.05,Greedy FIFO,greedy,511,120,14783,2760,0.18670094026922818,0.20689655172413793,0.184,12023,22139.96360080918,40854.90357998802,40922.36007478421,45734,0.19400413507925568,0.1852981029810298,0.18380165289256198,0.31268115942028984,0.6086956521739131,0.0786231884057971,177.1182919999992
14.05,Greedy FIFO,greedy,512,120,14929,2760,0.18487507535668832,0.21271676300578035,0.17852522639068563,12169,21969.499396650714,40582.82557634978,40643.7313916013,45397,0.17938797045374605,0.186049070304764,0.18651985318651984,0.3076086956521739,0.6086956521739131,0.08369565217391305,106.40266600000177
14.05,Greedy FIFO,greedy,513,120,14926,2760,0.18491223368618517,0.2068190333458224,0.17992177314211213,12166,22128.84689577993,40864.80731527683,40931.47325773648,45758,0.18722088629336997,0.18733303650934996,0.17551963048498845,0.31231884057971016,0.6086956521739131,0.07898550724637682,106.04316699999617
14.05,Greedy FIFO,greedy,514,120,14983,2760,0.1842087699392645,0.20286659316427783,0.18430717863105175,12223,22287.580533379736,41090.5337845739,41156.14088357382,45935,0.18319604612850082,0.1871319035448383,0.17633095964733808,0.3148550724637681,0.6086956521739131,0.07644927536231884,127.254875000006
14.05,Greedy FIFO,greedy,515,120,14802,2760,0.18646128901499798,0.2079879427279578,0.1851106639839034,12042,22192.31944528476,40807.82328098582,40872.56361226416,45695,0.18626465661641542,0.1863340076421668,0.18705035971223022,0.3148550724637681,0.6086956521739131,0.07644927536231884,152.17133399999875
14.05,Greedy FIFO,greedy,516,120,14879,2760,0.18549633711943006,0.20830188679245282,0.18092428711897737,12119,22137.472803579203,40802.41422769006,40866.85512543102,45723,0.1770940170940171,0.19015883594357436,0.1796001355472721,0.3173913043478261,0.6086956521739131,0.07391304347826087,192.20595799999865
14.05,Greedy FIFO,greedy,517,120,14968,2760,0.18439337252805987,0.2100456621004566,0.1796875,12208,22115.79401958149,40805.044742559534,40867.94068410532,45566,0.18453947368421053,0.18521418185885247,0.1817877469032474,0.3119565217391304,0.6086956521739131,0.07934782608695652,102.94641599999886
14.05,Greedy FIFO,greedy,518,120,15023,2760,0.18371829860879985,0.20566318926974664,0.1784675072744908,12263,22220.09654980333,40943.153079551135,41006.45537866507,45794,0.18584936419954354,0.18498270668303024,0.17774807885065153,0.31956521739130433,0.6086956521739131,0.07173913043478261,117.80099999999948
14.05,Greedy FIFO,greedy,519,120,14890,2760,0.18535930154466085,0.21345707656612528,0.17743490838958534,12130,21864.429832761038,40583.63226456222,40652.0387119984,45496,0.18564845292955892,0.18620378719567177,0.1825503355704698,0.3242753623188406,0.6086956521739131,0.06702898550724638,143.02700000000186
14.05,Greedy FIFO,greedy,520,120,15146,2760,0.18222633038425987,0.20901173797803863,0.17737789203084833,12386,22194.928256045892,40776.20092332218,40842.77497660933,45627,0.17589256469046838,0.18303669523181718,0.1862253426947509,0.30833333333333335,0.6086956521739131,0.08297101449275363,182.11062500000116
14.05,Greedy FIFO,greedy,521,120,15092,2760,0.18287834614365225,0.20421753607103219,0.18266048974189278,12332,22202.219316842114,41031.49750431287,41097.806591069806,45847,0.18249158249158248,0.18265743488295416,0.18392325504465762,0.3130434782608696,0.6086956521739131,0.0782608695652174,102.03466599999956
14.05,Greedy FIFO,greedy,522,120,14972,2760,0.18434410900347314,0.20353982300884957,0.18051013734466972,12212,22305.88470271244,41045.002043309236,41109.138965232465,45939,0.17660475724991853,0.18386346004654772,0.19409722222222223,0.31268115942028984,0.6086956521739131,0.0786231884057971,114.81287500000326
14.05,Greedy FIFO,greedy,523,120,15011,2760,0.1838651655452668,0.20744081172491544,0.18169848584595127,12251,22161.380994119238,40826.610432032445,40892.72118589531,45751,0.17471264367816092,0.1860284318080853,0.18669817690749493,0.3181159420289855,0.6086956521739131,0.07318840579710145,136.7235839999994
14.05,Greedy FIFO,greedy,524,120,14954,2760,0.18456600240738263,0.2068190333458224,0.1838161838161838,12194,22285.37319091989,40902.566595111006,40965.75997504994,45767,0.18538565629228687,0.18060941828254848,0.19576185671039353,0.3036231884057971,0.6086956521739131,0.08768115942028985,169.21891699999833
14.05,Greedy FIFO,greedy,525,120,15123,2760,0.18250347153342591,0.21060663868752386,0.17579617834394903,12363,22117.753296075192,40691.084594277374,40758.25295385559,45622,0.17837308069258412,0.18175758249083435,0.18882718065991505,0.31123188405797103,0.6086956521739131,0.08007246376811594,220.70020900000236
14.05,Greedy FIFO,greedy,526,120,15150,2760,0.18217821782178217,0.2066641707225758,0.17579617834394903,12390,22219.170522904875,40923.15608552701,40989.73108460168,45773,0.19203367875647667,0.1806949806949807,0.17650984317650983,0.3184782608695652,0.6086956521739131,0.07282608695652174,111.50120899999456
14.05,Greedy FIFO,greedy,527,120,14897,2760,0.1852722024568705,0.20497586334942444,0.1871186440677966,12137,22227.216825653795,40930.74041475517,40998.04669236343,45877,0.1766304347826087,0.18770912335489628,0.18647472380314697,0.3108695652173913,0.6086956521739131,0.08043478260869565,130.45650000000023
14.05,Greedy FIFO,greedy,528,120,15067,2760,0.18318178801353951,0.2085379675103891,0.17473884140550808,12307,22168.01264230237,40795.15539991577,40858.83532801826,45645,0.19287833827893175,0.18387458006718924,0.1717139175257732,0.3159420289855073,0.6086956521739131,0.07536231884057971,162.14775000000373
14.05,Greedy FIFO,greedy,529,120,14874,2760,0.1855586930213796,0.20406654343807765,0.1864864864864865,12114,22181.818188846395,41004.76331655738,41068.96431820078,45833,0.1842194378598036,0.18251035718284628,0.1959866220735786,0.3144927536231884,0.6086956521739131,0.07681159420289856,202.97679100000096
14.05,Greedy FIFO,greedy,530,120,15004,2760,0.18395094641428952,0.20512820512820512,0.17063369397217928,12244,22143.271547465687,40909.5614872791,40975.50103551425,45760,0.18836748182419036,0.1864387720679186,0.17244732576985414,0.3148550724637681,0.6086956521739131,0.07644927536231884,104.77745800000412
14.05,Rolling 3 fair,rolling3_fair,501,120,15018,4680,0.3116260487415102,0.3491234613950019,0.3018381167365366,10338,18648.166287942026,34651.554777320394,34769.75546007205,38720,0.3148273527420447,0.3101301011898143,0.31292738521654184,0.3333333333333333,0.3333333333333333,0.3333333333333333,179.0275829999955
14.05,Rolling 3 fair,rolling3_fair,502,120,14935,4680,0.3133578841647138,0.3606936416184971,0.29942418426103645,10255,18493.624090625548,34366.521519376394,34483.693904236156,38396,0.3141004862236629,0.31055411936607846,0.3210294615645107,0.3333333333333333,0.3333333333333333,0.3333333333333333,124.12995800000499
14.05,Rolling 3 fair,rolling3_fair,503,120,15156,4680,0.3087885985748218,0.3492537313432836,0.2943396226415094,10476,18622.200242610397,34564.878322560384,34685.25124006907,38686,0.30703484549638393,0.30788664323374343,0.3132890365448505,0.3333333333333333,0.3333333333333333,0.3333333333333333,223.2900410000002
14.05,Rolling 3 fair,rolling3_fair,504,120,14935,4680,0.3133578841647138,0.3502994011976048,0.3036988968202466,10255,18602.867000991162,34550.030053960756,34665.22063022825,38456,0.3139691067830759,0.31422552389400155,0.31007488087134105,0.3333333333333333,0.3333333333333333,0.3333333333333333,160.4404579999973
14.05,Rolling 3 fair,rolling3_fair,505,120,14696,4680,0.3184540010887316,0.34373852368710983,0.3088089739359947,10016,18675.604557207058,34646.775239090806,34763.581556967874,38706,0.32173319686113955,0.3173883473135343,0.3183826027862725,0.3333333333333333,0.3333333333333333,0.3333333333333333,273.7807499999981
14.05,Rolling 3 fair,rolling3_fair,506,120,14887,4680,0.31436824074696046,0.3439911797133407,0.30478671442526867,10207,18698.654425201177,34678.20954049226,34796.72553413245,38684,0.3193052772211089,0.3135092108255629,0.31203614069054536,0.3333333333333333,0.3333333333333333,0.3333333333333333,208.49266699999862
14.05,Rolling 3 fair,rolling3_fair,507,120,14932,4680,0.31342084114653096,0.3388848660391021,0.301255230125523,10252,18781.91623237764,34639.32558413686,34756.34626782196,38578,0.2975801177240026,0.3160202360876897,0.32192010741859683,0.3333333333333333,0.3333333333333333,0.3333333333333333,151.50304199999664
14.05,Rolling 3 fair,rolling3_fair,508,120,15103,4680,0.3098722108190426,0.3336898395721925,0.3009646302250804,10423,19007.196116919393,34909.208419333925,35027.84642132179,38949,0.3100033014196104,0.3087501386270378,0.31305201177625125,0.3333333333333333,0.3333333333333333,0.3333333333333333,269.33583299999736
14.05,Rolling 3 fair,rolling3_fair,509,120,15068,4680,0.31059198301035307,0.35240963855421686,0.2932330827067669,10388,18575.61459559071,34538.872630459635,34662.244188003046,38739,0.29241516966067865,0.3152665857158627,0.3146853146853147,0.3333333333333333,0.3333333333333333,0.3333333333333333,196.38724999999977
14.05,Rolling 3 fair,rolling3_fair,510,120,15073,4680,0.31048895375837593,0.3424807903402854,0.3075911929017417,10393,18707.93780755398,34593.63684746021,34707.86544393535,38576,0.31083361457981773,0.31118688813111867,0.3080490228552501,0.3333333333333333,0.3333333333333333,0.3333333333333333,143.3214999999982
14.05,Rolling 3 fair,rolling3_fair,511,120,14783,4680,0.316579855239126,0.35082458770614694,0.312,10103,18461.763536940096,34154.761000244034,34273.31958727886,38155,0.32219159200551345,0.31616982836495033,0.31239669421487604,0.3333333333333333,0.3333333333333333,0.3333333333333333,254.3070000000007
14.05,Rolling 3 fair,rolling3_fair,512,120,14929,4680,0.3134838234309063,0.3606936416184971,0.3027166882276843,10249,18311.625644674634,34134.22838504556,34251.813725062486,38138,0.303904326415758,0.31664649576411047,0.31297964631297964,0.3333333333333333,0.3333333333333333,0.3333333333333333,182.04124999999476
14.05,Rolling 3 fair,rolling3_fair,513,120,14926,4680,0.3135468310330966,0.350693143499438,0.3050847457627119,10246,18445.88351849727,34110.3534315073,34224.30473921928,38046,0.3112332531776022,0.3178984861976848,0.302870339821841,0.3333333333333333,0.3333333333333333,0.3333333333333333,132.7665829999969
14.05,Rolling 3 fair,rolling3_fair,514,120,14983,4680,0.31235400120136153,0.3439911797133407,0.31252086811352253,10303,18778.575548629113,34866.37121254408,34987.85252879444,39064,0.314003294892916,0.31492388043115904,0.302814513394371,0.3333333333333333,0.3333333333333333,0.3333333333333333,233.81879099999787
14.05,Rolling 3 fair,rolling3_fair,515,120,14802,4680,0.3161734900689096,0.35267520723436324,0.31388329979879276,10122,18546.656889121932,34307.28019062048,34425.93691391346,38405,0.3249581239530988,0.31523937963587323,0.31003768413840355,0.3333333333333333,0.3333333333333333,0.3333333333333333,162.76908299999923
14.05,Rolling 3 fair,rolling3_fair,516,120,14879,4680,0.3145372672894684,0.35320754716981134,0.30678466076696165,10199,18533.226062625483,34419.91206283329,34540.031043380506,38488,0.3094017094017094,0.32122625791402865,0.29922060318536087,0.3333333333333333,0.3333333333333333,0.3333333333333333,286.0586669999975
14.05,Rolling 3 fair,rolling3_fair,517,120,14968,4680,0.3126670229823624,0.3561643835616438,0.3046875,10288,18508.885954025856,34441.92331613907,34560.442821578814,38519,0.31644736842105264,0.3117100995414383,0.31168396384332103,0.3333333333333333,0.3333333333333333,0.3333333333333333,213.58979199999885
14.05,Rolling 3 fair,rolling3_fair,518,120,15023,4680,0.3115223324236171,0.34873323397913564,0.3026188166828322,10343,18586.275698306537,34409.90541562717,34529.85961173212,38489,0.3146397130746658,0.31384581055450184,0.3013698630136986,0.3333333333333333,0.3333333333333333,0.3333333333333333,152.85687499999767
14.05,Rolling 3 fair,rolling3_fair,519,120,14890,4680,0.3143049026192075,0.3619489559164733,0.3008678881388621,10210,18282.059771881446,34185.68349983563,34303.26062380987,38283,0.32323897300855825,0.3131199278629396,0.3087248322147651,0.3333333333333333,0.3333333333333333,0.3333333333333333,279.7557499999966
14.05,Rolling 3 fair,rolling3_fair,520,120,15146,4680,0.30899247326026674,0.3544112078758046,0.30077120822622105,10466,18560.60343682134,34442.81727770293,34561.7314417978,38515,0.29937766131673765,0.31267853219072733,0.3075894349715814,0.3333333333333333,0.3333333333333333,0.3333333333333333,197.142958000004
14.05,Rolling 3 fair,rolling3_fair,521,120,15092,4680,0.310098065200106,0.3462819089900111,0.30972865651886167,10412,18638.221612086927,34553.58754804298,34674.14520093929,38645,0.3114478114478115,0.31069348280030773,0.30697982136950047,0.3333333333333333,0.3333333333333333,0.3333333333333333,145.13787500000035
14.05,Rolling 3 fair,rolling3_fair,522,120,14972,4680,0.3125834891798023,0.34513274336283184,0.30608240680183124,10292,18733.495790381967,34637.66971228256,34758.43386746578,38764,0.30074942978168784,0.30932062506926744,0.33541666666666664,0.3333333333333333,0.3333333333333333,0.3333333333333333,256.3296249999985
14.05,Rolling 3 fair,rolling3_fair,523,120,15011,4680,0.3117713676637133,0.35174746335963925,0.30809743252139565,10331,18615.906400307464,34562.06185723563,34681.69583801332,38587,0.30738916256157633,0.3115282096845846,0.31701553004726535,0.3333333333333333,0.3333333333333333,0.3333333333333333,186.8432080000057
14.05,Rolling 3 fair,rolling3_fair,524,120,14954,4680,0.3129597432125184,0.350693143499438,0.3116883116883117,10274,18630.41966206495,34456.5548288163,34578.520277259944,38552,0.31495263870094725,0.3063711911357341,0.33097880928355194,0.3333333333333333,0.3333333333333333,0.3333333333333333,137.828290999998
14.05,Rolling 3 fair,rolling3_fair,525,120,15123,4680,0.3094624082523309,0.3571156047310187,0.2980891719745223,10443,18489.95541890216,34310.74627951985,34428.65316500998,38272,0.2999019928128063,0.30985446061548716,0.3178699771316563,0.3333333333333333,0.3333333333333333,0.3333333333333333,246.2296669999996
14.05,Rolling 3 fair,rolling3_fair,526,120,15150,4680,0.3089108910891089,0.35043055035567205,0.2980891719745223,10470,18665.788722795864,34697.27708874055,34815.183775709294,38755,0.31120466321243523,0.3129619415333701,0.29429429429429427,0.3333333333333333,0.3333333333333333,0.3333333333333333,171.9322089999987
14.05,Rolling 3 fair,rolling3_fair,527,120,14897,4680,0.31415721286165,0.3475677682881545,0.31728813559322033,10217,18677.48987929679,34668.9337168092,34789.815535352995,38734,0.30434782608695654,0.31563685032344413,0.3193839973217275,0.3333333333333333,0.3333333333333333,0.3333333333333333,131.2267090000023
14.05,Rolling 3 fair,rolling3_fair,528,120,15067,4680,0.31061259706643657,0.35360785795239896,0.2962962962962963,10387,18532.142488356436,34396.75122351797,34517.07895644233,38394,0.3148697659083416,0.31063829787234043,0.30637886597938147,0.3333333333333333,0.3333333333333333,0.3333333333333333,223.99179100000038
14.05,Rolling 3 fair,rolling3_fair,529,120,14874,4680,0.31464300121016536,0.3460258780036969,0.3162162162162162,10194,18600.052598008097,34469.173763549625,34586.30668757379,38452,0.3118862174060278,0.31351472399507335,0.32073578595317725,0.3333333333333333,0.3333333333333333,0.3333333333333333,163.02170900000056
14.05,Rolling 3 fair,rolling3_fair,530,120,15004,4680,0.3119168221807518,0.34782608695652173,0.2893353941267388,10324,18595.95356679532,34558.08691615991,34676.06788332213,38600,0.3139458030403173,0.315641515798943,0.2991896272285251,0.3333333333333333,0.3333333333333333,0.3333333333333333,283.8835839999956
14.05,Rolling 10 fair,rolling10_fair,501,120,15018,4680,0.3116260487415102,0.3491234613950019,0.3018381167365366,10338,18648.166287942026,34651.554777320394,34769.75546007205,38720,0.3148273527420447,0.3101301011898143,0.31292738521654184,0.3333333333333333,0.3333333333333333,0.3333333333333333,269.82224999999744
14.05,Rolling 10 fair,rolling10_fair,502,120,14935,4680,0.3133578841647138,0.3606936416184971,0.29942418426103645,10255,18493.624090625548,34366.521519376394,34483.693904236156,38396,0.3141004862236629,0.31055411936607846,0.3210294615645107,0.3333333333333333,0.3333333333333333,0.3333333333333333,261.8824170000007
14.05,Rolling 10 fair,rolling10_fair,503,120,15156,4680,0.3087885985748218,0.3492537313432836,0.2943396226415094,10476,18622.200242610397,34564.878322560384,34685.25124006907,38686,0.30703484549638393,0.30788664323374343,0.3132890365448505,0.3333333333333333,0.3333333333333333,0.3333333333333333,258.5986669999984
14.05,Rolling 10 fair,rolling10_fair,504,120,14935,4680,0.3133578841647138,0.3502994011976048,0.3036988968202466,10255,18602.867000991162,34550.030053960756,34665.22063022825,38456,0.3139691067830759,0.31422552389400155,0.31007488087134105,0.3333333333333333,0.3333333333333333,0.3333333333333333,250.75650000000314
14.05,Rolling 10 fair,rolling10_fair,505,120,14696,4680,0.3184540010887316,0.34373852368710983,0.3088089739359947,10016,18675.604557207058,34646.775239090806,34763.581556967874,38706,0.32173319686113955,0.3173883473135343,0.3183826027862725,0.3333333333333333,0.3333333333333333,0.3333333333333333,244.2180840000001
14.05,Rolling 10 fair,rolling10_fair,506,120,14887,4680,0.31436824074696046,0.3439911797133407,0.30478671442526867,10207,18698.654425201177,34678.20954049226,34796.72553413245,38684,0.3193052772211089,0.3135092108255629,0.31203614069054536,0.3333333333333333,0.3333333333333333,0.3333333333333333,225.2312499999971
14.05,Rolling 10 fair,rolling10_fair,507,120,14932,4680,0.31342084114653096,0.3388848660391021,0.301255230125523,10252,18781.91623237764,34639.32558413686,34756.34626782196,38578,0.2975801177240026,0.3160202360876897,0.32192010741859683,0.3333333333333333,0.3333333333333333,0.3333333333333333,276.5608749999956
14.05,Rolling 10 fair,rolling10_fair,508,120,15103,4680,0.3098722108190426,0.3336898395721925,0.3009646302250804,10423,19007.196116919393,34909.208419333925,35027.84642132179,38949,0.3100033014196104,0.3087501386270378,0.31305201177625125,0.3333333333333333,0.3333333333333333,0.3333333333333333,271.3099999999977
14.05,Rolling 10 fair,rolling10_fair,509,120,15068,4680,0.31059198301035307,0.35240963855421686,0.2932330827067669,10388,18575.61459559071,34538.872630459635,34662.244188003046,38739,0.29241516966067865,0.3152665857158627,0.3146853146853147,0.3333333333333333,0.3333333333333333,0.3333333333333333,265.5394159999996
14.05,Rolling 10 fair,rolling10_fair,510,120,15073,4680,0.31048895375837593,0.3424807903402854,0.3075911929017417,10393,18707.93780755398,34593.63684746021,34707.86544393535,38576,0.31083361457981773,0.31118688813111867,0.3080490228552501,0.3333333333333333,0.3333333333333333,0.3333333333333333,258.45850000000064
14.05,Rolling 10 fair,rolling10_fair,511,120,14783,4680,0.316579855239126,0.35082458770614694,0.312,10103,18461.763536940096,34154.761000244034,34273.31958727886,38155,0.32219159200551345,0.31616982836495033,0.31239669421487604,0.3333333333333333,0.3333333333333333,0.3333333333333333,252.07158399999753
14.05,Rolling 10 fair,rolling10_fair,512,120,14929,4680,0.3134838234309063,0.3606936416184971,0.3027166882276843,10249,18311.625644674634,34134.22838504556,34251.813725062486,38138,0.303904326415758,0.31664649576411047,0.31297964631297964,0.3333333333333333,0.3333333333333333,0.3333333333333333,251.53641599999537
14.05,Rolling 10 fair,rolling10_fair,513,120,14926,4680,0.3135468310330966,0.350693143499438,0.3050847457627119,10246,18445.88351849727,34110.3534315073,34224.30473921928,38046,0.3112332531776022,0.3178984861976848,0.302870339821841,0.3333333333333333,0.3333333333333333,0.3333333333333333,286.82112499999494
14.05,Rolling 10 fair,rolling10_fair,514,120,14983,4680,0.31235400120136153,0.3439911797133407,0.31252086811352253,10303,18778.575548629113,34866.37121254408,34987.85252879444,39064,0.314003294892916,0.31492388043115904,0.302814513394371,0.3333333333333333,0.3333333333333333,0.3333333333333333,277.388291999996
14.05,Rolling 10 fair,rolling10_fair,515,120,14802,4680,0.3161734900689096,0.35267520723436324,0.31388329979879276,10122,18546.656889121932,34307.28019062048,34425.93691391346,38405,0.3249581239530988,0.31523937963587323,0.31003768413840355,0.3333333333333333,0.3333333333333333,0.3333333333333333,267.997374999999
14.05,Rolling 10 fair,rolling10_fair,516,120,14879,4680,0.3145372672894684,0.35320754716981134,0.30678466076696165,10199,18533.226062625483,34419.91206283329,34540.031043380506,38488,0.3094017094017094,0.32122625791402865,0.29922060318536087,0.3333333333333333,0.3333333333333333,0.3333333333333333,262.45854099999997
14.05,Rolling 10 fair,rolling10_fair,517,120,14968,4680,0.3126670229823624,0.3561643835616438,0.3046875,10288,18508.885954025856,34441.92331613907,34560.442821578814,38519,0.31644736842105264,0.3117100995414383,0.31168396384332103,0.3333333333333333,0.3333333333333333,0.3333333333333333,260.31354100000317
14.05,Rolling 10 fair,rolling10_fair,518,120,15023,4680,0.3115223324236171,0.34873323397913564,0.3026188166828322,10343,18586.275698306537,34409.90541562717,34529.85961173212,38489,0.3146397130746658,0.31384581055450184,0.3013698630136986,0.3333333333333333,0.3333333333333333,0.3333333333333333,253.14304199999606
14.05,Rolling 10 fair,rolling10_fair,519,120,14890,4680,0.3143049026192075,0.3619489559164733,0.3008678881388621,10210,18282.059771881446,34185.68349983563,34303.26062380987,38283,0.32323897300855825,0.3131199278629396,0.3087248322147651,0.3333333333333333,0.3333333333333333,0.3333333333333333,231.67566700000316
14.05,Rolling 10 fair,rolling10_fair,520,120,15146,4680,0.30899247326026674,0.3544112078758046,0.30077120822622105,10466,18560.60343682134,34442.81727770293,34561.7314417978,38515,0.29937766131673765,0.31267853219072733,0.3075894349715814,0.3333333333333333,0.3333333333333333,0.3333333333333333,290.5170419999995
14.05,Rolling 10 fair,rolling10_fair,521,120,15092,4680,0.310098065200106,0.3462819089900111,0.30972865651886167,10412,18638.221612086927,34553.58754804298,34674.14520093929,38645,0.3114478114478115,0.31069348280030773,0.30697982136950047,0.3333333333333333,0.3333333333333333,0.3333333333333333,286.06524999999965
14.05,Rolling 10 fair,rolling10_fair,522,120,14972,4680,0.3125834891798023,0.34513274336283184,0.30608240680183124,10292,18733.495790381967,34637.66971228256,34758.43386746578,38764,0.30074942978168784,0.30932062506926744,0.33541666666666664,0.3333333333333333,0.3333333333333333,0.3333333333333333,272.7812090000007
14.05,Rolling 10 fair,rolling10_fair,523,120,15011,4680,0.3117713676637133,0.35174746335963925,0.30809743252139565,10331,18615.906400307464,34562.06185723563,34681.69583801332,38587,0.30738916256157633,0.3115282096845846,0.31701553004726535,0.3333333333333333,0.3333333333333333,0.3333333333333333,268.75562500000524
14.05,Rolling 10 fair,rolling10_fair,524,120,14954,4680,0.3129597432125184,0.350693143499438,0.3116883116883117,10274,18630.41966206495,34456.5548288163,34578.520277259944,38552,0.31495263870094725,0.3063711911357341,0.33097880928355194,0.3333333333333333,0.3333333333333333,0.3333333333333333,266.4594580000048
14.05,Rolling 10 fair,rolling10_fair,525,120,15123,4680,0.3094624082523309,0.3571156047310187,0.2980891719745223,10443,18489.95541890216,34310.74627951985,34428.65316500998,38272,0.2999019928128063,0.30985446061548716,0.3178699771316563,0.3333333333333333,0.3333333333333333,0.3333333333333333,257.6130419999972
14.05,Rolling 10 fair,rolling10_fair,526,120,15150,4680,0.3089108910891089,0.35043055035567205,0.2980891719745223,10470,18665.788722795864,34697.27708874055,34815.183775709294,38755,0.31120466321243523,0.3129619415333701,0.29429429429429427,0.3333333333333333,0.3333333333333333,0.3333333333333333,248.7335830000011
14.05,Rolling 10 fair,rolling10_fair,527,120,14897,4680,0.31415721286165,0.3475677682881545,0.31728813559322033,10217,18677.48987929679,34668.9337168092,34789.815535352995,38734,0.30434782608695654,0.31563685032344413,0.3193839973217275,0.3333333333333333,0.3333333333333333,0.3333333333333333,291.69216700000106
14.05,Rolling 10 fair,rolling10_fair,528,120,15067,4680,0.31061259706643657,0.35360785795239896,0.2962962962962963,10387,18532.142488356436,34396.75122351797,34517.07895644233,38394,0.3148697659083416,0.31063829787234043,0.30637886597938147,0.3333333333333333,0.3333333333333333,0.3333333333333333,288.6027909999975
14.05,Rolling 10 fair,rolling10_fair,529,120,14874,4680,0.31464300121016536,0.3460258780036969,0.3162162162162162,10194,18600.052598008097,34469.173763549625,34586.30668757379,38452,0.3118862174060278,0.31351472399507335,0.32073578595317725,0.3333333333333333,0.3333333333333333,0.3333333333333333,281.7927920000002
14.05,Rolling 10 fair,rolling10_fair,530,120,15004,4680,0.3119168221807518,0.34782608695652173,0.2893353941267388,10324,18595.95356679532,34558.08691615991,34676.06788332213,38600,0.3139458030403173,0.315641515798943,0.2991896272285251,0.3333333333333333,0.3333333333333333,0.3333333333333333,265.3183330000029
14.05,Rolling 30 throughput,rolling30_throughput,501,120,15018,4680,0.3116260487415102,0.3491234613950019,0.3018381167365366,10338,18646.88733608503,34650.70997282999,34827.194290131956,38754,0.3158429248476642,0.30924052040475924,0.3145555193747965,0.3333333333333333,0.3333333333333333,0.3333333333333333,410.2104590000017
14.05,Rolling 30 throughput,rolling30_throughput,502,120,14935,4680,0.3133578841647138,0.3606936416184971,0.29942418426103645,10255,18492.297368558,34365.245771310474,34545.99297799298,38473,0.3153970826580227,0.3092053501180173,0.3237385709448019,0.3333333333333333,0.3333333333333333,0.3333333333333333,415.9261669999978
14.05,Rolling 30 throughput,rolling30_throughput,503,120,15156,4680,0.3087885985748218,0.3492537313432836,0.2943396226415094,10476,18620.865976594112,34564.15789098043,34743.125958357996,38767,0.3086785009861933,0.30656854130052724,0.31561461794019935,0.3333333333333333,0.3333333333333333,0.3333333333333333,422.53362500000367
14.05,Rolling 30 throughput,rolling30_throughput,504,120,14935,4680,0.3133578841647138,0.3502994011976048,0.3036988968202466,10255,18601.40508733366,34548.96027287408,34728.36287513998,38569,0.3169912693082606,0.31256236833351814,0.31211708645336966,0.3333333333333333,0.3333333333333333,0.3333333333333333,407.35416599999735
14.05,Rolling 30 throughput,rolling30_throughput,505,120,14696,4680,0.3184540010887316,0.34373852368710983,0.3088089739359947,10016,18674.25695954008,34645.4609674237,34821.30636041375,38788,0.32446264073694986,0.3159147585581501,0.3200815494393476,0.3333333333333333,0.3333333333333333,0.3333333333333333,408.0558749999982
14.05,Rolling 30 throughput,rolling30_throughput,506,120,14887,4680,0.31436824074696046,0.3439911797133407,0.30478671442526867,10207,18697.258159549867,34676.787992813,34854.873886516834,38753,0.3216432865731463,0.3122583579713441,0.31332687963859307,0.3333333333333333,0.3333333333333333,0.3333333333333333,412.87625000000116
14.05,Rolling 30 throughput,rolling30_throughput,507,120,14932,4680,0.31342084114653096,0.3388848660391021,0.301255230125523,10252,18780.44363257998,34637.6113349569,34820.429442072396,38703,0.2998691955526488,0.31467116357504216,0.32359852299429337,0.3333333333333333,0.3333333333333333,0.3333333333333333,423.3744579999984
14.05,Rolling 30 throughput,rolling30_throughput,508,120,15103,4680,0.3098722108190426,0.3336898395721925,0.3009646302250804,10423,19005.9779243093,34908.39879009396,35085.34691440993,38993,0.3119841531858699,0.3076411223244982,0.31436048413477263,0.3333333333333333,0.3333333333333333,0.3333333333333333,394.390625
14.05,Rolling 30 throughput,rolling30_throughput,509,120,15068,4680,0.31059198301035307,0.35240963855421686,0.2932330827067669,10388,18574.371602779138,34537.709828201565,34711.23979348133,38804,0.2940785096473719,0.3140523236560327,0.3166833166833167,0.3333333333333333,0.3333333333333333,0.3333333333333333,396.0073749999938
14.05,Rolling 30 throughput,rolling30_throughput,510,120,15073,4680,0.31048895375837593,0.3424807903402854,0.3075911929017417,10393,18706.791342161443,34592.92315811879,34767.26565291776,38639,0.3111711103611205,0.3101968980310197,0.31069890692282215,0.3333333333333333,0.3333333333333333,0.3333333333333333,384.4522910000014
14.05,Rolling 30 throughput,rolling30_throughput,511,120,14783,4680,0.316579855239126,0.35082458770614694,0.312,10103,18460.513099261167,34154.21423944124,34327.65055162413,38207,0.3239145416953825,0.3149277326106594,0.3143801652892562,0.3333333333333333,0.3333333333333333,0.3333333333333333,390.51966600000014
14.05,Rolling 30 throughput,rolling30_throughput,512,120,14929,4680,0.3134838234309063,0.3606936416184971,0.3027166882276843,10249,18310.55489006878,34133.76367986983,34312.50065135837,38168,0.30601477312697856,0.31576631092529434,0.31364698031364696,0.3333333333333333,0.3333333333333333,0.3333333333333333,388.0023749999964
14.05,Rolling 30 throughput,rolling30_throughput,513,120,14926,4680,0.3135468310330966,0.350693143499438,0.3050847457627119,10246,18444.540988393448,34109.22426899,34288.08797487422,38116,0.3132944005496393,0.3165627782724844,0.30484988452655887,0.3333333333333333,0.3333333333333333,0.3333333333333333,385.2633330000026
14.05,Rolling 30 throughput,rolling30_throughput,514,120,14983,4680,0.31235400120136153,0.3439911797133407,0.31252086811352253,10303,18777.12364509485,34864.938786318,35038.70418883834,39157,0.31663920922570016,0.3132570285587287,0.3051881993896236,0.3333333333333333,0.3333333333333333,0.3333333333333333,388.19487500000105
14.05,Rolling 30 throughput,rolling30_throughput,515,120,14802,4680,0.3161734900689096,0.35267520723436324,0.31388329979879276,10122,18545.279983534765,34306.28227710619,34483.96312837404,38479,0.3269681742043551,0.3136659923578332,0.3127783487495718,0.3333333333333333,0.3333333333333333,0.3333333333333333,387.6546660000022
14.05,Rolling 30 throughput,rolling30_throughput,516,120,14879,4680,0.3145372672894684,0.35320754716981134,0.30678466076696165,10199,18532.08237901038,34419.22229850328,34592.018683929586,38582,0.30974358974358973,0.32044873930911916,0.30125381226702813,0.3333333333333333,0.3333333333333333,0.3333333333333333,391.4381250000006
14.05,Rolling 30 throughput,rolling30_throughput,517,120,14968,4680,0.3126670229823624,0.3561643835616438,0.3046875,10288,18507.48003169384,34440.8792140283,34615.30348290172,38598,0.3180921052631579,0.31059165641427133,0.3133578841647138,0.3333333333333333,0.3333333333333333,0.3333333333333333,401.74341699999786
14.05,Rolling 30 throughput,rolling30_throughput,518,120,15023,4680,0.3115223324236171,0.34873323397913564,0.3026188166828322,10343,18585.022012819976,34409.302537892174,34592.4741397509,38564,0.3165960221715031,0.3128416824723865,0.3023722018042098,0.3333333333333333,0.3333333333333333,0.3333333333333333,386.95616699999664
14.05,Rolling 30 throughput,rolling30_throughput,519,120,14890,4680,0.3143049026192075,0.3619489559164733,0.3008678881388621,10210,18280.806107787772,34184.36384949221,34363.91267567149,38347,0.3248847926267281,0.3121055004508566,0.3100671140939597,0.3333333333333333,0.3333333333333333,0.3333333333333333,389.8237089999966
14.05,Rolling 30 throughput,rolling30_throughput,520,120,15146,4680,0.30899247326026674,0.3544112078758046,0.30077120822622105,10466,18559.425832014003,34442.51999470688,34621.56929013196,38592,0.3019980347199476,0.3115798725554823,0.30825810765630224,0.3333333333333333,0.3333333333333333,0.3333333333333333,394.4430829999983
14.05,Rolling 30 throughput,rolling30_throughput,521,120,15092,4680,0.310098065200106,0.3462819089900111,0.30972865651886167,10412,18637.0022509631,34553.15705378075,34724.13570356457,38701,0.31414141414141417,0.3093746565556655,0.30830301025471385,0.3333333333333333,0.3333333333333333,0.3333333333333333,388.14120900000125
14.05,Rolling 30 throughput,rolling30_throughput,522,120,14972,4680,0.3125834891798023,0.34513274336283184,0.30608240680183124,10292,18732.344964610842,34637.86653616553,34818.36989633432,38808,0.3033561420658195,0.3084340019949019,0.33541666666666664,0.3333333333333333,0.3333333333333333,0.3333333333333333,387.0971669999999
14.05,Rolling 30 throughput,rolling30_throughput,523,120,15011,4680,0.3117713676637133,0.35174746335963925,0.30809743252139565,10331,18614.546558909566,34560.53604300534,34750.91378834197,38678,0.309688013136289,0.31008440693025324,0.3190411883862255,0.3333333333333333,0.3333333333333333,0.3333333333333333,386.6513330000016
14.05,Rolling 30 throughput,rolling30_throughput,524,120,14954,4680,0.3129597432125184,0.350693143499438,0.3116883116883117,10274,18629.027455442498,34455.38657560443,34637.3173717906,38573,0.3152909336941813,0.30548476454293627,0.3333333333333333,0.3333333333333333,0.3333333333333333,0.3333333333333333,386.95895899999596
14.05,Rolling 30 throughput,rolling30_throughput,525,120,15123,4680,0.3094624082523309,0.3571156047310187,0.2980891719745223,10443,18488.51987838314,34309.50141814958,34484.903736135784,38352,0.30120875530872265,0.3086323741806466,0.32015681149951,0.3333333333333333,0.3333333333333333,0.3333333333333333,390.15054200000304
14.05,Rolling 30 throughput,rolling30_throughput,526,120,15150,4680,0.3089108910891089,0.35043055035567205,0.2980891719745223,10470,18664.62368360798,34696.36862370859,34866.4460549735,38825,0.3118523316062176,0.311969111969112,0.29662996329662994,0.3333333333333333,0.3333333333333333,0.3333333333333333,394.8911250000019
14.05,Rolling 30 throughput,rolling30_throughput,527,120,14897,4680,0.31415721286165,0.3475677682881545,0.31728813559322033,10217,18676.19306159655,34667.03582753084,34841.231966616106,38773,0.30570652173913043,0.31440999330805264,0.32172748577167726,0.3333333333333333,0.3333333333333333,0.3333333333333333,383.36295800000516
14.05,Rolling 30 throughput,rolling30_throughput,528,120,15067,4680,0.31061259706643657,0.35360785795239896,0.2962962962962963,10387,18530.636835902256,34395.752971535854,34574.298687048344,38524,0.31717771183646554,0.3089585666293393,0.3089561855670103,0.3333333333333333,0.3333333333333333,0.3333333333333333,386.5048749999987
14.05,Rolling 30 throughput,rolling30_throughput,529,120,14874,4680,0.31464300121016536,0.3460258780036969,0.3162162162162162,10194,18598.822456701153,34468.77257906784,34643.1743392194,38501,0.3132407720961734,0.3123950285522338,0.32274247491638797,0.3333333333333333,0.3333333333333333,0.3333333333333333,384.0024579999954
14.05,Rolling 30 throughput,rolling30_throughput,530,120,15004,4680,0.3119168221807518,0.34782608695652173,0.2893353941267388,10324,18594.438657058305,34556.92936572883,34732.20929169134,38684,0.3162590879048249,0.31406724389969637,0.3014586709886548,0.3333333333333333,0.3333333333333333,0.3333333333333333,391.6160000000018
14.1,Greedy FIFO,greedy,501,120,15018,3960,0.2636835797043548,0.29541215964192463,0.25540148339245405,11058,19971.11996158841,37032.07349893558,37132.09419039771,41402,0.26811103588354773,0.26020237962860004,0.2696190166069684,0.4148989898989899,0.42424242424242425,0.16085858585858587,106.86724999999569
14.1,Greedy FIFO,greedy,502,120,14935,3960,0.26514897890860395,0.30520231213872834,0.2533589251439539,10975,19841.50838039942,36805.679057744856,36905.17848290173,41133,0.2654781199351702,0.2642463751826458,0.2675245513037589,0.4174242424242424,0.42424242424242425,0.15833333333333333,95.70845800000097
14.1,Greedy FIFO,greedy,503,120,15156,3960,0.26128266033254155,0.2955223880597015,0.2490566037735849,11196,19949.68500459792,36918.05038100992,37017.28959401283,41277,0.2590401051939514,0.26197275922671354,0.2614617940199336,0.41792929292929293,0.42424242424242425,0.15782828282828282,92.7422910000023
14.1,Greedy FIFO,greedy,504,120,14935,3960,0.26514897890860395,0.2964071856287425,0.25697598961713175,10975,19938.815420076437,37043.13582430667,37142.82439298496,41400,0.2662860980523841,0.26577225856525116,0.2620830496936692,0.4176767676767677,0.42424242424242425,0.15808080808080807,89.90625
14.1,Greedy FIFO,greedy,505,120,14696,3960,0.2694610778443114,0.2908556738890929,0.2612999010227648,10736,20000.764063794955,37014.19902283317,37112.84129744986,41422,0.2804503582395087,0.26671956472455227,0.2667346245327897,0.4166666666666667,0.42424242424242425,0.1590909090909091,86.60891699999775
14.1,Greedy FIFO,greedy,506,120,14887,3960,0.2660038960166588,0.29106945975744214,0.257896450667535,10927,20022.68780269948,37082.38743294178,37180.02186844125,41438,0.2682030728122913,0.2660905162610871,0.26363343013875445,0.4166666666666667,0.42424242424242425,0.1590909090909091,121.99524999999994
14.1,Greedy FIFO,greedy,507,120,14932,3960,0.2652022502009108,0.28674873280231716,0.25490827164467333,10972,20128.98543398385,37087.67047932855,37185.164747512645,41424,0.25310660562459125,0.26700393479482853,0.2722390063779792,0.4131313131313131,0.42424242424242425,0.16262626262626262,109.98287500000151
14.1,Greedy FIFO,greedy,508,120,15103,3960,0.26219956300072833,0.2823529411764706,0.2546623794212219,11143,20345.88700862073,37324.17256463186,37425.24186532248,41648,0.26312314295146916,0.25917710990351556,0.2701995420346745,0.4161616161616162,0.42424242424242425,0.1595959595959596,100.19616700000188
14.1,Greedy FIFO,greedy,509,120,15068,3960,0.2628086010087603,0.29819277108433734,0.24812030075187969,11108,19900.200623168847,36890.016191287024,36990.710250862016,41293,0.2451763140385895,0.2648195165029253,0.27439227439227437,0.4154040404040404,0.42424242424242425,0.16035353535353536,92.20774999999412
14.1,Greedy FIFO,greedy,510,120,15073,3960,0.26272142241093344,0.2897914379802415,0.26026947091685837,11113,20056.23718604736,37133.47024983416,37229.37003439831,41374,0.2608842389470132,0.26245737542624575,0.26531964226565086,0.4164141414141414,0.42424242424242425,0.15934343434343434,91.34174999999959
14.1,Greedy FIFO,greedy,511,120,14783,3960,0.26787526212541435,0.29685157421289354,0.264,10823,19839.465027479342,36639.21396808206,36733.76979660008,40943,0.2691247415575465,0.26784101174345076,0.2667768595041322,0.41515151515151516,0.42424242424242425,0.1606060606060606,86.73458400000527
14.1,Greedy FIFO,greedy,512,120,14929,3960,0.26525554290307457,0.30520231213872834,0.25614489003880986,10969,19668.81594410718,36538.057378478974,36638.28863484215,40994,0.2567710165318326,0.267356144790406,0.2669336002669336,0.4166666666666667,0.42424242424242425,0.1590909090909091,124.14625000000524
14.1,Greedy FIFO,greedy,513,120,14926,3960,0.26530885702800483,0.29674035219183215,0.258148631029987,10966,19831.697002296394,36639.89790924702,36734.04757437786,40881,0.2652009618687736,0.2683659839715049,0.25635103926096997,0.4148989898989899,0.42424242424242425,0.16085858585858587,110.88787500000035
14.1,Greedy FIFO,greedy,514,120,14983,3960,0.26429953947807516,0.29106945975744214,0.264440734557596,11023,20079.16988698701,37171.06916111975,37268.67860552988,41532,0.2682042833607908,0.2668074230470052,0.25262800949474395,0.41868686868686866,0.42424242424242425,0.15707070707070708,99.87312500000553
14.1,Greedy FIFO,greedy,515,120,14802,3960,0.26753141467369274,0.2984174830444612,0.2655935613682093,10842,19914.5241994869,36802.23607682715,36899.641750152405,41127,0.27671691792294806,0.2655652955720387,0.2641315519013361,0.4169191919191919,0.42424242424242425,0.15883838383838383,91.87608300000284
14.1,Greedy FIFO,greedy,516,120,14879,3960,0.266146918475704,0.2988679245283019,0.25958702064896755,10919,19873.228070433503,36792.330232474545,36891.981007445436,41145,0.25846153846153846,0.2721315117183161,0.2555066079295154,0.4171717171717172,0.42424242424242425,0.15858585858585858,88.70274999999674
14.1,Greedy FIFO,greedy,517,120,14968,3960,0.26456440406199894,0.3013698630136986,0.2578125,11008,19840.074002405974,36780.39070388722,36881.0574576484,41159,0.26710526315789473,0.26305782350967455,0.26648811516571813,0.4169191919191919,0.42424242424242425,0.15883838383838383,99.68962499999907
14.1,Greedy FIFO,greedy,518,120,15023,3960,0.2635958197430606,0.29508196721311475,0.2560620756547042,11063,19940.779728964815,36828.44819363429,36926.04964621901,41162,0.2605151613955005,0.26787905835099857,0.25392582692950216,0.4164141414141414,0.42424242424242425,0.15934343434343434,88.36445799999638
14.1,Greedy FIFO,greedy,519,120,14890,3960,0.26595030221625254,0.3062645011600928,0.25458052073288334,10930,19621.168927998377,36597.83919014853,36695.92464621903,40918,0.2633311389071758,0.2675834084761046,0.26375838926174494,0.4171717171717172,0.42424242424242425,0.15858585858585858,88.1972919999971
14.1,Greedy FIFO,greedy,520,120,15146,3960,0.2614551696817642,0.29988640666414235,0.2544987146529563,11186,19898.523325520368,36769.37383192947,36865.549784283,41113,0.24959056665574844,0.26389804438584924,0.26613172851889,0.4166666666666667,0.42424242424242425,0.1590909090909091,122.08525000000373
14.1,Greedy FIFO,greedy,521,120,15092,3960,0.26239067055393583,0.293007769145394,0.26207809397749837,11132,19973.734640554478,36984.78729899787,37083.80939142558,41244,0.2622895622895623,0.26409495548961426,0.25736023817399933,0.41818181818181815,0.42424242424242425,0.15757575757575756,107.85620800001197
14.1,Greedy FIFO,greedy,522,120,14972,3960,0.26449372161367884,0.2920353982300885,0.2589928057553957,11012,20074.807085256696,37100.17139131978,37201.928636401535,41449,0.2505702183121538,0.26388119250803505,0.28125,0.4164141414141414,0.42424242424242425,0.15934343434343434,97.50145900000643
14.1,Greedy FIFO,greedy,523,120,15011,3960,0.26380654186929586,0.2976324689966178,0.260697827518104,11051,19947.50891111433,37022.176980809054,37121.505907711195,41294,0.2574712643678161,0.26643713904931143,0.26232275489534096,0.4176767676767677,0.42424242424242425,0.15808080808080807,92.57758300000569
14.1,Greedy FIFO,greedy,524,120,14954,3960,0.2648120904105925,0.29674035219183215,0.26373626373626374,10994,19982.668565992924,36824.957937929976,36922.65259259362,41176,0.2648849797023004,0.26060941828254847,0.27749747729566093,0.4148989898989899,0.42424242424242425,0.16085858585858587,88.07633399999759
14.1,Greedy FIFO,greedy,525,120,15123,3960,0.2618528069827415,0.3021747424647081,0.2522292993630573,11163,19844.564815597016,36774.84092828698,36872.65580797694,41041,0.25220516171185886,0.2618597933562937,0.2714799085266253,0.4154040404040404,0.42424242424242425,0.16035353535353536,88.35374999999476
14.1,Greedy FIFO,greedy,526,120,15150,3960,0.2613861386138614,0.296518157993261,0.2522292993630573,11190,19978.385518764204,37019.8840219826,37121.972067909745,41407,0.2623056994818653,0.2639823496966354,0.25258591925258594,0.4176767676767677,0.42424242424242425,0.15808080808080807,121.2905000000028
14.1,Greedy FIFO,greedy,527,120,14897,3960,0.2658253339598577,0.2940958039361307,0.2684745762711864,10937,19997.840457145925,37029.69033674318,37127.53462922381,41435,0.26052989130434784,0.2674548293553424,0.26615333110143957,0.41919191919191917,0.42424242424242425,0.15656565656565657,107.58612500000163
14.1,Greedy FIFO,greedy,528,120,15067,3960,0.2628260436716002,0.29920664903664523,0.25071225071225073,11107,19875.190828257444,36737.70607725243,36835.68452948957,41113,0.2683811407847016,0.2634938409854423,0.2554768041237113,0.41388888888888886,0.42424242424242425,0.16186868686868686,97.76870800000324
14.1,Greedy FIFO,greedy,529,120,14874,3960,0.2662363856393707,0.29279112754158965,0.26756756756756755,10914,19945.67875317664,36928.327275419106,37026.24488089849,41224,0.26413816457839484,0.262344642257306,0.279933110367893,0.41515151515151516,0.42424242424242425,0.1606060606060606,91.28979100000288
14.1,Greedy FIFO,greedy,530,120,15004,3960,0.26392961876832843,0.29431438127090304,0.24482225656877898,11044,19923.350205596314,36977.28411150843,37071.17050253669,41227,0.26668869795109057,0.26661419093669175,0.253484602917342,0.41818181818181815,0.42424242424242425,0.15757575757575756,91.73775000000023
14.1,Rolling 3 fair,rolling3_fair,501,120,15018,4920,0.3276068717538953,0.3670272286460276,0.31731699451789747,10098,18209.005051888103,33848.51876627606,33970.81958727885,37836,0.3344617467840217,0.3249193817413544,0.3288830999674373,0.34146341463414637,0.3170731707317073,0.34146341463414637,114.17433300000266
14.1,Rolling 3 fair,rolling3_fair,502,120,14935,4920,0.3294275192500837,0.3791907514450867,0.31477927063339733,10015,18045.54075456886,33545.9791206362,33666.13315321258,37442,0.33030794165316046,0.32617736315612006,0.33830003386386726,0.34146341463414637,0.3170731707317073,0.34146341463414637,134.34700000000885
14.1,Rolling 3 fair,rolling3_fair,503,120,15156,4920,0.3246239113222486,0.36716417910447763,0.30943396226415093,10236,18183.387291870014,33803.10702689605,33927.0230175665,37814,0.31985535831689677,0.3243629173989455,0.3302325581395349,0.34146341463414637,0.3170731707317073,0.34146341463414637,113.31341599998996
14.1,Rolling 3 fair,rolling3_fair,504,120,14935,4920,0.3294275192500837,0.36826347305389223,0.3192731992212849,10015,18154.697993533824,33705.920772299236,33827.60549806296,37660,0.3297515110812626,0.3296374320878146,0.3284547311095984,0.34146341463414637,0.3170731707317073,0.34146341463414637,131.84712500000023
14.1,Rolling 3 fair,rolling3_fair,505,120,14696,4920,0.33478497550353836,0.36136614028644876,0.32464533157373804,9776,18230.940824320536,33837.666967118326,33959.51107703211,37690,0.3374274991470488,0.3334844706415779,0.3360516479782535,0.34146341463414637,0.3170731707317073,0.34146341463414637,113.41283400000248
14.1,Rolling 3 fair,rolling3_fair,506,120,14887,4920,0.3304896889903943,0.36163175303197354,0.3204168023445132,9967,18252.956718581165,33860.205221224445,33982.07365378202,37723,0.3366733466933868,0.33011143961792133,0.3255888996450468,0.34146341463414637,0.3170731707317073,0.34146341463414637,129.36012500000652
14.1,Rolling 3 fair,rolling3_fair,507,120,14932,4920,0.329493704795071,0.3562635771180304,0.31670421628580625,10012,18327.751787161553,33806.26560007424,33923.8087757093,37642,0.315892740353172,0.3314221472737493,0.33769721383014434,0.34146341463414637,0.3170731707317073,0.34146341463414637,168.52983300000778
14.1,Rolling 3 fair,rolling3_fair,508,120,15103,4920,0.3257630934251473,0.3508021390374332,0.3163987138263666,10183,18558.399175447234,34092.43799864011,34212.9833764335,37966,0.3268405414328161,0.3251635799046246,0.32646385345109585,0.34146341463414637,0.3170731707317073,0.34146341463414637,126.70600000000559
14.1,Rolling 3 fair,rolling3_fair,509,120,15068,4920,0.32651977701088397,0.3704819277108434,0.3082706766917293,10148,18140.11677752647,33786.02416681592,33911.655099645664,37819,0.30904856952761145,0.33072083011369907,0.33133533133533133,0.34146341463414637,0.3170731707317073,0.34146341463414637,160.8088340000104
14.1,Rolling 3 fair,rolling3_fair,510,120,15073,4920,0.32641146420752337,0.3600439077936334,0.3233651002300362,10153,18259.26918096662,33756.01215567082,33875.91076291323,37703,0.32399595005062437,0.3269167308326917,0.3272606823451474,0.34146341463414637,0.3170731707317073,0.34146341463414637,125.17783300000883
14.1,Rolling 3 fair,rolling3_fair,511,120,14783,4920,0.33281471961036324,0.36881559220389803,0.328,9863,18005.93871157808,33351.29250053612,33473.42474441711,37356,0.3390764989662302,0.33220415537488707,0.32859504132231404,0.34146341463414637,0.3170731707317073,0.34146341463414637,155.85345799999777
14.1,Rolling 3 fair,rolling3_fair,512,120,14929,4920,0.32955991694018355,0.3791907514450867,0.3182406209573092,10009,17863.67595476271,33327.88931802602,33448.59850774027,37312,0.3200844178684488,0.3335900539113214,0.3263263263263263,0.34146341463414637,0.3170731707317073,0.34146341463414637,121.4854159999959
14.1,Rolling 3 fair,rolling3_fair,513,120,14926,4920,0.32962615570146053,0.36867740726863996,0.32073011734028684,10006,17980.95887595751,33256.27624096895,33375.52498135682,37115,0.32634833390587425,0.33403829029385573,0.3196964698119433,0.34146341463414637,0.3170731707317073,0.34146341463414637,152.8107500000042
14.1,Rolling 3 fair,rolling3_fair,514,120,14983,4920,0.32837215510912365,0.36163175303197354,0.3285475792988314,10063,18349.513165320233,34118.3984438367,34242.741570324644,38128,0.3331136738056013,0.3285920657850872,0.3228212953543574,0.34146341463414637,0.3170731707317073,0.34146341463414637,121.57654100000218
14.1,Rolling 3 fair,rolling3_fair,515,120,14802,4920,0.3323875152006486,0.3707611152976639,0.3299798792756539,9882,18098.197020678144,33515.13129054686,33639.082609612065,37598,0.3423785594639866,0.33097325241627334,0.3264816718054128,0.34146341463414637,0.3170731707317073,0.34146341463414637,148.10041700000875
14.1,Rolling 3 fair,rolling3_fair,516,120,14879,4920,0.33066738356072317,0.3713207547169811,0.3225172074729597,9959,18088.300875079727,33632.0340501178,33755.72538063264,37521,0.3261538461538461,0.3366655559258025,0.31684174855981023,0.34146341463414637,0.3170731707317073,0.34146341463414637,117.99283299999661
14.1,Rolling 3 fair,rolling3_fair,517,120,14968,4920,0.3287012292891502,0.3744292237442922,0.3203125,10048,18067.613756787487,33661.89053638513,33783.99121787603,37610,0.3319078947368421,0.32926965663796,0.3237361901573485,0.34146341463414637,0.3170731707317073,0.34146341463414637,146.65754200000083
14.1,Rolling 3 fair,rolling3_fair,518,120,15023,4920,0.3274978366504693,0.36661698956780925,0.3181377303588749,10103,18138.956876024105,33613.82161839276,33737.756357499384,37629,0.32996413433322463,0.33035813901595446,0.3164049448713665,0.34146341463414637,0.3170731707317073,0.34146341463414637,117.30412499999511
14.1,Rolling 3 fair,rolling3_fair,519,120,14890,4919,0.33035594358629955,0.38012374323279197,0.3162970106075217,9971,17846.931159266464,33399.52058402065,33525.54316656935,37407,0.34002633311389074,0.3288999098286745,0.32483221476510066,0.34153283187639766,0.3171376295995121,0.34132953852409026,142.40745899999456
14.1,Rolling 3 fair,rolling3_fair,520,120,15146,4920,0.3248382411197676,0.3725861416130254,0.3161953727506427,10226,18116.942024745516,33673.09481107747,33797.84267639557,37711,0.32001310186701604,0.32827949901120634,0.31929120695419594,0.34146341463414637,0.3170731707317073,0.34146341463414637,117.53508299999521
14.1,Rolling 3 fair,rolling3_fair,521,120,15092,4920,0.32600053008216273,0.36403995560488345,0.3256121773659828,10172,18197.100772808913,33774.3459640015,33896.7420707129,37766,0.32996632996632996,0.326739202110122,0.3198809130003308,0.34146341463414637,0.3170731707317073,0.34146341463414637,143.03866600000765
14.1,Rolling 3 fair,rolling3_fair,522,120,14972,4920,0.32861341170184344,0.36283185840707965,0.32177894048397643,10052,18294.790928927414,33860.668772063334,33984.03982941638,37916,0.31671554252199413,0.3251690125235509,0.35208333333333336,0.34146341463414637,0.3170731707317073,0.34146341463414637,116.10608299999149
14.1,Rolling 3 fair,rolling3_fair,523,120,15011,4920,0.3277596429285191,0.3697857948139797,0.3238973008558262,10091,18168.014628981462,33735.344234939235,33855.415957522724,37614,0.32282430213464697,0.3272989782318969,0.33423362592842676,0.34146341463414637,0.3170731707317073,0.34146341463414637,140.41233300000022
14.1,Rolling 3 fair,rolling3_fair,524,120,14954,4920,0.32900896081316033,0.36867740726863996,0.3276723276723277,10034,18184.046155256798,33670.83059697806,33794.82382271767,37699,0.32983761840324766,0.32299168975069253,0.34645139589640095,0.34146341463414637,0.3170731707317073,0.34146341463414637,129.88445800000045
14.1,Rolling 3 fair,rolling3_fair,525,120,15123,4920,0.325332275342194,0.3754292254864556,0.31337579617834393,10203,18035.12731647331,33479.25916103976,33599.20450142106,37316,0.31721659588369816,0.32563048550161094,0.33257105521071545,0.34146341463414637,0.3170731707317073,0.34146341463414637,127.40479200000118
14.1,Rolling 3 fair,rolling3_fair,526,120,15150,4920,0.32475247524752476,0.36840134780980904,0.31337579617834393,10230,18228.95986573567,33918.21913506721,34040.92014665403,37857,0.327720207253886,0.3275234418091561,0.3133133133133133,0.34146341463414637,0.3170731707317073,0.34146341463414637,163.68395900000178
14.1,Rolling 3 fair,rolling3_fair,527,120,14897,4920,0.33026783916224745,0.3653917564054957,0.3335593220338983,9977,18238.408621568276,33887.772120805,34014.831250826755,37902,0.3216711956521739,0.3310283292438099,0.33645798459993304,0.34146341463414637,0.3170731707317073,0.34146341463414637,125.42562500000349
14.1,Rolling 3 fair,rolling3_fair,528,120,15067,4920,0.3265414481980487,0.3717415942576502,0.3114909781576448,10147,18082.69398171979,33595.314481051995,33716.60358058013,37475,0.32970656116056707,0.3267637178051512,0.3228092783505155,0.34146341463414637,0.3170731707317073,0.34146341463414637,159.8882500000036
14.1,Rolling 3 fair,rolling3_fair,529,120,14874,4920,0.3307785397337636,0.3637707948243993,0.3324324324324324,9954,18148.25669342385,33642.4970314486,33760.764868265825,37438,0.3233999322722655,0.3306460642705184,0.3384615384615385,0.34146341463414637,0.3170731707317073,0.34146341463414637,123.76341700000921
14.1,Rolling 3 fair,rolling3_fair,530,120,15004,4920,0.3279125566515596,0.3656633221850613,0.30417310664605873,10084,18151.802380873636,33749.96748010901,33872.740151513026,37665,0.3354263053536021,0.33025975486337567,0.3137763371150729,0.34146341463414637,0.3170731707317073,0.34146341463414637,155.86579200001142
14.1,Rolling 10 fair,rolling10_fair,501,120,15018,4920,0.3276068717538953,0.3670272286460276,0.31731699451789747,10098,18209.005051888103,33848.51876627606,33970.81958727885,37836,0.3344617467840217,0.3249193817413544,0.3288830999674373,0.34146341463414637,0.3170731707317073,0.34146341463414637,204.5654579999973
14.1,Rolling 10 fair,rolling10_fair,502,120,14935,4920,0.3294275192500837,0.3791907514450867,0.31477927063339733,10015,18045.54075456886,33545.9791206362,33666.13315321258,37442,0.33030794165316046,0.32617736315612006,0.33830003386386726,0.34146341463414637,0.3170731707317073,0.34146341463414637,198.71062500000698
14.1,Rolling 10 fair,rolling10_fair,503,120,15156,4920,0.3246239113222486,0.36716417910447763,0.30943396226415093,10236,18183.387291870014,33803.10702689605,33927.0230175665,37814,0.31985535831689677,0.3243629173989455,0.3302325581395349,0.34146341463414637,0.3170731707317073,0.34146341463414637,214.41862499999115
14.1,Rolling 10 fair,rolling10_fair,504,120,14935,4920,0.3294275192500837,0.36826347305389223,0.3192731992212849,10015,18154.697993533824,33705.920772299236,33827.60549806296,37660,0.3297515110812626,0.3296374320878146,0.3284547311095984,0.34146341463414637,0.3170731707317073,0.34146341463414637,201.89262499999313
14.1,Rolling 10 fair,rolling10_fair,505,120,14696,4920,0.33478497550353836,0.36136614028644876,0.32464533157373804,9776,18230.940824320536,33837.666967118326,33959.51107703211,37690,0.3374274991470488,0.3334844706415779,0.3360516479782535,0.34146341463414637,0.3170731707317073,0.34146341463414637,219.59529099999054
14.1,Rolling 10 fair,rolling10_fair,506,120,14887,4920,0.3304896889903943,0.36163175303197354,0.3204168023445132,9967,18252.956718581165,33860.205221224445,33982.07365378202,37723,0.3366733466933868,0.33011143961792133,0.3255888996450468,0.34146341463414637,0.3170731707317073,0.34146341463414637,209.8810000000085
14.1,Rolling 10 fair,rolling10_fair,507,120,14932,4920,0.329493704795071,0.3562635771180304,0.31670421628580625,10012,18327.751787161553,33806.26560007424,33923.8087757093,37642,0.315892740353172,0.3314221472737493,0.33769721383014434,0.34146341463414637,0.3170731707317073,0.34146341463414637,203.68195800000103
14.1,Rolling 10 fair,rolling10_fair,508,120,15103,4920,0.3257630934251473,0.3508021390374332,0.3163987138263666,10183,18558.399175447234,34092.43799864011,34212.9833764335,37966,0.3268405414328161,0.3251635799046246,0.32646385345109585,0.34146341463414637,0.3170731707317073,0.34146341463414637,221.99912499998754
14.1,Rolling 10 fair,rolling10_fair,509,120,15068,4920,0.32651977701088397,0.3704819277108434,0.3082706766917293,10148,18140.11677752647,33786.02416681592,33911.655099645664,37819,0.30904856952761145,0.33072083011369907,0.33133533133533133,0.34146341463414637,0.3170731707317073,0.34146341463414637,211.04695899999933
14.1,Rolling 10 fair,rolling10_fair,510,120,15073,4920,0.32641146420752337,0.3600439077936334,0.3233651002300362,10153,18259.26918096662,33756.01215567082,33875.91076291323,37703,0.32399595005062437,0.3269167308326917,0.3272606823451474,0.34146341463414637,0.3170731707317073,0.34146341463414637,203.07520799999475
14.1,Rolling 10 fair,rolling10_fair,511,120,14783,4920,0.33281471961036324,0.36881559220389803,0.328,9863,18005.93871157808,33351.29250053612,33473.42474441711,37356,0.3390764989662302,0.33220415537488707,0.32859504132231404,0.34146341463414637,0.3170731707317073,0.34146341463414637,217.77120899999863
14.1,Rolling 10 fair,rolling10_fair,512,120,14929,4920,0.32955991694018355,0.3791907514450867,0.3182406209573092,10009,17863.67595476271,33327.88931802602,33448.59850774027,37312,0.3200844178684488,0.3335900539113214,0.3263263263263263,0.34146341463414637,0.3170731707317073,0.34146341463414637,276.7856669999892
14.1,Rolling 10 fair,rolling10_fair,513,120,14926,4920,0.32962615570146053,0.36867740726863996,0.32073011734028684,10006,17980.95887595751,33256.27624096895,33375.52498135682,37115,0.32634833390587425,0.33403829029385573,0.3196964698119433,0.34146341463414637,0.3170731707317073,0.34146341463414637,215.11687499999243
14.1,Rolling 10 fair,rolling10_fair,514,120,14983,4920,0.32837215510912365,0.36163175303197354,0.3285475792988314,10063,18349.513165320233,34118.3984438367,34242.741570324644,38128,0.3331136738056013,0.3285920657850872,0.3228212953543574,0.34146341463414637,0.3170731707317073,0.34146341463414637,221.69495799999277
14.1,Rolling 10 fair,rolling10_fair,515,120,14802,4920,0.3323875152006486,0.3707611152976639,0.3299798792756539,9882,18098.197020678144,33515.13129054686,33639.082609612065,37598,0.3423785594639866,0.33097325241627334,0.3264816718054128,0.34146341463414637,0.3170731707317073,0.34146341463414637,209.0303750000021
14.1,Rolling 10 fair,rolling10_fair,516,120,14879,4920,0.33066738356072317,0.3713207547169811,0.3225172074729597,9959,18088.300875079727,33632.0340501178,33755.72538063264,37521,0.3261538461538461,0.3366655559258025,0.31684174855981023,0.34146341463414637,0.3170731707317073,0.34146341463414637,206.40645799999766
14.1,Rolling 10 fair,rolling10_fair,517,120,14968,4920,0.3287012292891502,0.3744292237442922,0.3203125,10048,18067.613756787487,33661.89053638513,33783.99121787603,37610,0.3319078947368421,0.32926965663796,0.3237361901573485,0.34146341463414637,0.3170731707317073,0.34146341463414637,224.6452919999865
14.1,Rolling 10 fair,rolling10_fair,518,120,15023,4920,0.3274978366504693,0.36661698956780925,0.3181377303588749,10103,18138.956876024105,33613.82161839276,33737.756357499384,37629,0.32996413433322463,0.33035813901595446,0.3164049448713665,0.34146341463414637,0.3170731707317073,0.34146341463414637,208.78850000000966
14.1,Rolling 10 fair,rolling10_fair,519,120,14890,4919,0.33035594358629955,0.38012374323279197,0.3162970106075217,9971,17846.931159266464,33399.52058402065,33525.54316656935,37407,0.34002633311389074,0.3288999098286745,0.32483221476510066,0.34153283187639766,0.3171376295995121,0.34132953852409026,199.060249999995
14.1,Rolling 10 fair,rolling10_fair,520,120,15146,4920,0.3248382411197676,0.3725861416130254,0.3161953727506427,10226,18116.942024745516,33673.09481107747,33797.84267639557,37711,0.32001310186701604,0.32827949901120634,0.31929120695419594,0.34146341463414637,0.3170731707317073,0.34146341463414637,218.45229200000176
14.1,Rolling 10 fair,rolling10_fair,521,120,15092,4920,0.32600053008216273,0.36403995560488345,0.3256121773659828,10172,18197.100772808913,33774.3459640015,33896.7420707129,37766,0.32996632996632996,0.326739202110122,0.3198809130003308,0.34146341463414637,0.3170731707317073,0.34146341463414637,208.70437500000116
14.1,Rolling 10 fair,rolling10_fair,522,120,14972,4920,0.32861341170184344,0.36283185840707965,0.32177894048397643,10052,18294.790928927414,33860.668772063334,33984.03982941638,37916,0.31671554252199413,0.3251690125235509,0.35208333333333336,0.34146341463414637,0.3170731707317073,0.34146341463414637,200.01962500000081
14.1,Rolling 10 fair,rolling10_fair,523,120,15011,4920,0.3277596429285191,0.3697857948139797,0.3238973008558262,10091,18168.014628981462,33735.344234939235,33855.415957522724,37614,0.32282430213464697,0.3272989782318969,0.33423362592842676,0.34146341463414637,0.3170731707317073,0.34146341463414637,216.3657499999972
14.1,Rolling 10 fair,rolling10_fair,524,120,14954,4920,0.32900896081316033,0.36867740726863996,0.3276723276723277,10034,18184.046155256798,33670.83059697806,33794.82382271767,37699,0.32983761840324766,0.32299168975069253,0.34645139589640095,0.34146341463414637,0.3170731707317073,0.34146341463414637,205.59533300000476
14.1,Rolling 10 fair,rolling10_fair,525,120,15123,4920,0.325332275342194,0.3754292254864556,0.31337579617834393,10203,18035.12731647331,33479.25916103976,33599.20450142106,37316,0.31721659588369816,0.32563048550161094,0.33257105521071545,0.34146341463414637,0.3170731707317073,0.34146341463414637,199.47316599999613
14.1,Rolling 10 fair,rolling10_fair,526,120,15150,4920,0.32475247524752476,0.36840134780980904,0.31337579617834393,10230,18228.95986573567,33918.21913506721,34040.92014665403,37857,0.327720207253886,0.3275234418091561,0.3133133133133133,0.34146341463414637,0.3170731707317073,0.34146341463414637,221.63187499999185
14.1,Rolling 10 fair,rolling10_fair,527,120,14897,4920,0.33026783916224745,0.3653917564054957,0.3335593220338983,9977,18238.408621568276,33887.772120805,34014.831250826755,37902,0.3216711956521739,0.3310283292438099,0.33645798459993304,0.34146341463414637,0.3170731707317073,0.34146341463414637,204.56262500000594
14.1,Rolling 10 fair,rolling10_fair,528,120,15067,4920,0.3265414481980487,0.3717415942576502,0.3114909781576448,10147,18082.69398171979,33595.314481051995,33716.60358058013,37475,0.32970656116056707,0.3267637178051512,0.3228092783505155,0.34146341463414637,0.3170731707317073,0.34146341463414637,199.4026670000021
14.1,Rolling 10 fair,rolling10_fair,529,120,14874,4920,0.3307785397337636,0.3637707948243993,0.3324324324324324,9954,18148.25669342385,33642.4970314486,33760.764868265825,37438,0.3233999322722655,0.3306460642705184,0.3384615384615385,0.34146341463414637,0.3170731707317073,0.34146341463414637,213.31154199999582
14.1,Rolling 10 fair,rolling10_fair,530,120,15004,4920,0.3279125566515596,0.3656633221850613,0.30417310664605873,10084,18151.802380873636,33749.96748010901,33872.740151513026,37665,0.3354263053536021,0.33025975486337567,0.3137763371150729,0.34146341463414637,0.3170731707317073,0.34146341463414637,203.249708000003
14.1,Rolling 30 throughput,rolling30_throughput,501,120,15018,4920,0.3276068717538953,0.3670272286460276,0.31731699451789747,10098,18207.69227683805,33848.291815907236,34015.71600588605,37917,0.3361543669600542,0.3238074057600356,0.33051123412569194,0.34146341463414637,0.3170731707317073,0.34146341463414637,398.14512499999546
14.1,Rolling 30 throughput,rolling30_throughput,502,120,14935,4920,0.3294275192500837,0.3791907514450867,0.31477927063339733,10015,18044.218287155923,33545.60381621579,33718.06737179061,37499,0.3325769854132901,0.32505338878273576,0.33931594988147645,0.34146341463414637,0.3170731707317073,0.34146341463414637,395.802749999988
14.1,Rolling 30 throughput,rolling30_throughput,503,120,15156,4920,0.3246239113222486,0.36716417910447763,0.30943396226415093,10236,18182.067776591317,33801.31203164606,33978.65454180663,37900,0.32215647600262987,0.3229349736379613,0.33222591362126247,0.34146341463414637,0.3170731707317073,0.34146341463414637,396.6469160000124
14.1,Rolling 30 throughput,rolling30_throughput,504,120,14935,4920,0.3294275192500837,0.36826347305389223,0.3192731992212849,10015,18153.33547433091,33704.85924187592,33873.085097362185,37716,0.33143049026192073,0.32841778467679344,0.33049693669162694,0.34146341463414637,0.3170731707317073,0.34146341463414637,391.04308299999684
14.1,Rolling 30 throughput,rolling30_throughput,505,120,14696,4920,0.33478497550353836,0.36136614028644876,0.32464533157373804,9776,18229.562223650537,33836.132933080684,34006.94110562032,37747,0.3391334015694302,0.33257764679211066,0.33707101597009853,0.34146341463414637,0.3170731707317073,0.34146341463414637,396.554707999996
14.1,Rolling 30 throughput,rolling30_throughput,506,120,14887,4920,0.3304896889903943,0.36163175303197354,0.3204168023445132,9967,18251.4867591339,33858.28536931201,34026.56226893761,37824,0.3396793587174349,0.3286331589720264,0.32687963859309455,0.34146341463414637,0.3170731707317073,0.34146341463414637,392.57600000000093
14.1,Rolling 30 throughput,rolling30_throughput,507,120,14932,4920,0.329493704795071,0.3562635771180304,0.31670421628580625,10012,18326.32248788017,33804.796109286006,33975.430401243066,37687,0.31752779594506214,0.33018549747048903,0.3397113125209802,0.34146341463414637,0.3170731707317073,0.34146341463414637,388.5852920000034
14.1,Rolling 30 throughput,rolling30_throughput,508,120,15103,4920,0.3257630934251473,0.3508021390374332,0.3163987138263666,10183,18557.178579268664,34091.72103328686,34256.26454024726,38007,0.32849125123803236,0.323943661971831,0.328426561988878,0.34146341463414637,0.3170731707317073,0.34146341463414637,398.50991700000304
14.1,Rolling 30 throughput,rolling30_throughput,509,120,15068,4920,0.32651977701088397,0.3704819277108434,0.3082706766917293,10148,18138.889758871297,33784.61169828862,33949.45817902084,37883,0.31037924151696605,0.3296169555138536,0.3333333333333333,0.34146341463414637,0.3170731707317073,0.34146341463414637,395.555583999987
14.1,Rolling 30 throughput,rolling30_throughput,510,120,15073,4920,0.32641146420752337,0.3600439077936334,0.3233651002300362,10153,18257.93194958061,33755.09048784183,33926.076004326686,37794,0.3266959163010462,0.32548674513254866,0.32891685988737995,0.34146341463414637,0.3170731707317073,0.34146341463414637,392.07949999999255
14.1,Rolling 30 throughput,rolling30_throughput,511,120,14783,4920,0.33281471961036324,0.36881559220389803,0.328,9863,18004.58990317578,33350.12380640955,33523.5403996837,37426,0.34114403859407305,0.33073622402890696,0.33090909090909093,0.34146341463414637,0.3170731707317073,0.34146341463414637,388.820624999993
14.1,Rolling 30 throughput,rolling30_throughput,512,120,14929,4920,0.32955991694018355,0.3791907514450867,0.3182406209573092,10009,17862.442958683383,33326.23564554032,33494.15231646566,37387,0.32219486457966934,0.33226977665309715,0.3283283283283283,0.34146341463414637,0.3170731707317073,0.34146341463414637,394.6643330000079
14.1,Rolling 30 throughput,rolling30_throughput,513,120,14926,4920,0.32962615570146053,0.36867740726863996,0.32073011734028684,10006,17979.716103219696,33255.70028230937,33421.63251905291,37147,0.32703538302988666,0.33325912733748886,0.3213460903992082,0.34146341463414637,0.3170731707317073,0.34146341463414637,391.73087499999383
14.1,Rolling 30 throughput,rolling30_throughput,514,120,14983,4920,0.32837215510912365,0.36163175303197354,0.3285475792988314,10063,18348.182525835757,34116.74516714313,34291.80444207238,38190,0.3344316309719934,0.32759195466162905,0.32451678535096645,0.34146341463414637,0.3170731707317073,0.34146341463414637,438.1790420000034
14.1,Rolling 30 throughput,rolling30_throughput,515,120,14802,4920,0.3323875152006486,0.3707611152976639,0.3299798792756539,9882,18096.926631526814,33513.92146020212,33686.68024774326,37653,0.3443886097152429,0.32973701955495616,0.3281945871873929,0.34146341463414637,0.3170731707317073,0.34146341463414637,392.15191600000253
14.1,Rolling 30 throughput,rolling30_throughput,516,120,14879,4920,0.33066738356072317,0.3713207547169811,0.3225172074729597,9959,18086.96500779096,33630.81699783689,33809.238680810835,37658,0.3285470085470085,0.3351105187159836,0.31921382582175534,0.34146341463414637,0.3170731707317073,0.34146341463414637,390.591665999993
14.1,Rolling 30 throughput,rolling30_throughput,517,120,14968,4920,0.3287012292891502,0.3744292237442922,0.3203125,10048,18066.117386060785,33660.33123762205,33826.96888339808,37708,0.3335526315789474,0.3279275248853596,0.3260796786072983,0.34146341463414637,0.3170731707317073,0.34146341463414637,390.53712500000256
14.1,Rolling 30 throughput,rolling30_throughput,518,120,15023,4920,0.3274978366504693,0.36661698956780925,0.3181377303588749,10103,18137.606708893563,33612.44121458978,33785.53353198915,37678,0.33126834039778286,0.3291308713600357,0.3187437353825593,0.34146341463414637,0.3170731707317073,0.34146341463414637,432.93091700000514
14.1,Rolling 30 throughput,rolling30_throughput,519,120,14890,4919,0.33035594358629955,0.38012374323279197,0.3162970106075217,9971,17845.64493357133,33398.662836045216,33574.06929013195,37437,0.34101382488479265,0.3279981965734896,0.32651006711409397,0.34132953852409026,0.3171376295995121,0.34153283187639766,438.5270829999936
14.1,Rolling 30 throughput,rolling30_throughput,520,120,15146,4920,0.3248382411197676,0.3725861416130254,0.3161953727506427,10226,18115.6984275905,33672.23836398624,33839.74171182268,37763,0.32230592859482476,0.3268512414853878,0.3212972250083584,0.34146341463414637,0.3170731707317073,0.34146341463414637,414.15620900000795
14.1,Rolling 30 throughput,rolling30_throughput,521,120,15092,4920,0.32600053008216273,0.36403995560488345,0.3256121773659828,10172,18195.947858509728,33773.81773615723,33943.87292734617,37805,0.33131313131313134,0.32596988680074734,0.3208733046642408,0.34146341463414637,0.3170731707317073,0.34146341463414637,402.2175419999985
14.1,Rolling 30 throughput,rolling30_throughput,522,120,14972,4920,0.32861341170184344,0.36283185840707965,0.32177894048397643,10052,18293.411825573225,33858.681907300335,34037.510703564556,37992,0.31801889866405997,0.324060733680594,0.3541666666666667,0.34146341463414637,0.3170731707317073,0.34146341463414637,395.0301669999899
14.1,Rolling 30 throughput,rolling30_throughput,523,120,15011,4920,0.3277596429285191,0.3697857948139797,0.3238973008558262,10091,18166.622288375995,33734.561852909625,33908.14272475892,37673,0.32545155993431857,0.3260772989782319,0.3352464550979068,0.34146341463414637,0.3170731707317073,0.34146341463414637,396.0807910000003
14.1,Rolling 30 throughput,rolling30_throughput,524,120,14954,4920,0.32900896081316033,0.36867740726863996,0.3276723276723277,10034,18182.583660569475,33669.64037911826,33841.941259120125,37761,0.33152909336941816,0.3214404432132964,0.3494786411032627,0.34146341463414637,0.3170731707317073,0.34146341463414637,392.3365000000049
14.1,Rolling 30 throughput,rolling30_throughput,525,120,15123,4920,0.325332275342194,0.3754292254864556,0.31337579617834393,10203,18033.7517064598,33477.784520556605,33653.13954024726,37395,0.31950343025155176,0.3244083990667704,0.33387781770663183,0.34146341463414637,0.3170731707317073,0.34146341463414637,390.60366600001
14.1,Rolling 30 throughput,rolling30_throughput,526,120,15150,4920,0.32475247524752476,0.36840134780980904,0.31337579617834393,10230,18227.548679948675,33916.179314225454,34087.102976433605,37994,0.3283678756476684,0.32653061224489793,0.315648982315649,0.34146341463414637,0.3170731707317073,0.34146341463414637,408.30345799999486
14.1,Rolling 30 throughput,rolling30_throughput,527,120,14897,4920,0.33026783916224745,0.3653917564054957,0.3335593220338983,9977,18237.10502804208,33886.0948467289,34060.91938986621,37972,0.32302989130434784,0.3296899397724738,0.33913625711416134,0.34146341463414637,0.3170731707317073,0.34146341463414637,395.9623330000031
14.1,Rolling 30 throughput,rolling30_throughput,528,120,15067,4920,0.3265414481980487,0.3717415942576502,0.3114909781576448,10147,18081.386497861353,33594.15773507407,33764.23898781046,37545,0.3306956808440488,0.32553191489361705,0.32538659793814434,0.34146341463414637,0.3170731707317073,0.34146341463414637,394.7446670000063
14.1,Rolling 30 throughput,rolling30_throughput,529,120,14874,4920,0.3307785397337636,0.3637707948243993,0.3324324324324324,9954,18146.9376415725,33641.68504119999,33812.392417759285,37478,0.3250931256349475,0.3296383383719628,0.33979933110367894,0.34146341463414637,0.3170731707317073,0.34146341463414637,398.9491249999992
14.1,Rolling 30 throughput,rolling30_throughput,530,120,15004,4920,0.3279125566515596,0.3656633221850613,0.30417310664605873,10084,18150.42306207915,33749.95087467717,33926.03353198915,37741,0.33674818241903504,0.3290228269425391,0.3160453808752026,0.34146341463414637,0.3170731707317073,0.34146341463414637,395.6639589999977
14.15,Greedy FIFO,greedy,501,120,15018,5040,0.3355972832600879,0.37597911227154046,0.32505643340857787,9978,17988.612003047885,33452.572668739434,33576.09134206325,37388,0.34021665538253215,0.33348159679750916,0.3373493975903614,0.3333333333333333,0.3333333333333333,0.3333333333333333,82.76762499999313
14.15,Greedy FIFO,greedy,502,120,14935,5040,0.33746233679276866,0.3884393063583815,0.32245681381957775,9895,17819.169608408334,33132.650126830216,33254.39722005426,36981,0.33841166936790923,0.3340451837698101,0.34676600067727736,0.3333333333333333,0.3333333333333333,0.3333333333333333,80.7546250000014
14.15,Greedy FIFO,greedy,503,120,15156,5040,0.332541567695962,0.3761194029850746,0.3169811320754717,10116,17963.295851636387,33417.12578558539,33542.932455954295,37348,0.33004602235371466,0.33150263620386644,0.3382059800664452,0.3333333333333333,0.3333333333333333,0.3333333333333333,86.6482079999987
14.15,Greedy FIFO,greedy,504,120,14935,5040,0.33746233679276866,0.3772455089820359,0.32706035042180404,9895,17931.47388583592,33292.516234633105,33413.37524360803,37207,0.3381464069845534,0.3375097017407695,0.3366235534377127,0.3333333333333333,0.3333333333333333,0.3333333333333333,83.1384160000016
14.15,Greedy FIFO,greedy,505,120,14696,5040,0.34295046271094176,0.37017994858611825,0.3325635103926097,9656,18006.26913169226,33422.20896439483,33544.96750104123,37259,0.3428863868986694,0.34209929721151666,0.345565749235474,0.3333333333333333,0.3333333333333333,0.3333333333333333,80.74599999999919
14.15,Greedy FIFO,greedy,506,120,14887,5040,0.33855041311211126,0.37045203969129,0.3282318463041355,9847,18028.057282448233,33443.905982288,33564.650979557795,37216,0.3473613894455578,0.33716170115988175,0.3339787028073572,0.3333333333333333,0.3333333333333333,0.3333333333333333,81.87641699999222
14.15,Greedy FIFO,greedy,507,120,14932,5040,0.337530136619341,0.36495293265749457,0.32442870936594786,9892,18099.305829294575,33381.71021093704,33502.309681295264,37172,0.3266841072596468,0.33839235525576167,0.34608929170862707,0.3333333333333333,0.3333333333333333,0.3333333333333333,85.68566699999792
14.15,Greedy FIFO,greedy,508,120,15103,5040,0.33370853472819967,0.3593582887700535,0.32411575562700967,10063,18333.089217635243,33684.40057315467,33807.24920725819,37543,0.3360845163420271,0.3323721858711323,0.33529604187111545,0.3333333333333333,0.3333333333333333,0.3333333333333333,82.91075000001001
14.15,Greedy FIFO,greedy,509,120,15068,5040,0.3344836740111495,0.3795180722891566,0.3157894736842105,10028,17921.2374169768,33402.49101166111,33529.37833550468,37426,0.3166999334664005,0.3382271773926482,0.340992340992341,0.3333333333333333,0.3333333333333333,0.3333333333333333,84.98274999999558
14.15,Greedy FIFO,greedy,510,120,15073,5040,0.3343727194320971,0.36882546652030734,0.3312520538941834,10033,18033.81836778823,33345.23102735362,33468.07669381099,37199,0.33277084036449545,0.33505664943350566,0.3338853925140775,0.3333333333333333,0.3333333333333333,0.3333333333333333,83.15499999999884
14.15,Greedy FIFO,greedy,511,120,14783,5040,0.34093215179598185,0.3778110944527736,0.336,9743,17779.072992072084,32956.25291480066,33080.49708910952,36908,0.34734665747760163,0.3407859078590786,0.33520661157024795,0.3333333333333333,0.3333333333333333,0.3333333333333333,83.88312500000757
14.15,Greedy FIFO,greedy,512,120,14929,5040,0.33759796369482215,0.3884393063583815,0.3260025873221216,9889,17638.66491631248,32919.24387059315,33043.766810201625,36844,0.32817446359479424,0.3415117174606667,0.334668001334668,0.3333333333333333,0.3333333333333333,0.3333333333333333,84.71841700001096
14.15,Greedy FIFO,greedy,513,120,14926,5040,0.3376658180356425,0.3776695391532409,0.3285528031290743,9886,17748.802134180085,32836.71754856825,32960.308722124595,36690,0.33321882514599793,0.3432769367764915,0.325305179808644,0.3333333333333333,0.3333333333333333,0.3333333333333333,141.8889579999959
14.15,Greedy FIFO,greedy,514,120,14983,5040,0.33638123206300474,0.37045203969129,0.3365609348914858,9943,18132.5835258616,33738.68833862938,33866.420992213694,37674,0.34102141680395387,0.3358150905656184,0.3333333333333333,0.3333333333333333,0.3333333333333333,0.3333333333333333,87.00966700000572
14.15,Greedy FIFO,greedy,515,120,14802,5040,0.34049452776651806,0.37980406932931426,0.3380281690140845,9762,17874.02635838306,33120.33547700202,33241.63109038857,37086,0.3514237855946399,0.33827826477860196,0.33607399794450155,0.3333333333333333,0.3333333333333333,0.3333333333333333,127.38408299999719
14.15,Greedy FIFO,greedy,516,120,14879,5040,0.3387324416963506,0.38037735849056603,0.3303834808259587,9839,17862.61498420552,33223.96583106693,33344.0081931014,37012,0.3336752136752137,0.34444074197489727,0.32633005760759065,0.3333333333333333,0.3333333333333333,0.3333333333333333,80.71008300001267
14.15,Greedy FIFO,greedy,517,120,14968,5040,0.3367183324425441,0.3835616438356164,0.328125,9928,17845.865092110227,33269.6287440821,33395.83857174354,37252,0.3391447368421053,0.33721060284084553,0.3327753598928691,0.3333333333333333,0.3333333333333333,0.3333333333333333,120.83729200001108
14.15,Greedy FIFO,greedy,518,120,15023,5040,0.33548558876389534,0.37555886736214605,0.3258971871968962,9983,17914.47093032895,33216.23677032965,33341.734297455296,37134,0.3371372676882948,0.3387258730335825,0.3240895422652857,0.3333333333333333,0.3333333333333333,0.3333333333333333,81.60308300000906
14.15,Greedy FIFO,greedy,519,120,14890,5038,0.3383478844862324,0.3890177880897138,0.3240115718418515,9852,17632.301378530083,33013.05834108047,33138.40591347515,36925,0.34726793943383805,0.33724075743913434,0.3325503355704698,0.333465660976578,0.333465660976578,0.333068678046844,121.09683300000324
14.15,Greedy FIFO,greedy,520,120,15146,5040,0.33276112504951805,0.38167360848163573,0.32390745501285345,10106,17895.86307675754,33291.99483720409,33420.21450004255,37288,0.3285293154274484,0.33564051856734783,0.32831828819792713,0.3333333333333333,0.3333333333333333,0.3333333333333333,83.30637499998556
14.15,Greedy FIFO,greedy,521,120,15092,5040,0.3339517625231911,0.3729189789123196,0.33355393778954334,10052,17974.77493885285,33381.905770543395,33505.469618331386,37267,0.3373737373737374,0.3355313770744038,0.32583526298379095,0.3333333333333333,0.3333333333333333,0.3333333333333333,96.88745799999742
14.15,Greedy FIFO,greedy,522,120,14972,5040,0.336628372962864,0.37168141592920356,0.3296272073250491,9932,18073.818437864695,33469.15929960969,33597.13026928187,37452,0.32681655262300424,0.33281613653995346,0.3590277777777778,0.3333333333333333,0.3333333333333333,0.3333333333333333,81.45079199998872
14.15,Greedy FIFO,greedy,523,120,15011,5040,0.335753780560922,0.3788049605411499,0.3317972350230415,9971,17943.300741948973,33324.850473029794,33445.59451113907,37194,0.3336617405582923,0.33396268325188805,0.34334908845374745,0.3333333333333333,0.3333333333333333,0.3333333333333333,94.95508300000802
14.15,Greedy FIFO,greedy,524,120,14954,5040,0.33703356961348135,0.3776695391532409,0.3356643356643357,9914,17960.04869875524,33277.91179936914,33400.283138816136,37189,0.33694181326116374,0.33085872576177283,0.35586949209552643,0.3333333333333333,0.3333333333333333,0.3333333333333333,82.7453749999986
14.15,Greedy FIFO,greedy,525,120,15123,5040,0.3332672088871256,0.384586035864174,0.32101910828025476,10083,17806.491099920397,33063.199145512546,33186.42272618357,36846,0.3263639333551127,0.3338517942450839,0.3384514864423391,0.3333333333333333,0.3333333333333333,0.3333333333333333,91.55229199999303
14.15,Greedy FIFO,greedy,526,120,15150,5040,0.3326732673267327,0.3773867465368776,0.32101910828025476,10110,18009.246006557132,33524.2548364685,33649.200657461166,37472,0.33484455958549225,0.33568670711527854,0.3213213213213213,0.3333333333333333,0.3333333333333333,0.3333333333333333,82.1392499999929
14.15,Greedy FIFO,greedy,527,120,14897,5040,0.33832315231254617,0.37430375046416636,0.3416949152542373,9857,18019.30625980122,33497.57480984934,33621.74413527686,37496,0.328125,0.3390586660718269,0.3461667224640107,0.3333333333333333,0.3333333333333333,0.3333333333333333,91.0532499999972
14.15,Greedy FIFO,greedy,528,120,15067,5040,0.33450587376385477,0.38080846241027577,0.3190883190883191,10027,17857.1648824272,33190.28604588842,33314.25335094052,37046,0.3376195186284207,0.33449048152295635,0.3315077319587629,0.3333333333333333,0.3333333333333333,0.3333333333333333,81.77833400000236
14.15,Greedy FIFO,greedy,529,120,14874,5040,0.33884630899556273,0.37264325323475045,0.34054054054054056,9834,17919.83037896354,33219.92392482743,33340.352598696416,36974,0.32983406705045715,0.3393796887246669,0.34615384615384615,0.3333333333333333,0.3333333333333333,0.3333333333333333,88.54195900000923
14.15,Greedy FIFO,greedy,530,120,15004,5040,0.33591042388696346,0.3745819397993311,0.3115919629057187,9964,17928.451228471997,33349.187530847084,33472.36744675597,37235,0.34368803701255785,0.33801866636680533,0.32220421393841164,0.3333333333333333,0.3333333333333333,0.3333333333333333,80.84595800000534
14.15,Rolling 3 fair,rolling3_fair,501,120,15018,5040,0.3355972832600879,0.37597911227154046,0.32505643340857787,9978,17989.683677707424,33453.4995086507,33575.18148862499,37388,0.34021665538253215,0.33348159679750916,0.3373493975903614,0.3333333333333333,0.3333333333333333,0.3333333333333333,145.99062500000582
14.15,Rolling 3 fair,rolling3_fair,502,120,14935,5040,0.33746233679276866,0.3884393063583815,0.32245681381957775,9895,17820.08103507393,33133.606804559466,33253.660701169894,36981,0.33841166936790923,0.3340451837698101,0.34676600067727736,0.3333333333333333,0.3333333333333333,0.3333333333333333,112.68254199999501
14.15,Rolling 3 fair,rolling3_fair,503,120,15156,5040,0.332541567695962,0.3761194029850746,0.3169811320754717,10116,17964.210623287938,33417.76780661536,33541.59747224893,37348,0.33004602235371466,0.33150263620386644,0.3382059800664452,0.3333333333333333,0.3333333333333333,0.3333333333333333,131.09212499999558
14.15,Rolling 3 fair,rolling3_fair,504,120,14935,5040,0.33746233679276866,0.3772455089820359,0.32706035042180404,9895,17932.535418792635,33293.63277142498,33412.79793240957,37207,0.3381464069845534,0.3375097017407695,0.3366235534377127,0.3333333333333333,0.3333333333333333,0.3333333333333333,161.93195800000103
14.15,Rolling 3 fair,rolling3_fair,505,120,14696,5040,0.34295046271094176,0.37017994858611825,0.3325635103926097,9656,18007.21688498932,33423.25710495617,33544.19371986466,37259,0.3428863868986694,0.34209929721151666,0.345565749235474,0.3333333333333333,0.3333333333333333,0.3333333333333333,117.75058300000092
14.15,Rolling 3 fair,rolling3_fair,506,120,14887,5040,0.33855041311211126,0.37045203969129,0.3282318463041355,9847,18028.973007904533,33444.589588967596,33563.30979576479,37216,0.3473613894455578,0.33716170115988175,0.3339787028073572,0.3333333333333333,0.3333333333333333,0.3333333333333333,155.57995800000208
14.15,Rolling 3 fair,rolling3_fair,507,120,14932,5040,0.337530136619341,0.36495293265749457,0.32442870936594786,9892,18100.24583858927,33382.660322054544,33501.65873652105,37172,0.3266841072596468,0.33839235525576167,0.34608929170862707,0.3333333333333333,0.3333333333333333,0.3333333333333333,131.33954200000153
14.15,Rolling 3 fair,rolling3_fair,508,120,15103,5040,0.33370853472819967,0.3593582887700535,0.32411575562700967,10063,18334.0839320836,33685.403196830826,33806.13394430612,37543,0.3360845163420271,0.3323721858711323,0.33529604187111545,0.3333333333333333,0.3333333333333333,0.3333333333333333,139.05875000001106
14.15,Rolling 3 fair,rolling3_fair,509,120,15068,5040,0.3344836740111495,0.3795180722891566,0.3157894736842105,10028,17922.315626405583,33403.47075772675,33528.45841442441,37426,0.3166999334664005,0.3382271773926482,0.340992340992341,0.3333333333333333,0.3333333333333333,0.3333333333333333,176.45795799999905
14.15,Rolling 3 fair,rolling3_fair,510,120,15073,5040,0.3343727194320971,0.36882546652030734,0.3312520538941834,10033,18034.745863840228,33346.454528714814,33467.61030935217,37199,0.33277084036449545,0.33505664943350566,0.3338853925140775,0.3333333333333333,0.3333333333333333,0.3333333333333333,171.73137499998847
14.15,Rolling 3 fair,rolling3_fair,511,120,14783,5040,0.34093215179598185,0.3778110944527736,0.336,9743,17780.106316103673,32957.21278543592,33079.34247658827,36908,0.34734665747760163,0.3407859078590786,0.33520661157024795,0.3333333333333333,0.3333333333333333,0.3333333333333333,124.80608400001074
14.15,Rolling 3 fair,rolling3_fair,512,120,14929,5040,0.33759796369482215,0.3884393063583815,0.3260025873221216,9889,17639.56306546179,32920.106605374036,33042.3598805829,36844,0.32817446359479424,0.3415117174606667,0.334668001334668,0.3333333333333333,0.3333333333333333,0.3333333333333333,150.68754199999967
14.15,Rolling 3 fair,rolling3_fair,513,120,14926,5040,0.3376658180356425,0.3776695391532409,0.3285528031290743,9886,17749.8190124421,32837.58011941499,32959.287558626434,36690,0.33321882514599793,0.3432769367764915,0.325305179808644,0.3333333333333333,0.3333333333333333,0.3333333333333333,153.28520800000115
14.15,Rolling 3 fair,rolling3_fair,514,120,14983,5040,0.33638123206300474,0.37045203969129,0.3365609348914858,9943,18133.62292385479,33739.69541040042,33865.4855245953,37674,0.34102141680395387,0.3358150905656184,0.3333333333333333,0.3333333333333333,0.3333333333333333,0.3333333333333333,153.61720799999603
14.15,Rolling 3 fair,rolling3_fair,515,120,14802,5040,0.34049452776651806,0.37980406932931426,0.3380281690140845,9762,17874.863996093503,33121.19729785818,33240.386107903774,37086,0.3514237855946399,0.33827826477860196,0.33607399794450155,0.3333333333333333,0.3333333333333333,0.3333333333333333,157.56087499999558
14.15,Rolling 3 fair,rolling3_fair,516,120,14879,5040,0.3387324416963506,0.38037735849056603,0.3303834808259587,9839,17863.68930738671,33225.27162873831,33343.83734286359,37012,0.3336752136752137,0.34444074197489727,0.32633005760759065,0.3333333333333333,0.3333333333333333,0.3333333333333333,118.1992079999909
14.15,Rolling 3 fair,rolling3_fair,517,120,14968,5040,0.3367183324425441,0.3835616438356164,0.328125,9928,17846.932370659502,33270.85084665556,33395.324658401674,37252,0.3391447368421053,0.33721060284084553,0.3327753598928691,0.3333333333333333,0.3333333333333333,0.3333333333333333,141.76950000000943
14.15,Rolling 3 fair,rolling3_fair,518,120,15023,5040,0.33548558876389534,0.37555886736214605,0.3258971871968962,9983,17915.410870676882,33217.202170388344,33340.99602916523,37134,0.3371372676882948,0.3387258730335825,0.3240895422652857,0.3333333333333333,0.3333333333333333,0.3333333333333333,115.70216600000276
14.15,Rolling 3 fair,rolling3_fair,519,120,14890,5038,0.3383478844862324,0.3890177880897138,0.3240115718418515,9852,17633.354392238674,33014.024744596325,33137.16973246208,36925,0.34726793943383805,0.33724075743913434,0.3325503355704698,0.333465660976578,0.333267169511711,0.333267169511711,124.82912500000384
14.15,Rolling 3 fair,rolling3_fair,520,120,15146,5040,0.33276112504951805,0.38167360848163573,0.32390745501285345,10106,17896.875436937004,33293.12310149233,33419.64897587866,37288,0.3285293154274484,0.33564051856734783,0.32831828819792713,0.3333333333333333,0.3333333333333333,0.3333333333333333,155.33216600000742
14.15,Rolling 3 fair,rolling3_fair,521,120,15092,5040,0.3339517625231911,0.3729189789123196,0.33355393778954334,10052,17975.693567338272,33382.87699541457,33504.550580101124,37267,0.3373737373737374,0.3355313770744038,0.32583526298379095,0.3333333333333333,0.3333333333333333,0.3333333333333333,116.6035419999971
14.15,Rolling 3 fair,rolling3_fair,522,120,14972,5040,0.336628372962864,0.37168141592920356,0.3296272073250491,9932,18074.66949297018,33470.11228096951,33596.044763333746,37452,0.32681655262300424,0.33281613653995346,0.3590277777777778,0.3333333333333333,0.3333333333333333,0.3333333333333333,136.03137499999139
14.15,Rolling 3 fair,rolling3_fair,523,120,15011,5040,0.335753780560922,0.3788049605411499,0.3317972350230415,9971,17944.29271951454,33325.612970317554,33444.702444157214,37194,0.3336617405582923,0.33396268325188805,0.34334908845374745,0.3333333333333333,0.3333333333333333,0.3333333333333333,117.74025000000256
14.15,Rolling 3 fair,rolling3_fair,524,120,14954,5040,0.33703356961348135,0.3776695391532409,0.3356643356643357,9914,17961.155422907268,33279.0495208467,33400.00213663789,37189,0.33694181326116374,0.33085872576177283,0.35586949209552643,0.3333333333333333,0.3333333333333333,0.3333333333333333,123.4196660000016
14.15,Rolling 3 fair,rolling3_fair,525,120,15123,5040,0.3332672088871256,0.384586035864174,0.32101910828025476,10083,17807.518743682693,33064.46554871803,33185.88025940622,36846,0.3263639333551127,0.3338517942450839,0.3384514864423391,0.3333333333333333,0.3333333333333333,0.3333333333333333,155.9444999999978
14.15,Rolling 3 fair,rolling3_fair,526,120,15150,5040,0.3326732673267327,0.3773867465368776,0.32101910828025476,10110,18010.224499862696,33525.23921142873,33648.52669989086,37472,0.33484455958549225,0.33568670711527854,0.3213213213213213,0.3333333333333333,0.3333333333333333,0.3333333333333333,114.69704099999217
14.15,Rolling 3 fair,rolling3_fair,527,120,14897,5040,0.33832315231254617,0.37430375046416636,0.3416949152542373,9857,18020.235801703224,33498.568591402174,33621.02686882651,37496,0.328125,0.3390586660718269,0.3461667224640107,0.3333333333333333,0.3333333333333333,0.3333333333333333,133.70674999999756
14.15,Rolling 3 fair,rolling3_fair,528,120,15067,5040,0.33450587376385477,0.38080846241027577,0.3190883190883191,10027,17858.144420110853,33191.441029490314,33313.6977246245,37046,0.3376195186284207,0.33449048152295635,0.3315077319587629,0.3333333333333333,0.3333333333333333,0.3333333333333333,164.3629579999979
14.15,Rolling 3 fair,rolling3_fair,529,120,14874,5040,0.33884630899556273,0.37264325323475045,0.34054054054054056,9834,17920.860802298223,33220.93562202336,33339.673492824135,36974,0.32983406705045715,0.3393796887246669,0.34615384615384615,0.3333333333333333,0.3333333333333333,0.3333333333333333,156.15695800000685
14.15,Rolling 3 fair,rolling3_fair,530,120,15004,5040,0.33591042388696346,0.3745819397993311,0.3115919629057187,9964,17929.451333289344,33350.28994608907,33471.50496870092,37235,0.34368803701255785,0.33801866636680533,0.32220421393841164,0.3333333333333333,0.3333333333333333,0.3333333333333333,118.36575000001176
14.15,Rolling 10 fair,rolling10_fair,501,120,15018,5040,0.3355972832600879,0.37597911227154046,0.32505643340857787,9978,17989.683677707424,33453.4995086507,33575.18148862499,37388,0.34021665538253215,0.33348159679750916,0.3373493975903614,0.3333333333333333,0.3333333333333333,0.3333333333333333,216.4904169999936
14.15,Rolling 10 fair,rolling10_fair,502,120,14935,5040,0.33746233679276866,0.3884393063583815,0.32245681381957775,9895,17820.08103507393,33133.606804559466,33253.660701169894,36981,0.33841166936790923,0.3340451837698101,0.34676600067727736,0.3333333333333333,0.3333333333333333,0.3333333333333333,207.77329199999804
14.15,Rolling 10 fair,rolling10_fair,503,120,15156,5040,0.332541567695962,0.3761194029850746,0.3169811320754717,10116,17964.210623287938,33417.76780661536,33541.59747224893,37348,0.33004602235371466,0.33150263620386644,0.3382059800664452,0.3333333333333333,0.3333333333333333,0.3333333333333333,225.61595900000248
14.15,Rolling 10 fair,rolling10_fair,504,120,14935,5040,0.33746233679276866,0.3772455089820359,0.32706035042180404,9895,17932.535418792635,33293.63277142498,33412.79793240957,37207,0.3381464069845534,0.3375097017407695,0.3366235534377127,0.3333333333333333,0.3333333333333333,0.3333333333333333,202.28837500000373
14.15,Rolling 10 fair,rolling10_fair,505,120,14696,5040,0.34295046271094176,0.37017994858611825,0.3325635103926097,9656,18007.21688498932,33423.25710495617,33544.19371986466,37259,0.3428863868986694,0.34209929721151666,0.345565749235474,0.3333333333333333,0.3333333333333333,0.3333333333333333,214.47237499999756
14.15,Rolling 10 fair,rolling10_fair,506,120,14887,5040,0.33855041311211126,0.37045203969129,0.3282318463041355,9847,18028.973007904533,33444.589588967596,33563.30979576479,37216,0.3473613894455578,0.33716170115988175,0.3339787028073572,0.3333333333333333,0.3333333333333333,0.3333333333333333,202.00087500001246
14.15,Rolling 10 fair,rolling10_fair,507,120,14932,5040,0.337530136619341,0.36495293265749457,0.32442870936594786,9892,18100.24583858927,33382.660322054544,33501.65873652105,37172,0.3266841072596468,0.33839235525576167,0.34608929170862707,0.3333333333333333,0.3333333333333333,0.3333333333333333,215.3976249999978
14.15,Rolling 10 fair,rolling10_fair,508,120,15103,5040,0.33370853472819967,0.3593582887700535,0.32411575562700967,10063,18334.0839320836,33685.403196830826,33806.13394430612,37543,0.3360845163420271,0.3323721858711323,0.33529604187111545,0.3333333333333333,0.3333333333333333,0.3333333333333333,204.65883400000166
14.15,Rolling 10 fair,rolling10_fair,509,120,15068,5040,0.3344836740111495,0.3795180722891566,0.3157894736842105,10028,17922.315626405583,33403.47075772675,33528.45841442441,37426,0.3166999334664005,0.3382271773926482,0.340992340992341,0.3333333333333333,0.3333333333333333,0.3333333333333333,217.0063330000121
14.15,Rolling 10 fair,rolling10_fair,510,120,15073,5040,0.3343727194320971,0.36882546652030734,0.3312520538941834,10033,18034.745863840228,33346.454528714814,33467.61030935217,37199,0.33277084036449545,0.33505664943350566,0.3338853925140775,0.3333333333333333,0.3333333333333333,0.3333333333333333,205.15979199999128
14.15,Rolling 10 fair,rolling10_fair,511,120,14783,5040,0.34093215179598185,0.3778110944527736,0.336,9743,17780.106316103673,32957.21278543592,33079.34247658827,36908,0.34734665747760163,0.3407859078590786,0.33520661157024795,0.3333333333333333,0.3333333333333333,0.3333333333333333,217.3327500000014
14.15,Rolling 10 fair,rolling10_fair,512,120,14929,5040,0.33759796369482215,0.3884393063583815,0.3260025873221216,9889,17639.56306546179,32920.106605374036,33042.3598805829,36844,0.32817446359479424,0.3415117174606667,0.334668001334668,0.3333333333333333,0.3333333333333333,0.3333333333333333,204.3916659999959
14.15,Rolling 10 fair,rolling10_fair,513,120,14926,5040,0.3376658180356425,0.3776695391532409,0.3285528031290743,9886,17749.8190124421,32837.58011941499,32959.287558626434,36690,0.33321882514599793,0.3432769367764915,0.325305179808644,0.3333333333333333,0.3333333333333333,0.3333333333333333,216.5317090000026
14.15,Rolling 10 fair,rolling10_fair,514,120,14983,5040,0.33638123206300474,0.37045203969129,0.3365609348914858,9943,18133.62292385479,33739.69541040042,33865.4855245953,37674,0.34102141680395387,0.3358150905656184,0.3333333333333333,0.3333333333333333,0.3333333333333333,0.3333333333333333,205.25916699999652
14.15,Rolling 10 fair,rolling10_fair,515,120,14802,5040,0.34049452776651806,0.37980406932931426,0.3380281690140845,9762,17874.863996093503,33121.19729785818,33240.386107903774,37086,0.3514237855946399,0.33827826477860196,0.33607399794450155,0.3333333333333333,0.3333333333333333,0.3333333333333333,228.3174999999901
14.15,Rolling 10 fair,rolling10_fair,516,120,14879,5040,0.3387324416963506,0.38037735849056603,0.3303834808259587,9839,17863.68930738671,33225.27162873831,33343.83734286359,37012,0.3336752136752137,0.34444074197489727,0.32633005760759065,0.3333333333333333,0.3333333333333333,0.3333333333333333,209.17395900000702
14.15,Rolling 10 fair,rolling10_fair,517,120,14968,5040,0.3367183324425441,0.3835616438356164,0.328125,9928,17846.932370659502,33270.85084665556,33395.324658401674,37252,0.3391447368421053,0.33721060284084553,0.3327753598928691,0.3333333333333333,0.3333333333333333,0.3333333333333333,221.52174999999988
14.15,Rolling 10 fair,rolling10_fair,518,120,15023,5040,0.33548558876389534,0.37555886736214605,0.3258971871968962,9983,17915.410870676882,33217.202170388344,33340.99602916523,37134,0.3371372676882948,0.3387258730335825,0.3240895422652857,0.3333333333333333,0.3333333333333333,0.3333333333333333,204.52204199999687
14.15,Rolling 10 fair,rolling10_fair,519,120,14890,5038,0.3383478844862324,0.3890177880897138,0.3240115718418515,9852,17633.354392238674,33014.024744596325,33137.16973246208,36925,0.34726793943383805,0.33724075743913434,0.3325503355704698,0.333465660976578,0.333267169511711,0.333267169511711,219.32216700000572
14.15,Rolling 10 fair,rolling10_fair,520,120,15146,5040,0.33276112504951805,0.38167360848163573,0.32390745501285345,10106,17896.875436937004,33293.12310149233,33419.64897587866,37288,0.3285293154274484,0.33564051856734783,0.32831828819792713,0.3333333333333333,0.3333333333333333,0.3333333333333333,205.62912500000675
14.15,Rolling 10 fair,rolling10_fair,521,120,15092,5040,0.3339517625231911,0.3729189789123196,0.33355393778954334,10052,17975.693567338272,33382.87699541457,33504.550580101124,37267,0.3373737373737374,0.3355313770744038,0.32583526298379095,0.3333333333333333,0.3333333333333333,0.3333333333333333,219.24474999999802
14.15,Rolling 10 fair,rolling10_fair,522,120,14972,5040,0.336628372962864,0.37168141592920356,0.3296272073250491,9932,18074.66949297018,33470.11228096951,33596.044763333746,37452,0.32681655262300424,0.33281613653995346,0.3590277777777778,0.3333333333333333,0.3333333333333333,0.3333333333333333,206.39054199999373
14.15,Rolling 10 fair,rolling10_fair,523,120,15011,5040,0.335753780560922,0.3788049605411499,0.3317972350230415,9971,17944.29271951454,33325.612970317554,33444.702444157214,37194,0.3336617405582923,0.33396268325188805,0.34334908845374745,0.3333333333333333,0.3333333333333333,0.3333333333333333,219.45524999999907
14.15,Rolling 10 fair,rolling10_fair,524,120,14954,5040,0.33703356961348135,0.3776695391532409,0.3356643356643357,9914,17961.155422907268,33279.0495208467,33400.00213663789,37189,0.33694181326116374,0.33085872576177283,0.35586949209552643,0.3333333333333333,0.3333333333333333,0.3333333333333333,208.34145900000294
14.15,Rolling 10 fair,rolling10_fair,525,120,15123,5040,0.3332672088871256,0.384586035864174,0.32101910828025476,10083,17807.518743682693,33064.46554871803,33185.88025940622,36846,0.3263639333551127,0.3338517942450839,0.3384514864423391,0.3333333333333333,0.3333333333333333,0.3333333333333333,217.9615000000049
14.15,Rolling 10 fair,rolling10_fair,526,120,15150,5040,0.3326732673267327,0.3773867465368776,0.32101910828025476,10110,18010.224499862696,33525.23921142873,33648.52669989086,37472,0.33484455958549225,0.33568670711527854,0.3213213213213213,0.3333333333333333,0.3333333333333333,0.3333333333333333,204.2393749999901
14.15,Rolling 10 fair,rolling10_fair,527,120,14897,5040,0.33832315231254617,0.37430375046416636,0.3416949152542373,9857,18020.235801703224,33498.568591402174,33621.02686882651,37496,0.328125,0.3390586660718269,0.3461667224640107,0.3333333333333333,0.3333333333333333,0.3333333333333333,217.78087499999674
14.15,Rolling 10 fair,rolling10_fair,528,120,15067,5040,0.33450587376385477,0.38080846241027577,0.3190883190883191,10027,17858.144420110853,33191.441029490314,33313.6977246245,37046,0.3376195186284207,0.33449048152295635,0.3315077319587629,0.3333333333333333,0.3333333333333333,0.3333333333333333,204.98883300001035
14.15,Rolling 10 fair,rolling10_fair,529,120,14874,5040,0.33884630899556273,0.37264325323475045,0.34054054054054056,9834,17920.860802298223,33220.93562202336,33339.673492824135,36974,0.32983406705045715,0.3393796887246669,0.34615384615384615,0.3333333333333333,0.3333333333333333,0.3333333333333333,217.08816700000898
14.15,Rolling 10 fair,rolling10_fair,530,120,15004,5040,0.33591042388696346,0.3745819397993311,0.3115919629057187,9964,17929.451333289344,33350.28994608907,33471.50496870092,37235,0.34368803701255785,0.33801866636680533,0.32220421393841164,0.3333333333333333,0.3333333333333333,0.3333333333333333,204.7963330000057
14.15,Rolling 30 throughput,rolling30_throughput,501,120,15018,5040,0.3355972832600879,0.37597911227154046,0.32505643340857787,9978,17988.169167784414,33452.78517117692,33626.69494230301,37461,0.34326337169939064,0.3322584232180585,0.3380006512536633,0.3333333333333333,0.3333333333333333,0.3333333333333333,399.93833299999824
14.15,Rolling 30 throughput,rolling30_throughput,502,120,14935,5040,0.33746233679276866,0.3884393063583815,0.32245681381957775,9895,17818.70472104465,33132.569800231846,33314.06529994944,37063,0.3406807131280389,0.33280881195908735,0.348120555367423,0.3333333333333333,0.3333333333333333,0.3333333333333333,395.346458
14.15,Rolling 30 throughput,rolling30_throughput,503,120,15156,5040,0.332541567695962,0.3761194029850746,0.3169811320754717,10116,17962.70420674106,33416.01596388173,33594.124692187695,37467,0.3330046022353715,0.3299648506151142,0.33986710963455147,0.3333333333333333,0.3333333333333333,0.3333333333333333,410.7406659999979
14.15,Rolling 30 throughput,rolling30_throughput,504,120,14935,5040,0.33746233679276866,0.3772455089820359,0.32706035042180404,9895,17931.189539864223,33292.98037565612,33470.54711387841,37244,0.33948959032907994,0.3368444395165761,0.33730428863172224,0.3333333333333333,0.3333333333333333,0.3333333333333333,397.1507089999941
14.15,Rolling 30 throughput,rolling30_throughput,505,120,14696,5040,0.34295046271094176,0.37017994858611825,0.3325635103926097,9656,18005.849786302762,33422.5636587317,33597.96074953324,37312,0.34459228932105085,0.3408524144184992,0.3476044852191641,0.3333333333333333,0.3333333333333333,0.3333333333333333,385.62333300001046
14.15,Rolling 30 throughput,rolling30_throughput,506,120,14887,5040,0.33855041311211126,0.37045203969129,0.3282318463041355,9847,18027.44830478802,33442.74860368914,33628.96009736219,37348,0.3486973947895792,0.3357971344098249,0.3365601807034527,0.3333333333333333,0.3333333333333333,0.3333333333333333,395.8920000000071
14.15,Rolling 30 throughput,rolling30_throughput,507,120,14932,5040,0.337530136619341,0.36495293265749457,0.32442870936594786,9892,18098.74995639786,33381.17093132306,33560.304135072765,37268,0.329300196206671,0.3370432827431141,0.3474320241691843,0.3333333333333333,0.3333333333333333,0.3333333333333333,401.74645799999416
14.15,Rolling 30 throughput,rolling30_throughput,508,120,15103,5040,0.33370853472819967,0.3593582887700535,0.32411575562700967,10063,18332.680465365895,33684.36841406951,33859.04504203724,37599,0.3380653681082866,0.3313740711988466,0.33627739614000657,0.3333333333333333,0.3333333333333333,0.3333333333333333,405.97025000001304
14.15,Rolling 30 throughput,rolling30_throughput,509,120,15068,5040,0.3344836740111495,0.3795180722891566,0.3157894736842105,10028,17920.913417397835,33402.1999267924,33575.742517493534,37482,0.3180306054557552,0.3367921404128491,0.343989343989344,0.3333333333333333,0.3333333333333333,0.3333333333333333,403.9112499999901
14.15,Rolling 30 throughput,rolling30_throughput,510,120,15073,5040,0.3343727194320971,0.36882546652030734,0.3312520538941834,10033,18033.41811096832,33345.018335316265,33517.456912850546,37264,0.3347958150523119,0.3336266637333627,0.33620404107320306,0.3333333333333333,0.3333333333333333,0.3333333333333333,399.70120899999165
14.15,Rolling 30 throughput,rolling30_throughput,511,120,14783,5040,0.34093215179598185,0.3778110944527736,0.336,9743,17778.664695940144,32955.67241849977,33134.622466846726,37004,0.34975878704341834,0.3394308943089431,0.3368595041322314,0.3333333333333333,0.3333333333333333,0.3333333333333333,389.8188339999906
14.15,Rolling 30 throughput,rolling30_throughput,512,120,14929,5040,0.33759796369482215,0.3884393063583815,0.3260025873221216,9889,17638.324825940424,32919.910447952236,33089.235649799,36913,0.33028491030601476,0.3400814170975905,0.3370036703370037,0.3333333333333333,0.3333333333333333,0.3333333333333333,391.6799170000013
14.15,Rolling 30 throughput,rolling30_throughput,513,120,14926,5040,0.3376658180356425,0.3776695391532409,0.3285528031290743,9886,17748.48383142805,32836.07439694931,33003.181206913934,36748,0.33493644795602884,0.3420525378450579,0.32728472451336194,0.3333333333333333,0.3333333333333333,0.3333333333333333,388.0461660000001
14.15,Rolling 30 throughput,rolling30_throughput,514,120,14983,5040,0.33638123206300474,0.37045203969129,0.3365609348914858,9943,18132.201219953717,33738.209988125804,33917.98196661611,37762,0.342998352553542,0.3347038559839982,0.3346897253306205,0.3333333333333333,0.3333333333333333,0.3333333333333333,400.49533400000655
14.15,Rolling 30 throughput,rolling30_throughput,515,120,14802,5040,0.34049452776651806,0.37980406932931426,0.3380281690140845,9762,17873.581160357593,33120.85870993544,33299.22383275127,37160,0.35309882747068677,0.33726680152843336,0.33744433025008563,0.3333333333333333,0.3333333333333333,0.3333333333333333,390.20883299999696
14.15,Rolling 30 throughput,rolling30_throughput,516,120,14879,5040,0.3387324416963506,0.38037735849056603,0.3303834808259587,9839,17862.388190478043,33223.96052158496,33402.58782137441,37057,0.3353846153846154,0.34355214928357214,0.3273466621484243,0.3333333333333333,0.3333333333333333,0.3333333333333333,398.1992500000051
14.15,Rolling 30 throughput,rolling30_throughput,517,120,14968,5040,0.3367183324425441,0.3835616438356164,0.328125,9928,17845.38200486516,33268.862682753024,33441.661102501545,37286,0.3404605263157895,0.3357566267755285,0.335788416471376,0.3333333333333333,0.3333333333333333,0.3333333333333333,400.641082999995
14.15,Rolling 30 throughput,rolling30_throughput,518,120,15023,5040,0.33548558876389534,0.37555886736214605,0.3258971871968962,9983,17914.075669651727,33216.30223082858,33388.41635885437,37191,0.3394196283012716,0.337387035590762,0.32576010691613766,0.3333333333333333,0.3333333333333333,0.3333333333333333,397.3110000000015
14.15,Rolling 30 throughput,rolling30_throughput,519,120,14890,5038,0.3383478844862324,0.3890177880897138,0.3240115718418515,9852,17631.679385828018,33011.826539139714,33192.051257560735,37029,0.3499012508229098,0.3355500450856628,0.33489932885906043,0.333267169511711,0.333465660976578,0.333267169511711,389.3992920000019
14.15,Rolling 30 throughput,rolling30_throughput,520,120,15146,5040,0.33276112504951805,0.38167360848163573,0.32390745501285345,10106,17895.613539439655,33292.02630015341,33465.11352731101,37370,0.32951195545365214,0.3345418589321028,0.33065864259445,0.3333333333333333,0.3333333333333333,0.3333333333333333,397.1226669999887
14.15,Rolling 30 throughput,rolling30_throughput,521,120,15092,5040,0.3339517625231911,0.3729189789123196,0.33355393778954334,10052,17974.38818780908,33381.688978474616,33555.75751905292,37333,0.3393939393939394,0.33443235520386855,0.3271584518690043,0.3333333333333333,0.3333333333333333,0.3333333333333333,415.10612499999115
14.15,Rolling 30 throughput,rolling30_throughput,522,120,14972,5040,0.336628372962864,0.37168141592920356,0.3296272073250491,9932,18073.2841889832,33469.80123147492,33651.0661056203,37530,0.3284457478005865,0.33148620192840517,0.3614583333333333,0.3333333333333333,0.3333333333333333,0.3333333333333333,402.314750000005
14.15,Rolling 30 throughput,rolling30_throughput,523,120,15011,5040,0.335753780560922,0.3788049605411499,0.3317972350230415,9971,17942.786262634323,33324.41970906789,33512.23979348133,37258,0.33497536945812806,0.33262994224788983,0.3460499662390277,0.3333333333333333,0.3333333333333333,0.3333333333333333,396.3803750000079
14.15,Rolling 30 throughput,rolling30_throughput,524,120,14954,5040,0.33703356961348135,0.3776695391532409,0.3356643356643357,9914,17959.5404325922,33277.40241098684,33463.08893404489,37304,0.33863328822733424,0.3295290858725762,0.35822401614530774,0.3333333333333333,0.3333333333333333,0.3333333333333333,400.36141599999974
14.15,Rolling 30 throughput,rolling30_throughput,525,120,15123,5040,0.3332672088871256,0.384586035864174,0.32101910828025476,10083,17805.926013202345,33062.98420688571,33239.59388339808,36927,0.32799738647500815,0.33240751027663595,0.34106501143417184,0.3333333333333333,0.3333333333333333,0.3333333333333333,398.1359999999986
14.15,Rolling 30 throughput,rolling30_throughput,526,120,15150,5040,0.3326732673267327,0.3773867465368776,0.32101910828025476,10110,18008.81620174612,33523.87421389819,33702.86767099335,37513,0.33711139896373055,0.33447324875896306,0.322655989322656,0.3333333333333333,0.3333333333333333,0.3333333333333333,404.17849999999453
14.15,Rolling 30 throughput,rolling30_throughput,527,120,14897,5040,0.33832315231254617,0.37430375046416636,0.3416949152542373,9857,18018.917203501824,33497.8780250363,33672.05524774326,37540,0.32914402173913043,0.3379433415123801,0.3485102109139605,0.3333333333333333,0.3333333333333333,0.3333333333333333,400.21666600000754
14.15,Rolling 30 throughput,rolling30_throughput,528,120,15067,5040,0.33450587376385477,0.38080846241027577,0.3190883190883191,10027,17856.500602249507,33189.12280347139,33371.73292578679,37134,0.33992746455654466,0.33292273236282194,0.3337628865979381,0.3333333333333333,0.3333333333333333,0.3333333333333333,391.7738329999993
14.15,Rolling 30 throughput,rolling30_throughput,529,120,14874,5040,0.33884630899556273,0.37264325323475045,0.34054054054054056,9834,17919.352928929715,33218.81434385361,33389.85842445802,37101,0.3328818151032848,0.3379240846489755,0.3474916387959866,0.3333333333333333,0.3333333333333333,0.3333333333333333,394.0374579999916
14.15,Rolling 30 throughput,rolling30_throughput,530,120,15004,5040,0.33591042388696346,0.3745819397993311,0.3115919629057187,9964,17928.024370658262,33348.73601836894,33525.82999450919,37290,0.34534038334434897,0.3370066344315754,0.32350081037277145,0.3333333333333333,0.3333333333333333,0.3333333333333333,390.12745800000266
18,Greedy FIFO,greedy,501,120,15018,5482,0.36502863230789717,0.40880268556508764,0.35375685262818446,9536,17185.7098053562,32000.48116930263,32134.742695157358,35626,0.37169939065673663,0.3629489603024575,0.3647020514490394,0.3721269609631521,0.3721269609631521,0.2557460780736957,80.04437500001222
18,Greedy FIFO,greedy,502,120,14935,5477,0.36672246401071307,0.42196531791907516,0.3506078055022393,9458,17004.598062247594,31630.88116813369,31772.113149353605,35336,0.3727714748784441,0.3612453636057098,0.37690484253301726,0.3724666788387804,0.3724666788387804,0.2550666423224393,134.5590419999935
18,Greedy FIFO,greedy,503,120,15156,5480,0.36157297439957775,0.408955223880597,0.34465408805031444,9676,17170.312911344427,31980.44144390698,32121.04255743219,35793,0.35930309007232086,0.36126977152899825,0.3647840531561462,0.37208029197080295,0.3722627737226277,0.25565693430656933,79.34475000000384
18,Greedy FIFO,greedy,504,120,14935,5480,0.3669233344492802,0.4101796407185629,0.3556132381570409,9455,17119.233851007764,31807.75197169944,31945.598166572443,35543,0.3673606447280054,0.36744650182947114,0.3648740639891082,0.3722627737226277,0.3722627737226277,0.25547445255474455,85.35170899999503
18,Greedy FIFO,greedy,505,120,14696,5477,0.37268644529123574,0.4017627616599339,0.36192675684592546,9219,17206.580141436712,31926.83519832984,32060.52791815124,35571,0.36983964517229617,0.3733847200181365,0.37342847434590554,0.3724666788387804,0.3724666788387804,0.2550666423224393,79.35383300000103
18,Greedy FIFO,greedy,506,120,14887,5479,0.3680392288573924,0.4027930907754502,0.35721263432106803,9408,17216.978836520615,31911.183999866826,32044.076514278695,35495,0.3710754843019372,0.36866045030702754,0.3633430138754437,0.37233071728417594,0.37233071728417594,0.2553385654316481,80.40237500000512
18,Greedy FIFO,greedy,507,120,14932,5476,0.3667291722475221,0.39608979000724115,0.352108142903122,9456,17272.49607211544,31828.54390896169,31961.09563337332,35406,0.3597122302158273,0.3673974142776841,0.37193689157435383,0.3723520818115413,0.3725346968590212,0.25511322132943753,99.0738330000022
18,Greedy FIFO,greedy,508,120,15103,5476,0.3625769714626233,0.38966131907308377,0.3517684887459807,9627,17519.530551521842,32187.111396624387,32321.37682887143,35778,0.3628260151865302,0.3618720195186869,0.3644095518482172,0.3725346968590212,0.3725346968590212,0.25493060628195763,80.12620899999456
18,Greedy FIFO,greedy,509,120,15068,5479,0.36361826387045393,0.4130271084337349,0.3433583959899749,9589,17111.764870348892,32005.422469436387,32136.774993519033,35660,0.3489687292082502,0.36538249254884647,0.372960372960373,0.3719656871691915,0.37233071728417594,0.2557035955466326,78.49129099999845
18,Greedy FIFO,greedy,510,120,15073,5477,0.3633649572082532,0.40029271862422244,0.3595136378573776,9596,17216.667258330017,31863.835941929356,31997.207644441474,35582,0.3651704353695579,0.36343636563634363,0.3613779397151375,0.3724666788387804,0.3724666788387804,0.2550666423224393,83.50983300000371
18,Greedy FIFO,greedy,511,120,14783,5472,0.3701549076642089,0.4089205397301349,0.36566666666666664,9311,16989.538198525453,31557.105805023988,31694.887332628667,35370,0.3800827015851137,0.36878952122854564,0.3646280991735537,0.37280701754385964,0.37280701754385964,0.2543859649122807,90.35908399999607
18,Greedy FIFO,greedy,512,120,14929,5479,0.36700381807220844,0.4215799614643545,0.3538163001293661,9450,16817.016320782637,31459.477342964936,31599.75338576994,35182,0.3601829053816391,0.3706678402464518,0.36236236236236236,0.37233071728417594,0.37233071728417594,0.2553385654316481,80.94066700000258
18,Greedy FIFO,greedy,513,120,14926,5478,0.36701058555540667,0.41026601723491946,0.35691003911342895,9448,16920.673581064733,31333.870488089255,31474.745588128124,35086,0.36207488835451734,0.3717720391807658,0.35763774331903664,0.37203358890105875,0.3723986856516977,0.25556772544724354,92.62812500000291
18,Greedy FIFO,greedy,514,120,14983,5474,0.3653473937128746,0.402425578831312,0.3656093489148581,9509,17354.290754746075,32355.659224448682,32493.44073918682,36181,0.371004942339374,0.3648183131459051,0.3611393692777213,0.37267080745341613,0.37267080745341613,0.2546583850931677,80.91195800001151
18,Greedy FIFO,greedy,515,120,14802,5475,0.3698824483177949,0.4118311981914092,0.36619718309859156,9327,17061.334813029884,31712.71532039218,31851.280789175824,35463,0.3829145728643216,0.3682850078669364,0.3614251455978075,0.3724200913242009,0.3726027397260274,0.2549771689497717,77.64475000000675
18,Greedy FIFO,greedy,516,120,14879,5472,0.3677666509846092,0.41320754716981134,0.35955424450999673,9407,17062.411197885725,31741.457681420405,31867.848143859414,35258,0.3617094017094017,0.37365322670221035,0.3558115892917655,0.37280701754385964,0.37280701754385964,0.2543859649122807,77.52050000001327
18,Greedy FIFO,greedy,517,120,14968,5477,0.3659139497594869,0.4170471841704718,0.3564453125,9491,17039.34751450395,31818.28431337273,31955.938728230485,35485,0.3651315789473684,0.3672967229616374,0.36257114161365916,0.3724666788387804,0.3724666788387804,0.2550666423224393,78.1988330000022
18,Greedy FIFO,greedy,518,120,15023,5473,0.3643080609731745,0.407973174366617,0.35337859683155515,9550,17097.61186279115,31787.052465250097,31922.7064383204,35490,0.36615585262471473,0.3665067499721075,0.35583027063147343,0.37255618490772885,0.3727389000548145,0.2547049150374566,87.71500000001106
18,Greedy FIFO,greedy,519,120,14890,5474,0.3676292813969107,0.4222737819025522,0.351976856316297,9416,16835.042833802494,31584.363652656986,31714.296701091593,35291,0.37656352863726134,0.36654643823264205,0.361744966442953,0.37267080745341613,0.37267080745341613,0.2546583850931677,77.28604099999939
18,Greedy FIFO,greedy,520,120,15146,5473,0.36134953122936747,0.4149943203332071,0.35154241645244216,9673,17096.608287315845,31890.918202896086,32028.971977581303,35677,0.3589911562397642,0.36310700944847285,0.35840855901036445,0.3727389000548145,0.3727389000548145,0.2545221998903709,81.89208399999188
18,Greedy FIFO,greedy,521,120,15092,5478,0.3629737609329446,0.4058453570107288,0.3630046326935804,9614,17168.552167307495,31944.85498600996,32080.15320072081,35705,0.3686868686868687,0.3649851632047478,0.3513066490241482,0.37221613727637826,0.3723986856516977,0.25538517707192404,136.48612500001036
18,Greedy FIFO,greedy,522,120,14972,5473,0.3655490248463799,0.40376106194690264,0.3570961412688031,9499,17277.868786779694,32107.09699087943,32245.456094007488,35940,0.3551645487129358,0.362185525878311,0.3871527777777778,0.37255618490772885,0.3727389000548145,0.2547049150374566,79.082917000007
18,Greedy FIFO,greedy,523,120,15011,5477,0.3648657651055892,0.41149943630214203,0.36142198815009874,9534,17149.97747338498,31832.567709373456,31977.087761059123,35630,0.3642036124794745,0.3620613060861839,0.3740715732613099,0.3724666788387804,0.3724666788387804,0.2550666423224393,87.36358299999847
18,Greedy FIFO,greedy,524,120,14954,5476,0.36618964825464756,0.41026601723491946,0.3643023643023643,9478,17156.594240815833,31850.53084090901,31980.728814404167,35595,0.3663734776725304,0.35977839335180056,0.3854692230070636,0.3725346968590212,0.3725346968590212,0.25493060628195763,78.305583999987
18,Greedy FIFO,greedy,525,120,15123,5480,0.3623619652185413,0.41816100724914157,0.3490445859872611,9643,16981.409924245196,31532.334063121,31668.303389299657,35225,0.3538059457693564,0.36207088101322077,0.3717739300882065,0.3718978102189781,0.3722627737226277,0.25583941605839416,79.54970799999137
18,Greedy FIFO,greedy,526,120,15150,5475,0.3613861386138614,0.4099588169225009,0.3487261146496815,9675,17214.231539592824,32061.02577785463,32197.311480153545,35794,0.3626943005181347,0.3654715940430226,0.347681014347681,0.3726027397260274,0.3726027397260274,0.2547945205479452,113.03149999999732
18,Greedy FIFO,greedy,527,120,14897,5475,0.367523662482379,0.4058670627552915,0.3705084745762712,9422,17232.017190985574,32113.610831397156,32257.379428561373,35978,0.36345108695652173,0.3657149230426054,0.37696685637763644,0.3724200913242009,0.3726027397260274,0.2549771689497717,79.18258400000923
18,Greedy FIFO,greedy,528,120,15067,5474,0.3633105462268534,0.41329807329051754,0.34694523583412473,9593,17060.759683189375,31708.913708321164,31844.61739462224,35343,0.37223870755028027,0.36215005599104144,0.35792525773195877,0.37267080745341613,0.37267080745341613,0.2546583850931677,83.39308300000266
18,Greedy FIFO,greedy,529,120,14874,5492,0.3692349065483394,0.40517560073937153,0.37195945945945946,9382,17077.320512903247,31623.775454648036,31758.114863163064,35183,0.3613274635963427,0.37017131340275444,0.374247491638796,0.37144938091769847,0.37144938091769847,0.25710123816460306,77.79558299999917
18,Greedy FIFO,greedy,530,120,15004,5477,0.3650359904025593,0.4072835377183203,0.3375579598145286,9527,17113.041723690214,31869.327492081502,31998.7970470986,35488,0.3724388631857237,0.3666929045316541,0.35299837925445704,0.3724666788387804,0.3724666788387804,0.2550666423224393,78.4534580000036
18,Rolling 3 fair,rolling3_fair,501,120,15018,5502,0.3663603675589293,0.40992167101827676,0.3550467591099645,9516,17153.653001680086,31936.91469912206,32066.341411607482,35546,0.3727149627623561,0.36450572667630377,0.3656789319439922,0.3306070519810978,0.3391494002181025,0.33024354780079973,167.9332499999873
18,Rolling 3 fair,rolling3_fair,502,120,14935,5497,0.36806160026782725,0.4235067437379576,0.3512476007677543,9438,16957.27776618061,31556.655417431608,31699.25086624378,35281,0.37439222042139386,0.36259413285377096,0.37792075855062646,0.33181735492086595,0.3374567946152447,0.3307258504638894,112.1727499999979
18,Rolling 3 fair,rolling3_fair,503,120,15156,5502,0.36302454473475854,0.41007462686567164,0.34591194968553457,9654,17125.85500003981,31911.49128832939,32051.84966080036,35704,0.3596318211702827,0.3624780316344464,0.3681063122923588,0.33024354780079973,0.3391494002181025,0.3306070519810978,120.16070800001035
18,Rolling 3 fair,rolling3_fair,504,120,14935,5490,0.3675929025778373,0.41130239520958084,0.3559377027903958,9445,17096.070718789884,31770.70304684547,31909.557549905672,35502,0.36836803223640024,0.3677791329415678,0.3662355343771273,0.3313296903460838,0.33825136612021856,0.3304189435336976,136.73737499999697
18,Rolling 3 fair,rolling3_fair,505,120,14696,5494,0.37384322264561787,0.40396621373485125,0.36225668096337843,9202,17166.657782801314,31867.886451549075,31998.48798929759,35488,0.370863186625725,0.3745182498299705,0.3747876316683656,0.33272661084819805,0.3352748452857663,0.33199854386603567,162.640333000003
18,Rolling 3 fair,rolling3_fair,506,120,14887,5498,0.3693155101766642,0.40352811466372657,0.3585151416476718,9389,17195.247713309287,31847.461801366095,31975.500273286383,35431,0.37207748830995324,0.3702524448487605,0.3639883833494676,0.3330301927973809,0.33703164787195344,0.32993815933066567,110.08074999999371
18,Rolling 3 fair,rolling3_fair,507,120,14932,5496,0.3680685775515671,0.39717595944967415,0.35468297392983583,9436,17257.60168951875,31767.204066874867,31897.95357364575,35324,0.3616742969260955,0.3685216413715571,0.37327962403491105,0.3307860262008734,0.33642649199417757,0.33278748180494905,125.48712499999965
18,Rolling 3 fair,rolling3_fair,508,120,15103,5502,0.36429848374495133,0.39180035650623884,0.35337620578778134,9601,17474.764339354737,32103.694860954016,32235.850742599174,35708,0.36579729283591944,0.36309193745148055,0.36637226038599935,0.3306070519810978,0.33987640857869866,0.32951653944020354,147.9654589999991
18,Rolling 3 fair,rolling3_fair,509,120,15068,5503,0.365211043270507,0.4137801204819277,0.34398496240601506,9565,17079.184116466866,31922.069807286356,32052.740963290693,35586,0.35063206919494344,0.3669279169886301,0.37462537462537465,0.3307286934399418,0.3369071415591496,0.3323641650009086,111.50833300000522
18,Rolling 3 fair,rolling3_fair,510,120,15073,5500,0.3648908644596298,0.40248810830589093,0.36148537627341437,9573,17177.887332107617,31786.55407210585,31918.973332886726,35497,0.3665204184947688,0.3650863491365086,0.3627028817489235,0.3307272727272727,0.33854545454545454,0.3307272727272727,116.95187499999884
18,Rolling 3 fair,rolling3_fair,511,120,14783,5501,0.37211662044240007,0.411544227886057,0.36666666666666664,9282,16930.162726425726,31452.294472433376,31593.729749911625,35266,0.3835286009648518,0.37070912375790427,0.3652892561983471,0.3315760770768951,0.3368478458462098,0.3315760770768951,130.73716699999932
18,Rolling 3 fair,rolling3_fair,512,120,14929,5504,0.3686784111460915,0.4235067437379576,0.3564036222509702,9425,16797.691518583582,31384.356301178545,31520.20120126949,35098,0.3619416109743229,0.37253823302893607,0.3633633633633634,0.3313953488372093,0.3390261627906977,0.329578488372093,157.10733299999265
18,Rolling 3 fair,rolling3_fair,513,120,14926,5499,0.36841752646388853,0.4121393780442113,0.3582138200782269,9427,16877.33451243899,31269.04900461156,31401.936423066054,34972,0.3631054620405359,0.37310774710596617,0.35961728802375453,0.33133296963084197,0.337152209492635,0.331514820876523,113.61854200001108
18,Rolling 3 fair,rolling3_fair,514,120,14983,5497,0.3668824667957018,0.40426313855200297,0.3676126878130217,9486,17332.077925413054,32282.141302454267,32424.809456746018,36113,0.37199341021416804,0.36692965885098344,0.3614784672770431,0.3323631071493542,0.338184464253229,0.32945242859741675,122.32479199999943
18,Rolling 3 fair,rolling3_fair,515,120,14802,5499,0.37150385083096876,0.413715146948003,0.36955063715627096,9303,17037.524751593774,31649.430087367225,31787.303780572318,35379,0.3845896147403685,0.36997077995055067,0.36279547790339156,0.3304237134024368,0.33842516821240226,0.3311511183851609,139.09724999999162
18,Rolling 3 fair,rolling3_fair,516,120,14879,5504,0.3699173331541098,0.41509433962264153,0.3608652900688299,9375,16998.19932466064,31614.12266419367,31747.44650616682,35117,0.36376068376068377,0.3756525602576919,0.3585225347339885,0.33066860465116277,0.33757267441860467,0.33175872093023256,110.41908399999375
18,Rolling 3 fair,rolling3_fair,517,120,14968,5499,0.3673837520042758,0.4189497716894977,0.3577473958333333,9469,17003.377084791962,31750.67401279328,31884.34624002663,35403,0.3667763157894737,0.3686388547142378,0.3642450619350519,0.3318785233678851,0.336970358246954,0.3311511183851609,111.91324999999779
18,Rolling 3 fair,rolling3_fair,518,120,15023,5496,0.36583904679491447,0.4087183308494784,0.35564177174264466,9527,17072.29119412876,31706.552548488027,31845.145978814806,35396,0.3687642647538311,0.36717616869351777,0.35883728700300704,0.3316957787481805,0.337882096069869,0.3304221251819505,127.39700000001176
18,Rolling 3 fair,rolling3_fair,519,120,14890,5490,0.3687038280725319,0.42266047950502705,0.3532626165220186,9400,16815.749448409628,31522.897728137767,31659.52029238388,35238,0.37820934825543123,0.36733543733092877,0.36308724832214767,0.331511839708561,0.33734061930783243,0.33114754098360655,149.5380839999998
18,Rolling 3 fair,rolling3_fair,520,120,15146,5501,0.36319820414630927,0.41688754259750094,0.35347043701799485,9645,17055.201920235195,31799.82926464817,31935.82923953561,35579,0.3599737962659679,0.36541419468248737,0.3597459043798061,0.33066715142701325,0.3390292674059262,0.33030358116706054,123.25720800001
18,Rolling 3 fair,rolling3_fair,521,120,15092,5498,0.36429896633978265,0.40621531631520535,0.3639973527465255,9594,17138.616411888954,31875.787055841705,32015.82564336171,35659,0.3707070707070707,0.36641389163644356,0.3516374462454515,0.3310294652600946,0.3381229538013823,0.3308475809385231,134.97679100000823
18,Rolling 3 fair,rolling3_fair,522,120,14972,5496,0.3670852257547422,0.40449852507374634,0.3590582079790713,9476,17252.813011433493,32026.005938436014,32173.414945268134,35875,0.3567937438905181,0.3638479441427463,0.38819444444444445,0.3289665211062591,0.3397016011644833,0.33133187772925765,161.36895899999945
18,Rolling 3 fair,rolling3_fair,523,120,15011,5501,0.3664645926320698,0.41300263059000375,0.3627386438446346,9510,17096.630159721462,31758.912064706634,31899.90576131172,35560,0.3665024630541872,0.36350510884051535,0.37542201215395005,0.33030358116706054,0.33884748227594985,0.33084893655698966,199.4684169999964
18,Rolling 3 fair,rolling3_fair,524,120,14954,5501,0.36786144175471447,0.41139003372049454,0.3663003663003663,9453,17113.667936240654,31765.684542623894,31898.20970724258,35484,0.36772665764546686,0.3614404432132964,0.3874873864783047,0.3301217960370842,0.3377567714960916,0.33212143246682424,119.8564170000027
18,Rolling 3 fair,rolling3_fair,525,120,15123,5495,0.36335383191165777,0.4189240747806181,0.34968152866242036,9628,16959.3431727374,31483.466706360414,31617.064309549376,35192,0.3547860176412937,0.3631818686812576,0.37242731133616463,0.3304822565969063,0.33739763421292085,0.3321201091901729,133.09412500000326
18,Rolling 3 fair,rolling3_fair,526,120,15150,5501,0.36310231023102313,0.41145638337701235,0.35127388535031845,9649,17195.050193478317,31984.813480103734,32117.32301334672,35716,0.3643134715025907,0.36701599558742415,0.3500166833500167,0.33193964733684783,0.33739320123613886,0.33066715142701325,162.74129200000607
18,Rolling 3 fair,rolling3_fair,527,120,14897,5506,0.3696046183795395,0.40809506126995915,0.3735593220338983,9391,17202.807379605867,32026.377671627488,32167.4892049366,35854,0.36514945652173914,0.367945572161499,0.3789755607633077,0.3303668725027243,0.3390846349436978,0.33054849255357793,133.5220410000038
18,Rolling 3 fair,rolling3_fair,528,120,15067,5496,0.36477069091391784,0.4144314318095958,0.3475783475783476,9571,17009.648244590935,31634.018171142503,31763.570301694006,35258,0.37421694691724366,0.36326987681970885,0.3598582474226804,0.3309679767103348,0.33770014556040756,0.33133187772925765,122.71479199999885
18,Rolling 3 fair,rolling3_fair,529,120,14874,5498,0.36963829501142936,0.40517560073937153,0.3722972972972973,9376,17071.098460646124,31607.013184339077,31738.505516755988,35167,0.3613274635963427,0.37061919157989026,0.3749163879598662,0.33139323390323755,0.3377591851582394,0.3308475809385231,137.2572089999885
18,Rolling 3 fair,rolling3_fair,530,120,15004,5500,0.36656891495601174,0.4087699739873653,0.3400309119010819,9504,17079.72947686825,31795.350729441874,31923.856178264086,35381,0.3734302709847984,0.3686045204093107,0.3539708265802269,0.3312727272727273,0.33836363636363637,0.33036363636363636,168.10879100000602
18,Rolling 10 fair,rolling10_fair,501,120,15018,5502,0.3663603675589293,0.40992167101827676,0.3550467591099645,9516,17153.653001680086,31936.91469912206,32066.341411607482,35546,0.3727149627623561,0.36450572667630377,0.3656789319439922,0.3306070519810978,0.3391494002181025,0.33024354780079973,213.11437500000466
18,Rolling 10 fair,rolling10_fair,502,120,14935,5497,0.36806160026782725,0.4235067437379576,0.3512476007677543,9438,16957.27776618061,31556.655417431608,31699.25086624378,35281,0.37439222042139386,0.36259413285377096,0.37792075855062646,0.33181735492086595,0.3374567946152447,0.3307258504638894,225.0252909999981
18,Rolling 10 fair,rolling10_fair,503,120,15156,5502,0.36302454473475854,0.41007462686567164,0.34591194968553457,9654,17125.85500003981,31911.49128832939,32051.84966080036,35704,0.3596318211702827,0.3624780316344464,0.3681063122923588,0.33024354780079973,0.3391494002181025,0.3306070519810978,211.26808399999572
18,Rolling 10 fair,rolling10_fair,504,120,14935,5490,0.3675929025778373,0.41130239520958084,0.3559377027903958,9445,17096.070718789884,31770.70304684547,31909.557549905672,35502,0.36836803223640024,0.3677791329415678,0.3662355343771273,0.3313296903460838,0.33825136612021856,0.3304189435336976,220.23095900000772
18,Rolling 10 fair,rolling10_fair,505,120,14696,5494,0.37384322264561787,0.40396621373485125,0.36225668096337843,9202,17166.657782801314,31867.886451549075,31998.48798929759,35488,0.370863186625725,0.3745182498299705,0.3747876316683656,0.33272661084819805,0.3352748452857663,0.33199854386603567,221.79270799999358
18,Rolling 10 fair,rolling10_fair,506,120,14887,5498,0.3693155101766642,0.40352811466372657,0.3585151416476718,9389,17195.247713309287,31847.461801366095,31975.500273286383,35431,0.37207748830995324,0.3702524448487605,0.3639883833494676,0.3330301927973809,0.33703164787195344,0.32993815933066567,204.90137500000128
18,Rolling 10 fair,rolling10_fair,507,120,14932,5496,0.3680685775515671,0.39717595944967415,0.35468297392983583,9436,17257.60168951875,31767.204066874867,31897.95357364575,35324,0.3616742969260955,0.3685216413715571,0.37327962403491105,0.3307860262008734,0.33642649199417757,0.33278748180494905,222.68070900000748
18,Rolling 10 fair,rolling10_fair,508,120,15103,5502,0.36429848374495133,0.39180035650623884,0.35337620578778134,9601,17474.764339354737,32103.694860954016,32235.850742599174,35708,0.36579729283591944,0.36309193745148055,0.36637226038599935,0.3306070519810978,0.33987640857869866,0.32951653944020354,236.59516699999222
18,Rolling 10 fair,rolling10_fair,509,120,15068,5503,0.365211043270507,0.4137801204819277,0.34398496240601506,9565,17079.184116466866,31922.069807286356,32052.740963290693,35586,0.35063206919494344,0.3669279169886301,0.37462537462537465,0.3307286934399418,0.3369071415591496,0.3323641650009086,209.14458300000115
18,Rolling 10 fair,rolling10_fair,510,120,15073,5500,0.3648908644596298,0.40248810830589093,0.36148537627341437,9573,17177.887332107617,31786.55407210585,31918.973332886726,35497,0.3665204184947688,0.3650863491365086,0.3627028817489235,0.3307272727272727,0.33854545454545454,0.3307272727272727,221.90883400000166
18,Rolling 10 fair,rolling10_fair,511,120,14783,5501,0.37211662044240007,0.411544227886057,0.36666666666666664,9282,16930.162726425726,31452.294472433376,31593.729749911625,35266,0.3835286009648518,0.37070912375790427,0.3652892561983471,0.3315760770768951,0.3368478458462098,0.3315760770768951,198.45291700000234
18,Rolling 10 fair,rolling10_fair,512,120,14929,5504,0.3686784111460915,0.4235067437379576,0.3564036222509702,9425,16797.691518583582,31384.356301178545,31520.20120126949,35098,0.3619416109743229,0.37253823302893607,0.3633633633633634,0.3313953488372093,0.3390261627906977,0.329578488372093,210.49641699998756
18,Rolling 10 fair,rolling10_fair,513,120,14926,5499,0.36841752646388853,0.4121393780442113,0.3582138200782269,9427,16877.33451243899,31269.04900461156,31401.936423066054,34972,0.3631054620405359,0.37310774710596617,0.35961728802375453,0.33133296963084197,0.337152209492635,0.331514820876523,228.3168330000044
18,Rolling 10 fair,rolling10_fair,514,120,14983,5497,0.3668824667957018,0.40426313855200297,0.3676126878130217,9486,17332.077925413054,32282.141302454267,32424.809456746018,36113,0.37199341021416804,0.36692965885098344,0.3614784672770431,0.3323631071493542,0.338184464253229,0.32945242859741675,231.20783300000767
18,Rolling 10 fair,rolling10_fair,515,120,14802,5499,0.37150385083096876,0.413715146948003,0.36955063715627096,9303,17037.524751593774,31649.430087367225,31787.303780572318,35379,0.3845896147403685,0.36997077995055067,0.36279547790339156,0.3304237134024368,0.33842516821240226,0.3311511183851609,229.85704099999566
18,Rolling 10 fair,rolling10_fair,516,120,14879,5504,0.3699173331541098,0.41509433962264153,0.3608652900688299,9375,16998.19932466064,31614.12266419367,31747.44650616682,35117,0.36376068376068377,0.3756525602576919,0.3585225347339885,0.33066860465116277,0.33757267441860467,0.33175872093023256,256.13262499999837
18,Rolling 10 fair,rolling10_fair,517,120,14968,5499,0.3673837520042758,0.4189497716894977,0.3577473958333333,9469,17003.377084791962,31750.67401279328,31884.34624002663,35403,0.3667763157894737,0.3686388547142378,0.3642450619350519,0.3318785233678851,0.336970358246954,0.3311511183851609,245.4926250000135
18,Rolling 10 fair,rolling10_fair,518,120,15023,5496,0.36583904679491447,0.4087183308494784,0.35564177174264466,9527,17072.29119412876,31706.552548488027,31845.145978814806,35396,0.3687642647538311,0.36717616869351777,0.35883728700300704,0.3316957787481805,0.337882096069869,0.3304221251819505,249.47945899999468
18,Rolling 10 fair,rolling10_fair,519,120,14890,5490,0.3687038280725319,0.42266047950502705,0.3532626165220186,9400,16815.749448409628,31522.897728137767,31659.52029238388,35238,0.37820934825543123,0.36733543733092877,0.36308724832214767,0.331511839708561,0.33734061930783243,0.33114754098360655,217.38679100001173
18,Rolling 10 fair,rolling10_fair,520,120,15146,5501,0.36319820414630927,0.41688754259750094,0.35347043701799485,9645,17055.201920235195,31799.82926464817,31935.82923953561,35579,0.3599737962659679,0.36541419468248737,0.3597459043798061,0.33066715142701325,0.3390292674059262,0.33030358116706054,236.19133400000283
18,Rolling 10 fair,rolling10_fair,521,120,15092,5498,0.36429896633978265,0.40621531631520535,0.3639973527465255,9594,17138.616411888954,31875.787055841705,32015.82564336171,35659,0.3707070707070707,0.36641389163644356,0.3516374462454515,0.3310294652600946,0.3381229538013823,0.3308475809385231,204.01162499999919
18,Rolling 10 fair,rolling10_fair,522,120,14972,5496,0.3670852257547422,0.40449852507374634,0.3590582079790713,9476,17252.813011433493,32026.005938436014,32173.414945268134,35875,0.3567937438905181,0.3638479441427463,0.38819444444444445,0.3289665211062591,0.3397016011644833,0.33133187772925765,218.00866700000188
18,Rolling 10 fair,rolling10_fair,523,120,15011,5501,0.3664645926320698,0.41300263059000375,0.3627386438446346,9510,17096.630159721462,31758.912064706634,31899.90576131172,35560,0.3665024630541872,0.36350510884051535,0.37542201215395005,0.33030358116706054,0.33884748227594985,0.33084893655698966,225.68300000000454
18,Rolling 10 fair,rolling10_fair,524,120,14954,5501,0.36786144175471447,0.41139003372049454,0.3663003663003663,9453,17113.667936240654,31765.684542623894,31898.20970724258,35484,0.36772665764546686,0.3614404432132964,0.3874873864783047,0.3301217960370842,0.3377567714960916,0.33212143246682424,205.26912500000617
18,Rolling 10 fair,rolling10_fair,525,120,15123,5495,0.36335383191165777,0.4189240747806181,0.34968152866242036,9628,16959.3431727374,31483.466706360414,31617.064309549376,35192,0.3547860176412937,0.3631818686812576,0.37242731133616463,0.3304822565969063,0.33739763421292085,0.3321201091901729,220.02329199999804
18,Rolling 10 fair,rolling10_fair,526,120,15150,5501,0.36310231023102313,0.41145638337701235,0.35127388535031845,9649,17195.050193478317,31984.813480103734,32117.32301334672,35716,0.3643134715025907,0.36701599558742415,0.3500166833500167,0.33193964733684783,0.33739320123613886,0.33066715142701325,229.8912910000072
18,Rolling 10 fair,rolling10_fair,527,120,14897,5506,0.3696046183795395,0.40809506126995915,0.3735593220338983,9391,17202.807379605867,32026.377671627488,32167.4892049366,35854,0.36514945652173914,0.367945572161499,0.3789755607633077,0.3303668725027243,0.3390846349436978,0.33054849255357793,209.1968329999945
18,Rolling 10 fair,rolling10_fair,528,120,15067,5496,0.36477069091391784,0.4144314318095958,0.3475783475783476,9571,17009.648244590935,31634.018171142503,31763.570301694006,35258,0.37421694691724366,0.36326987681970885,0.3598582474226804,0.3309679767103348,0.33770014556040756,0.33133187772925765,225.32774999999674
18,Rolling 10 fair,rolling10_fair,529,120,14874,5498,0.36963829501142936,0.40517560073937153,0.3722972972972973,9376,17071.098460646124,31607.013184339077,31738.505516755988,35167,0.3613274635963427,0.37061919157989026,0.3749163879598662,0.33139323390323755,0.3377591851582394,0.3308475809385231,199.86220800000592
18,Rolling 10 fair,rolling10_fair,530,120,15004,5500,0.36656891495601174,0.4087699739873653,0.3400309119010819,9504,17079.72947686825,31795.350729441874,31923.856178264086,35381,0.3734302709847984,0.3686045204093107,0.3539708265802269,0.3312727272727273,0.33836363636363637,0.33036363636363636,213.79383300000336
18,Rolling 30 throughput,rolling30_throughput,501,120,15018,5518,0.36742575575975495,0.41104065647146587,0.3560141889712996,9500,17122.38006417138,31874.028202612062,32066.9157448551,35555,0.37406905890318215,0.36428333148004005,0.37023770758710517,0.3260239217107648,0.3477709314969192,0.32620514679231605,425.45141700000386
18,Rolling 30 throughput,rolling30_throughput,502,120,14935,5520,0.3696016069635085,0.4254335260115607,0.3531669865642994,9415,16918.843305236904,31493.10292673265,31696.722566580964,35252,0.37568881685575367,0.36349331235247834,0.38164578394852694,0.32608695652173914,0.34782608695652173,0.32608695652173914,414.1321670000034
18,Rolling 30 throughput,rolling30_throughput,503,120,15156,5518,0.36408023225125363,0.41119402985074627,0.3471698113207547,9638,17102.33518376955,31862.90794680449,32059.250037359106,35756,0.3635765943458251,0.36203866432337434,0.3707641196013289,0.32620514679231605,0.3477709314969192,0.3260239217107648,418.90979099998367
18,Rolling 30 throughput,rolling30_throughput,504,120,14935,5519,0.36953465015065284,0.4127994011976048,0.3582089552238806,9416,17048.414661988994,31676.82069168733,31876.245241505745,35490,0.3723975822699799,0.3680008870162989,0.3713410483321988,0.3261460409494474,0.3477079181011053,0.3261460409494474,419.94337500000256
18,Rolling 30 throughput,rolling30_throughput,505,120,14696,5517,0.37540827436037016,0.4043334557473375,0.3642362256680963,9179,17134.896970526846,31784.156464650438,31974.700390327427,35478,0.37461617195496416,0.37474495579233735,0.3781855249745158,0.3260830161319558,0.34783396773608843,0.3260830161319558,410.4215839999961
18,Rolling 30 throughput,rolling30_throughput,506,120,14887,5518,0.3706589641969504,0.4049981624402793,0.35949202214262455,9369,17143.83345329133,31771.448374879295,31967.60715828772,35441,0.3754175016700067,0.3699113031612463,0.3681832849306228,0.3260239217107648,0.3477709314969192,0.32620514679231605,416.2399999999907
18,Rolling 30 throughput,rolling30_throughput,507,120,14932,5519,0.36960889365121885,0.39934829833454016,0.3553266816865143,9413,17194.80330794004,31681.057501757496,31886.584483362938,35315,0.36363636363636365,0.36863406408094435,0.37865055387714,0.3261460409494474,0.3477079181011053,0.3261460409494474,429.46275000000605
18,Rolling 30 throughput,rolling30_throughput,508,120,15103,5518,0.3653578759186917,0.3928698752228164,0.35498392282958197,9585,17449.34484959471,32048.687330150573,32244.948471986074,35699,0.36909871244635195,0.36309193745148055,0.3683349689237815,0.32620514679231605,0.3477709314969192,0.3260239217107648,413.23254100000486
18,Rolling 30 throughput,rolling30_throughput,509,120,15068,5519,0.36627289620387576,0.41528614457831325,0.3458646616541353,9549,17054.1176960089,31862.608436570194,32064.50609938279,35616,0.3532934131736527,0.36659675460867647,0.3782883782883783,0.3261460409494474,0.3477079181011053,0.3261460409494474,419.822542000009
18,Rolling 30 throughput,rolling30_throughput,510,120,15073,5520,0.3662177403303921,0.4039517014270033,0.3627998685507723,9553,17134.34387857118,31716.299475504955,31905.84150455728,35471,0.3705703678704016,0.36541634583654165,0.36435905929115603,0.32608695652173914,0.34782608695652173,0.32608695652173914,429.8354169999948
18,Rolling 30 throughput,rolling30_throughput,511,120,14783,5518,0.37326659000202933,0.41304347826086957,0.368,9265,16894.65449869304,31402.414384138156,31602.611301970042,35294,0.38766368022053754,0.37025745257452575,0.36826446280991737,0.3260239217107648,0.3477709314969192,0.32620514679231605,411.860250000027
18,Rolling 30 throughput,rolling30_throughput,512,120,14929,5520,0.36975015071337664,0.4254335260115607,0.35705045278137126,9409,16744.42944486925,31329.34070845613,31517.56054226786,35090,0.3644037988040802,0.3726482561337881,0.3660326993660327,0.32608695652173914,0.34782608695652173,0.32608695652173914,412.45516599999974
18,Rolling 30 throughput,rolling30_throughput,513,120,14926,5520,0.36982446737237035,0.4136380666916448,0.35984354628422427,9406,16831.879347620932,31196.196481520932,31383.873771188813,34985,0.36791480590862247,0.3727738201246661,0.3629165291982844,0.32608695652173914,0.34782608695652173,0.32608695652173914,421.4613749999844
18,Rolling 30 throughput,rolling30_throughput,514,120,14983,5520,0.368417539878529,0.40573318632855565,0.3686143572621035,9463,17272.266717349154,32206.227047613498,32406.324584656555,36076,0.37495881383855023,0.3671519057673075,0.3655476432689047,0.32608695652173914,0.34782608695652173,0.32608695652173914,423.2784169999941
18,Rolling 30 throughput,rolling30_throughput,515,120,14802,5519,0.37285501959194706,0.41559909570459685,0.3702213279678068,9283,16988.54921468369,31577.569413052057,31773.918775866943,35367,0.3865996649916248,0.36997077995055067,0.36759164097293595,0.3261460409494474,0.3477079181011053,0.3261460409494474,413.78087499999674
18,Rolling 30 throughput,rolling30_throughput,516,120,14879,5520,0.3709926742388601,0.41660377358490563,0.36184857423795475,9359,16959.28504796489,31556.915235714205,31757.59645391047,35162,0.36615384615384616,0.3750971898256137,0.3632666892578787,0.32608695652173914,0.34782608695652173,0.32608695652173914,416.75525000001653
18,Rolling 30 throughput,rolling30_throughput,517,120,14968,5520,0.36878674505611975,0.4200913242009132,0.359375,9448,16961.666874238443,31675.846297497712,31866.291550525963,35362,0.36973684210526314,0.36886254333967117,0.3675929025778373,0.32608695652173914,0.34782608695652173,0.32608695652173914,423.7290829999838
18,Rolling 30 throughput,rolling30_throughput,518,120,15023,5518,0.36730346801570923,0.4105812220566319,0.3569350145489816,9505,17032.32038589015,31637.735714401922,31834.00913039463,35368,0.3713726768829475,0.367845587414928,0.3615101904443702,0.32620514679231605,0.3477709314969192,0.3260239217107648,420.4494169999962
18,Rolling 30 throughput,rolling30_throughput,519,120,14890,5514,0.37031564808596373,0.4245939675174014,0.3548698167791707,9376,16773.442598554302,31442.264800829893,31639.858270958208,35204,0.380513495720869,0.3681244364292155,0.36644295302013424,0.3260790714544795,0.347841857091041,0.3260790714544795,419.198166999995
18,Rolling 30 throughput,rolling30_throughput,520,120,15146,5520,0.36445266076851973,0.41802347595607725,0.35475578406169667,9626,17015.9018245709,31736.520576740804,31926.136048735978,35546,0.36128398296757286,0.36662272028125686,0.36108324974924777,0.32608695652173914,0.34782608695652173,0.32608695652173914,437.51820800002315
18,Rolling 30 throughput,rolling30_throughput,521,120,15092,5520,0.3657566922873045,0.40843507214206437,0.36532097948378556,9572,17090.14507655774,31803.509089963045,31994.9998838593,35661,0.3747474747474748,0.36630398944939,0.3552762156797883,0.32608695652173914,0.34782608695652173,0.32608695652173914,426.00829100000556
18,Rolling 30 throughput,rolling30_throughput,522,120,14972,5519,0.36862142666310443,0.40671091445427726,0.36102027468933945,9453,17207.32205734293,31962.412994571285,32160.02079394254,35853,0.35907461713913325,0.3642912556799291,0.3923611111111111,0.3261460409494474,0.3477079181011053,0.3261460409494474,413.7246669999731
18,Rolling 30 throughput,rolling30_throughput,523,120,15011,5519,0.36766371327693026,0.41450582487786547,0.36339697169190255,9492,17059.20006073471,31700.286184654382,31897.354434275505,35569,0.3694581280788177,0.36339404709018214,0.3787981093855503,0.3261460409494474,0.3477079181011053,0.3261460409494474,419.9277920000022
18,Rolling 30 throughput,rolling30_throughput,524,120,14954,5519,0.36906513307476263,0.41326339452978644,0.3676323676323676,9435,17075.286681138467,31701.215218030127,31898.884130394625,35469,0.36941813261163736,0.36177285318559554,0.3908509922637067,0.3261460409494474,0.3477079181011053,0.3261460409494474,424.36283300002106
18,Rolling 30 throughput,rolling30_throughput,525,120,15123,5519,0.36494081862064404,0.4208317436093094,0.35159235668789807,9604,16904.801291973214,31401.070544879094,31595.696707144536,35167,0.3580529238810846,0.3637373625152761,0.3753675269519765,0.3261460409494474,0.3477079181011053,0.3261460409494474,416.68658300000243
18,Rolling 30 throughput,rolling30_throughput,526,120,15150,5519,0.3642904290429043,0.4129539498315238,0.35159235668789807,9631,17138.12128140624,31913.76401429793,32106.571553644728,35708,0.36625647668393785,0.36701599558742415,0.3540206873540207,0.3261460409494474,0.3477079181011053,0.3261460409494474,417.80979200001457
18,Rolling 30 throughput,rolling30_throughput,527,120,14897,5518,0.37041014969456937,0.409209060527293,0.3742372881355932,9379,17167.954535330853,31988.108539168225,32195.395947442357,35853,0.3671875,0.3680571046174437,0.38064948108470037,0.3260239217107648,0.3477709314969192,0.32620514679231605,418.1704590000154
18,Rolling 30 throughput,rolling30_throughput,528,120,15067,5519,0.36629720581403064,0.4166981488477522,0.34947768281101615,9548,16965.795426086224,31551.47890758468,31745.319635303385,35212,0.3768545994065282,0.364053751399776,0.36243556701030927,0.3261460409494474,0.3477079181011053,0.3261460409494474,413.0597499999858
18,Rolling 30 throughput,rolling30_throughput,529,120,14874,5519,0.37105015463224417,0.4077634011090573,0.372972972972973,9355,17016.98024417156,31527.601493767717,31717.64579394254,35145,0.36403657297663394,0.371291008845594,0.37725752508361204,0.3261460409494474,0.3477079181011053,0.3261460409494474,412.10745799998404
18,Rolling 30 throughput,rolling30_throughput,530,120,15004,5518,0.3677685950413223,0.40951319212188775,0.34126738794435857,9486,17052.10463343006,31727.100211830802,31925.445440974232,35376,0.37706543291473893,0.3686045204093107,0.3562398703403566,0.3260239217107648,0.3477709314969192,0.32620514679231605,419.1517079999903
